city_id,city_name,year,tier,tier_name,population_10k,area_km2,is_coastal,is_capital,has_port,gdp_billion,gdp_per_capita_10k,gdp_per_km2,avg_wage,employment_rate,patents,n_firms,firm_entry_rate,firm_exit_rate,infrastructure_index,edu_expenditure_ratio,doctors_per_1000,disposable_income
0,城市_000,2020,2,大城市,243.89,197.6,0,0,0,212.13,8697.75,107.35,105096.8,0.931,8,6439,0.126,0.064,100.0,0.054,1.09,59056.0
1,城市_001,2020,1,中等城市,129.25,232.4,0,0,0,113.98,8818.85,49.04,51913.6,0.891,3,4457,0.128,0.044,100.0,0.061,1.44,33799.7
2,城市_002,2020,3,特大城市,283.64,353.0,0,0,0,255.22,8998.21,72.3,103411.4,0.905,10,9513,0.11,0.044,100.0,0.058,0.5,62674.5
3,城市_003,2020,3,特大城市,680.64,344.8,1,0,0,546.09,8023.21,158.37,275860.7,0.919,26,31637,0.123,0.07,100.0,0.05,1.84,179021.3
4,城市_004,2020,1,中等城市,117.43,50.0,1,0,0,110.86,9440.36,221.72,49265.0,0.888,6,6400,0.091,0.032,100.0,0.054,1.18,28475.6
5,城市_005,2020,1,中等城市,117.43,70.1,1,0,0,88.66,7549.58,126.49,45219.2,0.916,3,6566,0.097,0.032,100.0,0.049,0.74,29597.8
6,城市_006,2020,3,特大城市,719.97,224.1,1,0,1,557.61,7744.87,248.84,361313.9,0.917,53,22375,0.132,0.083,100.0,0.054,1.73,225190.6
7,城市_007,2020,3,特大城市,319.72,223.9,0,0,0,269.98,8444.36,120.6,132065.6,0.917,21,11046,0.133,0.036,100.0,0.049,1.2,81430.5
8,城市_008,2020,1,中等城市,92.81,224.1,1,0,0,92.26,9940.98,41.17,35461.3,0.885,3,2060,0.1,0.066,100.0,0.059,1.3,21525.8
9,城市_009,2020,3,特大城市,255.33,3236.3,1,0,0,255.26,9997.27,7.89,98591.6,0.898,8,7375,0.098,0.066,100.0,0.056,1.33,58419.9
10,城市_010,2020,1,中等城市,93.37,234.3,1,0,0,70.38,7537.36,30.03,35520.9,0.917,3,4588,0.103,0.03,100.0,0.062,0.5,22591.9
11,城市_011,2020,1,中等城市,93.16,368.1,0,0,1,70.19,7534.89,19.07,34633.2,0.895,2,5564,0.115,0.039,100.0,0.057,0.5,20925.8
12,城市_012,2020,2,大城市,189.04,318.4,0,0,0,153.74,8132.54,48.29,78002.1,0.94,5,4802,0.076,0.079,100.0,0.056,1.01,42198.2
13,城市_013,2020,0,小城市,21.91,249.9,0,0,0,20.49,9353.92,8.2,8278.1,0.893,0,674,0.055,0.031,100.0,0.063,1.27,4689.4
14,城市_014,2020,0,小城市,26.45,115.3,1,0,0,19.56,7394.87,16.96,8775.7,0.905,0,965,0.09,0.041,100.0,0.061,0.5,5216.5
15,城市_015,2020,1,中等城市,84.58,272.4,0,0,0,70.93,8386.23,26.04,28477.9,0.921,3,3384,0.078,0.062,100.0,0.061,0.89,17351.6
16,城市_016,2020,0,小城市,53.9,80.0,0,0,0,47.24,8764.17,59.07,17041.6,0.873,1,1555,0.091,0.067,100.0,0.062,0.83,10196.0
17,城市_017,2020,2,大城市,203.21,122.8,0,0,0,181.09,8911.21,147.47,82816.4,0.87,8,8489,0.103,0.051,100.0,0.05,2.03,52718.4
18,城市_018,2020,0,小城市,59.86,100.7,0,0,0,43.7,7300.65,43.42,20172.7,0.871,1,1910,0.093,0.04,100.0,0.063,0.91,10922.9
19,城市_019,2020,0,小城市,36.15,158.5,0,0,0,25.31,7000.14,15.97,10923.1,0.926,0,1324,0.13,0.079,100.0,0.063,1.25,6600.9
20,城市_020,2020,3,特大城市,642.68,945.5,0,0,0,614.78,9565.8,65.02,274800.3,0.907,38,27853,0.124,0.103,100.0,0.048,2.14,149892.7
21,城市_021,2020,1,中等城市,118.42,50.0,0,0,1,95.82,8091.59,191.64,55058.8,0.954,3,4364,0.109,0.073,100.0,0.057,0.5,34290.2
22,城市_022,2020,2,大城市,158.78,257.0,0,0,1,148.47,9350.88,57.78,61340.9,0.893,7,5124,0.117,0.056,100.0,0.058,1.65,36630.7
23,城市_023,2020,0,小城市,35.7,50.0,1,0,0,25.91,7256.56,51.82,13696.2,0.905,0,1270,0.078,0.035,100.0,0.059,1.17,8390.2
24,城市_024,2020,1,中等城市,86.11,101.7,0,0,0,75.7,8791.69,74.41,32491.3,0.933,2,3084,0.123,0.036,100.0,0.061,1.4,18652.7
25,城市_025,2020,2,大城市,165.82,354.7,1,0,0,137.96,8319.85,38.9,63725.5,0.945,10,5459,0.103,0.065,100.0,0.065,3.24,40681.3
26,城市_026,2020,0,小城市,46.95,156.2,0,0,0,35.17,7491.97,22.51,18375.3,0.943,0,1598,0.115,0.06,100.0,0.065,0.5,11599.5
27,城市_027,2020,2,大城市,216.09,62.7,0,0,1,138.54,6411.09,221.08,82871.2,0.93,6,12841,0.085,0.084,100.0,0.051,2.22,51173.5
28,城市_028,2020,1,中等城市,81.4,83.7,1,0,0,73.14,8985.59,87.34,31085.7,0.923,2,3543,0.071,0.065,100.0,0.062,0.99,18530.6
29,城市_029,2020,1,中等城市,110.86,255.6,0,0,0,94.38,8513.54,36.92,43184.6,0.915,3,3732,0.119,0.03,100.0,0.065,1.33,26662.0
30,城市_030,2020,1,中等城市,81.31,82.7,0,0,0,73.96,9095.37,89.38,28811.9,0.918,2,3686,0.11,0.073,100.0,0.061,1.11,16676.1
31,城市_031,2020,3,特大城市,946.03,176.5,0,0,0,616.23,6513.86,349.19,432803.0,0.915,60,31486,0.108,0.056,100.0,0.055,2.36,270790.4
32,城市_032,2020,1,中等城市,146.42,153.9,1,0,0,166.54,11373.86,108.2,55581.9,0.888,6,7658,0.087,0.046,100.0,0.068,0.96,36099.6
33,城市_033,2020,0,小城市,51.54,88.1,0,0,0,37.72,7320.02,42.81,17724.9,0.901,1,2118,0.124,0.056,100.0,0.065,1.25,11204.2
34,城市_034,2020,3,特大城市,337.83,824.8,1,0,0,361.23,10692.74,43.8,141545.3,0.906,16,12034,0.086,0.099,100.0,0.058,0.8,81829.1
35,城市_035,2020,0,小城市,43.78,246.4,0,0,0,27.54,6289.78,11.17,14765.1,0.892,1,1842,0.134,0.113,100.0,0.065,1.45,9019.1
36,城市_036,2020,2,大城市,182.89,50.0,0,0,0,170.53,9324.62,341.07,71349.4,0.919,8,4199,0.087,0.067,100.0,0.059,1.1,40041.7
37,城市_037,2020,0,小城市,20.91,172.3,0,0,0,12.17,5821.39,7.07,7298.3,0.92,0,548,0.113,0.047,100.0,0.06,0.5,4504.3
38,城市_038,2020,0,小城市,39.32,87.4,0,0,0,26.04,6622.0,29.79,15460.7,0.903,0,1011,0.095,0.062,100.0,0.058,0.84,9485.4
39,城市_039,2020,2,大城市,180.7,293.5,0,0,0,204.57,11320.58,69.69,73018.1,0.935,4,6939,0.117,0.073,100.0,0.066,1.93,39714.9
40,城市_040,2020,3,特大城市,310.59,78.7,0,0,0,270.98,8724.71,344.2,123892.6,0.886,18,19213,0.098,0.052,100.0,0.052,1.25,70017.5
41,城市_041,2020,2,大城市,176.16,135.4,0,0,0,154.21,8754.19,113.89,73067.6,0.901,6,12656,0.102,0.091,100.0,0.066,1.47,43219.9
42,城市_042,2020,1,中等城市,132.2,222.3,1,0,0,123.95,9375.99,55.76,56588.9,0.889,2,5889,0.104,0.058,100.0,0.061,0.85,33442.6
43,城市_043,2020,1,中等城市,109.83,296.7,0,0,0,95.53,8697.87,32.2,43575.4,0.866,4,4695,0.083,0.063,100.0,0.052,1.56,24564.1
44,城市_044,2020,0,小城市,33.83,56.8,0,0,0,24.78,7324.26,43.62,12114.6,0.899,0,725,0.116,0.064,100.0,0.061,1.4,7410.1
45,城市_045,2020,0,小城市,72.25,113.6,1,0,1,59.05,8172.36,51.99,24173.2,0.9,2,2258,0.092,0.06,100.0,0.049,2.04,14686.3
46,城市_046,2020,1,中等城市,93.63,101.5,0,0,0,106.67,11392.61,105.1,32367.3,0.933,3,2719,0.098,0.069,100.0,0.062,1.07,19231.7
47,城市_047,2020,3,特大城市,427.14,88.0,0,0,0,392.74,9194.65,446.3,169285.7,0.924,20,13043,0.092,0.049,100.0,0.06,2.04,97733.1
48,城市_048,2020,2,大城市,209.27,609.3,1,0,0,185.99,8887.55,30.52,78105.9,0.885,9,7319,0.055,0.045,100.0,0.055,1.4,49320.8
49,城市_049,2020,0,小城市,25.46,205.2,1,0,0,20.73,8143.39,10.1,8845.2,0.938,0,812,0.097,0.03,100.0,0.06,1.69,5746.4
50,城市_050,2020,2,大城市,205.22,54.1,0,0,0,208.48,10158.63,385.18,80708.8,0.93,9,4169,0.154,0.064,100.0,0.068,0.98,47254.4
51,城市_051,2020,1,中等城市,100.98,309.3,1,0,0,96.6,9565.99,31.23,39807.9,0.914,2,4649,0.118,0.068,100.0,0.056,1.54,23153.7
52,城市_052,2020,1,中等城市,75.42,810.6,0,0,0,64.5,8552.31,7.96,27927.7,0.898,2,2011,0.102,0.061,100.0,0.054,1.03,17168.2
53,城市_053,2020,3,特大城市,273.6,339.0,0,0,0,204.28,7466.14,60.26,112979.6,0.888,13,10814,0.102,0.091,100.0,0.064,1.42,66574.3
54,城市_054,2020,3,特大城市,416.13,50.0,0,0,0,491.78,11817.89,983.56,169649.5,0.904,14,28520,0.112,0.061,100.0,0.065,1.74,101080.3
55,城市_055,2020,3,特大城市,376.64,100.7,1,0,0,290.37,7709.68,288.22,129779.1,0.932,22,10515,0.121,0.074,100.0,0.056,1.75,80747.2
56,城市_056,2020,0,小城市,64.12,408.9,0,0,0,51.29,7998.33,12.54,21970.5,0.939,1,1104,0.078,0.03,100.0,0.064,1.05,11923.8
57,城市_057,2020,1,中等城市,108.94,84.3,0,0,0,78.49,7204.87,93.16,40846.7,0.934,4,3678,0.125,0.045,100.0,0.066,1.29,26123.5
58,城市_058,2020,2,大城市,206.7,211.7,0,0,0,176.32,8530.14,83.3,73484.8,0.896,8,10580,0.12,0.07,100.0,0.054,2.13,44251.1
59,城市_059,2020,3,特大城市,393.68,275.8,0,0,0,380.4,9662.55,137.92,167058.5,0.888,30,26061,0.125,0.078,100.0,0.053,2.15,98172.8
60,城市_060,2020,1,中等城市,91.91,70.7,0,0,0,76.48,8320.86,108.17,39070.0,0.905,2,2338,0.111,0.047,100.0,0.065,1.59,23337.4
61,城市_061,2020,1,中等城市,123.27,141.5,0,0,0,107.29,8704.05,75.82,51862.0,0.868,3,5263,0.104,0.052,100.0,0.067,0.98,31058.7
62,城市_062,2020,0,小城市,49.09,50.0,0,0,0,46.51,9474.92,93.03,17589.5,0.908,1,1570,0.115,0.03,100.0,0.062,0.64,9640.2
63,城市_063,2020,0,小城市,44.87,65.4,0,0,0,35.4,7888.89,54.13,18343.4,0.898,1,1599,0.113,0.044,100.0,0.055,1.55,11828.7
64,城市_064,2020,3,特大城市,334.46,121.3,0,0,0,291.67,8720.63,240.53,135785.0,0.9,18,27200,0.102,0.077,100.0,0.066,1.99,81639.3
65,城市_065,2020,3,特大城市,576.08,54.7,0,0,0,636.54,11049.53,1163.79,231160.5,0.884,17,13501,0.104,0.077,100.0,0.051,2.69,141768.4
66,城市_066,2020,1,中等城市,138.1,547.8,0,0,0,136.44,9880.01,24.91,50468.2,0.914,3,5482,0.106,0.064,100.0,0.057,0.93,31721.6
67,城市_067,2020,3,特大城市,404.86,50.0,0,0,0,310.63,7672.61,621.26,160058.5,0.901,13,17137,0.142,0.062,100.0,0.057,1.56,91131.7
68,城市_068,2020,2,大城市,213.07,104.4,1,0,0,201.34,9449.24,192.9,81019.6,0.882,10,10856,0.081,0.056,100.0,0.065,0.53,49762.6
69,城市_069,2020,1,中等城市,77.86,164.8,0,0,0,67.43,8660.84,40.92,29438.0,0.845,3,2949,0.073,0.039,100.0,0.063,0.93,17426.4
70,城市_070,2020,2,大城市,213.02,470.1,0,0,1,176.0,8261.99,37.44,84634.2,0.905,7,8595,0.109,0.07,100.0,0.06,1.85,52930.5
71,城市_071,2020,3,特大城市,690.93,50.0,0,0,0,827.27,11973.23,1654.53,287496.1,0.955,33,22600,0.12,0.078,100.0,0.055,1.91,154150.6
72,城市_072,2020,1,中等城市,143.19,376.4,0,0,1,116.15,8111.44,30.86,57017.9,0.937,5,5710,0.107,0.064,100.0,0.059,1.56,34041.2
73,城市_073,2020,3,特大城市,709.56,149.6,0,0,0,706.22,9952.94,471.97,325107.1,0.91,51,23549,0.125,0.059,100.0,0.055,2.08,189184.8
74,城市_074,2020,0,小城市,20.09,67.7,0,0,0,13.29,6615.91,19.63,7553.4,0.889,0,890,0.096,0.03,100.0,0.047,1.2,4630.0
75,城市_075,2020,3,特大城市,337.61,214.8,0,0,0,306.41,9075.78,142.65,120329.4,0.919,15,11116,0.139,0.081,100.0,0.055,0.99,73894.4
76,城市_076,2020,2,大城市,161.91,174.0,0,0,1,115.39,7126.89,66.3,51065.7,0.885,7,6669,0.072,0.045,100.0,0.059,1.31,29555.4
77,城市_077,2020,1,中等城市,110.06,91.8,0,0,0,71.62,6507.34,78.0,45006.9,0.909,4,4013,0.086,0.036,100.0,0.053,0.5,26042.5
78,城市_078,2020,2,大城市,162.68,156.9,0,0,0,173.67,10675.73,110.66,56431.4,0.92,6,8389,0.102,0.068,100.0,0.06,1.18,33671.5
79,城市_079,2020,0,小城市,20.34,109.0,0,0,0,12.18,5987.43,11.17,6966.4,0.925,0,736,0.068,0.043,100.0,0.059,0.5,3992.4
80,城市_080,2020,1,中等城市,119.14,162.5,0,0,0,83.6,7016.91,51.44,41337.2,0.901,1,2574,0.1,0.074,100.0,0.067,1.8,25846.5
81,城市_081,2020,2,大城市,212.11,252.1,0,0,0,132.61,6251.71,52.61,72012.3,0.902,9,11394,0.139,0.068,100.0,0.066,1.74,42409.8
82,城市_082,2020,3,特大城市,650.6,527.9,0,0,0,572.29,8796.37,108.42,281781.8,0.9,27,18239,0.118,0.082,100.0,0.05,2.31,144495.0
83,城市_083,2020,1,中等城市,88.39,55.1,0,0,0,57.24,6476.05,103.82,35253.9,0.886,1,2672,0.107,0.03,100.0,0.058,1.91,20755.9
84,城市_084,2020,0,小城市,66.12,817.6,0,1,0,64.86,9808.74,7.93,23359.1,0.897,2,2034,0.077,0.076,100.0,0.059,0.64,13287.7
85,城市_085,2020,1,中等城市,89.86,50.0,1,0,1,82.71,9204.86,165.43,27437.2,0.91,4,4992,0.09,0.058,100.0,0.057,2.02,15119.6
86,城市_086,2020,3,特大城市,370.7,131.4,0,0,1,305.64,8244.83,232.53,143093.7,0.929,15,7185,0.103,0.053,100.0,0.057,2.08,80544.2
87,城市_087,2020,2,大城市,206.18,237.6,0,0,0,248.89,12071.36,104.74,83309.3,0.89,10,19443,0.099,0.059,100.0,0.054,1.22,50259.0
88,城市_088,2020,1,中等城市,87.38,185.8,1,0,0,79.86,9140.06,42.98,29121.2,0.932,4,4412,0.128,0.03,100.0,0.053,1.71,18633.5
89,城市_089,2020,3,特大城市,247.96,90.2,1,0,1,207.21,8356.72,229.77,99447.2,0.901,14,9753,0.118,0.065,100.0,0.06,0.86,60602.7
90,城市_090,2020,2,大城市,163.54,125.7,0,0,0,94.53,5780.15,75.23,63227.2,0.904,9,5918,0.082,0.034,100.0,0.061,0.86,36785.9
91,城市_091,2020,3,特大城市,390.98,100.0,0,0,0,506.71,12960.17,506.49,165578.9,0.896,21,15669,0.116,0.034,100.0,0.052,1.34,101612.0
92,城市_092,2020,1,中等城市,73.55,92.6,1,0,1,46.28,6292.72,49.97,27617.2,0.854,2,3163,0.112,0.03,100.0,0.064,0.86,16189.9
93,城市_093,2020,1,中等城市,106.95,292.9,1,0,0,67.29,6291.54,22.98,37492.3,0.921,2,4774,0.126,0.075,100.0,0.056,0.65,21714.1
94,城市_094,2020,1,中等城市,100.27,197.5,0,0,0,93.52,9326.21,47.36,41680.7,0.918,2,4357,0.134,0.04,100.0,0.06,1.78,23565.0
95,城市_095,2020,0,小城市,34.35,85.3,0,0,0,35.52,10341.06,41.66,12141.8,0.895,0,1297,0.081,0.082,100.0,0.064,0.93,6647.0
96,城市_096,2020,2,大城市,199.56,304.8,0,0,1,210.78,10562.22,69.15,77848.8,0.907,14,6919,0.089,0.045,100.0,0.058,1.51,45798.7
97,城市_097,2020,2,大城市,192.68,189.8,0,0,1,179.31,9305.93,94.49,69788.8,0.916,6,6773,0.08,0.03,100.0,0.06,1.03,42204.2
98,城市_098,2020,2,大城市,149.17,284.4,0,0,1,135.87,9108.18,47.78,55475.1,0.873,5,5176,0.099,0.032,100.0,0.056,0.5,33124.2
99,城市_099,2020,1,中等城市,117.38,245.6,0,0,0,108.46,9239.82,44.16,41634.4,0.893,4,6067,0.113,0.078,100.0,0.058,1.33,24461.1
100,城市_100,2020,0,小城市,36.04,76.5,0,0,1,29.11,8076.1,38.07,12756.6,0.917,0,1584,0.121,0.048,100.0,0.059,0.5,7292.1
101,城市_101,2020,1,中等城市,97.45,94.8,1,0,0,81.08,8320.4,85.52,42152.2,0.878,5,1483,0.101,0.042,100.0,0.055,1.13,26060.5
102,城市_102,2020,1,中等城市,105.35,269.8,0,0,0,86.04,8167.08,31.89,35745.5,0.909,2,4718,0.097,0.056,100.0,0.058,0.5,20034.9
103,城市_103,2020,0,小城市,66.53,241.8,0,0,0,50.57,7600.52,20.91,21640.2,0.875,2,2594,0.105,0.062,100.0,0.052,2.1,13487.9
104,城市_104,2020,1,中等城市,126.31,146.0,1,0,0,92.39,7314.74,63.3,54291.7,0.913,3,4620,0.087,0.076,100.0,0.056,1.67,30942.6
105,城市_105,2020,2,大城市,222.31,163.0,1,0,0,184.94,8319.06,113.45,85930.1,0.905,5,7278,0.148,0.085,100.0,0.056,1.42,49618.4
106,城市_106,2020,3,特大城市,978.66,412.5,0,0,0,766.23,7829.4,185.77,392680.6,0.895,45,50442,0.095,0.07,100.0,0.048,3.26,218329.0
107,城市_107,2020,2,大城市,176.72,92.5,0,0,0,147.6,8351.94,159.64,74628.8,0.928,6,8638,0.109,0.03,100.0,0.057,0.87,43654.7
108,城市_108,2020,2,大城市,192.01,229.9,0,0,0,141.51,7370.01,61.55,71379.2,0.891,6,5601,0.146,0.047,100.0,0.058,1.59,44916.0
109,城市_109,2020,1,中等城市,137.77,126.2,0,0,0,96.47,7002.77,76.42,61187.3,0.888,3,5726,0.104,0.059,100.0,0.061,1.33,37658.9
110,城市_110,2020,0,小城市,21.79,124.7,0,0,0,15.32,7033.66,12.29,8049.0,0.905,0,598,0.097,0.031,100.0,0.064,1.17,5065.7
111,城市_111,2020,1,中等城市,144.53,357.5,0,0,0,147.88,10232.14,41.37,53471.8,0.927,4,3514,0.097,0.035,100.0,0.055,1.88,32920.7
112,城市_112,2020,2,大城市,157.63,287.2,0,0,0,151.56,9615.04,52.76,72374.5,0.884,3,4804,0.101,0.061,100.0,0.052,1.63,41028.4
113,城市_113,2020,3,特大城市,1742.79,284.5,0,0,0,1474.05,8458.01,518.08,723408.6,0.949,141,83044,0.176,0.097,100.0,0.036,4.04,426866.3
114,城市_114,2020,1,中等城市,122.44,421.7,0,0,0,86.18,7038.34,20.43,49571.5,0.912,4,5995,0.059,0.054,100.0,0.056,0.5,28582.6
115,城市_115,2020,2,大城市,200.65,150.9,0,0,0,198.4,9887.9,131.45,80366.3,0.919,4,8609,0.136,0.04,100.0,0.056,0.85,51427.8
116,城市_116,2020,1,中等城市,143.35,256.1,0,0,0,102.64,7160.1,40.08,61173.8,0.907,4,6555,0.075,0.049,100.0,0.055,1.18,34507.9
117,城市_117,2020,0,小城市,46.12,115.8,0,1,0,32.96,7145.89,28.46,18988.5,0.894,0,1980,0.096,0.033,100.0,0.053,1.12,11902.2
118,城市_118,2020,3,特大城市,465.37,192.4,0,0,1,472.84,10160.56,245.82,190290.4,0.896,23,14122,0.104,0.081,100.0,0.053,1.21,119271.9
119,城市_119,2020,3,特大城市,314.8,133.7,1,0,0,244.75,7774.77,183.01,118543.9,0.91,19,13182,0.12,0.079,100.0,0.057,2.73,77633.1
120,城市_120,2020,3,特大城市,327.35,160.4,0,0,0,300.18,9169.93,187.16,136102.5,0.888,7,15310,0.077,0.03,100.0,0.059,2.3,79988.7
121,城市_121,2020,0,小城市,59.78,238.9,0,1,0,37.14,6212.58,15.54,20841.6,0.843,1,2757,0.111,0.033,100.0,0.057,1.4,12950.4
122,城市_122,2020,3,特大城市,603.53,77.1,1,0,1,529.81,8778.61,686.96,292958.9,0.925,28,31717,0.157,0.037,100.0,0.051,2.04,195828.2
123,城市_123,2020,0,小城市,36.53,791.5,0,0,0,27.66,7571.69,3.49,13263.4,0.919,1,1662,0.074,0.038,100.0,0.055,0.95,7712.3
124,城市_124,2020,3,特大城市,266.9,66.4,0,0,1,185.79,6961.17,279.95,102822.2,0.86,11,10910,0.111,0.056,100.0,0.057,0.97,56958.2
125,城市_125,2020,3,特大城市,1326.71,56.2,0,0,0,1475.58,11122.12,2626.29,578697.6,0.916,63,67283,0.123,0.058,100.0,0.041,3.24,314579.8
126,城市_126,2020,0,小城市,55.12,374.8,0,0,1,41.36,7504.16,11.03,18141.4,0.914,1,2011,0.11,0.033,100.0,0.062,1.22,11272.7
127,城市_127,2020,1,中等城市,84.24,279.6,1,0,0,71.93,8538.19,25.73,29185.9,0.943,2,2378,0.103,0.032,100.0,0.05,0.52,15862.7
128,城市_128,2020,2,大城市,163.96,244.5,0,0,1,142.63,8698.84,58.33,69874.0,0.905,8,5743,0.092,0.059,100.0,0.056,1.44,41144.0
129,城市_129,2020,1,中等城市,89.7,245.3,0,0,0,87.06,9705.61,35.49,31970.9,0.888,2,2639,0.112,0.054,100.0,0.061,1.07,19602.0
130,城市_130,2020,0,小城市,31.48,147.0,0,0,0,22.8,7243.13,15.51,10319.9,0.897,1,945,0.137,0.036,100.0,0.061,0.5,6249.3
131,城市_131,2020,2,大城市,158.95,72.4,0,0,0,124.96,7861.84,172.6,64132.5,0.932,5,5599,0.101,0.058,100.0,0.072,0.83,39298.0
132,城市_132,2020,0,小城市,51.3,157.7,0,0,0,39.04,7609.73,24.76,20603.6,0.888,1,1487,0.116,0.04,100.0,0.061,0.88,12499.5
133,城市_133,2020,2,大城市,238.31,86.3,0,0,0,225.93,9480.52,261.69,99565.5,0.891,5,7993,0.081,0.051,100.0,0.052,2.34,63559.2
134,城市_134,2020,0,小城市,59.18,323.8,0,0,1,45.19,7636.85,13.96,23578.0,0.892,0,1233,0.083,0.085,100.0,0.059,1.38,13473.2
135,城市_135,2020,3,特大城市,699.2,131.9,1,0,1,686.06,9812.14,519.98,273941.5,0.9,22,27421,0.129,0.096,100.0,0.043,1.49,158801.2
136,城市_136,2020,0,小城市,67.81,76.7,0,0,0,46.92,6918.83,61.19,22418.0,0.904,2,2495,0.132,0.03,100.0,0.059,1.36,12931.2
137,城市_137,2020,1,中等城市,107.55,114.8,0,0,0,78.45,7294.73,68.36,45969.1,0.935,4,3096,0.11,0.07,100.0,0.055,0.5,28726.4
138,城市_138,2020,3,特大城市,334.79,206.5,0,0,0,245.42,7330.37,118.84,130896.4,0.916,8,15009,0.103,0.075,100.0,0.061,2.1,82073.6
139,城市_139,2020,0,小城市,43.34,94.5,0,0,0,41.38,9547.95,43.77,15387.5,0.896,1,2112,0.101,0.03,100.0,0.057,0.84,9440.8
140,城市_140,2020,2,大城市,186.32,76.9,0,0,0,131.75,7071.41,171.38,80730.4,0.899,5,4231,0.08,0.072,100.0,0.057,1.26,51304.6
141,城市_141,2020,3,特大城市,548.48,180.4,0,0,0,470.31,8574.83,260.76,235809.8,0.884,27,16050,0.127,0.096,100.0,0.051,2.57,133152.1
142,城市_142,2020,0,小城市,29.74,180.5,0,0,0,18.87,6345.29,10.45,10964.3,0.918,1,868,0.118,0.03,100.0,0.068,0.5,7127.0
143,城市_143,2020,2,大城市,178.51,98.9,0,0,0,173.22,9703.72,175.09,82524.3,0.903,8,4953,0.096,0.037,100.0,0.056,0.6,53285.7
144,城市_144,2020,2,大城市,192.46,101.8,0,0,0,157.43,8180.09,154.62,71337.5,0.902,6,9080,0.096,0.076,100.0,0.067,1.03,44376.8
145,城市_145,2020,3,特大城市,324.35,178.7,1,0,0,352.69,10873.68,197.38,139933.7,0.973,10,11258,0.114,0.064,100.0,0.06,2.06,91440.2
146,城市_146,2020,0,小城市,43.08,50.0,0,0,0,28.58,6634.25,57.16,15670.7,0.907,0,1463,0.092,0.062,100.0,0.062,0.5,8623.6
147,城市_147,2020,0,小城市,39.63,50.0,0,0,0,30.07,7588.25,60.14,14600.2,0.886,0,799,0.1,0.058,100.0,0.061,0.5,8530.4
148,城市_148,2020,3,特大城市,250.12,83.5,0,0,1,193.78,7747.53,231.98,111758.8,0.898,9,11133,0.149,0.065,100.0,0.059,1.19,64590.0
149,城市_149,2020,2,大城市,199.73,125.1,1,0,0,236.49,11840.23,189.02,81327.8,0.928,5,5066,0.101,0.03,100.0,0.048,1.61,50557.0
150,城市_150,2020,2,大城市,190.66,190.3,0,0,0,136.29,7148.11,71.61,77642.0,0.908,6,7141,0.098,0.076,100.0,0.056,1.92,44139.1
151,城市_151,2020,2,大城市,209.86,483.1,0,0,0,189.64,9036.29,39.25,89621.8,0.877,8,8390,0.093,0.079,100.0,0.062,1.12,55809.7
152,城市_152,2020,1,中等城市,75.19,294.8,1,0,0,64.23,8543.25,21.79,27188.8,0.92,2,4160,0.117,0.047,100.0,0.059,0.92,17431.2
153,城市_153,2020,2,大城市,187.21,130.6,1,0,1,169.84,9072.04,130.06,68221.3,0.892,5,4650,0.102,0.054,100.0,0.051,1.89,42355.6
154,城市_154,2020,2,大城市,198.95,146.2,1,0,0,166.01,8343.96,113.57,71533.7,0.943,7,2958,0.093,0.03,100.0,0.058,0.5,43529.1
155,城市_155,2020,0,小城市,72.65,66.6,0,0,0,55.16,7592.04,82.88,23072.7,0.924,2,2824,0.128,0.062,100.0,0.068,0.93,13159.8
156,城市_156,2020,3,特大城市,958.89,146.2,0,0,0,972.15,10138.28,664.8,477988.7,0.918,38,60542,0.155,0.088,100.0,0.056,2.69,274649.6
157,城市_157,2020,2,大城市,238.37,117.8,0,0,1,203.76,8548.18,172.96,86081.5,0.932,14,12716,0.095,0.055,100.0,0.057,1.62,54876.0
158,城市_158,2020,0,小城市,45.09,192.1,1,0,1,38.42,8520.77,20.0,16078.1,0.903,1,1766,0.064,0.074,100.0,0.064,0.82,10022.8
159,城市_159,2020,3,特大城市,286.16,76.6,0,0,0,354.94,12403.58,463.55,111415.2,0.925,11,9083,0.128,0.051,100.0,0.055,1.49,66718.7
160,城市_160,2020,0,小城市,56.0,224.9,0,0,0,38.83,6933.72,17.27,21056.4,0.911,1,2624,0.088,0.063,100.0,0.051,0.5,12369.8
161,城市_161,2020,3,特大城市,326.06,505.8,0,0,0,239.55,7346.69,47.36,139452.6,0.892,14,8957,0.125,0.039,100.0,0.052,1.21,75196.5
162,城市_162,2020,3,特大城市,472.76,136.0,1,0,1,437.2,9247.68,321.36,206725.2,0.9,29,20063,0.074,0.063,100.0,0.063,2.01,117394.0
163,城市_163,2020,0,小城市,65.32,204.7,0,0,0,73.66,11276.09,35.99,23050.0,0.922,2,2796,0.12,0.048,100.0,0.058,0.62,15151.7
164,城市_164,2020,3,特大城市,388.92,257.8,0,0,1,316.7,8142.94,122.85,155120.5,0.904,14,19665,0.087,0.065,100.0,0.054,1.67,87113.6
165,城市_165,2020,2,大城市,224.25,107.7,0,0,0,249.04,11105.15,231.31,90202.2,0.898,9,18879,0.121,0.049,100.0,0.056,1.6,54634.1
166,城市_166,2020,3,特大城市,337.67,177.6,0,0,0,393.24,11645.77,221.48,132859.9,0.89,10,13974,0.11,0.057,100.0,0.066,1.39,83731.4
167,城市_167,2020,3,特大城市,989.1,149.9,0,0,0,919.73,9298.68,613.5,476395.1,0.936,57,31234,0.108,0.094,100.0,0.057,2.73,267901.9
168,城市_168,2020,1,中等城市,116.12,160.5,0,0,0,102.7,8844.15,64.0,45954.3,0.944,3,4239,0.095,0.044,100.0,0.07,0.71,27827.2
169,城市_169,2020,0,小城市,69.84,80.0,0,0,0,68.75,9843.55,85.98,27478.2,0.881,1,1511,0.116,0.03,100.0,0.058,1.01,17260.1
170,城市_170,2020,0,小城市,60.98,151.4,0,0,0,43.8,7183.87,28.94,23690.3,0.902,1,1821,0.104,0.087,100.0,0.061,1.41,14223.1
171,城市_171,2020,0,小城市,65.64,221.1,0,0,0,48.78,7431.21,22.07,26663.7,0.93,1,2135,0.114,0.079,100.0,0.052,1.19,18292.7
172,城市_172,2020,1,中等城市,137.4,473.9,0,0,0,104.03,7570.97,21.95,53493.1,0.902,3,4319,0.143,0.03,100.0,0.066,0.93,29418.1
173,城市_173,2020,2,大城市,208.75,319.7,0,0,0,154.56,7404.01,48.34,73735.9,0.915,8,8038,0.074,0.07,100.0,0.052,1.46,46583.5
174,城市_174,2020,2,大城市,195.72,830.9,0,0,0,152.08,7769.99,18.3,78927.3,0.884,7,5625,0.138,0.045,100.0,0.059,1.68,46947.2
175,城市_175,2020,3,特大城市,339.4,80.3,0,0,1,255.91,7539.98,318.58,129342.1,0.918,10,17477,0.111,0.065,100.0,0.051,0.54,80600.5
176,城市_176,2020,2,大城市,150.36,298.2,0,0,1,126.0,8380.24,42.25,55555.9,0.9,7,5531,0.086,0.06,100.0,0.055,1.83,34069.1
177,城市_177,2020,3,特大城市,634.94,171.9,0,0,1,546.29,8603.79,317.87,275654.2,0.937,24,23293,0.091,0.063,100.0,0.049,1.89,159329.6
178,城市_178,2020,1,中等城市,113.9,855.6,0,0,1,95.61,8393.95,11.17,47808.3,0.927,4,3797,0.099,0.037,100.0,0.056,1.4,29013.4
179,城市_179,2020,3,特大城市,1808.04,77.7,1,0,0,1538.35,8508.4,1978.86,790550.0,0.98,134,69684,0.168,0.086,100.0,0.037,4.6,430267.1
180,城市_180,2020,3,特大城市,277.46,75.8,0,0,0,258.78,9326.76,341.35,113033.5,0.919,9,13073,0.105,0.039,100.0,0.054,0.77,69865.7
181,城市_181,2020,0,小城市,62.98,91.9,1,0,0,54.45,8645.48,59.26,26634.0,0.908,3,1786,0.132,0.035,100.0,0.063,0.75,16218.6
182,城市_182,2020,0,小城市,50.86,50.0,0,0,0,28.15,5535.3,56.31,18931.9,0.905,0,1535,0.072,0.05,100.0,0.054,0.94,11721.9
183,城市_183,2020,2,大城市,240.44,97.5,0,0,0,222.44,9251.25,228.25,116834.4,0.9,12,8074,0.106,0.042,100.0,0.058,1.01,73809.4
184,城市_184,2020,1,中等城市,118.69,80.9,1,0,0,116.13,9784.46,143.63,47305.8,0.91,5,2915,0.078,0.067,100.0,0.065,2.06,28905.2
185,城市_185,2020,3,特大城市,303.08,167.4,0,0,0,226.38,7469.44,135.25,105095.2,0.902,10,8720,0.116,0.088,100.0,0.054,1.07,63524.0
186,城市_186,2020,2,大城市,238.23,195.1,0,0,0,267.53,11230.06,137.14,99802.6,0.91,14,7597,0.124,0.045,100.0,0.054,1.12,57243.6
187,城市_187,2020,1,中等城市,137.99,665.8,0,0,0,121.44,8800.97,18.24,54600.9,0.93,4,6598,0.095,0.059,100.0,0.057,1.33,31593.9
188,城市_188,2020,0,小城市,63.64,317.5,0,0,0,43.73,6871.02,13.77,26051.5,0.882,1,2532,0.05,0.062,100.0,0.065,0.5,16558.4
189,城市_189,2020,0,小城市,32.63,93.5,1,0,0,23.08,7074.93,24.68,12296.2,0.924,0,1272,0.105,0.06,100.0,0.061,0.86,7907.6
190,城市_190,2020,1,中等城市,94.96,72.3,1,0,0,82.15,8650.72,113.57,35378.7,0.929,2,4509,0.111,0.054,100.0,0.056,1.32,20974.5
191,城市_191,2020,3,特大城市,349.46,220.0,1,0,1,321.18,9190.69,146.0,127396.2,0.907,19,12336,0.118,0.075,100.0,0.059,1.41,76613.5
192,城市_192,2020,2,大城市,183.85,51.6,0,0,0,169.63,9226.58,328.64,70393.7,0.863,8,7603,0.13,0.065,100.0,0.052,1.26,40325.8
193,城市_193,2020,0,小城市,42.7,642.4,1,0,0,27.27,6387.04,4.25,14439.4,0.889,0,1523,0.08,0.03,100.0,0.063,0.81,9171.7
194,城市_194,2020,2,大城市,176.48,381.3,1,0,1,153.41,8692.9,40.23,65459.1,0.931,9,7030,0.118,0.072,100.0,0.06,0.54,40582.2
195,城市_195,2020,2,大城市,218.18,102.0,0,0,1,152.84,7005.41,149.89,89810.0,0.906,5,6738,0.13,0.074,100.0,0.056,1.52,59116.2
196,城市_196,2020,0,小城市,61.32,50.0,0,0,1,45.89,7482.75,91.77,25830.8,0.882,2,1085,0.066,0.036,100.0,0.055,1.98,14817.9
197,城市_197,2020,2,大城市,173.08,438.4,1,0,0,127.83,7385.6,29.16,69339.3,0.895,8,6115,0.111,0.056,100.0,0.054,1.3,40817.3
198,城市_198,2020,2,大城市,157.31,135.4,0,0,0,118.0,7501.07,87.14,55228.3,0.921,4,8867,0.094,0.068,100.0,0.061,1.37,33520.5
199,城市_199,2020,0,小城市,47.32,399.5,1,0,0,42.21,8919.76,10.57,17840.6,0.912,1,2298,0.1,0.047,100.0,0.066,1.42,11050.4
0,城市_000,2021,2,大城市,248.24,197.6,0,0,0,214.87,8655.52,108.74,106538.2,0.879,11,8777,0.113,0.07,100.0,0.051,2.05,68766.5
1,城市_001,2021,1,中等城市,130.71,232.4,0,0,0,106.13,8120.13,45.66,53645.8,0.907,3,4109,0.129,0.03,100.0,0.057,2.51,32801.8
2,城市_002,2021,3,特大城市,291.81,353.0,0,0,0,262.37,8991.13,74.33,106111.0,0.886,7,7141,0.134,0.068,100.0,0.06,0.88,62478.0
3,城市_003,2021,3,特大城市,699.16,344.8,1,0,0,581.57,8318.11,168.66,310757.0,0.889,34,18603,0.13,0.048,100.0,0.045,2.49,181791.0
4,城市_004,2021,1,中等城市,118.7,50.0,1,0,0,86.76,7308.96,173.52,44984.1,0.888,3,2380,0.12,0.07,100.0,0.06,0.99,26761.2
5,城市_005,2021,1,中等城市,121.37,70.1,1,0,0,81.66,6727.71,116.51,46556.5,0.927,4,4331,0.114,0.034,100.0,0.059,1.59,30219.9
6,城市_006,2021,3,特大城市,742.8,224.1,1,0,1,844.05,11363.12,376.66,311945.0,0.939,34,22835,0.111,0.084,100.0,0.052,1.48,185451.6
7,城市_007,2021,3,特大城市,326.54,223.9,0,0,0,214.86,6579.92,95.98,129281.0,0.914,7,8988,0.124,0.081,100.0,0.062,0.9,77491.8
8,城市_008,2021,1,中等城市,94.74,224.1,1,0,0,89.59,9456.38,39.98,39253.0,0.872,2,3414,0.075,0.07,100.0,0.061,0.77,22983.8
9,城市_009,2021,3,特大城市,261.85,3236.3,1,0,0,284.43,10862.36,8.79,103079.3,0.903,9,10744,0.128,0.062,100.0,0.065,1.47,65246.1
10,城市_010,2021,1,中等城市,94.43,234.3,1,0,0,71.76,7598.85,30.62,32516.9,0.909,3,6509,0.079,0.048,100.0,0.054,0.83,21422.0
11,城市_011,2021,1,中等城市,95.05,368.1,0,0,1,51.18,5384.44,13.9,34696.2,0.906,2,2221,0.108,0.041,100.0,0.06,1.48,21286.8
12,城市_012,2021,2,大城市,188.75,318.4,0,0,0,152.57,8083.02,47.92,74647.9,0.868,11,9832,0.088,0.085,100.0,0.058,1.82,44974.1
13,城市_013,2021,0,小城市,22.54,249.9,0,0,0,15.33,6804.26,6.14,8716.3,0.883,0,1110,0.112,0.037,100.0,0.054,1.34,5239.4
14,城市_014,2021,0,小城市,26.56,115.3,1,0,0,15.95,6003.56,13.83,9852.3,0.899,0,773,0.1,0.03,100.0,0.064,1.85,5206.7
15,城市_015,2021,1,中等城市,87.54,272.4,0,0,0,63.94,7303.21,23.47,30683.9,0.913,2,3423,0.07,0.066,100.0,0.071,1.35,19096.3
16,城市_016,2021,0,小城市,54.8,80.0,0,0,0,51.86,9462.6,64.84,24502.1,0.858,1,1757,0.11,0.036,100.0,0.059,0.5,14799.9
17,城市_017,2021,2,大城市,206.85,122.8,0,0,0,196.85,9516.61,160.3,82746.4,0.902,8,8045,0.094,0.037,100.0,0.06,2.02,50711.2
18,城市_018,2021,0,小城市,60.68,100.7,0,0,0,40.15,6616.23,39.89,24752.9,0.905,2,3510,0.119,0.03,100.0,0.06,0.8,14323.4
19,城市_019,2021,0,小城市,36.77,158.5,0,0,0,20.9,5682.97,13.19,13050.1,0.918,0,1622,0.101,0.041,100.0,0.056,1.52,7679.5
20,城市_020,2021,3,特大城市,664.65,945.5,0,0,0,614.0,9237.86,64.94,287988.9,0.932,24,28481,0.126,0.066,100.0,0.044,2.87,169242.2
21,城市_021,2021,1,中等城市,117.84,50.0,0,0,1,92.82,7876.56,185.64,47989.6,0.915,5,3810,0.084,0.058,100.0,0.055,1.42,30264.6
22,城市_022,2021,2,大城市,163.98,257.0,0,0,1,148.6,9061.59,57.82,69982.4,0.888,5,3865,0.093,0.073,100.0,0.051,0.52,41194.2
23,城市_023,2021,0,小城市,36.54,50.0,1,0,0,24.34,6660.36,48.67,14280.5,0.863,0,1262,0.092,0.062,100.0,0.068,0.6,9460.6
24,城市_024,2021,1,中等城市,86.79,101.7,0,0,0,73.87,8511.7,72.61,34900.3,0.895,3,4585,0.119,0.049,100.0,0.058,1.8,21391.3
25,城市_025,2021,2,大城市,167.36,354.7,1,0,0,188.58,11267.97,53.17,63241.0,0.925,4,3893,0.138,0.051,100.0,0.056,1.19,35524.4
26,城市_026,2021,0,小城市,48.67,156.2,0,0,0,40.88,8398.43,26.16,16939.6,0.929,1,1304,0.085,0.062,100.0,0.064,1.12,10098.4
27,城市_027,2021,2,大城市,218.37,62.7,0,0,1,187.77,8598.74,299.64,88070.1,0.92,7,8343,0.127,0.081,100.0,0.052,1.74,51120.3
28,城市_028,2021,1,中等城市,82.09,83.7,1,0,0,62.6,7625.97,74.75,33077.7,0.911,2,2247,0.059,0.055,100.0,0.055,1.48,17669.1
29,城市_029,2021,1,中等城市,114.34,255.6,0,0,0,87.88,7685.5,34.38,42707.2,0.911,3,3316,0.079,0.044,100.0,0.059,1.33,27673.6
30,城市_030,2021,1,中等城市,83.21,82.7,0,0,0,77.97,9370.04,94.24,33910.4,0.891,1,2695,0.083,0.032,100.0,0.064,1.03,21061.5
31,城市_031,2021,3,特大城市,956.08,176.5,0,0,0,876.21,9164.62,496.51,454056.5,0.923,42,23349,0.099,0.047,100.0,0.052,2.41,279697.1
32,城市_032,2021,1,中等城市,149.67,153.9,1,0,0,125.58,8390.34,81.58,53601.1,0.937,7,4110,0.072,0.067,100.0,0.06,1.67,32426.6
33,城市_033,2021,0,小城市,52.04,88.1,0,0,0,39.24,7539.98,44.53,17790.4,0.883,1,2364,0.11,0.063,100.0,0.06,1.36,9936.6
34,城市_034,2021,3,特大城市,348.31,824.8,1,0,0,293.44,8424.84,35.58,138453.3,0.942,14,8656,0.105,0.071,100.0,0.058,1.44,81063.3
35,城市_035,2021,0,小城市,45.12,246.4,0,0,0,27.08,6002.15,10.99,16783.8,0.895,1,1027,0.109,0.049,100.0,0.061,1.61,10494.1
36,城市_036,2021,2,大城市,187.52,50.0,0,0,0,167.84,8950.76,335.68,70079.0,0.932,6,5710,0.119,0.083,100.0,0.053,1.24,39837.4
37,城市_037,2021,0,小城市,21.41,172.3,0,0,0,14.5,6771.9,8.41,8340.0,0.872,0,980,0.106,0.041,100.0,0.06,0.61,4370.5
38,城市_038,2021,0,小城市,40.8,87.4,0,0,0,32.1,7867.69,36.73,15243.1,0.913,0,1414,0.114,0.07,100.0,0.054,0.69,9042.0
39,城市_039,2021,2,大城市,184.32,293.5,0,0,0,144.83,7857.73,49.34,72000.8,0.89,7,5898,0.104,0.054,100.0,0.058,0.81,42894.3
40,城市_040,2021,3,特大城市,313.13,78.7,0,0,0,337.9,10791.04,429.2,111619.9,0.88,18,11673,0.085,0.046,100.0,0.054,1.38,67425.9
41,城市_041,2021,2,大城市,180.47,135.4,0,0,0,134.4,7447.44,99.27,63187.6,0.909,5,3932,0.126,0.067,100.0,0.071,1.91,39293.6
42,城市_042,2021,1,中等城市,137.61,222.3,1,0,0,146.99,10681.71,66.12,54007.7,0.924,7,5872,0.092,0.062,100.0,0.058,0.82,33437.7
43,城市_043,2021,1,中等城市,110.91,296.7,0,0,0,68.97,6218.82,23.25,35500.8,0.886,2,4577,0.084,0.06,100.0,0.052,1.28,21576.1
44,城市_044,2021,0,小城市,34.39,56.8,0,0,0,26.33,7656.09,46.34,13351.9,0.871,1,1118,0.097,0.053,100.0,0.059,0.73,8490.0
45,城市_045,2021,0,小城市,74.0,113.6,1,0,1,61.63,8329.17,54.27,27183.5,0.9,1,3681,0.084,0.051,100.0,0.062,0.99,15071.4
46,城市_046,2021,1,中等城市,95.45,101.5,0,0,0,67.43,7064.52,66.44,46620.6,0.901,2,2503,0.094,0.1,100.0,0.067,0.5,28678.1
47,城市_047,2021,3,特大城市,431.49,88.0,0,0,0,426.93,9894.27,485.15,210876.1,0.923,11,22265,0.119,0.085,100.0,0.052,1.59,130489.3
48,城市_048,2021,2,大城市,215.8,609.3,1,0,0,226.18,10480.86,37.12,83478.5,0.925,7,8315,0.113,0.07,100.0,0.05,1.26,46982.8
49,城市_049,2021,0,小城市,26.56,205.2,1,0,0,13.3,5009.81,6.48,9306.7,0.9,0,883,0.083,0.053,100.0,0.064,1.31,5164.4
50,城市_050,2021,2,大城市,209.73,54.1,0,0,0,195.07,9301.0,360.4,89012.0,0.943,6,7669,0.096,0.076,100.0,0.051,1.45,51415.3
51,城市_051,2021,1,中等城市,102.09,309.3,1,0,0,56.29,5513.95,18.2,44229.4,0.907,3,3636,0.124,0.063,100.0,0.057,0.57,25659.8
52,城市_052,2021,1,中等城市,75.76,810.6,0,0,0,50.96,6726.14,6.29,24752.9,0.895,2,4019,0.112,0.053,100.0,0.058,1.67,15411.2
53,城市_053,2021,3,特大城市,279.78,339.0,0,0,0,317.32,11341.65,93.61,96430.5,0.875,12,7451,0.149,0.052,100.0,0.057,1.56,56080.5
54,城市_054,2021,3,特大城市,429.05,50.0,0,0,0,364.83,8503.27,729.66,165821.0,0.906,21,12556,0.135,0.06,100.0,0.059,1.8,95232.6
55,城市_055,2021,3,特大城市,385.96,100.7,1,0,0,297.08,7697.08,294.87,163393.8,0.904,12,19376,0.133,0.03,100.0,0.052,1.63,95038.2
56,城市_056,2021,0,小城市,65.4,408.9,0,0,0,48.63,7434.75,11.89,25162.8,0.921,1,2012,0.074,0.056,100.0,0.058,0.85,15942.1
57,城市_057,2021,1,中等城市,110.48,84.3,0,0,0,121.72,11017.81,144.46,45679.3,0.912,6,5324,0.118,0.043,100.0,0.059,1.29,27425.4
58,城市_058,2021,2,大城市,208.58,211.7,0,0,0,136.61,6549.55,64.54,74244.8,0.882,6,12775,0.105,0.088,100.0,0.058,1.58,44147.6
59,城市_059,2021,3,特大城市,404.84,275.8,0,0,0,318.94,7878.19,115.64,136238.8,0.914,29,13202,0.1,0.061,100.0,0.056,0.79,81293.6
60,城市_060,2021,1,中等城市,94.59,70.7,0,0,0,94.17,9955.31,133.19,38156.4,0.916,2,4268,0.106,0.03,100.0,0.061,0.89,24372.8
61,城市_061,2021,1,中等城市,123.83,141.5,0,0,0,133.74,10800.78,94.51,44238.2,0.934,4,3222,0.122,0.052,100.0,0.063,1.07,25548.7
62,城市_062,2021,0,小城市,50.85,50.0,0,0,0,37.38,7349.81,74.75,15798.7,0.919,1,2346,0.111,0.03,100.0,0.061,1.21,10102.7
63,城市_063,2021,0,小城市,46.03,65.4,0,0,0,28.24,6135.92,43.18,16916.7,0.916,1,1797,0.084,0.061,100.0,0.062,1.67,10256.8
64,城市_064,2021,3,特大城市,345.83,121.3,0,0,0,429.87,12429.86,354.5,148077.5,0.911,14,14662,0.124,0.065,100.0,0.048,1.18,88133.9
65,城市_065,2021,3,特大城市,579.87,54.7,0,0,0,704.73,12153.41,1288.48,236796.2,0.924,25,17576,0.103,0.085,100.0,0.054,1.7,159843.8
66,城市_066,2021,1,中等城市,138.98,547.8,0,0,0,127.27,9157.56,23.23,51440.5,0.929,4,3106,0.108,0.038,100.0,0.061,0.97,29235.2
67,城市_067,2021,3,特大城市,412.35,50.0,0,0,0,337.34,8180.95,674.68,165049.6,0.885,20,17641,0.105,0.062,100.0,0.059,1.27,97278.5
68,城市_068,2021,2,大城市,218.41,104.4,1,0,0,187.78,8597.67,179.91,83267.2,0.899,10,4326,0.102,0.03,100.0,0.054,1.18,46881.7
69,城市_069,2021,1,中等城市,80.81,164.8,0,0,0,61.74,7639.88,37.47,27110.8,0.887,2,2702,0.118,0.066,100.0,0.056,1.52,17041.1
70,城市_070,2021,2,大城市,218.79,470.1,0,0,1,199.17,9103.43,42.36,81154.5,0.914,10,10674,0.085,0.066,100.0,0.055,0.83,52805.2
71,城市_071,2021,3,特大城市,703.07,50.0,0,0,0,852.88,12130.76,1705.76,305197.6,0.944,59,27397,0.158,0.079,100.0,0.055,2.36,198408.3
72,城市_072,2021,1,中等城市,144.58,376.4,0,0,1,137.0,9475.26,36.4,57072.2,0.892,5,9542,0.068,0.054,100.0,0.064,0.5,36338.9
73,城市_073,2021,3,特大城市,732.48,149.6,0,0,0,610.64,8336.7,408.09,309737.9,0.872,41,36648,0.108,0.078,100.0,0.05,1.92,184006.5
74,城市_074,2021,0,小城市,20.29,67.7,0,0,0,16.96,8355.86,25.05,6535.4,0.892,0,613,0.108,0.083,100.0,0.064,0.87,3849.6
75,城市_075,2021,3,特大城市,349.86,214.8,0,0,0,333.23,9524.59,155.14,138646.6,0.928,6,12976,0.121,0.054,100.0,0.057,2.41,76236.9
76,城市_076,2021,2,大城市,164.69,174.0,0,0,1,153.64,9328.85,88.28,53577.1,0.915,6,5973,0.102,0.057,100.0,0.058,1.13,35418.6
77,城市_077,2021,1,中等城市,114.01,91.8,0,0,0,115.15,10099.83,125.4,43964.7,0.912,3,2609,0.102,0.031,100.0,0.058,0.5,26997.4
78,城市_078,2021,2,大城市,167.03,156.9,0,0,0,119.15,7133.18,75.92,72562.1,0.899,5,4634,0.113,0.037,100.0,0.062,0.5,42466.4
79,城市_079,2021,0,小城市,20.72,109.0,0,0,0,14.03,6774.83,12.87,6427.1,0.875,0,644,0.096,0.053,100.0,0.061,1.05,4112.4
80,城市_080,2021,1,中等城市,120.91,162.5,0,0,0,91.04,7529.38,56.01,43988.6,0.914,3,2414,0.131,0.075,100.0,0.07,1.5,25109.4
81,城市_081,2021,2,大城市,215.63,252.1,0,0,0,147.43,6837.09,58.49,86886.4,0.889,11,8046,0.123,0.051,100.0,0.053,1.54,53191.7
82,城市_082,2021,3,特大城市,666.4,527.9,0,0,0,681.26,10222.97,129.06,305893.2,0.962,34,22750,0.136,0.063,100.0,0.055,2.17,181951.7
83,城市_083,2021,1,中等城市,90.22,55.1,0,0,0,104.07,11535.22,188.77,32706.4,0.914,2,2009,0.083,0.044,100.0,0.056,1.73,20250.5
84,城市_084,2021,0,小城市,67.05,817.6,0,1,0,39.07,5826.31,4.78,23485.7,0.89,2,2784,0.1,0.041,100.0,0.055,0.84,14046.6
85,城市_085,2021,1,中等城市,91.51,50.0,1,0,1,72.18,7887.43,144.35,29392.9,0.89,2,4172,0.096,0.058,100.0,0.059,1.6,16356.4
86,城市_086,2021,3,特大城市,378.41,131.4,0,0,1,381.6,10084.39,290.32,154019.0,0.908,19,14902,0.09,0.03,100.0,0.057,0.8,92760.6
87,城市_087,2021,2,大城市,205.91,237.6,0,0,0,180.58,8769.68,76.0,94938.5,0.901,6,6873,0.113,0.081,100.0,0.072,0.88,59950.4
88,城市_088,2021,1,中等城市,89.53,185.8,1,0,0,69.61,7774.97,37.46,34379.7,0.925,2,3932,0.092,0.039,100.0,0.058,0.5,20597.7
89,城市_089,2021,3,特大城市,250.49,90.2,1,0,1,181.05,7227.87,200.76,98872.8,0.911,10,11301,0.12,0.071,100.0,0.052,1.27,61622.8
90,城市_090,2021,2,大城市,164.93,125.7,0,0,0,143.75,8715.63,114.4,65534.6,0.89,5,6653,0.083,0.03,100.0,0.06,1.25,37265.2
91,城市_091,2021,3,特大城市,392.2,100.0,0,0,0,321.89,8207.46,321.76,158458.8,0.948,20,11266,0.145,0.074,100.0,0.045,1.7,94950.5
92,城市_092,2021,1,中等城市,73.7,92.6,1,0,1,41.14,5582.02,44.42,25687.2,0.903,1,2945,0.084,0.065,100.0,0.059,1.15,14931.1
93,城市_093,2021,1,中等城市,107.64,292.9,1,0,0,103.76,9639.42,35.43,43579.7,0.918,1,5667,0.107,0.061,100.0,0.059,0.71,27124.4
94,城市_094,2021,1,中等城市,101.57,197.5,0,0,0,93.94,9248.94,47.57,39089.1,0.891,2,3124,0.119,0.033,100.0,0.063,1.07,23490.4
95,城市_095,2021,0,小城市,35.7,85.3,0,0,0,25.91,7256.25,30.39,12825.8,0.908,1,2464,0.09,0.056,100.0,0.064,0.5,7961.0
96,城市_096,2021,2,大城市,202.5,304.8,0,0,1,180.13,8895.06,59.1,73280.1,0.912,6,6362,0.123,0.032,100.0,0.055,2.01,46359.3
97,城市_097,2021,2,大城市,196.88,189.8,0,0,1,198.23,10068.49,104.45,85373.6,0.868,6,7313,0.081,0.05,100.0,0.057,1.17,52995.5
98,城市_098,2021,2,大城市,152.75,284.4,0,0,1,131.93,8636.78,46.39,62145.6,0.944,7,4592,0.133,0.075,100.0,0.055,1.01,37796.5
99,城市_099,2021,1,中等城市,119.88,245.6,0,0,0,111.85,9330.27,45.54,43711.8,0.929,3,4715,0.104,0.069,100.0,0.053,1.99,24918.1
100,城市_100,2021,0,小城市,36.73,76.5,0,0,1,25.37,6906.0,33.18,14296.7,0.893,0,801,0.089,0.051,100.0,0.061,0.5,8576.8
101,城市_101,2021,1,中等城市,98.24,94.8,1,0,0,95.48,9719.63,100.71,35621.9,0.881,2,3067,0.097,0.033,100.0,0.053,0.6,20803.4
102,城市_102,2021,1,中等城市,108.99,269.8,0,0,0,92.27,8466.01,34.19,38831.8,0.91,3,2889,0.119,0.066,100.0,0.057,0.63,22898.3
103,城市_103,2021,0,小城市,69.07,241.8,0,0,0,54.76,7928.98,22.64,24097.1,0.904,1,2646,0.09,0.052,100.0,0.054,1.08,14187.5
104,城市_104,2021,1,中等城市,126.71,146.0,1,0,0,85.81,6772.03,58.79,42027.3,0.911,4,6281,0.088,0.03,100.0,0.061,1.42,23980.8
105,城市_105,2021,2,大城市,224.47,163.0,1,0,0,203.54,9067.4,124.86,91670.6,0.91,10,10023,0.102,0.072,100.0,0.067,1.74,49619.5
106,城市_106,2021,3,特大城市,995.5,412.5,0,0,0,888.41,8924.28,215.39,364286.0,0.937,55,17978,0.104,0.077,100.0,0.043,3.91,211269.7
107,城市_107,2021,2,大城市,178.55,92.5,0,0,0,137.67,7710.27,148.9,62920.7,0.934,7,12120,0.141,0.079,100.0,0.049,0.5,38117.4
108,城市_108,2021,2,大城市,196.82,229.9,0,0,0,149.25,7583.13,64.92,65130.7,0.917,12,7911,0.094,0.033,100.0,0.057,1.63,36444.2
109,城市_109,2021,1,中等城市,139.52,126.2,0,0,0,98.38,7051.2,77.92,53209.8,0.883,4,4065,0.12,0.03,100.0,0.059,0.95,31950.9
110,城市_110,2021,0,小城市,22.69,124.7,0,0,0,21.46,9455.54,17.21,7862.8,0.928,0,875,0.105,0.056,100.0,0.061,0.74,5165.9
111,城市_111,2021,1,中等城市,149.14,357.5,0,0,0,151.71,10171.99,42.44,55982.0,0.937,4,5784,0.084,0.06,100.0,0.056,0.93,35307.4
112,城市_112,2021,2,大城市,161.11,287.2,0,0,0,180.44,11199.5,62.82,57331.0,0.967,4,4852,0.104,0.03,100.0,0.057,0.81,37225.4
113,城市_113,2021,3,特大城市,1795.54,284.5,0,0,0,1604.83,8937.86,564.05,713344.5,0.926,98,70095,0.165,0.079,100.0,0.042,4.77,436377.0
114,城市_114,2021,1,中等城市,126.25,421.7,0,0,0,104.51,8278.2,24.78,50064.6,0.908,3,3870,0.1,0.109,100.0,0.064,1.63,31792.3
115,城市_115,2021,2,大城市,203.53,150.9,0,0,0,144.15,7082.48,95.51,76216.6,0.864,8,6632,0.129,0.049,100.0,0.048,1.34,44074.6
116,城市_116,2021,1,中等城市,145.05,256.1,0,0,0,108.55,7483.82,42.39,57239.6,0.915,10,4343,0.124,0.069,100.0,0.057,1.91,33237.3
117,城市_117,2021,0,小城市,47.08,115.8,0,1,0,30.38,6453.43,26.24,15953.7,0.89,0,1126,0.12,0.038,100.0,0.061,0.5,8261.2
118,城市_118,2021,3,特大城市,478.68,192.4,0,0,1,540.92,11300.21,281.21,198363.6,0.951,19,18397,0.104,0.03,100.0,0.05,1.12,126076.8
119,城市_119,2021,3,特大城市,321.53,133.7,1,0,0,272.97,8489.75,204.11,142885.3,0.893,13,14098,0.087,0.055,100.0,0.065,0.5,92333.9
120,城市_120,2021,3,特大城市,328.74,160.4,0,0,0,348.44,10599.54,217.25,138094.2,0.875,15,14113,0.097,0.054,100.0,0.053,1.19,80564.8
121,城市_121,2021,0,小城市,60.49,238.9,0,1,0,50.32,8318.75,21.06,21556.4,0.892,1,2845,0.106,0.044,100.0,0.059,1.18,12769.6
122,城市_122,2021,3,特大城市,615.15,77.1,1,0,1,836.56,13599.25,1084.69,259710.7,0.877,45,24942,0.128,0.064,100.0,0.056,2.06,149952.8
123,城市_123,2021,0,小城市,37.23,791.5,0,0,0,21.57,5791.99,2.72,13129.3,0.916,0,1167,0.058,0.056,100.0,0.057,1.14,8028.3
124,城市_124,2021,3,特大城市,277.5,66.4,0,0,1,297.49,10720.48,448.26,110361.6,0.866,5,13132,0.107,0.055,100.0,0.048,0.75,69941.4
125,城市_125,2021,3,特大城市,1334.85,56.2,0,0,0,1651.51,12372.24,2939.42,559131.2,0.937,69,32679,0.139,0.061,100.0,0.043,3.58,306245.6
126,城市_126,2021,0,小城市,56.5,374.8,0,0,1,36.84,6520.3,9.83,20466.8,0.86,2,1586,0.096,0.061,100.0,0.065,1.21,12531.4
127,城市_127,2021,1,中等城市,87.18,279.6,1,0,0,79.97,9172.81,28.6,33261.3,0.896,1,2401,0.128,0.03,100.0,0.057,1.51,19680.7
128,城市_128,2021,2,大城市,170.97,244.5,0,0,1,151.89,8884.34,62.12,61259.0,0.938,2,8696,0.113,0.03,100.0,0.054,0.5,36963.8
129,城市_129,2021,1,中等城市,91.14,245.3,0,0,0,69.78,7656.67,28.44,31586.5,0.91,3,4448,0.129,0.067,100.0,0.064,1.3,19386.8
130,城市_130,2021,0,小城市,32.26,147.0,0,0,0,20.32,6297.73,13.83,10304.6,0.884,0,1373,0.097,0.061,100.0,0.058,0.5,6124.6
131,城市_131,2021,2,大城市,163.03,72.4,0,0,0,123.04,7547.02,169.95,55514.2,0.904,4,8272,0.123,0.053,100.0,0.056,1.07,33136.0
132,城市_132,2021,0,小城市,52.43,157.7,0,0,0,53.39,10183.51,33.86,17392.3,0.902,1,1481,0.134,0.03,100.0,0.06,1.35,10323.8
133,城市_133,2021,2,大城市,242.85,86.3,0,0,0,212.64,8756.25,246.29,97108.7,0.916,7,9918,0.133,0.042,100.0,0.061,1.44,61092.0
134,城市_134,2021,0,小城市,60.62,323.8,0,0,1,51.81,8545.72,16.0,20790.2,0.874,1,2147,0.08,0.046,100.0,0.071,0.67,12735.3
135,城市_135,2021,3,特大城市,695.48,131.9,1,0,1,602.06,8656.86,456.31,301552.5,0.931,29,32985,0.114,0.037,100.0,0.057,2.14,182927.0
136,城市_136,2021,0,小城市,69.63,76.7,0,0,0,47.75,6856.98,62.27,25898.3,0.848,2,2474,0.095,0.037,100.0,0.065,0.5,14551.5
137,城市_137,2021,1,中等城市,109.83,114.8,0,0,0,104.32,9497.53,90.89,35604.5,0.89,1,3599,0.113,0.066,100.0,0.056,1.75,20958.3
138,城市_138,2021,3,特大城市,340.75,206.5,0,0,0,252.23,7402.2,122.14,144188.1,0.9,11,14743,0.123,0.088,100.0,0.051,1.45,90400.2
139,城市_139,2021,0,小城市,45.1,94.5,0,0,0,31.25,6928.57,33.05,17463.9,0.914,0,2157,0.084,0.043,100.0,0.06,1.63,10498.1
140,城市_140,2021,2,大城市,188.79,76.9,0,0,0,161.92,8577.01,210.62,67977.2,0.906,6,5683,0.106,0.07,100.0,0.058,1.05,42131.3
141,城市_141,2021,3,特大城市,557.23,180.4,0,0,0,539.96,9689.94,299.38,237170.1,0.887,23,20127,0.075,0.03,100.0,0.049,1.65,154871.0
142,城市_142,2021,0,小城市,30.93,180.5,0,0,0,21.36,6907.47,11.83,10285.6,0.881,0,828,0.13,0.064,100.0,0.059,0.67,6491.9
143,城市_143,2021,2,大城市,180.59,98.9,0,0,0,162.79,9014.44,164.55,70802.8,0.909,3,3140,0.095,0.039,100.0,0.06,1.73,42679.6
144,城市_144,2021,2,大城市,195.25,101.8,0,0,0,185.5,9500.48,182.19,68914.0,0.904,7,7628,0.106,0.061,100.0,0.06,0.96,40291.9
145,城市_145,2021,3,特大城市,330.36,178.7,1,0,0,333.24,10087.05,186.49,114751.7,0.897,16,14589,0.103,0.054,100.0,0.059,1.86,60060.3
146,城市_146,2021,0,小城市,44.3,50.0,0,0,0,28.13,6348.73,56.25,15580.4,0.892,1,1763,0.124,0.078,100.0,0.061,0.88,9269.6
147,城市_147,2021,0,小城市,40.5,50.0,0,0,0,28.31,6989.13,56.62,14477.3,0.915,0,830,0.05,0.034,100.0,0.057,0.5,8544.8
148,城市_148,2021,3,特大城市,251.89,83.5,0,0,1,264.81,10512.97,317.01,96510.6,0.897,11,8340,0.107,0.069,100.0,0.055,1.13,59036.6
149,城市_149,2021,2,大城市,202.67,125.1,1,0,0,199.22,9829.75,159.22,72127.8,0.904,4,3832,0.103,0.05,100.0,0.052,0.74,42943.6
150,城市_150,2021,2,大城市,193.32,190.3,0,0,0,134.59,6962.02,70.71,73081.5,0.949,3,10725,0.096,0.052,100.0,0.067,1.33,43146.4
151,城市_151,2021,2,大城市,213.9,483.1,0,0,0,194.87,9110.62,40.34,85741.7,0.877,10,5680,0.14,0.052,100.0,0.058,0.75,46867.9
152,城市_152,2021,1,中等城市,77.01,294.8,1,0,0,44.57,5788.0,15.12,28604.9,0.865,2,4128,0.084,0.035,100.0,0.058,1.59,16356.3
153,城市_153,2021,2,大城市,191.74,130.6,1,0,1,165.04,8607.25,126.38,75912.6,0.921,10,9368,0.121,0.055,100.0,0.053,1.27,46633.1
154,城市_154,2021,2,大城市,199.4,146.2,1,0,0,227.45,11406.97,155.61,73883.8,0.892,4,5598,0.113,0.054,100.0,0.073,1.24,48133.6
155,城市_155,2021,0,小城市,74.88,66.6,0,0,0,50.44,6736.01,75.79,30611.8,0.896,2,1960,0.127,0.057,100.0,0.054,1.45,18277.5
156,城市_156,2021,3,特大城市,980.49,146.2,0,0,0,873.35,8907.29,597.24,377808.0,0.911,96,40067,0.113,0.078,100.0,0.047,3.08,230400.3
157,城市_157,2021,2,大城市,246.44,117.8,0,0,1,242.33,9833.24,205.7,101241.2,0.902,11,7037,0.092,0.073,100.0,0.059,1.39,63637.6
158,城市_158,2021,0,小城市,46.19,192.1,1,0,1,27.09,5864.8,14.1,18450.0,0.933,1,1752,0.123,0.07,100.0,0.062,0.69,10621.2
159,城市_159,2021,3,特大城市,295.04,76.6,0,0,0,239.64,8122.26,312.96,122235.6,0.924,12,9390,0.117,0.037,100.0,0.062,0.59,74686.5
160,城市_160,2021,0,小城市,57.38,224.9,0,0,0,47.42,8264.52,21.09,20738.5,0.919,0,1237,0.071,0.069,100.0,0.068,0.75,11982.4
161,城市_161,2021,3,特大城市,336.97,505.8,0,0,0,277.37,8231.23,54.83,129640.2,0.881,21,6348,0.098,0.035,100.0,0.059,1.24,81147.6
162,城市_162,2021,3,特大城市,484.69,136.0,1,0,1,439.52,9068.07,323.07,215205.8,0.89,18,19085,0.121,0.075,100.0,0.049,1.85,130101.0
163,城市_163,2021,0,小城市,66.56,204.7,0,0,0,57.1,8578.66,27.9,21982.7,0.845,2,2069,0.119,0.064,100.0,0.058,0.94,13386.5
164,城市_164,2021,3,特大城市,405.54,257.8,0,0,1,398.55,9827.67,154.61,152001.6,0.895,11,12637,0.097,0.03,100.0,0.057,2.01,87632.3
165,城市_165,2021,2,大城市,230.73,107.7,0,0,0,209.17,9065.44,194.28,88018.5,0.925,6,10458,0.05,0.058,100.0,0.068,1.07,54678.1
166,城市_166,2021,3,特大城市,346.36,177.6,0,0,0,298.84,8627.99,168.31,153681.9,0.92,22,18118,0.12,0.05,100.0,0.049,1.54,101820.6
167,城市_167,2021,3,特大城市,996.26,149.9,0,0,0,1064.83,10688.36,710.29,435116.0,0.923,50,33772,0.103,0.062,100.0,0.055,3.22,247912.8
168,城市_168,2021,1,中等城市,116.94,160.5,0,0,0,93.29,7977.07,58.13,41197.3,0.903,5,3884,0.063,0.08,100.0,0.06,1.36,24298.5
169,城市_169,2021,0,小城市,71.45,80.0,0,0,0,59.14,8277.49,73.96,25882.9,0.888,2,3053,0.05,0.039,100.0,0.063,1.09,15709.6
170,城市_170,2021,0,小城市,62.28,151.4,0,0,0,44.06,7073.34,29.11,21871.4,0.906,1,1525,0.118,0.036,100.0,0.059,0.8,13638.8
171,城市_171,2021,0,小城市,66.55,221.1,0,0,0,49.68,7465.14,22.47,23268.4,0.917,2,2617,0.104,0.053,100.0,0.055,0.79,13570.4
172,城市_172,2021,1,中等城市,140.34,473.9,0,0,0,100.16,7136.63,21.14,58301.3,0.872,4,6092,0.099,0.068,100.0,0.062,0.8,30025.7
173,城市_173,2021,2,大城市,216.24,319.7,0,0,0,186.12,8607.04,58.22,76059.6,0.912,10,9756,0.134,0.053,100.0,0.061,1.08,48737.2
174,城市_174,2021,2,大城市,201.0,830.9,0,0,0,152.85,7604.37,18.39,89405.5,0.924,7,4135,0.118,0.079,100.0,0.063,1.71,55683.1
175,城市_175,2021,3,特大城市,342.32,80.3,0,0,1,262.63,7671.99,326.94,146908.3,0.901,9,10021,0.142,0.07,100.0,0.056,1.45,80463.4
176,城市_176,2021,2,大城市,153.19,298.2,0,0,1,133.03,8683.91,44.61,64495.3,0.918,5,4330,0.076,0.03,100.0,0.055,0.58,37521.6
177,城市_177,2021,3,特大城市,642.53,171.9,0,0,1,641.4,9982.38,373.21,256640.5,0.974,62,24356,0.117,0.057,100.0,0.045,2.93,166058.1
178,城市_178,2021,1,中等城市,115.74,855.6,0,0,1,105.66,9129.45,12.35,43507.6,0.901,4,4918,0.071,0.042,100.0,0.063,1.35,27994.3
179,城市_179,2021,3,特大城市,1836.72,77.7,1,0,0,1852.94,10088.28,2383.53,715442.6,0.958,118,105865,0.145,0.11,100.0,0.042,3.3,449411.8
180,城市_180,2021,3,特大城市,281.68,75.8,0,0,0,266.19,9449.91,351.13,107433.2,0.893,15,8932,0.103,0.03,100.0,0.052,1.24,63892.3
181,城市_181,2021,0,小城市,63.45,91.9,1,0,0,52.62,8292.77,57.27,24368.6,0.905,1,2010,0.114,0.103,100.0,0.057,1.16,14681.8
182,城市_182,2021,0,小城市,51.81,50.0,0,0,0,41.43,7994.99,82.85,21004.8,0.911,1,2691,0.102,0.062,100.0,0.057,1.94,12520.4
183,城市_183,2021,2,大城市,243.9,97.5,0,0,0,188.75,7738.9,193.68,88151.5,0.911,6,9807,0.119,0.06,100.0,0.05,0.84,55874.6
184,城市_184,2021,1,中等城市,117.59,80.9,1,0,0,97.78,8315.3,120.93,43482.0,0.883,4,6327,0.117,0.077,100.0,0.055,1.68,24946.7
185,城市_185,2021,3,特大城市,315.36,167.4,0,0,0,299.49,9496.65,178.92,124628.9,0.913,18,12651,0.152,0.105,100.0,0.051,2.21,71764.5
186,城市_186,2021,2,大城市,245.59,195.1,0,0,0,215.5,8774.83,110.47,86765.1,0.936,7,6384,0.1,0.074,100.0,0.055,1.09,54688.8
187,城市_187,2021,1,中等城市,140.23,665.8,0,0,0,84.89,6053.77,12.75,56473.8,0.913,7,3458,0.085,0.073,100.0,0.055,1.09,33809.1
188,城市_188,2021,0,小城市,64.92,317.5,0,0,0,50.9,7839.52,16.03,22645.5,0.921,1,1499,0.107,0.054,100.0,0.051,0.59,14523.8
189,城市_189,2021,0,小城市,32.9,93.5,1,0,0,32.74,9950.72,34.99,11570.6,0.896,0,1476,0.085,0.048,100.0,0.07,0.95,6709.3
190,城市_190,2021,1,中等城市,98.47,72.3,1,0,0,74.5,7565.43,103.0,35842.6,0.918,4,5174,0.132,0.043,100.0,0.065,1.14,21446.6
191,城市_191,2021,3,特大城市,363.08,220.0,1,0,1,296.94,8178.25,134.98,137310.3,0.915,14,23262,0.104,0.043,100.0,0.052,1.92,78586.5
192,城市_192,2021,2,大城市,187.81,51.6,0,0,0,169.41,9020.09,328.21,73161.3,0.886,8,8897,0.094,0.041,100.0,0.059,1.85,43912.9
193,城市_193,2021,0,小城市,43.99,642.4,1,0,0,33.91,7708.07,5.28,15674.4,0.908,1,2294,0.092,0.03,100.0,0.062,0.7,8709.4
194,城市_194,2021,2,大城市,180.31,381.3,1,0,1,183.15,10157.45,48.04,68082.1,0.885,6,5573,0.119,0.053,100.0,0.064,0.5,39853.3
195,城市_195,2021,2,大城市,219.63,102.0,0,0,1,157.6,7175.94,154.56,81391.8,0.893,9,5711,0.103,0.03,100.0,0.054,1.35,45328.1
196,城市_196,2021,0,小城市,62.3,50.0,0,0,1,52.98,8504.53,105.96,23572.6,0.905,1,2957,0.089,0.056,100.0,0.065,1.25,14634.3
197,城市_197,2021,2,大城市,176.76,438.4,1,0,0,163.71,9261.19,37.34,78404.2,0.911,3,7370,0.138,0.054,100.0,0.055,1.41,48728.0
198,城市_198,2021,2,大城市,159.74,135.4,0,0,0,131.18,8212.17,96.87,62454.6,0.881,4,6068,0.087,0.057,100.0,0.052,1.1,34230.9
199,城市_199,2021,0,小城市,48.17,399.5,1,0,0,37.62,7810.42,9.42,18994.3,0.922,1,1990,0.102,0.041,100.0,0.063,1.14,12156.6
0,城市_000,2022,2,大城市,266.32,197.6,0,0,0,213.98,8034.51,108.29,110617.3,0.9,10,10531,0.115,0.081,100.0,0.062,1.8,71437.1
1,城市_001,2022,1,中等城市,134.59,232.4,0,0,0,114.48,8505.52,49.25,45727.4,0.918,4,4054,0.117,0.035,100.0,0.057,0.5,30046.4
2,城市_002,2022,3,特大城市,291.4,353.0,0,0,0,274.35,9415.06,77.72,117829.9,0.906,12,11974,0.081,0.03,100.0,0.051,1.63,80826.2
3,城市_003,2022,3,特大城市,747.89,344.8,1,0,0,640.65,8566.01,185.79,323879.7,0.898,19,28558,0.111,0.093,100.0,0.058,2.04,185563.7
4,城市_004,2022,1,中等城市,119.04,50.0,1,0,0,117.26,9851.25,234.53,51987.6,0.895,2,5798,0.076,0.068,100.0,0.058,0.77,35597.3
5,城市_005,2022,1,中等城市,122.22,70.1,1,0,0,86.13,7047.17,122.9,43838.7,0.905,4,5676,0.085,0.078,100.0,0.067,0.82,25837.4
6,城市_006,2022,3,特大城市,751.7,224.1,1,0,1,579.4,7707.9,258.56,283500.2,0.938,53,27907,0.131,0.086,100.0,0.041,2.09,165061.2
7,城市_007,2022,3,特大城市,341.46,223.9,0,0,0,327.73,9597.91,146.4,127650.8,0.905,11,9597,0.094,0.1,100.0,0.057,0.5,77843.0
8,城市_008,2022,1,中等城市,97.24,224.1,1,0,0,68.6,7054.73,30.61,32954.7,0.878,2,2940,0.097,0.064,100.0,0.069,0.8,19197.3
9,城市_009,2022,3,特大城市,263.06,3236.3,1,0,0,243.66,9262.86,7.53,116040.8,0.908,11,8205,0.074,0.054,100.0,0.055,0.98,71013.7
10,城市_010,2022,1,中等城市,95.34,234.3,1,0,0,52.91,5549.72,22.58,40659.8,0.905,3,3190,0.106,0.059,100.0,0.058,1.42,22785.7
11,城市_011,2022,1,中等城市,96.27,368.1,0,0,1,94.51,9817.4,25.67,37231.8,0.906,1,3838,0.102,0.077,100.0,0.06,0.75,22072.4
12,城市_012,2022,2,大城市,192.81,318.4,0,0,0,182.38,9459.11,57.29,82975.3,0.924,5,8790,0.091,0.04,100.0,0.055,1.2,52985.3
13,城市_013,2022,0,小城市,22.81,249.9,0,0,0,12.53,5492.3,5.01,8087.9,0.921,0,826,0.097,0.038,100.0,0.058,1.81,4838.9
14,城市_014,2022,0,小城市,27.21,115.3,1,0,0,15.27,5610.21,13.24,9556.2,0.889,0,1005,0.104,0.045,100.0,0.058,1.54,5774.3
15,城市_015,2022,1,中等城市,85.44,272.4,0,0,0,86.42,10114.34,31.73,31173.9,0.89,5,3281,0.086,0.03,100.0,0.056,1.59,19148.8
16,城市_016,2022,0,小城市,57.47,80.0,0,0,0,38.89,6766.99,48.62,20593.8,0.881,1,1810,0.072,0.054,100.0,0.066,0.84,13079.6
17,城市_017,2022,2,大城市,209.36,122.8,0,0,0,159.32,7609.56,129.74,72492.1,0.92,5,5834,0.142,0.03,100.0,0.06,1.6,39895.5
18,城市_018,2022,0,小城市,60.74,100.7,0,0,0,32.86,5410.81,32.65,22852.4,0.931,1,1319,0.089,0.053,100.0,0.061,0.98,14112.2
19,城市_019,2022,0,小城市,37.49,158.5,0,0,0,25.74,6865.23,16.24,13436.8,0.895,1,1119,0.099,0.068,100.0,0.064,0.96,7954.0
20,城市_020,2022,3,特大城市,669.54,945.5,0,0,0,628.26,9383.5,66.45,295178.4,0.913,35,28387,0.138,0.058,100.0,0.052,2.27,178582.7
21,城市_021,2022,1,中等城市,119.02,50.0,0,0,1,107.87,9063.44,215.75,45684.6,0.932,2,3546,0.174,0.087,100.0,0.055,0.89,28863.5
22,城市_022,2022,2,大城市,166.27,257.0,0,0,1,113.55,6828.92,44.18,63581.2,0.915,7,5695,0.08,0.03,100.0,0.055,2.01,35870.9
23,城市_023,2022,0,小城市,36.39,50.0,1,0,0,20.9,5743.13,41.8,12185.7,0.91,1,1539,0.11,0.075,100.0,0.06,0.98,6941.2
24,城市_024,2022,1,中等城市,92.62,101.7,0,0,0,78.64,8490.85,77.29,35048.0,0.879,2,3983,0.088,0.066,100.0,0.054,1.46,18993.8
25,城市_025,2022,2,大城市,174.3,354.7,1,0,0,171.58,9843.85,48.38,71801.1,0.918,7,4638,0.094,0.03,100.0,0.056,2.0,41897.8
26,城市_026,2022,0,小城市,48.46,156.2,0,0,0,28.44,5868.52,18.2,16108.6,0.883,1,2404,0.087,0.105,100.0,0.057,1.59,10308.1
27,城市_027,2022,2,大城市,221.55,62.7,0,0,1,226.01,10201.45,360.67,87680.1,0.883,12,11430,0.083,0.055,100.0,0.068,0.65,52290.9
28,城市_028,2022,1,中等城市,84.51,83.7,1,0,0,66.82,7906.09,79.79,32246.9,0.895,2,2215,0.101,0.035,100.0,0.045,1.36,18051.7
29,城市_029,2022,1,中等城市,116.73,255.6,0,0,0,111.72,9570.81,43.71,41949.5,0.891,3,3354,0.074,0.03,100.0,0.058,1.61,24558.5
30,城市_030,2022,1,中等城市,84.55,82.7,0,0,0,65.78,7779.71,79.5,30212.8,0.898,3,4446,0.121,0.048,100.0,0.068,1.58,16779.1
31,城市_031,2022,3,特大城市,980.07,176.5,0,0,0,677.68,6914.59,384.01,422621.9,0.897,38,34500,0.127,0.073,100.0,0.05,2.0,239307.3
32,城市_032,2022,1,中等城市,152.51,153.9,1,0,0,124.47,8161.46,80.87,53729.8,0.923,6,2882,0.112,0.056,100.0,0.062,0.91,32864.6
33,城市_033,2022,0,小城市,52.99,88.1,0,0,0,46.56,8788.13,52.84,19936.3,0.924,0,1280,0.092,0.045,100.0,0.06,1.58,11259.7
34,城市_034,2022,3,特大城市,349.12,824.8,1,0,0,277.4,7945.68,33.63,130657.4,0.87,20,11917,0.102,0.072,100.0,0.053,1.17,82755.7
35,城市_035,2022,0,小城市,43.7,246.4,0,0,0,30.31,6934.73,12.3,17242.3,0.921,1,1134,0.107,0.043,100.0,0.048,0.92,10308.6
36,城市_036,2022,2,大城市,193.92,50.0,0,0,0,161.61,8333.64,323.22,91276.9,0.889,10,6301,0.082,0.03,100.0,0.059,2.1,55000.5
37,城市_037,2022,0,小城市,21.88,172.3,0,0,0,9.7,4433.82,5.63,7150.9,0.918,0,812,0.093,0.048,100.0,0.056,1.01,4230.8
38,城市_038,2022,0,小城市,40.29,87.4,0,0,0,37.74,9366.62,43.18,15176.8,0.9,0,2298,0.084,0.03,100.0,0.056,0.7,9458.0
39,城市_039,2022,2,大城市,195.07,293.5,0,0,0,145.89,7479.11,49.71,71873.7,0.906,11,6577,0.087,0.062,100.0,0.055,0.87,44812.9
40,城市_040,2022,3,特大城市,323.69,78.7,0,0,0,314.83,9726.32,399.9,140902.7,0.905,21,16427,0.066,0.039,100.0,0.065,1.68,85957.9
41,城市_041,2022,2,大城市,179.57,135.4,0,0,0,150.48,8380.18,111.14,63110.5,0.929,8,10141,0.132,0.058,100.0,0.07,0.62,38935.6
42,城市_042,2022,1,中等城市,139.87,222.3,1,0,0,139.79,9994.46,62.89,55823.4,0.879,3,7912,0.09,0.08,100.0,0.06,1.1,33138.9
43,城市_043,2022,1,中等城市,115.16,296.7,0,0,0,99.3,8623.3,33.47,40845.4,0.915,3,4614,0.126,0.034,100.0,0.056,1.35,25171.6
44,城市_044,2022,0,小城市,35.47,56.8,0,0,0,24.64,6946.36,43.37,12512.3,0.923,0,724,0.122,0.072,100.0,0.054,1.71,7380.6
45,城市_045,2022,0,小城市,74.54,113.6,1,0,1,50.6,6788.11,44.56,25546.8,0.916,1,3148,0.076,0.043,100.0,0.062,1.45,15329.8
46,城市_046,2022,1,中等城市,98.28,101.5,0,0,0,88.43,8998.6,87.13,39606.2,0.949,5,4951,0.081,0.088,100.0,0.068,0.8,23437.4
47,城市_047,2022,3,特大城市,442.12,88.0,0,0,0,310.68,7027.03,353.05,168213.9,0.901,21,15874,0.163,0.054,100.0,0.054,2.29,98621.0
48,城市_048,2022,2,大城市,220.1,609.3,1,0,0,210.19,9549.79,34.5,90376.5,0.925,3,13665,0.141,0.039,100.0,0.046,1.2,52357.5
49,城市_049,2022,0,小城市,25.5,205.2,1,0,0,15.05,5899.96,7.33,8752.2,0.899,0,1214,0.1,0.064,100.0,0.063,0.5,5374.1
50,城市_050,2022,2,大城市,211.7,54.1,0,0,0,220.54,10417.71,407.47,82252.3,0.93,7,9235,0.111,0.047,100.0,0.063,1.25,52585.4
51,城市_051,2022,1,中等城市,108.64,309.3,1,0,0,89.77,8263.18,29.02,41689.8,0.903,3,5536,0.09,0.036,100.0,0.051,1.89,26478.6
52,城市_052,2022,1,中等城市,77.29,810.6,0,0,0,66.32,8580.65,8.18,27113.9,0.894,2,3142,0.111,0.042,100.0,0.06,1.21,15246.2
53,城市_053,2022,3,特大城市,281.3,339.0,0,0,0,253.1,8997.58,74.66,113776.2,0.934,14,4898,0.093,0.057,100.0,0.059,1.45,72666.1
54,城市_054,2022,3,特大城市,429.15,50.0,0,0,0,306.16,7134.09,612.32,197028.0,0.902,27,13591,0.071,0.088,100.0,0.055,2.5,116336.2
55,城市_055,2022,3,特大城市,382.57,100.7,1,0,0,308.36,8060.01,306.07,145190.8,0.882,18,20155,0.084,0.03,100.0,0.052,0.89,89731.1
56,城市_056,2022,0,小城市,63.85,408.9,0,0,0,53.96,8450.88,13.2,25899.3,0.891,1,1843,0.102,0.052,100.0,0.064,0.5,14835.5
57,城市_057,2022,1,中等城市,112.83,84.3,0,0,0,93.67,8301.82,111.17,48329.1,0.915,3,3881,0.08,0.065,100.0,0.057,0.5,29203.3
58,城市_058,2022,2,大城市,215.62,211.7,0,0,0,222.66,10326.22,105.19,79276.5,0.934,8,5797,0.104,0.06,100.0,0.05,1.53,48312.0
59,城市_059,2022,3,特大城市,409.17,275.8,0,0,0,401.38,9809.68,145.53,147591.7,0.913,14,25705,0.089,0.087,100.0,0.045,1.73,81981.5
60,城市_060,2022,1,中等城市,95.35,70.7,0,0,0,65.65,6884.73,92.85,36805.7,0.929,3,5809,0.087,0.051,100.0,0.065,1.92,22755.0
61,城市_061,2022,1,中等城市,128.35,141.5,0,0,0,93.45,7280.63,66.04,46982.0,0.876,4,3622,0.12,0.05,100.0,0.062,1.33,30086.2
62,城市_062,2022,0,小城市,52.1,50.0,0,0,0,39.6,7599.67,79.19,22118.2,0.893,2,2003,0.106,0.063,100.0,0.06,0.88,13155.1
63,城市_063,2022,0,小城市,46.51,65.4,0,0,0,24.31,5227.73,37.18,16953.2,0.895,1,1395,0.101,0.053,100.0,0.057,1.07,10863.7
64,城市_064,2022,3,特大城市,344.07,121.3,0,0,0,401.21,11660.65,330.86,129636.7,0.907,12,15221,0.127,0.051,100.0,0.054,1.61,77044.3
65,城市_065,2022,3,特大城市,596.05,54.7,0,0,0,611.1,10252.41,1117.28,224549.5,0.917,37,25550,0.125,0.076,100.0,0.048,1.11,140452.9
66,城市_066,2022,1,中等城市,145.32,547.8,0,0,0,145.14,9987.59,26.49,61013.1,0.918,3,6819,0.133,0.041,100.0,0.056,2.59,32547.0
67,城市_067,2022,3,特大城市,432.96,50.0,0,0,0,317.22,7326.9,634.44,168090.0,0.903,24,17595,0.102,0.049,100.0,0.045,1.95,113051.1
68,城市_068,2022,2,大城市,218.96,104.4,1,0,0,228.63,10441.51,219.05,86303.0,0.909,7,19432,0.097,0.045,100.0,0.054,1.45,55653.7
69,城市_069,2022,1,中等城市,81.16,164.8,0,0,0,88.8,10941.88,53.89,32744.6,0.901,1,2193,0.076,0.079,100.0,0.058,1.44,19367.1
70,城市_070,2022,2,大城市,223.1,470.1,0,0,1,158.84,7119.83,33.79,84376.8,0.887,9,4912,0.097,0.03,100.0,0.061,1.71,45634.1
71,城市_071,2022,3,特大城市,704.92,50.0,0,0,0,772.45,10958.03,1544.91,292463.9,0.916,16,23047,0.138,0.077,100.0,0.052,2.05,178005.5
72,城市_072,2022,1,中等城市,149.03,376.4,0,0,1,124.17,8331.39,32.99,57345.3,0.901,3,3425,0.13,0.055,100.0,0.062,0.92,31923.1
73,城市_073,2022,3,特大城市,717.16,149.6,0,0,0,556.22,7755.9,371.72,315689.8,0.916,35,16860,0.138,0.035,100.0,0.059,2.44,193626.9
74,城市_074,2022,0,小城市,20.18,67.7,0,0,0,14.76,7314.37,21.81,7375.3,0.901,0,549,0.065,0.057,100.0,0.065,1.22,4516.2
75,城市_075,2022,3,特大城市,353.78,214.8,0,0,0,364.74,10309.69,169.81,139845.5,0.911,13,9869,0.131,0.069,100.0,0.059,1.16,79957.8
76,城市_076,2022,2,大城市,167.19,174.0,0,0,1,128.76,7701.52,73.99,65117.0,0.896,3,4618,0.068,0.066,100.0,0.058,1.98,41260.0
77,城市_077,2022,1,中等城市,114.96,91.8,0,0,0,111.08,9662.68,120.98,42439.2,0.928,2,4940,0.121,0.03,100.0,0.054,1.33,26489.2
78,城市_078,2022,2,大城市,169.19,156.9,0,0,0,111.19,6571.79,70.85,58287.3,0.881,6,5347,0.097,0.082,100.0,0.062,1.63,36678.7
79,城市_079,2022,0,小城市,20.76,109.0,0,0,0,11.3,5444.3,10.36,7397.0,0.886,0,723,0.115,0.036,100.0,0.068,1.73,4440.2
80,城市_080,2022,1,中等城市,123.85,162.5,0,0,0,103.33,8343.39,63.58,55003.7,0.959,4,5957,0.077,0.067,100.0,0.06,1.21,30666.5
81,城市_081,2022,2,大城市,215.38,252.1,0,0,0,186.99,8681.81,74.18,78755.0,0.885,11,6295,0.129,0.071,100.0,0.067,1.5,49563.3
82,城市_082,2022,3,特大城市,695.47,527.9,0,0,0,608.81,8753.91,115.34,272054.7,0.891,40,23632,0.089,0.051,100.0,0.045,2.51,161026.2
83,城市_083,2022,1,中等城市,89.53,55.1,0,0,0,79.94,8929.17,145.0,31364.2,0.917,2,3675,0.089,0.066,100.0,0.053,0.78,17510.8
84,城市_084,2022,0,小城市,68.53,817.6,0,1,0,57.11,8333.25,6.98,26913.5,0.86,1,1408,0.082,0.044,100.0,0.064,1.14,17239.7
85,城市_085,2022,1,中等城市,91.59,50.0,1,0,1,82.57,9015.31,165.14,35697.4,0.898,1,1647,0.067,0.03,100.0,0.06,1.21,23666.7
86,城市_086,2022,3,特大城市,390.01,131.4,0,0,1,351.81,9020.65,267.65,155681.6,0.953,16,15917,0.112,0.084,100.0,0.062,1.14,93216.3
87,城市_087,2022,2,大城市,213.12,237.6,0,0,0,201.54,9456.79,84.82,77674.4,0.875,11,9087,0.142,0.04,100.0,0.058,2.5,51635.9
88,城市_088,2022,1,中等城市,89.99,185.8,1,0,0,66.59,7400.55,35.84,34057.5,0.863,3,6149,0.156,0.035,100.0,0.055,0.5,20527.8
89,城市_089,2022,3,特大城市,262.31,90.2,1,0,1,314.99,12008.36,349.28,91731.6,0.877,16,10118,0.109,0.049,100.0,0.056,0.77,53991.9
90,城市_090,2022,2,大城市,170.25,125.7,0,0,0,127.26,7474.94,101.28,66794.7,0.922,5,8009,0.127,0.06,100.0,0.051,1.93,38813.5
91,城市_091,2022,3,特大城市,410.9,100.0,0,0,0,520.54,12668.32,520.32,178577.4,0.933,27,14255,0.116,0.06,100.0,0.05,2.01,115916.8
92,城市_092,2022,1,中等城市,75.05,92.6,1,0,1,58.6,7807.85,63.27,25281.2,0.892,2,3018,0.112,0.063,100.0,0.064,0.61,14577.0
93,城市_093,2022,1,中等城市,108.22,292.9,1,0,0,70.99,6559.41,24.24,36300.9,0.917,5,6565,0.096,0.03,100.0,0.063,1.48,22581.3
94,城市_094,2022,1,中等城市,104.54,197.5,0,0,0,103.12,9864.17,52.22,44901.0,0.931,3,2033,0.107,0.038,100.0,0.061,1.9,26187.4
95,城市_095,2022,0,小城市,35.51,85.3,0,0,0,26.04,7333.45,30.54,12126.7,0.937,1,1478,0.112,0.049,100.0,0.051,1.04,7108.5
96,城市_096,2022,2,大城市,210.18,304.8,0,0,1,206.02,9802.13,67.59,90221.9,0.901,12,14673,0.094,0.094,100.0,0.056,2.63,56921.7
97,城市_097,2022,2,大城市,200.16,189.8,0,0,1,206.44,10314.22,108.78,77304.7,0.859,7,8013,0.104,0.053,100.0,0.052,0.5,45501.5
98,城市_098,2022,2,大城市,155.83,284.4,0,0,1,137.17,8803.09,48.24,59397.0,0.888,5,9405,0.103,0.076,100.0,0.064,1.59,34916.9
99,城市_099,2022,1,中等城市,118.27,245.6,0,0,0,88.04,7444.24,35.85,46650.2,0.895,5,3602,0.12,0.054,100.0,0.056,1.77,29575.5
100,城市_100,2022,0,小城市,38.9,76.5,0,0,1,32.71,8408.21,42.77,13056.4,0.896,0,1417,0.08,0.041,100.0,0.054,1.51,8459.5
101,城市_101,2022,1,中等城市,101.06,94.8,1,0,0,80.92,8007.32,85.36,38596.1,0.899,2,3755,0.102,0.048,100.0,0.059,1.06,23904.1
102,城市_102,2022,1,中等城市,111.11,269.8,0,0,0,99.56,8960.18,36.89,40917.4,0.925,6,2101,0.141,0.05,100.0,0.056,1.03,23746.7
103,城市_103,2022,0,小城市,68.09,241.8,0,0,0,37.91,5567.28,15.67,22698.5,0.927,1,1764,0.125,0.064,100.0,0.067,1.33,13271.4
104,城市_104,2022,1,中等城市,132.2,146.0,1,0,0,116.33,8799.45,79.71,52018.2,0.9,4,3499,0.13,0.081,100.0,0.055,1.62,31335.6
105,城市_105,2022,2,大城市,225.42,163.0,1,0,0,177.97,7895.4,109.17,86817.3,0.928,12,10611,0.106,0.063,100.0,0.051,1.66,52926.2
106,城市_106,2022,3,特大城市,1027.24,412.5,0,0,0,1335.18,12997.63,323.71,430450.6,0.934,48,49092,0.134,0.101,100.0,0.038,3.15,245513.6
107,城市_107,2022,2,大城市,182.58,92.5,0,0,0,170.48,9337.46,184.39,64506.4,0.906,4,7402,0.125,0.036,100.0,0.058,0.78,40103.1
108,城市_108,2022,2,大城市,199.88,229.9,0,0,0,177.85,8897.63,77.36,88761.5,0.923,8,9415,0.136,0.047,100.0,0.055,1.2,53484.6
109,城市_109,2022,1,中等城市,145.3,126.2,0,0,0,129.86,8937.2,102.86,59973.5,0.905,2,5088,0.065,0.039,100.0,0.051,0.76,32897.2
110,城市_110,2022,0,小城市,22.12,124.7,0,0,0,13.06,5903.33,10.47,8368.8,0.942,0,1167,0.074,0.057,100.0,0.066,0.84,4788.0
111,城市_111,2022,1,中等城市,148.36,357.5,0,0,0,157.58,10621.58,44.08,55767.9,0.875,5,5472,0.13,0.047,100.0,0.062,1.74,32617.3
112,城市_112,2022,2,大城市,165.47,287.2,0,0,0,187.81,11350.24,65.38,55807.8,0.894,5,6193,0.099,0.069,100.0,0.058,1.32,33362.7
113,城市_113,2022,3,特大城市,1888.56,284.5,0,0,0,2162.04,11448.05,759.89,965852.1,0.947,78,64155,0.137,0.081,100.0,0.047,5.3,634254.2
114,城市_114,2022,1,中等城市,127.04,421.7,0,0,0,132.17,10403.49,31.34,48322.7,0.912,6,5739,0.078,0.054,100.0,0.062,1.3,29338.9
115,城市_115,2022,2,大城市,211.18,150.9,0,0,0,167.36,7925.16,110.89,77981.3,0.931,8,6846,0.094,0.069,100.0,0.054,1.37,44821.8
116,城市_116,2022,1,中等城市,148.83,256.1,0,0,0,109.99,7390.21,42.95,59282.0,0.903,7,7338,0.076,0.03,100.0,0.053,1.29,35961.6
117,城市_117,2022,0,小城市,49.83,115.8,0,1,0,37.35,7495.17,32.26,19955.0,0.873,1,1305,0.143,0.094,100.0,0.064,0.76,11762.2
118,城市_118,2022,3,特大城市,467.72,192.4,0,0,1,467.34,9991.77,242.96,190461.2,0.929,16,12374,0.112,0.057,100.0,0.057,1.71,116132.4
119,城市_119,2022,3,特大城市,328.12,133.7,1,0,0,279.24,8510.2,208.8,145674.6,0.924,15,14835,0.108,0.03,100.0,0.057,2.09,89942.0
120,城市_120,2022,3,特大城市,329.81,160.4,0,0,0,322.94,9791.85,201.35,144185.3,0.87,13,11814,0.12,0.062,100.0,0.052,1.58,91741.8
121,城市_121,2022,0,小城市,59.17,238.9,0,1,0,46.97,7937.54,19.66,19973.3,0.901,1,1899,0.121,0.052,100.0,0.062,0.7,11969.4
122,城市_122,2022,3,特大城市,631.58,77.1,1,0,1,524.82,8309.59,680.48,247833.9,0.885,49,30345,0.136,0.065,100.0,0.05,1.54,160886.1
123,城市_123,2022,0,小城市,38.11,791.5,0,0,0,29.86,7834.89,3.77,14807.6,0.888,0,1168,0.122,0.071,100.0,0.059,0.84,9287.9
124,城市_124,2022,3,特大城市,276.13,66.4,0,0,1,278.82,10097.58,420.13,88316.9,0.889,6,9566,0.095,0.072,100.0,0.064,1.48,51115.8
125,城市_125,2022,3,特大城市,1377.43,56.2,0,0,0,1477.05,10723.23,2628.91,586074.7,0.953,124,77104,0.131,0.092,100.0,0.042,3.78,390499.0
126,城市_126,2022,0,小城市,60.88,374.8,0,0,1,55.02,9038.06,14.68,20003.8,0.904,1,3553,0.117,0.061,100.0,0.051,0.5,12198.5
127,城市_127,2022,1,中等城市,87.2,279.6,1,0,0,57.3,6570.49,20.49,31486.3,0.877,2,5141,0.092,0.05,100.0,0.054,0.98,18103.0
128,城市_128,2022,2,大城市,172.3,244.5,0,0,1,156.26,9068.91,63.9,65288.6,0.922,3,5824,0.104,0.09,100.0,0.063,1.35,42410.7
129,城市_129,2022,1,中等城市,92.14,245.3,0,0,0,61.32,6654.4,24.99,33679.6,0.874,4,4903,0.11,0.03,100.0,0.06,0.5,22307.1
130,城市_130,2022,0,小城市,32.94,147.0,0,0,0,19.9,6042.32,13.54,11260.5,0.907,0,911,0.117,0.054,100.0,0.059,0.64,6745.2
131,城市_131,2022,2,大城市,164.6,72.4,0,0,0,126.0,7654.96,174.03,58377.0,0.888,5,4612,0.069,0.056,100.0,0.056,0.92,34144.1
132,城市_132,2022,0,小城市,52.94,157.7,0,0,0,34.45,6507.73,21.85,23268.0,0.894,1,962,0.116,0.068,100.0,0.062,0.69,13840.5
133,城市_133,2022,2,大城市,256.86,86.3,0,0,0,208.34,8110.75,241.3,118084.4,0.917,11,15608,0.102,0.04,100.0,0.053,1.5,73382.6
134,城市_134,2022,0,小城市,63.0,323.8,0,0,1,46.55,7388.43,14.38,21186.2,0.912,1,1788,0.116,0.03,100.0,0.061,1.02,13523.9
135,城市_135,2022,3,特大城市,729.4,131.9,1,0,1,810.01,11105.24,613.92,345304.5,0.946,22,25833,0.135,0.072,100.0,0.049,1.88,213092.5
136,城市_136,2022,0,小城市,67.4,76.7,0,0,0,49.34,7321.03,64.35,24173.5,0.9,1,1886,0.134,0.057,100.0,0.055,1.32,14577.9
137,城市_137,2022,1,中等城市,111.1,114.8,0,0,0,70.8,6372.94,61.7,42620.6,0.909,3,5035,0.13,0.083,100.0,0.056,2.04,27487.7
138,城市_138,2022,3,特大城市,367.03,206.5,0,0,0,397.68,10835.22,192.57,147182.0,0.901,12,12063,0.137,0.034,100.0,0.054,2.4,86927.9
139,城市_139,2022,0,小城市,44.89,94.5,0,0,0,29.18,6500.66,30.87,15451.0,0.905,1,1116,0.13,0.074,100.0,0.059,0.5,9748.4
140,城市_140,2022,2,大城市,198.06,76.9,0,0,0,168.35,8499.99,218.99,83742.4,0.914,9,8318,0.111,0.103,100.0,0.059,1.6,49521.7
141,城市_141,2022,3,特大城市,586.88,180.4,0,0,0,601.18,10243.57,333.32,244609.4,0.914,38,14042,0.116,0.058,100.0,0.035,1.84,149928.6
142,城市_142,2022,0,小城市,31.08,180.5,0,0,0,22.73,7314.75,12.59,10656.1,0.865,0,889,0.118,0.03,100.0,0.056,1.13,6357.4
143,城市_143,2022,2,大城市,182.67,98.9,0,0,0,183.06,10021.64,185.04,64052.8,0.911,12,3571,0.119,0.047,100.0,0.056,1.09,38324.3
144,城市_144,2022,2,大城市,190.79,101.8,0,0,0,175.12,9178.89,172.0,69286.8,0.912,8,4578,0.099,0.055,100.0,0.066,1.36,40787.7
145,城市_145,2022,3,特大城市,342.0,178.7,1,0,0,272.49,7967.66,152.5,120452.4,0.895,14,13273,0.117,0.07,100.0,0.051,1.62,77131.2
146,城市_146,2022,0,小城市,44.11,50.0,0,0,0,44.99,10200.71,89.98,16005.8,0.875,1,900,0.1,0.039,100.0,0.06,0.78,9251.5
147,城市_147,2022,0,小城市,41.37,50.0,0,0,0,31.13,7525.47,62.27,13585.8,0.931,2,975,0.084,0.082,100.0,0.067,0.62,7849.8
148,城市_148,2022,3,特大城市,253.89,83.5,0,0,1,218.42,8602.9,261.47,98348.4,0.917,6,9333,0.133,0.034,100.0,0.051,1.18,65266.9
149,城市_149,2022,2,大城市,206.72,125.1,1,0,0,205.74,9952.54,164.44,90340.6,0.901,7,6460,0.107,0.03,100.0,0.06,1.45,56854.5
150,城市_150,2022,2,大城市,198.49,190.3,0,0,0,176.74,8904.11,92.86,85393.4,0.883,3,13273,0.146,0.077,100.0,0.054,1.61,45125.8
151,城市_151,2022,2,大城市,219.49,483.1,0,0,0,201.94,9200.3,41.8,85998.0,0.889,8,13997,0.073,0.03,100.0,0.055,1.78,50140.5
152,城市_152,2022,1,中等城市,76.52,294.8,1,0,0,86.55,11310.15,29.36,28319.2,0.928,2,2169,0.091,0.048,100.0,0.055,0.87,15452.1
153,城市_153,2022,2,大城市,199.38,130.6,1,0,1,164.17,8234.06,125.71,90592.2,0.908,7,8668,0.106,0.118,100.0,0.054,1.46,51771.6
154,城市_154,2022,2,大城市,204.58,146.2,1,0,0,167.82,8203.08,114.81,83485.6,0.894,6,9422,0.128,0.055,100.0,0.071,1.81,42230.7
155,城市_155,2022,0,小城市,73.12,66.6,0,0,0,57.64,7883.12,86.62,26484.5,0.912,1,2248,0.11,0.03,100.0,0.063,1.7,15781.8
156,城市_156,2022,3,特大城市,995.5,146.2,0,0,0,1181.99,11873.34,808.3,376285.7,0.91,62,23382,0.133,0.075,100.0,0.055,2.55,212880.5
157,城市_157,2022,2,大城市,248.17,117.8,0,0,1,173.72,6999.91,147.45,101225.9,0.937,15,9096,0.084,0.056,100.0,0.06,1.28,60917.5
158,城市_158,2022,0,小城市,47.06,192.1,1,0,1,25.95,5514.89,13.51,18290.7,0.928,1,1643,0.078,0.054,100.0,0.051,1.17,10082.7
159,城市_159,2022,3,特大城市,305.73,76.6,0,0,0,250.93,8207.8,327.72,116084.7,0.899,14,9868,0.115,0.071,100.0,0.059,0.91,69939.6
160,城市_160,2022,0,小城市,57.99,224.9,0,0,0,34.34,5920.96,15.27,21815.5,0.889,0,2436,0.074,0.031,100.0,0.065,1.0,12817.7
161,城市_161,2022,3,特大城市,338.44,505.8,0,0,0,287.6,8497.71,56.86,131960.3,0.857,16,9939,0.098,0.093,100.0,0.052,1.91,85122.2
162,城市_162,2022,3,特大城市,481.28,136.0,1,0,1,487.2,10123.01,358.12,193752.0,0.883,20,12531,0.123,0.068,100.0,0.06,2.09,124454.8
163,城市_163,2022,0,小城市,69.06,204.7,0,0,0,46.53,6738.18,22.74,20982.7,0.875,1,2625,0.082,0.066,100.0,0.063,0.97,13084.0
164,城市_164,2022,3,特大城市,406.1,257.8,0,0,1,302.5,7449.05,117.35,161613.3,0.913,14,16773,0.143,0.048,100.0,0.065,1.75,95384.4
165,城市_165,2022,2,大城市,231.4,107.7,0,0,0,203.71,8803.42,189.21,98486.2,0.9,8,5980,0.131,0.082,100.0,0.055,0.96,64957.7
166,城市_166,2022,3,特大城市,338.31,177.6,0,0,0,348.71,10307.42,196.4,129111.8,0.882,16,16441,0.078,0.054,100.0,0.051,1.89,71451.6
167,城市_167,2022,3,特大城市,1058.41,149.9,0,0,0,835.06,7889.82,557.02,451681.3,0.922,40,22892,0.109,0.084,100.0,0.047,2.64,251989.9
168,城市_168,2022,1,中等城市,117.92,160.5,0,0,0,108.46,9198.24,67.59,42268.8,0.913,3,3647,0.057,0.034,100.0,0.066,1.05,25255.1
169,城市_169,2022,0,小城市,71.83,80.0,0,0,0,62.78,8740.84,78.51,27462.4,0.912,2,2445,0.086,0.032,100.0,0.05,0.93,18334.5
170,城市_170,2022,0,小城市,63.89,151.4,0,0,0,56.32,8816.06,37.21,23188.7,0.864,1,1941,0.117,0.065,100.0,0.049,1.07,13772.5
171,城市_171,2022,0,小城市,66.7,221.1,0,0,0,61.45,9213.13,27.8,22899.0,0.899,3,2071,0.093,0.043,100.0,0.06,0.88,13613.5
172,城市_172,2022,1,中等城市,138.8,473.9,0,0,0,159.7,11506.43,33.7,59280.7,0.876,3,8950,0.113,0.037,100.0,0.056,1.55,33004.1
173,城市_173,2022,2,大城市,208.24,319.7,0,0,0,170.15,8170.81,53.22,87877.8,0.924,6,5934,0.075,0.043,100.0,0.058,1.13,55220.4
174,城市_174,2022,2,大城市,206.52,830.9,0,0,0,180.8,8754.54,21.76,77056.4,0.921,5,15802,0.121,0.069,100.0,0.063,2.12,48437.3
175,城市_175,2022,3,特大城市,349.35,80.3,0,0,1,298.2,8535.99,371.23,146163.2,0.891,25,14652,0.098,0.047,100.0,0.054,2.29,91157.9
176,城市_176,2022,2,大城市,165.54,298.2,0,0,1,139.42,8422.21,46.75,66931.9,0.889,7,6260,0.105,0.052,100.0,0.049,0.82,38895.7
177,城市_177,2022,3,特大城市,647.78,171.9,0,0,1,788.89,12178.48,459.04,282770.4,0.908,24,27490,0.115,0.067,100.0,0.063,2.06,163667.1
178,城市_178,2022,1,中等城市,116.37,855.6,0,0,1,77.25,6638.45,9.03,38672.4,0.858,5,9144,0.078,0.03,100.0,0.054,0.86,21703.2
179,城市_179,2022,3,特大城市,1860.29,77.7,1,0,0,1761.8,9470.54,2266.29,881362.0,0.956,129,50796,0.126,0.07,100.0,0.035,3.79,531034.8
180,城市_180,2022,3,特大城市,290.04,75.8,0,0,0,317.92,10961.16,419.37,110386.4,0.902,12,7624,0.127,0.064,100.0,0.062,2.46,62654.0
181,城市_181,2022,0,小城市,64.92,91.9,1,0,0,57.9,8918.35,63.02,23319.0,0.921,1,1904,0.11,0.037,100.0,0.057,0.95,13167.7
182,城市_182,2022,0,小城市,53.55,50.0,0,0,0,38.06,7106.41,76.11,24210.2,0.879,1,1989,0.122,0.073,100.0,0.059,1.27,14218.4
183,城市_183,2022,2,大城市,245.38,97.5,0,0,0,244.47,9963.05,250.85,99296.9,0.894,10,5378,0.113,0.076,100.0,0.06,1.66,58121.0
184,城市_184,2022,1,中等城市,120.17,80.9,1,0,0,103.07,8577.0,127.47,44408.6,0.873,3,4450,0.106,0.068,100.0,0.064,0.69,25928.4
185,城市_185,2022,3,特大城市,304.31,167.4,0,0,0,341.44,11220.23,203.98,101853.7,0.888,21,18606,0.074,0.094,100.0,0.055,1.06,62537.5
186,城市_186,2022,2,大城市,237.17,195.1,0,0,0,209.47,8832.41,107.38,104523.0,0.883,6,9130,0.101,0.055,100.0,0.065,0.77,62961.7
187,城市_187,2022,1,中等城市,142.11,665.8,0,0,0,137.4,9668.33,20.64,49049.6,0.924,7,4788,0.103,0.067,100.0,0.048,0.78,29005.7
188,城市_188,2022,0,小城市,65.82,317.5,0,0,0,74.97,11390.77,23.62,22465.9,0.888,1,2011,0.141,0.04,100.0,0.063,0.5,13602.9
189,城市_189,2022,0,小城市,33.53,93.5,1,0,0,26.24,7825.69,28.05,11675.3,0.903,0,1614,0.115,0.1,100.0,0.055,1.33,6657.9
190,城市_190,2022,1,中等城市,101.22,72.3,1,0,0,81.66,8067.18,112.89,42842.5,0.895,4,2906,0.133,0.092,100.0,0.066,2.19,25840.8
191,城市_191,2022,3,特大城市,372.39,220.0,1,0,1,379.55,10192.36,172.54,159784.0,0.884,13,23837,0.122,0.06,100.0,0.057,1.67,96592.3
192,城市_192,2022,2,大城市,190.02,51.6,0,0,0,153.61,8083.72,297.6,73176.9,0.902,9,12485,0.091,0.063,100.0,0.055,0.59,40606.5
193,城市_193,2022,0,小城市,42.88,642.4,1,0,0,45.01,10495.93,7.01,15910.6,0.913,0,1703,0.103,0.078,100.0,0.063,0.75,10021.6
194,城市_194,2022,2,大城市,181.57,381.3,1,0,1,158.55,8732.19,41.58,67337.8,0.881,5,6656,0.11,0.052,100.0,0.063,1.06,38622.1
195,城市_195,2022,2,大城市,224.33,102.0,0,0,1,187.01,8336.44,183.4,89209.1,0.922,6,11242,0.087,0.043,100.0,0.061,0.85,53767.1
196,城市_196,2022,0,小城市,62.98,50.0,0,0,1,42.39,6730.52,84.78,23379.4,0.885,1,3217,0.094,0.069,100.0,0.054,1.53,14844.4
197,城市_197,2022,2,大城市,177.61,438.4,1,0,0,177.57,9997.55,40.51,74597.8,0.895,6,5130,0.101,0.056,100.0,0.056,1.69,46830.3
198,城市_198,2022,2,大城市,161.57,135.4,0,0,0,154.56,9565.68,114.13,67532.5,0.915,6,5075,0.136,0.058,100.0,0.058,0.68,40589.1
199,城市_199,2022,0,小城市,48.86,399.5,1,0,0,33.72,6899.97,8.44,18523.5,0.888,1,1208,0.06,0.035,100.0,0.059,1.44,10912.6
0,城市_000,2023,2,大城市,266.1,197.6,0,0,0,188.44,7081.55,95.36,104902.1,0.929,14,12912,0.137,0.065,100.0,0.058,1.19,61786.2
1,城市_001,2023,1,中等城市,139.9,232.4,0,0,0,135.7,9699.58,58.38,60764.1,0.935,4,4402,0.129,0.085,100.0,0.052,0.66,35746.8
2,城市_002,2023,3,特大城市,295.55,353.0,0,0,0,243.75,8247.25,69.05,111793.5,0.906,7,6732,0.088,0.03,100.0,0.055,1.95,73678.9
3,城市_003,2023,3,特大城市,705.54,344.8,1,0,0,649.72,9208.87,188.42,280166.0,0.942,33,40585,0.139,0.058,100.0,0.06,2.31,175998.0
4,城市_004,2023,1,中等城市,117.18,50.0,1,0,0,80.47,6867.16,160.93,46346.1,0.896,4,7984,0.09,0.03,100.0,0.06,1.64,26750.1
5,城市_005,2023,1,中等城市,125.19,70.1,1,0,0,108.42,8660.6,154.69,45656.1,0.921,3,7315,0.066,0.054,100.0,0.059,1.04,28175.7
6,城市_006,2023,3,特大城市,762.18,224.1,1,0,1,1084.54,14229.39,483.99,322539.6,0.924,36,25352,0.111,0.075,100.0,0.062,1.84,194669.0
7,城市_007,2023,3,特大城市,350.75,223.9,0,0,0,358.48,10220.45,160.14,124584.4,0.918,10,9125,0.117,0.091,100.0,0.05,1.0,76214.1
8,城市_008,2023,1,中等城市,99.53,224.1,1,0,0,69.89,7021.97,31.19,44865.7,0.911,3,2659,0.093,0.055,100.0,0.053,1.33,27104.3
9,城市_009,2023,3,特大城市,281.73,3236.3,1,0,0,296.94,10539.8,9.18,100606.2,0.875,9,6254,0.101,0.078,100.0,0.066,0.91,63954.3
10,城市_010,2023,1,中等城市,97.07,234.3,1,0,0,73.81,7603.64,31.5,35675.6,0.88,1,3457,0.125,0.064,100.0,0.059,2.07,21775.3
11,城市_011,2023,1,中等城市,102.2,368.1,0,0,1,100.68,9850.89,27.35,38541.9,0.905,2,6086,0.105,0.044,100.0,0.058,0.5,23053.3
12,城市_012,2023,2,大城市,197.51,318.4,0,0,0,191.1,9675.42,60.02,89936.5,0.871,9,6963,0.088,0.03,100.0,0.052,1.44,56773.8
13,城市_013,2023,0,小城市,23.78,249.9,0,0,0,10.56,4442.4,4.23,7518.7,0.917,0,957,0.115,0.056,100.0,0.062,1.82,4563.9
14,城市_014,2023,0,小城市,26.88,115.3,1,0,0,16.17,6016.68,14.02,11140.2,0.918,1,1493,0.105,0.03,100.0,0.062,1.34,6724.7
15,城市_015,2023,1,中等城市,90.38,272.4,0,0,0,82.43,9120.34,30.26,36083.3,0.909,3,2945,0.052,0.078,100.0,0.054,1.23,21989.9
16,城市_016,2023,0,小城市,53.93,80.0,0,0,0,41.43,7682.34,51.8,20417.7,0.879,1,3653,0.11,0.048,100.0,0.059,0.6,12193.3
17,城市_017,2023,2,大城市,213.96,122.8,0,0,0,158.6,7412.63,129.15,77581.9,0.933,7,14308,0.113,0.079,100.0,0.056,0.64,46570.6
18,城市_018,2023,0,小城市,64.35,100.7,0,0,0,44.74,6952.9,44.45,24884.4,0.942,1,2275,0.102,0.042,100.0,0.061,1.48,14492.7
19,城市_019,2023,0,小城市,37.78,158.5,0,0,0,20.55,5440.88,12.97,12826.0,0.904,0,1168,0.119,0.056,100.0,0.054,1.81,7406.6
20,城市_020,2023,3,特大城市,661.16,945.5,0,0,0,632.69,9569.4,66.92,303706.4,0.927,30,29981,0.103,0.071,100.0,0.06,1.79,173125.7
21,城市_021,2023,1,中等城市,128.82,50.0,0,0,1,147.29,11434.09,294.59,45589.5,0.907,5,4269,0.11,0.052,100.0,0.063,0.63,25449.9
22,城市_022,2023,2,大城市,167.99,257.0,0,0,1,159.83,9514.48,62.2,64525.5,0.915,4,4368,0.073,0.046,100.0,0.056,0.5,37012.4
23,城市_023,2023,0,小城市,37.35,50.0,1,0,0,37.52,10046.89,75.04,12843.6,0.899,0,2017,0.109,0.059,100.0,0.059,0.57,7639.0
24,城市_024,2023,1,中等城市,91.49,101.7,0,0,0,82.78,9047.2,81.36,31788.2,0.902,2,4848,0.141,0.034,100.0,0.058,1.08,19171.3
25,城市_025,2023,2,大城市,189.98,354.7,1,0,0,189.25,9961.65,53.36,78615.7,0.923,13,7322,0.085,0.031,100.0,0.054,2.09,46529.6
26,城市_026,2023,0,小城市,51.53,156.2,0,0,0,51.79,10050.77,33.15,19650.9,0.948,1,1297,0.086,0.076,100.0,0.057,1.42,10401.8
27,城市_027,2023,2,大城市,237.25,62.7,0,0,1,219.29,9243.09,349.94,103059.8,0.878,10,6035,0.092,0.071,100.0,0.056,1.52,66704.2
28,城市_028,2023,1,中等城市,87.49,83.7,1,0,0,67.12,7671.04,80.14,28467.6,0.9,1,3323,0.105,0.054,100.0,0.067,0.93,18008.4
29,城市_029,2023,1,中等城市,118.23,255.6,0,0,0,112.3,9498.58,43.93,49028.3,0.879,4,3743,0.082,0.086,100.0,0.064,0.89,30072.6
30,城市_030,2023,1,中等城市,80.35,82.7,0,0,0,78.16,9727.19,94.46,36677.7,0.934,2,2668,0.11,0.047,100.0,0.064,1.83,24105.5
31,城市_031,2023,3,特大城市,984.02,176.5,0,0,0,924.69,9397.01,523.98,401869.6,0.913,58,49188,0.142,0.102,100.0,0.052,2.61,229338.6
32,城市_032,2023,1,中等城市,153.2,153.9,1,0,0,114.85,7496.53,74.61,68783.8,0.875,4,7022,0.115,0.057,100.0,0.053,0.5,45165.5
33,城市_033,2023,0,小城市,51.73,88.1,0,0,0,39.5,7635.15,44.82,18510.1,0.914,1,2877,0.066,0.031,100.0,0.059,0.74,10570.1
34,城市_034,2023,3,特大城市,346.44,824.8,1,0,0,356.3,10284.42,43.2,124753.1,0.944,13,9468,0.129,0.096,100.0,0.061,1.1,75745.4
35,城市_035,2023,0,小城市,43.8,246.4,0,0,0,36.3,8286.97,14.73,15491.5,0.914,0,1453,0.12,0.071,100.0,0.053,0.79,8702.9
36,城市_036,2023,2,大城市,193.86,50.0,0,0,0,133.97,6910.63,267.94,82301.1,0.909,9,8955,0.122,0.053,100.0,0.061,1.58,49417.0
37,城市_037,2023,0,小城市,22.73,172.3,0,0,0,20.82,9159.56,12.08,7455.0,0.909,0,956,0.108,0.065,100.0,0.071,0.98,4559.4
38,城市_038,2023,0,小城市,43.1,87.4,0,0,0,28.74,6666.87,32.88,14876.4,0.929,1,2511,0.106,0.043,100.0,0.065,1.03,8856.8
39,城市_039,2023,2,大城市,194.11,293.5,0,0,0,159.64,8224.02,54.39,79469.8,0.887,8,8101,0.126,0.072,100.0,0.065,1.95,49383.8
40,城市_040,2023,3,特大城市,320.35,78.7,0,0,0,251.98,7865.76,320.07,128271.2,0.906,10,20516,0.147,0.03,100.0,0.058,1.14,77343.7
41,城市_041,2023,2,大城市,176.51,135.4,0,0,0,224.24,12703.46,165.61,71871.0,0.895,5,7635,0.085,0.034,100.0,0.063,2.2,41996.2
42,城市_042,2023,1,中等城市,133.17,222.3,1,0,0,113.72,8539.44,51.16,52001.5,0.88,4,6737,0.125,0.073,100.0,0.055,0.87,30316.6
43,城市_043,2023,1,中等城市,112.25,296.7,0,0,0,79.96,7122.85,26.95,44308.7,0.896,3,3747,0.101,0.048,100.0,0.063,1.22,27663.2
44,城市_044,2023,0,小城市,34.97,56.8,0,0,0,28.61,8179.23,50.35,12107.2,0.923,0,1292,0.098,0.055,100.0,0.063,0.91,7026.9
45,城市_045,2023,0,小城市,76.31,113.6,1,0,1,66.64,8731.74,58.67,28967.4,0.913,2,3689,0.071,0.03,100.0,0.061,1.18,18175.9
46,城市_046,2023,1,中等城市,96.43,101.5,0,0,0,74.7,7746.92,73.6,33753.0,0.915,5,5755,0.097,0.089,100.0,0.066,1.37,21489.9
47,城市_047,2023,3,特大城市,457.82,88.0,0,0,0,485.09,10595.51,551.24,206832.5,0.915,18,20961,0.092,0.086,100.0,0.053,1.92,113745.2
48,城市_048,2023,2,大城市,220.56,609.3,1,0,0,168.96,7660.33,27.73,82374.9,0.916,5,7914,0.096,0.052,100.0,0.057,0.96,52224.7
49,城市_049,2023,0,小城市,27.02,205.2,1,0,0,17.56,6499.73,8.56,10463.0,0.885,0,1502,0.079,0.043,100.0,0.06,0.5,6924.6
50,城市_050,2023,2,大城市,225.17,54.1,0,0,0,144.7,6426.46,267.35,86923.1,0.9,14,4291,0.097,0.076,100.0,0.053,2.6,52811.0
51,城市_051,2023,1,中等城市,103.48,309.3,1,0,0,68.09,6580.2,22.02,39788.1,0.906,3,2484,0.095,0.092,100.0,0.06,0.92,24588.0
52,城市_052,2023,1,中等城市,81.03,810.6,0,0,0,83.18,10266.12,10.26,29106.0,0.908,1,3657,0.104,0.071,100.0,0.051,1.47,18369.1
53,城市_053,2023,3,特大城市,290.23,339.0,0,0,0,331.01,11405.1,97.65,106586.2,0.914,11,10722,0.075,0.101,100.0,0.062,0.64,63070.9
54,城市_054,2023,3,特大城市,437.28,50.0,0,0,0,410.56,9388.88,821.12,154633.6,0.908,14,19291,0.082,0.043,100.0,0.056,1.53,93625.8
55,城市_055,2023,3,特大城市,410.19,100.7,1,0,0,486.19,11852.89,482.59,152787.0,0.903,22,15384,0.118,0.044,100.0,0.053,1.57,85648.4
56,城市_056,2023,0,小城市,69.82,408.9,0,0,0,52.55,7527.12,12.85,25237.8,0.965,1,3048,0.086,0.03,100.0,0.055,1.34,15247.7
57,城市_057,2023,1,中等城市,112.42,84.3,0,0,0,87.73,7803.67,104.12,43437.2,0.921,3,3239,0.124,0.062,100.0,0.058,0.5,26711.4
58,城市_058,2023,2,大城市,218.18,211.7,0,0,0,190.55,8733.94,90.02,92891.5,0.914,6,9524,0.11,0.059,100.0,0.061,1.42,57173.3
59,城市_059,2023,3,特大城市,421.24,275.8,0,0,0,382.89,9089.39,138.82,164966.1,0.906,19,20883,0.123,0.058,100.0,0.058,1.07,104252.4
60,城市_060,2023,1,中等城市,96.76,70.7,0,0,0,74.67,7717.74,105.62,33997.0,0.893,2,5133,0.131,0.069,100.0,0.055,1.31,19608.0
61,城市_061,2023,1,中等城市,133.07,141.5,0,0,0,130.08,9774.92,91.92,45425.0,0.901,4,8956,0.097,0.078,100.0,0.054,0.69,26529.2
62,城市_062,2023,0,小城市,52.53,50.0,0,0,0,40.24,7660.02,80.47,19962.0,0.907,1,2079,0.09,0.03,100.0,0.063,0.65,13112.3
63,城市_063,2023,0,小城市,50.23,65.4,0,0,0,41.67,8296.27,63.72,20473.6,0.864,0,2006,0.119,0.039,100.0,0.056,0.94,12191.8
64,城市_064,2023,3,特大城市,339.2,121.3,0,0,0,358.69,10574.62,295.8,150693.4,0.877,17,7901,0.119,0.075,100.0,0.057,0.99,91320.4
65,城市_065,2023,3,特大城市,609.14,54.7,0,0,0,620.89,10192.93,1135.18,266525.2,0.903,29,19106,0.112,0.056,100.0,0.054,1.7,159379.3
66,城市_066,2023,1,中等城市,142.67,547.8,0,0,0,102.29,7169.77,18.67,57725.3,0.908,3,4953,0.131,0.038,100.0,0.06,0.62,33212.2
67,城市_067,2023,3,特大城市,437.32,50.0,0,0,0,331.89,7589.27,663.78,203675.1,0.906,39,22046,0.107,0.082,100.0,0.06,0.75,132125.2
68,城市_068,2023,2,大城市,215.53,104.4,1,0,0,190.63,8844.64,182.64,86864.3,0.935,9,6600,0.106,0.03,100.0,0.051,1.84,50743.5
69,城市_069,2023,1,中等城市,83.47,164.8,0,0,0,63.87,7652.59,38.76,32897.5,0.872,2,3899,0.103,0.046,100.0,0.05,0.5,18626.0
70,城市_070,2023,2,大城市,221.9,470.1,0,0,1,195.04,8789.63,41.49,85003.3,0.891,13,8159,0.087,0.062,100.0,0.055,1.25,49852.6
71,城市_071,2023,3,特大城市,717.5,50.0,0,0,0,699.91,9754.79,1399.81,268171.2,0.949,64,25029,0.12,0.057,100.0,0.062,2.48,144798.7
72,城市_072,2023,1,中等城市,145.58,376.4,0,0,1,178.24,12243.67,47.36,53042.3,0.906,4,5770,0.132,0.069,100.0,0.069,0.92,30789.0
73,城市_073,2023,3,特大城市,742.74,149.6,0,0,0,597.0,8037.83,398.98,309870.1,0.937,43,24298,0.128,0.058,100.0,0.062,1.73,176922.2
74,城市_074,2023,0,小城市,22.0,67.7,0,0,0,11.19,5084.73,16.53,7741.4,0.942,0,711,0.101,0.079,100.0,0.059,1.15,4788.2
75,城市_075,2023,3,特大城市,358.01,214.8,0,0,0,342.78,9574.59,159.59,168128.4,0.895,14,7897,0.106,0.057,100.0,0.047,2.11,97480.4
76,城市_076,2023,2,大城市,175.01,174.0,0,0,1,140.06,8002.79,80.48,68417.7,0.902,5,5976,0.111,0.068,100.0,0.046,0.68,42872.9
77,城市_077,2023,1,中等城市,122.6,91.8,0,0,0,104.98,8562.25,114.33,51405.7,0.898,4,3905,0.118,0.068,100.0,0.056,1.11,33000.1
78,城市_078,2023,2,大城市,173.98,156.9,0,0,0,160.7,9237.12,102.4,65240.7,0.865,6,5482,0.117,0.042,100.0,0.057,0.5,40673.3
79,城市_079,2023,0,小城市,21.23,109.0,0,0,0,17.57,8278.82,16.12,7237.1,0.894,0,885,0.094,0.03,100.0,0.066,0.84,4295.5
80,城市_080,2023,1,中等城市,128.18,162.5,0,0,0,83.87,6543.06,51.61,44072.1,0.921,4,5745,0.11,0.06,100.0,0.063,1.21,26629.8
81,城市_081,2023,2,大城市,221.51,252.1,0,0,0,176.74,7978.72,70.11,82034.0,0.916,5,8736,0.115,0.057,100.0,0.059,0.91,45467.4
82,城市_082,2023,3,特大城市,680.23,527.9,0,0,0,705.48,10371.27,133.65,294929.5,0.93,26,33732,0.097,0.078,100.0,0.049,1.81,175774.0
83,城市_083,2023,1,中等城市,89.67,55.1,0,0,0,79.61,8878.29,144.39,33701.3,0.895,2,3920,0.106,0.048,100.0,0.054,0.5,19350.8
84,城市_084,2023,0,小城市,72.1,817.6,0,1,0,77.5,10749.02,9.48,28887.2,0.889,1,2427,0.059,0.043,100.0,0.061,1.15,17934.0
85,城市_085,2023,1,中等城市,94.28,50.0,1,0,1,86.51,9175.29,173.01,36021.6,0.928,4,3018,0.112,0.093,100.0,0.063,1.67,24393.2
86,城市_086,2023,3,特大城市,395.5,131.4,0,0,1,360.85,9123.89,274.53,155555.1,0.9,12,15981,0.123,0.031,100.0,0.058,1.06,95665.6
87,城市_087,2023,2,大城市,212.2,237.6,0,0,0,160.34,7555.99,67.48,98820.1,0.911,7,9272,0.12,0.07,100.0,0.053,1.01,53389.1
88,城市_088,2023,1,中等城市,93.92,185.8,1,0,0,68.58,7301.82,36.91,35095.7,0.906,3,5255,0.094,0.041,100.0,0.062,1.4,20677.1
89,城市_089,2023,3,特大城市,257.28,90.2,1,0,1,207.32,8057.88,229.88,111805.1,0.936,9,13530,0.113,0.05,100.0,0.06,2.0,67493.9
90,城市_090,2023,2,大城市,172.83,125.7,0,0,0,161.26,9330.22,128.34,64965.8,0.924,7,5404,0.133,0.048,100.0,0.053,0.52,39149.7
91,城市_091,2023,3,特大城市,425.71,100.0,0,0,0,410.2,9635.66,410.02,182955.7,0.885,18,15189,0.139,0.045,100.0,0.052,1.57,105762.2
92,城市_092,2023,1,中等城市,79.88,92.6,1,0,1,51.19,6409.0,55.27,32130.9,0.878,2,3593,0.101,0.063,100.0,0.063,1.26,19515.0
93,城市_093,2023,1,中等城市,113.42,292.9,1,0,0,86.07,7588.43,29.39,43831.8,0.914,3,5748,0.106,0.081,100.0,0.058,1.12,24665.2
94,城市_094,2023,1,中等城市,100.97,197.5,0,0,0,92.21,9131.99,46.69,31602.9,0.901,3,4923,0.125,0.062,100.0,0.067,0.5,18065.9
95,城市_095,2023,0,小城市,39.75,85.3,0,0,0,30.5,7673.84,35.78,14357.5,0.892,0,1434,0.071,0.053,100.0,0.062,1.31,8892.6
96,城市_096,2023,2,大城市,222.84,304.8,0,0,1,210.62,9451.67,69.1,96662.8,0.926,7,5627,0.099,0.036,100.0,0.055,2.1,55052.4
97,城市_097,2023,2,大城市,208.86,189.8,0,0,1,190.72,9131.44,100.5,85366.3,0.909,8,5693,0.132,0.066,100.0,0.058,1.38,52598.1
98,城市_098,2023,2,大城市,154.82,284.4,0,0,1,165.24,10672.98,58.11,61935.6,0.905,6,6181,0.123,0.097,100.0,0.059,0.72,34616.8
99,城市_099,2023,1,中等城市,124.15,245.6,0,0,0,105.16,8470.89,42.82,41297.4,0.919,6,5060,0.111,0.046,100.0,0.055,0.93,26964.9
100,城市_100,2023,0,小城市,37.64,76.5,0,0,1,25.71,6831.82,33.63,12779.0,0.893,0,995,0.071,0.043,100.0,0.055,1.94,7370.6
101,城市_101,2023,1,中等城市,107.31,94.8,1,0,0,75.35,7021.64,79.47,42031.8,0.934,5,4000,0.102,0.042,100.0,0.062,1.62,24937.1
102,城市_102,2023,1,中等城市,112.66,269.8,0,0,0,94.69,8404.51,35.09,44233.5,0.887,3,5008,0.091,0.043,100.0,0.063,1.49,26978.8
103,城市_103,2023,0,小城市,68.99,241.8,0,0,0,36.84,5339.85,15.23,28187.5,0.915,2,1796,0.108,0.03,100.0,0.062,1.28,16434.4
104,城市_104,2023,1,中等城市,132.19,146.0,1,0,0,105.81,8004.37,72.5,50043.6,0.932,5,6774,0.087,0.061,100.0,0.066,0.87,30241.5
105,城市_105,2023,2,大城市,243.78,163.0,1,0,0,207.03,8492.47,127.0,99440.6,0.879,7,8007,0.086,0.039,100.0,0.055,1.27,61380.8
106,城市_106,2023,3,特大城市,1088.21,412.5,0,0,0,904.77,8314.33,219.36,463701.9,0.921,68,58380,0.087,0.046,100.0,0.057,2.63,291584.3
107,城市_107,2023,2,大城市,196.1,92.5,0,0,0,146.15,7452.99,158.07,70782.0,0.928,7,6147,0.129,0.07,100.0,0.053,1.58,44149.9
108,城市_108,2023,2,大城市,208.33,229.9,0,0,0,202.76,9732.58,88.19,68146.7,0.928,9,5632,0.097,0.034,100.0,0.053,2.07,40536.8
109,城市_109,2023,1,中等城市,145.11,126.2,0,0,0,124.8,8599.91,98.85,57795.3,0.9,4,4652,0.107,0.047,100.0,0.05,1.78,34422.9
110,城市_110,2023,0,小城市,20.98,124.7,0,0,0,14.53,6925.21,11.65,7432.6,0.886,0,750,0.1,0.08,100.0,0.058,0.5,4983.4
111,城市_111,2023,1,中等城市,154.72,357.5,0,0,0,135.46,8755.09,37.9,56842.0,0.923,8,5065,0.083,0.03,100.0,0.056,1.35,35725.0
112,城市_112,2023,2,大城市,167.27,287.2,0,0,0,142.95,8546.57,49.77,56943.3,0.928,5,5767,0.079,0.03,100.0,0.061,1.62,32591.3
113,城市_113,2023,3,特大城市,1857.09,284.5,0,0,0,2410.95,12982.43,847.37,853639.4,0.924,156,75517,0.127,0.103,100.0,0.042,4.16,514744.3
114,城市_114,2023,1,中等城市,130.14,421.7,0,0,0,108.92,8369.15,25.83,48755.4,0.879,4,4548,0.089,0.076,100.0,0.053,0.88,28763.1
115,城市_115,2023,2,大城市,204.73,150.9,0,0,0,141.55,6913.79,93.78,83793.3,0.91,12,7383,0.113,0.03,100.0,0.056,2.77,49935.8
116,城市_116,2023,1,中等城市,154.63,256.1,0,0,0,165.11,10677.56,64.47,69286.4,0.917,4,3406,0.088,0.062,100.0,0.057,0.6,39016.2
117,城市_117,2023,0,小城市,49.86,115.8,0,1,0,39.27,7875.32,33.91,15324.4,0.895,1,2063,0.136,0.063,100.0,0.051,0.53,9005.2
118,城市_118,2023,3,特大城市,503.83,192.4,0,0,1,435.01,8634.08,226.15,195078.8,0.926,37,18045,0.133,0.03,100.0,0.05,1.89,127649.1
119,城市_119,2023,3,特大城市,343.45,133.7,1,0,0,258.13,7515.83,193.01,135677.8,0.895,12,20482,0.125,0.075,100.0,0.053,2.58,83763.7
120,城市_120,2023,3,特大城市,353.6,160.4,0,0,0,341.36,9654.04,212.84,159808.2,0.867,24,9812,0.107,0.077,100.0,0.064,1.12,83941.7
121,城市_121,2023,0,小城市,62.67,238.9,0,1,0,46.96,7492.72,19.65,20286.3,0.893,2,1340,0.132,0.045,100.0,0.06,0.96,12912.3
122,城市_122,2023,3,特大城市,639.14,77.1,1,0,1,782.13,12237.34,1014.12,309209.8,0.918,30,28302,0.112,0.091,100.0,0.057,2.52,195633.6
123,城市_123,2023,0,小城市,38.87,791.5,0,0,0,26.8,6895.69,3.39,14156.1,0.895,0,1586,0.1,0.074,100.0,0.052,1.05,8341.1
124,城市_124,2023,3,特大城市,284.13,66.4,0,0,1,222.94,7846.54,335.93,112196.3,0.884,11,7723,0.111,0.059,100.0,0.063,1.27,69732.0
125,城市_125,2023,3,特大城市,1449.65,56.2,0,0,0,1741.96,12016.41,3100.41,615981.3,0.901,92,33702,0.151,0.078,100.0,0.052,3.5,353707.5
126,城市_126,2023,0,小城市,59.61,374.8,0,0,1,51.95,8716.17,13.86,21184.2,0.891,2,3477,0.114,0.032,100.0,0.049,1.23,12411.7
127,城市_127,2023,1,中等城市,94.97,279.6,1,0,0,77.49,8159.66,27.72,38906.1,0.92,4,5340,0.093,0.052,100.0,0.056,1.66,25092.7
128,城市_128,2023,2,大城市,185.54,244.5,0,0,1,174.92,9427.81,71.54,66351.9,0.93,5,3236,0.094,0.066,100.0,0.061,1.93,39270.2
129,城市_129,2023,1,中等城市,95.42,245.3,0,0,0,75.52,7914.76,30.78,36960.4,0.926,3,3059,0.115,0.046,100.0,0.062,1.3,20103.1
130,城市_130,2023,0,小城市,29.78,147.0,0,0,0,21.8,7320.49,14.83,10264.6,0.884,0,1804,0.115,0.03,100.0,0.056,1.19,6139.3
131,城市_131,2023,2,大城市,174.89,72.4,0,0,0,176.35,10083.78,243.58,63904.7,0.881,8,5577,0.097,0.08,100.0,0.057,1.38,38192.1
132,城市_132,2023,0,小城市,53.58,157.7,0,0,0,44.16,8242.59,28.01,24122.2,0.911,1,1701,0.07,0.055,100.0,0.056,1.33,15340.5
133,城市_133,2023,2,大城市,246.99,86.3,0,0,0,211.19,8550.58,244.61,100922.4,0.919,5,8347,0.102,0.049,100.0,0.058,1.41,60596.9
134,城市_134,2023,0,小城市,62.07,323.8,0,0,1,57.92,9331.29,17.89,24040.6,0.91,1,1631,0.114,0.069,100.0,0.065,1.09,14120.3
135,城市_135,2023,3,特大城市,732.29,131.9,1,0,1,503.26,6872.44,381.43,334633.2,0.878,26,16153,0.155,0.099,100.0,0.049,2.72,211271.2
136,城市_136,2023,0,小城市,73.27,76.7,0,0,0,77.23,10540.74,100.72,24316.0,0.885,2,3696,0.078,0.03,100.0,0.064,1.87,14677.7
137,城市_137,2023,1,中等城市,108.98,114.8,0,0,0,68.07,6246.61,59.31,47555.3,0.902,4,2306,0.094,0.061,100.0,0.055,0.5,27463.2
138,城市_138,2023,3,特大城市,344.14,206.5,0,0,0,284.19,8257.83,137.62,113117.0,0.919,16,13635,0.101,0.03,100.0,0.052,1.53,71789.7
139,城市_139,2023,0,小城市,46.46,94.5,0,0,0,34.15,7351.02,36.13,15880.3,0.917,1,2230,0.128,0.061,100.0,0.064,0.73,9620.4
140,城市_140,2023,2,大城市,201.37,76.9,0,0,0,169.21,8403.01,220.1,75921.2,0.908,8,4793,0.104,0.058,100.0,0.063,1.15,45559.4
141,城市_141,2023,3,特大城市,593.1,180.4,0,0,0,661.48,11152.98,366.76,256516.6,0.922,19,16535,0.097,0.078,100.0,0.058,2.11,155279.1
142,城市_142,2023,0,小城市,30.84,180.5,0,0,0,18.66,6052.6,10.34,11174.6,0.902,0,1632,0.112,0.041,100.0,0.053,1.38,6345.8
143,城市_143,2023,2,大城市,184.04,98.9,0,0,0,162.88,8850.7,164.64,70708.7,0.918,7,7943,0.097,0.03,100.0,0.056,1.23,41305.9
144,城市_144,2023,2,大城市,201.21,101.8,0,0,0,158.46,7875.45,155.64,78620.9,0.911,7,6150,0.081,0.046,100.0,0.062,0.5,47181.0
145,城市_145,2023,3,特大城市,346.64,178.7,1,0,0,328.96,9489.95,184.1,128827.8,0.91,11,18290,0.091,0.067,100.0,0.057,1.05,76544.3
146,城市_146,2023,0,小城市,47.74,50.0,0,0,0,35.07,7345.13,70.14,15415.5,0.896,0,2522,0.136,0.072,100.0,0.054,1.52,9837.7
147,城市_147,2023,0,小城市,39.57,50.0,0,0,0,29.2,7378.32,58.39,15122.4,0.903,0,1578,0.109,0.03,100.0,0.062,0.5,9172.0
148,城市_148,2023,3,特大城市,263.71,83.5,0,0,1,214.4,8130.19,256.67,110511.2,0.916,10,7405,0.109,0.077,100.0,0.054,2.0,69141.0
149,城市_149,2023,2,大城市,203.76,125.1,1,0,0,162.33,7966.59,129.74,90520.1,0.911,9,6621,0.1,0.042,100.0,0.067,1.57,54337.5
150,城市_150,2023,2,大城市,192.66,190.3,0,0,0,171.99,8927.54,90.37,70582.2,0.913,7,7723,0.111,0.062,100.0,0.066,1.95,44586.0
151,城市_151,2023,2,大城市,229.1,483.1,0,0,0,229.72,10026.98,47.55,95327.9,0.933,14,7964,0.111,0.046,100.0,0.061,1.25,58333.6
152,城市_152,2023,1,中等城市,81.07,294.8,1,0,0,58.02,7156.51,19.68,29620.2,0.907,1,3952,0.108,0.056,100.0,0.066,0.5,17784.1
153,城市_153,2023,2,大城市,201.31,130.6,1,0,1,151.79,7539.97,116.23,86605.1,0.892,9,4680,0.107,0.073,100.0,0.058,1.52,51928.6
154,城市_154,2023,2,大城市,216.9,146.2,1,0,0,205.82,9489.26,140.81,92407.2,0.923,8,5096,0.123,0.031,100.0,0.062,1.97,52798.4
155,城市_155,2023,0,小城市,76.01,66.6,0,0,0,58.83,7739.33,88.4,28800.2,0.875,2,2952,0.102,0.038,100.0,0.067,1.58,17718.1
156,城市_156,2023,3,特大城市,1004.69,146.2,0,0,0,1151.62,11462.5,787.53,414435.4,0.904,49,31892,0.106,0.079,100.0,0.051,2.21,248161.3
157,城市_157,2023,2,大城市,269.58,117.8,0,0,1,208.24,7724.88,176.76,115537.1,0.914,15,8216,0.095,0.105,100.0,0.056,1.46,67582.3
158,城市_158,2023,0,小城市,47.51,192.1,1,0,1,26.97,5676.46,14.04,18204.4,0.912,1,1028,0.062,0.034,100.0,0.051,0.81,11526.9
159,城市_159,2023,3,特大城市,310.29,76.6,0,0,0,257.14,8287.21,335.82,117407.7,0.883,10,11482,0.148,0.099,100.0,0.056,1.07,66041.1
160,城市_160,2023,0,小城市,59.44,224.9,0,0,0,40.18,6760.83,17.87,19667.4,0.894,1,2152,0.119,0.092,100.0,0.064,1.57,11551.2
161,城市_161,2023,3,特大城市,327.55,505.8,0,0,0,292.19,8920.63,57.77,128272.8,0.896,12,14659,0.092,0.056,100.0,0.061,0.9,80918.6
162,城市_162,2023,3,特大城市,472.13,136.0,1,0,1,402.07,8516.04,295.54,217539.3,0.902,25,17731,0.106,0.056,100.0,0.058,1.28,132582.7
163,城市_163,2023,0,小城市,68.15,204.7,0,0,0,58.57,8595.15,28.62,27673.5,0.921,1,2409,0.089,0.038,100.0,0.057,0.55,16564.4
164,城市_164,2023,3,特大城市,425.68,257.8,0,0,1,377.96,8879.02,146.62,158129.0,0.925,19,22291,0.142,0.06,100.0,0.046,0.91,96068.2
165,城市_165,2023,2,大城市,243.54,107.7,0,0,0,218.16,8957.83,202.63,87589.0,0.906,10,6043,0.078,0.03,100.0,0.055,1.45,53024.8
166,城市_166,2023,3,特大城市,368.06,177.6,0,0,0,344.25,9353.24,193.89,164292.2,0.898,16,15903,0.112,0.058,100.0,0.055,2.14,91100.0
167,城市_167,2023,3,特大城市,1019.46,149.9,0,0,0,1063.88,10435.76,709.65,394870.0,0.899,86,22716,0.124,0.106,100.0,0.048,2.47,232784.6
168,城市_168,2023,1,中等城市,129.18,160.5,0,0,0,105.66,8179.72,65.84,51470.2,0.932,5,3695,0.12,0.041,100.0,0.062,0.5,33378.2
169,城市_169,2023,0,小城市,72.04,80.0,0,0,0,60.15,8350.31,75.22,25476.5,0.914,2,1841,0.1,0.047,100.0,0.069,1.53,14782.0
170,城市_170,2023,0,小城市,65.11,151.4,0,0,0,44.24,6794.11,29.23,27394.6,0.888,1,3028,0.066,0.03,100.0,0.06,1.94,16175.1
171,城市_171,2023,0,小城市,69.64,221.1,0,0,0,66.21,9508.31,29.95,24284.8,0.916,2,2512,0.097,0.059,100.0,0.058,0.78,14176.3
172,城市_172,2023,1,中等城市,145.07,473.9,0,0,0,116.31,8017.53,24.54,61163.1,0.902,5,5315,0.084,0.059,100.0,0.057,0.98,36538.2
173,城市_173,2023,2,大城市,230.37,319.7,0,0,0,164.78,7153.15,51.54,92063.1,0.9,5,6080,0.107,0.057,100.0,0.058,1.61,53627.3
174,城市_174,2023,2,大城市,203.42,830.9,0,0,0,179.92,8844.61,21.65,81227.6,0.914,7,6840,0.134,0.051,100.0,0.054,2.12,49922.7
175,城市_175,2023,3,特大城市,346.07,80.3,0,0,1,276.49,7989.41,344.2,118791.0,0.894,9,10124,0.074,0.053,100.0,0.057,1.27,71977.8
176,城市_176,2023,2,大城市,159.65,298.2,0,0,1,147.98,9269.08,49.62,51750.9,0.897,8,6589,0.088,0.064,100.0,0.061,0.58,32251.5
177,城市_177,2023,3,特大城市,665.91,171.9,0,0,1,900.16,13517.66,523.78,271673.0,0.919,33,18196,0.106,0.066,100.0,0.054,2.34,154438.4
178,城市_178,2023,1,中等城市,133.28,855.6,0,0,1,97.55,7319.08,11.4,52085.2,0.893,4,7306,0.096,0.06,100.0,0.061,1.6,30719.3
179,城市_179,2023,3,特大城市,1957.14,77.7,1,0,0,2228.38,11385.91,2866.48,783846.2,0.963,170,43553,0.165,0.104,100.0,0.042,4.0,464999.8
180,城市_180,2023,3,特大城市,290.91,75.8,0,0,0,199.37,6853.5,262.99,106228.7,0.945,13,8402,0.104,0.08,100.0,0.048,1.17,65189.3
181,城市_181,2023,0,小城市,64.78,91.9,1,0,0,53.06,8190.45,57.75,25041.2,0.887,1,3941,0.11,0.065,100.0,0.063,1.6,14428.8
182,城市_182,2023,0,小城市,51.04,50.0,0,0,0,33.38,6538.55,66.75,19499.5,0.868,1,1648,0.089,0.055,100.0,0.056,1.34,12235.3
183,城市_183,2023,2,大城市,247.54,97.5,0,0,0,197.73,7987.62,202.89,96753.0,0.866,8,6138,0.111,0.087,100.0,0.052,1.0,61495.4
184,城市_184,2023,1,中等城市,126.38,80.9,1,0,0,87.76,6943.85,108.53,51404.9,0.9,2,4965,0.119,0.062,100.0,0.053,1.22,29317.9
185,城市_185,2023,3,特大城市,335.32,167.4,0,0,0,338.63,10098.64,202.3,122479.5,0.895,11,10696,0.094,0.085,100.0,0.059,0.84,71684.0
186,城市_186,2023,2,大城市,261.24,195.1,0,0,0,268.03,10259.56,137.39,100613.0,0.911,9,7479,0.122,0.069,100.0,0.056,1.74,58762.2
187,城市_187,2023,1,中等城市,147.42,665.8,0,0,0,123.1,8350.01,18.49,64769.3,0.906,4,3903,0.105,0.03,100.0,0.05,1.09,43976.5
188,城市_188,2023,0,小城市,66.89,317.5,0,0,0,45.11,6742.9,14.21,24896.9,0.87,1,5646,0.123,0.078,100.0,0.062,0.88,14617.0
189,城市_189,2023,0,小城市,34.9,93.5,1,0,0,31.82,9117.69,34.01,12631.7,0.865,1,1190,0.097,0.054,100.0,0.052,1.04,8214.8
190,城市_190,2023,1,中等城市,99.25,72.3,1,0,0,70.87,7140.85,97.98,45059.5,0.908,3,2048,0.11,0.051,100.0,0.06,1.17,25323.5
191,城市_191,2023,3,特大城市,389.91,220.0,1,0,1,259.04,6643.62,117.76,140935.4,0.913,17,22453,0.109,0.066,100.0,0.057,2.05,80377.0
192,城市_192,2023,2,大城市,194.01,51.6,0,0,0,177.84,9166.22,344.55,80726.8,0.896,8,8573,0.103,0.048,100.0,0.062,1.59,46773.2
193,城市_193,2023,0,小城市,45.2,642.4,1,0,0,28.25,6249.22,4.4,18743.2,0.868,0,1321,0.106,0.056,100.0,0.068,0.99,10770.4
194,城市_194,2023,2,大城市,175.34,381.3,1,0,1,172.23,9823.06,45.17,66358.6,0.914,7,4875,0.115,0.043,100.0,0.051,1.65,39281.8
195,城市_195,2023,2,大城市,230.21,102.0,0,0,1,189.32,8223.88,185.66,97097.7,0.931,8,10364,0.081,0.081,100.0,0.057,1.55,56194.0
196,城市_196,2023,0,小城市,66.69,50.0,0,0,1,56.03,8401.42,112.06,22817.3,0.907,1,2278,0.13,0.049,100.0,0.058,0.89,13129.5
197,城市_197,2023,2,大城市,177.96,438.4,1,0,0,186.26,10466.53,42.49,65479.1,0.888,7,3673,0.067,0.047,100.0,0.06,1.21,41563.1
198,城市_198,2023,2,大城市,163.28,135.4,0,0,0,114.52,7013.56,84.56,65173.5,0.905,9,10268,0.09,0.036,100.0,0.059,1.18,41496.8
199,城市_199,2023,0,小城市,51.4,399.5,1,0,0,35.29,6864.7,8.83,20016.5,0.874,1,1660,0.099,0.057,100.0,0.058,1.33,12580.0
0,城市_000,2024,2,大城市,269.46,197.6,0,0,0,268.02,9946.57,135.64,118648.4,0.893,19,14583,0.075,0.091,100.0,0.047,2.18,70785.6
1,城市_001,2024,1,中等城市,140.41,232.4,0,0,0,115.21,8205.15,49.57,55168.5,0.871,4,4976,0.104,0.05,100.0,0.059,0.71,33318.8
2,城市_002,2024,3,特大城市,301.08,353.0,0,0,0,236.38,7851.24,66.97,126957.5,0.886,10,7814,0.082,0.066,100.0,0.056,1.65,74991.4
3,城市_003,2024,3,特大城市,709.59,344.8,1,0,0,603.72,8508.05,175.08,310358.0,0.921,46,24868,0.161,0.052,100.0,0.046,2.23,184609.7
4,城市_004,2024,1,中等城市,128.93,50.0,1,0,0,84.79,6576.54,169.58,55245.3,0.89,5,4126,0.062,0.046,100.0,0.06,1.39,30519.8
5,城市_005,2024,1,中等城市,121.36,70.1,1,0,0,91.7,7556.21,130.84,39598.1,0.907,5,6843,0.087,0.03,100.0,0.064,1.89,24182.3
6,城市_006,2024,3,特大城市,749.39,224.1,1,0,1,868.42,11588.41,387.54,330174.8,0.909,69,39173,0.121,0.066,100.0,0.051,2.11,204519.6
7,城市_007,2024,3,特大城市,361.99,223.9,0,0,0,339.03,9365.72,151.44,157734.0,0.889,15,13753,0.103,0.054,100.0,0.057,1.39,96975.8
8,城市_008,2024,1,中等城市,108.16,224.1,1,0,0,80.54,7446.16,35.94,36844.0,0.879,3,2711,0.081,0.059,100.0,0.06,1.44,23254.6
9,城市_009,2024,3,特大城市,280.67,3236.3,1,0,0,281.39,10025.75,8.69,103979.8,0.939,8,7147,0.088,0.045,100.0,0.051,0.57,63016.5
10,城市_010,2024,1,中等城市,105.53,234.3,1,0,0,74.9,7097.76,31.96,37332.4,0.921,6,3899,0.083,0.055,100.0,0.069,1.05,22935.6
11,城市_011,2024,1,中等城市,99.87,368.1,0,0,1,81.01,8111.89,22.01,35578.6,0.937,2,4063,0.097,0.046,100.0,0.057,1.1,21513.7
12,城市_012,2024,2,大城市,194.1,318.4,0,0,0,161.68,8330.03,50.79,72913.7,0.916,6,6381,0.144,0.049,100.0,0.061,0.86,45252.2
13,城市_013,2024,0,小城市,24.29,249.9,0,0,0,18.9,7780.91,7.56,8712.8,0.892,0,773,0.102,0.052,100.0,0.064,1.57,4815.4
14,城市_014,2024,0,小城市,29.27,115.3,1,0,0,16.3,5569.26,14.13,11141.4,0.927,0,901,0.124,0.052,100.0,0.059,0.52,6386.1
15,城市_015,2024,1,中等城市,91.81,272.4,0,0,0,64.08,6979.11,23.52,37646.9,0.902,2,3353,0.113,0.068,100.0,0.062,1.08,24380.4
16,城市_016,2024,0,小城市,57.79,80.0,0,0,0,34.18,5915.06,42.74,19860.0,0.906,1,1040,0.124,0.049,100.0,0.061,1.24,10450.1
17,城市_017,2024,2,大城市,228.38,122.8,0,0,0,191.12,8368.39,155.64,84016.8,0.905,5,6037,0.05,0.049,100.0,0.05,2.05,50056.7
18,城市_018,2024,0,小城市,62.32,100.7,0,0,0,56.96,9139.91,56.59,25540.2,0.843,1,1899,0.096,0.048,100.0,0.058,1.1,16222.3
19,城市_019,2024,0,小城市,37.96,158.5,0,0,0,25.49,6716.31,16.09,14382.8,0.933,1,2005,0.127,0.037,100.0,0.057,1.53,8589.5
20,城市_020,2024,3,特大城市,668.56,945.5,0,0,0,601.18,8992.21,63.58,279511.1,0.928,42,19267,0.107,0.061,100.0,0.05,2.44,164310.5
21,城市_021,2024,1,中等城市,128.61,50.0,0,0,1,120.27,9351.97,240.55,51085.3,0.91,5,4994,0.139,0.094,100.0,0.052,1.27,30849.5
22,城市_022,2024,2,大城市,164.65,257.0,0,0,1,162.65,9878.03,63.29,63604.4,0.903,8,6483,0.134,0.036,100.0,0.064,0.72,37488.8
23,城市_023,2024,0,小城市,37.62,50.0,1,0,0,26.87,7143.2,53.75,14110.4,0.904,1,2042,0.092,0.045,100.0,0.068,0.5,8479.3
24,城市_024,2024,1,中等城市,90.65,101.7,0,0,0,79.55,8774.63,78.18,33166.8,0.891,1,4870,0.092,0.045,100.0,0.064,1.2,19220.1
25,城市_025,2024,2,大城市,177.67,354.7,1,0,0,128.2,7215.59,36.15,70557.4,0.917,4,6424,0.085,0.05,100.0,0.064,1.02,44681.2
26,城市_026,2024,0,小城市,47.92,156.2,0,0,0,43.72,9123.18,27.98,15457.8,0.875,0,1528,0.089,0.045,100.0,0.058,1.54,9934.7
27,城市_027,2024,2,大城市,234.7,62.7,0,0,1,282.66,12043.12,451.06,87553.3,0.91,7,7075,0.082,0.062,100.0,0.054,1.76,52181.6
28,城市_028,2024,1,中等城市,92.5,83.7,1,0,0,79.36,8579.65,94.77,32964.0,0.914,2,3165,0.111,0.03,100.0,0.055,1.06,18407.2
29,城市_029,2024,1,中等城市,120.64,255.6,0,0,0,71.94,5963.49,28.15,44636.1,0.899,3,3896,0.074,0.074,100.0,0.062,0.62,26080.2
30,城市_030,2024,1,中等城市,93.46,82.7,0,0,0,68.27,7304.77,82.51,32664.1,0.91,3,4059,0.115,0.065,100.0,0.06,1.41,19418.2
31,城市_031,2024,3,特大城市,1078.65,176.5,0,0,0,1205.38,11174.95,683.04,439650.5,0.909,62,45013,0.142,0.054,100.0,0.048,2.25,270458.1
32,城市_032,2024,1,中等城市,163.38,153.9,1,0,0,128.96,7893.32,83.78,56023.8,0.885,4,7178,0.071,0.03,100.0,0.065,0.89,31920.1
33,城市_033,2024,0,小城市,55.95,88.1,0,0,0,51.04,9122.64,57.92,21446.7,0.906,0,3003,0.133,0.032,100.0,0.061,0.6,12373.2
34,城市_034,2024,3,特大城市,366.0,824.8,1,0,0,364.96,9971.5,44.25,146524.9,0.924,11,23544,0.12,0.055,100.0,0.052,1.53,90159.8
35,城市_035,2024,0,小城市,48.82,246.4,0,0,0,32.64,6686.32,13.25,15521.5,0.864,1,1864,0.116,0.103,100.0,0.056,1.66,9750.1
36,城市_036,2024,2,大城市,194.94,50.0,0,0,0,167.7,8602.83,335.4,71204.8,0.916,6,9973,0.09,0.066,100.0,0.061,1.31,41395.1
37,城市_037,2024,0,小城市,21.01,172.3,0,0,0,12.53,5965.28,7.27,7540.1,0.89,0,695,0.113,0.03,100.0,0.065,0.81,4222.5
38,城市_038,2024,0,小城市,43.39,87.4,0,0,0,31.01,7146.47,35.48,15049.9,0.897,0,2277,0.124,0.037,100.0,0.062,0.5,10512.7
39,城市_039,2024,2,大城市,187.07,293.5,0,0,0,146.75,7844.86,50.0,68945.3,0.878,4,9462,0.103,0.054,100.0,0.067,1.58,42987.3
40,城市_040,2024,3,特大城市,323.68,78.7,0,0,0,348.06,10753.04,442.11,128871.4,0.892,13,16114,0.149,0.064,100.0,0.065,1.14,76290.6
41,城市_041,2024,2,大城市,190.68,135.4,0,0,0,223.72,11732.93,165.23,76449.6,0.924,5,7215,0.106,0.03,100.0,0.06,1.37,47862.9
42,城市_042,2024,1,中等城市,142.57,222.3,1,0,0,95.38,6690.32,42.91,48859.1,0.905,3,4291,0.127,0.051,100.0,0.054,1.06,29133.0
43,城市_043,2024,1,中等城市,112.43,296.7,0,0,0,68.2,6065.61,22.99,44634.1,0.895,2,2722,0.109,0.039,100.0,0.052,1.6,27941.6
44,城市_044,2024,0,小城市,36.86,56.8,0,0,0,25.67,6962.88,45.18,12422.8,0.899,0,1339,0.113,0.03,100.0,0.058,0.98,7513.1
45,城市_045,2024,0,小城市,81.21,113.6,1,0,1,50.64,6234.99,44.59,30311.4,0.912,1,4732,0.069,0.057,100.0,0.063,1.1,18269.8
46,城市_046,2024,1,中等城市,96.94,101.5,0,0,0,77.82,8027.92,76.67,36451.2,0.911,3,3249,0.11,0.068,100.0,0.068,1.4,21746.5
47,城市_047,2024,3,特大城市,485.86,88.0,0,0,0,510.85,10514.37,580.52,190391.7,0.912,25,22620,0.098,0.08,100.0,0.057,2.84,105967.9
48,城市_048,2024,2,大城市,212.97,609.3,1,0,0,230.21,10809.21,37.78,76966.2,0.928,7,10092,0.089,0.067,100.0,0.064,1.79,50654.7
49,城市_049,2024,0,小城市,29.91,205.2,1,0,0,21.8,7288.36,10.63,10396.2,0.92,0,1010,0.136,0.041,100.0,0.058,1.0,5944.1
50,城市_050,2024,2,大城市,218.58,54.1,0,0,0,183.92,8414.47,339.81,97762.8,0.914,9,11934,0.102,0.07,100.0,0.061,1.36,54668.9
51,城市_051,2024,1,中等城市,109.93,309.3,1,0,0,65.98,6001.82,21.33,37409.3,0.904,4,1689,0.083,0.059,100.0,0.063,0.92,22206.7
52,城市_052,2024,1,中等城市,75.75,810.6,0,0,0,59.12,7804.96,7.29,32303.5,0.915,2,1930,0.095,0.055,100.0,0.049,0.65,18450.3
53,城市_053,2024,3,特大城市,295.44,339.0,0,0,0,266.72,9028.2,78.68,115367.3,0.914,19,8257,0.082,0.046,100.0,0.055,1.2,69041.4
54,城市_054,2024,3,特大城市,454.48,50.0,0,0,0,466.85,10272.14,933.7,185670.8,0.934,24,13074,0.141,0.052,100.0,0.06,1.35,115233.4
55,城市_055,2024,3,特大城市,406.31,100.7,1,0,0,337.11,8296.97,334.61,150890.8,0.929,23,16533,0.097,0.063,100.0,0.057,1.99,95039.9
56,城市_056,2024,0,小城市,67.89,408.9,0,0,0,48.89,7202.3,11.96,23643.0,0.881,2,2724,0.112,0.101,100.0,0.053,0.57,14763.7
57,城市_057,2024,1,中等城市,113.6,84.3,0,0,0,73.74,6491.37,87.52,41476.8,0.881,4,4703,0.13,0.059,100.0,0.047,1.85,24505.8
58,城市_058,2024,2,大城市,233.82,211.7,0,0,0,144.62,6184.89,68.32,84746.5,0.892,7,10286,0.096,0.044,100.0,0.056,1.76,50974.0
59,城市_059,2024,3,特大城市,426.65,275.8,0,0,0,335.04,7852.81,121.48,170387.5,0.931,16,11802,0.122,0.045,100.0,0.055,1.7,104317.5
60,城市_060,2024,1,中等城市,105.64,70.7,0,0,0,67.13,6354.8,94.95,38724.5,0.871,3,2696,0.082,0.043,100.0,0.054,1.17,21192.6
61,城市_061,2024,1,中等城市,130.69,141.5,0,0,0,112.98,8644.95,79.84,58008.2,0.911,4,5414,0.152,0.097,100.0,0.059,0.93,35797.9
62,城市_062,2024,0,小城市,52.24,50.0,0,0,0,36.18,6925.49,72.35,17397.5,0.909,1,1590,0.12,0.043,100.0,0.062,1.22,9677.9
63,城市_063,2024,0,小城市,50.14,65.4,0,0,0,34.48,6875.87,52.72,18446.0,0.925,1,1151,0.098,0.069,100.0,0.063,1.63,12196.7
64,城市_064,2024,3,特大城市,339.54,121.3,0,0,0,265.39,7816.13,218.85,139047.0,0.913,9,16716,0.094,0.052,100.0,0.045,1.2,81740.8
65,城市_065,2024,3,特大城市,594.42,54.7,0,0,0,351.1,5906.69,641.93,225283.3,0.889,21,33232,0.114,0.071,100.0,0.047,1.2,133920.5
66,城市_066,2024,1,中等城市,156.02,547.8,0,0,0,163.73,10493.81,29.89,63655.3,0.885,5,9157,0.097,0.07,100.0,0.057,1.61,36723.3
67,城市_067,2024,3,特大城市,418.43,50.0,0,0,0,333.3,7965.52,666.61,164433.5,0.888,15,16281,0.15,0.05,100.0,0.058,1.84,95552.4
68,城市_068,2024,2,大城市,214.62,104.4,1,0,0,174.42,8127.06,167.12,68989.0,0.895,22,9526,0.081,0.043,100.0,0.06,0.79,46100.0
69,城市_069,2024,1,中等城市,90.62,164.8,0,0,0,57.69,6365.47,35.01,35904.2,0.899,3,5028,0.105,0.086,100.0,0.061,0.78,22555.4
70,城市_070,2024,2,大城市,218.23,470.1,0,0,1,218.66,10019.72,46.51,78376.2,0.883,8,6623,0.106,0.076,100.0,0.056,0.93,43383.1
71,城市_071,2024,3,特大城市,753.3,50.0,0,0,0,756.36,10040.7,1512.73,289423.0,0.95,33,38670,0.118,0.086,100.0,0.05,1.86,186714.4
72,城市_072,2024,1,中等城市,155.41,376.4,0,0,1,114.86,7390.42,30.52,63399.6,0.878,4,6209,0.102,0.07,100.0,0.055,1.09,40309.3
73,城市_073,2024,3,特大城市,686.83,149.6,0,0,0,630.41,9178.61,421.31,277812.1,0.946,35,33235,0.116,0.078,100.0,0.056,1.99,164343.5
74,城市_074,2024,0,小城市,21.51,67.7,0,0,0,18.92,8794.91,27.96,8097.8,0.924,0,836,0.118,0.091,100.0,0.055,0.71,4933.2
75,城市_075,2024,3,特大城市,371.91,214.8,0,0,0,336.39,9044.85,156.61,165245.6,0.928,14,20185,0.122,0.061,100.0,0.06,1.23,99073.3
76,城市_076,2024,2,大城市,177.71,174.0,0,0,1,146.66,8252.79,84.27,65599.4,0.891,5,6990,0.113,0.066,100.0,0.059,1.17,43241.7
77,城市_077,2024,1,中等城市,123.41,91.8,0,0,0,87.56,7095.14,95.36,50186.3,0.91,6,2908,0.05,0.03,100.0,0.058,1.28,28912.9
78,城市_078,2024,2,大城市,173.43,156.9,0,0,0,110.42,6367.05,70.36,63378.5,0.879,9,9862,0.111,0.038,100.0,0.055,1.12,38304.7
79,城市_079,2024,0,小城市,22.63,109.0,0,0,0,15.19,6710.14,13.93,9489.0,0.919,0,626,0.068,0.03,100.0,0.053,1.62,5571.5
80,城市_080,2024,1,中等城市,125.51,162.5,0,0,0,107.88,8594.88,66.38,45359.8,0.902,2,6724,0.116,0.079,100.0,0.055,1.46,25265.8
81,城市_081,2024,2,大城市,217.16,252.1,0,0,0,221.68,10208.28,87.94,92551.9,0.898,9,7775,0.135,0.03,100.0,0.056,0.56,61616.4
82,城市_082,2024,3,特大城市,669.07,527.9,0,0,0,463.62,6929.34,87.83,297291.0,0.894,54,35026,0.1,0.06,100.0,0.041,2.35,167836.5
83,城市_083,2024,1,中等城市,90.3,55.1,0,0,0,60.38,6685.89,109.51,34801.5,0.853,4,4669,0.097,0.03,100.0,0.058,1.45,21110.7
84,城市_084,2024,0,小城市,74.45,817.6,0,1,0,52.96,7113.24,6.48,26258.9,0.881,2,3116,0.09,0.035,100.0,0.064,0.9,14384.0
85,城市_085,2024,1,中等城市,91.62,50.0,1,0,1,72.58,7922.54,145.17,34035.7,0.925,4,3925,0.127,0.043,100.0,0.062,0.5,20013.9
86,城市_086,2024,3,特大城市,405.59,131.4,0,0,1,366.13,9027.07,278.55,138289.9,0.903,18,16937,0.113,0.089,100.0,0.053,1.66,84724.6
87,城市_087,2024,2,大城市,220.86,237.6,0,0,0,188.04,8514.17,79.14,88356.2,0.903,10,4440,0.141,0.064,100.0,0.058,1.36,50827.6
88,城市_088,2024,1,中等城市,94.2,185.8,1,0,0,79.61,8451.01,42.84,36477.3,0.916,2,3590,0.111,0.036,100.0,0.056,0.59,22528.5
89,城市_089,2024,3,特大城市,283.04,90.2,1,0,1,219.82,7766.31,243.75,113816.3,0.944,12,7449,0.113,0.079,100.0,0.058,0.74,67371.1
90,城市_090,2024,2,大城市,174.0,125.7,0,0,0,169.4,9735.54,134.82,53259.3,0.931,9,6738,0.106,0.055,100.0,0.066,1.24,33809.2
91,城市_091,2024,3,特大城市,433.45,100.0,0,0,0,429.65,9912.3,429.46,159195.5,0.892,16,11316,0.128,0.063,100.0,0.06,1.59,102020.9
92,城市_092,2024,1,中等城市,79.73,92.6,1,0,1,59.39,7449.03,64.12,28043.1,0.863,1,2055,0.067,0.03,100.0,0.062,0.92,16332.2
93,城市_093,2024,1,中等城市,115.07,292.9,1,0,0,118.7,10315.25,40.53,44800.6,0.95,3,6851,0.105,0.033,100.0,0.056,1.15,26983.5
94,城市_094,2024,1,中等城市,118.66,197.5,0,0,0,121.97,10278.79,61.77,46260.3,0.949,3,6016,0.102,0.037,100.0,0.062,0.64,28010.8
95,城市_095,2024,0,小城市,35.12,85.3,0,0,0,29.04,8267.79,34.06,12417.6,0.905,1,1290,0.115,0.052,100.0,0.051,0.84,7681.3
96,城市_096,2024,2,大城市,227.14,304.8,0,0,1,125.59,5529.31,41.2,94037.5,0.881,7,8832,0.102,0.058,100.0,0.056,1.64,56463.1
97,城市_097,2024,2,大城市,213.99,189.8,0,0,1,234.38,10952.9,123.5,77335.2,0.925,13,7307,0.085,0.087,100.0,0.061,1.17,46842.4
98,城市_098,2024,2,大城市,158.46,284.4,0,0,1,149.64,9443.53,52.62,64302.2,0.902,3,6916,0.104,0.062,100.0,0.062,0.5,38111.8
99,城市_099,2024,1,中等城市,135.37,245.6,0,0,0,150.87,11145.29,61.43,53915.6,0.901,6,4065,0.082,0.03,100.0,0.062,0.98,32535.8
100,城市_100,2024,0,小城市,36.26,76.5,0,0,1,31.48,8682.5,41.17,13416.3,0.919,0,1797,0.062,0.056,100.0,0.061,0.52,8572.2
101,城市_101,2024,1,中等城市,103.34,94.8,1,0,0,105.08,10168.25,110.84,38529.3,0.909,1,3523,0.117,0.03,100.0,0.058,1.3,23864.3
102,城市_102,2024,1,中等城市,108.72,269.8,0,0,0,100.06,9202.69,37.08,47739.0,0.879,3,3526,0.115,0.034,100.0,0.062,1.34,29647.7
103,城市_103,2024,0,小城市,73.19,241.8,0,0,0,69.42,9484.26,28.7,28309.5,0.895,1,2710,0.111,0.036,100.0,0.054,0.5,17599.8
104,城市_104,2024,1,中等城市,130.85,146.0,1,0,0,145.06,11086.28,99.39,46353.5,0.917,3,4031,0.13,0.04,100.0,0.054,1.59,27598.2
105,城市_105,2024,2,大城市,244.74,163.0,1,0,0,221.53,9051.61,135.89,98603.9,0.917,5,9936,0.093,0.03,100.0,0.058,0.84,60105.4
106,城市_106,2024,3,特大城市,1051.61,412.5,0,0,0,844.56,8031.15,204.76,474474.7,0.934,59,32926,0.1,0.083,100.0,0.049,3.49,269238.2
107,城市_107,2024,2,大城市,187.72,92.5,0,0,0,152.88,8144.01,165.35,69802.6,0.924,9,7947,0.104,0.03,100.0,0.049,1.28,44538.6
108,城市_108,2024,2,大城市,211.02,229.9,0,0,0,193.1,9150.71,83.99,90264.2,0.898,9,11180,0.099,0.063,100.0,0.06,0.72,46622.5
109,城市_109,2024,1,中等城市,147.56,126.2,0,0,0,124.18,8415.55,98.36,58587.3,0.908,5,4374,0.087,0.099,100.0,0.062,0.67,34999.2
110,城市_110,2024,0,小城市,22.59,124.7,0,0,0,12.88,5699.85,10.33,6566.8,0.833,0,799,0.099,0.03,100.0,0.059,1.21,4164.8
111,城市_111,2024,1,中等城市,174.35,357.5,0,0,0,115.55,6627.36,32.33,69347.3,0.896,6,7366,0.092,0.049,100.0,0.07,1.09,38771.0
112,城市_112,2024,2,大城市,167.38,287.2,0,0,0,126.25,7542.34,43.95,62793.4,0.92,3,5402,0.068,0.03,100.0,0.055,1.22,38429.1
113,城市_113,2024,3,特大城市,1727.67,284.5,0,0,0,2085.79,12072.87,733.09,785449.6,0.939,72,73056,0.138,0.091,100.0,0.039,4.62,455228.5
114,城市_114,2024,1,中等城市,128.21,421.7,0,0,0,133.31,10397.5,31.61,52875.4,0.894,4,5571,0.081,0.066,100.0,0.057,0.86,31140.2
115,城市_115,2024,2,大城市,206.59,150.9,0,0,0,204.14,9881.45,135.26,82181.2,0.885,7,10518,0.11,0.07,100.0,0.057,1.37,51640.9
116,城市_116,2024,1,中等城市,160.25,256.1,0,0,0,157.6,9834.36,61.54,70799.5,0.924,7,4915,0.091,0.056,100.0,0.057,1.97,42900.4
117,城市_117,2024,0,小城市,50.56,115.8,0,1,0,37.26,7370.42,32.18,18192.6,0.912,1,1401,0.124,0.069,100.0,0.052,1.22,9805.2
118,城市_118,2024,3,特大城市,511.65,192.4,0,0,1,372.2,7274.42,193.5,220419.6,0.93,29,17163,0.146,0.115,100.0,0.052,1.03,125795.1
119,城市_119,2024,3,特大城市,335.83,133.7,1,0,0,283.86,8452.39,212.25,143718.9,0.875,13,9241,0.123,0.093,100.0,0.056,1.8,90436.6
120,城市_120,2024,3,特大城市,350.47,160.4,0,0,0,306.42,8743.14,191.05,139836.7,0.906,10,15272,0.078,0.049,100.0,0.062,0.99,85785.4
121,城市_121,2024,0,小城市,63.77,238.9,0,1,0,45.21,7090.21,18.92,25061.7,0.896,2,1655,0.132,0.03,100.0,0.07,1.81,16351.4
122,城市_122,2024,3,特大城市,651.2,77.1,1,0,1,635.69,9761.85,824.24,257550.0,0.912,38,48237,0.149,0.06,100.0,0.06,1.65,167531.0
123,城市_123,2024,0,小城市,40.85,791.5,0,0,0,31.86,7799.58,4.03,14263.5,0.889,0,2217,0.101,0.032,100.0,0.056,2.55,8411.7
124,城市_124,2024,3,特大城市,292.72,66.4,0,0,1,296.88,10141.86,447.33,105026.7,0.901,9,10809,0.134,0.067,100.0,0.053,2.21,70903.2
125,城市_125,2024,3,特大城市,1464.44,56.2,0,0,0,1477.15,10086.74,2629.08,644859.2,0.957,73,69885,0.129,0.066,100.0,0.043,2.99,387389.1
126,城市_126,2024,0,小城市,60.84,374.8,0,0,1,34.76,5713.96,9.27,23004.2,0.863,1,1369,0.064,0.05,100.0,0.068,1.11,13138.1
127,城市_127,2024,1,中等城市,94.39,279.6,1,0,0,69.81,7395.31,24.97,39063.5,0.938,2,7402,0.087,0.069,100.0,0.058,1.53,22695.5
128,城市_128,2024,2,大城市,179.49,244.5,0,0,1,153.38,8545.37,62.73,74364.0,0.915,6,5531,0.139,0.053,100.0,0.051,1.68,39583.8
129,城市_129,2024,1,中等城市,98.47,245.3,0,0,0,94.46,9592.84,38.5,36325.3,0.902,2,3494,0.073,0.034,100.0,0.056,1.38,23546.5
130,城市_130,2024,0,小城市,35.69,147.0,0,0,0,23.6,6612.13,16.06,11651.3,0.919,0,752,0.101,0.074,100.0,0.063,1.68,7548.2
131,城市_131,2024,2,大城市,167.6,72.4,0,0,0,152.59,9104.09,210.76,67245.1,0.876,4,7134,0.105,0.03,100.0,0.062,1.21,38298.4
132,城市_132,2024,0,小城市,53.69,157.7,0,0,0,42.09,7839.99,26.69,21482.8,0.888,1,1417,0.091,0.045,100.0,0.058,0.9,12742.8
133,城市_133,2024,2,大城市,246.17,86.3,0,0,0,217.26,8825.43,251.63,103313.4,0.904,7,9336,0.098,0.056,100.0,0.061,1.23,62284.4
134,城市_134,2024,0,小城市,64.52,323.8,0,0,1,56.74,8793.8,17.52,25999.7,0.929,2,2015,0.103,0.052,100.0,0.048,1.53,14850.8
135,城市_135,2024,3,特大城市,703.3,131.9,1,0,1,621.54,8837.48,471.07,287909.4,0.918,42,18725,0.108,0.073,100.0,0.053,2.33,157586.3
136,城市_136,2024,0,小城市,74.74,76.7,0,0,0,53.23,7122.02,69.42,26801.0,0.911,1,2160,0.074,0.064,100.0,0.063,1.27,15911.5
137,城市_137,2024,1,中等城市,115.92,114.8,0,0,0,93.95,8104.71,81.86,41578.5,0.891,6,4563,0.107,0.052,100.0,0.055,1.59,24546.6
138,城市_138,2024,3,特大城市,378.79,206.5,0,0,0,315.25,8322.71,152.66,152228.4,0.92,15,9487,0.132,0.053,100.0,0.052,0.59,89563.2
139,城市_139,2024,0,小城市,45.69,94.5,0,0,0,36.41,7968.33,38.51,16489.8,0.935,1,1342,0.119,0.043,100.0,0.05,1.23,10004.1
140,城市_140,2024,2,大城市,200.07,76.9,0,0,0,154.32,7713.14,200.73,79534.0,0.925,6,8980,0.089,0.043,100.0,0.066,1.44,51131.3
141,城市_141,2024,3,特大城市,620.25,180.4,0,0,0,618.19,9966.76,342.75,253993.9,0.915,16,49813,0.092,0.083,100.0,0.05,2.84,150086.8
142,城市_142,2024,0,小城市,33.97,180.5,0,0,0,23.98,7057.02,13.28,12027.8,0.914,0,1442,0.095,0.038,100.0,0.061,0.5,7278.2
143,城市_143,2024,2,大城市,188.12,98.9,0,0,0,165.73,8809.75,167.52,68911.9,0.917,7,5255,0.136,0.072,100.0,0.061,2.08,42849.8
144,城市_144,2024,2,大城市,209.81,101.8,0,0,0,168.92,8050.95,165.91,88666.6,0.916,8,6913,0.119,0.056,100.0,0.065,1.38,54674.0
145,城市_145,2024,3,特大城市,355.16,178.7,1,0,0,307.22,8650.14,171.93,143787.9,0.932,12,13189,0.124,0.049,100.0,0.055,1.82,83622.3
146,城市_146,2024,0,小城市,47.32,50.0,0,0,0,35.57,7517.56,71.14,16976.0,0.923,1,1567,0.119,0.064,100.0,0.057,1.92,10234.7
147,城市_147,2024,0,小城市,42.45,50.0,0,0,0,32.07,7554.1,64.14,14470.3,0.899,0,2047,0.11,0.037,100.0,0.06,1.35,8919.9
148,城市_148,2024,3,特大城市,284.6,83.5,0,0,1,253.08,8892.59,302.97,101811.0,0.921,10,11175,0.11,0.07,100.0,0.063,1.66,57640.2
149,城市_149,2024,2,大城市,200.62,125.1,1,0,0,222.47,11089.34,177.81,87106.2,0.898,9,9690,0.119,0.06,100.0,0.057,1.45,55565.6
150,城市_150,2024,2,大城市,202.99,190.3,0,0,0,150.41,7409.55,79.03,83030.7,0.887,8,6795,0.095,0.044,100.0,0.053,1.09,53384.4
151,城市_151,2024,2,大城市,231.18,483.1,0,0,0,199.46,8628.0,41.28,79954.6,0.901,10,12657,0.078,0.067,100.0,0.05,1.36,46239.1
152,城市_152,2024,1,中等城市,82.85,294.8,1,0,0,51.34,6196.19,17.42,32950.6,0.901,2,2899,0.117,0.063,100.0,0.053,0.78,19961.8
153,城市_153,2024,2,大城市,213.61,130.6,1,0,1,195.19,9137.57,149.47,90215.3,0.873,7,5872,0.131,0.079,100.0,0.062,1.33,55867.5
154,城市_154,2024,2,大城市,225.65,146.2,1,0,0,165.89,7351.39,113.49,89651.1,0.923,6,15952,0.084,0.075,100.0,0.056,0.5,52323.2
155,城市_155,2024,0,小城市,77.76,66.6,0,0,0,58.14,7476.49,87.36,32957.0,0.847,2,1654,0.119,0.062,100.0,0.056,1.34,20250.4
156,城市_156,2024,3,特大城市,1091.86,146.2,0,0,0,1053.88,9652.18,720.7,472853.2,0.98,23,32182,0.163,0.057,100.0,0.045,2.72,286027.8
157,城市_157,2024,2,大城市,250.87,117.8,0,0,1,229.86,9162.47,195.11,88577.0,0.937,8,7646,0.107,0.106,100.0,0.058,1.24,49245.5
158,城市_158,2024,0,小城市,50.61,192.1,1,0,1,34.76,6867.45,18.09,19024.0,0.896,1,3951,0.085,0.03,100.0,0.058,1.19,11676.4
159,城市_159,2024,3,特大城市,332.33,76.6,0,0,0,274.77,8267.8,358.84,135920.2,0.909,16,21022,0.111,0.078,100.0,0.055,0.82,77066.2
160,城市_160,2024,0,小城市,63.55,224.9,0,0,0,60.2,9471.71,26.77,22359.5,0.908,1,3660,0.091,0.06,100.0,0.066,2.07,14045.7
161,城市_161,2024,3,特大城市,354.41,505.8,0,0,0,336.56,9496.35,66.54,149287.6,0.898,17,11806,0.097,0.036,100.0,0.064,1.53,86566.5
162,城市_162,2024,3,特大城市,505.11,136.0,1,0,1,438.08,8672.93,322.01,181023.5,0.918,12,38476,0.122,0.061,100.0,0.046,1.75,107738.2
163,城市_163,2024,0,小城市,66.56,204.7,0,0,0,49.18,7389.22,24.03,26663.9,0.899,1,2734,0.07,0.05,100.0,0.061,0.63,17096.0
164,城市_164,2024,3,特大城市,426.13,257.8,0,0,1,505.72,11867.76,196.18,161299.2,0.91,11,21017,0.083,0.088,100.0,0.051,1.71,99181.5
165,城市_165,2024,2,大城市,232.3,107.7,0,0,0,195.45,8413.7,181.53,84575.9,0.91,6,9019,0.107,0.042,100.0,0.056,2.07,48006.6
166,城市_166,2024,3,特大城市,354.27,177.6,0,0,0,290.69,8205.39,163.72,141241.2,0.883,14,12840,0.109,0.054,100.0,0.058,2.09,80444.3
167,城市_167,2024,3,特大城市,1021.51,149.9,0,0,0,934.39,9147.22,623.28,448608.0,0.929,84,34845,0.135,0.031,100.0,0.048,3.09,261099.3
168,城市_168,2024,1,中等城市,123.44,160.5,0,0,0,92.89,7525.32,57.88,47734.5,0.907,4,4264,0.141,0.088,100.0,0.06,1.47,29205.8
169,城市_169,2024,0,小城市,75.52,80.0,0,0,0,53.69,7108.92,67.14,26501.7,0.905,2,3334,0.104,0.031,100.0,0.063,0.94,16185.9
170,城市_170,2024,0,小城市,66.71,151.4,0,0,0,42.26,6334.0,27.92,23711.8,0.897,1,2740,0.114,0.058,100.0,0.061,0.5,13627.3
171,城市_171,2024,0,小城市,69.39,221.1,0,0,0,45.17,6509.52,20.43,23503.6,0.925,1,2528,0.082,0.05,100.0,0.056,1.01,13279.2
172,城市_172,2024,1,中等城市,155.06,473.9,0,0,0,114.52,7385.44,24.17,58795.6,0.897,4,8971,0.12,0.052,100.0,0.055,1.13,35774.0
173,城市_173,2024,2,大城市,224.12,319.7,0,0,0,212.69,9489.79,66.52,96046.0,0.911,9,3385,0.096,0.072,100.0,0.05,1.89,57103.6
174,城市_174,2024,2,大城市,205.39,830.9,0,0,0,166.95,8128.62,20.09,80384.5,0.932,5,8804,0.107,0.089,100.0,0.054,1.49,53432.9
175,城市_175,2024,3,特大城市,370.65,80.3,0,0,1,328.45,8861.53,408.89,160100.4,0.908,19,16911,0.108,0.065,100.0,0.066,2.41,96236.1
176,城市_176,2024,2,大城市,175.65,298.2,0,0,1,180.01,10248.55,60.36,76658.9,0.909,5,9115,0.125,0.068,100.0,0.054,1.88,50167.7
177,城市_177,2024,3,特大城市,696.36,171.9,0,0,1,824.39,11838.62,479.69,276482.0,0.917,45,25123,0.093,0.075,100.0,0.046,1.91,156181.5
178,城市_178,2024,1,中等城市,121.55,855.6,0,0,1,95.06,7820.51,11.11,45668.8,0.928,5,4759,0.058,0.074,100.0,0.06,0.5,25245.9
179,城市_179,2024,3,特大城市,1842.46,77.7,1,0,0,1804.44,9793.63,2321.14,957688.4,0.945,73,91108,0.146,0.091,100.0,0.039,4.69,542432.3
180,城市_180,2024,3,特大城市,297.75,75.8,0,0,0,233.8,7852.19,308.41,133306.6,0.934,10,17133,0.117,0.08,100.0,0.056,2.16,84739.6
181,城市_181,2024,0,小城市,68.8,91.9,1,0,0,58.77,8541.55,63.96,22310.4,0.9,1,2312,0.105,0.074,100.0,0.066,0.5,14561.6
182,城市_182,2024,0,小城市,54.22,50.0,0,0,0,39.51,7286.53,79.02,20486.0,0.884,0,2161,0.126,0.073,100.0,0.062,1.84,11810.9
183,城市_183,2024,2,大城市,243.67,97.5,0,0,0,201.4,8265.08,206.66,96225.9,0.92,7,14832,0.115,0.043,100.0,0.055,1.59,56406.0
184,城市_184,2024,1,中等城市,124.24,80.9,1,0,0,89.92,7237.37,111.21,50678.8,0.897,8,2416,0.092,0.05,100.0,0.057,1.28,28630.0
185,城市_185,2024,3,特大城市,347.18,167.4,0,0,0,280.88,8090.35,167.8,131468.9,0.922,17,10383,0.063,0.064,100.0,0.054,2.37,71736.1
186,城市_186,2024,2,大城市,272.68,195.1,0,0,0,253.46,9295.15,129.93,101247.2,0.853,19,15571,0.103,0.03,100.0,0.061,2.12,62930.4
187,城市_187,2024,1,中等城市,144.24,665.8,0,0,0,98.31,6815.58,14.77,52561.0,0.904,6,7364,0.124,0.086,100.0,0.057,1.56,31888.3
188,城市_188,2024,0,小城市,70.72,317.5,0,0,0,63.38,8962.57,19.97,25076.3,0.893,1,3043,0.094,0.052,100.0,0.05,1.35,15053.6
189,城市_189,2024,0,小城市,33.71,93.5,1,0,0,22.28,6607.36,23.81,12871.6,0.88,0,1084,0.101,0.057,100.0,0.059,1.36,7182.3
190,城市_190,2024,1,中等城市,108.57,72.3,1,0,0,85.62,7886.14,118.37,37460.7,0.892,4,3065,0.111,0.041,100.0,0.051,0.98,24319.4
191,城市_191,2024,3,特大城市,381.92,220.0,1,0,1,286.56,7503.0,130.26,146744.6,0.899,19,11766,0.09,0.034,100.0,0.067,1.59,85830.8
192,城市_192,2024,2,大城市,206.51,51.6,0,0,0,177.52,8595.86,343.93,70091.2,0.905,6,12087,0.118,0.044,100.0,0.053,0.89,43176.8
193,城市_193,2024,0,小城市,43.19,642.4,1,0,0,30.18,6988.63,4.7,16954.3,0.874,0,1315,0.134,0.056,100.0,0.059,0.9,9432.7
194,城市_194,2024,2,大城市,196.15,381.3,1,0,1,166.78,8502.59,43.74,84820.0,0.912,19,7438,0.102,0.069,100.0,0.059,1.14,50407.2
195,城市_195,2024,2,大城市,236.09,102.0,0,0,1,257.03,10886.74,252.07,90676.6,0.934,8,6927,0.084,0.06,100.0,0.056,1.07,55198.6
196,城市_196,2024,0,小城市,68.62,50.0,0,0,1,54.24,7904.34,108.48,24834.8,0.907,1,3250,0.101,0.059,100.0,0.058,1.18,15144.6
197,城市_197,2024,2,大城市,194.15,438.4,1,0,0,147.48,7596.15,33.64,78599.9,0.921,7,6076,0.061,0.049,100.0,0.06,1.15,47524.6
198,城市_198,2024,2,大城市,170.72,135.4,0,0,0,129.6,7591.43,95.7,74513.8,0.927,5,6099,0.111,0.065,100.0,0.066,1.53,45813.7
199,城市_199,2024,0,小城市,50.03,399.5,1,0,0,40.76,8148.17,10.2,18858.3,0.926,1,1110,0.11,0.081,100.0,0.063,0.5,10675.4
0,城市_000,2025,2,大城市,271.89,197.6,0,0,0,251.21,9239.41,127.13,103939.4,0.922,18,7572,0.105,0.053,100.0,0.059,1.57,57392.7
1,城市_001,2025,1,中等城市,143.5,232.4,0,0,0,127.51,8886.0,54.86,54387.5,0.863,5,5593,0.099,0.073,100.0,0.055,1.65,33486.2
2,城市_002,2025,3,特大城市,316.73,353.0,0,0,0,316.39,9989.38,89.63,141073.5,0.877,28,18051,0.089,0.03,100.0,0.059,1.52,89225.0
3,城市_003,2025,3,特大城市,754.15,344.8,1,0,0,794.16,10530.52,230.31,317439.9,0.939,39,26070,0.124,0.03,100.0,0.048,2.62,205853.2
4,城市_004,2025,1,中等城市,121.76,50.0,1,0,0,99.46,8168.58,198.92,46946.4,0.873,3,4656,0.148,0.083,100.0,0.057,1.49,28597.7
5,城市_005,2025,1,中等城市,121.49,70.1,1,0,0,90.1,7415.66,128.55,41268.5,0.911,5,4155,0.093,0.063,100.0,0.068,1.0,23812.2
6,城市_006,2025,3,特大城市,712.29,224.1,1,0,1,739.15,10377.03,329.85,289512.9,0.911,33,13088,0.109,0.08,100.0,0.051,2.52,158967.8
7,城市_007,2025,3,特大城市,367.37,223.9,0,0,0,443.15,12062.91,197.96,145242.3,0.889,16,13598,0.12,0.038,100.0,0.052,1.6,91684.2
8,城市_008,2025,1,中等城市,106.69,224.1,1,0,0,100.1,9381.71,44.67,37831.4,0.91,5,4296,0.091,0.067,100.0,0.065,1.11,20660.2
9,城市_009,2025,3,特大城市,293.76,3236.3,1,0,0,284.14,9672.48,8.78,117290.3,0.911,12,9266,0.121,0.063,100.0,0.052,1.2,69175.7
10,城市_010,2025,1,中等城市,104.65,234.3,1,0,0,98.13,9376.77,41.88,38276.4,0.945,2,2722,0.088,0.03,100.0,0.055,1.24,22708.3
11,城市_011,2025,1,中等城市,92.54,368.1,0,0,1,69.45,7505.19,18.87,35037.4,0.89,3,2613,0.139,0.081,100.0,0.062,1.64,20949.5
12,城市_012,2025,2,大城市,198.42,318.4,0,0,0,157.69,7947.19,49.53,78308.7,0.934,6,9180,0.112,0.058,100.0,0.063,1.74,47069.3
13,城市_013,2025,0,小城市,24.39,249.9,0,0,0,15.1,6190.81,6.04,7951.4,0.908,0,1621,0.088,0.043,100.0,0.066,1.21,4803.8
14,城市_014,2025,0,小城市,29.39,115.3,1,0,0,20.36,6927.37,17.65,10113.8,0.888,0,1637,0.089,0.043,100.0,0.056,1.34,5335.4
15,城市_015,2025,1,中等城市,92.37,272.4,0,0,0,68.78,7446.68,25.25,34963.4,0.918,4,2270,0.092,0.03,100.0,0.062,1.77,20993.4
16,城市_016,2025,0,小城市,60.6,80.0,0,0,0,55.2,9109.44,69.02,24537.8,0.913,2,2880,0.129,0.063,100.0,0.057,1.02,13081.4
17,城市_017,2025,2,大城市,224.49,122.8,0,0,0,181.56,8087.75,147.85,90115.1,0.906,12,6768,0.08,0.061,100.0,0.055,0.78,56048.6
18,城市_018,2025,0,小城市,66.48,100.7,0,0,0,45.22,6801.3,44.92,23331.9,0.907,1,2053,0.088,0.048,100.0,0.065,1.75,13610.6
19,城市_019,2025,0,小城市,38.68,158.5,0,0,0,37.58,9714.93,23.71,14382.3,0.889,1,1238,0.09,0.077,100.0,0.057,0.79,7698.7
20,城市_020,2025,3,特大城市,744.39,945.5,0,0,0,682.8,9172.54,72.21,356319.9,0.902,70,33845,0.118,0.041,100.0,0.054,1.77,205088.4
21,城市_021,2025,1,中等城市,128.01,50.0,0,0,1,107.43,8392.84,214.87,52669.9,0.918,3,6279,0.098,0.041,100.0,0.059,0.5,30701.1
22,城市_022,2025,2,大城市,164.17,257.0,0,0,1,147.78,9001.82,57.51,66404.0,0.9,10,5864,0.074,0.037,100.0,0.053,1.53,42214.4
23,城市_023,2025,0,小城市,37.95,50.0,1,0,0,23.19,6109.47,46.37,14472.0,0.899,0,1362,0.093,0.045,100.0,0.064,0.5,8768.6
24,城市_024,2025,1,中等城市,93.46,101.7,0,0,0,89.35,9560.0,87.82,39473.1,0.908,2,3951,0.1,0.054,100.0,0.062,0.77,24091.7
25,城市_025,2025,2,大城市,192.18,354.7,1,0,0,180.77,9406.16,50.97,81730.2,0.91,7,8383,0.092,0.063,100.0,0.048,1.58,51934.4
26,城市_026,2025,0,小城市,51.73,156.2,0,0,0,48.86,9446.86,31.27,19778.8,0.873,1,2708,0.115,0.044,100.0,0.061,1.44,11810.3
27,城市_027,2025,2,大城市,236.41,62.7,0,0,1,186.43,7885.64,297.5,101532.1,0.932,12,5916,0.124,0.038,100.0,0.054,1.03,63216.5
28,城市_028,2025,1,中等城市,84.5,83.7,1,0,0,67.43,7979.37,80.52,29024.0,0.905,1,3127,0.101,0.086,100.0,0.065,1.06,18009.8
29,城市_029,2025,1,中等城市,127.19,255.6,0,0,0,104.87,8244.94,41.03,43112.2,0.899,4,3396,0.108,0.101,100.0,0.052,0.75,24203.4
30,城市_030,2025,1,中等城市,86.94,82.7,0,0,0,71.32,8202.81,86.19,33019.7,0.911,2,3149,0.059,0.055,100.0,0.057,0.86,21270.9
31,城市_031,2025,3,特大城市,1039.39,176.5,0,0,0,848.59,8164.35,480.86,443734.5,0.931,37,35728,0.118,0.061,100.0,0.051,2.69,247333.6
32,城市_032,2025,1,中等城市,173.74,153.9,1,0,0,149.47,8603.2,97.11,64582.6,0.92,4,6302,0.124,0.084,100.0,0.059,1.01,40526.9
33,城市_033,2025,0,小城市,58.33,88.1,0,0,0,35.65,6111.78,40.46,22910.2,0.912,1,1688,0.093,0.03,100.0,0.063,0.97,12703.4
34,城市_034,2025,3,特大城市,344.16,824.8,1,0,0,329.47,9573.32,39.95,119122.3,0.923,17,8103,0.094,0.052,100.0,0.049,0.78,73622.0
35,城市_035,2025,0,小城市,44.29,246.4,0,0,0,23.69,5348.35,9.61,15385.8,0.928,1,869,0.147,0.037,100.0,0.068,1.63,10090.9
36,城市_036,2025,2,大城市,201.29,50.0,0,0,0,130.96,6506.37,261.93,75731.2,0.923,4,7119,0.141,0.032,100.0,0.061,1.56,44954.8
37,城市_037,2025,0,小城市,21.75,172.3,0,0,0,16.83,7739.47,9.77,6676.8,0.897,0,703,0.11,0.045,100.0,0.067,1.43,3954.7
38,城市_038,2025,0,小城市,44.81,87.4,0,0,0,30.42,6788.76,34.81,18324.7,0.879,0,1346,0.124,0.034,100.0,0.064,1.71,11330.4
39,城市_039,2025,2,大城市,199.93,293.5,0,0,0,147.97,7401.26,50.41,70114.8,0.938,9,10936,0.06,0.055,100.0,0.058,0.89,41376.0
40,城市_040,2025,3,特大城市,345.7,78.7,0,0,0,379.67,10982.62,482.27,132531.4,0.904,12,9827,0.093,0.059,100.0,0.05,1.34,86748.2
41,城市_041,2025,2,大城市,187.84,135.4,0,0,0,168.28,8958.61,124.29,78733.0,0.895,5,10570,0.095,0.042,100.0,0.055,0.5,47693.8
42,城市_042,2025,1,中等城市,158.86,222.3,1,0,0,151.81,9556.18,68.29,64658.4,0.869,7,9512,0.099,0.047,100.0,0.066,2.81,38174.0
43,城市_043,2025,1,中等城市,139.12,296.7,0,0,0,112.24,8068.01,37.83,48885.8,0.91,4,2850,0.094,0.049,100.0,0.066,1.13,28539.1
44,城市_044,2025,0,小城市,36.85,56.8,0,0,0,39.79,10797.1,70.03,13982.2,0.904,0,1393,0.05,0.067,100.0,0.057,1.57,7998.0
45,城市_045,2025,0,小城市,81.16,113.6,1,0,1,58.04,7150.61,51.1,31046.2,0.872,1,2648,0.11,0.049,100.0,0.045,0.5,18043.0
46,城市_046,2025,1,中等城市,103.87,101.5,0,0,0,108.34,10430.28,106.74,47369.3,0.912,4,1595,0.113,0.069,100.0,0.058,1.65,27923.3
47,城市_047,2025,3,特大城市,465.63,88.0,0,0,0,431.67,9270.7,490.53,196154.2,0.902,27,11105,0.144,0.073,100.0,0.054,2.63,114823.0
48,城市_048,2025,2,大城市,221.78,609.3,1,0,0,150.1,6768.18,24.63,86184.3,0.959,8,10294,0.09,0.067,100.0,0.057,1.3,50008.9
49,城市_049,2025,0,小城市,26.64,205.2,1,0,0,20.02,7513.34,9.76,8794.6,0.889,0,1796,0.083,0.078,100.0,0.062,0.53,5830.5
50,城市_050,2025,2,大城市,214.24,54.1,0,0,0,194.15,9062.08,358.71,79198.9,0.897,11,10332,0.052,0.033,100.0,0.062,1.25,45071.9
51,城市_051,2025,1,中等城市,113.72,309.3,1,0,0,78.71,6921.16,25.45,40463.9,0.885,3,4610,0.097,0.043,100.0,0.064,0.5,24456.3
52,城市_052,2025,1,中等城市,81.17,810.6,0,0,0,55.34,6817.91,6.83,33855.3,0.928,2,2967,0.12,0.087,100.0,0.061,1.1,20915.0
53,城市_053,2025,3,特大城市,265.78,339.0,0,0,0,233.99,8803.65,69.02,105559.7,0.899,21,16198,0.094,0.051,100.0,0.048,1.81,65331.2
54,城市_054,2025,3,特大城市,469.55,50.0,0,0,0,463.39,9868.83,926.78,200458.6,0.897,17,32906,0.155,0.03,100.0,0.054,1.69,119922.7
55,城市_055,2025,3,特大城市,415.06,100.7,1,0,0,264.96,6383.63,262.99,189996.4,0.925,23,12804,0.105,0.056,100.0,0.067,1.48,112625.9
56,城市_056,2025,0,小城市,75.59,408.9,0,0,0,68.81,9102.91,16.83,23312.6,0.874,2,1526,0.105,0.055,100.0,0.061,1.38,14303.4
57,城市_057,2025,1,中等城市,122.49,84.3,0,0,0,92.87,7581.3,110.22,51769.3,0.916,4,2401,0.076,0.03,100.0,0.061,1.49,31475.5
58,城市_058,2025,2,大城市,212.14,211.7,0,0,0,150.02,7071.81,70.87,83561.6,0.941,8,11602,0.111,0.082,100.0,0.06,0.5,49487.8
59,城市_059,2025,3,特大城市,389.18,275.8,0,0,0,411.74,10579.63,149.28,162891.0,0.921,19,14116,0.07,0.045,100.0,0.058,1.63,90102.1
60,城市_060,2025,1,中等城市,97.95,70.7,0,0,0,77.9,7952.68,110.18,34585.1,0.915,3,3806,0.116,0.059,100.0,0.047,2.36,20265.6
61,城市_061,2025,1,中等城市,131.98,141.5,0,0,0,130.31,9873.85,92.09,47577.8,0.921,4,2837,0.118,0.049,100.0,0.057,0.53,26910.1
62,城市_062,2025,0,小城市,56.75,50.0,0,0,0,45.75,8061.33,91.5,21666.5,0.936,2,1665,0.129,0.03,100.0,0.059,1.04,12566.3
63,城市_063,2025,0,小城市,49.52,65.4,0,0,0,36.86,7442.84,56.36,21851.8,0.925,0,1667,0.081,0.03,100.0,0.066,2.05,13132.9
64,城市_064,2025,3,特大城市,390.26,121.3,0,0,0,350.5,8981.28,289.05,170961.4,0.919,23,15280,0.113,0.041,100.0,0.056,2.14,104416.8
65,城市_065,2025,3,特大城市,595.79,54.7,0,0,0,614.56,10315.14,1123.62,272230.2,0.933,37,19447,0.126,0.087,100.0,0.046,1.64,177878.9
66,城市_066,2025,1,中等城市,159.83,547.8,0,0,0,126.02,7885.03,23.01,60853.5,0.886,7,4307,0.113,0.051,100.0,0.061,1.34,35531.0
67,城市_067,2025,3,特大城市,463.02,50.0,0,0,0,380.99,8228.5,761.99,179947.2,0.927,30,13461,0.094,0.051,100.0,0.051,1.69,112150.1
68,城市_068,2025,2,大城市,212.88,104.4,1,0,0,201.51,9466.11,193.07,78439.2,0.885,7,11253,0.057,0.037,100.0,0.052,0.95,47783.5
69,城市_069,2025,1,中等城市,91.68,164.8,0,0,0,71.12,7757.29,43.16,33154.9,0.895,1,3629,0.109,0.076,100.0,0.055,1.1,21182.0
70,城市_070,2025,2,大城市,236.27,470.1,0,0,1,207.33,8774.96,44.1,79046.9,0.844,9,10444,0.103,0.085,100.0,0.06,1.21,48794.6
71,城市_071,2025,3,特大城市,777.61,50.0,0,0,0,902.73,11609.0,1805.46,307070.1,0.927,30,21845,0.108,0.093,100.0,0.059,2.22,174951.8
72,城市_072,2025,1,中等城市,151.5,376.4,0,0,1,124.27,8202.66,33.02,55859.5,0.891,4,2297,0.119,0.064,100.0,0.061,0.85,30628.2
73,城市_073,2025,3,特大城市,833.62,149.6,0,0,0,829.58,9951.49,554.41,345181.0,0.943,30,26213,0.12,0.077,100.0,0.055,1.61,210331.9
74,城市_074,2025,0,小城市,20.92,67.7,0,0,0,13.03,6231.55,19.26,7382.7,0.908,0,593,0.074,0.03,100.0,0.062,1.01,4312.6
75,城市_075,2025,3,特大城市,388.21,214.8,0,0,0,380.35,9797.49,177.07,161521.7,0.932,14,15857,0.071,0.055,100.0,0.057,2.44,92162.7
76,城市_076,2025,2,大城市,186.07,174.0,0,0,1,167.09,8979.79,96.01,72404.2,0.883,3,18343,0.082,0.041,100.0,0.062,1.32,40689.2
77,城市_077,2025,1,中等城市,115.82,91.8,0,0,0,107.63,9292.99,117.22,42061.6,0.924,4,5248,0.151,0.03,100.0,0.047,1.01,25440.1
78,城市_078,2025,2,大城市,197.76,156.9,0,0,0,155.45,7860.49,99.05,66047.7,0.947,14,16531,0.119,0.076,100.0,0.059,1.67,42616.0
79,城市_079,2025,0,小城市,22.71,109.0,0,0,0,14.58,6419.17,13.37,7605.9,0.916,0,990,0.104,0.037,100.0,0.055,0.95,4470.3
80,城市_080,2025,1,中等城市,135.81,162.5,0,0,0,126.21,9292.53,77.65,48187.0,0.919,4,4136,0.1,0.077,100.0,0.064,2.14,29765.5
81,城市_081,2025,2,大城市,217.17,252.1,0,0,0,195.24,8989.9,77.45,88504.1,0.909,8,8868,0.1,0.073,100.0,0.057,1.32,52830.9
82,城市_082,2025,3,特大城市,796.04,527.9,0,0,0,686.7,8626.42,130.09,358671.7,0.909,37,49961,0.143,0.081,100.0,0.052,2.54,201329.1
83,城市_083,2025,1,中等城市,91.87,55.1,0,0,0,88.61,9645.55,160.72,37243.7,0.918,2,5851,0.092,0.065,100.0,0.052,0.76,23167.2
84,城市_084,2025,0,小城市,76.75,817.6,0,1,0,46.31,6033.95,5.66,30390.1,0.872,2,2375,0.113,0.04,100.0,0.064,1.37,17236.0
85,城市_085,2025,1,中等城市,94.47,50.0,1,0,1,84.49,8944.17,168.99,35198.8,0.894,2,3749,0.095,0.09,100.0,0.062,1.28,21142.1
86,城市_086,2025,3,特大城市,397.02,131.4,0,0,1,302.3,7614.25,229.99,154076.6,0.875,29,9512,0.149,0.061,100.0,0.059,1.57,90867.4
87,城市_087,2025,2,大城市,236.58,237.6,0,0,0,274.12,11586.8,115.36,87869.5,0.892,5,11146,0.121,0.062,100.0,0.054,1.1,55075.9
88,城市_088,2025,1,中等城市,101.43,185.8,1,0,0,64.44,6352.98,34.68,33979.8,0.915,3,5946,0.127,0.04,100.0,0.055,0.83,19309.2
89,城市_089,2025,3,特大城市,257.13,90.2,1,0,1,269.16,10468.09,298.46,110214.1,0.917,9,9572,0.095,0.038,100.0,0.059,1.53,67420.9
90,城市_090,2025,2,大城市,190.43,125.7,0,0,0,160.66,8436.92,127.86,73242.4,0.906,12,5734,0.126,0.064,100.0,0.055,1.6,42100.2
91,城市_091,2025,3,特大城市,454.24,100.0,0,0,0,401.25,8833.46,401.08,167481.5,0.915,23,18617,0.105,0.066,100.0,0.058,1.62,97920.9
92,城市_092,2025,1,中等城市,77.54,92.6,1,0,1,62.13,8012.68,67.08,27064.3,0.864,2,3233,0.104,0.036,100.0,0.048,1.26,13287.1
93,城市_093,2025,1,中等城市,127.63,292.9,1,0,0,115.05,9014.48,39.29,45523.7,0.896,3,4810,0.136,0.03,100.0,0.056,1.17,30171.4
94,城市_094,2025,1,中等城市,103.03,197.5,0,0,0,72.16,7004.45,36.54,39102.8,0.889,3,3998,0.082,0.03,100.0,0.068,1.2,24107.5
95,城市_095,2025,0,小城市,36.77,85.3,0,0,0,23.5,6390.15,27.56,14388.7,0.888,0,1284,0.105,0.075,100.0,0.062,0.95,8302.0
96,城市_096,2025,2,大城市,225.55,304.8,0,0,1,216.06,9578.99,70.88,86286.7,0.918,6,11187,0.114,0.043,100.0,0.059,1.35,48860.7
97,城市_097,2025,2,大城市,203.99,189.8,0,0,1,135.81,6657.72,71.56,66671.5,0.888,4,9358,0.115,0.048,100.0,0.068,2.66,39011.5
98,城市_098,2025,2,大城市,166.84,284.4,0,0,1,128.79,7719.44,45.29,63674.7,0.892,4,4570,0.095,0.083,100.0,0.047,1.41,39574.2
99,城市_099,2025,1,中等城市,131.14,245.6,0,0,0,170.13,12973.6,69.27,49579.3,0.862,4,3562,0.145,0.031,100.0,0.055,1.52,26933.3
100,城市_100,2025,0,小城市,39.43,76.5,0,0,1,24.8,6290.44,32.44,13960.3,0.895,1,1343,0.075,0.036,100.0,0.058,1.28,8316.9
101,城市_101,2025,1,中等城市,112.06,94.8,1,0,0,107.7,9611.37,113.6,40479.1,0.881,2,5142,0.132,0.037,100.0,0.063,1.04,26437.7
102,城市_102,2025,1,中等城市,115.02,269.8,0,0,0,85.46,7430.14,31.67,44512.4,0.904,3,4423,0.127,0.085,100.0,0.063,1.82,25193.2
103,城市_103,2025,0,小城市,74.3,241.8,0,0,0,62.22,8374.72,25.73,27793.3,0.883,2,2253,0.14,0.092,100.0,0.055,0.97,16743.0
104,城市_104,2025,1,中等城市,147.47,146.0,1,0,0,135.36,9179.2,92.75,56675.1,0.906,4,5867,0.072,0.069,100.0,0.064,1.75,37751.2
105,城市_105,2025,2,大城市,255.1,163.0,1,0,0,265.9,10423.18,163.11,104354.7,0.903,8,8498,0.089,0.072,100.0,0.055,1.22,64591.9
106,城市_106,2025,3,特大城市,1122.8,412.5,0,0,0,1115.21,9932.43,270.38,462386.6,0.962,57,53792,0.158,0.066,100.0,0.055,2.2,279178.7
107,城市_107,2025,2,大城市,184.37,92.5,0,0,0,211.51,11471.87,228.76,69053.8,0.915,5,7495,0.067,0.094,100.0,0.053,1.46,42481.8
108,城市_108,2025,2,大城市,217.51,229.9,0,0,0,172.37,7925.01,74.97,95370.7,0.869,6,7279,0.073,0.061,100.0,0.057,0.77,56075.5
109,城市_109,2025,1,中等城市,145.67,126.2,0,0,0,125.39,8607.77,99.32,58624.8,0.878,5,5744,0.094,0.071,100.0,0.056,1.49,37460.6
110,城市_110,2025,0,小城市,22.58,124.7,0,0,0,16.1,7128.97,12.91,8457.6,0.902,0,1232,0.104,0.048,100.0,0.065,0.5,4973.2
111,城市_111,2025,1,中等城市,159.01,357.5,0,0,0,112.68,7086.41,31.52,67799.0,0.885,4,4930,0.136,0.049,100.0,0.056,1.08,36694.5
112,城市_112,2025,2,大城市,166.45,287.2,0,0,0,134.34,8070.85,46.77,67259.4,0.845,5,6909,0.1,0.087,100.0,0.058,0.53,39566.0
113,城市_113,2025,3,特大城市,1999.92,284.5,0,0,0,2224.37,11122.31,781.79,945017.0,0.977,131,72034,0.138,0.111,100.0,0.043,5.41,539602.8
114,城市_114,2025,1,中等城市,140.67,421.7,0,0,0,109.18,7761.34,25.89,47628.1,0.918,3,5882,0.11,0.083,100.0,0.061,0.5,28175.1
115,城市_115,2025,2,大城市,201.63,150.9,0,0,0,249.8,12389.27,165.51,80165.5,0.915,10,6094,0.114,0.06,100.0,0.062,1.31,47476.2
116,城市_116,2025,1,中等城市,151.95,256.1,0,0,0,111.83,7359.89,43.67,57749.7,0.892,2,5777,0.113,0.037,100.0,0.06,1.8,36724.4
117,城市_117,2025,0,小城市,47.38,115.8,0,1,0,41.91,8845.37,36.2,19715.7,0.91,1,2430,0.098,0.04,100.0,0.057,1.59,12240.7
118,城市_118,2025,3,特大城市,502.25,192.4,0,0,1,538.49,10721.55,279.95,221473.0,0.898,30,13949,0.073,0.065,100.0,0.053,2.18,134633.0
119,城市_119,2025,3,特大城市,355.39,133.7,1,0,0,322.81,9083.19,241.37,135973.6,0.913,14,8774,0.091,0.046,100.0,0.057,1.37,81572.2
120,城市_120,2025,3,特大城市,357.15,160.4,0,0,0,285.66,7998.29,178.1,148103.7,0.891,12,8918,0.137,0.037,100.0,0.058,2.21,84157.6
121,城市_121,2025,0,小城市,64.11,238.9,0,1,0,43.67,6811.31,18.28,24001.2,0.932,2,1660,0.105,0.076,100.0,0.059,1.55,12830.2
122,城市_122,2025,3,特大城市,709.91,77.1,1,0,1,641.58,9037.54,831.88,306669.1,0.886,48,31222,0.111,0.057,100.0,0.053,2.17,185042.6
123,城市_123,2025,0,小城市,35.98,791.5,0,0,0,19.83,5512.57,2.51,11900.1,0.926,0,868,0.123,0.054,100.0,0.052,1.17,7423.7
124,城市_124,2025,3,特大城市,312.98,66.4,0,0,1,241.91,7729.34,364.51,128801.4,0.909,10,10529,0.085,0.064,100.0,0.06,1.32,76862.2
125,城市_125,2025,3,特大城市,1426.13,56.2,0,0,0,1197.5,8396.91,2131.36,604032.2,0.926,100,63156,0.131,0.074,100.0,0.047,2.68,352727.2
126,城市_126,2025,0,小城市,60.62,374.8,0,0,1,56.38,9299.8,15.04,22839.7,0.905,1,2527,0.104,0.081,100.0,0.064,1.71,14022.1
127,城市_127,2025,1,中等城市,90.63,279.6,1,0,0,78.74,8687.63,28.16,32143.6,0.917,3,2969,0.093,0.03,100.0,0.059,1.79,19205.8
128,城市_128,2025,2,大城市,195.14,244.5,0,0,1,187.99,9633.58,76.88,72721.6,0.932,11,7602,0.107,0.06,100.0,0.049,0.85,47310.7
129,城市_129,2025,1,中等城市,93.21,245.3,0,0,0,80.85,8673.87,32.95,38532.6,0.909,1,3540,0.099,0.057,100.0,0.057,1.06,24544.6
130,城市_130,2025,0,小城市,34.78,147.0,0,0,0,25.61,7363.04,17.42,11453.3,0.883,0,1196,0.073,0.05,100.0,0.059,0.98,7201.6
131,城市_131,2025,2,大城市,180.07,72.4,0,0,0,190.38,10572.57,262.96,64769.8,0.906,3,6218,0.108,0.03,100.0,0.062,1.25,40334.2
132,城市_132,2025,0,小城市,52.31,157.7,0,0,0,35.73,6830.85,22.66,19046.1,0.938,2,3762,0.075,0.069,100.0,0.049,1.11,10690.5
133,城市_133,2025,2,大城市,251.47,86.3,0,0,0,224.52,8928.28,260.04,93498.9,0.933,8,11793,0.11,0.071,100.0,0.058,1.85,57959.0
134,城市_134,2025,0,小城市,64.87,323.8,0,0,1,55.52,8559.77,17.15,22335.1,0.92,2,5022,0.129,0.038,100.0,0.062,0.72,13653.2
135,城市_135,2025,3,特大城市,739.0,131.9,1,0,1,594.49,8044.56,450.57,311061.8,0.934,38,23420,0.113,0.083,100.0,0.049,1.69,192296.1
136,城市_136,2025,0,小城市,71.92,76.7,0,0,0,88.51,12305.41,115.43,23689.3,0.916,1,2579,0.078,0.059,100.0,0.06,1.73,14563.6
137,城市_137,2025,1,中等城市,116.72,114.8,0,0,0,95.24,8159.8,82.99,40982.7,0.926,2,2879,0.1,0.03,100.0,0.056,0.94,25146.3
138,城市_138,2025,3,特大城市,381.56,206.5,0,0,0,357.36,9365.68,173.05,181606.1,0.9,27,11010,0.093,0.042,100.0,0.053,0.94,123678.5
139,城市_139,2025,0,小城市,47.06,94.5,0,0,0,42.08,8942.4,44.51,17755.1,0.874,1,3062,0.113,0.074,100.0,0.057,0.83,10612.5
140,城市_140,2025,2,大城市,216.82,76.9,0,0,0,215.25,9927.86,279.99,80183.3,0.907,14,6820,0.102,0.062,100.0,0.054,1.16,50362.3
141,城市_141,2025,3,特大城市,576.52,180.4,0,0,0,554.45,9617.31,307.42,245756.2,0.898,28,37720,0.149,0.053,100.0,0.058,2.64,143981.3
142,城市_142,2025,0,小城市,30.87,180.5,0,0,0,22.33,7234.02,12.37,11503.9,0.88,0,782,0.124,0.034,100.0,0.056,1.51,7175.2
143,城市_143,2025,2,大城市,216.41,98.9,0,0,0,149.44,6905.3,151.05,91985.9,0.891,7,5804,0.102,0.045,100.0,0.053,1.9,57783.7
144,城市_144,2025,2,大城市,205.72,101.8,0,0,0,162.91,7919.08,160.01,79735.9,0.955,7,6831,0.119,0.046,100.0,0.067,1.72,48713.3
145,城市_145,2025,3,特大城市,335.68,178.7,1,0,0,328.27,9779.3,183.71,145636.5,0.911,10,12115,0.101,0.041,100.0,0.061,1.98,94675.0
146,城市_146,2025,0,小城市,43.64,50.0,0,0,0,34.28,7855.13,68.56,13432.5,0.908,1,2117,0.102,0.03,100.0,0.05,0.72,7703.2
147,城市_147,2025,0,小城市,46.11,50.0,0,0,0,40.93,8876.19,81.85,15395.2,0.877,0,1941,0.094,0.074,100.0,0.056,0.97,9012.1
148,城市_148,2025,3,特大城市,271.56,83.5,0,0,1,236.18,8697.11,282.74,109239.5,0.87,12,8817,0.122,0.076,100.0,0.058,0.91,66239.7
149,城市_149,2025,2,大城市,217.79,125.1,1,0,0,153.15,7031.97,122.41,87805.2,0.889,8,7698,0.134,0.03,100.0,0.059,1.22,55003.3
150,城市_150,2025,2,大城市,208.87,190.3,0,0,0,211.01,10102.68,110.87,76086.1,0.934,8,6982,0.121,0.058,100.0,0.05,1.66,46061.2
151,城市_151,2025,2,大城市,243.44,483.1,0,0,0,264.44,10862.63,54.73,98140.0,0.913,15,6806,0.125,0.038,100.0,0.063,1.43,62669.5
152,城市_152,2025,1,中等城市,82.28,294.8,1,0,0,73.82,8971.14,25.04,29277.2,0.914,2,2319,0.121,0.047,100.0,0.063,1.78,16985.1
153,城市_153,2025,2,大城市,231.57,130.6,1,0,1,196.87,8501.73,150.76,89209.3,0.921,11,11595,0.117,0.049,100.0,0.06,0.78,50473.1
154,城市_154,2025,2,大城市,221.11,146.2,1,0,0,224.26,10142.73,153.42,94309.2,0.894,15,4700,0.083,0.047,100.0,0.065,1.58,57457.3
155,城市_155,2025,0,小城市,84.47,66.6,0,0,0,111.07,13148.29,166.89,34021.9,0.93,3,5048,0.136,0.092,100.0,0.061,0.5,20334.4
156,城市_156,2025,3,特大城市,1101.14,146.2,0,0,0,1144.42,10392.97,782.61,432928.6,0.915,89,36547,0.164,0.069,100.0,0.051,2.7,266807.8
157,城市_157,2025,2,大城市,262.71,117.8,0,0,1,190.45,7249.45,161.66,95684.8,0.935,9,7665,0.102,0.04,100.0,0.065,1.76,57332.2
158,城市_158,2025,0,小城市,48.37,192.1,1,0,1,32.9,6801.47,17.12,17046.2,0.91,1,2221,0.094,0.036,100.0,0.065,0.97,10053.9
159,城市_159,2025,3,特大城市,321.12,76.6,0,0,0,317.73,9894.55,414.95,128289.7,0.872,9,18444,0.12,0.079,100.0,0.053,1.76,76685.4
160,城市_160,2025,0,小城市,63.39,224.9,0,0,0,38.04,6001.1,16.92,22200.9,0.887,2,3260,0.113,0.03,100.0,0.063,0.62,13339.8
161,城市_161,2025,3,特大城市,350.01,505.8,0,0,0,326.27,9321.83,64.5,152952.4,0.873,16,14968,0.105,0.043,100.0,0.053,0.69,90372.0
162,城市_162,2025,3,特大城市,526.24,136.0,1,0,1,527.83,10030.15,387.98,222041.0,0.936,25,26822,0.088,0.092,100.0,0.057,2.07,131871.5
163,城市_163,2025,0,小城市,76.6,204.7,0,0,0,75.05,9798.6,36.67,29488.7,0.901,3,1683,0.108,0.057,100.0,0.062,1.99,17336.2
164,城市_164,2025,3,特大城市,474.78,257.8,0,0,1,541.77,11410.99,210.16,175157.9,0.867,15,14934,0.123,0.066,100.0,0.048,1.21,109596.3
165,城市_165,2025,2,大城市,258.14,107.7,0,0,0,258.91,10030.02,240.48,112234.0,0.914,16,7225,0.121,0.099,100.0,0.057,2.0,67993.7
166,城市_166,2025,3,特大城市,408.12,177.6,0,0,0,272.38,6673.97,153.41,131967.2,0.899,24,21679,0.117,0.065,100.0,0.057,1.63,88114.8
167,城市_167,2025,3,特大城市,1058.77,149.9,0,0,0,1236.8,11681.56,825.0,480993.3,0.897,59,34717,0.121,0.062,100.0,0.047,1.92,290914.9
168,城市_168,2025,1,中等城市,132.68,160.5,0,0,0,121.41,9150.72,75.66,54766.6,0.937,4,6289,0.123,0.048,100.0,0.06,0.63,31954.9
169,城市_169,2025,0,小城市,82.31,80.0,0,0,0,67.06,8147.38,83.86,29737.9,0.904,2,3555,0.103,0.03,100.0,0.063,1.13,20225.3
170,城市_170,2025,0,小城市,64.42,151.4,0,0,0,38.0,5898.94,25.11,26350.7,0.896,2,1829,0.092,0.077,100.0,0.059,0.89,16137.4
171,城市_171,2025,0,小城市,70.76,221.1,0,0,0,48.62,6871.45,22.0,26135.4,0.894,2,2182,0.098,0.063,100.0,0.06,0.5,16457.5
172,城市_172,2025,1,中等城市,165.07,473.9,0,0,0,116.64,7065.8,24.61,64246.4,0.874,6,8952,0.069,0.077,100.0,0.065,0.5,39689.1
173,城市_173,2025,2,大城市,219.67,319.7,0,0,0,140.71,6405.68,44.01,88671.0,0.879,8,6403,0.102,0.08,100.0,0.06,0.91,54859.9
174,城市_174,2025,2,大城市,202.25,830.9,0,0,0,173.73,8589.77,20.91,102100.3,0.931,13,7724,0.119,0.047,100.0,0.059,1.4,62900.9
175,城市_175,2025,3,特大城市,403.65,80.3,0,0,1,330.23,8181.04,411.1,182026.3,0.901,16,11742,0.117,0.041,100.0,0.051,1.6,103197.5
176,城市_176,2025,2,大城市,175.97,298.2,0,0,1,221.04,12561.14,74.12,72310.8,0.905,6,5891,0.135,0.053,100.0,0.062,1.01,44183.7
177,城市_177,2025,3,特大城市,716.0,171.9,0,0,1,682.48,9531.84,397.12,277375.4,0.877,57,25978,0.113,0.05,100.0,0.054,2.17,155400.7
178,城市_178,2025,1,中等城市,125.48,855.6,0,0,1,124.7,9938.11,14.57,48484.1,0.877,4,3649,0.113,0.056,100.0,0.065,1.71,28836.8
179,城市_179,2025,3,特大城市,1953.68,77.7,1,0,0,1672.14,8558.93,2150.96,802170.6,0.961,182,53879,0.165,0.121,100.0,0.041,4.13,463840.3
180,城市_180,2025,3,特大城市,310.59,75.8,0,0,0,257.53,8291.66,339.71,132582.2,0.915,9,12450,0.155,0.054,100.0,0.048,1.41,80971.1
181,城市_181,2025,0,小城市,75.09,91.9,1,0,0,59.18,7881.2,64.41,28272.9,0.937,2,2144,0.105,0.055,100.0,0.051,1.58,17247.1
182,城市_182,2025,0,小城市,56.82,50.0,0,0,0,37.43,6588.16,74.86,19065.1,0.928,2,1638,0.081,0.05,100.0,0.063,0.61,11714.2
183,城市_183,2025,2,大城市,294.89,97.5,0,0,0,247.19,8382.45,253.64,118326.0,0.903,9,8184,0.124,0.073,100.0,0.054,1.33,72015.4
184,城市_184,2025,1,中等城市,125.38,80.9,1,0,0,99.31,7921.19,122.83,44745.0,0.913,4,4505,0.14,0.04,100.0,0.061,1.09,26032.4
185,城市_185,2025,3,特大城市,334.3,167.4,0,0,0,291.97,8733.63,174.43,135744.7,0.902,15,16322,0.102,0.03,100.0,0.057,0.88,80383.9
186,城市_186,2025,2,大城市,258.25,195.1,0,0,0,300.53,11637.2,154.06,95481.0,0.948,7,14928,0.123,0.066,100.0,0.057,1.18,59925.0
187,城市_187,2025,1,中等城市,144.42,665.8,0,0,0,126.91,8788.01,19.06,55677.0,0.927,4,4273,0.128,0.073,100.0,0.058,0.5,35189.9
188,城市_188,2025,0,小城市,69.74,317.5,0,0,0,57.77,8283.99,18.2,27467.7,0.905,2,4890,0.122,0.061,100.0,0.055,2.06,15535.6
189,城市_189,2025,0,小城市,36.77,93.5,1,0,0,28.79,7830.71,30.78,13152.3,0.905,0,1000,0.103,0.038,100.0,0.06,0.59,7287.3
190,城市_190,2025,1,中等城市,107.57,72.3,1,0,0,95.02,8833.06,131.36,39519.4,0.932,5,5477,0.089,0.03,100.0,0.056,1.95,22849.9
191,城市_191,2025,3,特大城市,428.67,220.0,1,0,1,392.8,9163.2,178.56,176976.0,0.922,30,12699,0.109,0.071,100.0,0.054,1.66,111734.9
192,城市_192,2025,2,大城市,207.64,51.6,0,0,0,170.51,8211.86,330.36,86005.9,0.936,6,5882,0.114,0.058,100.0,0.056,1.59,54738.2
193,城市_193,2025,0,小城市,49.87,642.4,1,0,0,38.09,7638.59,5.93,16647.5,0.857,1,1467,0.119,0.049,100.0,0.058,0.83,9526.7
194,城市_194,2025,2,大城市,195.48,381.3,1,0,1,199.12,10186.39,52.22,77951.3,0.914,8,7078,0.112,0.091,100.0,0.063,1.4,47489.4
195,城市_195,2025,2,大城市,261.37,102.0,0,0,1,272.99,10444.73,267.72,115082.0,0.896,16,11442,0.099,0.038,100.0,0.057,1.72,75382.5
196,城市_196,2025,0,小城市,76.05,50.0,0,0,1,57.05,7502.06,114.1,29661.6,0.937,2,3420,0.113,0.087,100.0,0.064,1.45,18166.5
197,城市_197,2025,2,大城市,196.12,438.4,1,0,0,188.51,9612.29,43.0,76960.1,0.936,8,5435,0.122,0.056,100.0,0.066,1.68,49458.0
198,城市_198,2025,2,大城市,165.39,135.4,0,0,0,135.24,8176.79,99.87,67420.3,0.905,7,4521,0.112,0.03,100.0,0.063,1.06,42472.2
199,城市_199,2025,0,小城市,50.86,399.5,1,0,0,38.16,7502.85,9.55,19254.6,0.932,1,1421,0.085,0.048,100.0,0.062,0.84,11027.0
0,城市_000,2026,2,大城市,271.6,197.6,0,0,0,261.26,9619.32,132.22,103753.6,0.882,8,9799,0.142,0.03,100.0,0.062,0.77,60634.1
1,城市_001,2026,1,中等城市,145.85,232.4,0,0,0,104.34,7153.79,44.89,57207.5,0.912,3,5706,0.111,0.038,100.0,0.059,1.35,34647.9
2,城市_002,2026,3,特大城市,321.38,353.0,0,0,0,340.63,10598.95,96.5,119823.4,0.899,9,8244,0.12,0.062,100.0,0.062,1.57,66472.9
3,城市_003,2026,3,特大城市,808.76,344.8,1,0,0,976.28,12071.24,283.12,290161.9,0.923,51,19923,0.142,0.064,100.0,0.051,2.41,167638.6
4,城市_004,2026,1,中等城市,135.46,50.0,1,0,0,97.94,7230.21,195.88,48960.7,0.922,4,5698,0.084,0.05,100.0,0.058,1.12,30487.0
5,城市_005,2026,1,中等城市,110.99,70.1,1,0,0,87.25,7861.42,124.49,40354.9,0.878,4,3614,0.099,0.046,100.0,0.063,0.77,27345.2
6,城市_006,2026,3,特大城市,750.17,224.1,1,0,1,738.72,9847.34,329.66,304586.6,0.912,47,26257,0.166,0.05,100.0,0.057,2.36,164694.1
7,城市_007,2026,3,特大城市,316.14,223.9,0,0,0,324.65,10269.37,145.02,117132.3,0.905,11,10440,0.106,0.047,100.0,0.061,0.78,69572.7
8,城市_008,2026,1,中等城市,105.6,224.1,1,0,0,108.11,10238.18,48.25,37712.2,0.892,3,6130,0.125,0.046,100.0,0.058,1.88,23093.8
9,城市_009,2026,3,特大城市,291.64,3236.3,1,0,0,202.03,6927.62,6.24,116097.2,0.925,10,15665,0.126,0.057,100.0,0.06,1.29,67512.5
10,城市_010,2026,1,中等城市,106.92,234.3,1,0,0,82.08,7677.23,35.03,38093.6,0.888,3,2713,0.073,0.06,100.0,0.065,1.27,23827.0
11,城市_011,2026,1,中等城市,99.13,368.1,0,0,1,76.11,7678.08,20.67,39085.1,0.891,2,3108,0.108,0.049,100.0,0.059,1.42,22434.8
12,城市_012,2026,2,大城市,221.47,318.4,0,0,0,155.69,7029.87,48.9,91916.3,0.891,9,10514,0.108,0.035,100.0,0.055,1.6,55574.0
13,城市_013,2026,0,小城市,25.73,249.9,0,0,0,16.66,6474.81,6.67,10983.1,0.922,0,1133,0.107,0.03,100.0,0.066,0.5,6417.8
14,城市_014,2026,0,小城市,27.65,115.3,1,0,0,20.68,7479.78,17.93,10715.3,0.891,0,1004,0.086,0.103,100.0,0.056,1.45,6821.2
15,城市_015,2026,1,中等城市,87.33,272.4,0,0,0,66.06,7565.07,24.25,33402.3,0.911,3,2283,0.08,0.03,100.0,0.062,1.27,19363.6
16,城市_016,2026,0,小城市,60.7,80.0,0,0,0,36.6,6028.84,45.76,21278.2,0.941,1,1819,0.092,0.041,100.0,0.059,0.77,12542.3
17,城市_017,2026,2,大城市,254.05,122.8,0,0,0,343.9,13536.37,280.05,102919.9,0.904,10,8003,0.104,0.066,100.0,0.048,0.98,64671.9
18,城市_018,2026,0,小城市,74.44,100.7,0,0,0,60.12,8076.67,59.73,28434.6,0.924,1,2975,0.125,0.059,100.0,0.065,0.94,16183.8
19,城市_019,2026,0,小城市,42.08,158.5,0,0,0,31.33,7445.63,19.77,14607.0,0.934,0,2580,0.137,0.061,100.0,0.046,0.5,8794.3
20,城市_020,2026,3,特大城市,693.24,945.5,0,0,0,572.92,8264.49,60.59,307096.9,0.937,37,20753,0.144,0.057,100.0,0.044,2.82,167467.3
21,城市_021,2026,1,中等城市,140.47,50.0,0,0,1,120.94,8610.07,241.89,48250.7,0.903,6,3798,0.12,0.058,100.0,0.061,1.94,27375.6
22,城市_022,2026,2,大城市,174.11,257.0,0,0,1,143.76,8257.26,55.94,66296.1,0.917,5,6199,0.084,0.055,100.0,0.061,1.47,40537.6
23,城市_023,2026,0,小城市,38.43,50.0,1,0,0,21.0,5464.82,42.0,14464.3,0.875,1,1926,0.093,0.045,100.0,0.056,0.94,8248.7
24,城市_024,2026,1,中等城市,85.37,101.7,0,0,0,57.22,6702.57,56.24,31260.1,0.886,3,2034,0.106,0.057,100.0,0.06,1.02,18245.4
25,城市_025,2026,2,大城市,187.87,354.7,1,0,0,180.53,9609.23,50.9,72026.4,0.892,5,10689,0.092,0.075,100.0,0.046,1.64,44281.3
26,城市_026,2026,0,小城市,50.94,156.2,0,0,0,50.91,9993.83,32.58,18397.1,0.946,1,1779,0.113,0.051,100.0,0.063,1.95,10718.6
27,城市_027,2026,2,大城市,244.74,62.7,0,0,1,226.59,9258.4,361.58,90411.5,0.889,20,7223,0.12,0.055,100.0,0.059,1.05,56478.7
28,城市_028,2026,1,中等城市,79.95,83.7,1,0,0,73.74,9223.92,88.06,32798.4,0.885,1,1819,0.113,0.073,100.0,0.059,0.55,19891.3
29,城市_029,2026,1,中等城市,126.1,255.6,0,0,0,100.88,8000.14,39.47,44413.5,0.882,4,5734,0.123,0.072,100.0,0.059,1.95,27228.6
30,城市_030,2026,1,中等城市,79.23,82.7,0,0,0,61.08,7709.38,73.82,30340.1,0.913,2,2768,0.084,0.084,100.0,0.062,0.5,19333.6
31,城市_031,2026,3,特大城市,1135.41,176.5,0,0,0,1370.31,12068.87,776.5,500500.3,0.929,81,43964,0.145,0.041,100.0,0.049,2.06,305102.3
32,城市_032,2026,1,中等城市,170.02,153.9,1,0,0,184.21,10834.34,119.68,61122.1,0.926,8,4773,0.09,0.072,100.0,0.049,1.11,39495.0
33,城市_033,2026,0,小城市,57.09,88.1,0,0,0,52.42,9181.23,59.48,21090.0,0.915,1,1908,0.082,0.063,100.0,0.07,0.5,13230.6
34,城市_034,2026,3,特大城市,393.22,824.8,1,0,0,308.17,7837.1,37.36,147871.9,0.881,24,12501,0.12,0.041,100.0,0.062,2.1,86401.0
35,城市_035,2026,0,小城市,46.53,246.4,0,0,0,34.08,7323.52,13.83,18906.0,0.885,2,1660,0.125,0.056,100.0,0.053,1.49,12077.0
36,城市_036,2026,2,大城市,206.84,50.0,0,0,0,185.73,8979.32,371.45,73955.0,0.932,8,6224,0.115,0.076,100.0,0.056,1.0,44958.4
37,城市_037,2026,0,小城市,24.67,172.3,0,0,0,16.45,6669.0,9.55,8245.9,0.897,0,572,0.101,0.034,100.0,0.059,1.67,4849.9
38,城市_038,2026,0,小城市,36.81,87.4,0,0,0,28.18,7655.37,32.24,11991.2,0.925,0,3070,0.107,0.06,100.0,0.065,1.78,7294.9
39,城市_039,2026,2,大城市,198.21,293.5,0,0,0,192.24,9699.11,65.5,69490.4,0.902,7,4843,0.107,0.072,100.0,0.047,1.22,44013.1
40,城市_040,2026,3,特大城市,349.31,78.7,0,0,0,368.9,10560.98,468.59,159504.5,0.889,14,13569,0.086,0.037,100.0,0.054,1.26,97880.2
41,城市_041,2026,2,大城市,196.1,135.4,0,0,0,216.32,11031.32,159.77,79998.4,0.898,9,4239,0.08,0.052,100.0,0.049,2.4,52372.7
42,城市_042,2026,1,中等城市,162.11,222.3,1,0,0,129.63,7996.67,58.32,63430.0,0.884,8,3275,0.102,0.06,100.0,0.057,1.58,40125.6
43,城市_043,2026,1,中等城市,115.73,296.7,0,0,0,76.56,6615.79,25.81,41774.9,0.891,3,4384,0.104,0.037,100.0,0.057,1.29,25720.6
44,城市_044,2026,0,小城市,36.73,56.8,0,0,0,27.99,7619.76,49.26,14188.9,0.905,1,1423,0.101,0.033,100.0,0.06,1.73,8076.6
45,城市_045,2026,0,小城市,72.62,113.6,1,0,1,74.57,10268.7,65.66,25268.3,0.912,3,3900,0.115,0.049,100.0,0.056,1.25,15024.7
46,城市_046,2026,1,中等城市,115.17,101.5,0,0,0,86.99,7553.57,85.71,46674.7,0.871,4,4776,0.098,0.069,100.0,0.055,0.91,28105.2
47,城市_047,2026,3,特大城市,474.11,88.0,0,0,0,492.64,10390.91,559.82,180500.0,0.911,18,16674,0.122,0.074,100.0,0.059,1.7,112072.3
48,城市_048,2026,2,大城市,229.66,609.3,1,0,0,221.92,9663.27,36.42,85874.4,0.894,7,6354,0.102,0.038,100.0,0.06,1.84,53166.6
49,城市_049,2026,0,小城市,28.58,205.2,1,0,0,20.7,7243.67,10.09,10772.7,0.888,0,1648,0.137,0.064,100.0,0.062,0.5,6518.4
50,城市_050,2026,2,大城市,239.9,54.1,0,0,0,209.99,8753.54,387.98,101428.4,0.908,12,11661,0.107,0.039,100.0,0.057,1.19,61223.2
51,城市_051,2026,1,中等城市,116.06,309.3,1,0,0,82.06,7069.89,26.53,46324.2,0.892,2,2937,0.149,0.03,100.0,0.056,1.85,28795.7
52,城市_052,2026,1,中等城市,99.05,810.6,0,0,0,56.21,5674.3,6.93,34380.9,0.93,3,3685,0.109,0.045,100.0,0.058,0.88,19743.0
53,城市_053,2026,3,特大城市,316.44,339.0,0,0,0,240.91,7613.23,71.07,122153.8,0.931,9,12155,0.103,0.08,100.0,0.06,2.21,79505.7
54,城市_054,2026,3,特大城市,455.95,50.0,0,0,0,401.49,8805.49,802.97,188120.7,0.934,26,15121,0.093,0.074,100.0,0.045,2.34,101319.0
55,城市_055,2026,3,特大城市,410.34,100.7,1,0,0,446.83,10889.33,443.52,155386.8,0.9,18,19028,0.081,0.059,100.0,0.058,1.53,100016.6
56,城市_056,2026,0,小城市,70.56,408.9,0,0,0,53.62,7599.84,13.11,29223.6,0.882,3,3331,0.082,0.043,100.0,0.061,0.81,17494.6
57,城市_057,2026,1,中等城市,112.24,84.3,0,0,0,84.02,7486.38,99.72,35181.0,0.904,5,3899,0.085,0.045,100.0,0.059,1.01,22166.7
58,城市_058,2026,2,大城市,233.32,211.7,0,0,0,178.0,7628.85,84.09,86381.4,0.902,14,7889,0.113,0.058,100.0,0.057,2.65,52771.7
59,城市_059,2026,3,特大城市,464.18,275.8,0,0,0,479.12,10321.89,173.71,181734.5,0.899,33,26772,0.1,0.039,100.0,0.043,2.58,110927.3
60,城市_060,2026,1,中等城市,99.83,70.7,0,0,0,97.87,9803.54,138.42,30028.2,0.879,3,4858,0.106,0.045,100.0,0.057,1.2,18516.2
61,城市_061,2026,1,中等城市,132.35,141.5,0,0,0,127.76,9653.03,90.28,45334.9,0.902,3,4975,0.129,0.049,100.0,0.068,0.88,28301.3
62,城市_062,2026,0,小城市,60.4,50.0,0,0,0,50.25,8320.0,100.51,23385.1,0.893,1,1362,0.1,0.03,100.0,0.06,1.14,13800.4
63,城市_063,2026,0,小城市,46.44,65.4,0,0,0,27.53,5927.38,42.09,16919.4,0.915,0,1894,0.143,0.034,100.0,0.058,1.19,10676.9
64,城市_064,2026,3,特大城市,333.1,121.3,0,0,0,285.72,8577.56,235.63,151525.8,0.921,10,15109,0.084,0.066,100.0,0.057,0.84,85985.7
65,城市_065,2026,3,特大城市,605.98,54.7,0,0,0,780.0,12871.72,1426.1,283394.5,0.936,30,9756,0.111,0.064,100.0,0.056,1.88,169991.4
66,城市_066,2026,1,中等城市,141.95,547.8,0,0,0,139.23,9807.93,25.42,56483.4,0.878,4,5632,0.092,0.047,100.0,0.062,1.86,35306.6
67,城市_067,2026,3,特大城市,466.39,50.0,0,0,0,346.56,7430.59,693.11,195070.8,0.919,20,15141,0.129,0.043,100.0,0.055,0.74,122865.4
68,城市_068,2026,2,大城市,234.91,104.4,1,0,0,203.27,8653.27,194.76,93079.9,0.891,10,8087,0.061,0.087,100.0,0.06,1.74,57134.6
69,城市_069,2026,1,中等城市,86.55,164.8,0,0,0,72.03,8321.98,43.71,26243.5,0.878,2,2425,0.073,0.035,100.0,0.068,1.81,15436.4
70,城市_070,2026,2,大城市,256.63,470.1,0,0,1,201.55,7853.62,42.87,90876.0,0.897,7,9030,0.104,0.061,100.0,0.063,1.07,56970.3
71,城市_071,2026,3,特大城市,746.99,50.0,0,0,0,518.72,6944.11,1037.43,314483.2,0.939,38,41723,0.148,0.057,100.0,0.065,2.88,182374.8
72,城市_072,2026,1,中等城市,168.75,376.4,0,0,1,144.49,8562.22,38.39,68726.9,0.896,4,5429,0.108,0.055,100.0,0.055,0.89,44847.2
73,城市_073,2026,3,特大城市,872.8,149.6,0,0,0,773.64,8863.91,517.03,375964.5,0.951,43,42896,0.093,0.079,100.0,0.06,2.43,224623.7
74,城市_074,2026,0,小城市,22.02,67.7,0,0,0,13.42,6093.61,19.83,7179.1,0.911,0,636,0.077,0.03,100.0,0.056,0.88,3975.9
75,城市_075,2026,3,特大城市,396.99,214.8,0,0,0,346.52,8728.52,161.32,173145.5,0.901,16,18337,0.143,0.059,100.0,0.058,1.4,97681.7
76,城市_076,2026,2,大城市,179.76,174.0,0,0,1,149.6,8322.24,85.96,78714.3,0.927,11,6616,0.092,0.078,100.0,0.062,0.94,47331.7
77,城市_077,2026,1,中等城市,130.83,91.8,0,0,0,107.4,8208.87,116.97,53983.8,0.912,6,5349,0.084,0.088,100.0,0.056,1.53,32616.8
78,城市_078,2026,2,大城市,166.9,156.9,0,0,0,123.18,7380.31,78.49,69999.1,0.885,5,6153,0.133,0.051,100.0,0.059,1.66,46135.7
79,城市_079,2026,0,小城市,20.77,109.0,0,0,0,13.69,6591.89,12.56,6935.4,0.938,0,926,0.121,0.051,100.0,0.064,1.0,3945.2
80,城市_080,2026,1,中等城市,131.12,162.5,0,0,0,82.82,6316.62,50.96,54706.9,0.908,4,2232,0.129,0.097,100.0,0.055,0.5,32888.9
81,城市_081,2026,2,大城市,226.65,252.1,0,0,0,206.46,9109.17,81.91,90221.5,0.906,12,5445,0.086,0.078,100.0,0.066,1.51,51265.4
82,城市_082,2026,3,特大城市,710.69,527.9,0,0,0,452.33,6364.61,85.69,308432.0,0.899,31,29629,0.086,0.054,100.0,0.047,2.19,180500.7
83,城市_083,2026,1,中等城市,98.26,55.1,0,0,0,75.11,7644.23,136.24,38178.1,0.926,4,1958,0.105,0.04,100.0,0.069,1.03,24835.6
84,城市_084,2026,0,小城市,77.67,817.6,0,1,0,69.49,8946.6,8.5,28687.5,0.912,3,2437,0.108,0.071,100.0,0.064,2.04,16234.5
85,城市_085,2026,1,中等城市,98.79,50.0,1,0,1,67.32,6814.32,134.64,34810.2,0.915,2,3575,0.11,0.032,100.0,0.059,0.5,21499.1
86,城市_086,2026,3,特大城市,397.64,131.4,0,0,1,407.65,10251.56,310.13,159859.1,0.899,14,11410,0.139,0.081,100.0,0.054,0.5,97799.8
87,城市_087,2026,2,大城市,227.43,237.6,0,0,0,235.24,10343.28,99.0,96850.1,0.922,10,6799,0.071,0.062,100.0,0.055,0.95,58039.8
88,城市_088,2026,1,中等城市,94.03,185.8,1,0,0,45.5,4838.98,24.49,34176.3,0.92,3,3752,0.119,0.063,100.0,0.058,1.49,21038.3
89,城市_089,2026,3,特大城市,264.25,90.2,1,0,1,228.12,8632.86,252.95,112530.9,0.893,8,13158,0.084,0.051,100.0,0.057,0.84,63602.4
90,城市_090,2026,2,大城市,167.38,125.7,0,0,0,91.65,5475.8,72.94,68803.7,0.876,5,4618,0.121,0.041,100.0,0.065,0.74,44701.0
91,城市_091,2026,3,特大城市,442.1,100.0,0,0,0,404.24,9143.51,404.07,175604.8,0.922,19,13686,0.101,0.089,100.0,0.066,2.09,115503.2
92,城市_092,2026,1,中等城市,80.1,92.6,1,0,1,62.56,7810.35,67.54,33431.8,0.87,1,2366,0.086,0.047,100.0,0.06,1.34,20106.3
93,城市_093,2026,1,中等城市,127.45,292.9,1,0,0,72.0,5649.26,24.59,47356.1,0.906,5,2267,0.091,0.045,100.0,0.055,1.36,31856.1
94,城市_094,2026,1,中等城市,103.64,197.5,0,0,0,111.04,10713.89,56.23,44247.4,0.893,2,3978,0.073,0.051,100.0,0.056,1.53,26018.7
95,城市_095,2026,0,小城市,37.46,85.3,0,0,0,28.29,7552.81,33.19,13946.8,0.925,0,1824,0.102,0.055,100.0,0.059,0.84,8535.6
96,城市_096,2026,2,大城市,249.8,304.8,0,0,1,193.11,7730.63,63.35,98635.5,0.898,9,12466,0.09,0.035,100.0,0.053,1.16,63418.3
97,城市_097,2026,2,大城市,205.27,189.8,0,0,1,220.1,10722.32,115.98,74855.8,0.927,6,5815,0.12,0.043,100.0,0.052,1.69,43882.7
98,城市_098,2026,2,大城市,165.67,284.4,0,0,1,106.56,6432.2,37.47,63717.9,0.894,9,4186,0.117,0.041,100.0,0.069,0.56,35589.9
99,城市_099,2026,1,中等城市,123.01,245.6,0,0,0,83.56,6793.15,34.02,46183.3,0.923,3,4554,0.137,0.07,100.0,0.06,0.5,25477.0
100,城市_100,2026,0,小城市,37.47,76.5,0,0,1,19.2,5124.98,25.12,12184.2,0.942,0,1767,0.108,0.033,100.0,0.055,0.84,8063.8
101,城市_101,2026,1,中等城市,120.12,94.8,1,0,0,128.24,10676.26,135.27,44994.9,0.881,4,4629,0.113,0.03,100.0,0.063,1.63,26282.8
102,城市_102,2026,1,中等城市,119.84,269.8,0,0,0,102.62,8563.23,38.03,42827.7,0.909,3,4808,0.131,0.03,100.0,0.053,1.29,25458.0
103,城市_103,2026,0,小城市,75.52,241.8,0,0,0,64.8,8580.02,26.79,29474.4,0.957,1,3913,0.089,0.03,100.0,0.054,1.53,16700.7
104,城市_104,2026,1,中等城市,128.63,146.0,1,0,0,110.42,8584.8,75.66,54613.6,0.904,5,3790,0.073,0.08,100.0,0.055,0.5,34321.9
105,城市_105,2026,2,大城市,255.68,163.0,1,0,0,245.26,9592.52,150.45,91744.0,0.907,7,8805,0.11,0.056,100.0,0.066,1.51,52895.3
106,城市_106,2026,3,特大城市,1179.33,412.5,0,0,0,1227.44,10407.9,297.59,577869.9,0.943,44,70845,0.099,0.087,100.0,0.048,2.96,338205.4
107,城市_107,2026,2,大城市,212.86,92.5,0,0,0,191.5,8996.72,207.13,82632.8,0.906,13,7381,0.154,0.066,100.0,0.046,0.62,50322.2
108,城市_108,2026,2,大城市,224.88,229.9,0,0,0,198.53,8828.32,86.35,81806.3,0.871,10,5656,0.134,0.056,100.0,0.064,1.74,46472.4
109,城市_109,2026,1,中等城市,145.12,126.2,0,0,0,110.04,7582.63,87.16,59328.2,0.926,4,4367,0.147,0.052,100.0,0.057,1.14,35279.1
110,城市_110,2026,0,小城市,24.99,124.7,0,0,0,17.23,6894.5,13.82,8496.6,0.861,0,693,0.102,0.071,100.0,0.051,2.57,5455.4
111,城市_111,2026,1,中等城市,169.26,357.5,0,0,0,148.82,8792.37,41.63,65202.9,0.896,7,6931,0.115,0.057,100.0,0.057,0.5,39959.4
112,城市_112,2026,2,大城市,159.58,287.2,0,0,0,136.1,8528.56,47.38,59731.7,0.928,7,4486,0.094,0.082,100.0,0.061,1.91,36073.0
113,城市_113,2026,3,特大城市,1836.72,284.5,0,0,0,1583.71,8622.52,556.62,751604.3,0.935,95,73292,0.16,0.105,100.0,0.045,3.34,455807.4
114,城市_114,2026,1,中等城市,145.25,421.7,0,0,0,98.63,6790.29,23.39,59225.0,0.889,5,4284,0.079,0.041,100.0,0.068,0.5,34843.6
115,城市_115,2026,2,大城市,237.86,150.9,0,0,0,244.46,10277.68,161.97,91687.1,0.923,8,4627,0.055,0.046,100.0,0.054,1.07,60502.9
116,城市_116,2026,1,中等城市,147.28,256.1,0,0,0,117.02,7945.49,45.69,50553.0,0.886,4,5940,0.088,0.039,100.0,0.059,1.34,29100.1
117,城市_117,2026,0,小城市,54.42,115.8,0,1,0,44.65,8205.56,38.56,20835.8,0.877,1,2093,0.072,0.076,100.0,0.056,1.59,12633.3
118,城市_118,2026,3,特大城市,527.02,192.4,0,0,1,423.92,8043.62,220.38,196406.2,0.918,25,22646,0.142,0.054,100.0,0.047,2.59,118521.4
119,城市_119,2026,3,特大城市,371.12,133.7,1,0,0,272.02,7329.82,203.4,136470.4,0.905,20,11156,0.145,0.043,100.0,0.061,2.22,86012.2
120,城市_120,2026,3,特大城市,355.1,160.4,0,0,0,284.78,8019.56,177.55,157191.1,0.883,17,10339,0.08,0.065,100.0,0.059,1.01,99516.9
121,城市_121,2026,0,小城市,69.91,238.9,0,1,0,52.14,7457.9,21.82,23569.3,0.914,1,2901,0.127,0.05,100.0,0.061,1.66,14118.9
122,城市_122,2026,3,特大城市,714.11,77.1,1,0,1,631.67,8845.54,819.03,247226.9,0.926,24,41436,0.135,0.072,100.0,0.056,2.18,150492.0
123,城市_123,2026,0,小城市,40.3,791.5,0,0,0,35.67,8851.14,4.51,15285.9,0.894,0,1487,0.07,0.089,100.0,0.056,0.73,9322.2
124,城市_124,2026,3,特大城市,300.88,66.4,0,0,1,276.6,9193.08,416.78,117187.0,0.901,21,12572,0.099,0.075,100.0,0.052,1.31,62324.2
125,城市_125,2026,3,特大城市,1437.99,56.2,0,0,0,1991.89,13851.88,3545.23,609821.4,0.943,68,48035,0.122,0.084,100.0,0.047,2.63,336822.8
126,城市_126,2026,0,小城市,68.35,374.8,0,0,1,55.87,8174.46,14.91,24698.8,0.925,1,1582,0.117,0.03,100.0,0.065,1.11,14371.0
127,城市_127,2026,1,中等城市,94.2,279.6,1,0,0,52.15,5535.55,18.65,36135.4,0.897,2,4632,0.078,0.042,100.0,0.067,0.77,21072.4
128,城市_128,2026,2,大城市,174.86,244.5,0,0,1,173.46,9920.17,70.94,63943.0,0.917,5,8447,0.102,0.068,100.0,0.062,0.73,36065.2
129,城市_129,2026,1,中等城市,96.84,245.3,0,0,0,61.56,6356.38,25.09,41093.7,0.914,3,4409,0.089,0.03,100.0,0.059,1.37,25580.3
130,城市_130,2026,0,小城市,35.72,147.0,0,0,0,26.62,7453.84,18.11,11385.2,0.918,1,1244,0.11,0.094,100.0,0.061,1.36,6831.8
131,城市_131,2026,2,大城市,187.08,72.4,0,0,0,142.0,7590.15,196.13,75544.6,0.905,7,8232,0.1,0.055,100.0,0.058,1.16,44840.2
132,城市_132,2026,0,小城市,53.38,157.7,0,0,0,55.22,10345.39,35.02,20566.9,0.883,1,2567,0.091,0.052,100.0,0.054,1.76,11565.1
133,城市_133,2026,2,大城市,298.9,86.3,0,0,0,331.73,11098.28,384.22,112211.2,0.898,28,17878,0.103,0.044,100.0,0.057,1.28,67176.7
134,城市_134,2026,0,小城市,67.87,323.8,0,0,1,46.68,6878.17,14.42,23162.3,0.908,1,3358,0.142,0.061,100.0,0.053,0.94,12072.2
135,城市_135,2026,3,特大城市,809.26,131.9,1,0,1,785.94,9711.78,595.68,368092.3,0.955,36,30346,0.11,0.045,100.0,0.052,2.45,219055.9
136,城市_136,2026,0,小城市,75.93,76.7,0,0,0,61.25,8066.92,79.89,26130.2,0.892,3,1886,0.081,0.095,100.0,0.067,1.04,15727.7
137,城市_137,2026,1,中等城市,121.25,114.8,0,0,0,112.58,9284.39,98.09,44047.8,0.919,3,4673,0.114,0.079,100.0,0.063,1.21,26748.4
138,城市_138,2026,3,特大城市,373.76,206.5,0,0,0,343.45,9189.1,166.31,161870.4,0.902,27,14849,0.106,0.078,100.0,0.052,0.5,89526.8
139,城市_139,2026,0,小城市,51.81,94.5,0,0,0,33.22,6413.15,35.14,18986.1,0.903,1,2357,0.073,0.03,100.0,0.059,1.08,11519.7
140,城市_140,2026,2,大城市,209.73,76.9,0,0,0,162.44,7745.23,211.29,71190.2,0.935,12,11581,0.149,0.059,100.0,0.054,0.5,40489.9
141,城市_141,2026,3,特大城市,646.07,180.4,0,0,0,624.61,9667.78,346.31,308045.6,0.93,34,23098,0.108,0.089,100.0,0.054,1.28,177319.0
142,城市_142,2026,0,小城市,32.65,180.5,0,0,0,28.03,8586.18,15.53,11174.9,0.876,1,2255,0.093,0.063,100.0,0.065,0.5,6945.6
143,城市_143,2026,2,大城市,203.35,98.9,0,0,0,186.44,9168.17,188.45,77053.6,0.893,13,4413,0.108,0.035,100.0,0.061,0.76,50888.0
144,城市_144,2026,2,大城市,206.69,101.8,0,0,0,158.51,7669.18,155.69,82621.7,0.93,5,8623,0.139,0.042,100.0,0.071,1.01,49700.3
145,城市_145,2026,3,特大城市,392.2,178.7,1,0,0,397.42,10133.18,222.41,166733.7,0.912,25,11354,0.075,0.05,100.0,0.062,1.3,95953.1
146,城市_146,2026,0,小城市,46.18,50.0,0,0,0,32.21,6974.9,64.42,19632.1,0.878,0,958,0.107,0.039,100.0,0.061,1.4,11890.4
147,城市_147,2026,0,小城市,43.78,50.0,0,0,0,36.79,8402.08,73.57,13893.1,0.885,0,1516,0.143,0.082,100.0,0.063,1.17,8727.3
148,城市_148,2026,3,特大城市,276.5,83.5,0,0,1,358.37,12961.12,429.02,117379.8,0.92,8,6569,0.109,0.03,100.0,0.056,0.5,72614.7
149,城市_149,2026,2,大城市,220.29,125.1,1,0,0,180.96,8214.48,144.63,91850.2,0.925,9,7720,0.08,0.068,100.0,0.052,1.35,62668.8
150,城市_150,2026,2,大城市,224.0,190.3,0,0,0,219.37,9793.0,115.26,87120.8,0.906,8,8327,0.093,0.03,100.0,0.064,1.47,50402.8
151,城市_151,2026,2,大城市,231.97,483.1,0,0,0,180.77,7792.67,37.42,97314.5,0.955,8,11936,0.109,0.036,100.0,0.063,1.16,59125.0
152,城市_152,2026,1,中等城市,91.86,294.8,1,0,0,71.62,7796.4,24.3,37226.2,0.919,2,2149,0.129,0.03,100.0,0.058,1.1,24065.5
153,城市_153,2026,2,大城市,200.88,130.6,1,0,1,173.28,8625.74,132.69,70339.7,0.9,9,9705,0.098,0.044,100.0,0.06,1.37,45339.9
154,城市_154,2026,2,大城市,226.3,146.2,1,0,0,191.08,8443.64,130.72,102405.9,0.889,10,8573,0.122,0.085,100.0,0.064,1.7,55452.5
155,城市_155,2026,0,小城市,78.15,66.6,0,0,0,88.19,11284.98,132.52,25736.6,0.882,3,3914,0.073,0.057,100.0,0.064,0.5,15439.4
156,城市_156,2026,3,特大城市,1106.88,146.2,0,0,0,1080.43,9761.03,738.85,430509.5,0.932,110,35772,0.097,0.052,100.0,0.042,2.41,277478.7
157,城市_157,2026,2,大城市,268.19,117.8,0,0,1,259.03,9658.32,219.87,104207.1,0.896,10,6615,0.097,0.077,100.0,0.059,2.12,71561.0
158,城市_158,2026,0,小城市,50.32,192.1,1,0,1,28.09,5582.3,14.62,21420.0,0.935,1,1284,0.13,0.076,100.0,0.059,1.78,13304.3
159,城市_159,2026,3,特大城市,345.46,76.6,0,0,0,334.52,9683.42,436.88,135434.2,0.937,17,8625,0.109,0.06,100.0,0.062,1.9,79765.9
160,城市_160,2026,0,小城市,60.67,224.9,0,0,0,54.73,9020.58,24.34,22292.9,0.914,1,2576,0.107,0.092,100.0,0.065,1.35,12700.8
161,城市_161,2026,3,特大城市,380.05,505.8,0,0,0,321.8,8467.28,63.62,172071.7,0.885,13,21775,0.114,0.075,100.0,0.063,2.35,114696.5
162,城市_162,2026,3,特大城市,508.78,136.0,1,0,1,329.64,6479.02,242.3,203488.4,0.898,32,15798,0.134,0.075,100.0,0.05,2.66,126541.8
163,城市_163,2026,0,小城市,74.05,204.7,0,0,0,57.11,7711.6,27.9,25071.9,0.927,2,3290,0.09,0.036,100.0,0.055,1.04,14405.3
164,城市_164,2026,3,特大城市,408.07,257.8,0,0,1,377.68,9255.18,146.51,159919.3,0.898,12,9505,0.123,0.072,100.0,0.062,1.08,94976.9
165,城市_165,2026,2,大城市,242.86,107.7,0,0,0,237.03,9759.92,220.16,106998.4,0.928,6,9431,0.089,0.06,100.0,0.055,1.2,65194.7
166,城市_166,2026,3,特大城市,378.43,177.6,0,0,0,468.72,12385.79,263.99,153629.0,0.918,16,17013,0.148,0.069,100.0,0.049,3.07,94683.7
167,城市_167,2026,3,特大城市,1238.2,149.9,0,0,0,1209.11,9765.09,806.53,618913.2,0.93,103,29500,0.113,0.065,100.0,0.051,1.93,354644.3
168,城市_168,2026,1,中等城市,131.55,160.5,0,0,0,95.15,7233.25,59.29,53430.6,0.889,6,4552,0.085,0.056,100.0,0.056,0.95,31073.9
169,城市_169,2026,0,小城市,86.63,80.0,0,0,0,57.31,6615.97,71.67,30850.6,0.9,2,3950,0.113,0.036,100.0,0.068,0.5,16980.5
170,城市_170,2026,0,小城市,69.56,151.4,0,0,0,55.23,7939.57,36.49,25906.0,0.905,3,1061,0.103,0.03,100.0,0.061,1.16,16351.7
171,城市_171,2026,0,小城市,72.25,221.1,0,0,0,60.07,8313.83,27.18,25077.5,0.922,2,3967,0.108,0.072,100.0,0.06,0.5,14789.5
172,城市_172,2026,1,中等城市,169.29,473.9,0,0,0,131.63,7775.76,27.78,62222.7,0.886,5,6924,0.108,0.03,100.0,0.057,1.18,38204.1
173,城市_173,2026,2,大城市,241.2,319.7,0,0,0,237.18,9833.29,74.18,136217.7,0.9,4,11001,0.084,0.058,100.0,0.066,0.5,87542.8
174,城市_174,2026,2,大城市,212.21,830.9,0,0,0,196.51,9260.14,23.65,90285.4,0.906,7,6897,0.137,0.062,100.0,0.06,1.6,54766.8
175,城市_175,2026,3,特大城市,392.92,80.3,0,0,1,363.68,9255.63,452.74,170240.5,0.922,22,8621,0.127,0.066,100.0,0.054,2.15,101567.3
176,城市_176,2026,2,大城市,166.43,298.2,0,0,1,122.46,7357.82,41.06,61343.1,0.886,9,7186,0.131,0.048,100.0,0.054,1.04,37162.8
177,城市_177,2026,3,特大城市,635.36,171.9,0,0,1,570.83,8984.37,332.15,298418.1,0.888,24,22801,0.104,0.07,100.0,0.054,1.81,179616.6
178,城市_178,2026,1,中等城市,135.5,855.6,0,0,1,77.64,5729.85,9.07,56735.1,0.917,5,5032,0.111,0.063,100.0,0.054,1.11,36162.1
179,城市_179,2026,3,特大城市,2170.86,77.7,1,0,0,2462.06,11341.4,3167.08,1111628.5,0.92,202,110672,0.154,0.115,100.0,0.045,4.09,677343.2
180,城市_180,2026,3,特大城市,347.8,75.8,0,0,0,317.13,9118.05,418.32,161886.1,0.934,15,16081,0.131,0.093,100.0,0.048,1.46,94487.7
181,城市_181,2026,0,小城市,72.71,91.9,1,0,0,57.9,7963.96,63.02,24009.8,0.899,1,4759,0.125,0.056,100.0,0.059,1.48,15160.6
182,城市_182,2026,0,小城市,56.45,50.0,0,0,0,45.93,8137.47,91.86,18957.1,0.87,1,2174,0.105,0.053,100.0,0.063,1.69,12074.1
183,城市_183,2026,2,大城市,284.35,97.5,0,0,0,268.07,9427.51,275.07,104421.9,0.897,14,8501,0.076,0.038,100.0,0.059,0.99,58460.6
184,城市_184,2026,1,中等城市,140.49,80.9,1,0,0,114.42,8144.02,141.5,50044.1,0.911,3,4884,0.139,0.062,100.0,0.055,1.04,32327.6
185,城市_185,2026,3,特大城市,375.56,167.4,0,0,0,346.29,9220.57,206.88,155515.3,0.898,15,15650,0.12,0.072,100.0,0.06,1.97,95010.8
186,城市_186,2026,2,大城市,267.58,195.1,0,0,0,191.67,7162.88,98.25,101451.6,0.907,7,13351,0.094,0.052,100.0,0.053,0.66,61733.1
187,城市_187,2026,1,中等城市,153.89,665.8,0,0,0,117.83,7656.66,17.7,70097.4,0.918,2,3645,0.112,0.064,100.0,0.058,0.5,44175.3
188,城市_188,2026,0,小城市,68.7,317.5,0,0,0,53.28,7755.84,16.78,29656.3,0.898,2,2533,0.071,0.046,100.0,0.063,1.21,17289.3
189,城市_189,2026,0,小城市,37.92,93.5,1,0,0,24.6,6487.52,26.3,13637.0,0.882,0,2260,0.122,0.064,100.0,0.062,1.3,8572.6
190,城市_190,2026,1,中等城市,97.57,72.3,1,0,0,88.55,9076.37,122.43,43034.8,0.896,4,3339,0.073,0.07,100.0,0.056,0.77,25334.4
191,城市_191,2026,3,特大城市,411.86,220.0,1,0,1,344.76,8370.84,156.73,188068.6,0.938,23,20033,0.105,0.077,100.0,0.062,1.28,104519.4
192,城市_192,2026,2,大城市,214.3,51.6,0,0,0,191.36,8929.47,370.75,81103.7,0.939,7,9140,0.11,0.057,100.0,0.058,0.92,46234.6
193,城市_193,2026,0,小城市,49.77,642.4,1,0,0,37.72,7579.73,5.87,15456.9,0.861,1,2438,0.122,0.03,100.0,0.063,0.64,9537.1
194,城市_194,2026,2,大城市,200.36,381.3,1,0,1,192.39,9602.2,50.46,76993.3,0.926,8,5781,0.107,0.042,100.0,0.066,1.62,44012.1
195,城市_195,2026,2,大城市,268.71,102.0,0,0,1,272.1,10126.01,266.85,101268.6,0.911,14,7763,0.119,0.068,100.0,0.063,0.78,65652.7
196,城市_196,2026,0,小城市,72.68,50.0,0,0,1,62.44,8591.03,124.88,27464.2,0.92,2,2689,0.101,0.101,100.0,0.065,0.97,17458.4
197,城市_197,2026,2,大城市,188.05,438.4,1,0,0,116.96,6219.46,26.68,73827.1,0.893,9,4368,0.104,0.048,100.0,0.059,0.81,47249.6
198,城市_198,2026,2,大城市,171.1,135.4,0,0,0,172.91,10105.41,127.68,66716.2,0.869,5,5805,0.106,0.063,100.0,0.062,0.51,40279.5
199,城市_199,2026,0,小城市,50.6,399.5,1,0,0,47.47,9381.78,11.88,19259.2,0.913,1,2008,0.097,0.04,100.0,0.061,1.51,11704.5
0,城市_000,2027,2,大城市,257.99,197.6,0,0,0,205.26,7955.98,103.88,112553.4,0.902,7,11826,0.128,0.033,100.0,0.052,0.62,68700.9
1,城市_001,2027,1,中等城市,158.91,232.4,0,0,0,139.18,8758.26,59.88,59615.1,0.948,4,7076,0.11,0.061,100.0,0.058,0.75,35891.4
2,城市_002,2027,3,特大城市,334.4,353.0,0,0,0,355.77,10639.06,100.79,138181.4,0.871,7,17731,0.104,0.073,100.0,0.049,1.52,89286.2
3,城市_003,2027,3,特大城市,812.79,344.8,1,0,0,1021.67,12569.88,296.28,319642.4,0.901,33,26918,0.107,0.06,100.0,0.055,1.77,190583.3
4,城市_004,2027,1,中等城市,151.32,50.0,1,0,0,86.4,5709.97,172.8,55347.6,0.901,6,3245,0.12,0.03,100.0,0.058,0.5,33183.5
5,城市_005,2027,1,中等城市,129.38,70.1,1,0,0,93.74,7245.0,133.74,48571.9,0.899,6,4860,0.128,0.052,100.0,0.059,1.72,31443.4
6,城市_006,2027,3,特大城市,819.89,224.1,1,0,1,776.58,9471.72,346.55,322576.3,0.908,53,22252,0.108,0.094,100.0,0.058,1.29,187176.0
7,城市_007,2027,3,特大城市,375.57,223.9,0,0,0,368.35,9807.89,164.54,161533.6,0.907,19,11120,0.086,0.081,100.0,0.054,1.82,100866.4
8,城市_008,2027,1,中等城市,99.95,224.1,1,0,0,62.4,6243.61,27.85,33888.2,0.877,3,3359,0.116,0.044,100.0,0.058,1.15,20131.0
9,城市_009,2027,3,特大城市,289.54,3236.3,1,0,0,222.74,7692.84,6.88,116241.8,0.914,15,9621,0.078,0.031,100.0,0.057,2.46,66248.9
10,城市_010,2027,1,中等城市,110.94,234.3,1,0,0,91.44,8242.5,39.02,42564.7,0.856,3,4258,0.076,0.044,100.0,0.05,1.65,25540.3
11,城市_011,2027,1,中等城市,104.64,368.1,0,0,1,85.15,8137.84,23.13,34267.9,0.902,5,4753,0.081,0.043,100.0,0.058,0.89,21271.8
12,城市_012,2027,2,大城市,237.42,318.4,0,0,0,219.48,9244.28,68.94,90385.1,0.893,9,7821,0.097,0.064,100.0,0.045,0.98,57901.7
13,城市_013,2027,0,小城市,22.67,249.9,0,0,0,16.65,7347.19,6.66,8112.4,0.921,0,938,0.074,0.048,100.0,0.057,1.78,5226.4
14,城市_014,2027,0,小城市,32.8,115.3,1,0,0,24.63,7510.04,21.36,12123.8,0.936,1,1211,0.062,0.036,100.0,0.064,0.5,7167.1
15,城市_015,2027,1,中等城市,101.65,272.4,0,0,0,83.84,8247.3,30.78,37800.4,0.896,4,4951,0.08,0.074,100.0,0.061,1.24,21560.7
16,城市_016,2027,0,小城市,59.54,80.0,0,0,0,45.54,7649.47,56.95,23130.5,0.929,0,2069,0.114,0.054,100.0,0.056,1.02,13657.1
17,城市_017,2027,2,大城市,219.01,122.8,0,0,0,209.64,9572.02,170.72,85274.5,0.899,11,7868,0.08,0.064,100.0,0.058,1.13,48142.1
18,城市_018,2027,0,小城市,59.52,100.7,0,0,0,32.27,5421.36,32.06,21928.6,0.882,1,1957,0.095,0.03,100.0,0.054,1.26,13014.1
19,城市_019,2027,0,小城市,39.31,158.5,0,0,0,36.04,9166.76,22.74,14458.3,0.936,0,1377,0.14,0.03,100.0,0.06,1.15,8526.8
20,城市_020,2027,3,特大城市,792.95,945.5,0,0,0,562.77,7097.15,59.52,357716.7,0.929,26,23060,0.117,0.04,100.0,0.067,2.33,222437.1
21,城市_021,2027,1,中等城市,135.5,50.0,0,0,1,95.08,7016.61,190.15,49225.5,0.903,4,3825,0.11,0.044,100.0,0.068,1.26,26277.6
22,城市_022,2027,2,大城市,197.45,257.0,0,0,1,163.61,8285.82,63.66,74207.4,0.918,7,9167,0.086,0.066,100.0,0.058,1.48,42891.3
23,城市_023,2027,0,小城市,39.3,50.0,1,0,0,31.61,8042.92,63.22,13427.1,0.906,0,1044,0.144,0.03,100.0,0.06,1.1,7764.0
24,城市_024,2027,1,中等城市,103.81,101.7,0,0,0,53.18,5122.76,52.27,38251.3,0.901,2,3470,0.092,0.084,100.0,0.054,0.81,24313.0
25,城市_025,2027,2,大城市,181.3,354.7,1,0,0,153.42,8462.39,43.26,79064.1,0.878,7,9044,0.1,0.058,100.0,0.054,1.25,44796.5
26,城市_026,2027,0,小城市,50.45,156.2,0,0,0,42.38,8400.1,27.12,19277.6,0.896,1,1669,0.128,0.078,100.0,0.061,0.71,11697.6
27,城市_027,2027,2,大城市,246.4,62.7,0,0,1,250.81,10178.99,400.24,88929.9,0.918,10,11623,0.102,0.038,100.0,0.055,0.95,53016.1
28,城市_028,2027,1,中等城市,89.32,83.7,1,0,0,63.6,7120.96,75.95,31970.0,0.9,3,2751,0.103,0.062,100.0,0.064,0.96,20182.4
29,城市_029,2027,1,中等城市,114.46,255.6,0,0,0,88.72,7750.96,34.71,44839.8,0.921,3,3071,0.097,0.054,100.0,0.067,1.1,27705.4
30,城市_030,2027,1,中等城市,92.24,82.7,0,0,0,66.71,7231.91,80.62,32269.3,0.91,2,2102,0.097,0.068,100.0,0.061,1.15,19478.9
31,城市_031,2027,3,特大城市,1094.66,176.5,0,0,0,1053.6,9624.89,597.03,439706.3,0.908,47,59705,0.133,0.071,100.0,0.05,2.98,256507.1
32,城市_032,2027,1,中等城市,183.39,153.9,1,0,0,133.66,7288.15,86.83,79506.1,0.878,4,4796,0.115,0.064,100.0,0.05,1.01,43285.5
33,城市_033,2027,0,小城市,63.11,88.1,0,0,0,42.15,6678.08,47.83,22178.1,0.898,3,2905,0.089,0.074,100.0,0.063,1.19,13471.3
34,城市_034,2027,3,特大城市,421.74,824.8,1,0,0,416.93,9886.02,50.55,184750.8,0.899,26,11493,0.094,0.047,100.0,0.05,1.64,113790.8
35,城市_035,2027,0,小城市,52.83,246.4,0,0,0,40.38,7643.21,16.38,21366.9,0.908,0,2885,0.089,0.056,100.0,0.057,0.77,11810.6
36,城市_036,2027,2,大城市,214.92,50.0,0,0,0,200.06,9308.65,400.12,79530.1,0.891,8,15328,0.077,0.03,100.0,0.063,1.33,44774.6
37,城市_037,2027,0,小城市,22.07,172.3,0,0,0,15.62,7079.04,9.07,7196.8,0.888,0,489,0.069,0.065,100.0,0.065,1.53,4372.5
38,城市_038,2027,0,小城市,45.64,87.4,0,0,0,37.45,8205.47,42.84,16210.9,0.922,1,1212,0.107,0.09,100.0,0.057,1.16,9891.5
39,城市_039,2027,2,大城市,216.22,293.5,0,0,0,213.43,9870.54,72.71,77794.4,0.908,7,10030,0.124,0.03,100.0,0.056,1.41,44364.6
40,城市_040,2027,3,特大城市,394.02,78.7,0,0,0,279.1,7083.53,354.52,160923.2,0.895,19,16906,0.127,0.057,100.0,0.053,1.19,93782.5
41,城市_041,2027,2,大城市,212.07,135.4,0,0,0,161.1,7596.58,118.99,81805.8,0.905,10,9849,0.057,0.073,100.0,0.052,2.28,44576.4
42,城市_042,2027,1,中等城市,165.27,222.3,1,0,0,134.38,8131.17,60.45,65879.9,0.931,6,5118,0.099,0.054,100.0,0.055,0.9,42250.0
43,城市_043,2027,1,中等城市,117.49,296.7,0,0,0,95.2,8102.74,32.09,50020.3,0.909,3,7846,0.081,0.056,100.0,0.051,0.5,28061.6
44,城市_044,2027,0,小城市,38.0,56.8,0,0,0,24.9,6553.28,43.84,14599.2,0.913,0,1448,0.104,0.043,100.0,0.063,1.48,8997.0
45,城市_045,2027,0,小城市,85.47,113.6,1,0,1,77.13,9024.61,67.92,33306.5,0.887,3,2182,0.094,0.043,100.0,0.061,1.06,19949.0
46,城市_046,2027,1,中等城市,116.42,101.5,0,0,0,127.27,10931.68,125.39,37856.6,0.923,4,3969,0.115,0.051,100.0,0.062,1.01,24178.6
47,城市_047,2027,3,特大城市,485.79,88.0,0,0,0,469.42,9663.06,533.43,205727.5,0.958,23,12454,0.111,0.062,100.0,0.051,1.4,118546.8
48,城市_048,2027,2,大城市,239.03,609.3,1,0,0,211.6,8852.5,34.73,108228.3,0.89,9,14172,0.068,0.032,100.0,0.052,2.27,65135.8
49,城市_049,2027,0,小城市,30.65,205.2,1,0,0,24.68,8052.31,12.03,8575.3,0.877,0,924,0.081,0.049,100.0,0.06,1.22,4708.3
50,城市_050,2027,2,大城市,218.11,54.1,0,0,0,142.77,6545.86,263.78,90507.7,0.909,7,9301,0.105,0.086,100.0,0.058,1.58,49041.1
51,城市_051,2027,1,中等城市,129.41,309.3,1,0,0,106.71,8246.04,34.5,48882.3,0.921,5,4133,0.105,0.045,100.0,0.058,1.26,30203.9
52,城市_052,2027,1,中等城市,81.54,810.6,0,0,0,73.97,9072.12,9.13,28480.0,0.9,1,2494,0.074,0.03,100.0,0.058,1.25,15562.9
53,城市_053,2027,3,特大城市,275.17,339.0,0,0,0,221.57,8052.13,65.36,116554.5,0.885,9,5707,0.076,0.053,100.0,0.066,2.08,69134.7
54,城市_054,2027,3,特大城市,478.33,50.0,0,0,0,373.36,7805.47,746.72,223995.9,0.909,26,21055,0.112,0.047,100.0,0.058,1.54,141193.3
55,城市_055,2027,3,特大城市,485.66,100.7,1,0,0,443.81,9138.42,440.52,211203.1,0.923,16,26381,0.083,0.034,100.0,0.065,0.94,131452.9
56,城市_056,2027,0,小城市,76.67,408.9,0,0,0,59.14,7713.46,14.46,27739.0,0.894,1,2142,0.068,0.055,100.0,0.066,1.54,16090.4
57,城市_057,2027,1,中等城市,131.73,84.3,0,0,0,94.55,7177.69,112.22,46775.1,0.915,4,3048,0.094,0.039,100.0,0.067,1.43,25836.0
58,城市_058,2027,2,大城市,238.11,211.7,0,0,0,284.92,11966.12,134.6,95007.4,0.929,5,11146,0.096,0.043,100.0,0.052,1.38,58456.6
59,城市_059,2027,3,特大城市,447.51,275.8,0,0,0,388.12,8672.96,140.72,195344.4,0.915,13,10046,0.093,0.063,100.0,0.059,1.86,125072.7
60,城市_060,2027,1,中等城市,94.88,70.7,0,0,0,63.48,6690.95,89.79,34650.2,0.902,3,5032,0.088,0.03,100.0,0.057,0.95,20101.7
61,城市_061,2027,1,中等城市,121.04,141.5,0,0,0,97.34,8041.4,68.78,45094.7,0.919,3,3394,0.103,0.03,100.0,0.051,1.18,25970.1
62,城市_062,2027,0,小城市,57.15,50.0,0,0,0,49.47,8656.26,98.95,26306.5,0.884,2,1510,0.087,0.065,100.0,0.067,1.01,15369.6
63,城市_063,2027,0,小城市,56.37,65.4,0,0,0,42.63,7563.28,65.19,22552.1,0.882,1,2234,0.103,0.03,100.0,0.058,0.78,13918.0
64,城市_064,2027,3,特大城市,393.36,121.3,0,0,0,389.1,9891.73,320.88,174425.0,0.904,17,10598,0.101,0.04,100.0,0.051,2.14,111083.5
65,城市_065,2027,3,特大城市,690.57,54.7,0,0,0,590.21,8546.64,1079.09,255597.7,0.906,39,20548,0.119,0.03,100.0,0.052,1.25,143853.4
66,城市_066,2027,1,中等城市,176.7,547.8,0,0,0,187.22,10595.04,34.18,64886.2,0.888,4,7228,0.122,0.044,100.0,0.054,2.43,36015.2
67,城市_067,2027,3,特大城市,475.65,50.0,0,0,0,485.21,10201.06,970.42,195373.5,0.948,30,8443,0.128,0.07,100.0,0.052,2.1,130939.3
68,城市_068,2027,2,大城市,242.7,104.4,1,0,0,248.64,10244.69,238.22,88443.1,0.949,11,14613,0.131,0.058,100.0,0.057,0.5,52595.4
69,城市_069,2027,1,中等城市,84.53,164.8,0,0,0,70.2,8304.49,42.6,35981.8,0.895,1,3150,0.119,0.1,100.0,0.068,1.01,21862.1
70,城市_070,2027,2,大城市,280.74,470.1,0,0,1,282.32,10056.2,60.05,124980.7,0.908,11,7007,0.111,0.078,100.0,0.054,1.3,72394.1
71,城市_071,2027,3,特大城市,822.79,50.0,0,0,0,715.72,8698.71,1431.44,330853.6,0.915,49,22307,0.11,0.05,100.0,0.061,2.34,203375.4
72,城市_072,2027,1,中等城市,154.12,376.4,0,0,1,119.67,7764.6,31.8,68604.7,0.926,4,7634,0.096,0.03,100.0,0.063,0.72,43138.8
73,城市_073,2027,3,特大城市,751.76,149.6,0,0,0,903.91,12023.91,604.09,313949.1,0.943,25,33120,0.1,0.122,100.0,0.055,2.06,191193.1
74,城市_074,2027,0,小城市,25.13,67.7,0,0,0,22.06,8778.07,32.59,10896.8,0.865,0,1401,0.101,0.072,100.0,0.064,0.97,7107.2
75,城市_075,2027,3,特大城市,361.03,214.8,0,0,0,277.11,7675.64,129.01,147084.8,0.918,30,10821,0.122,0.07,100.0,0.057,1.13,86809.1
76,城市_076,2027,2,大城市,210.98,174.0,0,0,1,189.04,8960.06,108.62,86613.6,0.879,7,8483,0.09,0.056,100.0,0.064,0.85,51285.1
77,城市_077,2027,1,中等城市,104.36,91.8,0,0,0,78.58,7529.86,85.58,44179.0,0.938,5,4363,0.102,0.058,100.0,0.062,1.6,26814.1
78,城市_078,2027,2,大城市,205.89,156.9,0,0,0,159.66,7754.48,101.73,89294.4,0.914,6,9330,0.091,0.03,100.0,0.05,0.5,54822.2
79,城市_079,2027,0,小城市,24.15,109.0,0,0,0,17.44,7220.84,15.99,8850.6,0.884,0,1246,0.105,0.054,100.0,0.061,1.27,5370.9
80,城市_080,2027,1,中等城市,137.98,162.5,0,0,0,135.32,9807.47,83.26,52361.4,0.898,5,4093,0.092,0.055,100.0,0.063,1.59,29399.3
81,城市_081,2027,2,大城市,240.73,252.1,0,0,0,225.34,9360.72,89.4,98990.2,0.9,9,8557,0.091,0.037,100.0,0.056,1.22,60322.2
82,城市_082,2027,3,特大城市,849.87,527.9,0,0,0,805.94,9483.08,152.68,334643.9,0.93,41,26035,0.106,0.059,100.0,0.053,2.2,197029.9
83,城市_083,2027,1,中等城市,106.56,55.1,0,0,0,92.67,8696.1,168.08,40867.6,0.923,4,3858,0.113,0.083,100.0,0.056,1.73,23808.3
84,城市_084,2027,0,小城市,71.37,817.6,0,1,0,52.25,7321.12,6.39,24253.0,0.879,3,3237,0.1,0.049,100.0,0.052,0.75,14575.4
85,城市_085,2027,1,中等城市,91.64,50.0,1,0,1,77.28,8432.39,154.55,29884.6,0.939,3,2052,0.094,0.094,100.0,0.051,0.83,17068.7
86,城市_086,2027,3,特大城市,431.03,131.4,0,0,1,493.37,11446.2,375.35,175835.3,0.942,16,22118,0.115,0.03,100.0,0.048,1.35,99511.9
87,城市_087,2027,2,大城市,236.82,237.6,0,0,0,151.45,6395.07,63.74,103303.4,0.888,8,6190,0.097,0.045,100.0,0.061,1.91,53876.4
88,城市_088,2027,1,中等城市,90.36,185.8,1,0,0,80.61,8921.02,43.38,36563.4,0.904,5,3031,0.125,0.03,100.0,0.047,1.77,23854.6
89,城市_089,2027,3,特大城市,283.75,90.2,1,0,1,200.37,7061.69,222.19,112164.0,0.941,12,15160,0.087,0.032,100.0,0.054,0.7,69168.4
90,城市_090,2027,2,大城市,180.58,125.7,0,0,0,184.44,10213.39,146.79,80785.2,0.929,5,7330,0.1,0.038,100.0,0.055,1.75,48188.1
91,城市_091,2027,3,特大城市,449.39,100.0,0,0,0,380.77,8473.05,380.61,174827.2,0.904,14,18305,0.082,0.067,100.0,0.054,2.03,101396.9
92,城市_092,2027,1,中等城市,88.78,92.6,1,0,1,58.44,6582.27,63.1,28591.7,0.918,1,2292,0.095,0.057,100.0,0.05,1.9,14688.1
93,城市_093,2027,1,中等城市,136.0,292.9,1,0,0,124.57,9159.75,42.54,43804.6,0.963,5,3657,0.07,0.04,100.0,0.061,1.38,25325.4
94,城市_094,2027,1,中等城市,122.56,197.5,0,0,0,105.7,8623.94,53.52,42545.4,0.905,4,5979,0.118,0.03,100.0,0.053,1.15,26440.9
95,城市_095,2027,0,小城市,37.54,85.3,0,0,0,23.39,6229.85,27.43,14411.8,0.888,0,1157,0.116,0.08,100.0,0.065,1.62,9054.4
96,城市_096,2027,2,大城市,235.1,304.8,0,0,1,170.01,7231.23,55.77,88080.8,0.909,9,7455,0.121,0.05,100.0,0.055,1.68,54545.7
97,城市_097,2027,2,大城市,222.29,189.8,0,0,1,187.53,8436.13,98.82,90659.2,0.91,6,10920,0.106,0.033,100.0,0.057,2.43,54826.3
98,城市_098,2027,2,大城市,156.29,284.4,0,0,1,109.2,6987.33,38.4,68856.5,0.893,5,4196,0.086,0.059,100.0,0.059,1.7,44007.3
99,城市_099,2027,1,中等城市,138.56,245.6,0,0,0,97.7,7051.29,39.78,48710.4,0.912,5,5526,0.087,0.057,100.0,0.06,1.27,28746.1
100,城市_100,2027,0,小城市,46.97,76.5,0,0,1,35.39,7534.05,46.28,17748.5,0.876,1,1750,0.132,0.045,100.0,0.06,0.5,11226.9
101,城市_101,2027,1,中等城市,112.19,94.8,1,0,0,78.54,7000.75,82.84,44493.9,0.889,6,4123,0.131,0.056,100.0,0.057,0.87,26183.0
102,城市_102,2027,1,中等城市,108.38,269.8,0,0,0,93.17,8596.49,34.53,38362.7,0.918,2,3412,0.105,0.03,100.0,0.061,0.5,22003.5
103,城市_103,2027,0,小城市,76.59,241.8,0,0,0,74.54,9732.57,30.82,31807.5,0.867,2,2367,0.091,0.067,100.0,0.062,1.0,18124.8
104,城市_104,2027,1,中等城市,133.42,146.0,1,0,0,107.47,8055.02,73.64,49960.2,0.921,5,3551,0.13,0.033,100.0,0.055,1.65,28380.6
105,城市_105,2027,2,大城市,270.88,163.0,1,0,0,244.55,9028.02,150.02,104281.9,0.866,10,11517,0.092,0.044,100.0,0.06,1.37,64631.0
106,城市_106,2027,3,特大城市,1165.3,412.5,0,0,0,1620.51,13906.37,392.89,589176.0,0.892,64,35082,0.132,0.09,100.0,0.055,3.13,340377.4
107,城市_107,2027,2,大城市,200.63,92.5,0,0,0,144.16,7185.37,155.92,81808.3,0.895,4,9869,0.132,0.079,100.0,0.062,1.45,46549.7
108,城市_108,2027,2,大城市,215.6,229.9,0,0,0,222.97,10341.97,96.98,91115.3,0.911,12,7414,0.088,0.087,100.0,0.063,1.1,56620.1
109,城市_109,2027,1,中等城市,155.96,126.2,0,0,0,153.26,9826.91,121.4,67120.6,0.93,5,4176,0.12,0.075,100.0,0.059,1.26,40932.7
110,城市_110,2027,0,小城市,25.04,124.7,0,0,0,19.76,7893.72,15.85,8376.5,0.902,0,857,0.111,0.044,100.0,0.055,1.27,5267.8
111,城市_111,2027,1,中等城市,157.42,357.5,0,0,0,160.06,10167.62,44.78,67212.9,0.899,6,5119,0.103,0.03,100.0,0.054,1.29,41361.3
112,城市_112,2027,2,大城市,164.51,287.2,0,0,0,144.37,8776.04,50.26,61189.8,0.915,4,8191,0.084,0.082,100.0,0.06,1.3,35331.4
113,城市_113,2027,3,特大城市,2163.7,284.5,0,0,0,2169.61,10027.34,762.55,912337.1,0.933,139,71256,0.136,0.127,100.0,0.045,3.62,549485.2
114,城市_114,2027,1,中等城市,136.97,421.7,0,0,0,133.3,9732.19,31.61,51419.3,0.906,6,4638,0.109,0.04,100.0,0.073,0.97,31044.6
115,城市_115,2027,2,大城市,233.14,150.9,0,0,0,240.92,10333.9,159.63,87397.2,0.881,6,13098,0.077,0.074,100.0,0.063,2.45,50028.4
116,城市_116,2027,1,中等城市,167.91,256.1,0,0,0,167.12,9952.54,65.26,69507.2,0.906,11,7194,0.106,0.047,100.0,0.053,1.85,39400.9
117,城市_117,2027,0,小城市,54.16,115.8,0,1,0,40.96,7563.23,35.38,20267.3,0.899,1,3281,0.112,0.081,100.0,0.056,0.5,11746.5
118,城市_118,2027,3,特大城市,492.96,192.4,0,0,1,416.67,8452.41,216.61,193866.2,0.895,16,26457,0.131,0.051,100.0,0.067,0.5,128164.4
119,城市_119,2027,3,特大城市,322.01,133.7,1,0,0,298.61,9273.4,223.28,136088.4,0.911,14,9077,0.079,0.097,100.0,0.056,1.48,79967.9
120,城市_120,2027,3,特大城市,361.09,160.4,0,0,0,379.18,10500.93,236.41,142252.3,0.912,30,17877,0.135,0.074,100.0,0.057,1.95,90612.7
121,城市_121,2027,0,小城市,70.55,238.9,0,1,0,63.5,9000.11,26.58,25506.5,0.925,1,4101,0.136,0.088,100.0,0.055,0.84,14945.3
122,城市_122,2027,3,特大城市,659.36,77.1,1,0,1,599.32,9089.29,777.07,274722.6,0.883,32,38418,0.123,0.056,100.0,0.062,2.43,172159.1
123,城市_123,2027,0,小城市,40.95,791.5,0,0,0,31.35,7655.35,3.96,15349.6,0.899,1,2026,0.08,0.059,100.0,0.062,1.09,9625.4
124,城市_124,2027,3,特大城市,354.24,66.4,0,0,1,264.87,7477.19,399.1,147036.1,0.893,15,17420,0.102,0.039,100.0,0.053,1.41,92423.6
125,城市_125,2027,3,特大城市,1341.13,56.2,0,0,0,1620.34,12081.92,2883.94,560202.5,0.948,91,45055,0.13,0.098,100.0,0.043,3.24,342639.3
126,城市_126,2027,0,小城市,60.1,374.8,0,0,1,40.58,6751.34,10.83,23681.0,0.916,1,1719,0.107,0.069,100.0,0.061,0.82,15187.1
127,城市_127,2027,1,中等城市,110.09,279.6,1,0,0,100.03,9086.2,35.78,41041.5,0.913,2,3643,0.103,0.1,100.0,0.059,1.01,25090.8
128,城市_128,2027,2,大城市,187.77,244.5,0,0,1,134.78,7178.09,55.12,69449.3,0.89,6,4192,0.11,0.064,100.0,0.062,1.6,45239.7
129,城市_129,2027,1,中等城市,98.15,245.3,0,0,0,91.46,9318.26,37.28,32931.7,0.92,2,5402,0.1,0.067,100.0,0.062,1.12,18158.6
130,城市_130,2027,0,小城市,39.16,147.0,0,0,0,29.87,7627.95,20.33,15268.2,0.87,0,1323,0.106,0.041,100.0,0.058,2.01,9320.5
131,城市_131,2027,2,大城市,183.27,72.4,0,0,0,138.68,7566.67,191.54,71417.1,0.87,6,9932,0.095,0.065,100.0,0.056,1.6,43457.3
132,城市_132,2027,0,小城市,57.53,157.7,0,0,0,48.24,8385.32,30.59,21496.4,0.876,1,1462,0.095,0.044,100.0,0.059,1.39,12293.9
133,城市_133,2027,2,大城市,277.38,86.3,0,0,0,225.31,8122.8,260.97,119864.5,0.906,12,14120,0.095,0.059,100.0,0.055,1.36,74002.8
134,城市_134,2027,0,小城市,64.97,323.8,0,0,1,55.64,8564.34,17.18,23113.4,0.915,1,2060,0.14,0.055,100.0,0.059,1.53,12834.8
135,城市_135,2027,3,特大城市,748.73,131.9,1,0,1,705.7,9425.28,534.86,280162.1,0.858,36,18736,0.147,0.06,100.0,0.053,1.88,162598.9
136,城市_136,2027,0,小城市,77.29,76.7,0,0,0,46.51,6017.86,60.66,28978.5,0.928,4,4632,0.113,0.053,100.0,0.055,1.25,15649.2
137,城市_137,2027,1,中等城市,115.22,114.8,0,0,0,80.68,7002.39,70.3,44917.8,0.905,2,5908,0.129,0.045,100.0,0.062,0.7,29051.0
138,城市_138,2027,3,特大城市,384.86,206.5,0,0,0,331.08,8602.63,160.32,152248.2,0.878,25,15086,0.125,0.051,100.0,0.055,2.05,90291.3
139,城市_139,2027,0,小城市,51.01,94.5,0,0,0,46.77,9168.13,49.47,20958.9,0.903,1,1895,0.105,0.073,100.0,0.055,1.22,13937.8
140,城市_140,2027,2,大城市,226.87,76.9,0,0,0,225.81,9953.22,293.72,73166.0,0.927,7,9522,0.075,0.059,100.0,0.056,2.31,45662.1
141,城市_141,2027,3,特大城市,680.44,180.4,0,0,0,844.29,12407.94,468.12,309361.9,0.928,23,26537,0.11,0.073,100.0,0.055,3.14,189775.9
142,城市_142,2027,0,小城市,33.22,180.5,0,0,0,30.43,9159.7,16.86,12650.7,0.923,0,963,0.094,0.03,100.0,0.06,1.43,7368.0
143,城市_143,2027,2,大城市,212.18,98.9,0,0,0,169.11,7970.0,170.93,86304.6,0.878,12,6898,0.082,0.063,100.0,0.06,1.33,49073.6
144,城市_144,2027,2,大城市,228.66,101.8,0,0,0,193.42,8459.17,189.97,68922.8,0.897,7,15147,0.076,0.066,100.0,0.062,0.84,42435.0
145,城市_145,2027,3,特大城市,381.04,178.7,1,0,0,328.4,8618.59,183.79,170508.6,0.89,16,31248,0.119,0.051,100.0,0.063,1.98,101939.4
146,城市_146,2027,0,小城市,47.88,50.0,0,0,0,32.12,6708.11,64.24,16055.2,0.935,1,2814,0.108,0.093,100.0,0.061,1.17,8988.1
147,城市_147,2027,0,小城市,42.4,50.0,0,0,0,23.57,5559.08,47.15,14732.0,0.914,1,1800,0.078,0.03,100.0,0.054,1.33,8168.8
148,城市_148,2027,3,特大城市,297.35,83.5,0,0,1,265.19,8918.33,317.47,116985.8,0.964,7,9884,0.092,0.073,100.0,0.056,2.28,66826.8
149,城市_149,2027,2,大城市,203.87,125.1,1,0,0,144.59,7092.13,115.56,82431.6,0.895,7,5902,0.128,0.069,100.0,0.053,0.87,53962.1
150,城市_150,2027,2,大城市,215.01,190.3,0,0,0,184.98,8603.11,97.19,88803.2,0.89,12,6349,0.087,0.066,100.0,0.066,0.84,59178.3
151,城市_151,2027,2,大城市,201.86,483.1,0,0,0,238.22,11800.92,49.31,84810.6,0.902,7,6290,0.108,0.058,100.0,0.068,1.16,51407.9
152,城市_152,2027,1,中等城市,78.75,294.8,1,0,0,56.94,7231.14,19.32,31371.0,0.929,1,5523,0.098,0.063,100.0,0.063,1.52,18962.8
153,城市_153,2027,2,大城市,202.43,130.6,1,0,1,179.14,8849.11,137.18,80817.9,0.897,8,12803,0.115,0.072,100.0,0.062,1.56,47675.3
154,城市_154,2027,2,大城市,246.3,146.2,1,0,0,247.42,10045.29,169.26,100603.1,0.908,9,11334,0.089,0.041,100.0,0.059,0.89,57541.5
155,城市_155,2027,0,小城市,87.47,66.6,0,0,0,71.97,8228.12,108.15,30074.1,0.904,1,2412,0.104,0.058,100.0,0.061,1.5,19285.2
156,城市_156,2027,3,特大城市,1060.27,146.2,0,0,0,1127.28,10632.02,770.89,424339.1,0.925,36,50988,0.128,0.071,100.0,0.042,1.87,278454.4
157,城市_157,2027,2,大城市,287.82,117.8,0,0,1,242.83,8437.07,206.12,123113.7,0.894,15,9856,0.111,0.035,100.0,0.057,0.98,70568.5
158,城市_158,2027,0,小城市,55.03,192.1,1,0,1,40.0,7267.91,20.82,21571.4,0.899,1,1061,0.103,0.066,100.0,0.055,1.02,12889.2
159,城市_159,2027,3,特大城市,325.1,76.6,0,0,0,253.91,7810.1,331.6,138003.0,0.904,10,13035,0.114,0.046,100.0,0.058,1.17,80939.3
160,城市_160,2027,0,小城市,58.46,224.9,0,0,0,50.25,8596.11,22.35,20626.3,0.901,1,1670,0.145,0.03,100.0,0.059,1.53,12115.7
161,城市_161,2027,3,特大城市,369.23,505.8,0,0,0,259.83,7036.98,51.37,160109.4,0.927,13,10659,0.16,0.048,100.0,0.066,1.66,101761.9
162,城市_162,2027,3,特大城市,539.42,136.0,1,0,1,592.67,10987.2,435.64,201975.2,0.948,26,18407,0.1,0.046,100.0,0.06,2.63,113235.6
163,城市_163,2027,0,小城市,68.91,204.7,0,0,0,42.99,6237.83,21.0,27846.3,0.885,1,2183,0.055,0.072,100.0,0.061,0.97,17097.4
164,城市_164,2027,3,特大城市,458.12,257.8,0,0,1,494.4,10791.91,191.79,182847.6,0.903,14,16681,0.122,0.064,100.0,0.054,1.57,113703.3
165,城市_165,2027,2,大城市,262.59,107.7,0,0,0,219.76,8369.25,204.12,119088.3,0.89,9,9424,0.11,0.084,100.0,0.066,1.97,70945.1
166,城市_166,2027,3,特大城市,399.88,177.6,0,0,0,306.23,7658.03,172.47,143312.0,0.913,20,8379,0.13,0.046,100.0,0.056,1.51,89826.8
167,城市_167,2027,3,特大城市,1158.09,149.9,0,0,0,1297.04,11199.78,865.18,569268.9,0.916,68,67223,0.132,0.094,100.0,0.051,3.35,344082.9
168,城市_168,2027,1,中等城市,140.21,160.5,0,0,0,133.42,9515.8,83.14,52321.4,0.908,4,3840,0.104,0.11,100.0,0.059,1.46,33303.3
169,城市_169,2027,0,小城市,79.25,80.0,0,0,0,57.96,7313.54,72.48,28699.0,0.924,4,2190,0.124,0.059,100.0,0.057,0.5,15908.8
170,城市_170,2027,0,小城市,71.02,151.4,0,0,0,61.11,8605.05,40.38,26781.2,0.851,2,2367,0.127,0.069,100.0,0.06,1.69,15788.5
171,城市_171,2027,0,小城市,73.37,221.1,0,0,0,40.35,5500.35,18.26,25803.0,0.912,2,2612,0.074,0.066,100.0,0.05,1.56,15426.2
172,城市_172,2027,1,中等城市,151.61,473.9,0,0,0,103.77,6845.01,21.9,58124.9,0.894,5,8639,0.087,0.03,100.0,0.051,1.69,30215.3
173,城市_173,2027,2,大城市,262.7,319.7,0,0,0,281.45,10713.91,88.03,98158.3,0.915,11,10477,0.104,0.068,100.0,0.059,0.5,55697.1
174,城市_174,2027,2,大城市,195.12,830.9,0,0,0,161.55,8279.62,19.44,72042.0,0.887,6,8507,0.106,0.061,100.0,0.066,0.94,41466.8
175,城市_175,2027,3,特大城市,413.94,80.3,0,0,1,289.41,6991.74,360.29,174509.3,0.933,23,16535,0.105,0.054,100.0,0.058,1.28,109669.7
176,城市_176,2027,2,大城市,165.49,298.2,0,0,1,125.47,7581.54,42.07,59635.5,0.922,5,6525,0.113,0.036,100.0,0.055,0.81,34516.7
177,城市_177,2027,3,特大城市,692.63,171.9,0,0,1,587.55,8482.95,341.88,270990.9,0.927,37,27961,0.136,0.08,100.0,0.046,2.83,155943.8
178,城市_178,2027,1,中等城市,133.21,855.6,0,0,1,107.0,8032.67,12.51,45727.0,0.919,4,2744,0.138,0.034,100.0,0.063,1.18,28557.6
179,城市_179,2027,3,特大城市,1873.64,77.7,1,0,0,1911.25,10200.74,2458.53,786923.5,0.928,122,63948,0.155,0.136,100.0,0.04,3.58,433958.9
180,城市_180,2027,3,特大城市,301.29,75.8,0,0,0,276.99,9193.53,365.37,133542.2,0.895,30,15707,0.09,0.059,100.0,0.06,1.69,71827.3
181,城市_181,2027,0,小城市,68.23,91.9,1,0,0,51.94,7612.25,56.53,23628.2,0.917,1,8191,0.099,0.03,100.0,0.061,1.38,13920.6
182,城市_182,2027,0,小城市,57.54,50.0,0,0,0,53.34,9269.74,106.68,19938.2,0.886,1,1474,0.1,0.041,100.0,0.062,0.5,11097.0
183,城市_183,2027,2,大城市,261.3,97.5,0,0,0,245.65,9401.04,252.07,105163.0,0.935,12,10913,0.116,0.05,100.0,0.058,1.04,58650.4
184,城市_184,2027,1,中等城市,152.05,80.9,1,0,0,135.93,8940.18,168.11,56926.2,0.897,4,4712,0.111,0.102,100.0,0.061,0.5,35135.0
185,城市_185,2027,3,特大城市,393.42,167.4,0,0,0,430.92,10953.38,257.44,190165.1,0.919,16,26751,0.15,0.041,100.0,0.056,1.75,119096.5
186,城市_186,2027,2,大城市,237.86,195.1,0,0,0,196.05,8241.94,100.5,92601.7,0.947,6,5829,0.096,0.053,100.0,0.055,1.19,57752.5
187,城市_187,2027,1,中等城市,164.52,665.8,0,0,0,114.56,6963.39,17.21,65434.0,0.89,6,7300,0.111,0.043,100.0,0.054,1.24,41437.0
188,城市_188,2027,0,小城市,77.52,317.5,0,0,0,72.4,9339.34,22.81,31173.2,0.903,2,1869,0.149,0.062,100.0,0.047,0.5,19864.6
189,城市_189,2027,0,小城市,38.9,93.5,1,0,0,28.83,7412.96,30.82,15089.2,0.922,0,1300,0.089,0.04,100.0,0.059,0.9,8089.9
190,城市_190,2027,1,中等城市,104.25,72.3,1,0,0,85.5,8201.47,118.21,40198.2,0.921,4,3795,0.105,0.03,100.0,0.067,1.7,24662.1
191,城市_191,2027,3,特大城市,394.75,220.0,1,0,1,330.26,8366.36,150.13,157637.0,0.903,10,20016,0.09,0.055,100.0,0.06,2.25,92077.6
192,城市_192,2027,2,大城市,200.57,51.6,0,0,0,157.0,7827.39,304.17,92220.2,0.894,6,5341,0.106,0.049,100.0,0.059,1.64,53264.3
193,城市_193,2027,0,小城市,47.65,642.4,1,0,0,40.12,8419.68,6.25,17205.4,0.896,1,2139,0.085,0.039,100.0,0.056,0.5,10612.5
194,城市_194,2027,2,大城市,186.47,381.3,1,0,1,184.21,9879.08,48.31,70131.5,0.933,4,6898,0.125,0.044,100.0,0.063,1.89,38438.4
195,城市_195,2027,2,大城市,248.65,102.0,0,0,1,245.46,9871.47,240.72,93336.9,0.9,5,9927,0.109,0.079,100.0,0.057,1.71,51098.9
196,城市_196,2027,0,小城市,63.49,50.0,0,0,1,54.6,8600.07,109.2,20415.3,0.903,1,3113,0.083,0.045,100.0,0.067,1.03,12637.2
197,城市_197,2027,2,大城市,196.09,438.4,1,0,0,182.95,9329.76,41.73,81800.3,0.896,9,4909,0.121,0.032,100.0,0.053,0.5,50277.2
198,城市_198,2027,2,大城市,165.77,135.4,0,0,0,142.38,8588.71,105.14,53214.1,0.918,8,7777,0.107,0.045,100.0,0.055,1.71,32146.8
199,城市_199,2027,0,小城市,55.14,399.5,1,0,0,40.42,7331.16,10.12,20204.1,0.904,1,1710,0.12,0.052,100.0,0.055,0.78,11589.1
0,城市_000,2028,2,大城市,302.86,197.6,0,0,0,259.76,8576.93,131.46,133771.7,0.945,9,8299,0.124,0.085,100.0,0.059,0.93,75257.9
1,城市_001,2028,1,中等城市,159.71,232.4,0,0,0,128.29,8032.94,55.19,60179.8,0.903,7,12152,0.097,0.046,100.0,0.057,0.94,35804.2
2,城市_002,2028,3,特大城市,334.55,353.0,0,0,0,342.53,10238.34,97.04,124067.0,0.897,17,18523,0.111,0.056,100.0,0.053,2.18,72534.1
3,城市_003,2028,3,特大城市,726.74,344.8,1,0,0,683.81,9409.21,198.31,278371.2,0.944,40,28296,0.108,0.064,100.0,0.054,1.44,165298.2
4,城市_004,2028,1,中等城市,133.07,50.0,1,0,0,103.43,7772.64,206.85,54068.5,0.928,7,7868,0.099,0.03,100.0,0.054,1.42,32198.3
5,城市_005,2028,1,中等城市,146.9,70.1,1,0,0,99.8,6793.83,142.39,56690.8,0.922,5,7773,0.105,0.074,100.0,0.068,1.31,34343.8
6,城市_006,2028,3,特大城市,935.48,224.1,1,0,1,1095.92,11715.09,489.06,415645.7,0.91,47,35269,0.136,0.052,100.0,0.059,2.12,240312.7
7,城市_007,2028,3,特大城市,365.11,223.9,0,0,0,301.31,8252.65,134.6,154515.0,0.903,14,14811,0.117,0.054,100.0,0.06,1.83,98469.5
8,城市_008,2028,1,中等城市,106.63,224.1,1,0,0,72.92,6839.1,32.54,34372.2,0.909,2,6174,0.099,0.064,100.0,0.059,1.96,18718.3
9,城市_009,2028,3,特大城市,295.39,3236.3,1,0,0,272.41,9222.14,8.42,107503.6,0.921,14,8181,0.108,0.086,100.0,0.054,1.26,63771.4
10,城市_010,2028,1,中等城市,111.78,234.3,1,0,0,80.59,7210.1,34.39,39124.1,0.892,3,6794,0.111,0.031,100.0,0.059,1.03,24456.0
11,城市_011,2028,1,中等城市,104.27,368.1,0,0,1,77.4,7422.66,21.02,36969.0,0.906,3,3585,0.116,0.043,100.0,0.067,1.46,22710.1
12,城市_012,2028,2,大城市,175.93,318.4,0,0,0,154.95,8807.1,48.67,66089.5,0.909,11,10225,0.074,0.082,100.0,0.063,1.7,37720.9
13,城市_013,2028,0,小城市,28.17,249.9,0,0,0,18.85,6692.29,7.54,10815.9,0.926,0,1034,0.079,0.06,100.0,0.061,0.98,6227.3
14,城市_014,2028,0,小城市,35.62,115.3,1,0,0,36.27,10182.08,31.45,14063.7,0.916,0,1450,0.123,0.064,100.0,0.064,0.9,8013.4
15,城市_015,2028,1,中等城市,94.44,272.4,0,0,0,74.25,7862.51,27.26,34742.1,0.872,3,3438,0.101,0.031,100.0,0.062,0.5,21469.8
16,城市_016,2028,0,小城市,58.06,80.0,0,0,0,48.2,8301.08,60.26,20915.5,0.897,1,1820,0.093,0.044,100.0,0.061,0.69,12085.0
17,城市_017,2028,2,大城市,235.55,122.8,0,0,0,153.64,6522.77,125.12,87759.1,0.887,7,7990,0.1,0.052,100.0,0.063,0.76,53327.2
18,城市_018,2028,0,小城市,69.11,100.7,0,0,0,46.78,6769.18,46.48,25806.4,0.913,2,3845,0.096,0.034,100.0,0.062,1.44,15688.5
19,城市_019,2028,0,小城市,45.78,158.5,0,0,0,28.72,6274.1,18.13,16898.7,0.92,1,841,0.112,0.03,100.0,0.064,0.94,11339.9
20,城市_020,2028,3,特大城市,756.24,945.5,0,0,0,644.29,8519.63,68.14,337078.9,0.92,29,19184,0.095,0.057,100.0,0.054,1.91,205415.1
21,城市_021,2028,1,中等城市,130.35,50.0,0,0,1,114.0,8745.44,228.0,53178.3,0.898,4,3857,0.104,0.08,100.0,0.058,1.18,30612.9
22,城市_022,2028,2,大城市,167.65,257.0,0,0,1,165.09,9847.36,64.24,54045.3,0.905,9,4462,0.109,0.055,100.0,0.056,0.8,30059.7
23,城市_023,2028,0,小城市,44.76,50.0,1,0,0,34.73,7759.07,69.46,16041.3,0.905,0,2590,0.109,0.079,100.0,0.056,1.84,9492.0
24,城市_024,2028,1,中等城市,105.73,101.7,0,0,0,82.2,7774.55,80.79,44733.5,0.89,3,5672,0.107,0.056,100.0,0.051,1.8,26680.3
25,城市_025,2028,2,大城市,211.05,354.7,1,0,0,165.71,7851.65,46.72,79892.2,0.881,3,9273,0.115,0.04,100.0,0.053,2.1,42636.8
26,城市_026,2028,0,小城市,50.96,156.2,0,0,0,44.97,8823.8,28.78,20386.1,0.86,0,1548,0.09,0.077,100.0,0.055,1.41,11795.1
27,城市_027,2028,2,大城市,292.08,62.7,0,0,1,355.54,12172.54,567.36,113566.5,0.932,12,16037,0.088,0.061,100.0,0.055,1.39,69153.0
28,城市_028,2028,1,中等城市,83.08,83.7,1,0,0,66.54,8008.63,79.45,31527.3,0.912,3,1898,0.151,0.071,100.0,0.067,1.92,18412.8
29,城市_029,2028,1,中等城市,137.3,255.6,0,0,0,130.58,9510.59,51.09,48104.5,0.91,3,9604,0.097,0.032,100.0,0.058,0.85,30260.5
30,城市_030,2028,1,中等城市,81.9,82.7,0,0,0,67.58,8250.77,81.67,28047.1,0.927,2,2453,0.098,0.073,100.0,0.06,0.68,15517.1
31,城市_031,2028,3,特大城市,1041.56,176.5,0,0,0,1184.88,11376.02,671.42,468699.2,0.899,52,35419,0.138,0.095,100.0,0.052,2.14,290737.1
32,城市_032,2028,1,中等城市,193.72,153.9,1,0,0,139.18,7184.54,90.42,81152.0,0.87,9,6265,0.136,0.06,100.0,0.066,1.53,50916.1
33,城市_033,2028,0,小城市,64.43,88.1,0,0,0,45.8,7107.24,51.97,23856.9,0.909,1,1717,0.091,0.035,100.0,0.057,0.71,14998.7
34,城市_034,2028,3,特大城市,379.18,824.8,1,0,0,368.65,9722.43,44.7,138758.6,0.915,19,24852,0.089,0.058,100.0,0.055,1.45,76736.9
35,城市_035,2028,0,小城市,49.24,246.4,0,0,0,43.95,8924.35,17.83,18014.0,0.867,1,2295,0.076,0.063,100.0,0.059,0.5,10978.4
36,城市_036,2028,2,大城市,215.98,50.0,0,0,0,165.27,7652.14,330.54,93741.2,0.912,8,11441,0.137,0.06,100.0,0.064,1.54,54364.0
37,城市_037,2028,0,小城市,25.51,172.3,0,0,0,13.08,5128.53,7.59,10343.7,0.893,0,650,0.08,0.063,100.0,0.066,0.5,5769.9
38,城市_038,2028,0,小城市,50.8,87.4,0,0,0,35.18,6926.36,40.25,18081.4,0.885,1,1972,0.101,0.071,100.0,0.062,0.6,10624.3
39,城市_039,2028,2,大城市,204.27,293.5,0,0,0,204.46,10009.54,69.66,70009.3,0.898,8,8785,0.085,0.042,100.0,0.064,1.89,40104.9
40,城市_040,2028,3,特大城市,320.37,78.7,0,0,0,227.52,7101.73,288.99,137166.2,0.859,13,12782,0.078,0.034,100.0,0.058,2.03,86088.6
41,城市_041,2028,2,大城市,208.95,135.4,0,0,0,151.0,7226.78,111.53,80089.6,0.893,7,5427,0.099,0.054,100.0,0.057,1.48,49286.5
42,城市_042,2028,1,中等城市,149.43,222.3,1,0,0,127.45,8529.42,57.34,62092.6,0.889,4,7590,0.085,0.047,100.0,0.065,1.34,35108.8
43,城市_043,2028,1,中等城市,116.12,296.7,0,0,0,92.67,7980.62,31.24,45190.9,0.914,3,4430,0.089,0.068,100.0,0.061,0.9,26132.7
44,城市_044,2028,0,小城市,40.58,56.8,0,0,0,32.36,7975.19,56.96,13649.8,0.898,1,1120,0.141,0.03,100.0,0.056,0.67,8034.0
45,城市_045,2028,0,小城市,83.25,113.6,1,0,1,54.35,6528.37,47.86,31300.2,0.915,1,1755,0.11,0.072,100.0,0.064,0.93,18712.1
46,城市_046,2028,1,中等城市,112.37,101.5,0,0,0,86.62,7708.42,85.34,47397.5,0.852,3,4958,0.121,0.08,100.0,0.058,0.5,29869.5
47,城市_047,2028,3,特大城市,466.42,88.0,0,0,0,522.18,11195.52,593.39,187997.8,0.894,15,35788,0.127,0.061,100.0,0.054,1.77,116694.7
48,城市_048,2028,2,大城市,254.71,609.3,1,0,0,187.38,7356.59,30.75,92793.0,0.917,10,6909,0.104,0.057,100.0,0.062,1.38,55818.8
49,城市_049,2028,0,小城市,26.88,205.2,1,0,0,23.47,8729.41,11.44,8372.2,0.894,0,1040,0.092,0.035,100.0,0.059,0.57,4957.8
50,城市_050,2028,2,大城市,225.27,54.1,0,0,0,166.77,7403.05,308.12,83299.3,0.922,10,11563,0.11,0.044,100.0,0.06,2.1,45548.0
51,城市_051,2028,1,中等城市,116.08,309.3,1,0,0,107.07,9223.74,34.62,42742.5,0.867,4,2917,0.106,0.045,100.0,0.062,1.46,27302.2
52,城市_052,2028,1,中等城市,101.19,810.6,0,0,0,76.62,7571.75,9.45,40830.7,0.917,2,3223,0.091,0.081,100.0,0.055,1.49,23950.8
53,城市_053,2028,3,特大城市,340.84,339.0,0,0,0,260.17,7633.19,76.75,125129.2,0.895,14,9686,0.11,0.056,100.0,0.059,1.23,80914.2
54,城市_054,2028,3,特大城市,530.31,50.0,0,0,0,466.69,8800.39,933.39,246525.1,0.898,30,26213,0.098,0.036,100.0,0.062,1.73,149365.4
55,城市_055,2028,3,特大城市,492.79,100.7,1,0,0,503.25,10212.22,499.51,181116.1,0.931,22,26981,0.108,0.066,100.0,0.051,2.0,119674.0
56,城市_056,2028,0,小城市,99.18,408.9,0,0,0,79.17,7982.84,19.36,45118.6,0.926,2,3826,0.096,0.069,100.0,0.061,1.21,27891.8
57,城市_057,2028,1,中等城市,128.06,84.3,0,0,0,124.22,9700.33,147.43,56213.8,0.924,3,3659,0.078,0.052,100.0,0.055,1.98,31313.3
58,城市_058,2028,2,大城市,270.51,211.7,0,0,0,297.01,10979.52,140.31,108598.4,0.947,14,8713,0.059,0.086,100.0,0.063,1.27,63157.3
59,城市_059,2028,3,特大城市,499.2,275.8,0,0,0,393.91,7890.89,142.82,179084.6,0.937,30,15199,0.093,0.077,100.0,0.06,1.44,106542.1
60,城市_060,2028,1,中等城市,116.39,70.7,0,0,0,78.31,6727.55,110.76,44098.7,0.887,3,3193,0.139,0.032,100.0,0.057,1.48,25303.2
61,城市_061,2028,1,中等城市,165.79,141.5,0,0,0,114.8,6924.13,81.12,62261.2,0.907,7,5915,0.098,0.043,100.0,0.07,0.6,36652.4
62,城市_062,2028,0,小城市,55.65,50.0,0,0,0,36.64,6583.13,73.27,18433.5,0.894,0,2432,0.117,0.056,100.0,0.065,1.54,10304.2
63,城市_063,2028,0,小城市,50.55,65.4,0,0,0,44.51,8804.09,68.06,18886.8,0.942,2,2154,0.059,0.03,100.0,0.063,0.5,11335.3
64,城市_064,2028,3,特大城市,401.81,121.3,0,0,0,402.82,10025.01,332.19,152310.7,0.931,17,14745,0.089,0.066,100.0,0.06,1.88,92471.2
65,城市_065,2028,3,特大城市,665.35,54.7,0,0,0,594.93,8941.62,1087.73,260908.4,0.912,35,24899,0.088,0.03,100.0,0.059,1.6,148685.6
66,城市_066,2028,1,中等城市,165.89,547.8,0,0,0,139.48,8407.55,25.46,63222.0,0.921,5,5955,0.1,0.074,100.0,0.053,1.47,41613.2
67,城市_067,2028,3,特大城市,535.71,50.0,0,0,0,627.67,11716.64,1255.34,210147.0,0.888,39,13354,0.161,0.081,100.0,0.056,2.2,126488.6
68,城市_068,2028,2,大城市,240.44,104.4,1,0,0,279.98,11644.7,268.26,112041.6,0.911,6,9280,0.115,0.066,100.0,0.06,1.41,64479.7
69,城市_069,2028,1,中等城市,89.07,164.8,0,0,0,73.19,8217.46,44.42,32040.7,0.883,4,2750,0.136,0.039,100.0,0.057,0.52,17658.1
70,城市_070,2028,2,大城市,253.02,470.1,0,0,1,149.28,5900.05,31.75,103694.4,0.872,11,6213,0.101,0.059,100.0,0.06,0.9,62403.1
71,城市_071,2028,3,特大城市,795.15,50.0,0,0,0,821.54,10331.95,1643.09,337014.4,0.934,50,32692,0.146,0.058,100.0,0.059,1.74,199575.0
72,城市_072,2028,1,中等城市,144.18,376.4,0,0,1,137.71,9551.49,36.59,57045.6,0.922,4,4414,0.145,0.033,100.0,0.057,0.5,35567.4
73,城市_073,2028,3,特大城市,794.28,149.6,0,0,0,811.66,10218.82,542.43,344350.7,0.927,28,31286,0.116,0.062,100.0,0.052,2.66,205129.3
74,城市_074,2028,0,小城市,24.83,67.7,0,0,0,19.21,7737.31,28.39,9386.7,0.897,0,1178,0.09,0.065,100.0,0.056,1.09,5295.9
75,城市_075,2028,3,特大城市,442.43,214.8,0,0,0,434.46,9819.9,202.27,183872.4,0.885,22,12239,0.084,0.061,100.0,0.047,1.05,119539.4
76,城市_076,2028,2,大城市,173.19,174.0,0,0,1,121.73,7028.61,69.95,68451.9,0.881,9,6549,0.098,0.083,100.0,0.062,1.97,41965.7
77,城市_077,2028,1,中等城市,117.68,91.8,0,0,0,83.78,7119.48,91.25,45018.5,0.883,3,2514,0.104,0.068,100.0,0.059,0.81,26667.9
78,城市_078,2028,2,大城市,191.05,156.9,0,0,0,155.55,8141.92,99.12,73709.7,0.9,6,11130,0.145,0.068,100.0,0.058,1.39,44589.9
79,城市_079,2028,0,小城市,20.21,109.0,0,0,0,16.11,7971.73,14.78,6552.1,0.922,0,494,0.075,0.03,100.0,0.055,0.62,4024.4
80,城市_080,2028,1,中等城市,134.8,162.5,0,0,0,99.08,7350.29,60.96,51424.7,0.924,8,4249,0.104,0.047,100.0,0.058,0.5,28650.5
81,城市_081,2028,2,大城市,216.63,252.1,0,0,0,200.74,9266.45,79.64,86698.8,0.872,8,11907,0.069,0.034,100.0,0.063,0.62,52429.4
82,城市_082,2028,3,特大城市,848.08,527.9,0,0,0,882.86,10410.09,167.26,368090.0,0.906,36,29079,0.111,0.066,100.0,0.052,1.95,215883.4
83,城市_083,2028,1,中等城市,97.47,55.1,0,0,0,98.64,10119.71,178.91,37300.7,0.888,3,2503,0.108,0.038,100.0,0.059,1.58,22948.1
84,城市_084,2028,0,小城市,88.1,817.6,0,1,0,69.13,7845.93,8.45,32454.5,0.851,2,4014,0.112,0.044,100.0,0.06,1.3,18752.0
85,城市_085,2028,1,中等城市,114.84,50.0,1,0,1,71.59,6234.28,143.19,43474.0,0.914,4,5197,0.114,0.074,100.0,0.053,1.23,25295.7
86,城市_086,2028,3,特大城市,412.8,131.4,0,0,1,420.4,10183.93,319.83,160108.9,0.905,17,12558,0.117,0.069,100.0,0.059,0.57,104052.6
87,城市_087,2028,2,大城市,221.99,237.6,0,0,0,265.41,11955.8,111.7,89467.0,0.903,13,6976,0.117,0.075,100.0,0.052,1.94,56984.0
88,城市_088,2028,1,中等城市,100.83,185.8,1,0,0,89.81,8907.28,48.33,37430.2,0.929,2,3255,0.103,0.03,100.0,0.054,1.25,18757.5
89,城市_089,2028,3,特大城市,288.15,90.2,1,0,1,228.12,7916.61,252.95,116410.5,0.908,13,9962,0.086,0.058,100.0,0.052,1.34,73886.1
90,城市_090,2028,2,大城市,196.88,125.7,0,0,0,143.45,7286.12,114.17,83331.2,0.896,6,4104,0.068,0.074,100.0,0.057,1.84,49814.6
91,城市_091,2028,3,特大城市,430.92,100.0,0,0,0,346.73,8046.34,346.59,165422.4,0.921,18,15012,0.099,0.09,100.0,0.054,2.22,95739.0
92,城市_092,2028,1,中等城市,91.35,92.6,1,0,1,97.76,10702.03,105.55,36024.3,0.923,2,5738,0.099,0.03,100.0,0.059,1.7,20526.1
93,城市_093,2028,1,中等城市,127.94,292.9,1,0,0,99.9,7808.37,34.11,49048.2,0.909,5,3597,0.128,0.046,100.0,0.054,1.05,28032.3
94,城市_094,2028,1,中等城市,114.39,197.5,0,0,0,83.97,7341.02,42.52,51124.9,0.916,4,3532,0.101,0.073,100.0,0.064,0.66,29632.1
95,城市_095,2028,0,小城市,38.05,85.3,0,0,0,26.93,7076.9,31.58,13457.4,0.898,1,981,0.097,0.047,100.0,0.064,1.55,7619.4
96,城市_096,2028,2,大城市,230.45,304.8,0,0,1,191.37,8304.39,62.79,95934.8,0.904,8,10186,0.113,0.037,100.0,0.057,0.64,53662.3
97,城市_097,2028,2,大城市,211.7,189.8,0,0,1,231.22,10922.34,121.84,83109.6,0.907,8,11173,0.099,0.03,100.0,0.056,2.27,47271.8
98,城市_098,2028,2,大城市,175.58,284.4,0,0,1,127.73,7274.78,44.92,61037.3,0.889,8,9203,0.12,0.035,100.0,0.055,1.26,37214.6
99,城市_099,2028,1,中等城市,138.45,245.6,0,0,0,136.65,9869.49,55.64,50979.9,0.892,6,3502,0.143,0.03,100.0,0.057,0.66,30664.5
100,城市_100,2028,0,小城市,43.1,76.5,0,0,1,32.22,7475.52,42.14,16746.6,0.929,0,1842,0.145,0.052,100.0,0.053,0.5,10327.2
101,城市_101,2028,1,中等城市,130.99,94.8,1,0,0,129.06,9852.78,136.13,48438.1,0.943,4,7408,0.105,0.071,100.0,0.054,0.54,28966.4
102,城市_102,2028,1,中等城市,122.16,269.8,0,0,0,126.43,10349.86,46.85,39016.5,0.935,3,5236,0.11,0.03,100.0,0.063,1.24,21880.4
103,城市_103,2028,0,小城市,84.31,241.8,0,0,0,67.12,7960.42,27.75,31493.9,0.875,3,3580,0.134,0.057,100.0,0.061,1.11,19363.5
104,城市_104,2028,1,中等城市,150.67,146.0,1,0,0,119.85,7954.36,82.12,53224.5,0.875,5,4811,0.1,0.07,100.0,0.067,0.59,30330.5
105,城市_105,2028,2,大城市,255.64,163.0,1,0,0,227.24,8889.13,139.4,102260.7,0.882,12,10046,0.119,0.056,100.0,0.056,1.18,63340.1
106,城市_106,2028,3,特大城市,1135.99,412.5,0,0,0,1147.67,10102.86,278.25,548472.6,0.929,47,60555,0.104,0.044,100.0,0.048,1.89,309899.3
107,城市_107,2028,2,大城市,206.1,92.5,0,0,0,138.41,6715.3,149.7,85831.5,0.849,8,8366,0.099,0.062,100.0,0.056,1.58,49728.7
108,城市_108,2028,2,大城市,229.96,229.9,0,0,0,252.72,10989.87,109.92,102384.8,0.894,11,5817,0.128,0.054,100.0,0.056,1.29,60320.8
109,城市_109,2028,1,中等城市,149.66,126.2,0,0,0,129.41,8646.55,102.5,55141.5,0.932,3,4801,0.089,0.05,100.0,0.055,1.02,34200.6
110,城市_110,2028,0,小城市,22.73,124.7,0,0,0,13.13,5775.41,10.53,7882.6,0.92,1,1202,0.098,0.04,100.0,0.061,0.5,4771.2
111,城市_111,2028,1,中等城市,178.23,357.5,0,0,0,110.88,6221.32,31.02,63732.0,0.894,9,7227,0.073,0.056,100.0,0.058,1.1,38277.4
112,城市_112,2028,2,大城市,198.1,287.2,0,0,0,119.82,6048.16,41.71,73297.5,0.896,7,7552,0.145,0.065,100.0,0.056,1.07,48125.0
113,城市_113,2028,3,特大城市,2164.47,284.5,0,0,0,2659.01,12284.8,934.56,885192.1,0.961,115,67433,0.175,0.148,100.0,0.046,4.16,482332.8
114,城市_114,2028,1,中等城市,145.21,421.7,0,0,0,109.95,7571.33,26.07,50330.2,0.922,4,7630,0.107,0.056,100.0,0.068,1.28,28630.3
115,城市_115,2028,2,大城市,249.61,150.9,0,0,0,204.7,8200.82,135.63,110080.2,0.895,10,15120,0.116,0.086,100.0,0.064,1.74,62477.6
116,城市_116,2028,1,中等城市,177.59,256.1,0,0,0,162.04,9124.54,63.27,58388.2,0.899,7,9543,0.112,0.061,100.0,0.061,1.0,31931.4
117,城市_117,2028,0,小城市,57.47,115.8,0,1,0,40.2,6995.46,34.72,23558.4,0.89,2,3259,0.129,0.049,100.0,0.063,0.5,13626.5
118,城市_118,2028,3,特大城市,509.56,192.4,0,0,1,522.28,10249.59,271.52,230657.1,0.885,20,16833,0.101,0.065,100.0,0.065,2.2,143153.4
119,城市_119,2028,3,特大城市,338.27,133.7,1,0,0,310.76,9186.73,232.37,141324.1,0.903,17,10710,0.122,0.033,100.0,0.061,1.0,82286.0
120,城市_120,2028,3,特大城市,372.01,160.4,0,0,0,335.92,9029.96,209.44,137240.0,0.903,11,13058,0.13,0.065,100.0,0.054,0.96,80973.0
121,城市_121,2028,0,小城市,69.94,238.9,0,1,0,42.6,6090.85,17.83,22862.7,0.876,1,2602,0.126,0.03,100.0,0.061,1.08,12536.2
122,城市_122,2028,3,特大城市,693.82,77.1,1,0,1,597.9,8617.41,775.23,276299.2,0.929,39,39210,0.071,0.049,100.0,0.057,2.11,159177.2
123,城市_123,2028,0,小城市,36.89,791.5,0,0,0,29.17,7907.68,3.69,13935.6,0.911,1,1925,0.089,0.053,100.0,0.055,0.79,8168.3
124,城市_124,2028,3,特大城市,357.52,66.4,0,0,1,293.95,8221.98,442.92,143943.0,0.922,12,15458,0.088,0.082,100.0,0.055,1.23,89139.9
125,城市_125,2028,3,特大城市,1521.35,56.2,0,0,0,1924.46,12649.7,3425.23,605629.8,0.92,83,36430,0.138,0.114,100.0,0.051,2.91,332946.5
126,城市_126,2028,0,小城市,65.46,374.8,0,0,1,71.29,10890.63,19.02,26532.6,0.862,2,1451,0.061,0.047,100.0,0.05,1.8,15557.4
127,城市_127,2028,1,中等城市,108.76,279.6,1,0,0,96.81,8901.22,34.63,47199.3,0.912,4,4300,0.062,0.056,100.0,0.053,1.15,29858.5
128,城市_128,2028,2,大城市,159.49,244.5,0,0,1,167.36,10492.99,68.44,60552.2,0.89,6,7640,0.147,0.073,100.0,0.058,0.74,35522.8
129,城市_129,2028,1,中等城市,100.96,245.3,0,0,0,90.05,8919.57,36.7,38483.2,0.885,1,3626,0.115,0.03,100.0,0.061,0.66,20647.5
130,城市_130,2028,0,小城市,35.78,147.0,0,0,0,23.78,6647.14,16.18,11376.2,0.876,1,2337,0.103,0.059,100.0,0.053,0.92,7262.3
131,城市_131,2028,2,大城市,181.37,72.4,0,0,0,158.84,8757.57,219.39,68269.8,0.899,6,4822,0.111,0.038,100.0,0.058,1.37,42467.0
132,城市_132,2028,0,小城市,59.29,157.7,0,0,0,60.81,10255.88,38.56,22725.5,0.933,1,1518,0.104,0.048,100.0,0.065,1.32,14228.0
133,城市_133,2028,2,大城市,312.54,86.3,0,0,0,259.56,8305.07,300.64,128556.5,0.897,11,9420,0.127,0.048,100.0,0.057,1.5,70408.6
134,城市_134,2028,0,小城市,73.09,323.8,0,0,1,48.44,6627.89,14.96,26092.3,0.88,2,2177,0.089,0.06,100.0,0.064,0.68,16839.3
135,城市_135,2028,3,特大城市,882.84,131.9,1,0,1,743.78,8424.88,563.72,363722.0,0.933,54,38032,0.124,0.081,100.0,0.049,2.01,209795.4
136,城市_136,2028,0,小城市,79.75,76.7,0,0,0,60.32,7564.4,78.67,28733.3,0.905,3,2585,0.106,0.07,100.0,0.055,1.48,16800.8
137,城市_137,2028,1,中等城市,112.83,114.8,0,0,0,78.59,6965.39,68.48,41925.2,0.86,2,2608,0.082,0.06,100.0,0.063,0.58,24271.2
138,城市_138,2028,3,特大城市,332.67,206.5,0,0,0,386.61,11621.64,187.21,138017.7,0.921,12,15991,0.133,0.061,100.0,0.059,1.23,86731.4
139,城市_139,2028,0,小城市,45.0,94.5,0,0,0,34.27,7615.41,36.25,13952.4,0.944,2,976,0.092,0.088,100.0,0.054,1.36,8296.2
140,城市_140,2028,2,大城市,224.54,76.9,0,0,0,225.63,10048.56,293.49,87779.7,0.853,9,5990,0.126,0.03,100.0,0.054,1.75,53936.4
141,城市_141,2028,3,特大城市,644.23,180.4,0,0,0,595.77,9247.74,330.32,274646.0,0.89,30,14565,0.117,0.099,100.0,0.062,1.8,165413.0
142,城市_142,2028,0,小城市,34.28,180.5,0,0,0,20.71,6043.12,11.47,11722.9,0.844,0,1341,0.133,0.045,100.0,0.055,0.84,7000.3
143,城市_143,2028,2,大城市,203.18,98.9,0,0,0,143.53,7064.39,145.08,76514.5,0.903,8,7903,0.084,0.066,100.0,0.063,0.62,43735.4
144,城市_144,2028,2,大城市,263.63,101.8,0,0,0,203.12,7704.8,199.5,100813.6,0.926,14,17234,0.084,0.05,100.0,0.055,1.63,65968.8
145,城市_145,2028,3,特大城市,356.18,178.7,1,0,0,341.63,9591.35,191.19,137953.4,0.91,20,17236,0.09,0.044,100.0,0.057,2.15,76715.6
146,城市_146,2028,0,小城市,54.27,50.0,0,0,0,44.09,8123.81,88.17,19887.8,0.929,1,3076,0.104,0.061,100.0,0.061,2.36,12178.6
147,城市_147,2028,0,小城市,46.44,50.0,0,0,0,37.6,8096.28,75.19,17053.7,0.918,1,1862,0.132,0.072,100.0,0.049,1.26,10424.9
148,城市_148,2028,3,特大城市,291.66,83.5,0,0,1,208.11,7135.24,249.13,98233.4,0.941,19,8003,0.139,0.066,100.0,0.05,1.38,62342.0
149,城市_149,2028,2,大城市,256.51,125.1,1,0,0,225.83,8803.83,180.49,106994.6,0.929,14,9806,0.06,0.045,100.0,0.058,0.9,68652.3
150,城市_150,2028,2,大城市,250.34,190.3,0,0,0,188.5,7529.7,99.04,96715.6,0.898,7,11000,0.111,0.128,100.0,0.054,0.5,57630.8
151,城市_151,2028,2,大城市,241.3,483.1,0,0,0,224.24,9292.76,46.41,111166.2,0.907,4,10963,0.05,0.08,100.0,0.063,1.42,68468.6
152,城市_152,2028,1,中等城市,93.77,294.8,1,0,0,80.06,8537.47,27.16,32090.9,0.885,3,2993,0.118,0.071,100.0,0.051,2.31,20953.6
153,城市_153,2028,2,大城市,225.69,130.6,1,0,1,164.51,7289.0,125.97,82827.9,0.901,11,9613,0.128,0.048,100.0,0.061,1.95,49534.8
154,城市_154,2028,2,大城市,233.24,146.2,1,0,0,235.16,10082.03,160.88,90420.9,0.907,6,6485,0.105,0.043,100.0,0.051,1.88,51359.7
155,城市_155,2028,0,小城市,86.49,66.6,0,0,0,96.8,11191.88,145.46,33520.7,0.9,2,2326,0.104,0.046,100.0,0.057,1.24,19725.8
156,城市_156,2028,3,特大城市,1064.28,146.2,0,0,0,1227.92,11537.57,839.71,387036.7,0.951,56,28014,0.126,0.096,100.0,0.045,2.65,217073.7
157,城市_157,2028,2,大城市,272.66,117.8,0,0,1,235.73,8645.6,200.09,101323.6,0.9,11,10104,0.091,0.036,100.0,0.067,0.5,61924.4
158,城市_158,2028,0,小城市,50.47,192.1,1,0,1,35.9,7113.14,18.69,19314.4,0.883,1,1304,0.11,0.03,100.0,0.053,1.45,12205.4
159,城市_159,2028,3,特大城市,359.73,76.6,0,0,0,317.72,8832.03,414.93,134263.7,0.891,23,11650,0.104,0.069,100.0,0.056,1.21,80070.7
160,城市_160,2028,0,小城市,65.12,224.9,0,0,0,44.48,6829.88,19.78,26862.0,0.915,1,3141,0.12,0.058,100.0,0.051,0.74,14810.9
161,城市_161,2028,3,特大城市,344.84,505.8,0,0,0,324.98,9424.29,64.25,133612.1,0.88,11,9316,0.106,0.043,100.0,0.065,1.32,84262.4
162,城市_162,2028,3,特大城市,523.26,136.0,1,0,1,417.67,7982.06,307.0,199767.7,0.908,32,16546,0.095,0.04,100.0,0.057,1.55,109215.2
163,城市_163,2028,0,小城市,59.31,204.7,0,0,0,33.87,5711.2,16.55,22914.8,0.928,1,2229,0.071,0.08,100.0,0.06,0.72,12686.1
164,城市_164,2028,3,特大城市,438.31,257.8,0,0,1,421.23,9610.3,163.4,202694.8,0.916,29,17364,0.073,0.067,100.0,0.063,1.61,120532.5
165,城市_165,2028,2,大城市,263.53,107.7,0,0,0,233.4,8856.81,216.78,108007.5,0.905,14,8345,0.132,0.03,100.0,0.058,1.09,65620.3
166,城市_166,2028,3,特大城市,391.43,177.6,0,0,0,330.26,8437.46,186.01,175063.4,0.908,26,18233,0.1,0.033,100.0,0.057,1.59,107255.6
167,城市_167,2028,3,特大城市,1351.58,149.9,0,0,0,1163.05,8605.1,775.8,664903.3,0.911,78,59357,0.138,0.074,100.0,0.048,2.13,397622.7
168,城市_168,2028,1,中等城市,142.31,160.5,0,0,0,123.23,8659.14,76.79,50814.2,0.886,4,7369,0.139,0.068,100.0,0.062,1.09,33171.6
169,城市_169,2028,0,小城市,85.3,80.0,0,0,0,57.86,6783.02,72.36,34452.7,0.898,2,3062,0.091,0.064,100.0,0.057,0.57,20739.0
170,城市_170,2028,0,小城市,62.74,151.4,0,0,0,46.86,7469.08,30.96,20492.8,0.907,1,1978,0.089,0.074,100.0,0.058,0.77,12931.7
171,城市_171,2028,0,小城市,74.74,221.1,0,0,0,75.61,10116.9,34.2,28779.9,0.921,1,2240,0.099,0.03,100.0,0.063,1.18,17947.4
172,城市_172,2028,1,中等城市,154.94,473.9,0,0,0,142.88,9221.23,30.15,59473.6,0.905,4,6250,0.104,0.058,100.0,0.06,0.5,33377.4
173,城市_173,2028,2,大城市,229.91,319.7,0,0,0,163.01,7090.19,50.99,99985.8,0.932,8,7553,0.143,0.084,100.0,0.057,0.91,59482.4
174,城市_174,2028,2,大城市,215.32,830.9,0,0,0,153.81,7143.25,18.51,92808.9,0.937,5,6677,0.136,0.082,100.0,0.051,1.58,61597.2
175,城市_175,2028,3,特大城市,344.65,80.3,0,0,1,319.92,9282.66,398.27,144930.5,0.924,18,11083,0.12,0.065,100.0,0.064,0.77,84765.4
176,城市_176,2028,2,大城市,159.29,298.2,0,0,1,108.69,6823.37,36.45,63064.8,0.928,5,4773,0.133,0.101,100.0,0.055,2.11,36562.5
177,城市_177,2028,3,特大城市,796.49,171.9,0,0,1,583.0,7319.64,339.23,347556.4,0.899,38,31104,0.115,0.081,100.0,0.058,2.71,210312.4
178,城市_178,2028,1,中等城市,131.97,855.6,0,0,1,117.6,8911.24,13.74,50787.2,0.88,3,3177,0.109,0.074,100.0,0.06,0.94,29758.5
179,城市_179,2028,3,特大城市,2035.72,77.7,1,0,0,2323.19,11412.12,2988.43,889505.8,0.957,96,82016,0.141,0.098,100.0,0.035,3.43,512523.3
180,城市_180,2028,3,特大城市,324.95,75.8,0,0,0,313.58,9650.03,413.64,146098.4,0.881,24,14644,0.082,0.042,100.0,0.063,1.55,85540.9
181,城市_181,2028,0,小城市,80.83,91.9,1,0,0,65.8,8140.96,71.62,34225.7,0.896,2,2497,0.126,0.034,100.0,0.061,0.5,22005.8
182,城市_182,2028,0,小城市,59.61,50.0,0,0,0,44.79,7512.76,89.57,21692.1,0.917,1,3903,0.112,0.055,100.0,0.066,0.5,12926.3
183,城市_183,2028,2,大城市,293.88,97.5,0,0,0,237.55,8083.24,243.75,119385.8,0.935,12,10868,0.107,0.053,100.0,0.056,1.18,66874.9
184,城市_184,2028,1,中等城市,130.1,80.9,1,0,0,115.48,8876.64,142.82,50111.7,0.898,1,2996,0.103,0.03,100.0,0.062,1.11,27794.3
185,城市_185,2028,3,特大城市,338.24,167.4,0,0,0,385.33,11392.36,230.2,119346.7,0.895,24,11436,0.078,0.037,100.0,0.048,1.52,79509.3
186,城市_186,2028,2,大城市,286.97,195.1,0,0,0,237.06,8260.7,121.52,111213.8,0.913,14,10757,0.087,0.05,100.0,0.055,1.09,65983.1
187,城市_187,2028,1,中等城市,187.29,665.8,0,0,0,137.02,7315.97,20.58,82956.2,0.883,5,7883,0.111,0.069,100.0,0.052,1.9,50855.2
188,城市_188,2028,0,小城市,83.34,317.5,0,0,0,55.19,6621.45,17.38,29376.1,0.898,2,2838,0.091,0.052,100.0,0.057,0.5,16945.9
189,城市_189,2028,0,小城市,40.01,93.5,1,0,0,25.59,6396.32,27.36,17095.3,0.901,0,1086,0.097,0.049,100.0,0.062,0.5,10421.8
190,城市_190,2028,1,中等城市,112.59,72.3,1,0,0,93.96,8344.92,129.9,46981.8,0.902,6,2982,0.101,0.033,100.0,0.056,1.4,30245.9
191,城市_191,2028,3,特大城市,456.67,220.0,1,0,1,309.36,6774.31,140.63,192155.5,0.912,16,13808,0.097,0.061,100.0,0.06,1.05,111533.2
192,城市_192,2028,2,大城市,229.2,51.6,0,0,0,213.08,9296.54,412.82,94370.2,0.889,7,7132,0.086,0.082,100.0,0.054,0.72,57920.4
193,城市_193,2028,0,小城市,41.71,642.4,1,0,0,33.61,8057.15,5.23,14012.1,0.886,0,1091,0.069,0.054,100.0,0.064,1.12,7816.3
194,城市_194,2028,2,大城市,190.28,381.3,1,0,1,124.09,6521.3,32.54,72656.7,0.889,7,5618,0.101,0.03,100.0,0.065,0.74,48003.2
195,城市_195,2028,2,大城市,262.49,102.0,0,0,1,200.01,7619.59,196.15,116753.5,0.874,15,11768,0.118,0.031,100.0,0.063,1.3,70992.7
196,城市_196,2028,0,小城市,62.38,50.0,0,0,1,48.11,7713.51,96.23,21904.5,0.908,2,3762,0.069,0.063,100.0,0.058,0.74,12871.4
197,城市_197,2028,2,大城市,188.94,438.4,1,0,0,157.81,8352.36,36.0,80192.1,0.922,6,8718,0.104,0.05,100.0,0.048,0.83,47398.6
198,城市_198,2028,2,大城市,174.44,135.4,0,0,0,159.63,9150.99,117.88,60672.8,0.92,7,9494,0.11,0.053,100.0,0.061,0.5,35475.3
199,城市_199,2028,0,小城市,54.34,399.5,1,0,0,39.99,7358.02,10.01,18088.5,0.896,1,2677,0.081,0.039,100.0,0.059,1.15,10604.1
0,城市_000,2029,2,大城市,234.24,197.6,0,0,0,203.18,8673.81,102.82,97078.6,0.915,8,11502,0.094,0.068,100.0,0.058,1.06,55857.7
1,城市_001,2029,1,中等城市,153.13,232.4,0,0,0,100.07,6534.58,43.05,61746.0,0.905,3,8943,0.077,0.09,100.0,0.057,1.13,38046.3
2,城市_002,2029,3,特大城市,334.81,353.0,0,0,0,197.64,5903.03,55.99,139662.3,0.883,10,8715,0.116,0.063,100.0,0.07,1.62,80965.5
3,城市_003,2029,3,特大城市,849.18,344.8,1,0,0,719.71,8475.43,208.72,359570.7,0.922,31,27773,0.13,0.088,100.0,0.047,2.8,210178.6
4,城市_004,2029,1,中等城市,133.99,50.0,1,0,0,100.66,7512.13,201.32,55744.2,0.854,3,4206,0.11,0.03,100.0,0.063,0.5,32088.3
5,城市_005,2029,1,中等城市,131.08,70.1,1,0,0,118.7,9055.82,169.36,55403.1,0.911,4,5750,0.081,0.093,100.0,0.059,1.49,36208.8
6,城市_006,2029,3,特大城市,859.84,224.1,1,0,1,865.15,10061.72,386.08,383600.2,0.889,41,33188,0.103,0.08,100.0,0.049,2.62,223054.1
7,城市_007,2029,3,特大城市,331.04,223.9,0,0,0,303.37,9164.15,135.52,126646.3,0.905,15,15280,0.111,0.056,100.0,0.057,0.66,76183.6
8,城市_008,2029,1,中等城市,112.32,224.1,1,0,0,78.07,6950.8,34.84,39206.7,0.878,6,3549,0.069,0.049,100.0,0.052,1.05,23286.5
9,城市_009,2029,3,特大城市,258.52,3236.3,1,0,0,210.39,8138.0,6.5,98027.6,0.905,9,14353,0.1,0.033,100.0,0.055,0.79,59467.7
10,城市_010,2029,1,中等城市,123.12,234.3,1,0,0,87.49,7105.66,37.33,54934.4,0.914,2,4436,0.133,0.036,100.0,0.059,1.37,31947.5
11,城市_011,2029,1,中等城市,118.23,368.1,0,0,1,80.04,6770.02,21.74,46056.3,0.932,3,5357,0.099,0.091,100.0,0.051,0.97,27356.3
12,城市_012,2029,2,大城市,208.11,318.4,0,0,0,164.08,7884.26,51.54,96654.0,0.873,11,10958,0.074,0.034,100.0,0.061,1.19,59134.7
13,城市_013,2029,0,小城市,27.75,249.9,0,0,0,19.69,7096.28,7.88,9734.3,0.92,0,1426,0.088,0.03,100.0,0.055,0.83,5588.6
14,城市_014,2029,0,小城市,31.92,115.3,1,0,0,20.85,6532.45,18.08,11152.0,0.903,1,1308,0.088,0.037,100.0,0.052,1.4,7055.6
15,城市_015,2029,1,中等城市,92.43,272.4,0,0,0,69.86,7558.04,25.65,34566.6,0.893,3,4347,0.145,0.03,100.0,0.054,1.23,21969.3
16,城市_016,2029,0,小城市,53.79,80.0,0,0,0,44.82,8332.44,56.04,19550.8,0.916,0,3336,0.134,0.051,100.0,0.07,1.18,12086.2
17,城市_017,2029,2,大城市,249.72,122.8,0,0,0,203.4,8144.97,165.64,92805.1,0.9,10,10717,0.12,0.077,100.0,0.048,1.39,55877.6
18,城市_018,2029,0,小城市,66.68,100.7,0,0,0,41.89,6282.24,41.61,22509.9,0.916,2,1970,0.095,0.039,100.0,0.062,1.37,11486.4
19,城市_019,2029,0,小城市,47.56,158.5,0,0,0,38.37,8067.81,24.22,18015.9,0.881,1,2084,0.125,0.03,100.0,0.056,0.93,11038.9
20,城市_020,2029,3,特大城市,769.02,945.5,0,0,0,788.11,10248.35,83.35,349948.3,0.903,69,27975,0.093,0.072,100.0,0.052,2.8,205860.6
21,城市_021,2029,1,中等城市,133.02,50.0,0,0,1,115.06,8650.08,230.13,61970.5,0.922,5,2419,0.124,0.052,100.0,0.062,0.55,36724.4
22,城市_022,2029,2,大城市,222.07,257.0,0,0,1,211.63,9529.76,82.35,84308.5,0.934,9,9384,0.123,0.075,100.0,0.061,0.5,45786.2
23,城市_023,2029,0,小城市,44.89,50.0,1,0,0,35.43,7892.89,70.86,15835.0,0.9,1,1710,0.098,0.042,100.0,0.056,0.5,9735.5
24,城市_024,2029,1,中等城市,74.1,101.7,0,0,0,57.73,7790.46,56.74,25919.9,0.846,2,3856,0.124,0.046,100.0,0.053,0.5,14425.5
25,城市_025,2029,2,大城市,189.83,354.7,1,0,0,232.02,12222.28,65.42,81005.6,0.9,4,5576,0.095,0.051,100.0,0.062,1.57,48891.2
26,城市_026,2029,0,小城市,49.61,156.2,0,0,0,30.47,6140.63,19.5,19311.6,0.902,1,1161,0.076,0.053,100.0,0.062,1.34,12111.1
27,城市_027,2029,2,大城市,240.58,62.7,0,0,1,192.72,8010.46,307.54,88508.6,0.9,10,9310,0.124,0.047,100.0,0.057,1.9,51858.9
28,城市_028,2029,1,中等城市,96.04,83.7,1,0,0,88.44,9208.7,105.61,33679.8,0.909,2,3960,0.1,0.041,100.0,0.061,0.59,21436.5
29,城市_029,2029,1,中等城市,136.69,255.6,0,0,0,115.3,8435.36,45.11,56589.8,0.893,6,5172,0.115,0.03,100.0,0.057,1.54,32685.7
30,城市_030,2029,1,中等城市,99.44,82.7,0,0,0,89.05,8955.61,107.63,38714.3,0.919,4,3680,0.138,0.041,100.0,0.055,1.15,23926.0
31,城市_031,2029,3,特大城市,1242.78,176.5,0,0,0,1318.42,10608.57,747.09,565699.5,0.902,48,33178,0.111,0.09,100.0,0.05,2.61,317276.2
32,城市_032,2029,1,中等城市,185.07,153.9,1,0,0,193.68,10465.25,125.83,67165.8,0.929,10,6530,0.101,0.071,100.0,0.061,1.54,42377.2
33,城市_033,2029,0,小城市,64.79,88.1,0,0,0,42.62,6578.2,48.36,20603.2,0.932,1,2146,0.133,0.042,100.0,0.061,0.7,12903.4
34,城市_034,2029,3,特大城市,410.97,824.8,1,0,0,464.35,11298.8,56.3,155319.8,0.89,14,20858,0.122,0.084,100.0,0.059,2.8,95374.2
35,城市_035,2029,0,小城市,58.57,246.4,0,0,0,52.87,9027.26,21.45,22754.7,0.883,2,2414,0.087,0.051,100.0,0.056,1.74,13384.3
36,城市_036,2029,2,大城市,212.54,50.0,0,0,0,153.1,7203.21,306.2,98692.2,0.913,7,7193,0.085,0.03,100.0,0.066,1.0,55064.3
37,城市_037,2029,0,小城市,24.36,172.3,0,0,0,18.54,7611.91,10.76,8283.1,0.877,0,1503,0.09,0.03,100.0,0.058,0.5,4872.8
38,城市_038,2029,0,小城市,39.66,87.4,0,0,0,28.68,7230.97,32.81,17157.2,0.891,0,1345,0.086,0.075,100.0,0.059,1.0,10865.8
39,城市_039,2029,2,大城市,236.94,293.5,0,0,0,188.93,7973.84,64.37,99843.0,0.927,5,10304,0.11,0.047,100.0,0.051,1.38,60295.1
40,城市_040,2029,3,特大城市,368.67,78.7,0,0,0,253.73,6882.31,322.29,132950.9,0.922,14,12900,0.109,0.033,100.0,0.056,1.99,73576.2
41,城市_041,2029,2,大城市,271.72,135.4,0,0,0,206.79,7610.31,152.73,109746.8,0.945,13,16306,0.111,0.03,100.0,0.06,0.75,62145.0
42,城市_042,2029,1,中等城市,152.43,222.3,1,0,0,141.53,9284.82,63.67,63004.3,0.907,4,5755,0.086,0.045,100.0,0.063,1.33,40171.2
43,城市_043,2029,1,中等城市,132.28,296.7,0,0,0,122.99,9297.79,41.46,41727.8,0.89,3,5039,0.101,0.061,100.0,0.067,0.5,25647.5
44,城市_044,2029,0,小城市,42.43,56.8,0,0,0,30.12,7100.08,53.02,16163.7,0.902,1,1496,0.06,0.037,100.0,0.062,1.27,9099.8
45,城市_045,2029,0,小城市,78.31,113.6,1,0,1,69.05,8817.77,60.8,32088.6,0.899,1,3055,0.105,0.031,100.0,0.061,1.04,17553.3
46,城市_046,2029,1,中等城市,115.49,101.5,0,0,0,108.01,9352.48,106.42,45356.8,0.9,4,6088,0.126,0.041,100.0,0.057,2.11,26363.6
47,城市_047,2029,3,特大城市,512.04,88.0,0,0,0,495.1,9669.25,562.62,208807.6,0.91,21,24278,0.082,0.085,100.0,0.052,0.86,113687.2
48,城市_048,2029,2,大城市,243.47,609.3,1,0,0,191.33,7858.36,31.4,94817.1,0.886,11,9032,0.115,0.03,100.0,0.063,1.98,56447.0
49,城市_049,2029,0,小城市,33.72,205.2,1,0,0,25.79,7647.95,12.57,11840.0,0.906,0,2066,0.088,0.038,100.0,0.064,0.5,7974.8
50,城市_050,2029,2,大城市,226.38,54.1,0,0,0,211.7,9351.63,391.14,81066.4,0.876,12,10821,0.121,0.079,100.0,0.053,0.61,44756.1
51,城市_051,2029,1,中等城市,123.64,309.3,1,0,0,111.8,9042.18,36.15,44668.0,0.888,3,3988,0.106,0.062,100.0,0.063,0.5,26551.5
52,城市_052,2029,1,中等城市,102.39,810.6,0,0,0,93.46,9128.31,11.53,37445.4,0.9,4,2489,0.11,0.056,100.0,0.062,1.25,23941.0
53,城市_053,2029,3,特大城市,307.15,339.0,0,0,0,224.54,7310.42,66.24,123817.3,0.861,17,9976,0.108,0.043,100.0,0.052,0.79,77072.9
54,城市_054,2029,3,特大城市,484.44,50.0,0,0,0,421.58,8702.53,843.17,189354.4,0.925,16,20174,0.137,0.061,100.0,0.059,0.92,112767.7
55,城市_055,2029,3,特大城市,552.3,100.7,1,0,0,395.52,7161.24,392.59,211939.5,0.87,34,24304,0.118,0.051,100.0,0.05,1.78,126233.2
56,城市_056,2029,0,小城市,79.9,408.9,0,0,0,69.86,8743.63,17.08,31709.4,0.915,1,4419,0.088,0.034,100.0,0.047,1.32,17926.1
57,城市_057,2029,1,中等城市,124.49,84.3,0,0,0,98.62,7922.15,117.05,48965.9,0.877,2,3297,0.105,0.031,100.0,0.058,1.17,28986.3
58,城市_058,2029,2,大城市,265.08,211.7,0,0,0,249.8,9423.66,118.01,100677.3,0.897,19,8548,0.098,0.071,100.0,0.059,1.25,61141.6
59,城市_059,2029,3,特大城市,447.42,275.8,0,0,0,334.14,7468.12,121.15,189655.1,0.92,28,11560,0.112,0.058,100.0,0.056,2.47,120080.8
60,城市_060,2029,1,中等城市,95.57,70.7,0,0,0,93.88,9822.69,132.78,34732.2,0.946,5,2352,0.094,0.058,100.0,0.074,1.19,20193.1
61,城市_061,2029,1,中等城市,166.14,141.5,0,0,0,116.99,7041.33,82.67,64687.2,0.906,5,5062,0.09,0.056,100.0,0.061,1.61,38443.9
62,城市_062,2029,0,小城市,53.2,50.0,0,0,0,44.81,8423.06,89.62,21047.1,0.861,1,2184,0.105,0.06,100.0,0.06,1.14,12028.9
63,城市_063,2029,0,小城市,66.41,65.4,0,0,0,51.85,7807.62,79.28,23413.3,0.92,2,3079,0.102,0.046,100.0,0.062,0.53,14206.2
64,城市_064,2029,3,特大城市,382.78,121.3,0,0,0,341.23,8914.36,281.4,140762.9,0.903,16,10594,0.129,0.048,100.0,0.055,1.75,87767.6
65,城市_065,2029,3,特大城市,829.44,54.7,0,0,0,790.45,9529.87,1445.19,344194.0,0.918,35,23936,0.109,0.051,100.0,0.058,1.69,213018.1
66,城市_066,2029,1,中等城市,146.15,547.8,0,0,0,110.41,7554.63,20.15,50441.4,0.914,3,3152,0.063,0.03,100.0,0.061,1.13,28494.1
67,城市_067,2029,3,特大城市,529.42,50.0,0,0,0,609.5,11512.57,1219.01,212557.0,0.866,27,20770,0.104,0.038,100.0,0.057,1.8,128470.7
68,城市_068,2029,2,大城市,266.09,104.4,1,0,0,235.6,8854.11,225.73,103194.3,0.906,7,7858,0.073,0.048,100.0,0.055,0.5,59819.8
69,城市_069,2029,1,中等城市,100.16,164.8,0,0,0,66.23,6612.36,40.19,31062.1,0.894,2,6068,0.11,0.03,100.0,0.051,0.5,19579.4
70,城市_070,2029,2,大城市,277.17,470.1,0,0,1,232.2,8377.56,49.39,114931.9,0.93,12,11530,0.072,0.03,100.0,0.055,1.8,68402.9
71,城市_071,2029,3,特大城市,790.16,50.0,0,0,0,795.45,10066.94,1590.9,326117.5,0.931,40,27611,0.096,0.087,100.0,0.055,1.64,180804.3
72,城市_072,2029,1,中等城市,152.35,376.4,0,0,1,145.53,9552.26,38.67,64589.5,0.871,7,4623,0.096,0.058,100.0,0.057,0.88,38327.8
73,城市_073,2029,3,特大城市,844.19,149.6,0,0,0,766.51,9079.86,512.26,360885.9,0.943,40,19833,0.148,0.058,100.0,0.055,2.12,221495.2
74,城市_074,2029,0,小城市,24.48,67.7,0,0,0,15.65,6391.41,23.12,9139.9,0.909,0,597,0.079,0.096,100.0,0.059,0.84,5550.9
75,城市_075,2029,3,特大城市,386.99,214.8,0,0,0,356.57,9213.86,166.0,172008.9,0.877,19,11812,0.108,0.03,100.0,0.059,1.69,100564.3
76,城市_076,2029,2,大城市,198.29,174.0,0,0,1,193.86,9776.72,111.39,76684.8,0.905,5,5914,0.116,0.074,100.0,0.053,1.22,44664.4
77,城市_077,2029,1,中等城市,135.4,91.8,0,0,0,90.96,6717.84,99.07,51916.1,0.923,3,3691,0.132,0.051,100.0,0.06,1.27,29611.6
78,城市_078,2029,2,大城市,179.35,156.9,0,0,0,164.23,9157.31,104.65,61493.9,0.879,5,7388,0.119,0.069,100.0,0.055,0.87,36168.1
79,城市_079,2029,0,小城市,25.16,109.0,0,0,0,16.31,6480.67,14.96,9795.3,0.928,0,1080,0.122,0.053,100.0,0.052,1.13,5625.7
80,城市_080,2029,1,中等城市,139.07,162.5,0,0,0,109.56,7878.5,67.41,52776.3,0.873,8,4458,0.12,0.03,100.0,0.058,1.72,33201.7
81,城市_081,2029,2,大城市,238.26,252.1,0,0,0,281.11,11798.32,111.52,86712.4,0.889,6,15663,0.081,0.057,100.0,0.066,1.01,49683.3
82,城市_082,2029,3,特大城市,833.24,527.9,0,0,0,803.27,9640.29,152.18,371220.6,0.898,66,18150,0.124,0.074,100.0,0.046,2.48,224094.2
83,城市_083,2029,1,中等城市,98.61,55.1,0,0,0,88.19,8943.59,159.96,31259.8,0.93,3,3691,0.119,0.03,100.0,0.06,1.1,18806.8
84,城市_084,2029,0,小城市,75.89,817.6,0,1,0,65.73,8661.33,8.04,27316.7,0.892,3,2614,0.082,0.09,100.0,0.063,1.46,17165.0
85,城市_085,2029,1,中等城市,108.07,50.0,1,0,1,72.99,6753.64,145.98,44064.5,0.879,8,3370,0.091,0.058,100.0,0.071,1.2,27878.8
86,城市_086,2029,3,特大城市,499.74,131.4,0,0,1,357.08,7145.37,271.66,197510.6,0.919,36,14912,0.094,0.074,100.0,0.053,1.6,122630.2
87,城市_087,2029,2,大城市,250.63,237.6,0,0,0,248.99,9934.66,104.79,93574.8,0.918,13,9200,0.121,0.032,100.0,0.055,1.48,57135.6
88,城市_088,2029,1,中等城市,109.39,185.8,1,0,0,75.05,6860.58,40.39,40142.7,0.916,2,3761,0.101,0.066,100.0,0.053,1.74,22822.7
89,城市_089,2029,3,特大城市,288.64,90.2,1,0,1,200.39,6942.49,222.2,97874.1,0.9,8,9440,0.1,0.078,100.0,0.063,1.47,55586.0
90,城市_090,2029,2,大城市,194.1,125.7,0,0,0,193.74,9981.53,154.19,80242.8,0.909,8,4836,0.078,0.059,100.0,0.054,1.48,46109.9
91,城市_091,2029,3,特大城市,465.24,100.0,0,0,0,373.54,8029.04,373.38,187894.2,0.897,12,10533,0.108,0.059,100.0,0.054,1.39,116975.0
92,城市_092,2029,1,中等城市,90.2,92.6,1,0,1,63.57,7048.15,68.64,33160.4,0.935,3,3043,0.09,0.034,100.0,0.05,1.9,19969.2
93,城市_093,2029,1,中等城市,124.51,292.9,1,0,0,136.94,10997.67,46.76,46533.1,0.925,2,4060,0.107,0.048,100.0,0.063,1.47,29132.5
94,城市_094,2029,1,中等城市,134.77,197.5,0,0,0,86.63,6427.87,43.87,51723.6,0.924,6,4673,0.08,0.043,100.0,0.065,1.2,32590.2
95,城市_095,2029,0,小城市,39.71,85.3,0,0,0,23.94,6028.7,28.08,15091.2,0.917,0,1414,0.104,0.062,100.0,0.064,0.99,8726.0
96,城市_096,2029,2,大城市,204.88,304.8,0,0,1,164.55,8031.5,53.99,79871.1,0.915,8,6443,0.095,0.037,100.0,0.05,1.74,47999.5
97,城市_097,2029,2,大城市,292.39,189.8,0,0,1,251.66,8606.91,132.61,104490.3,0.881,9,10092,0.081,0.067,100.0,0.061,1.06,62653.5
98,城市_098,2029,2,大城市,173.19,284.4,0,0,1,128.12,7397.38,45.05,70400.0,0.916,3,4932,0.077,0.037,100.0,0.05,0.5,41547.7
99,城市_099,2029,1,中等城市,157.4,245.6,0,0,0,110.81,7040.18,45.12,63282.9,0.906,8,9146,0.08,0.048,100.0,0.059,1.23,36954.4
100,城市_100,2029,0,小城市,48.71,76.5,0,0,1,45.41,9321.33,59.39,18042.4,0.926,1,1409,0.097,0.063,100.0,0.061,1.65,11466.7
101,城市_101,2029,1,中等城市,126.54,94.8,1,0,0,107.84,8521.79,113.74,52703.0,0.919,3,4164,0.105,0.039,100.0,0.061,1.95,31704.0
102,城市_102,2029,1,中等城市,123.72,269.8,0,0,0,110.4,8923.17,40.91,47341.0,0.914,5,3663,0.108,0.066,100.0,0.062,1.1,28423.3
103,城市_103,2029,0,小城市,81.55,241.8,0,0,0,62.58,7673.53,25.87,33321.5,0.868,2,2402,0.108,0.063,100.0,0.059,1.12,19190.4
104,城市_104,2029,1,中等城市,134.8,146.0,1,0,0,116.07,8611.0,79.53,57833.3,0.901,5,4995,0.088,0.047,100.0,0.049,1.43,35871.5
105,城市_105,2029,2,大城市,316.14,163.0,1,0,0,327.05,10345.01,200.62,132503.1,0.895,16,11278,0.128,0.08,100.0,0.06,1.26,75506.5
106,城市_106,2029,3,特大城市,1084.57,412.5,0,0,0,952.62,8783.41,230.96,434664.2,0.927,73,34761,0.113,0.074,100.0,0.052,2.59,266730.5
107,城市_107,2029,2,大城市,206.51,92.5,0,0,0,185.05,8960.81,200.15,80034.1,0.896,11,6977,0.113,0.076,100.0,0.054,1.21,49178.3
108,城市_108,2029,2,大城市,231.48,229.9,0,0,0,223.88,9671.5,97.38,100671.7,0.899,10,6861,0.101,0.091,100.0,0.05,1.79,59157.2
109,城市_109,2029,1,中等城市,163.09,126.2,0,0,0,172.86,10599.17,136.92,55992.9,0.913,5,6768,0.111,0.049,100.0,0.066,1.56,34129.3
110,城市_110,2029,0,小城市,24.56,124.7,0,0,0,22.8,9282.72,18.29,8381.6,0.892,0,1674,0.096,0.063,100.0,0.066,1.44,5075.7
111,城市_111,2029,1,中等城市,195.18,357.5,0,0,0,168.88,8652.56,47.24,74157.5,0.906,6,5522,0.112,0.041,100.0,0.062,1.14,44407.0
112,城市_112,2029,2,大城市,204.78,287.2,0,0,0,209.01,10206.95,72.76,74800.2,0.874,9,8478,0.104,0.034,100.0,0.055,2.21,44909.1
113,城市_113,2029,3,特大城市,2142.73,284.5,0,0,0,1569.46,7324.58,551.62,1011496.6,0.927,92,79896,0.16,0.09,100.0,0.03,3.88,608772.7
114,城市_114,2029,1,中等城市,141.25,421.7,0,0,0,147.7,10456.62,35.02,55937.7,0.916,6,6350,0.087,0.03,100.0,0.063,1.3,33780.6
115,城市_115,2029,2,大城市,263.27,150.9,0,0,0,208.43,7917.07,138.1,98592.3,0.881,9,11937,0.07,0.037,100.0,0.06,0.94,59333.6
116,城市_116,2029,1,中等城市,164.42,256.1,0,0,0,133.43,8115.06,52.1,66821.6,0.928,4,6433,0.084,0.065,100.0,0.057,1.15,37880.1
117,城市_117,2029,0,小城市,63.25,115.8,0,1,0,51.58,8154.77,44.54,23052.2,0.921,1,2299,0.123,0.041,100.0,0.065,1.14,13726.0
118,城市_118,2029,3,特大城市,561.64,192.4,0,0,1,523.45,9320.06,272.13,215338.0,0.906,33,18136,0.108,0.076,100.0,0.06,1.3,130914.4
119,城市_119,2029,3,特大城市,419.06,133.7,1,0,0,399.5,9533.23,298.72,160599.3,0.969,18,12255,0.11,0.065,100.0,0.057,1.37,96828.3
120,城市_120,2029,3,特大城市,387.3,160.4,0,0,0,451.26,11651.45,281.36,162078.2,0.933,27,13840,0.087,0.095,100.0,0.057,1.39,101884.4
121,城市_121,2029,0,小城市,71.89,238.9,0,1,0,52.48,7299.97,21.97,28790.7,0.882,1,1798,0.103,0.062,100.0,0.06,1.12,17810.0
122,城市_122,2029,3,特大城市,803.12,77.1,1,0,1,674.88,8403.31,875.06,323762.3,0.931,35,24723,0.096,0.089,100.0,0.057,1.11,185803.2
123,城市_123,2029,0,小城市,52.87,791.5,0,0,0,52.01,9837.32,6.57,20204.0,0.902,1,2711,0.084,0.059,100.0,0.055,1.0,12021.4
124,城市_124,2029,3,特大城市,365.67,66.4,0,0,1,361.25,9879.16,544.32,167230.2,0.892,12,13855,0.099,0.064,100.0,0.059,1.26,98776.2
125,城市_125,2029,3,特大城市,1712.56,56.2,0,0,0,2441.57,14256.88,4345.6,674079.0,0.914,110,82348,0.144,0.108,100.0,0.041,3.1,404359.5
126,城市_126,2029,0,小城市,69.38,374.8,0,0,1,60.85,8770.68,16.23,26469.4,0.921,2,3966,0.112,0.065,100.0,0.066,1.6,15879.3
127,城市_127,2029,1,中等城市,96.26,279.6,1,0,0,62.88,6532.18,22.49,38780.5,0.89,3,3358,0.114,0.056,100.0,0.062,2.14,23979.8
128,城市_128,2029,2,大城市,201.12,244.5,0,0,1,190.29,9461.61,77.82,78061.5,0.902,11,7873,0.072,0.058,100.0,0.055,1.59,47252.2
129,城市_129,2029,1,中等城市,98.87,245.3,0,0,0,68.15,6892.37,27.78,41206.8,0.884,2,3322,0.102,0.063,100.0,0.06,0.5,26245.3
130,城市_130,2029,0,小城市,38.89,147.0,0,0,0,28.28,7271.33,19.24,16703.6,0.886,1,1121,0.097,0.037,100.0,0.055,0.88,10142.9
131,城市_131,2029,2,大城市,197.46,72.4,0,0,0,167.36,8475.71,231.16,79305.2,0.902,6,5457,0.073,0.04,100.0,0.066,1.54,45607.0
132,城市_132,2029,0,小城市,51.48,157.7,0,0,0,30.19,5863.77,19.14,18460.3,0.909,1,2438,0.101,0.08,100.0,0.068,1.31,10817.4
133,城市_133,2029,2,大城市,285.78,86.3,0,0,0,225.2,7880.18,260.84,122999.6,0.854,13,11192,0.101,0.093,100.0,0.061,1.85,76027.7
134,城市_134,2029,0,小城市,73.36,323.8,0,0,1,79.13,10786.98,24.44,29180.2,0.902,1,4696,0.112,0.033,100.0,0.067,1.04,16095.1
135,城市_135,2029,3,特大城市,829.45,131.9,1,0,1,853.12,10285.27,646.59,284669.3,0.902,33,40845,0.119,0.054,100.0,0.054,1.84,159307.6
136,城市_136,2029,0,小城市,83.64,76.7,0,0,0,63.98,7649.21,83.44,31300.7,0.93,2,2470,0.091,0.075,100.0,0.063,1.98,18790.5
137,城市_137,2029,1,中等城市,114.09,114.8,0,0,0,121.38,10639.19,105.77,42026.4,0.961,3,5400,0.121,0.063,100.0,0.065,1.17,26414.8
138,城市_138,2029,3,特大城市,373.54,206.5,0,0,0,322.01,8620.57,155.93,155545.0,0.9,15,12539,0.063,0.071,100.0,0.057,0.95,99426.1
139,城市_139,2029,0,小城市,56.73,94.5,0,0,0,42.24,7445.6,44.67,20504.9,0.867,1,3006,0.1,0.069,100.0,0.06,1.81,12169.4
140,城市_140,2029,2,大城市,222.68,76.9,0,0,0,224.21,10068.82,291.65,86941.4,0.907,10,7079,0.069,0.05,100.0,0.063,0.53,54931.7
141,城市_141,2029,3,特大城市,675.4,180.4,0,0,0,618.07,9151.23,342.69,261920.6,0.91,29,18119,0.096,0.07,100.0,0.058,0.5,157720.2
142,城市_142,2029,0,小城市,33.87,180.5,0,0,0,21.68,6402.85,12.01,12849.4,0.94,0,981,0.111,0.056,100.0,0.056,1.43,7119.3
143,城市_143,2029,2,大城市,213.7,98.9,0,0,0,131.7,6162.99,133.12,95701.8,0.938,5,6287,0.079,0.037,100.0,0.047,1.72,57397.9
144,城市_144,2029,2,大城市,187.29,101.8,0,0,0,138.76,7408.99,136.29,68204.3,0.921,6,5354,0.075,0.06,100.0,0.058,1.44,39656.2
145,城市_145,2029,3,特大城市,417.54,178.7,1,0,0,335.24,8028.85,187.61,151467.2,0.897,12,12936,0.156,0.083,100.0,0.046,0.86,95052.8
146,城市_146,2029,0,小城市,60.3,50.0,0,0,0,46.91,7778.49,93.81,22242.3,0.915,1,2868,0.074,0.045,100.0,0.055,1.04,13328.3
147,城市_147,2029,0,小城市,43.09,50.0,0,0,0,28.86,6697.44,57.72,15567.7,0.906,1,2717,0.134,0.054,100.0,0.055,0.91,8743.8
148,城市_148,2029,3,特大城市,275.01,83.5,0,0,1,337.07,12256.49,403.51,119983.3,0.91,10,6788,0.102,0.06,100.0,0.055,1.07,66591.7
149,城市_149,2029,2,大城市,248.15,125.1,1,0,0,185.8,7487.42,148.5,88891.7,0.874,8,13336,0.095,0.049,100.0,0.062,2.01,53279.1
150,城市_150,2029,2,大城市,259.26,190.3,0,0,0,281.94,10874.65,148.14,98368.1,0.927,18,8264,0.117,0.069,100.0,0.063,0.8,51878.7
151,城市_151,2029,2,大城市,250.76,483.1,0,0,0,227.65,9078.4,47.12,83506.3,0.907,15,10239,0.132,0.042,100.0,0.06,1.47,48805.7
152,城市_152,2029,1,中等城市,80.57,294.8,1,0,0,71.14,8829.86,24.14,33600.8,0.9,1,1804,0.079,0.078,100.0,0.063,1.7,20393.4
153,城市_153,2029,2,大城市,219.65,130.6,1,0,1,212.89,9692.28,163.03,88034.1,0.893,8,9456,0.094,0.067,100.0,0.061,1.46,50028.9
154,城市_154,2029,2,大城市,217.01,146.2,1,0,0,134.67,6205.64,92.13,82097.6,0.889,9,4374,0.121,0.036,100.0,0.046,1.89,51706.7
155,城市_155,2029,0,小城市,81.83,66.6,0,0,0,64.01,7822.31,96.18,27526.3,0.908,2,3307,0.107,0.086,100.0,0.059,1.38,17499.3
156,城市_156,2029,3,特大城市,1115.58,146.2,0,0,0,1097.07,9834.05,750.23,430771.0,0.888,111,44332,0.145,0.076,100.0,0.042,2.59,245323.6
157,城市_157,2029,2,大城市,262.35,117.8,0,0,1,195.33,7445.42,165.8,107483.2,0.921,10,10220,0.116,0.041,100.0,0.06,1.51,63528.9
158,城市_158,2029,0,小城市,50.3,192.1,1,0,1,40.18,7988.63,20.91,16799.6,0.88,1,1484,0.137,0.073,100.0,0.049,1.37,10581.0
159,城市_159,2029,3,特大城市,344.24,76.6,0,0,0,404.04,11736.89,527.66,139458.4,0.866,18,14933,0.111,0.067,100.0,0.056,1.23,83669.6
160,城市_160,2029,0,小城市,68.2,224.9,0,0,0,35.13,5150.95,15.62,29757.6,0.938,2,2821,0.106,0.03,100.0,0.062,0.5,16609.6
161,城市_161,2029,3,特大城市,343.36,505.8,0,0,0,287.44,8371.41,56.83,134147.1,0.89,19,11860,0.113,0.047,100.0,0.052,1.9,79911.5
162,城市_162,2029,3,特大城市,585.07,136.0,1,0,1,464.81,7944.57,341.66,223502.9,0.898,33,26329,0.109,0.068,100.0,0.06,2.3,128382.8
163,城市_163,2029,0,小城市,75.47,204.7,0,0,0,59.29,7855.63,28.97,28978.5,0.924,1,2698,0.119,0.03,100.0,0.062,1.22,18350.5
164,城市_164,2029,3,特大城市,495.18,257.8,0,0,1,444.01,8966.52,172.24,183669.7,0.947,20,21348,0.115,0.062,100.0,0.058,1.34,113540.6
165,城市_165,2029,2,大城市,287.04,107.7,0,0,0,233.43,8132.49,216.81,131133.6,0.875,15,10168,0.122,0.059,100.0,0.061,0.57,77445.8
166,城市_166,2029,3,特大城市,384.56,177.6,0,0,0,391.31,10175.46,220.39,173821.6,0.889,18,15097,0.127,0.034,100.0,0.055,1.52,105034.2
167,城市_167,2029,3,特大城市,1247.68,149.9,0,0,0,1649.93,13223.92,1100.57,527626.8,0.908,95,54536,0.134,0.081,100.0,0.051,1.86,295870.1
168,城市_168,2029,1,中等城市,128.85,160.5,0,0,0,157.64,12234.03,98.23,45872.2,0.921,7,4206,0.113,0.053,100.0,0.059,0.5,26486.0
169,城市_169,2029,0,小城市,93.74,80.0,0,0,0,66.66,7110.9,83.36,34108.0,0.935,2,2381,0.082,0.03,100.0,0.059,1.1,22054.2
170,城市_170,2029,0,小城市,67.89,151.4,0,0,0,39.72,5850.54,26.24,24561.7,0.88,2,2713,0.09,0.07,100.0,0.056,0.7,14776.5
171,城市_171,2029,0,小城市,80.92,221.1,0,0,0,68.88,8511.79,31.16,31182.9,0.93,2,4253,0.119,0.068,100.0,0.053,1.27,19579.9
172,城市_172,2029,1,中等城市,161.51,473.9,0,0,0,172.71,10693.49,36.45,67896.1,0.889,7,6499,0.132,0.048,100.0,0.057,1.12,41210.2
173,城市_173,2029,2,大城市,227.97,319.7,0,0,0,224.05,9828.34,70.08,82579.8,0.911,8,9226,0.066,0.051,100.0,0.056,0.98,52803.9
174,城市_174,2029,2,大城市,253.17,830.9,0,0,0,283.25,11188.25,34.09,108598.9,0.88,19,9196,0.094,0.07,100.0,0.054,0.5,58647.2
175,城市_175,2029,3,特大城市,384.16,80.3,0,0,1,340.73,8869.54,424.17,163048.8,0.905,17,17640,0.108,0.054,100.0,0.061,1.05,96908.6
176,城市_176,2029,2,大城市,154.46,298.2,0,0,1,117.85,7629.92,39.52,57245.9,0.901,4,5374,0.086,0.03,100.0,0.053,0.78,37172.3
177,城市_177,2029,3,特大城市,586.28,171.9,0,0,1,571.4,9746.23,332.48,221756.7,0.906,32,18822,0.096,0.072,100.0,0.054,1.11,139415.2
178,城市_178,2029,1,中等城市,125.97,855.6,0,0,1,98.16,7792.25,11.47,48577.0,0.91,4,6456,0.112,0.036,100.0,0.065,0.99,31077.7
179,城市_179,2029,3,特大城市,2437.71,77.7,1,0,0,2982.78,12235.99,3836.9,992291.3,0.93,240,76483,0.182,0.092,100.0,0.045,3.43,595173.4
180,城市_180,2029,3,特大城市,370.25,75.8,0,0,0,391.41,10571.38,516.31,162036.3,0.89,18,17786,0.067,0.087,100.0,0.063,1.37,94610.9
181,城市_181,2029,0,小城市,70.63,91.9,1,0,0,63.8,9033.22,69.44,23960.9,0.91,4,3620,0.098,0.049,100.0,0.056,1.21,13638.2
182,城市_182,2029,0,小城市,58.81,50.0,0,0,0,48.1,8179.23,96.2,22596.3,0.928,1,2564,0.11,0.051,100.0,0.063,0.66,12814.2
183,城市_183,2029,2,大城市,275.77,97.5,0,0,0,253.79,9202.81,260.42,108868.1,0.905,10,6974,0.121,0.066,100.0,0.052,1.55,67956.8
184,城市_184,2029,1,中等城市,126.01,80.9,1,0,0,116.24,9224.91,143.76,46031.4,0.913,3,4673,0.109,0.063,100.0,0.058,0.5,28327.5
185,城市_185,2029,3,特大城市,332.99,167.4,0,0,0,224.29,6735.66,133.99,132465.0,0.922,14,11529,0.142,0.038,100.0,0.056,0.85,79214.4
186,城市_186,2029,2,大城市,310.32,195.1,0,0,0,287.52,9265.16,147.39,135223.2,0.923,13,9837,0.107,0.055,100.0,0.055,1.33,83195.5
187,城市_187,2029,1,中等城市,172.39,665.8,0,0,0,146.9,8521.43,22.06,60817.6,0.884,6,6619,0.13,0.054,100.0,0.057,1.56,36750.5
188,城市_188,2029,0,小城市,77.91,317.5,0,0,0,62.71,8049.91,19.75,28115.6,0.886,2,3609,0.089,0.057,100.0,0.057,1.53,17680.9
189,城市_189,2029,0,小城市,34.63,93.5,1,0,0,24.53,7084.17,26.23,11680.5,0.887,0,1110,0.102,0.056,100.0,0.055,1.85,7342.1
190,城市_190,2029,1,中等城市,114.5,72.3,1,0,0,99.06,8651.7,136.96,43404.2,0.941,2,4001,0.078,0.104,100.0,0.063,0.95,24654.6
191,城市_191,2029,3,特大城市,340.02,220.0,1,0,1,282.66,8312.88,128.49,129245.6,0.917,13,11636,0.125,0.033,100.0,0.056,1.35,78608.4
192,城市_192,2029,2,大城市,236.6,51.6,0,0,0,244.75,10344.31,474.18,80986.0,0.914,13,12341,0.102,0.074,100.0,0.059,0.77,44537.0
193,城市_193,2029,0,小城市,52.21,642.4,1,0,0,41.96,8035.93,6.53,17542.9,0.908,2,1778,0.108,0.075,100.0,0.06,0.5,10595.8
194,城市_194,2029,2,大城市,187.15,381.3,1,0,1,163.21,8720.67,42.8,83142.9,0.877,6,4754,0.098,0.064,100.0,0.059,1.34,51393.1
195,城市_195,2029,2,大城市,300.38,102.0,0,0,1,242.06,8058.48,237.39,122249.8,0.945,9,6892,0.118,0.043,100.0,0.058,0.98,68531.8
196,城市_196,2029,0,小城市,62.46,50.0,0,0,1,53.8,8614.54,107.61,23434.5,0.911,1,2561,0.109,0.085,100.0,0.058,1.69,13767.9
197,城市_197,2029,2,大城市,216.72,438.4,1,0,0,193.46,8926.78,44.13,83176.8,0.919,15,6346,0.085,0.03,100.0,0.065,0.54,49929.8
198,城市_198,2029,2,大城市,197.41,135.4,0,0,0,151.1,7653.89,111.58,76818.6,0.869,9,8875,0.085,0.04,100.0,0.062,1.49,46630.2
199,城市_199,2029,0,小城市,50.66,399.5,1,0,0,37.48,7398.74,9.38,17869.6,0.917,1,1250,0.1,0.074,100.0,0.06,0.56,10572.4
0,城市_000,2030,2,大城市,264.84,197.6,0,0,0,264.36,9981.75,133.79,103208.3,0.908,13,11200,0.092,0.076,100.0,0.054,1.2,57000.7
1,城市_001,2030,1,中等城市,156.72,232.4,0,0,0,124.11,7919.02,53.39,64599.8,0.896,8,3945,0.097,0.079,100.0,0.054,1.39,38875.2
2,城市_002,2030,3,特大城市,293.65,353.0,0,0,0,279.5,9518.04,79.18,134676.4,0.936,17,11713,0.121,0.07,100.0,0.065,0.88,80610.5
3,城市_003,2030,3,特大城市,810.96,344.8,1,0,0,775.05,9557.14,224.76,355028.9,0.933,51,25190,0.123,0.052,100.0,0.058,1.72,213612.6
4,城市_004,2030,1,中等城市,137.07,50.0,1,0,0,102.04,7444.14,204.08,53156.4,0.89,3,3615,0.146,0.03,100.0,0.061,0.85,31828.9
5,城市_005,2030,1,中等城市,141.28,70.1,1,0,0,125.68,8896.12,179.32,52089.8,0.912,8,4764,0.087,0.03,100.0,0.053,1.43,30671.4
6,城市_006,2030,3,特大城市,830.69,224.1,1,0,1,785.35,9454.23,350.47,321675.9,0.944,33,32286,0.091,0.091,100.0,0.061,2.23,178955.7
7,城市_007,2030,3,特大城市,335.81,223.9,0,0,0,307.36,9152.71,137.3,147255.1,0.88,13,13314,0.144,0.055,100.0,0.057,1.4,88023.3
8,城市_008,2030,1,中等城市,109.13,224.1,1,0,0,102.64,9405.41,45.81,40892.7,0.882,4,5511,0.074,0.041,100.0,0.057,1.5,25785.6
9,城市_009,2030,3,特大城市,340.85,3236.3,1,0,0,354.17,10390.85,10.94,150067.4,0.908,18,18560,0.121,0.055,100.0,0.063,1.66,98205.6
10,城市_010,2030,1,中等城市,128.7,234.3,1,0,0,97.25,7556.37,41.5,47945.4,0.904,5,5237,0.083,0.075,100.0,0.059,1.03,28424.9
11,城市_011,2030,1,中等城市,143.83,368.1,0,0,1,128.41,8927.56,34.88,52517.6,0.902,4,6179,0.062,0.069,100.0,0.053,0.68,31306.3
12,城市_012,2030,2,大城市,271.64,318.4,0,0,0,203.12,7477.63,63.8,111540.9,0.9,9,10282,0.099,0.065,100.0,0.058,0.96,68599.1
13,城市_013,2030,0,小城市,23.73,249.9,0,0,0,17.53,7389.09,7.02,8289.1,0.894,1,1098,0.119,0.063,100.0,0.056,0.5,5344.8
14,城市_014,2030,0,小城市,30.97,115.3,1,0,0,22.47,7256.35,19.49,10016.4,0.908,0,1318,0.076,0.054,100.0,0.045,1.11,5863.7
15,城市_015,2030,1,中等城市,102.87,272.4,0,0,0,87.34,8490.11,32.07,44997.0,0.925,3,3723,0.114,0.058,100.0,0.055,0.71,27933.2
16,城市_016,2030,0,小城市,65.16,80.0,0,0,0,47.71,7321.79,59.65,22908.6,0.892,1,4571,0.117,0.056,100.0,0.057,0.84,13179.7
17,城市_017,2030,2,大城市,249.41,122.8,0,0,0,299.32,12001.07,243.75,106195.0,0.955,10,7788,0.08,0.056,100.0,0.052,1.28,64767.9
18,城市_018,2030,0,小城市,92.14,100.7,0,0,0,63.84,6928.33,63.42,37071.1,0.941,3,5243,0.098,0.067,100.0,0.062,1.65,23322.1
19,城市_019,2030,0,小城市,39.61,158.5,0,0,0,33.35,8418.54,21.04,12913.8,0.927,0,970,0.132,0.058,100.0,0.056,1.52,7248.2
20,城市_020,2030,3,特大城市,730.31,945.5,0,0,0,612.84,8391.49,64.82,281177.2,0.929,42,34294,0.13,0.049,100.0,0.056,1.98,164276.6
21,城市_021,2030,1,中等城市,169.38,50.0,0,0,1,154.18,9102.66,308.36,64112.4,0.944,10,9587,0.099,0.064,100.0,0.052,1.87,40303.8
22,城市_022,2030,2,大城市,182.18,257.0,0,0,1,168.87,9269.36,65.71,66155.3,0.898,5,3781,0.112,0.059,100.0,0.063,0.5,40916.1
23,城市_023,2030,0,小城市,45.23,50.0,1,0,0,33.64,7437.14,67.28,18850.2,0.884,1,1734,0.087,0.063,100.0,0.053,2.0,11896.0
24,城市_024,2030,1,中等城市,116.11,101.7,0,0,0,87.54,7539.12,86.04,43480.4,0.892,3,5294,0.125,0.051,100.0,0.047,1.51,27195.0
25,城市_025,2030,2,大城市,211.99,354.7,1,0,0,186.96,8819.58,52.72,89261.0,0.885,8,8410,0.127,0.071,100.0,0.064,1.34,52643.2
26,城市_026,2030,0,小城市,58.31,156.2,0,0,0,45.94,7879.01,29.41,22336.6,0.904,1,2402,0.104,0.05,100.0,0.055,0.63,14875.6
27,城市_027,2030,2,大城市,288.68,62.7,0,0,1,336.48,11655.65,536.95,117417.9,0.913,10,11062,0.111,0.071,100.0,0.066,1.18,70933.0
28,城市_028,2030,1,中等城市,90.87,83.7,1,0,0,63.14,6948.67,75.4,34266.6,0.906,1,2407,0.082,0.043,100.0,0.062,1.43,17418.7
29,城市_029,2030,1,中等城市,128.71,255.6,0,0,0,97.17,7549.8,38.01,54349.0,0.903,4,9634,0.076,0.045,100.0,0.063,1.49,32149.0
30,城市_030,2030,1,中等城市,104.45,82.7,0,0,0,87.57,8383.92,105.84,37008.6,0.905,3,3303,0.095,0.064,100.0,0.064,1.48,21684.3
31,城市_031,2030,3,特大城市,939.48,176.5,0,0,0,908.69,9672.18,514.92,455653.4,0.956,90,39369,0.12,0.065,100.0,0.052,1.93,284262.8
32,城市_032,2030,1,中等城市,204.89,153.9,1,0,0,173.68,8476.71,112.83,72358.0,0.917,8,6207,0.126,0.099,100.0,0.059,0.82,42435.4
33,城市_033,2030,0,小城市,64.72,88.1,0,0,0,58.13,8982.99,65.97,25458.9,0.92,1,1202,0.12,0.063,100.0,0.066,1.19,16114.7
34,城市_034,2030,3,特大城市,418.03,824.8,1,0,0,253.41,6061.91,30.72,151556.0,0.913,12,11653,0.113,0.06,100.0,0.057,1.96,93471.1
35,城市_035,2030,0,小城市,45.42,246.4,0,0,0,30.64,6746.21,12.43,16080.5,0.869,0,1082,0.125,0.067,100.0,0.056,1.06,9165.9
36,城市_036,2030,2,大城市,196.36,50.0,0,0,0,129.54,6597.15,259.08,77280.3,0.868,4,10022,0.086,0.045,100.0,0.061,2.01,46042.7
37,城市_037,2030,0,小城市,24.51,172.3,0,0,0,14.2,5791.46,8.24,8300.0,0.942,0,751,0.122,0.069,100.0,0.049,1.05,4786.9
38,城市_038,2030,0,小城市,51.87,87.4,0,0,0,55.65,10728.44,63.66,18683.0,0.891,1,1635,0.085,0.069,100.0,0.066,1.07,11313.4
39,城市_039,2030,2,大城市,179.32,293.5,0,0,0,166.51,9285.57,56.73,62410.0,0.892,5,4793,0.129,0.079,100.0,0.065,1.58,35982.8
40,城市_040,2030,3,特大城市,408.91,78.7,0,0,0,435.48,10649.88,553.15,153115.4,0.914,13,15473,0.109,0.051,100.0,0.062,2.17,92211.2
41,城市_041,2030,2,大城市,207.27,135.4,0,0,0,176.42,8511.6,130.3,84489.3,0.916,6,6150,0.065,0.03,100.0,0.064,0.61,50003.4
42,城市_042,2030,1,中等城市,157.66,222.3,1,0,0,148.01,9387.8,66.58,61061.0,0.917,4,7811,0.118,0.041,100.0,0.058,0.66,36357.7
43,城市_043,2030,1,中等城市,137.24,296.7,0,0,0,86.98,6337.42,29.32,49830.5,0.939,6,5527,0.119,0.048,100.0,0.058,1.03,32964.3
44,城市_044,2030,0,小城市,42.35,56.8,0,0,0,36.25,8561.38,63.81,17032.7,0.931,1,1312,0.092,0.084,100.0,0.053,2.64,10035.4
45,城市_045,2030,0,小城市,82.11,113.6,1,0,1,56.92,6931.57,50.12,27852.7,0.886,1,3898,0.094,0.096,100.0,0.068,0.98,15095.2
46,城市_046,2030,1,中等城市,121.32,101.5,0,0,0,91.38,7532.18,90.03,44947.2,0.922,8,4473,0.1,0.06,100.0,0.056,1.11,28338.1
47,城市_047,2030,3,特大城市,413.7,88.0,0,0,0,412.53,9971.93,468.79,161089.9,0.902,13,15317,0.071,0.06,100.0,0.058,1.88,101525.1
48,城市_048,2030,2,大城市,244.05,609.3,1,0,0,224.18,9185.61,36.79,101239.4,0.903,8,5789,0.058,0.049,100.0,0.059,1.83,54733.2
49,城市_049,2030,0,小城市,31.5,205.2,1,0,0,22.68,7199.67,11.05,11273.2,0.879,1,1134,0.127,0.067,100.0,0.053,1.13,6526.9
50,城市_050,2030,2,大城市,241.83,54.1,0,0,0,172.5,7133.3,318.72,94634.3,0.872,10,9797,0.089,0.099,100.0,0.049,1.92,58017.9
51,城市_051,2030,1,中等城市,102.74,309.3,1,0,0,83.64,8140.86,27.04,33525.7,0.902,2,5638,0.139,0.088,100.0,0.059,0.54,20642.6
52,城市_052,2030,1,中等城市,99.0,810.6,0,0,0,91.36,9227.86,11.27,40050.2,0.883,2,2906,0.13,0.075,100.0,0.057,0.75,24024.4
53,城市_053,2030,3,特大城市,294.88,339.0,0,0,0,243.12,8244.89,71.72,115524.8,0.925,9,21486,0.138,0.079,100.0,0.057,1.99,69376.7
54,城市_054,2030,3,特大城市,503.91,50.0,0,0,0,578.93,11488.7,1157.86,208263.7,0.906,18,21908,0.099,0.078,100.0,0.061,1.7,119094.0
55,城市_055,2030,3,特大城市,466.05,100.7,1,0,0,382.59,8209.18,379.75,179048.3,0.917,21,10868,0.079,0.06,100.0,0.057,1.01,94538.3
56,城市_056,2030,0,小城市,78.32,408.9,0,0,0,61.15,7808.53,14.95,27176.5,0.929,2,2235,0.08,0.037,100.0,0.063,0.5,17976.8
57,城市_057,2030,1,中等城市,148.82,84.3,0,0,0,156.05,10485.78,185.21,64643.0,0.874,4,8385,0.094,0.053,100.0,0.061,0.8,36907.3
58,城市_058,2030,2,大城市,250.65,211.7,0,0,0,198.77,7930.24,93.9,86007.8,0.891,9,13389,0.058,0.064,100.0,0.056,1.35,52060.1
59,城市_059,2030,3,特大城市,500.39,275.8,0,0,0,552.42,11039.79,200.29,188265.3,0.915,17,18508,0.102,0.032,100.0,0.05,1.92,112062.0
60,城市_060,2030,1,中等城市,111.43,70.7,0,0,0,121.17,10874.27,171.38,47632.0,0.909,3,4287,0.099,0.05,100.0,0.06,0.99,29861.3
61,城市_061,2030,1,中等城市,159.54,141.5,0,0,0,137.3,8606.07,97.02,64921.7,0.926,8,4138,0.078,0.037,100.0,0.059,1.41,39176.8
62,城市_062,2030,0,小城市,68.54,50.0,0,0,0,48.73,7110.54,97.47,24748.0,0.919,1,3748,0.081,0.072,100.0,0.064,0.88,14962.7
63,城市_063,2030,0,小城市,55.44,65.4,0,0,0,37.18,6706.57,56.85,22461.8,0.903,1,1516,0.097,0.04,100.0,0.059,1.69,11701.9
64,城市_064,2030,3,特大城市,440.06,121.3,0,0,0,497.86,11313.46,410.57,185496.0,0.916,20,20858,0.117,0.067,100.0,0.054,2.88,106660.2
65,城市_065,2030,3,特大城市,809.11,54.7,0,0,0,969.98,11988.26,1773.44,345631.8,0.925,60,44654,0.101,0.055,100.0,0.051,1.92,215100.2
66,城市_066,2030,1,中等城市,192.13,547.8,0,0,0,204.13,10624.58,37.26,76338.5,0.875,5,7171,0.11,0.086,100.0,0.054,1.51,47302.4
67,城市_067,2030,3,特大城市,475.19,50.0,0,0,0,443.34,9329.78,886.68,201370.4,0.908,34,23369,0.114,0.03,100.0,0.063,1.85,115073.2
68,城市_068,2030,2,大城市,287.37,104.4,1,0,0,299.07,10407.29,286.54,119137.8,0.912,13,18402,0.108,0.066,100.0,0.063,1.47,65842.6
69,城市_069,2030,1,中等城市,97.25,164.8,0,0,0,76.99,7916.85,46.72,43721.3,0.911,3,3877,0.089,0.03,100.0,0.053,1.46,26398.8
70,城市_070,2030,2,大城市,289.56,470.1,0,0,1,226.09,7808.03,48.09,113546.5,0.888,17,10106,0.08,0.046,100.0,0.061,1.64,58226.3
71,城市_071,2030,3,特大城市,890.39,50.0,0,0,0,1053.51,11832.07,2107.02,370236.8,0.895,34,32105,0.154,0.075,100.0,0.043,1.99,209383.6
72,城市_072,2030,1,中等城市,179.32,376.4,0,0,1,194.5,10846.21,51.68,63163.4,0.899,7,5278,0.117,0.059,100.0,0.063,1.91,41233.4
73,城市_073,2030,3,特大城市,902.46,149.6,0,0,0,775.11,8588.9,518.01,378894.4,0.96,56,26386,0.141,0.075,100.0,0.048,2.35,243762.5
74,城市_074,2030,0,小城市,25.1,67.7,0,0,0,14.92,5943.34,22.04,10270.0,0.884,0,1054,0.099,0.054,100.0,0.062,0.84,6312.1
75,城市_075,2030,3,特大城市,423.58,214.8,0,0,0,394.87,9322.28,183.84,186040.9,0.933,22,14834,0.106,0.047,100.0,0.046,2.81,113339.9
76,城市_076,2030,2,大城市,194.32,174.0,0,0,1,191.95,9878.35,110.3,72638.7,0.936,7,7886,0.114,0.051,100.0,0.052,1.21,39333.5
77,城市_077,2030,1,中等城市,130.88,91.8,0,0,0,90.76,6934.75,98.85,50222.1,0.904,4,3079,0.066,0.054,100.0,0.061,1.31,29017.3
78,城市_078,2030,2,大城市,235.37,156.9,0,0,0,212.54,9029.79,135.43,83641.6,0.892,11,8421,0.083,0.059,100.0,0.054,1.41,49444.3
79,城市_079,2030,0,小城市,25.98,109.0,0,0,0,16.57,6379.6,15.2,8486.9,0.911,0,1301,0.085,0.049,100.0,0.056,0.97,4909.0
80,城市_080,2030,1,中等城市,137.28,162.5,0,0,0,125.97,9176.13,77.51,53307.2,0.907,5,3610,0.094,0.068,100.0,0.066,1.41,31424.2
81,城市_081,2030,2,大城市,251.62,252.1,0,0,0,196.16,7795.92,77.82,95657.1,0.889,9,9302,0.088,0.058,100.0,0.069,0.92,61122.7
82,城市_082,2030,3,特大城市,879.14,527.9,0,0,0,985.37,11208.37,186.68,340477.5,0.907,39,18540,0.127,0.074,100.0,0.057,2.51,198752.1
83,城市_083,2030,1,中等城市,100.22,55.1,0,0,0,78.29,7811.93,142.0,39365.9,0.911,3,2492,0.104,0.045,100.0,0.054,0.5,23216.9
84,城市_084,2030,0,小城市,69.63,817.6,0,1,0,46.63,6697.07,5.7,25656.0,0.92,1,3263,0.129,0.031,100.0,0.068,0.5,15962.8
85,城市_085,2030,1,中等城市,95.32,50.0,1,0,1,76.59,8035.17,153.18,31680.7,0.896,1,3195,0.152,0.055,100.0,0.051,2.04,17659.3
86,城市_086,2030,3,特大城市,380.87,131.4,0,0,1,261.06,6854.28,198.61,130269.7,0.907,9,24203,0.084,0.083,100.0,0.055,0.9,74878.2
87,城市_087,2030,2,大城市,221.1,237.6,0,0,0,176.32,7974.38,74.2,83011.8,0.918,10,9260,0.108,0.064,100.0,0.058,0.5,47969.9
88,城市_088,2030,1,中等城市,94.8,185.8,1,0,0,79.33,8367.32,42.69,31449.3,0.899,2,4089,0.105,0.036,100.0,0.069,0.52,18922.0
89,城市_089,2030,3,特大城市,345.91,90.2,1,0,1,240.71,6958.65,266.91,119702.7,0.902,16,9213,0.108,0.074,100.0,0.061,2.35,70582.8
90,城市_090,2030,2,大城市,198.46,125.7,0,0,0,115.75,5832.27,92.12,84897.9,0.889,7,6504,0.083,0.048,100.0,0.056,0.5,50140.7
91,城市_091,2030,3,特大城市,459.89,100.0,0,0,0,302.57,6579.08,302.44,186001.3,0.895,19,13580,0.092,0.075,100.0,0.051,1.16,107890.9
92,城市_092,2030,1,中等城市,77.75,92.6,1,0,1,73.95,9512.05,79.85,28386.5,0.955,4,2077,0.107,0.044,100.0,0.064,0.5,16120.0
93,城市_093,2030,1,中等城市,128.55,292.9,1,0,0,104.27,8111.39,35.61,48428.7,0.899,4,5771,0.084,0.06,100.0,0.056,1.04,29942.2
94,城市_094,2030,1,中等城市,102.94,197.5,0,0,0,76.23,7405.69,38.6,35546.1,0.93,4,4908,0.106,0.042,100.0,0.06,0.92,20967.5
95,城市_095,2030,0,小城市,40.38,85.3,0,0,0,33.92,8401.67,39.79,15060.0,0.935,1,1674,0.096,0.041,100.0,0.053,0.82,9315.7
96,城市_096,2030,2,大城市,297.24,304.8,0,0,1,250.02,8411.6,82.03,117310.5,0.903,11,8529,0.11,0.03,100.0,0.06,2.34,66474.1
97,城市_097,2030,2,大城市,250.62,189.8,0,0,1,229.18,9144.48,120.76,93277.7,0.913,9,10181,0.087,0.066,100.0,0.06,0.75,54105.1
98,城市_098,2030,2,大城市,178.14,284.4,0,0,1,151.7,8515.78,53.34,65963.0,0.906,10,3691,0.107,0.061,100.0,0.052,1.19,39140.1
99,城市_099,2030,1,中等城市,153.19,245.6,0,0,0,119.23,7783.58,48.55,53573.9,0.871,7,8380,0.086,0.062,100.0,0.064,1.38,31938.8
100,城市_100,2030,0,小城市,41.74,76.5,0,0,1,31.91,7645.84,41.73,14606.8,0.87,1,1040,0.104,0.056,100.0,0.062,0.57,9094.7
101,城市_101,2030,1,中等城市,109.79,94.8,1,0,0,99.55,9067.36,105.0,40868.5,0.904,3,2885,0.129,0.037,100.0,0.063,1.39,23993.3
102,城市_102,2030,1,中等城市,151.56,269.8,0,0,0,123.01,8116.06,45.59,56458.0,0.895,4,5771,0.109,0.073,100.0,0.057,1.01,35139.6
103,城市_103,2030,0,小城市,72.47,241.8,0,0,0,52.34,7222.74,21.64,27051.0,0.939,1,2834,0.108,0.072,100.0,0.06,1.29,16534.9
104,城市_104,2030,1,中等城市,148.7,146.0,1,0,0,117.64,7911.06,80.6,56929.1,0.899,3,5352,0.12,0.038,100.0,0.059,1.15,33975.0
105,城市_105,2030,2,大城市,279.23,163.0,1,0,0,175.68,6291.62,107.77,113083.4,0.945,14,7362,0.078,0.067,100.0,0.057,0.5,64622.8
106,城市_106,2030,3,特大城市,1087.9,412.5,0,0,0,1158.05,10644.9,280.77,499234.4,0.915,52,56228,0.159,0.093,100.0,0.051,3.15,310876.4
107,城市_107,2030,2,大城市,229.57,92.5,0,0,0,166.69,7261.32,180.29,94771.1,0.944,3,5092,0.084,0.046,100.0,0.064,2.35,54229.0
108,城市_108,2030,2,大城市,227.12,229.9,0,0,0,217.06,9557.19,94.41,96461.2,0.915,18,5354,0.123,0.049,100.0,0.063,1.22,57815.2
109,城市_109,2030,1,中等城市,179.19,126.2,0,0,0,150.05,8373.71,118.85,65110.8,0.915,5,6383,0.119,0.065,100.0,0.052,0.8,38961.1
110,城市_110,2030,0,小城市,28.12,124.7,0,0,0,20.08,7138.72,16.1,9570.7,0.89,0,707,0.083,0.03,100.0,0.065,1.79,5683.0
111,城市_111,2030,1,中等城市,172.03,357.5,0,0,0,161.52,9389.09,45.19,70341.2,0.915,10,9132,0.124,0.032,100.0,0.064,2.18,41383.1
112,城市_112,2030,2,大城市,226.92,287.2,0,0,0,171.7,7566.77,59.78,94212.4,0.939,6,5862,0.115,0.035,100.0,0.057,1.23,54203.9
113,城市_113,2030,3,特大城市,1989.87,284.5,0,0,0,2282.07,11468.45,802.08,826627.8,0.943,186,116786,0.184,0.06,100.0,0.044,3.64,455878.5
114,城市_114,2030,1,中等城市,170.21,421.7,0,0,0,149.61,8789.51,35.47,69327.8,0.897,5,8541,0.108,0.076,100.0,0.061,1.19,44516.4
115,城市_115,2030,2,大城市,274.27,150.9,0,0,0,236.48,8622.37,156.69,101023.6,0.901,7,14614,0.104,0.03,100.0,0.053,0.54,59123.9
116,城市_116,2030,1,中等城市,207.56,256.1,0,0,0,155.6,7496.42,60.76,84497.7,0.937,13,13450,0.094,0.062,100.0,0.056,1.14,50373.9
117,城市_117,2030,0,小城市,57.19,115.8,0,1,0,47.24,8260.26,40.8,20960.5,0.918,2,2155,0.066,0.068,100.0,0.063,1.94,12491.9
118,城市_118,2030,3,特大城市,524.92,192.4,0,0,1,552.5,10525.56,287.23,192803.3,0.941,33,14250,0.106,0.056,100.0,0.053,1.64,122019.1
119,城市_119,2030,3,特大城市,469.43,133.7,1,0,0,447.14,9525.13,334.34,185008.0,0.917,24,16743,0.105,0.047,100.0,0.061,1.13,121734.5
120,城市_120,2030,3,特大城市,386.14,160.4,0,0,0,301.88,7817.96,188.22,185788.4,0.91,20,11984,0.114,0.064,100.0,0.063,1.78,112364.0
121,城市_121,2030,0,小城市,67.26,238.9,0,1,0,47.73,7096.44,19.98,25311.0,0.91,1,2000,0.073,0.052,100.0,0.065,0.76,15067.4
122,城市_122,2030,3,特大城市,722.12,77.1,1,0,1,700.21,9696.57,907.9,361900.7,0.938,38,27795,0.112,0.087,100.0,0.063,1.96,204943.0
123,城市_123,2030,0,小城市,40.43,791.5,0,0,0,32.69,8085.38,4.13,13000.0,0.896,0,1354,0.112,0.03,100.0,0.059,0.5,7237.0
124,城市_124,2030,3,特大城市,342.52,66.4,0,0,1,244.93,7150.77,369.06,146092.1,0.935,9,10055,0.121,0.04,100.0,0.058,0.95,79880.3
125,城市_125,2030,3,特大城市,1523.74,56.2,0,0,0,1478.46,9702.83,2631.42,538427.2,0.942,107,52076,0.098,0.096,100.0,0.048,3.47,310201.2
126,城市_126,2030,0,小城市,65.32,374.8,0,0,1,47.09,7208.94,12.56,24148.9,0.853,2,2833,0.116,0.053,100.0,0.059,1.15,12974.6
127,城市_127,2030,1,中等城市,112.86,279.6,1,0,0,90.25,7996.65,32.28,45105.0,0.92,3,5531,0.098,0.068,100.0,0.062,0.77,28522.8
128,城市_128,2030,2,大城市,212.44,244.5,0,0,1,150.94,7105.15,61.73,89088.3,0.879,7,4831,0.101,0.06,100.0,0.049,1.35,54583.8
129,城市_129,2030,1,中等城市,109.52,245.3,0,0,0,85.57,7813.15,34.88,38976.9,0.92,2,3678,0.055,0.05,100.0,0.06,0.85,23091.9
130,城市_130,2030,0,小城市,39.02,147.0,0,0,0,27.06,6935.16,18.41,15278.7,0.919,0,1375,0.131,0.045,100.0,0.053,0.66,9675.7
131,城市_131,2030,2,大城市,193.99,72.4,0,0,0,142.07,7323.69,196.23,72567.0,0.911,9,5005,0.108,0.101,100.0,0.053,1.85,41208.3
132,城市_132,2030,0,小城市,59.94,157.7,0,0,0,44.7,7457.84,28.35,21778.7,0.912,2,2127,0.071,0.082,100.0,0.063,1.47,12531.5
133,城市_133,2030,2,大城市,290.43,86.3,0,0,0,238.78,8221.42,276.56,111754.1,0.929,14,11169,0.114,0.067,100.0,0.056,1.39,60569.2
134,城市_134,2030,0,小城市,75.69,323.8,0,0,1,63.38,8373.65,19.57,25740.2,0.892,1,3253,0.109,0.053,100.0,0.063,1.18,16042.1
135,城市_135,2030,3,特大城市,841.84,131.9,1,0,1,732.65,8703.0,555.29,401002.7,0.935,37,31694,0.144,0.08,100.0,0.051,2.16,230853.1
136,城市_136,2030,0,小城市,86.13,76.7,0,0,0,68.76,7983.76,89.68,32411.2,0.925,3,2432,0.096,0.069,100.0,0.065,1.36,19462.0
137,城市_137,2030,1,中等城市,120.74,114.8,0,0,0,87.19,7221.96,75.98,50213.9,0.938,5,8122,0.103,0.061,100.0,0.058,0.77,31638.7
138,城市_138,2030,3,特大城市,384.58,206.5,0,0,0,322.52,8386.27,156.18,168911.4,0.887,16,18143,0.096,0.044,100.0,0.047,1.96,108293.4
139,城市_139,2030,0,小城市,49.15,94.5,0,0,0,38.23,7778.1,40.44,16580.8,0.909,1,2134,0.113,0.087,100.0,0.061,1.24,9934.0
140,城市_140,2030,2,大城市,214.85,76.9,0,0,0,192.43,8956.49,250.3,92920.2,0.886,11,10684,0.089,0.06,100.0,0.047,1.16,56823.2
141,城市_141,2030,3,特大城市,757.92,180.4,0,0,0,700.08,9236.87,388.16,329772.4,0.897,35,30005,0.1,0.108,100.0,0.046,1.8,188921.5
142,城市_142,2030,0,小城市,38.92,180.5,0,0,0,27.15,6976.14,15.04,12900.9,0.908,1,2105,0.1,0.055,100.0,0.055,1.47,8392.1
143,城市_143,2030,2,大城市,195.69,98.9,0,0,0,134.77,6886.77,136.22,79224.0,0.906,7,7322,0.08,0.05,100.0,0.053,1.19,47139.5
144,城市_144,2030,2,大城市,244.87,101.8,0,0,0,264.82,10814.9,260.1,89115.6,0.929,7,9012,0.138,0.083,100.0,0.055,0.99,53684.0
145,城市_145,2030,3,特大城市,380.5,178.7,1,0,0,386.64,10161.31,216.38,174705.4,0.902,27,16936,0.147,0.065,100.0,0.051,1.33,102690.9
146,城市_146,2030,0,小城市,49.1,50.0,0,0,0,40.27,8201.67,80.55,19101.7,0.898,1,2898,0.092,0.054,100.0,0.053,1.45,12148.3
147,城市_147,2030,0,小城市,41.71,50.0,0,0,0,24.02,5758.8,48.04,14995.0,0.905,0,2415,0.073,0.03,100.0,0.067,0.5,9086.8
148,城市_148,2030,3,特大城市,335.23,83.5,0,0,1,277.39,8274.88,332.08,148822.5,0.89,9,14732,0.114,0.071,100.0,0.054,1.28,92690.8
149,城市_149,2030,2,大城市,212.81,125.1,1,0,0,174.83,8215.45,139.74,73544.1,0.89,5,9141,0.095,0.045,100.0,0.047,1.83,44907.4
150,城市_150,2030,2,大城市,231.23,190.3,0,0,0,150.78,6520.87,79.22,85770.4,0.928,8,10481,0.129,0.046,100.0,0.056,1.23,50895.1
151,城市_151,2030,2,大城市,233.05,483.1,0,0,0,232.21,9963.81,48.06,89986.8,0.894,16,11523,0.09,0.046,100.0,0.052,1.46,56501.3
152,城市_152,2030,1,中等城市,98.87,294.8,1,0,0,98.23,9935.22,33.33,44627.4,0.926,2,5369,0.113,0.061,100.0,0.055,1.68,27238.7
153,城市_153,2030,2,大城市,220.84,130.6,1,0,1,260.9,11813.79,199.79,79655.2,0.917,13,7567,0.107,0.03,100.0,0.062,1.75,45496.7
154,城市_154,2030,2,大城市,239.35,146.2,1,0,0,178.86,7473.04,122.36,82372.0,0.875,9,13075,0.092,0.051,100.0,0.056,1.11,46978.7
155,城市_155,2030,0,小城市,87.69,66.6,0,0,0,70.43,8031.44,105.82,29310.9,0.913,1,3575,0.107,0.072,100.0,0.053,1.06,17717.4
156,城市_156,2030,3,特大城市,1204.02,146.2,0,0,0,1513.57,12570.96,1035.05,553696.2,0.938,61,53845,0.145,0.053,100.0,0.051,3.11,347291.4
157,城市_157,2030,2,大城市,290.94,117.8,0,0,1,249.79,8585.33,212.02,110529.5,0.915,8,16201,0.108,0.06,100.0,0.063,1.87,71753.8
158,城市_158,2030,0,小城市,54.73,192.1,1,0,1,37.81,6907.74,19.68,19804.4,0.898,1,2519,0.103,0.039,100.0,0.062,1.03,10826.7
159,城市_159,2030,3,特大城市,331.5,76.6,0,0,0,226.46,6831.23,295.75,141296.7,0.889,10,16052,0.09,0.05,100.0,0.045,1.43,84886.8
160,城市_160,2030,0,小城市,58.43,224.9,0,0,0,52.43,8973.2,23.32,21211.1,0.928,0,1912,0.124,0.084,100.0,0.054,1.21,13038.2
161,城市_161,2030,3,特大城市,355.97,505.8,0,0,0,323.13,9077.35,63.88,145611.8,0.906,24,20527,0.129,0.03,100.0,0.057,2.17,88658.7
162,城市_162,2030,3,特大城市,618.2,136.0,1,0,1,533.68,8632.82,392.28,266933.4,0.897,32,28020,0.106,0.08,100.0,0.053,2.39,168242.7
163,城市_163,2030,0,小城市,77.27,204.7,0,0,0,62.81,8129.04,30.69,27833.9,0.911,1,2952,0.099,0.042,100.0,0.058,1.45,17247.7
164,城市_164,2030,3,特大城市,444.12,257.8,0,0,1,423.14,9527.57,164.15,178326.6,0.895,21,22733,0.138,0.05,100.0,0.051,1.07,101723.8
165,城市_165,2030,2,大城市,237.94,107.7,0,0,0,213.21,8960.48,198.03,95680.8,0.886,7,19025,0.083,0.033,100.0,0.051,1.19,54495.6
166,城市_166,2030,3,特大城市,347.25,177.6,0,0,0,305.23,8789.69,171.91,149611.3,0.9,6,8996,0.12,0.073,100.0,0.067,1.37,91169.2
167,城市_167,2030,3,特大城市,1125.11,149.9,0,0,0,1469.18,13058.08,980.0,450139.8,0.913,158,32522,0.115,0.072,100.0,0.05,3.26,283459.9
168,城市_168,2030,1,中等城市,154.37,160.5,0,0,0,126.49,8193.98,78.82,46790.2,0.885,5,12709,0.139,0.047,100.0,0.062,1.09,28275.4
169,城市_169,2030,0,小城市,80.6,80.0,0,0,0,80.4,9974.86,100.54,31797.8,0.918,2,3370,0.103,0.054,100.0,0.059,1.74,17573.4
170,城市_170,2030,0,小城市,77.3,151.4,0,0,0,65.54,8478.39,43.3,31041.6,0.9,1,3011,0.127,0.048,100.0,0.06,0.82,17649.8
171,城市_171,2030,0,小城市,75.41,221.1,0,0,0,61.77,8191.12,27.94,28533.9,0.927,1,2679,0.087,0.03,100.0,0.059,0.86,17712.3
172,城市_172,2030,1,中等城市,178.28,473.9,0,0,0,148.7,8340.72,31.38,70811.5,0.887,10,9424,0.079,0.044,100.0,0.053,1.49,41746.3
173,城市_173,2030,2,大城市,245.83,319.7,0,0,0,249.4,10145.23,78.01,92827.9,0.871,15,19794,0.101,0.074,100.0,0.05,2.12,56025.2
174,城市_174,2030,2,大城市,211.29,830.9,0,0,0,185.5,8779.45,22.32,86220.8,0.908,10,6366,0.11,0.03,100.0,0.06,1.19,54488.3
175,城市_175,2030,3,特大城市,402.95,80.3,0,0,1,323.02,8016.46,402.13,174692.6,0.946,12,14398,0.099,0.037,100.0,0.057,0.5,98515.0
176,城市_176,2030,2,大城市,219.04,298.2,0,0,1,164.18,7495.6,55.05,86422.1,0.916,13,7253,0.12,0.047,100.0,0.063,0.52,50779.3
177,城市_177,2030,3,特大城市,921.05,171.9,0,0,1,984.31,10686.84,572.75,474432.9,0.98,58,42215,0.117,0.057,100.0,0.055,2.42,277217.7
178,城市_178,2030,1,中等城市,145.61,855.6,0,0,1,105.61,7252.81,12.34,49448.5,0.91,6,7729,0.062,0.053,100.0,0.055,0.5,30196.3
179,城市_179,2030,3,特大城市,2174.56,77.7,1,0,0,2358.84,10847.45,3034.29,970560.0,0.955,169,130096,0.161,0.078,100.0,0.046,3.57,604840.0
180,城市_180,2030,3,特大城市,348.43,75.8,0,0,0,370.9,10644.75,489.25,127510.0,0.865,9,16133,0.09,0.05,100.0,0.061,1.49,70843.5
181,城市_181,2030,0,小城市,79.19,91.9,1,0,0,64.73,8174.06,70.45,31718.3,0.91,1,6203,0.095,0.051,100.0,0.063,0.5,19025.7
182,城市_182,2030,0,小城市,61.76,50.0,0,0,0,42.2,6832.47,84.39,20063.3,0.905,1,1912,0.132,0.064,100.0,0.071,0.9,12561.2
183,城市_183,2030,2,大城市,306.02,97.5,0,0,0,338.93,11075.63,347.78,109851.6,0.899,15,8764,0.142,0.082,100.0,0.067,0.84,59798.4
184,城市_184,2030,1,中等城市,147.67,80.9,1,0,0,133.42,9034.99,165.0,54059.1,0.901,3,8441,0.092,0.048,100.0,0.062,0.5,32331.0
185,城市_185,2030,3,特大城市,358.17,167.4,0,0,0,380.08,10611.83,227.07,147281.4,0.907,14,13670,0.12,0.096,100.0,0.06,1.09,82996.9
186,城市_186,2030,2,大城市,258.11,195.1,0,0,0,161.83,6269.83,82.96,97460.7,0.902,9,6284,0.095,0.052,100.0,0.063,0.82,56600.6
187,城市_187,2030,1,中等城市,160.77,665.8,0,0,0,141.83,8821.79,21.3,59334.0,0.945,7,5379,0.098,0.07,100.0,0.056,1.46,31141.4
188,城市_188,2030,0,小城市,83.87,317.5,0,0,0,74.76,8913.36,23.55,30948.8,0.895,3,3331,0.09,0.091,100.0,0.056,1.71,19862.4
189,城市_189,2030,0,小城市,39.65,93.5,1,0,0,37.24,9391.93,39.81,14023.7,0.904,0,1201,0.066,0.054,100.0,0.063,0.87,8264.5
190,城市_190,2030,1,中等城市,119.21,72.3,1,0,0,77.93,6537.26,107.74,51160.9,0.895,6,3234,0.105,0.03,100.0,0.055,0.87,29457.7
191,城市_191,2030,3,特大城市,414.32,220.0,1,0,1,459.04,11079.23,208.67,177482.5,0.925,13,14321,0.115,0.061,100.0,0.059,1.36,108237.3
192,城市_192,2030,2,大城市,201.88,51.6,0,0,0,221.98,10995.43,430.07,76948.8,0.908,10,5396,0.091,0.042,100.0,0.059,0.72,43763.1
193,城市_193,2030,0,小城市,50.85,642.4,1,0,0,28.05,5515.65,4.37,21957.2,0.896,1,2263,0.123,0.046,100.0,0.055,0.5,12425.2
194,城市_194,2030,2,大城市,194.51,381.3,1,0,1,178.88,9196.41,46.91,78991.8,0.866,7,3993,0.096,0.094,100.0,0.058,0.5,50974.2
195,城市_195,2030,2,大城市,238.95,102.0,0,0,1,229.14,9589.43,224.72,87234.3,0.91,10,9032,0.093,0.031,100.0,0.064,0.66,57073.9
196,城市_196,2030,0,小城市,84.07,50.0,0,0,1,62.9,7481.38,125.8,32130.6,0.896,2,3614,0.112,0.058,100.0,0.06,1.93,18707.6
197,城市_197,2030,2,大城市,202.45,438.4,1,0,0,161.66,7985.22,36.88,82671.4,0.903,9,7248,0.074,0.037,100.0,0.059,0.93,52250.0
198,城市_198,2030,2,大城市,178.27,135.4,0,0,0,167.17,9377.47,123.45,65592.1,0.88,7,9103,0.122,0.048,100.0,0.06,0.5,40055.9
199,城市_199,2030,0,小城市,67.52,399.5,1,0,0,47.31,7006.64,11.84,22985.9,0.93,2,1646,0.094,0.066,100.0,0.062,0.8,12816.6
0,城市_000,2031,2,大城市,274.24,197.6,0,0,0,246.33,8982.33,124.66,107908.7,0.905,7,9426,0.089,0.03,100.0,0.059,0.98,65279.1
1,城市_001,2031,1,中等城市,189.73,232.4,0,0,0,154.48,8142.32,66.46,78575.3,0.903,9,7222,0.132,0.044,100.0,0.055,1.79,48809.7
2,城市_002,2031,3,特大城市,302.04,353.0,0,0,0,320.45,10609.34,90.78,125493.7,0.909,10,9553,0.142,0.049,100.0,0.065,0.86,75966.4
3,城市_003,2031,3,特大城市,1079.38,344.8,1,0,0,964.46,8935.39,279.7,436361.2,0.929,52,44128,0.124,0.069,100.0,0.047,2.14,276319.3
4,城市_004,2031,1,中等城市,137.26,50.0,1,0,0,87.45,6371.1,174.9,50647.0,0.868,5,5548,0.092,0.079,100.0,0.053,1.48,29947.5
5,城市_005,2031,1,中等城市,172.93,70.1,1,0,0,119.31,6899.42,170.23,65085.9,0.921,5,11241,0.136,0.069,100.0,0.062,1.61,34649.8
6,城市_006,2031,3,特大城市,866.13,224.1,1,0,1,1002.2,11570.92,447.24,423696.0,0.903,28,28419,0.136,0.08,100.0,0.054,1.49,256590.9
7,城市_007,2031,3,特大城市,433.2,223.9,0,0,0,347.89,8030.65,155.4,186055.3,0.907,12,15079,0.111,0.064,100.0,0.053,1.88,112641.4
8,城市_008,2031,1,中等城市,133.99,224.1,1,0,0,117.2,8746.8,52.3,59741.7,0.929,4,5295,0.132,0.044,100.0,0.059,1.25,36402.8
9,城市_009,2031,3,特大城市,368.44,3236.3,1,0,0,322.03,8740.49,9.95,158860.6,0.944,18,18101,0.135,0.041,100.0,0.059,1.04,100592.0
10,城市_010,2031,1,中等城市,108.98,234.3,1,0,0,99.5,9130.11,42.46,41128.9,0.868,3,2889,0.096,0.03,100.0,0.06,0.75,22268.3
11,城市_011,2031,1,中等城市,105.56,368.1,0,0,1,82.0,7768.41,22.27,36843.7,0.903,3,4005,0.107,0.039,100.0,0.061,0.5,21842.6
12,城市_012,2031,2,大城市,233.0,318.4,0,0,0,307.52,13198.39,96.59,93291.6,0.911,5,4039,0.117,0.054,100.0,0.055,2.18,53392.7
13,城市_013,2031,0,小城市,23.65,249.9,0,0,0,21.71,9178.12,8.69,8270.8,0.87,0,802,0.101,0.03,100.0,0.062,1.54,4662.7
14,城市_014,2031,0,小城市,33.74,115.3,1,0,0,23.04,6828.21,19.98,11979.0,0.917,1,1712,0.073,0.054,100.0,0.06,0.5,7161.4
15,城市_015,2031,1,中等城市,96.22,272.4,0,0,0,71.63,7444.07,26.3,35669.6,0.905,4,2846,0.083,0.048,100.0,0.057,1.53,22152.8
16,城市_016,2031,0,小城市,75.27,80.0,0,0,0,93.56,12429.14,116.98,23784.5,0.906,2,2920,0.075,0.044,100.0,0.058,0.82,14485.4
17,城市_017,2031,2,大城市,237.56,122.8,0,0,0,176.52,7430.5,143.75,103631.0,0.887,7,7457,0.115,0.079,100.0,0.057,1.78,60041.1
18,城市_018,2031,0,小城市,61.58,100.7,0,0,0,46.49,7549.29,46.18,22607.8,0.91,1,1750,0.078,0.03,100.0,0.052,0.84,13466.0
19,城市_019,2031,0,小城市,52.23,158.5,0,0,0,39.22,7510.29,24.75,17051.6,0.918,1,2571,0.105,0.044,100.0,0.056,0.89,10706.6
20,城市_020,2031,3,特大城市,815.04,945.5,0,0,0,807.12,9902.8,85.36,355300.8,0.921,64,21912,0.155,0.03,100.0,0.053,1.97,220462.0
21,城市_021,2031,1,中等城市,147.7,50.0,0,0,1,94.7,6411.81,189.41,53117.9,0.893,5,5932,0.132,0.058,100.0,0.052,0.87,30989.9
22,城市_022,2031,2,大城市,222.02,257.0,0,0,1,207.51,9346.57,80.75,91276.0,0.896,10,8959,0.068,0.07,100.0,0.055,2.0,53074.7
23,城市_023,2031,0,小城市,48.75,50.0,1,0,0,31.32,6425.83,62.65,19059.6,0.906,1,1388,0.076,0.03,100.0,0.071,1.52,10454.3
24,城市_024,2031,1,中等城市,98.59,101.7,0,0,0,97.66,9905.76,95.99,40371.5,0.903,3,3800,0.087,0.03,100.0,0.053,1.19,23702.8
25,城市_025,2031,2,大城市,196.4,354.7,1,0,0,135.26,6886.87,38.14,75739.4,0.923,8,5457,0.081,0.03,100.0,0.056,1.78,41499.6
26,城市_026,2031,0,小城市,51.74,156.2,0,0,0,39.03,7544.85,24.98,18290.5,0.892,1,2225,0.068,0.052,100.0,0.055,0.5,12108.6
27,城市_027,2031,2,大城市,229.17,62.7,0,0,1,143.05,6242.21,228.28,85811.9,0.881,7,5682,0.105,0.048,100.0,0.057,0.7,49285.8
28,城市_028,2031,1,中等城市,107.71,83.7,1,0,0,62.83,5833.28,75.02,38536.4,0.91,3,3578,0.117,0.047,100.0,0.055,1.38,24404.0
29,城市_029,2031,1,中等城市,143.79,255.6,0,0,0,105.22,7317.78,41.16,55224.9,0.894,3,4903,0.122,0.046,100.0,0.057,1.56,36147.1
30,城市_030,2031,1,中等城市,109.71,82.7,0,0,0,79.77,7270.96,96.41,40937.3,0.918,3,5635,0.093,0.033,100.0,0.055,1.29,24827.9
31,城市_031,2031,3,特大城市,1349.46,176.5,0,0,0,1753.43,12993.61,993.6,543393.7,0.931,84,51773,0.125,0.103,100.0,0.053,1.9,324405.8
32,城市_032,2031,1,中等城市,197.86,153.9,1,0,0,168.62,8522.23,109.55,70558.3,0.918,3,9693,0.112,0.06,100.0,0.059,0.74,39535.9
33,城市_033,2031,0,小城市,70.31,88.1,0,0,0,65.85,9366.03,74.72,25863.0,0.881,1,3054,0.099,0.03,100.0,0.054,1.3,15126.3
34,城市_034,2031,3,特大城市,334.94,824.8,1,0,0,286.25,8546.27,34.71,129794.9,0.91,10,14525,0.124,0.044,100.0,0.061,2.67,84122.5
35,城市_035,2031,0,小城市,52.66,246.4,0,0,0,43.2,8204.32,17.53,17579.6,0.887,1,1753,0.11,0.034,100.0,0.055,1.68,10733.0
36,城市_036,2031,2,大城市,252.2,50.0,0,0,0,198.81,7882.93,397.62,106613.6,0.881,12,12602,0.098,0.084,100.0,0.05,2.13,64058.8
37,城市_037,2031,0,小城市,22.91,172.3,0,0,0,13.99,6109.38,8.12,9261.0,0.883,0,757,0.063,0.065,100.0,0.06,1.2,5921.2
38,城市_038,2031,0,小城市,49.38,87.4,0,0,0,27.97,5663.61,32.0,19443.9,0.89,1,1081,0.131,0.049,100.0,0.069,1.23,12072.5
39,城市_039,2031,2,大城市,237.6,293.5,0,0,0,218.28,9187.09,74.37,88456.4,0.93,11,8195,0.092,0.09,100.0,0.049,0.81,52681.4
40,城市_040,2031,3,特大城市,405.03,78.7,0,0,0,388.59,9594.15,493.59,163392.8,0.898,16,17071,0.116,0.088,100.0,0.05,2.03,99095.7
41,城市_041,2031,2,大城市,227.9,135.4,0,0,0,222.76,9774.55,164.52,101453.8,0.88,14,5177,0.067,0.051,100.0,0.062,1.27,58534.6
42,城市_042,2031,1,中等城市,175.31,222.3,1,0,0,153.34,8746.62,68.98,61994.2,0.907,5,4945,0.104,0.046,100.0,0.055,1.59,36153.1
43,城市_043,2031,1,中等城市,139.24,296.7,0,0,0,156.1,11210.6,52.62,56919.9,0.904,7,3541,0.105,0.046,100.0,0.062,1.21,33799.7
44,城市_044,2031,0,小城市,35.89,56.8,0,0,0,26.55,7396.76,46.72,11468.4,0.891,0,1671,0.104,0.032,100.0,0.055,1.19,7072.9
45,城市_045,2031,0,小城市,94.87,113.6,1,0,1,87.58,9231.02,77.11,40890.5,0.899,2,5764,0.162,0.087,100.0,0.06,1.09,23004.1
46,城市_046,2031,1,中等城市,120.04,101.5,0,0,0,93.17,7761.56,91.8,44205.5,0.922,3,4146,0.09,0.033,100.0,0.068,1.28,26624.4
47,城市_047,2031,3,特大城市,453.72,88.0,0,0,0,369.46,8142.94,419.84,220899.7,0.924,15,19577,0.127,0.078,100.0,0.05,2.12,129956.2
48,城市_048,2031,2,大城市,301.64,609.3,1,0,0,300.69,9968.55,49.35,138238.3,0.919,15,12914,0.117,0.071,100.0,0.062,0.78,79206.7
49,城市_049,2031,0,小城市,33.52,205.2,1,0,0,23.66,7059.05,11.53,11885.7,0.877,0,1965,0.087,0.045,100.0,0.063,0.5,6994.3
50,城市_050,2031,2,大城市,219.65,54.1,0,0,0,215.66,9818.14,398.44,81460.0,0.963,12,6643,0.121,0.091,100.0,0.051,1.51,43202.9
51,城市_051,2031,1,中等城市,114.92,309.3,1,0,0,98.29,8553.09,31.78,44393.0,0.924,2,3957,0.099,0.03,100.0,0.062,1.88,25626.8
52,城市_052,2031,1,中等城市,88.23,810.6,0,0,0,61.85,7010.69,7.63,32639.4,0.912,3,2930,0.12,0.05,100.0,0.06,1.97,18507.0
53,城市_053,2031,3,特大城市,320.03,339.0,0,0,0,338.6,10580.03,99.88,124058.5,0.884,13,12042,0.147,0.048,100.0,0.058,0.82,73393.3
54,城市_054,2031,3,特大城市,534.0,50.0,0,0,0,444.59,8325.8,889.19,192055.4,0.931,27,41641,0.115,0.081,100.0,0.057,1.53,102097.9
55,城市_055,2031,3,特大城市,421.28,100.7,1,0,0,428.54,10172.16,425.36,164077.3,0.9,15,15642,0.104,0.067,100.0,0.054,0.84,99386.0
56,城市_056,2031,0,小城市,89.98,408.9,0,0,0,86.29,9589.22,21.1,30931.5,0.898,3,2561,0.123,0.03,100.0,0.06,0.85,19402.8
57,城市_057,2031,1,中等城市,151.54,84.3,0,0,0,119.36,7876.41,141.66,61070.3,0.87,5,3942,0.131,0.078,100.0,0.06,1.77,36427.3
58,城市_058,2031,2,大城市,274.7,211.7,0,0,0,289.67,10544.84,136.84,118128.9,0.881,7,14715,0.089,0.066,100.0,0.061,1.37,72645.0
59,城市_059,2031,3,特大城市,491.84,275.8,0,0,0,491.2,9987.07,178.09,213435.2,0.92,17,13982,0.102,0.04,100.0,0.048,1.48,124778.1
60,城市_060,2031,1,中等城市,126.38,70.7,0,0,0,117.63,9307.65,166.38,49633.8,0.923,3,5673,0.116,0.046,100.0,0.065,1.45,27465.4
61,城市_061,2031,1,中等城市,148.77,141.5,0,0,0,109.28,7346.08,77.23,53532.2,0.917,4,4463,0.101,0.03,100.0,0.053,0.81,32122.0
62,城市_062,2031,0,小城市,56.43,50.0,0,0,0,43.97,7790.91,87.94,21056.3,0.914,2,1419,0.082,0.048,100.0,0.063,1.87,13063.5
63,城市_063,2031,0,小城市,63.38,65.4,0,0,0,39.18,6180.79,59.91,24931.6,0.9,1,2796,0.112,0.054,100.0,0.06,1.09,13968.4
64,城市_064,2031,3,特大城市,430.33,121.3,0,0,0,516.29,11997.72,425.77,166817.8,0.902,15,13101,0.123,0.053,100.0,0.05,1.39,97762.4
65,城市_065,2031,3,特大城市,665.17,54.7,0,0,0,477.14,7173.14,872.36,278828.8,0.921,29,27801,0.108,0.056,100.0,0.057,2.2,165230.2
66,城市_066,2031,1,中等城市,164.13,547.8,0,0,0,130.92,7976.45,23.9,62809.1,0.92,5,7013,0.105,0.03,100.0,0.054,1.69,43058.3
67,城市_067,2031,3,特大城市,464.82,50.0,0,0,0,378.12,8134.63,756.23,216535.5,0.911,19,20144,0.099,0.067,100.0,0.061,2.43,131372.3
68,城市_068,2031,2,大城市,328.79,104.4,1,0,0,328.52,9991.9,314.76,141080.5,0.932,10,11160,0.086,0.03,100.0,0.053,1.34,76583.1
69,城市_069,2031,1,中等城市,96.85,164.8,0,0,0,103.03,10638.62,62.53,38342.9,0.898,2,4377,0.092,0.053,100.0,0.052,1.68,20529.3
70,城市_070,2031,2,大城市,269.41,470.1,0,0,1,262.99,9761.93,55.94,93198.2,0.887,13,7514,0.108,0.03,100.0,0.065,1.42,57961.4
71,城市_071,2031,3,特大城市,928.31,50.0,0,0,0,1453.05,15652.56,2906.1,397380.0,0.921,54,16355,0.092,0.072,100.0,0.052,1.96,268053.1
72,城市_072,2031,1,中等城市,156.05,376.4,0,0,1,106.21,6806.39,28.22,59518.1,0.906,5,7096,0.095,0.053,100.0,0.063,0.82,35209.2
73,城市_073,2031,3,特大城市,992.37,149.6,0,0,0,825.16,8315.08,551.46,414899.4,0.921,55,38366,0.124,0.081,100.0,0.047,1.81,244697.4
74,城市_074,2031,0,小城市,23.38,67.7,0,0,0,14.1,6031.42,20.84,7247.4,0.926,0,716,0.124,0.068,100.0,0.05,0.66,4442.1
75,城市_075,2031,3,特大城市,510.47,214.8,0,0,0,490.97,9617.93,228.58,191734.0,0.928,22,12078,0.105,0.083,100.0,0.064,2.25,110448.6
76,城市_076,2031,2,大城市,194.63,174.0,0,0,1,142.82,7337.9,82.06,75584.2,0.876,8,3886,0.08,0.03,100.0,0.058,1.62,39581.6
77,城市_077,2031,1,中等城市,152.96,91.8,0,0,0,114.13,7461.56,124.3,64511.4,0.934,6,5715,0.099,0.052,100.0,0.061,0.59,40714.3
78,城市_078,2031,2,大城市,154.0,156.9,0,0,0,141.27,9173.16,90.02,56690.7,0.849,3,9290,0.092,0.094,100.0,0.062,0.5,32971.6
79,城市_079,2031,0,小城市,22.26,109.0,0,0,0,12.68,5697.61,11.63,7553.2,0.944,0,785,0.112,0.053,100.0,0.058,0.5,4769.8
80,城市_080,2031,1,中等城市,143.52,162.5,0,0,0,100.47,7000.88,61.82,63642.7,0.898,3,4737,0.097,0.037,100.0,0.06,0.81,36732.7
81,城市_081,2031,2,大城市,211.39,252.1,0,0,0,171.89,8131.43,68.19,80938.8,0.901,9,7720,0.051,0.053,100.0,0.066,1.14,48859.0
82,城市_082,2031,3,特大城市,862.93,527.9,0,0,0,821.45,9519.34,155.62,359270.2,0.918,58,61038,0.193,0.062,100.0,0.052,2.76,224775.6
83,城市_083,2031,1,中等城市,113.67,55.1,0,0,0,107.17,9428.46,194.38,42808.1,0.91,3,5239,0.105,0.03,100.0,0.064,0.88,27059.5
84,城市_084,2031,0,小城市,73.84,817.6,0,1,0,50.02,6774.34,6.12,24666.4,0.902,2,2052,0.103,0.069,100.0,0.049,1.94,14972.3
85,城市_085,2031,1,中等城市,111.54,50.0,1,0,1,80.97,7259.13,161.93,44337.9,0.9,1,4137,0.072,0.064,100.0,0.065,0.5,26846.5
86,城市_086,2031,3,特大城市,502.63,131.4,0,0,1,517.18,10289.4,393.46,195322.5,0.938,31,20430,0.082,0.035,100.0,0.048,1.51,120824.8
87,城市_087,2031,2,大城市,203.86,237.6,0,0,0,197.72,9699.0,83.21,79591.1,0.916,9,5462,0.103,0.053,100.0,0.063,1.67,48863.0
88,城市_088,2031,1,中等城市,94.62,185.8,1,0,0,93.23,9853.56,50.17,36926.8,0.883,4,4371,0.109,0.041,100.0,0.061,1.55,20725.7
89,城市_089,2031,3,特大城市,297.35,90.2,1,0,1,285.15,9589.66,316.19,138528.6,0.922,19,8558,0.121,0.03,100.0,0.057,1.24,77830.6
90,城市_090,2031,2,大城市,203.87,125.7,0,0,0,178.8,8770.33,142.3,71804.2,0.915,5,4766,0.109,0.03,100.0,0.058,1.78,38539.4
91,城市_091,2031,3,特大城市,483.07,100.0,0,0,0,494.54,10237.62,494.33,211533.8,0.9,29,18181,0.087,0.036,100.0,0.054,2.07,131784.5
92,城市_092,2031,1,中等城市,100.61,92.6,1,0,1,77.35,7688.11,83.51,40745.8,0.918,4,3611,0.052,0.051,100.0,0.055,0.8,23963.8
93,城市_093,2031,1,中等城市,139.98,292.9,1,0,0,111.18,7942.73,37.97,51088.3,0.9,3,5148,0.101,0.044,100.0,0.058,1.35,31910.1
94,城市_094,2031,1,中等城市,134.37,197.5,0,0,0,84.88,6316.6,42.98,54033.8,0.899,4,3929,0.092,0.034,100.0,0.07,1.54,33074.7
95,城市_095,2031,0,小城市,36.72,85.3,0,0,0,30.32,8256.47,35.56,15045.3,0.896,0,1119,0.076,0.043,100.0,0.066,0.74,8574.7
96,城市_096,2031,2,大城市,252.03,304.8,0,0,1,228.64,9071.81,75.01,93771.8,0.857,12,13007,0.122,0.071,100.0,0.053,2.19,55924.8
97,城市_097,2031,2,大城市,231.76,189.8,0,0,1,226.92,9790.93,119.57,93069.0,0.895,4,9732,0.074,0.062,100.0,0.059,0.9,54571.5
98,城市_098,2031,2,大城市,216.91,284.4,0,0,1,123.06,5673.32,43.27,87960.1,0.919,14,5988,0.117,0.075,100.0,0.059,1.37,51168.5
99,城市_099,2031,1,中等城市,148.72,245.6,0,0,0,122.98,8269.55,50.07,59793.5,0.903,5,3047,0.075,0.049,100.0,0.058,0.58,37517.9
100,城市_100,2031,0,小城市,41.68,76.5,0,0,1,26.82,6433.52,35.07,16024.9,0.875,1,1165,0.104,0.083,100.0,0.055,1.11,10821.9
101,城市_101,2031,1,中等城市,132.79,94.8,1,0,0,136.93,10311.85,144.43,51547.6,0.922,4,5120,0.122,0.06,100.0,0.061,0.65,32654.7
102,城市_102,2031,1,中等城市,139.17,269.8,0,0,0,126.23,9070.35,46.78,55677.8,0.897,5,4235,0.096,0.043,100.0,0.063,1.04,33361.7
103,城市_103,2031,0,小城市,75.69,241.8,0,0,0,60.94,8051.72,25.2,26207.0,0.877,1,2250,0.136,0.054,100.0,0.055,0.5,16714.5
104,城市_104,2031,1,中等城市,151.24,146.0,1,0,0,118.26,7819.15,81.03,59085.7,0.948,4,4662,0.142,0.03,100.0,0.068,1.61,38487.7
105,城市_105,2031,2,大城市,266.69,163.0,1,0,0,250.21,9382.06,153.48,101829.6,0.885,13,9599,0.111,0.05,100.0,0.065,1.54,56844.2
106,城市_106,2031,3,特大城市,1387.97,412.5,0,0,0,1263.01,9099.7,306.22,541866.0,0.949,92,64612,0.142,0.09,100.0,0.05,3.44,345030.8
107,城市_107,2031,2,大城市,224.6,92.5,0,0,0,192.18,8556.9,207.86,84801.6,0.89,5,8261,0.126,0.067,100.0,0.052,1.13,52839.0
108,城市_108,2031,2,大城市,258.13,229.9,0,0,0,208.52,8077.95,90.7,104453.0,0.909,10,9674,0.117,0.048,100.0,0.06,1.92,66394.9
109,城市_109,2031,1,中等城市,162.4,126.2,0,0,0,191.73,11805.87,151.87,65069.2,0.886,4,5584,0.112,0.108,100.0,0.06,1.24,40629.1
110,城市_110,2031,0,小城市,28.08,124.7,0,0,0,24.6,8759.25,19.73,8992.7,0.876,0,889,0.09,0.047,100.0,0.062,1.09,5334.2
111,城市_111,2031,1,中等城市,206.64,357.5,0,0,0,208.73,10101.21,58.39,75079.3,0.915,4,9941,0.071,0.03,100.0,0.066,2.34,49626.4
112,城市_112,2031,2,大城市,188.49,287.2,0,0,0,128.6,6822.83,44.77,77867.0,0.912,8,8664,0.076,0.079,100.0,0.057,1.01,47513.5
113,城市_113,2031,3,特大城市,2194.0,284.5,0,0,0,2737.21,12475.87,962.04,1007105.7,0.973,209,149079,0.198,0.112,100.0,0.05,4.61,591141.0
114,城市_114,2031,1,中等城市,131.3,421.7,0,0,0,111.05,8457.79,26.33,53964.2,0.902,8,5801,0.109,0.058,100.0,0.061,1.42,33197.7
115,城市_115,2031,2,大城市,229.64,150.9,0,0,0,240.18,10459.18,159.14,100865.1,0.95,5,7274,0.1,0.046,100.0,0.056,1.03,63461.5
116,城市_116,2031,1,中等城市,171.91,256.1,0,0,0,152.5,8871.02,59.55,69644.1,0.909,7,4821,0.129,0.062,100.0,0.07,0.58,41984.5
117,城市_117,2031,0,小城市,51.12,115.8,0,1,0,38.14,7461.18,32.94,18060.0,0.912,1,2502,0.086,0.084,100.0,0.064,0.55,11049.0
118,城市_118,2031,3,特大城市,666.67,192.4,0,0,1,670.12,10051.69,348.38,279396.5,0.888,28,19205,0.127,0.069,100.0,0.052,2.48,168378.6
119,城市_119,2031,3,特大城市,357.46,133.7,1,0,0,248.31,6946.6,185.67,164315.0,0.896,11,16765,0.11,0.03,100.0,0.057,2.36,95335.2
120,城市_120,2031,3,特大城市,442.92,160.4,0,0,0,367.47,8296.66,229.12,224806.2,0.92,14,12972,0.119,0.03,100.0,0.059,1.65,129341.2
121,城市_121,2031,0,小城市,75.84,238.9,0,1,0,62.36,8223.14,26.1,29314.3,0.9,1,3097,0.095,0.059,100.0,0.059,1.18,16354.9
122,城市_122,2031,3,特大城市,752.91,77.1,1,0,1,877.74,11657.96,1138.08,328329.9,0.921,41,20154,0.098,0.047,100.0,0.054,2.42,211950.3
123,城市_123,2031,0,小城市,53.26,791.5,0,0,0,36.78,6905.54,4.65,20654.5,0.885,2,2475,0.085,0.049,100.0,0.055,1.11,12254.3
124,城市_124,2031,3,特大城市,259.34,66.4,0,0,1,227.2,8760.46,342.34,102924.1,0.908,14,6589,0.09,0.04,100.0,0.049,1.9,51171.1
125,城市_125,2031,3,特大城市,1615.02,56.2,0,0,0,1349.24,8354.28,2401.42,769388.1,0.939,63,64483,0.137,0.069,100.0,0.046,3.35,470785.5
126,城市_126,2031,0,小城市,60.96,374.8,0,0,1,57.69,9464.72,15.39,24345.3,0.878,1,2113,0.07,0.036,100.0,0.06,1.15,14881.7
127,城市_127,2031,1,中等城市,84.6,279.6,1,0,0,78.61,9292.15,28.12,32597.0,0.915,3,3208,0.077,0.038,100.0,0.062,0.77,17732.9
128,城市_128,2031,2,大城市,179.09,244.5,0,0,1,167.62,9359.73,68.55,67887.7,0.87,5,5850,0.107,0.07,100.0,0.055,0.77,39037.4
129,城市_129,2031,1,中等城市,111.74,245.3,0,0,0,96.08,8597.85,39.16,37577.1,0.906,3,3624,0.1,0.064,100.0,0.052,0.5,21558.4
130,城市_130,2031,0,小城市,36.19,147.0,0,0,0,32.93,9100.81,22.41,13773.1,0.936,0,1394,0.105,0.03,100.0,0.055,1.67,7957.1
131,城市_131,2031,2,大城市,217.6,72.4,0,0,0,166.97,7673.08,230.62,86908.2,0.919,11,5926,0.104,0.034,100.0,0.063,1.22,55306.9
132,城市_132,2031,0,小城市,62.33,157.7,0,0,0,41.42,6645.72,26.27,21673.0,0.915,0,1694,0.152,0.059,100.0,0.056,0.88,12907.0
133,城市_133,2031,2,大城市,286.1,86.3,0,0,0,298.68,10439.67,345.94,104042.1,0.889,7,9451,0.109,0.078,100.0,0.055,0.5,61091.7
134,城市_134,2031,0,小城市,71.08,323.8,0,0,1,63.73,8966.48,19.68,27825.2,0.937,2,2320,0.094,0.072,100.0,0.058,0.78,17632.1
135,城市_135,2031,3,特大城市,860.18,131.9,1,0,1,716.37,8328.15,542.95,318276.8,0.947,82,23404,0.122,0.05,100.0,0.049,1.79,195695.8
136,城市_136,2031,0,小城市,80.59,76.7,0,0,0,58.22,7224.28,75.93,30840.2,0.885,2,3911,0.122,0.072,100.0,0.056,0.71,16893.4
137,城市_137,2031,1,中等城市,121.95,114.8,0,0,0,128.22,10514.62,111.73,49762.9,0.893,3,4057,0.102,0.03,100.0,0.055,1.33,28937.2
138,城市_138,2031,3,特大城市,462.9,206.5,0,0,0,460.42,9946.43,222.95,197236.4,0.936,28,15909,0.124,0.056,100.0,0.063,1.69,120246.9
139,城市_139,2031,0,小城市,50.37,94.5,0,0,0,42.27,8392.15,44.72,17817.7,0.937,1,1244,0.109,0.061,100.0,0.063,0.5,10191.4
140,城市_140,2031,2,大城市,222.26,76.9,0,0,0,162.07,7291.97,210.82,79053.1,0.88,7,15222,0.099,0.03,100.0,0.064,0.65,52245.1
141,城市_141,2031,3,特大城市,714.21,180.4,0,0,0,770.31,10785.42,427.1,311915.0,0.896,31,54419,0.118,0.108,100.0,0.061,1.33,188205.3
142,城市_142,2031,0,小城市,38.27,180.5,0,0,0,22.43,5860.66,12.42,15164.7,0.898,0,1114,0.133,0.077,100.0,0.048,1.96,8756.1
143,城市_143,2031,2,大城市,201.48,98.9,0,0,0,128.61,6383.04,129.99,75277.4,0.861,8,10707,0.109,0.068,100.0,0.06,2.02,42630.5
144,城市_144,2031,2,大城市,259.52,101.8,0,0,0,255.11,9830.23,250.56,107056.1,0.906,10,9287,0.086,0.037,100.0,0.055,0.93,67212.6
145,城市_145,2031,3,特大城市,427.3,178.7,1,0,0,491.45,11501.39,275.03,196941.4,0.933,17,25432,0.103,0.058,100.0,0.062,0.59,114337.1
146,城市_146,2031,0,小城市,54.6,50.0,0,0,0,39.52,7238.22,79.04,20556.8,0.872,1,2221,0.059,0.067,100.0,0.056,1.14,12568.4
147,城市_147,2031,0,小城市,47.03,50.0,0,0,0,32.09,6822.55,64.17,16569.7,0.904,0,1782,0.104,0.03,100.0,0.054,1.09,9369.4
148,城市_148,2031,3,特大城市,297.62,83.5,0,0,1,343.87,11554.08,411.66,129012.1,0.895,14,5173,0.133,0.053,100.0,0.05,1.56,77678.9
149,城市_149,2031,2,大城市,242.99,125.1,1,0,0,206.63,8503.77,165.15,90441.5,0.938,12,6867,0.079,0.074,100.0,0.056,1.7,52539.6
150,城市_150,2031,2,大城市,207.4,190.3,0,0,0,176.94,8531.02,92.97,73227.7,0.893,7,7677,0.108,0.03,100.0,0.063,1.51,43243.7
151,城市_151,2031,2,大城市,259.83,483.1,0,0,0,295.34,11366.33,61.13,109843.5,0.936,9,10145,0.126,0.063,100.0,0.059,0.8,63282.1
152,城市_152,2031,1,中等城市,102.88,294.8,1,0,0,78.26,7606.68,26.55,37667.8,0.89,2,2628,0.124,0.03,100.0,0.053,1.29,23759.7
153,城市_153,2031,2,大城市,255.75,130.6,1,0,1,204.07,7979.22,156.27,98701.9,0.921,13,7560,0.131,0.037,100.0,0.068,1.78,57767.3
154,城市_154,2031,2,大城市,237.4,146.2,1,0,0,234.36,9871.77,160.33,89042.3,0.91,9,10310,0.068,0.045,100.0,0.061,0.96,53042.2
155,城市_155,2031,0,小城市,101.25,66.6,0,0,0,72.87,7196.96,109.5,36845.0,0.9,3,2459,0.112,0.063,100.0,0.063,1.29,22001.9
156,城市_156,2031,3,特大城市,1461.54,146.2,0,0,0,1503.73,10288.71,1028.33,706185.2,0.917,100,55967,0.103,0.069,100.0,0.053,2.72,457868.0
157,城市_157,2031,2,大城市,286.43,117.8,0,0,1,209.25,7305.52,177.62,130244.1,0.913,10,15276,0.087,0.059,100.0,0.049,2.39,81625.2
158,城市_158,2031,0,小城市,60.39,192.1,1,0,1,47.17,7811.01,24.55,25675.0,0.893,1,2494,0.118,0.038,100.0,0.055,0.5,16014.0
159,城市_159,2031,3,特大城市,278.0,76.6,0,0,0,249.31,8968.05,325.59,120569.2,0.893,8,11309,0.109,0.046,100.0,0.062,1.96,66634.2
160,城市_160,2031,0,小城市,60.74,224.9,0,0,0,53.39,8789.13,23.74,23226.2,0.931,2,1218,0.116,0.076,100.0,0.055,0.5,13478.4
161,城市_161,2031,3,特大城市,409.42,505.8,0,0,0,429.95,10501.62,85.0,147956.3,0.92,14,11770,0.091,0.036,100.0,0.055,2.46,94049.7
162,城市_162,2031,3,特大城市,527.06,136.0,1,0,1,542.49,10292.67,398.75,213088.4,0.925,22,35909,0.141,0.077,100.0,0.055,1.15,120367.7
163,城市_163,2031,0,小城市,100.98,204.7,0,0,0,85.76,8493.45,41.9,45340.6,0.894,2,3103,0.116,0.052,100.0,0.053,1.23,27318.6
164,城市_164,2031,3,特大城市,515.68,257.8,0,0,1,482.22,9351.06,187.06,204168.6,0.908,17,27722,0.13,0.05,100.0,0.054,0.89,115976.4
165,城市_165,2031,2,大城市,309.29,107.7,0,0,0,304.13,9833.23,282.48,139512.0,0.902,10,9472,0.085,0.033,100.0,0.062,0.75,79668.7
166,城市_166,2031,3,特大城市,418.53,177.6,0,0,0,327.84,7832.94,184.64,170549.6,0.916,31,14165,0.133,0.037,100.0,0.06,2.02,110929.5
167,城市_167,2031,3,特大城市,1103.12,149.9,0,0,0,792.35,7182.84,528.53,379163.6,0.938,77,47369,0.119,0.06,100.0,0.056,3.02,235679.8
168,城市_168,2031,1,中等城市,136.5,160.5,0,0,0,134.15,9827.58,83.6,55115.5,0.903,3,5175,0.091,0.05,100.0,0.064,1.31,34694.9
169,城市_169,2031,0,小城市,89.25,80.0,0,0,0,78.07,8746.85,97.63,37091.7,0.886,3,3681,0.115,0.064,100.0,0.061,1.49,23127.1
170,城市_170,2031,0,小城市,70.76,151.4,0,0,0,53.6,7574.89,35.41,26163.8,0.917,1,2036,0.113,0.046,100.0,0.061,1.62,15588.9
171,城市_171,2031,0,小城市,87.72,221.1,0,0,0,81.33,9271.88,36.79,36326.4,0.903,4,2294,0.085,0.047,100.0,0.06,0.78,21042.1
172,城市_172,2031,1,中等城市,184.41,473.9,0,0,0,140.68,7628.31,29.69,62843.2,0.875,13,5200,0.145,0.053,100.0,0.055,0.55,36947.8
173,城市_173,2031,2,大城市,259.7,319.7,0,0,0,205.95,7930.25,64.42,92081.7,0.863,14,8143,0.142,0.065,100.0,0.052,1.35,54719.1
174,城市_174,2031,2,大城市,199.51,830.9,0,0,0,150.85,7560.93,18.15,79286.1,0.91,7,6851,0.117,0.067,100.0,0.055,0.98,51796.7
175,城市_175,2031,3,特大城市,506.95,80.3,0,0,1,520.97,10276.69,648.55,215728.2,0.895,29,25457,0.12,0.034,100.0,0.054,1.89,120788.2
176,城市_176,2031,2,大城市,182.7,298.2,0,0,1,122.55,6707.3,41.09,79266.7,0.913,6,6899,0.111,0.049,100.0,0.055,1.52,46243.4
177,城市_177,2031,3,特大城市,1053.35,171.9,0,0,1,954.73,9063.78,555.53,470998.3,0.908,34,44814,0.093,0.099,100.0,0.052,2.1,269698.8
178,城市_178,2031,1,中等城市,151.91,855.6,0,0,1,132.42,8716.99,15.48,53251.3,0.906,4,5831,0.106,0.03,100.0,0.06,1.56,33638.8
179,城市_179,2031,3,特大城市,2197.69,77.7,1,0,0,2010.82,9149.71,2586.62,985345.5,0.942,113,57855,0.152,0.101,100.0,0.042,4.33,646006.0
180,城市_180,2031,3,特大城市,362.01,75.8,0,0,0,299.0,8259.33,394.41,152987.3,0.943,12,13386,0.097,0.055,100.0,0.058,1.86,93209.6
181,城市_181,2031,0,小城市,62.85,91.9,1,0,0,34.4,5474.26,37.45,19962.3,0.92,3,2404,0.095,0.04,100.0,0.065,0.88,12211.5
182,城市_182,2031,0,小城市,70.6,50.0,0,0,0,59.68,8453.05,119.36,26113.0,0.929,2,3262,0.054,0.083,100.0,0.059,1.49,15739.4
183,城市_183,2031,2,大城市,392.96,97.5,0,0,0,325.93,8294.4,334.44,154712.4,0.909,19,10491,0.087,0.06,100.0,0.061,1.8,94858.0
184,城市_184,2031,1,中等城市,117.53,80.9,1,0,0,81.04,6894.69,100.22,42466.0,0.919,4,2344,0.121,0.083,100.0,0.062,1.48,26464.6
185,城市_185,2031,3,特大城市,365.33,167.4,0,0,0,274.59,7516.23,164.04,153202.3,0.91,9,14169,0.143,0.058,100.0,0.062,2.34,93877.7
186,城市_186,2031,2,大城市,292.86,195.1,0,0,0,245.46,8381.57,125.83,106456.7,0.936,15,11980,0.088,0.066,100.0,0.065,1.56,65467.2
187,城市_187,2031,1,中等城市,188.48,665.8,0,0,0,126.87,6731.45,19.06,75967.9,0.903,9,6570,0.108,0.043,100.0,0.061,0.95,47348.0
188,城市_188,2031,0,小城市,99.07,317.5,0,0,0,105.93,10692.8,33.37,39111.5,0.874,1,3675,0.124,0.041,100.0,0.06,0.58,21380.3
189,城市_189,2031,0,小城市,42.27,93.5,1,0,0,21.66,5122.46,23.15,16678.7,0.861,1,2024,0.091,0.059,100.0,0.06,1.62,10008.2
190,城市_190,2031,1,中等城市,148.4,72.3,1,0,0,115.49,7782.17,159.66,52250.5,0.937,3,4757,0.117,0.062,100.0,0.056,1.38,31828.7
191,城市_191,2031,3,特大城市,442.57,220.0,1,0,1,418.6,9458.54,190.29,159625.5,0.92,11,14975,0.109,0.072,100.0,0.053,2.44,97768.1
192,城市_192,2031,2,大城市,239.97,51.6,0,0,0,186.8,7784.56,361.92,96820.9,0.916,14,9039,0.129,0.063,100.0,0.062,0.5,57596.2
193,城市_193,2031,0,小城市,55.01,642.4,1,0,0,42.73,7768.02,6.65,19706.1,0.931,1,1403,0.076,0.03,100.0,0.055,1.53,11918.7
194,城市_194,2031,2,大城市,250.09,381.3,1,0,1,194.8,7789.09,51.09,124731.1,0.873,8,8790,0.084,0.04,100.0,0.066,1.21,72144.8
195,城市_195,2031,2,大城市,259.18,102.0,0,0,1,287.36,11087.49,281.81,106494.1,0.899,13,9353,0.111,0.073,100.0,0.057,1.18,58226.2
196,城市_196,2031,0,小城市,83.25,50.0,0,0,1,55.25,6636.84,110.51,31300.7,0.897,2,5004,0.104,0.03,100.0,0.074,0.73,19703.6
197,城市_197,2031,2,大城市,188.3,438.4,1,0,0,112.9,5995.64,25.75,72393.4,0.919,6,6334,0.103,0.06,100.0,0.055,1.71,40972.4
198,城市_198,2031,2,大城市,189.68,135.4,0,0,0,133.27,7026.47,98.42,67098.4,0.89,6,7409,0.116,0.052,100.0,0.06,1.57,39936.1
199,城市_199,2031,0,小城市,54.93,399.5,1,0,0,43.79,7972.69,10.96,21060.8,0.877,1,2661,0.083,0.068,100.0,0.058,0.5,12163.1
0,城市_000,2032,2,大城市,372.27,197.6,0,0,0,360.19,9675.64,182.29,137065.6,0.897,15,8937,0.106,0.088,100.0,0.065,0.77,81435.4
1,城市_001,2032,1,中等城市,162.39,232.4,0,0,0,100.63,6197.07,43.29,61954.3,0.911,8,4761,0.09,0.03,100.0,0.059,1.55,37753.2
2,城市_002,2032,3,特大城市,346.8,353.0,0,0,0,337.04,9718.55,95.48,143878.7,0.903,18,17277,0.113,0.09,100.0,0.058,1.36,83721.2
3,城市_003,2032,3,特大城市,942.3,344.8,1,0,0,1116.75,11851.32,323.86,399545.6,0.891,44,38807,0.105,0.039,100.0,0.064,1.56,271187.1
4,城市_004,2032,1,中等城市,191.43,50.0,1,0,0,125.33,6547.2,250.67,78904.7,0.91,6,8650,0.135,0.03,100.0,0.055,1.61,45954.4
5,城市_005,2032,1,中等城市,156.2,70.1,1,0,0,138.23,8849.74,197.23,64294.4,0.899,6,10953,0.117,0.034,100.0,0.062,1.4,41117.7
6,城市_006,2032,3,特大城市,873.37,224.1,1,0,1,1065.85,12203.82,475.64,329718.1,0.918,39,31559,0.129,0.088,100.0,0.05,1.83,190499.0
7,城市_007,2032,3,特大城市,439.98,223.9,0,0,0,526.61,11968.74,235.24,198262.2,0.897,19,16290,0.096,0.047,100.0,0.058,0.85,128454.9
8,城市_008,2032,1,中等城市,97.68,224.1,1,0,0,72.27,7398.27,32.25,35412.4,0.889,4,3319,0.15,0.059,100.0,0.06,0.68,23385.3
9,城市_009,2032,3,特大城市,325.59,3236.3,1,0,0,330.18,10140.77,10.2,124373.6,0.909,10,10486,0.097,0.057,100.0,0.062,0.92,76064.4
10,城市_010,2032,1,中等城市,149.39,234.3,1,0,0,154.24,10325.05,65.82,54869.5,0.898,4,4058,0.088,0.052,100.0,0.065,1.54,33393.6
11,城市_011,2032,1,中等城市,120.36,368.1,0,0,1,104.18,8656.15,28.3,48944.2,0.937,3,4540,0.116,0.078,100.0,0.056,0.5,27962.0
12,城市_012,2032,2,大城市,242.81,318.4,0,0,0,257.78,10616.51,80.97,93835.4,0.92,24,9936,0.108,0.07,100.0,0.065,1.24,53273.2
13,城市_013,2032,0,小城市,27.85,249.9,0,0,0,19.44,6982.38,7.78,9356.4,0.911,0,1158,0.084,0.03,100.0,0.067,0.91,5697.5
14,城市_014,2032,0,小城市,32.01,115.3,1,0,0,24.18,7554.38,20.97,11039.9,0.897,1,1200,0.144,0.045,100.0,0.059,1.55,7106.9
15,城市_015,2032,1,中等城市,111.31,272.4,0,0,0,81.99,7365.81,30.1,36611.1,0.861,4,5406,0.122,0.087,100.0,0.059,1.24,21364.6
16,城市_016,2032,0,小城市,74.86,80.0,0,0,0,56.71,7575.7,70.91,26052.2,0.885,2,2778,0.101,0.058,100.0,0.057,1.35,17356.9
17,城市_017,2032,2,大城市,247.84,122.8,0,0,0,232.06,9363.31,188.98,88701.5,0.892,11,8063,0.152,0.03,100.0,0.057,1.01,51597.3
18,城市_018,2032,0,小城市,56.43,100.7,0,0,0,38.35,6795.8,38.1,20268.8,0.896,1,1571,0.117,0.03,100.0,0.054,0.5,12300.7
19,城市_019,2032,0,小城市,48.42,158.5,0,0,0,34.78,7182.58,21.95,18599.7,0.9,0,1119,0.101,0.069,100.0,0.064,0.89,11289.3
20,城市_020,2032,3,特大城市,1044.87,945.5,0,0,0,1189.99,11388.88,125.86,463853.1,0.932,66,59572,0.165,0.083,100.0,0.042,2.52,276898.9
21,城市_021,2032,1,中等城市,143.67,50.0,0,0,1,162.22,11291.02,324.43,61096.2,0.908,4,4285,0.116,0.034,100.0,0.055,1.54,32911.6
22,城市_022,2032,2,大城市,169.16,257.0,0,0,1,104.96,6205.07,40.84,71243.8,0.926,7,4713,0.115,0.068,100.0,0.059,0.97,41423.1
23,城市_023,2032,0,小城市,49.02,50.0,1,0,0,49.04,10003.56,98.08,17127.2,0.895,1,1591,0.093,0.083,100.0,0.066,0.62,10378.9
24,城市_024,2032,1,中等城市,133.84,101.7,0,0,0,106.06,7924.17,104.24,51370.2,0.908,5,4529,0.103,0.082,100.0,0.056,0.62,30674.2
25,城市_025,2032,2,大城市,223.78,354.7,1,0,0,224.56,10034.82,63.32,87762.0,0.911,11,13458,0.096,0.086,100.0,0.061,1.17,54332.2
26,城市_026,2032,0,小城市,72.81,156.2,0,0,0,67.1,9216.19,42.95,22786.8,0.906,0,2427,0.13,0.062,100.0,0.059,1.15,14189.5
27,城市_027,2032,2,大城市,300.77,62.7,0,0,1,340.33,11315.34,543.09,108886.3,0.931,10,24380,0.073,0.052,100.0,0.063,2.06,64547.6
28,城市_028,2032,1,中等城市,112.15,83.7,1,0,0,81.37,7254.85,97.16,42035.0,0.918,2,4205,0.129,0.044,100.0,0.061,1.18,24007.3
29,城市_029,2032,1,中等城市,132.27,255.6,0,0,0,105.23,7955.8,41.17,49962.8,0.876,4,9019,0.085,0.052,100.0,0.063,1.45,32298.4
30,城市_030,2032,1,中等城市,106.64,82.7,0,0,0,85.16,7985.94,102.93,42095.5,0.9,3,5129,0.101,0.034,100.0,0.056,0.73,23545.5
31,城市_031,2032,3,特大城市,1195.65,176.5,0,0,0,1167.36,9763.39,661.49,530533.3,0.921,105,49017,0.116,0.064,100.0,0.046,2.32,308845.1
32,城市_032,2032,1,中等城市,184.31,153.9,1,0,0,191.21,10374.48,124.23,62292.3,0.946,7,10885,0.093,0.079,100.0,0.061,1.27,35787.0
33,城市_033,2032,0,小城市,63.44,88.1,0,0,0,47.88,7547.49,54.33,24411.0,0.895,1,3267,0.115,0.03,100.0,0.057,1.0,15193.2
34,城市_034,2032,3,特大城市,439.96,824.8,1,0,0,321.05,7297.25,38.92,181515.0,0.888,26,19579,0.108,0.03,100.0,0.057,1.47,116080.8
35,城市_035,2032,0,小城市,47.62,246.4,0,0,0,32.11,6743.25,13.03,18217.1,0.91,1,3511,0.088,0.067,100.0,0.061,1.11,10835.3
36,城市_036,2032,2,大城市,255.09,50.0,0,0,0,177.14,6944.31,354.28,109954.9,0.915,8,8080,0.108,0.048,100.0,0.064,1.52,66730.9
37,城市_037,2032,0,小城市,23.91,172.3,0,0,0,15.97,6678.95,9.27,8310.8,0.899,0,652,0.087,0.03,100.0,0.064,1.61,5093.4
38,城市_038,2032,0,小城市,48.42,87.4,0,0,0,39.78,8215.95,45.52,19484.9,0.896,2,1454,0.09,0.05,100.0,0.056,0.5,12745.4
39,城市_039,2032,2,大城市,238.25,293.5,0,0,0,188.72,7921.22,64.3,87519.4,0.923,12,14826,0.074,0.05,100.0,0.053,1.82,47855.0
40,城市_040,2032,3,特大城市,353.01,78.7,0,0,0,302.26,8562.28,383.94,131657.2,0.889,18,20068,0.097,0.048,100.0,0.066,0.53,81933.8
41,城市_041,2032,2,大城市,176.87,135.4,0,0,0,143.87,8134.49,106.26,71128.7,0.896,14,5557,0.113,0.067,100.0,0.051,1.35,43480.7
42,城市_042,2032,1,中等城市,160.27,222.3,1,0,0,137.36,8571.02,61.79,60171.7,0.892,4,2909,0.104,0.03,100.0,0.057,2.35,35433.6
43,城市_043,2032,1,中等城市,117.56,296.7,0,0,0,103.28,8785.31,34.81,45708.2,0.924,3,4065,0.138,0.052,100.0,0.062,1.11,27872.3
44,城市_044,2032,0,小城市,46.65,56.8,0,0,0,38.96,8351.77,68.57,19890.0,0.907,1,1266,0.153,0.047,100.0,0.068,1.14,12376.0
45,城市_045,2032,0,小城市,79.94,113.6,1,0,1,87.65,10964.46,77.18,30811.3,0.88,3,2535,0.092,0.052,100.0,0.058,0.93,19025.8
46,城市_046,2032,1,中等城市,141.24,101.5,0,0,0,119.2,8439.38,117.44,55201.0,0.883,3,3786,0.086,0.03,100.0,0.059,1.49,36695.1
47,城市_047,2032,3,特大城市,541.35,88.0,0,0,0,574.38,10610.06,652.7,207527.8,0.947,44,12288,0.132,0.049,100.0,0.052,1.77,125310.4
48,城市_048,2032,2,大城市,267.26,609.3,1,0,0,186.22,6967.82,30.56,92540.7,0.926,7,17297,0.112,0.055,100.0,0.059,0.95,55599.1
49,城市_049,2032,0,小城市,25.52,205.2,1,0,0,16.77,6572.98,8.17,8948.4,0.917,0,764,0.123,0.061,100.0,0.054,0.97,5320.4
50,城市_050,2032,2,大城市,264.74,54.1,0,0,0,224.54,8481.67,414.86,114326.7,0.905,11,14879,0.113,0.092,100.0,0.054,0.73,70492.6
51,城市_051,2032,1,中等城市,126.86,309.3,1,0,0,89.24,7034.58,28.85,47250.4,0.932,3,4367,0.098,0.068,100.0,0.063,1.08,28304.8
52,城市_052,2032,1,中等城市,82.01,810.6,0,0,0,59.31,7232.19,7.32,31670.4,0.879,2,2149,0.098,0.061,100.0,0.057,0.88,19014.8
53,城市_053,2032,3,特大城市,350.57,339.0,0,0,0,313.56,8944.08,92.5,158015.9,0.921,19,15024,0.115,0.082,100.0,0.062,1.45,94894.1
54,城市_054,2032,3,特大城市,503.57,50.0,0,0,0,440.32,8743.88,880.63,230663.5,0.9,36,16474,0.105,0.053,100.0,0.056,1.19,137466.6
55,城市_055,2032,3,特大城市,465.62,100.7,1,0,0,643.64,13823.05,638.86,196543.1,0.903,11,16097,0.133,0.089,100.0,0.05,1.4,114336.9
56,城市_056,2032,0,小城市,81.57,408.9,0,0,0,69.0,8458.97,16.87,30912.7,0.916,2,3134,0.075,0.074,100.0,0.065,1.09,18935.4
57,城市_057,2032,1,中等城市,130.69,84.3,0,0,0,145.02,11096.39,172.12,44300.8,0.899,4,3768,0.127,0.043,100.0,0.052,1.18,26201.7
58,城市_058,2032,2,大城市,269.85,211.7,0,0,0,298.74,11070.86,141.13,101835.5,0.896,11,6103,0.067,0.093,100.0,0.055,1.43,62976.2
59,城市_059,2032,3,特大城市,494.22,275.8,0,0,0,422.7,8552.78,153.26,197691.1,0.899,21,17903,0.112,0.068,100.0,0.055,1.45,119271.6
60,城市_060,2032,1,中等城市,123.22,70.7,0,0,0,101.24,8216.09,143.19,43925.1,0.862,2,6052,0.096,0.096,100.0,0.064,0.74,25845.7
61,城市_061,2032,1,中等城市,146.88,141.5,0,0,0,114.46,7792.45,80.88,57685.0,0.918,8,4122,0.072,0.059,100.0,0.056,1.2,37319.0
62,城市_062,2032,0,小城市,54.89,50.0,0,0,0,40.31,7342.73,80.61,23443.2,0.881,2,2114,0.06,0.04,100.0,0.055,0.97,13994.0
63,城市_063,2032,0,小城市,52.34,65.4,0,0,0,33.85,6466.68,51.75,21608.2,0.938,1,3024,0.079,0.036,100.0,0.06,1.57,13368.7
64,城市_064,2032,3,特大城市,502.05,121.3,0,0,0,443.02,8824.34,365.35,209592.4,0.903,20,17978,0.11,0.052,100.0,0.055,2.12,121354.1
65,城市_065,2032,3,特大城市,817.14,54.7,0,0,0,854.56,10457.91,1562.41,364850.3,0.941,36,30847,0.103,0.053,100.0,0.052,1.2,196739.6
66,城市_066,2032,1,中等城市,201.85,547.8,0,0,0,182.31,9032.0,33.28,74488.5,0.867,3,7549,0.083,0.079,100.0,0.06,1.53,43426.1
67,城市_067,2032,3,特大城市,596.53,50.0,0,0,0,594.6,9967.64,1189.2,276951.3,0.925,32,17882,0.138,0.06,100.0,0.05,2.06,148411.7
68,城市_068,2032,2,大城市,255.77,104.4,1,0,0,223.12,8723.35,213.77,89350.3,0.924,12,6984,0.08,0.03,100.0,0.05,0.6,52975.3
69,城市_069,2032,1,中等城市,102.23,164.8,0,0,0,93.24,9120.55,56.59,41582.5,0.928,3,2795,0.115,0.056,100.0,0.07,1.4,26781.6
70,城市_070,2032,2,大城市,272.58,470.1,0,0,1,232.35,8524.05,49.42,112619.8,0.874,10,11198,0.087,0.057,100.0,0.059,1.74,64513.3
71,城市_071,2032,3,特大城市,946.73,50.0,0,0,0,1173.33,12393.57,2346.67,376613.7,0.903,54,43719,0.095,0.058,100.0,0.054,1.55,202173.3
72,城市_072,2032,1,中等城市,175.52,376.4,0,0,1,112.68,6419.93,29.94,67050.7,0.915,4,8220,0.091,0.059,100.0,0.055,1.07,43248.2
73,城市_073,2032,3,特大城市,909.79,149.6,0,0,0,1005.79,11055.27,672.17,350428.2,0.919,43,29876,0.129,0.066,100.0,0.058,2.08,205259.6
74,城市_074,2032,0,小城市,25.69,67.7,0,0,0,19.25,7491.72,28.44,8307.3,0.906,0,1311,0.073,0.063,100.0,0.057,1.31,4980.5
75,城市_075,2032,3,特大城市,455.77,214.8,0,0,0,384.56,8437.58,179.04,163503.2,0.901,25,18386,0.114,0.07,100.0,0.043,1.0,101968.5
76,城市_076,2032,2,大城市,221.76,174.0,0,0,1,182.38,8224.47,104.8,92673.4,0.935,12,8332,0.085,0.061,100.0,0.056,1.82,57058.6
77,城市_077,2032,1,中等城市,141.12,91.8,0,0,0,125.35,8881.94,136.51,59714.6,0.955,4,1906,0.087,0.03,100.0,0.058,0.5,37173.2
78,城市_078,2032,2,大城市,209.34,156.9,0,0,0,207.12,9893.85,131.98,69010.0,0.906,5,6026,0.112,0.096,100.0,0.058,1.89,43270.2
79,城市_079,2032,0,小城市,26.49,109.0,0,0,0,14.23,5372.17,13.05,10843.1,0.91,0,617,0.144,0.03,100.0,0.059,1.3,5937.9
80,城市_080,2032,1,中等城市,183.12,162.5,0,0,0,171.17,9347.49,105.32,71214.6,0.904,12,8130,0.085,0.051,100.0,0.055,0.89,39707.1
81,城市_081,2032,2,大城市,219.09,252.1,0,0,0,177.22,8089.09,70.31,88072.3,0.93,6,8292,0.118,0.032,100.0,0.055,1.67,55937.8
82,城市_082,2032,3,特大城市,735.76,527.9,0,0,0,853.92,11606.01,161.77,272920.1,0.93,49,19623,0.107,0.071,100.0,0.053,1.27,157351.5
83,城市_083,2032,1,中等城市,121.31,55.1,0,0,0,75.09,6190.27,136.21,51417.0,0.881,6,4889,0.093,0.055,100.0,0.051,1.19,29812.6
84,城市_084,2032,0,小城市,86.56,817.6,0,1,0,98.44,11372.95,12.04,32980.8,0.889,2,2077,0.123,0.048,100.0,0.05,1.21,18539.0
85,城市_085,2032,1,中等城市,117.54,50.0,1,0,1,83.67,7118.7,167.34,49019.4,0.882,3,3161,0.085,0.082,100.0,0.06,1.25,28816.2
86,城市_086,2032,3,特大城市,508.42,131.4,0,0,1,594.81,11699.26,452.53,229652.6,0.963,28,15114,0.086,0.081,100.0,0.057,1.13,135384.9
87,城市_087,2032,2,大城市,268.15,237.6,0,0,0,234.71,8753.0,98.78,118383.1,0.918,12,11599,0.114,0.048,100.0,0.062,1.04,67700.5
88,城市_088,2032,1,中等城市,103.74,185.8,1,0,0,73.66,7100.11,39.64,37268.6,0.89,4,5807,0.134,0.068,100.0,0.058,1.18,21183.8
89,城市_089,2032,3,特大城市,338.54,90.2,1,0,1,319.06,9424.56,353.79,133656.4,0.893,27,10446,0.121,0.087,100.0,0.052,1.0,81471.6
90,城市_090,2032,2,大城市,207.92,125.7,0,0,0,209.09,10056.28,166.41,77564.9,0.92,8,11373,0.076,0.076,100.0,0.049,1.36,44659.6
91,城市_091,2032,3,特大城市,470.36,100.0,0,0,0,349.01,7420.08,348.86,206193.4,0.927,15,17551,0.096,0.056,100.0,0.052,1.2,119965.5
92,城市_092,2032,1,中等城市,101.14,92.6,1,0,1,89.97,8895.64,97.14,39252.2,0.918,3,3993,0.121,0.03,100.0,0.061,1.61,20976.8
93,城市_093,2032,1,中等城市,146.4,292.9,1,0,0,121.5,8299.67,41.49,61386.7,0.894,5,5283,0.134,0.059,100.0,0.066,1.94,40401.4
94,城市_094,2032,1,中等城市,130.42,197.5,0,0,0,116.86,8960.38,59.18,54562.6,0.908,6,4522,0.107,0.066,100.0,0.059,0.99,34279.2
95,城市_095,2032,0,小城市,53.22,85.3,0,0,0,39.98,7511.82,46.89,16962.7,0.903,1,2233,0.089,0.036,100.0,0.054,1.52,9925.8
96,城市_096,2032,2,大城市,295.55,304.8,0,0,1,242.3,8198.24,79.49,131285.4,0.887,10,13576,0.138,0.056,100.0,0.053,1.21,75230.1
97,城市_097,2032,2,大城市,274.78,189.8,0,0,1,206.17,7502.97,108.64,117786.3,0.886,7,7752,0.103,0.053,100.0,0.054,0.83,70710.3
98,城市_098,2032,2,大城市,254.92,284.4,0,0,1,248.11,9732.88,87.25,97951.3,0.913,12,8860,0.092,0.082,100.0,0.056,1.06,58722.2
99,城市_099,2032,1,中等城市,146.32,245.6,0,0,0,134.46,9189.67,54.75,57922.3,0.907,13,8881,0.087,0.09,100.0,0.065,1.2,32536.1
100,城市_100,2032,0,小城市,43.27,76.5,0,0,1,35.09,8109.68,45.89,15517.4,0.912,1,1678,0.077,0.074,100.0,0.066,0.5,8123.1
101,城市_101,2032,1,中等城市,136.7,94.8,1,0,0,120.35,8803.87,126.94,55090.7,0.918,5,5480,0.159,0.051,100.0,0.058,1.46,32185.0
102,城市_102,2032,1,中等城市,129.69,269.8,0,0,0,122.73,9462.99,45.48,48169.8,0.932,3,6771,0.131,0.075,100.0,0.06,1.18,26642.6
103,城市_103,2032,0,小城市,84.5,241.8,0,0,0,82.03,9707.49,33.92,32882.4,0.886,1,2674,0.088,0.065,100.0,0.055,1.59,19898.5
104,城市_104,2032,1,中等城市,142.56,146.0,1,0,0,89.22,6258.08,61.13,55102.3,0.915,5,5191,0.137,0.051,100.0,0.05,1.46,33355.8
105,城市_105,2032,2,大城市,302.73,163.0,1,0,0,190.78,6302.07,117.03,116738.5,0.92,12,14229,0.116,0.097,100.0,0.067,1.39,66634.8
106,城市_106,2032,3,特大城市,1042.63,412.5,0,0,0,1370.45,13144.18,332.26,449533.6,0.913,28,55622,0.128,0.054,100.0,0.041,1.95,262510.8
107,城市_107,2032,2,大城市,221.6,92.5,0,0,0,157.19,7093.43,170.01,108142.1,0.906,13,4009,0.09,0.066,100.0,0.049,2.0,70605.0
108,城市_108,2032,2,大城市,243.08,229.9,0,0,0,180.84,7439.66,78.66,90851.7,0.899,10,7169,0.094,0.071,100.0,0.067,2.35,56623.7
109,城市_109,2032,1,中等城市,165.97,126.2,0,0,0,133.87,8066.32,106.04,63016.6,0.945,6,4525,0.102,0.047,100.0,0.059,1.01,36955.0
110,城市_110,2032,0,小城市,22.43,124.7,0,0,0,12.02,5358.03,9.64,7451.6,0.903,0,795,0.061,0.062,100.0,0.054,1.55,4983.3
111,城市_111,2032,1,中等城市,148.67,357.5,0,0,0,116.92,7864.61,32.71,54748.6,0.912,5,4146,0.093,0.072,100.0,0.062,0.81,30883.2
112,城市_112,2032,2,大城市,183.05,287.2,0,0,0,135.07,7378.84,47.02,76060.6,0.898,7,8218,0.103,0.058,100.0,0.063,0.9,43782.0
113,城市_113,2032,3,特大城市,2354.6,284.5,0,0,0,2509.7,10658.71,882.08,1102822.8,0.933,185,91218,0.169,0.102,100.0,0.036,3.36,658037.3
114,城市_114,2032,1,中等城市,160.65,421.7,0,0,0,140.63,8753.85,33.35,62099.2,0.877,7,7716,0.091,0.055,100.0,0.056,1.52,34407.3
115,城市_115,2032,2,大城市,253.98,150.9,0,0,0,212.17,8353.71,140.57,109097.1,0.927,14,12435,0.121,0.071,100.0,0.063,0.74,71317.8
116,城市_116,2032,1,中等城市,163.76,256.1,0,0,0,129.82,7927.73,50.69,67546.7,0.918,10,7385,0.062,0.048,100.0,0.055,1.95,40899.2
117,城市_117,2032,0,小城市,60.89,115.8,0,1,0,48.12,7903.12,41.56,22142.8,0.895,1,2025,0.124,0.045,100.0,0.061,1.53,12760.9
118,城市_118,2032,3,特大城市,476.71,192.4,0,0,1,522.92,10969.37,271.86,172186.6,0.891,18,18094,0.091,0.059,100.0,0.064,1.85,105625.1
119,城市_119,2032,3,特大城市,300.14,133.7,1,0,0,341.51,11378.39,255.36,127980.1,0.909,13,9615,0.108,0.079,100.0,0.046,1.18,77348.8
120,城市_120,2032,3,特大城市,403.44,160.4,0,0,0,360.0,8923.25,224.46,165609.8,0.897,14,9855,0.115,0.03,100.0,0.055,1.85,97852.3
121,城市_121,2032,0,小城市,71.08,238.9,0,1,0,72.19,10156.18,30.22,26438.6,0.897,1,3481,0.105,0.033,100.0,0.061,0.5,14904.6
122,城市_122,2032,3,特大城市,861.81,77.1,1,0,1,979.28,11363.03,1269.73,349229.5,0.89,53,30914,0.113,0.111,100.0,0.045,2.15,194490.7
123,城市_123,2032,0,小城市,47.2,791.5,0,0,0,29.07,6158.18,3.67,18222.7,0.905,1,1106,0.076,0.056,100.0,0.057,1.13,12129.1
124,城市_124,2032,3,特大城市,410.4,66.4,0,0,1,313.74,7644.64,472.74,171040.8,0.912,27,17736,0.09,0.049,100.0,0.062,0.5,95683.3
125,城市_125,2032,3,特大城市,1577.22,56.2,0,0,0,1532.64,9717.35,2727.84,670932.9,0.95,93,54252,0.148,0.094,100.0,0.045,2.91,436736.4
126,城市_126,2032,0,小城市,74.01,374.8,0,0,1,71.29,9632.66,19.02,24963.8,0.898,2,1467,0.089,0.036,100.0,0.052,1.38,14345.7
127,城市_127,2032,1,中等城市,103.71,279.6,1,0,0,77.22,7446.01,27.62,42741.0,0.895,3,2526,0.1,0.03,100.0,0.065,0.5,26657.6
128,城市_128,2032,2,大城市,244.39,244.5,0,0,1,161.2,6595.95,65.92,101301.8,0.873,9,7286,0.075,0.062,100.0,0.06,0.67,62195.5
129,城市_129,2032,1,中等城市,111.07,245.3,0,0,0,86.75,7811.04,35.36,43038.4,0.924,2,4352,0.119,0.037,100.0,0.059,2.15,26682.2
130,城市_130,2032,0,小城市,44.13,147.0,0,0,0,24.12,5466.47,16.41,12934.6,0.919,0,2056,0.074,0.053,100.0,0.059,0.95,8044.8
131,城市_131,2032,2,大城市,177.46,72.4,0,0,0,128.45,7238.56,177.43,68763.6,0.904,7,8184,0.122,0.06,100.0,0.064,1.68,37933.6
132,城市_132,2032,0,小城市,61.95,157.7,0,0,0,43.21,6974.6,27.4,22408.3,0.875,1,2730,0.08,0.054,100.0,0.061,1.63,12990.3
133,城市_133,2032,2,大城市,299.27,86.3,0,0,0,273.74,9146.98,317.05,113629.9,0.881,7,10896,0.126,0.03,100.0,0.061,1.52,63514.4
134,城市_134,2032,0,小城市,87.0,323.8,0,0,1,79.99,9194.33,24.71,34660.3,0.891,2,5365,0.102,0.052,100.0,0.056,1.6,20993.0
135,城市_135,2032,3,特大城市,682.83,131.9,1,0,1,737.23,10796.65,558.76,300599.0,0.932,54,30988,0.101,0.071,100.0,0.045,0.68,168425.5
136,城市_136,2032,0,小城市,82.7,76.7,0,0,0,54.35,6572.46,70.88,32037.7,0.907,1,3251,0.134,0.03,100.0,0.063,0.97,17318.5
137,城市_137,2032,1,中等城市,130.63,114.8,0,0,0,101.54,7773.06,88.48,54328.8,0.872,4,5696,0.101,0.03,100.0,0.065,0.5,32210.2
138,城市_138,2032,3,特大城市,331.72,206.5,0,0,0,303.27,9142.47,146.86,122576.3,0.914,17,10826,0.099,0.035,100.0,0.056,0.5,65422.4
139,城市_139,2032,0,小城市,52.04,94.5,0,0,0,37.44,7193.77,39.6,18345.6,0.884,0,1881,0.119,0.066,100.0,0.064,0.78,11149.7
140,城市_140,2032,2,大城市,196.85,76.9,0,0,0,162.02,8230.56,210.75,77369.1,0.893,6,3877,0.074,0.03,100.0,0.057,0.88,43502.4
141,城市_141,2032,3,特大城市,527.1,180.4,0,0,0,385.72,7317.74,213.86,205826.6,0.929,17,17266,0.059,0.076,100.0,0.056,1.59,118305.6
142,城市_142,2032,0,小城市,36.57,180.5,0,0,0,22.2,6071.78,12.3,13921.2,0.916,0,2281,0.124,0.059,100.0,0.068,1.03,7400.3
143,城市_143,2032,2,大城市,218.63,98.9,0,0,0,178.27,8154.0,180.19,82351.3,0.926,7,8408,0.087,0.049,100.0,0.057,1.3,53487.4
144,城市_144,2032,2,大城市,237.14,101.8,0,0,0,130.23,5491.81,127.91,103750.8,0.904,6,9007,0.122,0.03,100.0,0.057,1.34,57697.1
145,城市_145,2032,3,特大城市,423.76,178.7,1,0,0,432.3,10201.65,241.93,159677.8,0.925,13,21034,0.109,0.042,100.0,0.048,1.63,94063.0
146,城市_146,2032,0,小城市,49.24,50.0,0,0,0,29.82,6055.74,59.64,21289.2,0.889,1,2016,0.078,0.067,100.0,0.063,0.57,11629.2
147,城市_147,2032,0,小城市,61.93,50.0,0,0,0,52.29,8442.84,104.58,26861.9,0.896,3,1799,0.113,0.076,100.0,0.056,0.7,15443.7
148,城市_148,2032,3,特大城市,315.97,83.5,0,0,1,310.88,9838.98,372.17,125447.2,0.899,16,11706,0.098,0.035,100.0,0.058,1.32,81861.2
149,城市_149,2032,2,大城市,294.42,125.1,1,0,0,242.3,8229.75,193.66,128635.9,0.906,16,7704,0.084,0.078,100.0,0.056,1.31,78329.5
150,城市_150,2032,2,大城市,198.11,190.3,0,0,0,197.4,9964.04,103.72,74984.3,0.878,9,7700,0.083,0.067,100.0,0.056,0.67,43362.7
151,城市_151,2032,2,大城市,241.17,483.1,0,0,0,235.89,9780.96,48.82,103219.8,0.9,7,6900,0.07,0.054,100.0,0.058,1.8,61826.1
152,城市_152,2032,1,中等城市,103.35,294.8,1,0,0,79.18,7661.27,26.86,38549.1,0.931,3,5022,0.11,0.037,100.0,0.059,1.47,22481.2
153,城市_153,2032,2,大城市,231.18,130.6,1,0,1,189.05,8177.45,144.77,82150.5,0.882,12,7297,0.085,0.043,100.0,0.064,0.82,49062.5
154,城市_154,2032,2,大城市,222.24,146.2,1,0,0,227.33,10228.81,155.52,65849.3,0.877,11,6383,0.103,0.09,100.0,0.066,1.14,40979.1
155,城市_155,2032,0,小城市,74.07,66.6,0,0,0,59.49,8031.33,89.39,26971.4,0.876,2,2634,0.098,0.055,100.0,0.063,2.09,15914.9
156,城市_156,2032,3,特大城市,1325.25,146.2,0,0,0,1613.61,12175.88,1103.46,582411.2,0.977,93,54401,0.105,0.101,100.0,0.057,2.52,353290.5
157,城市_157,2032,2,大城市,326.32,117.8,0,0,1,205.77,6305.71,174.66,145434.6,0.915,29,8356,0.075,0.061,100.0,0.062,1.55,88292.6
158,城市_158,2032,0,小城市,58.85,192.1,1,0,1,45.25,7689.47,23.55,21706.7,0.896,2,1851,0.152,0.042,100.0,0.062,0.76,12811.7
159,城市_159,2032,3,特大城市,342.3,76.6,0,0,0,244.98,7156.84,319.94,148970.2,0.908,13,12996,0.105,0.068,100.0,0.065,1.21,86093.2
160,城市_160,2032,0,小城市,62.26,224.9,0,0,0,47.26,7590.97,21.02,22143.7,0.906,1,3421,0.138,0.094,100.0,0.053,1.82,12937.3
161,城市_161,2032,3,特大城市,410.95,505.8,0,0,0,422.54,10282.01,83.54,162138.4,0.895,13,7080,0.131,0.045,100.0,0.054,1.5,100684.0
162,城市_162,2032,3,特大城市,513.1,136.0,1,0,1,629.38,12266.08,462.62,228800.7,0.899,49,22701,0.103,0.078,100.0,0.052,1.52,142650.9
163,城市_163,2032,0,小城市,75.81,204.7,0,0,0,51.2,6754.37,25.02,23184.0,0.898,3,2485,0.105,0.055,100.0,0.058,1.09,13119.1
164,城市_164,2032,3,特大城市,571.62,257.8,0,0,1,504.73,8829.75,195.8,235796.7,0.896,28,18128,0.113,0.031,100.0,0.059,2.89,139631.8
165,城市_165,2032,2,大城市,228.3,107.7,0,0,0,195.8,8576.59,181.87,87028.1,0.896,17,6846,0.141,0.03,100.0,0.053,1.27,50251.1
166,城市_166,2032,3,特大城市,463.65,177.6,0,0,0,374.65,8080.47,211.01,210812.7,0.915,26,15292,0.125,0.049,100.0,0.059,1.09,131546.8
167,城市_167,2032,3,特大城市,1493.59,149.9,0,0,0,1822.72,12203.63,1215.83,619028.6,0.907,81,66194,0.111,0.084,100.0,0.046,2.29,362666.5
168,城市_168,2032,1,中等城市,162.05,160.5,0,0,0,134.72,8313.57,83.95,65342.3,0.955,7,5074,0.11,0.07,100.0,0.057,1.57,43519.8
169,城市_169,2032,0,小城市,92.82,80.0,0,0,0,75.03,8083.77,93.83,37597.4,0.917,3,5616,0.118,0.03,100.0,0.06,0.5,22804.2
170,城市_170,2032,0,小城市,73.22,151.4,0,0,0,62.26,8502.81,41.13,24161.2,0.876,2,3247,0.078,0.064,100.0,0.068,1.3,15353.5
171,城市_171,2032,0,小城市,77.14,221.1,0,0,0,59.44,7705.48,26.89,28438.7,0.852,1,3011,0.111,0.049,100.0,0.056,0.72,16197.6
172,城市_172,2032,1,中等城市,133.36,473.9,0,0,0,97.16,7285.61,20.5,49364.7,0.889,3,4667,0.129,0.052,100.0,0.059,0.5,29636.2
173,城市_173,2032,2,大城市,265.9,319.7,0,0,0,232.76,8753.6,72.8,113752.4,0.918,16,13978,0.088,0.067,100.0,0.053,0.8,70354.2
174,城市_174,2032,2,大城市,236.73,830.9,0,0,0,181.81,7680.12,21.88,98522.5,0.914,15,13002,0.09,0.089,100.0,0.055,1.27,56059.4
175,城市_175,2032,3,特大城市,396.39,80.3,0,0,1,370.8,9354.35,461.61,157417.6,0.905,27,10292,0.13,0.063,100.0,0.052,2.13,94546.6
176,城市_176,2032,2,大城市,190.24,298.2,0,0,1,188.67,9917.51,63.26,68232.4,0.891,13,5669,0.096,0.03,100.0,0.06,1.66,43092.5
177,城市_177,2032,3,特大城市,811.19,171.9,0,0,1,673.41,8301.52,391.84,369630.9,0.897,51,36100,0.095,0.061,100.0,0.056,1.73,218147.5
178,城市_178,2032,1,中等城市,134.02,855.6,0,0,1,87.76,6548.1,10.26,51084.6,0.894,5,6529,0.12,0.069,100.0,0.062,1.63,29345.4
179,城市_179,2032,3,特大城市,2768.11,77.7,1,0,0,3129.43,11305.27,4025.54,1084391.1,0.93,152,93058,0.162,0.118,100.0,0.036,3.82,709288.0
180,城市_180,2032,3,特大城市,383.35,75.8,0,0,0,313.38,8174.83,413.38,136979.3,0.899,14,11286,0.109,0.07,100.0,0.06,0.68,77372.4
181,城市_181,2032,0,小城市,88.72,91.9,1,0,0,70.43,7938.44,76.65,34493.4,0.928,1,3341,0.124,0.041,100.0,0.06,1.11,20857.4
182,城市_182,2032,0,小城市,63.73,50.0,0,0,0,51.07,8014.61,102.15,21248.2,0.886,1,3651,0.125,0.03,100.0,0.059,0.5,12297.4
183,城市_183,2032,2,大城市,323.79,97.5,0,0,0,211.66,6536.85,217.18,150491.0,0.918,7,12059,0.104,0.068,100.0,0.051,1.75,86065.0
184,城市_184,2032,1,中等城市,135.41,80.9,1,0,0,123.88,9148.27,153.21,48173.3,0.918,6,3409,0.142,0.03,100.0,0.06,1.55,29975.8
185,城市_185,2032,3,特大城市,415.62,167.4,0,0,0,322.53,7760.32,192.68,168552.4,0.886,21,15800,0.139,0.071,100.0,0.058,1.01,100092.2
186,城市_186,2032,2,大城市,294.95,195.1,0,0,0,262.53,8900.78,134.57,119091.7,0.888,6,13722,0.066,0.069,100.0,0.058,1.39,72905.1
187,城市_187,2032,1,中等城市,155.08,665.8,0,0,0,117.49,7576.22,17.65,56477.3,0.924,5,5534,0.082,0.043,100.0,0.061,1.24,30065.4
188,城市_188,2032,0,小城市,80.49,317.5,0,0,0,57.96,7201.12,18.26,25138.7,0.883,4,4319,0.056,0.049,100.0,0.063,1.52,15462.6
189,城市_189,2032,0,小城市,39.98,93.5,1,0,0,37.54,9390.94,40.13,14644.9,0.9,0,1907,0.094,0.055,100.0,0.054,0.5,8470.4
190,城市_190,2032,1,中等城市,157.8,72.3,1,0,0,138.71,8789.75,191.76,57408.3,0.944,4,5698,0.079,0.041,100.0,0.058,1.47,31209.1
191,城市_191,2032,3,特大城市,466.45,220.0,1,0,1,499.95,10718.23,227.27,192049.2,0.928,12,17383,0.092,0.031,100.0,0.059,0.85,126088.4
192,城市_192,2032,2,大城市,280.38,51.6,0,0,0,254.81,9088.1,493.68,110409.7,0.907,6,5936,0.127,0.054,100.0,0.057,1.69,68236.6
193,城市_193,2032,0,小城市,61.82,642.4,1,0,0,51.67,8357.12,8.04,23279.1,0.918,2,3269,0.066,0.052,100.0,0.064,1.6,14126.2
194,城市_194,2032,2,大城市,224.81,381.3,1,0,1,207.9,9247.94,54.53,100182.8,0.903,7,7491,0.107,0.081,100.0,0.059,0.91,63864.8
195,城市_195,2032,2,大城市,262.6,102.0,0,0,1,240.77,9168.84,236.13,99633.4,0.925,9,8568,0.107,0.039,100.0,0.048,1.89,60520.0
196,城市_196,2032,0,小城市,63.26,50.0,0,0,1,57.01,9011.79,114.02,22492.0,0.86,1,1973,0.099,0.073,100.0,0.064,0.5,12956.3
197,城市_197,2032,2,大城市,198.04,438.4,1,0,0,173.85,8778.77,39.66,67737.4,0.901,7,8355,0.106,0.031,100.0,0.058,1.76,40286.9
198,城市_198,2032,2,大城市,215.63,135.4,0,0,0,262.77,12186.31,194.04,83316.7,0.862,5,5654,0.059,0.03,100.0,0.05,1.95,48294.5
199,城市_199,2032,0,小城市,57.92,399.5,1,0,0,50.6,8736.78,12.67,21995.4,0.904,1,1586,0.085,0.045,100.0,0.058,1.24,12867.1
0,城市_000,2033,2,大城市,268.5,197.6,0,0,0,262.51,9776.86,132.85,116863.0,0.902,6,14447,0.117,0.059,100.0,0.06,2.45,70575.1
1,城市_001,2033,1,中等城市,147.67,232.4,0,0,0,106.45,7209.14,45.8,55282.3,0.905,5,5286,0.114,0.097,100.0,0.051,0.5,32986.4
2,城市_002,2033,3,特大城市,411.02,353.0,0,0,0,522.85,12720.77,148.12,198199.8,0.918,14,10501,0.135,0.052,100.0,0.055,2.33,115261.0
3,城市_003,2033,3,特大城市,918.48,344.8,1,0,0,783.71,8532.66,227.28,389699.5,0.888,75,24293,0.125,0.034,100.0,0.053,2.34,245277.8
4,城市_004,2033,1,中等城市,142.45,50.0,1,0,0,137.22,9632.83,274.45,62766.3,0.894,5,5643,0.129,0.06,100.0,0.065,1.25,36863.1
5,城市_005,2033,1,中等城市,133.17,70.1,1,0,0,137.74,10343.23,196.52,56150.2,0.841,5,12059,0.107,0.049,100.0,0.062,1.0,33543.8
6,城市_006,2033,3,特大城市,884.37,224.1,1,0,1,898.07,10154.93,400.77,354695.0,0.893,44,24276,0.147,0.078,100.0,0.058,3.3,197758.9
7,城市_007,2033,3,特大城市,333.11,223.9,0,0,0,268.36,8056.21,119.88,120395.8,0.921,15,11149,0.13,0.074,100.0,0.059,1.68,73227.3
8,城市_008,2033,1,中等城市,122.01,224.1,1,0,0,89.01,7295.61,39.72,46965.4,0.922,3,9234,0.121,0.052,100.0,0.055,1.15,27318.9
9,城市_009,2033,3,特大城市,372.39,3236.3,1,0,0,327.44,8793.02,10.12,143359.2,0.884,11,11846,0.123,0.066,100.0,0.054,1.15,83964.7
10,城市_010,2033,1,中等城市,162.75,234.3,1,0,0,160.88,9884.59,68.65,71468.7,0.897,5,6864,0.149,0.056,100.0,0.054,0.86,41081.1
11,城市_011,2033,1,中等城市,104.62,368.1,0,0,1,70.21,6711.28,19.07,38827.2,0.902,3,6756,0.123,0.088,100.0,0.062,1.14,23151.9
12,城市_012,2033,2,大城市,274.26,318.4,0,0,0,184.52,6727.87,57.96,106354.6,0.927,6,7584,0.088,0.048,100.0,0.054,0.84,57410.8
13,城市_013,2033,0,小城市,25.89,249.9,0,0,0,19.04,7356.79,7.62,8172.3,0.931,0,867,0.105,0.037,100.0,0.058,1.37,5070.6
14,城市_014,2033,0,小城市,29.6,115.3,1,0,0,22.82,7707.89,19.79,10879.2,0.904,1,941,0.095,0.068,100.0,0.06,0.71,6514.9
15,城市_015,2033,1,中等城市,94.68,272.4,0,0,0,101.16,10684.36,37.14,32462.3,0.897,3,2208,0.143,0.033,100.0,0.067,1.61,19022.3
16,城市_016,2033,0,小城市,70.99,80.0,0,0,0,44.56,6276.85,55.71,27305.2,0.872,3,4181,0.126,0.059,100.0,0.063,1.57,15114.9
17,城市_017,2033,2,大城市,233.34,122.8,0,0,0,199.4,8545.22,162.38,96309.4,0.907,7,7201,0.145,0.051,100.0,0.054,1.23,59036.9
18,城市_018,2033,0,小城市,71.65,100.7,0,0,0,65.94,9202.18,65.51,25065.2,0.943,1,2026,0.086,0.049,100.0,0.06,1.37,14562.1
19,城市_019,2033,0,小城市,44.21,158.5,0,0,0,33.13,7493.48,20.91,17302.9,0.927,1,1423,0.123,0.1,100.0,0.068,1.36,11059.7
20,城市_020,2033,3,特大城市,756.29,945.5,0,0,0,722.03,9546.95,76.36,309169.0,0.918,47,36763,0.087,0.089,100.0,0.057,1.12,190012.1
21,城市_021,2033,1,中等城市,138.06,50.0,0,0,1,128.46,9304.95,256.93,47105.5,0.909,4,5253,0.071,0.073,100.0,0.051,2.02,30432.0
22,城市_022,2033,2,大城市,150.15,257.0,0,0,1,114.41,7619.53,44.52,65486.8,0.889,3,4355,0.095,0.063,100.0,0.054,1.04,39561.2
23,城市_023,2033,0,小城市,46.7,50.0,1,0,0,39.27,8408.25,78.53,15769.9,0.894,1,1942,0.131,0.037,100.0,0.055,1.4,9971.8
24,城市_024,2033,1,中等城市,112.36,101.7,0,0,0,75.35,6706.08,74.06,44449.3,0.905,7,5274,0.082,0.057,100.0,0.066,1.49,27286.7
25,城市_025,2033,2,大城市,193.7,354.7,1,0,0,131.95,6812.02,37.21,78237.0,0.907,4,7075,0.103,0.065,100.0,0.065,0.5,45883.7
26,城市_026,2033,0,小城市,63.58,156.2,0,0,0,46.6,7329.69,29.83,24217.3,0.921,2,2179,0.125,0.055,100.0,0.056,0.74,14666.4
27,城市_027,2033,2,大城市,333.61,62.7,0,0,1,205.4,6156.82,327.77,137859.6,0.925,12,16645,0.123,0.058,100.0,0.054,1.79,79266.5
28,城市_028,2033,1,中等城市,105.61,83.7,1,0,0,86.03,8145.31,102.73,37010.5,0.912,3,3682,0.146,0.044,100.0,0.059,1.15,24503.3
29,城市_029,2033,1,中等城市,169.73,255.6,0,0,0,110.48,6509.36,43.22,75356.6,0.883,6,10115,0.103,0.059,100.0,0.059,1.54,44985.9
30,城市_030,2033,1,中等城市,139.48,82.7,0,0,0,120.39,8631.91,145.51,57819.0,0.883,3,4087,0.094,0.042,100.0,0.054,1.2,34736.8
31,城市_031,2033,3,特大城市,1682.93,176.5,0,0,0,1845.77,10967.57,1045.92,760321.2,0.914,106,48981,0.11,0.096,100.0,0.046,3.5,465088.1
32,城市_032,2033,1,中等城市,162.65,153.9,1,0,0,135.32,8319.38,87.91,56575.5,0.908,3,4562,0.096,0.03,100.0,0.052,1.24,32100.4
33,城市_033,2033,0,小城市,57.29,88.1,0,0,0,46.21,8067.16,52.44,19457.3,0.861,1,1961,0.079,0.078,100.0,0.066,1.78,12445.7
34,城市_034,2033,3,特大城市,412.9,824.8,1,0,0,393.49,9529.91,47.71,176442.8,0.908,36,15201,0.072,0.031,100.0,0.048,0.97,100438.3
35,城市_035,2033,0,小城市,57.57,246.4,0,0,0,41.65,7234.72,16.9,18017.9,0.929,1,1422,0.14,0.03,100.0,0.051,1.0,10134.3
36,城市_036,2033,2,大城市,289.15,50.0,0,0,0,339.17,11729.64,678.34,118324.8,0.919,11,10950,0.106,0.064,100.0,0.06,1.03,70403.7
37,城市_037,2033,0,小城市,29.3,172.3,0,0,0,21.93,7485.26,12.73,9354.6,0.894,0,1276,0.152,0.061,100.0,0.054,1.23,5253.7
38,城市_038,2033,0,小城市,43.6,87.4,0,0,0,35.97,8250.48,41.15,14736.2,0.887,1,1033,0.084,0.092,100.0,0.057,0.91,9532.3
39,城市_039,2033,2,大城市,216.18,293.5,0,0,0,219.7,10163.09,74.85,75796.4,0.92,9,6801,0.095,0.06,100.0,0.059,1.13,44953.3
40,城市_040,2033,3,特大城市,399.63,78.7,0,0,0,406.94,10182.76,516.9,164974.3,0.914,23,17430,0.092,0.057,100.0,0.06,1.1,83042.3
41,城市_041,2033,2,大城市,188.22,135.4,0,0,0,218.79,11624.31,161.59,80224.2,0.899,5,4993,0.091,0.057,100.0,0.057,0.98,48615.7
42,城市_042,2033,1,中等城市,171.32,222.3,1,0,0,148.4,8662.29,66.76,68345.3,0.891,7,5732,0.121,0.085,100.0,0.068,1.19,42142.1
43,城市_043,2033,1,中等城市,121.99,296.7,0,0,0,99.46,8153.11,33.53,48270.8,0.904,1,6220,0.114,0.101,100.0,0.059,0.5,28352.2
44,城市_044,2033,0,小城市,35.4,56.8,0,0,0,23.1,6526.14,40.67,12866.3,0.895,1,2231,0.118,0.047,100.0,0.066,0.5,7196.4
45,城市_045,2033,0,小城市,82.79,113.6,1,0,1,62.5,7549.36,55.04,32713.6,0.917,1,3475,0.128,0.062,100.0,0.061,1.12,19526.8
46,城市_046,2033,1,中等城市,127.62,101.5,0,0,0,93.77,7347.5,92.39,50649.2,0.927,3,4462,0.125,0.051,100.0,0.07,0.5,29657.6
47,城市_047,2033,3,特大城市,581.7,88.0,0,0,0,616.29,10594.63,700.33,193074.6,0.884,35,18411,0.091,0.059,100.0,0.061,1.56,110194.0
48,城市_048,2033,2,大城市,274.06,609.3,1,0,0,211.86,7730.35,34.77,117045.8,0.881,7,13250,0.095,0.093,100.0,0.058,1.12,66492.0
49,城市_049,2033,0,小城市,37.34,205.2,1,0,0,27.31,7313.8,13.31,14314.8,0.928,1,1930,0.103,0.032,100.0,0.063,1.31,8656.0
50,城市_050,2033,2,大城市,297.05,54.1,0,0,0,288.72,9719.63,533.44,115081.0,0.909,11,7724,0.18,0.03,100.0,0.056,1.0,72166.2
51,城市_051,2033,1,中等城市,134.07,309.3,1,0,0,113.0,8428.52,36.54,43876.7,0.88,7,6481,0.118,0.059,100.0,0.058,1.94,26933.6
52,城市_052,2033,1,中等城市,98.39,810.6,0,0,0,68.68,6980.54,8.47,37858.0,0.922,2,3017,0.104,0.076,100.0,0.053,1.53,20752.3
53,城市_053,2033,3,特大城市,359.82,339.0,0,0,0,364.18,10120.99,107.43,148717.9,0.914,9,10228,0.12,0.061,100.0,0.053,0.65,91976.7
54,城市_054,2033,3,特大城市,528.27,50.0,0,0,0,494.31,9357.11,988.61,209321.5,0.954,25,18558,0.098,0.07,100.0,0.066,1.45,130443.7
55,城市_055,2033,3,特大城市,368.19,100.7,1,0,0,218.59,5937.02,216.97,150654.4,0.902,19,18237,0.112,0.072,100.0,0.051,2.18,96691.7
56,城市_056,2033,0,小城市,95.79,408.9,0,0,0,65.81,6870.75,16.09,39331.2,0.924,3,3866,0.121,0.054,100.0,0.056,0.76,22477.9
57,城市_057,2033,1,中等城市,148.23,84.3,0,0,0,152.27,10272.64,180.73,69169.2,0.874,3,5935,0.102,0.064,100.0,0.058,1.14,41384.1
58,城市_058,2033,2,大城市,228.78,211.7,0,0,0,248.73,10872.38,117.51,91118.5,0.932,5,9354,0.089,0.065,100.0,0.058,1.96,56222.4
59,城市_059,2033,3,特大城市,610.14,275.8,0,0,0,635.02,10407.76,230.24,259075.4,0.93,27,25826,0.11,0.03,100.0,0.057,1.42,151344.9
60,城市_060,2033,1,中等城市,110.26,70.7,0,0,0,100.18,9086.04,141.7,39178.0,0.934,4,3919,0.096,0.054,100.0,0.057,1.69,24155.5
61,城市_061,2033,1,中等城市,157.28,141.5,0,0,0,117.22,7452.97,82.84,58372.8,0.925,6,6993,0.076,0.03,100.0,0.061,0.72,34981.6
62,城市_062,2033,0,小城市,72.31,50.0,0,0,0,53.81,7441.47,107.61,26578.3,0.899,3,2182,0.09,0.051,100.0,0.065,0.5,15272.0
63,城市_063,2033,0,小城市,59.7,65.4,0,0,0,54.52,9132.57,83.36,24142.2,0.878,1,2669,0.073,0.041,100.0,0.066,1.68,13934.0
64,城市_064,2033,3,特大城市,512.37,121.3,0,0,0,516.03,10071.49,425.56,224201.9,0.898,14,24375,0.085,0.08,100.0,0.055,1.79,142923.9
65,城市_065,2033,3,特大城市,712.46,54.7,0,0,0,702.98,9866.94,1285.27,346378.6,0.878,52,32326,0.091,0.068,100.0,0.058,2.05,197473.0
66,城市_066,2033,1,中等城市,221.23,547.8,0,0,0,186.56,8432.85,34.06,77166.7,0.886,9,10195,0.123,0.064,100.0,0.053,0.7,43596.1
67,城市_067,2033,3,特大城市,474.12,50.0,0,0,0,530.04,11179.45,1060.07,174104.7,0.917,24,20052,0.139,0.055,100.0,0.053,1.03,106261.5
68,城市_068,2033,2,大城市,325.68,104.4,1,0,0,347.67,10675.03,333.1,142510.7,0.905,17,17036,0.075,0.077,100.0,0.052,1.94,85375.7
69,城市_069,2033,1,中等城市,75.22,164.8,0,0,0,64.42,8563.99,39.09,31447.7,0.897,3,1399,0.133,0.03,100.0,0.059,1.21,17631.2
70,城市_070,2033,2,大城市,239.33,470.1,0,0,1,211.32,8829.69,44.95,94671.9,0.889,9,11374,0.082,0.037,100.0,0.054,1.21,55327.9
71,城市_071,2033,3,特大城市,928.33,50.0,0,0,0,883.36,9515.58,1766.73,274195.1,0.882,72,61771,0.132,0.093,100.0,0.045,2.15,157798.3
72,城市_072,2033,1,中等城市,176.0,376.4,0,0,1,165.45,9400.64,43.96,64427.4,0.907,7,5372,0.108,0.045,100.0,0.057,1.95,37416.2
73,城市_073,2033,3,特大城市,909.18,149.6,0,0,0,772.01,8491.21,515.93,393878.2,0.925,41,26838,0.13,0.03,100.0,0.045,2.38,266162.8
74,城市_074,2033,0,小城市,26.12,67.7,0,0,0,15.93,6098.56,23.54,8584.5,0.881,0,1413,0.077,0.08,100.0,0.066,0.79,5072.7
75,城市_075,2033,3,特大城市,374.9,214.8,0,0,0,275.99,7361.72,128.49,153520.2,0.896,19,10444,0.071,0.079,100.0,0.054,0.72,88053.4
76,城市_076,2033,2,大城市,181.54,174.0,0,0,1,185.7,10229.47,106.71,82224.8,0.934,5,5467,0.087,0.068,100.0,0.064,1.5,54322.1
77,城市_077,2033,1,中等城市,146.64,91.8,0,0,0,109.45,7464.15,119.21,63275.2,0.926,6,5676,0.111,0.055,100.0,0.056,0.7,39651.3
78,城市_078,2033,2,大城市,193.25,156.9,0,0,0,175.63,9088.1,111.91,80473.6,0.874,7,5594,0.143,0.087,100.0,0.053,0.63,50034.1
79,城市_079,2033,0,小城市,31.18,109.0,0,0,0,21.73,6968.85,19.92,11051.0,0.899,0,1491,0.08,0.076,100.0,0.066,1.69,6354.4
80,城市_080,2033,1,中等城市,150.4,162.5,0,0,0,193.66,12876.74,119.16,55723.0,0.932,8,4364,0.101,0.084,100.0,0.059,1.61,35425.6
81,城市_081,2033,2,大城市,300.62,252.1,0,0,0,287.43,9561.25,114.03,127455.8,0.901,13,12322,0.091,0.07,100.0,0.067,1.53,79594.7
82,城市_082,2033,3,特大城市,890.38,527.9,0,0,0,673.12,7559.95,127.52,375887.2,0.911,49,35673,0.116,0.069,100.0,0.051,1.38,227191.0
83,城市_083,2033,1,中等城市,105.88,55.1,0,0,0,101.6,9595.65,184.28,40295.4,0.924,3,6416,0.063,0.044,100.0,0.057,2.01,22102.5
84,城市_084,2033,0,小城市,66.29,817.6,0,1,0,47.97,7236.66,5.87,21665.0,0.921,1,3459,0.131,0.03,100.0,0.065,1.59,12986.0
85,城市_085,2033,1,中等城市,135.07,50.0,1,0,1,108.09,8002.01,216.17,48910.1,0.921,5,4239,0.103,0.063,100.0,0.064,1.0,31884.4
86,城市_086,2033,3,特大城市,423.04,131.4,0,0,1,354.35,8376.27,269.59,182366.9,0.903,28,10649,0.126,0.07,100.0,0.058,1.22,110625.8
87,城市_087,2033,2,大城市,253.31,237.6,0,0,0,229.37,9054.95,96.53,91771.0,0.918,8,11982,0.1,0.048,100.0,0.075,1.32,54026.2
88,城市_088,2033,1,中等城市,110.88,185.8,1,0,0,92.1,8306.81,49.57,42997.4,0.932,2,3352,0.106,0.064,100.0,0.058,0.89,25503.8
89,城市_089,2033,3,特大城市,318.68,90.2,1,0,1,260.39,8170.78,288.73,131819.8,0.905,19,10600,0.129,0.049,100.0,0.051,2.46,78462.1
90,城市_090,2033,2,大城市,239.02,125.7,0,0,0,193.6,8099.67,154.08,97911.6,0.896,7,6398,0.107,0.072,100.0,0.053,1.08,56398.2
91,城市_091,2033,3,特大城市,506.14,100.0,0,0,0,484.93,9580.85,484.72,216807.7,0.934,25,22826,0.113,0.042,100.0,0.055,1.03,129816.4
92,城市_092,2033,1,中等城市,93.61,92.6,1,0,1,52.33,5590.23,56.5,37052.7,0.943,2,2836,0.086,0.031,100.0,0.067,1.9,23835.3
93,城市_093,2033,1,中等城市,157.42,292.9,1,0,0,106.23,6747.85,36.27,57858.6,0.945,3,5730,0.092,0.048,100.0,0.058,0.89,37022.8
94,城市_094,2033,1,中等城市,140.0,197.5,0,0,0,148.87,10633.25,75.39,47815.6,0.895,5,5120,0.082,0.069,100.0,0.067,1.55,27607.3
95,城市_095,2033,0,小城市,40.44,85.3,0,0,0,30.98,7659.86,36.33,13612.2,0.895,1,1571,0.086,0.03,100.0,0.062,1.38,8688.4
96,城市_096,2033,2,大城市,222.85,304.8,0,0,1,178.77,8021.83,58.65,92876.1,0.884,8,9998,0.129,0.075,100.0,0.064,1.22,57846.4
97,城市_097,2033,2,大城市,224.32,189.8,0,0,1,151.06,6733.94,79.6,80133.6,0.907,5,7672,0.14,0.03,100.0,0.06,0.77,49602.7
98,城市_098,2033,2,大城市,191.77,284.4,0,0,1,162.52,8475.08,57.15,68845.5,0.882,7,5647,0.079,0.049,100.0,0.06,1.19,42199.4
99,城市_099,2033,1,中等城市,129.42,245.6,0,0,0,123.19,9518.61,50.16,45538.0,0.892,3,2725,0.11,0.03,100.0,0.063,0.56,26051.8
100,城市_100,2033,0,小城市,47.16,76.5,0,0,1,51.91,11005.43,67.88,14800.4,0.915,0,1789,0.095,0.03,100.0,0.057,1.04,8700.2
101,城市_101,2033,1,中等城市,124.0,94.8,1,0,0,134.65,10858.17,142.02,43189.4,0.91,4,4351,0.13,0.06,100.0,0.056,1.53,26992.8
102,城市_102,2033,1,中等城市,98.16,269.8,0,0,0,68.59,6988.23,25.42,40123.1,0.866,3,2917,0.105,0.048,100.0,0.061,1.97,22621.2
103,城市_103,2033,0,小城市,71.86,241.8,0,0,0,51.58,7178.47,21.33,25206.8,0.933,2,2693,0.101,0.03,100.0,0.069,0.54,14337.0
104,城市_104,2033,1,中等城市,112.51,146.0,1,0,0,73.03,6491.31,50.04,37163.2,0.88,6,5350,0.087,0.042,100.0,0.051,1.0,22639.3
105,城市_105,2033,2,大城市,275.22,163.0,1,0,0,215.12,7816.08,131.96,104957.4,0.886,13,14133,0.075,0.064,100.0,0.048,1.05,60488.4
106,城市_106,2033,3,特大城市,1450.68,412.5,0,0,0,1476.24,10176.18,357.91,652394.1,0.902,118,33671,0.142,0.07,100.0,0.048,2.77,407561.6
107,城市_107,2033,2,大城市,179.25,92.5,0,0,0,144.0,8033.52,155.75,60207.0,0.89,4,5917,0.11,0.049,100.0,0.064,0.5,34761.9
108,城市_108,2033,2,大城市,209.63,229.9,0,0,0,246.07,11738.21,107.03,88669.5,0.886,12,10289,0.111,0.046,100.0,0.059,0.77,53851.8
109,城市_109,2033,1,中等城市,174.53,126.2,0,0,0,121.29,6949.49,96.07,60398.0,0.886,9,10363,0.091,0.042,100.0,0.053,0.5,36833.3
110,城市_110,2033,0,小城市,24.59,124.7,0,0,0,16.93,6884.8,13.58,8388.7,0.851,0,707,0.098,0.039,100.0,0.06,0.5,4911.9
111,城市_111,2033,1,中等城市,163.04,357.5,0,0,0,100.58,6168.82,28.14,61072.7,0.906,7,9069,0.119,0.041,100.0,0.05,0.85,36204.5
112,城市_112,2033,2,大城市,218.44,287.2,0,0,0,198.82,9102.01,69.22,82018.6,0.909,9,5359,0.124,0.039,100.0,0.062,2.08,47537.9
113,城市_113,2033,3,特大城市,2116.35,284.5,0,0,0,1889.57,8928.44,664.12,926267.7,0.98,223,109875,0.116,0.069,100.0,0.043,3.55,555243.6
114,城市_114,2033,1,中等城市,130.87,421.7,0,0,0,126.93,9698.78,30.1,53314.9,0.912,4,4424,0.09,0.045,100.0,0.059,1.18,30450.8
115,城市_115,2033,2,大城市,198.37,150.9,0,0,0,162.87,8210.21,107.91,77278.0,0.894,5,11662,0.076,0.041,100.0,0.061,1.9,45848.6
116,城市_116,2033,1,中等城市,244.98,256.1,0,0,0,173.97,7101.18,67.93,92186.6,0.881,8,7841,0.109,0.033,100.0,0.059,1.47,57382.0
117,城市_117,2033,0,小城市,68.84,115.8,0,1,0,38.66,5616.3,33.39,26469.0,0.899,2,2307,0.119,0.067,100.0,0.057,1.32,14978.7
118,城市_118,2033,3,特大城市,568.25,192.4,0,0,1,468.51,8244.81,243.57,238008.1,0.92,15,20084,0.105,0.085,100.0,0.061,1.4,139327.1
119,城市_119,2033,3,特大城市,411.81,133.7,1,0,0,394.42,9577.74,294.92,158230.8,0.898,7,9553,0.094,0.058,100.0,0.061,1.14,97398.6
120,城市_120,2033,3,特大城市,397.84,160.4,0,0,0,390.22,9808.43,243.3,161542.2,0.909,23,8625,0.101,0.059,100.0,0.048,0.79,86856.5
121,城市_121,2033,0,小城市,82.51,238.9,0,1,0,60.05,7277.54,25.13,29061.9,0.939,2,3537,0.148,0.038,100.0,0.058,0.79,19055.0
122,城市_122,2033,3,特大城市,699.87,77.1,1,0,1,784.32,11206.56,1016.95,271839.7,0.905,36,34634,0.137,0.084,100.0,0.049,1.65,171628.1
123,城市_123,2033,0,小城市,44.09,791.5,0,0,0,27.35,6204.44,3.46,17046.9,0.863,0,1946,0.115,0.086,100.0,0.053,1.22,9441.4
124,城市_124,2033,3,特大城市,365.84,66.4,0,0,1,215.3,5884.98,324.41,152795.0,0.924,9,9238,0.113,0.054,100.0,0.06,1.39,82031.7
125,城市_125,2033,3,特大城市,2062.92,56.2,0,0,0,2343.88,11361.98,4171.73,964036.2,0.945,114,87649,0.138,0.078,100.0,0.042,3.13,579278.3
126,城市_126,2033,0,小城市,78.34,374.8,0,0,1,74.16,9466.69,19.79,30751.5,0.867,2,2141,0.083,0.058,100.0,0.059,0.63,17417.4
127,城市_127,2033,1,中等城市,127.42,279.6,1,0,0,126.93,9962.01,45.4,45371.3,0.911,3,5297,0.081,0.055,100.0,0.056,1.34,28531.5
128,城市_128,2033,2,大城市,203.81,244.5,0,0,1,144.23,7076.8,58.99,86418.1,0.884,10,10527,0.092,0.044,100.0,0.06,0.98,52872.3
129,城市_129,2033,1,中等城市,107.16,245.3,0,0,0,79.54,7422.48,32.42,39656.1,0.911,2,4401,0.083,0.061,100.0,0.063,1.3,23940.5
130,城市_130,2033,0,小城市,31.73,147.0,0,0,0,25.16,7930.06,17.12,12189.5,0.939,0,1813,0.088,0.069,100.0,0.071,0.5,7105.2
131,城市_131,2033,2,大城市,207.51,72.4,0,0,0,162.74,7842.53,224.79,80477.1,0.9,9,7298,0.102,0.038,100.0,0.058,1.4,52149.2
132,城市_132,2033,0,小城市,69.64,157.7,0,0,0,54.53,7830.82,34.58,26485.5,0.923,1,2400,0.101,0.102,100.0,0.052,1.45,16490.0
133,城市_133,2033,2,大城市,296.7,86.3,0,0,0,238.12,8025.55,275.8,121614.5,0.881,11,11137,0.093,0.03,100.0,0.055,1.64,75169.3
134,城市_134,2033,0,小城市,69.31,323.8,0,0,1,45.35,6542.84,14.01,27430.5,0.871,1,1704,0.111,0.034,100.0,0.064,0.98,17445.8
135,城市_135,2033,3,特大城市,1058.79,131.9,1,0,1,941.71,8894.21,713.74,394804.7,0.96,47,34515,0.116,0.074,100.0,0.048,2.65,224815.3
136,城市_136,2033,0,小城市,95.06,76.7,0,0,0,87.29,9182.98,113.84,31566.4,0.908,3,3181,0.106,0.097,100.0,0.052,0.5,20156.5
137,城市_137,2033,1,中等城市,164.29,114.8,0,0,0,138.51,8430.63,120.69,67119.3,0.916,6,5550,0.088,0.042,100.0,0.055,1.14,39738.8
138,城市_138,2033,3,特大城市,383.31,206.5,0,0,0,425.5,11100.64,206.04,159305.5,0.93,18,15283,0.121,0.036,100.0,0.054,1.33,97183.0
139,城市_139,2033,0,小城市,51.21,94.5,0,0,0,41.36,8076.61,43.75,17580.1,0.89,1,1208,0.09,0.062,100.0,0.054,1.58,10465.5
140,城市_140,2033,2,大城市,280.72,76.9,0,0,0,317.4,11306.94,412.87,114936.7,0.922,10,7323,0.137,0.05,100.0,0.059,0.5,62487.0
141,城市_141,2033,3,特大城市,705.24,180.4,0,0,0,778.27,11035.52,431.51,262397.0,0.927,58,36436,0.109,0.077,100.0,0.054,1.26,164974.3
142,城市_142,2033,0,小城市,35.77,180.5,0,0,0,28.87,8070.5,15.99,16663.9,0.875,0,720,0.099,0.049,100.0,0.064,1.91,9086.3
143,城市_143,2033,2,大城市,216.64,98.9,0,0,0,184.12,8498.98,186.11,94454.0,0.934,14,9588,0.116,0.037,100.0,0.056,0.5,53933.7
144,城市_144,2033,2,大城市,248.61,101.8,0,0,0,342.67,13783.07,336.55,103287.0,0.931,10,8176,0.121,0.102,100.0,0.061,1.69,60569.1
145,城市_145,2033,3,特大城市,476.5,178.7,1,0,0,454.5,9538.36,254.35,195754.3,0.883,21,18391,0.127,0.03,100.0,0.054,1.19,105979.7
146,城市_146,2033,0,小城市,54.6,50.0,0,0,0,30.53,5592.49,61.07,19039.9,0.905,1,3205,0.137,0.087,100.0,0.054,1.19,10795.3
147,城市_147,2033,0,小城市,56.68,50.0,0,0,0,44.53,7857.37,89.06,18735.5,0.896,0,2004,0.114,0.07,100.0,0.057,1.77,11378.9
148,城市_148,2033,3,特大城市,343.37,83.5,0,0,1,268.78,7827.57,321.76,136683.7,0.935,22,15238,0.105,0.042,100.0,0.049,1.53,80588.7
149,城市_149,2033,2,大城市,230.9,125.1,1,0,0,234.27,10145.94,187.24,84888.2,0.876,15,8644,0.094,0.092,100.0,0.067,1.98,50260.2
150,城市_150,2033,2,大城市,220.39,190.3,0,0,0,213.03,9666.25,111.93,81213.1,0.976,11,7845,0.101,0.03,100.0,0.059,1.0,46498.6
151,城市_151,2033,2,大城市,256.31,483.1,0,0,0,219.25,8554.35,45.38,90592.7,0.901,5,8791,0.134,0.075,100.0,0.054,1.11,54481.1
152,城市_152,2033,1,中等城市,81.93,294.8,1,0,0,56.2,6859.65,19.07,31255.6,0.916,3,3719,0.074,0.03,100.0,0.057,1.49,18448.4
153,城市_153,2033,2,大城市,226.78,130.6,1,0,1,201.55,8887.53,154.34,86579.4,0.932,14,6698,0.088,0.031,100.0,0.046,1.04,47685.4
154,城市_154,2033,2,大城市,311.68,146.2,1,0,0,254.25,8157.47,173.94,130048.8,0.902,20,8164,0.101,0.033,100.0,0.065,1.65,77245.4
155,城市_155,2033,0,小城市,93.6,66.6,0,0,0,83.69,8940.53,125.75,36548.1,0.899,1,3521,0.085,0.037,100.0,0.066,1.7,20567.2
156,城市_156,2033,3,特大城市,1124.57,146.2,0,0,0,1251.35,11127.35,855.73,488235.0,0.911,88,43833,0.113,0.071,100.0,0.052,2.7,306089.6
157,城市_157,2033,2,大城市,392.75,117.8,0,0,1,560.98,14283.37,476.17,196489.1,0.89,29,8358,0.143,0.041,100.0,0.059,0.65,115585.6
158,城市_158,2033,0,小城市,51.78,192.1,1,0,1,36.22,6995.47,18.85,20211.5,0.906,1,1898,0.095,0.03,100.0,0.053,0.89,13655.8
159,城市_159,2033,3,特大城市,327.28,76.6,0,0,0,282.26,8624.33,368.62,118573.8,0.903,9,8332,0.114,0.065,100.0,0.052,1.51,74583.8
160,城市_160,2033,0,小城市,84.65,224.9,0,0,0,65.03,7682.54,28.92,32889.9,0.891,3,3758,0.068,0.053,100.0,0.051,0.97,19605.4
161,城市_161,2033,3,特大城市,458.76,505.8,0,0,0,421.51,9188.02,83.33,186170.8,0.9,29,9824,0.087,0.067,100.0,0.056,1.55,114939.0
162,城市_162,2033,3,特大城市,601.51,136.0,1,0,1,673.91,11203.69,495.36,223211.5,0.923,28,39424,0.13,0.065,100.0,0.061,1.82,119932.9
163,城市_163,2033,0,小城市,93.91,204.7,0,0,0,71.6,7624.03,34.98,31556.0,0.886,2,3121,0.135,0.071,100.0,0.057,0.84,19844.7
164,城市_164,2033,3,特大城市,522.73,257.8,0,0,1,665.27,12726.93,258.08,222361.1,0.905,33,14835,0.114,0.058,100.0,0.058,1.49,127944.6
165,城市_165,2033,2,大城市,249.17,107.7,0,0,0,238.7,9579.55,221.7,104155.6,0.923,7,8420,0.099,0.075,100.0,0.063,0.69,62773.8
166,城市_166,2033,3,特大城市,320.62,177.6,0,0,0,268.49,8374.11,151.22,118050.4,0.911,15,13937,0.116,0.04,100.0,0.049,1.12,68253.3
167,城市_167,2033,3,特大城市,1190.01,149.9,0,0,0,1096.32,9212.73,731.29,549738.7,0.901,111,57183,0.07,0.058,100.0,0.06,1.57,319596.3
168,城市_168,2033,1,中等城市,172.36,160.5,0,0,0,170.35,9883.11,106.15,68435.4,0.903,3,5839,0.108,0.081,100.0,0.064,1.25,40689.4
169,城市_169,2033,0,小城市,85.54,80.0,0,0,0,67.62,7905.13,84.56,35273.0,0.91,3,2043,0.081,0.079,100.0,0.062,1.0,21245.1
170,城市_170,2033,0,小城市,83.63,151.4,0,0,0,65.77,7863.98,43.45,34156.3,0.921,2,2138,0.117,0.063,100.0,0.064,0.64,20466.2
171,城市_171,2033,0,小城市,86.93,221.1,0,0,0,62.65,7207.4,28.34,32192.2,0.887,2,3484,0.058,0.034,100.0,0.064,1.99,19313.4
172,城市_172,2033,1,中等城市,142.98,473.9,0,0,0,117.51,8218.72,24.8,62658.0,0.892,5,7073,0.09,0.033,100.0,0.06,1.04,34538.9
173,城市_173,2033,2,大城市,256.39,319.7,0,0,0,205.09,7999.32,64.15,92769.6,0.891,8,13188,0.104,0.081,100.0,0.065,1.43,62152.1
174,城市_174,2033,2,大城市,265.01,830.9,0,0,0,287.16,10835.55,34.56,127233.5,0.892,7,10253,0.09,0.08,100.0,0.056,0.98,77225.6
175,城市_175,2033,3,特大城市,396.99,80.3,0,0,1,406.94,10250.8,506.6,149728.8,0.916,10,19521,0.1,0.056,100.0,0.059,1.24,91802.7
176,城市_176,2033,2,大城市,185.7,298.2,0,0,1,154.11,8298.59,51.67,72063.1,0.915,9,12124,0.122,0.1,100.0,0.065,1.37,42502.8
177,城市_177,2033,3,特大城市,863.33,171.9,0,0,1,836.17,9685.4,486.55,347058.5,0.937,41,45391,0.116,0.075,100.0,0.04,1.8,199133.6
178,城市_178,2033,1,中等城市,148.71,855.6,0,0,1,125.58,8444.13,14.68,55590.7,0.901,6,7214,0.084,0.031,100.0,0.061,1.17,33606.3
179,城市_179,2033,3,特大城市,2670.93,77.7,1,0,0,2983.95,11171.94,3838.41,1502077.5,0.922,166,77140,0.169,0.094,100.0,0.044,4.4,914282.0
180,城市_180,2033,3,特大城市,376.87,75.8,0,0,0,298.95,7932.37,394.34,146571.6,0.92,11,18506,0.112,0.057,100.0,0.049,1.16,93667.2
181,城市_181,2033,0,小城市,72.09,91.9,1,0,0,41.93,5816.31,45.63,28671.1,0.905,2,3045,0.107,0.053,100.0,0.061,0.5,18989.7
182,城市_182,2033,0,小城市,61.9,50.0,0,0,0,41.83,6757.06,83.65,22398.8,0.902,1,2768,0.083,0.076,100.0,0.056,0.5,14431.8
183,城市_183,2033,2,大城市,311.84,97.5,0,0,0,274.73,8810.06,281.91,134366.2,0.88,12,16747,0.055,0.037,100.0,0.06,2.07,73498.9
184,城市_184,2033,1,中等城市,181.9,80.9,1,0,0,138.43,7610.39,171.2,67769.4,0.899,7,7451,0.085,0.03,100.0,0.058,1.67,39725.6
185,城市_185,2033,3,特大城市,369.05,167.4,0,0,0,381.31,10332.09,227.8,151867.4,0.883,12,13165,0.087,0.069,100.0,0.053,1.74,92650.4
186,城市_186,2033,2,大城市,246.65,195.1,0,0,0,208.98,8472.93,107.13,102481.1,0.914,13,6582,0.092,0.044,100.0,0.064,1.06,60258.0
187,城市_187,2033,1,中等城市,188.79,665.8,0,0,0,213.38,11302.44,32.05,69473.8,0.895,10,6354,0.087,0.102,100.0,0.056,0.55,41592.9
188,城市_188,2033,0,小城市,74.74,317.5,0,0,0,53.34,7136.62,16.8,34685.6,0.891,2,2930,0.104,0.07,100.0,0.061,0.94,18579.2
189,城市_189,2033,0,小城市,35.79,93.5,1,0,0,26.33,7355.69,28.14,13560.0,0.87,0,1431,0.118,0.04,100.0,0.066,0.99,8507.9
190,城市_190,2033,1,中等城市,123.14,72.3,1,0,0,96.33,7822.99,133.18,46151.6,0.923,4,4873,0.124,0.077,100.0,0.054,0.57,25094.3
191,城市_191,2033,3,特大城市,511.44,220.0,1,0,1,516.08,10090.59,234.6,198214.3,0.904,38,25090,0.126,0.074,100.0,0.056,0.84,109577.9
192,城市_192,2033,2,大城市,221.0,51.6,0,0,0,224.87,10174.81,435.66,87483.8,0.906,12,10540,0.086,0.067,100.0,0.056,0.5,49827.3
193,城市_193,2033,0,小城市,58.84,642.4,1,0,0,48.84,8300.48,7.6,19635.1,0.886,2,2124,0.102,0.049,100.0,0.058,1.39,11723.6
194,城市_194,2033,2,大城市,248.95,381.3,1,0,1,161.13,6472.59,42.26,113489.4,0.872,7,7102,0.136,0.063,100.0,0.069,0.68,62568.8
195,城市_195,2033,2,大城市,312.09,102.0,0,0,1,302.15,9681.64,296.32,129149.2,0.895,10,12880,0.074,0.03,100.0,0.06,1.51,73381.1
196,城市_196,2033,0,小城市,72.23,50.0,0,0,1,48.02,6648.27,96.05,26652.8,0.894,2,5213,0.128,0.078,100.0,0.061,0.88,16910.4
197,城市_197,2033,2,大城市,193.93,438.4,1,0,0,158.41,8168.26,36.13,82316.0,0.909,8,7855,0.084,0.03,100.0,0.061,1.51,49112.1
198,城市_198,2033,2,大城市,179.38,135.4,0,0,0,168.87,9413.73,124.7,65845.3,0.896,6,6038,0.109,0.045,100.0,0.061,1.37,40363.6
199,城市_199,2033,0,小城市,67.69,399.5,1,0,0,43.98,6497.34,11.01,22855.2,0.887,1,2924,0.11,0.03,100.0,0.05,0.96,12865.5
0,城市_000,2034,2,大城市,319.44,197.6,0,0,0,350.05,10958.38,177.15,122945.9,0.923,11,14087,0.103,0.1,100.0,0.06,1.22,72582.7
1,城市_001,2034,1,中等城市,167.39,232.4,0,0,0,164.77,9843.77,70.89,67031.0,0.944,8,5076,0.133,0.086,100.0,0.056,2.41,39624.0
2,城市_002,2034,3,特大城市,335.41,353.0,0,0,0,262.45,7824.77,74.35,122055.8,0.855,15,13273,0.124,0.067,100.0,0.057,1.94,73815.5
3,城市_003,2034,3,特大城市,891.81,344.8,1,0,0,783.12,8781.24,227.11,413125.0,0.912,59,32686,0.126,0.062,100.0,0.043,2.26,252240.0
4,城市_004,2034,1,中等城市,119.22,50.0,1,0,0,124.44,10438.29,248.88,41208.2,0.903,6,6134,0.083,0.06,100.0,0.065,1.35,26238.0
5,城市_005,2034,1,中等城市,164.54,70.1,1,0,0,115.49,7018.65,164.78,67515.3,0.89,3,8387,0.084,0.03,100.0,0.049,0.5,39826.6
6,城市_006,2034,3,特大城市,899.2,224.1,1,0,1,966.66,10750.2,431.38,345010.7,0.902,64,37381,0.133,0.088,100.0,0.054,2.88,212652.4
7,城市_007,2034,3,特大城市,407.21,223.9,0,0,0,287.86,7069.07,128.59,190657.7,0.875,17,15302,0.099,0.038,100.0,0.047,1.83,124710.9
8,城市_008,2034,1,中等城市,137.58,224.1,1,0,0,108.66,7898.38,48.49,52494.7,0.897,3,3058,0.091,0.076,100.0,0.057,1.16,32397.7
9,城市_009,2034,3,特大城市,357.44,3236.3,1,0,0,355.4,9942.97,10.98,168176.6,0.926,15,7863,0.105,0.098,100.0,0.063,1.78,106779.9
10,城市_010,2034,1,中等城市,117.93,234.3,1,0,0,95.48,8096.96,40.75,42059.1,0.918,6,4446,0.099,0.03,100.0,0.051,1.51,24452.4
11,城市_011,2034,1,中等城市,105.36,368.1,0,0,1,91.64,8697.89,24.89,38508.9,0.887,5,5039,0.12,0.051,100.0,0.058,0.94,22273.2
12,城市_012,2034,2,大城市,298.98,318.4,0,0,0,222.46,7440.56,69.88,131405.9,0.911,6,16400,0.097,0.036,100.0,0.06,1.61,78215.2
13,城市_013,2034,0,小城市,24.02,249.9,0,0,0,14.69,6114.57,5.88,7535.8,0.928,0,676,0.117,0.03,100.0,0.062,1.56,4509.5
14,城市_014,2034,0,小城市,38.03,115.3,1,0,0,29.63,7789.93,25.69,12941.6,0.87,1,889,0.11,0.049,100.0,0.06,1.28,8180.7
15,城市_015,2034,1,中等城市,89.48,272.4,0,0,0,78.55,8778.94,28.84,34963.2,0.899,2,4354,0.069,0.065,100.0,0.062,1.0,20212.5
16,城市_016,2034,0,小城市,80.63,80.0,0,0,0,65.2,8086.31,81.52,27766.8,0.908,2,2322,0.108,0.067,100.0,0.056,1.26,16586.2
17,城市_017,2034,2,大城市,307.82,122.8,0,0,0,318.25,10338.83,259.16,128221.5,0.907,8,7055,0.054,0.06,100.0,0.067,2.12,81067.4
18,城市_018,2034,0,小城市,60.59,100.7,0,0,0,35.91,5926.81,35.68,22625.4,0.918,1,1922,0.084,0.03,100.0,0.051,1.48,13721.6
19,城市_019,2034,0,小城市,50.73,158.5,0,0,0,35.3,6958.81,22.28,16407.4,0.871,0,1600,0.11,0.054,100.0,0.065,0.5,9839.1
20,城市_020,2034,3,特大城市,891.67,945.5,0,0,0,1171.75,13140.99,123.93,405939.2,0.901,29,48743,0.121,0.041,100.0,0.053,2.54,246468.0
21,城市_021,2034,1,中等城市,172.02,50.0,0,0,1,176.28,10247.32,352.55,60342.7,0.918,4,8204,0.069,0.03,100.0,0.061,1.47,34164.4
22,城市_022,2034,2,大城市,220.26,257.0,0,0,1,209.97,9532.95,81.71,92044.9,0.871,6,6494,0.083,0.035,100.0,0.062,1.89,52068.6
23,城市_023,2034,0,小城市,41.26,50.0,1,0,0,29.45,7138.84,58.9,15060.5,0.917,0,2308,0.05,0.072,100.0,0.062,1.07,8318.7
24,城市_024,2034,1,中等城市,110.28,101.7,0,0,0,104.04,9434.44,102.26,40357.7,0.912,2,4211,0.076,0.063,100.0,0.055,0.97,24464.9
25,城市_025,2034,2,大城市,274.46,354.7,1,0,0,259.49,9454.76,73.17,99796.3,0.921,15,13880,0.118,0.063,100.0,0.056,0.7,62628.7
26,城市_026,2034,0,小城市,53.16,156.2,0,0,0,31.75,5972.13,20.32,19973.3,0.892,1,2912,0.09,0.034,100.0,0.052,0.73,12442.7
27,城市_027,2034,2,大城市,298.03,62.7,0,0,1,309.36,10380.35,493.67,110859.4,0.917,18,10133,0.11,0.049,100.0,0.056,2.02,70319.1
28,城市_028,2034,1,中等城市,125.68,83.7,1,0,0,90.35,7189.14,107.89,52882.8,0.879,3,5487,0.103,0.03,100.0,0.06,1.28,34036.8
29,城市_029,2034,1,中等城市,127.6,255.6,0,0,0,117.25,9188.73,45.87,53888.7,0.895,4,4154,0.104,0.08,100.0,0.062,1.13,32567.1
30,城市_030,2034,1,中等城市,88.21,82.7,0,0,0,54.66,6196.42,66.06,37753.6,0.903,3,4289,0.123,0.096,100.0,0.061,1.77,22579.0
31,城市_031,2034,3,特大城市,1048.01,176.5,0,0,0,1353.88,12918.56,767.19,455265.2,0.907,45,39612,0.12,0.086,100.0,0.041,3.01,293317.8
32,城市_032,2034,1,中等城市,203.94,153.9,1,0,0,168.32,8253.39,109.35,77278.9,0.909,6,10007,0.123,0.069,100.0,0.055,0.92,44742.1
33,城市_033,2034,0,小城市,57.02,88.1,0,0,0,36.47,6394.72,41.38,20448.9,0.878,1,3314,0.052,0.048,100.0,0.056,1.68,11546.3
34,城市_034,2034,3,特大城市,437.55,824.8,1,0,0,366.89,8384.99,44.48,172719.7,0.916,22,18968,0.132,0.03,100.0,0.049,0.78,101875.9
35,城市_035,2034,0,小城市,69.64,246.4,0,0,0,51.03,7328.22,20.71,26347.9,0.936,1,2491,0.076,0.035,100.0,0.055,1.33,15448.5
36,城市_036,2034,2,大城市,239.62,50.0,0,0,0,209.33,8735.86,418.66,97901.8,0.88,7,8614,0.084,0.046,100.0,0.058,1.51,58883.0
37,城市_037,2034,0,小城市,24.79,172.3,0,0,0,20.96,8453.84,12.16,9635.7,0.9,0,375,0.086,0.043,100.0,0.067,1.61,5535.7
38,城市_038,2034,0,小城市,52.79,87.4,0,0,0,39.97,7572.45,45.73,19340.5,0.869,1,1568,0.123,0.039,100.0,0.055,1.26,11818.8
39,城市_039,2034,2,大城市,236.2,293.5,0,0,0,148.9,6304.08,50.73,83235.3,0.889,16,11494,0.088,0.056,100.0,0.052,1.21,48520.1
40,城市_040,2034,3,特大城市,436.02,78.7,0,0,0,336.98,7728.4,428.03,171573.8,0.924,20,21457,0.097,0.043,100.0,0.053,1.53,109266.1
41,城市_041,2034,2,大城市,289.77,135.4,0,0,0,390.66,13481.47,288.53,130718.4,0.898,11,8551,0.088,0.1,100.0,0.059,2.75,73746.5
42,城市_042,2034,1,中等城市,184.19,222.3,1,0,0,159.99,8686.52,71.97,63322.4,0.919,7,7118,0.109,0.03,100.0,0.064,1.3,37728.5
43,城市_043,2034,1,中等城市,191.05,296.7,0,0,0,188.25,9853.38,63.45,79068.9,0.912,5,6640,0.119,0.072,100.0,0.058,1.57,46646.9
44,城市_044,2034,0,小城市,47.52,56.8,0,0,0,33.63,7078.17,59.2,16758.5,0.9,0,2149,0.135,0.046,100.0,0.052,0.5,10171.2
45,城市_045,2034,0,小城市,85.77,113.6,1,0,1,58.08,6772.14,51.15,29952.4,0.881,2,6120,0.15,0.061,100.0,0.053,0.71,18804.1
46,城市_046,2034,1,中等城市,168.55,101.5,0,0,0,132.27,7847.7,130.32,67440.4,0.918,8,7668,0.117,0.064,100.0,0.059,1.5,41002.8
47,城市_047,2034,3,特大城市,554.03,88.0,0,0,0,537.9,9708.9,611.25,258263.6,0.919,38,16669,0.12,0.066,100.0,0.06,0.97,153961.9
48,城市_048,2034,2,大城市,238.72,609.3,1,0,0,194.73,8157.06,31.96,96770.3,0.875,5,8578,0.081,0.033,100.0,0.067,1.61,60069.0
49,城市_049,2034,0,小城市,46.04,205.2,1,0,0,45.37,9853.47,22.11,16380.0,0.882,1,2579,0.139,0.044,100.0,0.054,0.7,10242.3
50,城市_050,2034,2,大城市,244.77,54.1,0,0,0,195.54,7988.75,361.28,87155.5,0.85,5,5901,0.11,0.059,100.0,0.058,0.83,52997.1
51,城市_051,2034,1,中等城市,119.79,309.3,1,0,0,83.31,6954.28,26.93,45292.6,0.875,4,3664,0.097,0.055,100.0,0.054,0.8,27702.2
52,城市_052,2034,1,中等城市,92.24,810.6,0,0,0,82.61,8955.33,10.19,31189.9,0.896,3,4198,0.11,0.032,100.0,0.055,1.89,19319.0
53,城市_053,2034,3,特大城市,369.26,339.0,0,0,0,388.04,10508.77,114.47,145227.1,0.888,9,20029,0.096,0.084,100.0,0.052,1.68,79974.0
54,城市_054,2034,3,特大城市,623.55,50.0,0,0,0,603.76,9682.77,1207.53,256768.7,0.898,42,27536,0.068,0.03,100.0,0.052,1.42,151359.0
55,城市_055,2034,3,特大城市,343.83,100.7,1,0,0,284.97,8288.03,282.86,114359.3,0.936,24,10544,0.119,0.053,100.0,0.052,1.87,69906.3
56,城市_056,2034,0,小城市,96.03,408.9,0,0,0,57.51,5989.03,14.06,40444.7,0.923,2,4149,0.129,0.034,100.0,0.071,1.55,23913.0
57,城市_057,2034,1,中等城市,133.18,84.3,0,0,0,131.71,9889.76,156.32,46211.8,0.889,4,5547,0.114,0.057,100.0,0.056,1.0,27327.6
58,城市_058,2034,2,大城市,257.68,211.7,0,0,0,258.56,10034.18,122.15,100529.3,0.922,16,10531,0.106,0.076,100.0,0.063,1.84,61448.3
59,城市_059,2034,3,特大城市,656.05,275.8,0,0,0,595.09,9070.72,215.76,284089.4,0.94,23,23442,0.116,0.037,100.0,0.051,2.42,173842.6
60,城市_060,2034,1,中等城市,124.87,70.7,0,0,0,103.08,8254.51,145.79,52952.0,0.915,3,4667,0.106,0.1,100.0,0.07,1.6,32513.2
61,城市_061,2034,1,中等城市,172.93,141.5,0,0,0,141.36,8174.6,99.9,63003.6,0.91,4,4845,0.107,0.058,100.0,0.06,0.91,36304.8
62,城市_062,2034,0,小城市,64.34,50.0,0,0,0,62.81,9762.02,125.62,19447.9,0.923,1,4981,0.1,0.059,100.0,0.064,0.5,10841.5
63,城市_063,2034,0,小城市,65.72,65.4,0,0,0,43.1,6557.87,65.91,26497.4,0.917,1,2534,0.102,0.03,100.0,0.056,0.5,16537.9
64,城市_064,2034,3,特大城市,550.1,121.3,0,0,0,477.03,8671.65,393.39,204725.9,0.889,22,23856,0.144,0.062,100.0,0.06,1.44,118275.8
65,城市_065,2034,3,特大城市,538.92,54.7,0,0,0,459.64,8528.94,840.38,227883.3,0.909,23,18571,0.122,0.082,100.0,0.057,1.57,131182.0
66,城市_066,2034,1,中等城市,211.31,547.8,0,0,0,191.09,9043.08,34.88,85689.5,0.894,6,10017,0.107,0.059,100.0,0.056,1.15,49095.6
67,城市_067,2034,3,特大城市,659.52,50.0,0,0,0,644.79,9776.6,1289.57,211020.2,0.938,28,16434,0.129,0.068,100.0,0.048,1.9,133898.8
68,城市_068,2034,2,大城市,301.11,104.4,1,0,0,277.69,9222.17,266.06,105603.5,0.895,9,6561,0.12,0.056,100.0,0.056,2.29,64033.9
69,城市_069,2034,1,中等城市,93.58,164.8,0,0,0,65.14,6960.9,39.53,33951.7,0.887,2,3411,0.121,0.03,100.0,0.058,0.96,20719.9
70,城市_070,2034,2,大城市,239.75,470.1,0,0,1,261.93,10925.39,55.71,76926.7,0.926,5,16333,0.09,0.03,100.0,0.062,1.31,47747.4
71,城市_071,2034,3,特大城市,1256.08,50.0,0,0,0,1214.81,9671.45,2429.62,483728.0,0.935,69,66397,0.12,0.103,100.0,0.047,1.85,289621.9
72,城市_072,2034,1,中等城市,166.77,376.4,0,0,1,167.93,10069.13,44.62,65257.0,0.946,3,4813,0.088,0.072,100.0,0.049,2.35,41136.7
73,城市_073,2034,3,特大城市,1151.3,149.6,0,0,0,1891.89,16432.6,1264.35,487861.1,0.91,83,49446,0.142,0.098,100.0,0.052,1.96,275200.4
74,城市_074,2034,0,小城市,27.96,67.7,0,0,0,17.22,6160.59,25.45,10150.4,0.89,0,849,0.115,0.034,100.0,0.066,0.69,5759.6
75,城市_075,2034,3,特大城市,588.26,214.8,0,0,0,593.38,10087.19,276.26,251636.0,0.936,27,24593,0.088,0.061,100.0,0.046,2.17,142369.8
76,城市_076,2034,2,大城市,204.49,174.0,0,0,1,172.49,8435.02,99.11,69968.2,0.879,6,8751,0.113,0.079,100.0,0.067,1.41,42866.0
77,城市_077,2034,1,中等城市,116.26,91.8,0,0,0,128.05,11013.97,139.46,39919.1,0.929,3,5647,0.13,0.03,100.0,0.066,1.98,24557.9
78,城市_078,2034,2,大城市,214.71,156.9,0,0,0,177.99,8289.65,113.41,89541.0,0.881,12,4938,0.1,0.078,100.0,0.055,1.66,52455.1
79,城市_079,2034,0,小城市,21.85,109.0,0,0,0,15.53,7108.74,14.24,8639.3,0.913,0,549,0.107,0.039,100.0,0.054,0.99,5123.4
80,城市_080,2034,1,中等城市,225.94,162.5,0,0,0,203.16,8992.0,125.01,82262.3,0.868,5,8125,0.12,0.038,100.0,0.063,1.84,52486.8
81,城市_081,2034,2,大城市,305.05,252.1,0,0,0,269.28,8827.46,106.83,124368.6,0.908,13,8233,0.081,0.056,100.0,0.05,2.01,72030.2
82,城市_082,2034,3,特大城市,954.82,527.9,0,0,0,1076.62,11275.53,203.96,430607.9,0.895,45,25179,0.125,0.05,100.0,0.048,2.01,262181.2
83,城市_083,2034,1,中等城市,129.73,55.1,0,0,0,108.05,8328.83,195.98,50590.0,0.942,4,5178,0.128,0.03,100.0,0.052,1.66,29313.3
84,城市_084,2034,0,小城市,79.3,817.6,0,1,0,66.58,8396.24,8.14,29020.6,0.88,2,2216,0.09,0.053,100.0,0.059,1.0,18366.5
85,城市_085,2034,1,中等城市,116.44,50.0,1,0,1,97.66,8387.38,195.32,42097.5,0.886,2,8432,0.119,0.063,100.0,0.066,1.11,26052.2
86,城市_086,2034,3,特大城市,496.6,131.4,0,0,1,427.15,8601.62,324.97,238177.6,0.922,28,15568,0.112,0.086,100.0,0.057,1.77,132910.8
87,城市_087,2034,2,大城市,354.35,237.6,0,0,0,309.69,8739.59,130.33,143670.7,0.896,11,12020,0.095,0.07,100.0,0.062,1.31,85078.3
88,城市_088,2034,1,中等城市,98.27,185.8,1,0,0,85.27,8677.23,45.89,38255.3,0.916,3,3952,0.1,0.092,100.0,0.057,0.92,20567.2
89,城市_089,2034,3,特大城市,295.94,90.2,1,0,1,287.18,9703.98,318.44,121100.8,0.893,8,6925,0.096,0.084,100.0,0.058,1.91,75931.9
90,城市_090,2034,2,大城市,205.29,125.7,0,0,0,212.96,10373.76,169.49,75314.0,0.889,8,8796,0.087,0.07,100.0,0.052,0.52,49814.1
91,城市_091,2034,3,特大城市,470.18,100.0,0,0,0,582.0,12378.27,581.75,192647.6,0.91,21,19162,0.106,0.07,100.0,0.055,1.13,102986.8
92,城市_092,2034,1,中等城市,79.32,92.6,1,0,1,57.3,7223.75,61.86,28858.8,0.878,1,2627,0.103,0.076,100.0,0.056,1.45,16079.8
93,城市_093,2034,1,中等城市,96.87,292.9,1,0,0,78.8,8134.78,26.91,35545.4,0.91,2,3868,0.099,0.03,100.0,0.058,1.1,21505.7
94,城市_094,2034,1,中等城市,102.73,197.5,0,0,0,80.03,7790.48,40.53,39849.2,0.92,4,4297,0.097,0.043,100.0,0.058,1.64,23887.5
95,城市_095,2034,0,小城市,52.66,85.3,0,0,0,33.41,6344.86,39.19,17898.7,0.912,1,2979,0.106,0.03,100.0,0.058,1.25,10518.6
96,城市_096,2034,2,大城市,263.02,304.8,0,0,1,252.68,9606.97,82.9,94678.3,0.919,14,20485,0.117,0.069,100.0,0.068,0.7,51871.5
97,城市_097,2034,2,大城市,285.0,189.8,0,0,1,285.03,10000.84,150.19,118081.8,0.868,9,7625,0.084,0.042,100.0,0.066,1.43,71994.8
98,城市_098,2034,2,大城市,181.67,284.4,0,0,1,131.38,7231.96,46.2,67746.6,0.895,9,4528,0.099,0.115,100.0,0.065,1.52,42451.8
99,城市_099,2034,1,中等城市,152.8,245.6,0,0,0,120.64,7895.05,49.12,57341.8,0.899,4,5797,0.064,0.043,100.0,0.068,1.33,39302.6
100,城市_100,2034,0,小城市,59.24,76.5,0,0,1,41.84,7063.51,54.72,18678.0,0.93,2,1167,0.098,0.054,100.0,0.067,0.85,11939.3
101,城市_101,2034,1,中等城市,158.87,94.8,1,0,0,106.23,6686.7,112.05,66326.1,0.892,5,7101,0.107,0.046,100.0,0.058,1.09,37211.5
102,城市_102,2034,1,中等城市,158.1,269.8,0,0,0,131.77,8334.72,48.83,63709.2,0.858,6,6016,0.115,0.044,100.0,0.058,0.94,38202.8
103,城市_103,2034,0,小城市,90.26,241.8,0,0,0,60.16,6665.39,24.88,35892.3,0.882,2,3707,0.105,0.03,100.0,0.06,0.5,22172.9
104,城市_104,2034,1,中等城市,178.91,146.0,1,0,0,155.5,8691.51,106.54,71752.4,0.891,8,6008,0.115,0.03,100.0,0.057,0.52,41569.9
105,城市_105,2034,2,大城市,308.61,163.0,1,0,0,288.29,9341.6,176.84,109226.2,0.864,16,12255,0.109,0.03,100.0,0.052,1.63,68091.7
106,城市_106,2034,3,特大城市,1262.05,412.5,0,0,0,1386.63,10987.1,336.19,551071.3,0.949,68,53494,0.116,0.09,100.0,0.05,2.33,342271.1
107,城市_107,2034,2,大城市,220.57,92.5,0,0,0,204.32,9263.19,220.98,82542.2,0.874,4,8616,0.083,0.047,100.0,0.05,1.6,52589.3
108,城市_108,2034,2,大城市,295.3,229.9,0,0,0,331.84,11237.48,144.34,109005.1,0.916,8,7256,0.102,0.096,100.0,0.058,1.12,68026.5
109,城市_109,2034,1,中等城市,151.99,126.2,0,0,0,112.37,7393.27,89.01,61010.3,0.882,3,5887,0.088,0.03,100.0,0.054,0.56,37128.1
110,城市_110,2034,0,小城市,35.2,124.7,0,0,0,22.59,6416.69,18.12,14409.7,0.931,0,2258,0.098,0.08,100.0,0.059,0.85,8370.1
111,城市_111,2034,1,中等城市,183.62,357.5,0,0,0,172.38,9387.93,48.22,80560.1,0.899,5,7261,0.094,0.086,100.0,0.059,2.3,45210.9
112,城市_112,2034,2,大城市,173.46,287.2,0,0,0,143.87,8294.11,50.09,70776.7,0.894,5,6648,0.112,0.08,100.0,0.057,1.2,42931.1
113,城市_113,2034,3,特大城市,2133.26,284.5,0,0,0,2759.84,12937.22,969.99,936625.9,0.96,122,125315,0.151,0.105,100.0,0.032,4.31,550628.3
114,城市_114,2034,1,中等城市,143.21,421.7,0,0,0,129.26,9025.5,30.65,54127.5,0.883,7,4212,0.112,0.047,100.0,0.053,1.29,31977.7
115,城市_115,2034,2,大城市,244.58,150.9,0,0,0,285.74,11682.69,189.32,89854.4,0.917,9,11750,0.115,0.081,100.0,0.06,0.64,56936.6
116,城市_116,2034,1,中等城市,174.3,256.1,0,0,0,145.52,8348.96,56.82,66237.7,0.894,6,5469,0.1,0.038,100.0,0.056,1.97,42462.9
117,城市_117,2034,0,小城市,55.77,115.8,0,1,0,33.65,6033.37,29.06,22000.9,0.889,1,2842,0.099,0.057,100.0,0.062,0.95,12385.2
118,城市_118,2034,3,特大城市,588.59,192.4,0,0,1,593.6,10085.16,308.6,281038.5,0.912,28,27510,0.124,0.063,100.0,0.055,1.17,166848.9
119,城市_119,2034,3,特大城市,411.69,133.7,1,0,0,376.32,9140.86,281.39,156334.7,0.888,13,13383,0.159,0.042,100.0,0.055,1.32,91769.1
120,城市_120,2034,3,特大城市,479.49,160.4,0,0,0,487.54,10167.83,303.97,166964.9,0.907,24,16286,0.091,0.067,100.0,0.057,1.57,101756.3
121,城市_121,2034,0,小城市,76.26,238.9,0,1,0,65.53,8592.73,27.43,27233.7,0.909,1,3761,0.103,0.067,100.0,0.056,1.48,14488.6
122,城市_122,2034,3,特大城市,832.73,77.1,1,0,1,763.03,9163.02,989.35,375886.3,0.873,55,17557,0.096,0.051,100.0,0.054,1.83,209058.5
123,城市_123,2034,0,小城市,48.25,791.5,0,0,0,30.79,6382.0,3.89,20739.7,0.923,1,1554,0.101,0.06,100.0,0.057,2.38,12370.7
124,城市_124,2034,3,特大城市,379.21,66.4,0,0,1,339.93,8964.14,512.21,170005.5,0.925,22,16804,0.095,0.03,100.0,0.069,1.06,106012.6
125,城市_125,2034,3,特大城市,1761.81,56.2,0,0,0,1320.98,7497.86,2351.13,851204.4,0.904,202,59091,0.139,0.07,100.0,0.038,3.78,512645.3
126,城市_126,2034,0,小城市,66.53,374.8,0,0,1,51.66,7765.55,13.78,23002.0,0.861,1,2548,0.105,0.042,100.0,0.058,0.5,14264.6
127,城市_127,2034,1,中等城市,97.94,279.6,1,0,0,73.53,7507.67,26.3,34600.7,0.919,4,1953,0.093,0.059,100.0,0.057,1.08,20965.2
128,城市_128,2034,2,大城市,222.68,244.5,0,0,1,219.91,9875.65,89.93,78737.7,0.92,10,6339,0.07,0.073,100.0,0.051,1.5,50257.4
129,城市_129,2034,1,中等城市,140.82,245.3,0,0,0,86.58,6148.46,35.29,51296.3,0.916,3,6351,0.132,0.055,100.0,0.062,0.64,33064.4
130,城市_130,2034,0,小城市,40.25,147.0,0,0,0,29.36,7295.73,19.98,15627.0,0.872,1,1181,0.118,0.062,100.0,0.057,1.81,9019.7
131,城市_131,2034,2,大城市,190.43,72.4,0,0,0,206.02,10818.93,284.56,84581.9,0.941,8,4739,0.102,0.051,100.0,0.046,1.48,52991.4
132,城市_132,2034,0,小城市,65.35,157.7,0,0,0,55.38,8474.66,35.12,24838.2,0.886,2,3305,0.084,0.06,100.0,0.063,0.93,15281.5
133,城市_133,2034,2,大城市,291.07,86.3,0,0,0,300.73,10331.96,348.32,113619.8,0.912,12,12499,0.109,0.064,100.0,0.054,1.62,76709.3
134,城市_134,2034,0,小城市,71.23,323.8,0,0,1,57.91,8129.72,17.89,24287.3,0.907,2,1890,0.109,0.041,100.0,0.059,0.8,13991.1
135,城市_135,2034,3,特大城市,755.68,131.9,1,0,1,578.97,7661.63,438.81,312943.3,0.95,39,28979,0.133,0.061,100.0,0.056,2.69,186670.0
136,城市_136,2034,0,小城市,86.52,76.7,0,0,0,69.91,8079.89,91.17,32973.2,0.905,2,2318,0.119,0.064,100.0,0.057,1.63,18762.8
137,城市_137,2034,1,中等城市,146.57,114.8,0,0,0,129.59,8841.32,112.91,50192.0,0.912,3,5150,0.124,0.09,100.0,0.057,1.39,28650.2
138,城市_138,2034,3,特大城市,380.49,206.5,0,0,0,296.67,7796.96,143.66,165386.0,0.907,15,14756,0.074,0.083,100.0,0.069,1.84,101144.6
139,城市_139,2034,0,小城市,50.67,94.5,0,0,0,37.1,7321.64,39.24,17879.8,0.877,0,1462,0.095,0.03,100.0,0.049,0.5,10838.1
140,城市_140,2034,2,大城市,215.72,76.9,0,0,0,120.76,5598.07,157.08,90703.9,0.859,7,9915,0.125,0.033,100.0,0.052,2.04,55895.7
141,城市_141,2034,3,特大城市,597.49,180.4,0,0,0,545.41,9128.33,302.4,246543.0,0.915,24,28770,0.095,0.053,100.0,0.049,1.79,151770.1
142,城市_142,2034,0,小城市,34.4,180.5,0,0,0,23.11,6718.43,12.8,12612.4,0.873,0,1369,0.125,0.053,100.0,0.069,1.56,7478.3
143,城市_143,2034,2,大城市,229.22,98.9,0,0,0,246.22,10741.47,248.87,85310.1,0.912,6,9547,0.142,0.056,100.0,0.055,1.7,50565.3
144,城市_144,2034,2,大城市,210.97,101.8,0,0,0,166.32,7883.93,163.36,80458.0,0.908,8,5019,0.129,0.08,100.0,0.059,1.8,45931.6
145,城市_145,2034,3,特大城市,419.96,178.7,1,0,0,373.59,8895.82,209.08,179391.0,0.912,17,23248,0.123,0.086,100.0,0.054,1.07,103861.2
146,城市_146,2034,0,小城市,51.59,50.0,0,0,0,38.11,7387.43,76.23,18654.3,0.88,1,1846,0.092,0.051,100.0,0.063,0.61,11160.8
147,城市_147,2034,0,小城市,46.0,50.0,0,0,0,31.11,6762.66,62.22,15298.5,0.922,0,1278,0.107,0.047,100.0,0.06,2.19,9269.5
148,城市_148,2034,3,特大城市,347.53,83.5,0,0,1,351.59,10116.77,420.9,140942.6,0.918,13,13356,0.081,0.068,100.0,0.058,0.73,87571.0
149,城市_149,2034,2,大城市,241.31,125.1,1,0,0,156.59,6489.33,125.16,98225.9,0.882,13,11102,0.09,0.077,100.0,0.064,0.79,60729.7
150,城市_150,2034,2,大城市,235.82,190.3,0,0,0,244.12,10351.77,128.26,103760.0,0.947,13,10116,0.091,0.067,100.0,0.06,1.35,67102.9
151,城市_151,2034,2,大城市,330.54,483.1,0,0,0,298.11,9018.96,61.7,145327.0,0.904,15,8782,0.109,0.049,100.0,0.053,1.49,82955.4
152,城市_152,2034,1,中等城市,87.39,294.8,1,0,0,83.8,9589.43,28.43,32613.7,0.875,2,4035,0.094,0.04,100.0,0.061,0.85,19340.6
153,城市_153,2034,2,大城市,305.75,130.6,1,0,1,181.5,5936.25,138.99,116881.5,0.892,15,11045,0.112,0.035,100.0,0.069,1.74,67024.6
154,城市_154,2034,2,大城市,250.26,146.2,1,0,0,152.51,6093.96,104.33,97162.0,0.876,8,10700,0.123,0.06,100.0,0.06,1.8,62020.3
155,城市_155,2034,0,小城市,81.95,66.6,0,0,0,61.47,7501.18,92.36,29385.5,0.929,2,2370,0.088,0.064,100.0,0.06,1.11,17188.4
156,城市_156,2034,3,特大城市,1172.36,146.2,0,0,0,1300.26,11091.02,889.18,521459.0,0.949,54,59024,0.13,0.092,100.0,0.042,2.51,330944.4
157,城市_157,2034,2,大城市,317.51,117.8,0,0,1,262.88,8279.39,223.14,138088.1,0.922,17,12338,0.099,0.08,100.0,0.061,1.43,88871.2
158,城市_158,2034,0,小城市,70.6,192.1,1,0,1,59.48,8425.27,30.96,28937.5,0.913,2,3710,0.105,0.081,100.0,0.064,0.85,17721.4
159,城市_159,2034,3,特大城市,421.16,76.6,0,0,0,451.89,10729.76,590.16,165373.6,0.935,18,9776,0.124,0.032,100.0,0.058,0.74,100678.1
160,城市_160,2034,0,小城市,74.54,224.9,0,0,0,63.93,8577.07,28.43,26627.8,0.897,3,1800,0.12,0.06,100.0,0.06,1.25,16007.5
161,城市_161,2034,3,特大城市,510.91,505.8,0,0,0,490.11,9592.87,96.89,202431.7,0.92,27,17489,0.125,0.071,100.0,0.069,2.1,119533.3
162,城市_162,2034,3,特大城市,480.7,136.0,1,0,1,457.74,9522.46,336.46,168252.7,0.895,25,27465,0.12,0.06,100.0,0.06,1.6,98743.9
163,城市_163,2034,0,小城市,89.19,204.7,0,0,0,64.29,7208.6,31.41,30419.7,0.899,2,5912,0.074,0.036,100.0,0.065,0.5,18117.3
164,城市_164,2034,3,特大城市,535.44,257.8,0,0,1,503.97,9412.2,195.5,219314.5,0.922,17,15089,0.091,0.091,100.0,0.055,1.46,143592.0
165,城市_165,2034,2,大城市,309.25,107.7,0,0,0,238.0,7695.9,221.06,127388.4,0.846,9,11559,0.091,0.045,100.0,0.056,1.89,72451.4
166,城市_166,2034,3,特大城市,356.57,177.6,0,0,0,288.61,8094.1,162.55,149258.6,0.896,15,13742,0.116,0.03,100.0,0.06,0.78,90471.4
167,城市_167,2034,3,特大城市,1134.28,149.9,0,0,0,1255.39,11067.75,837.4,454423.0,0.93,64,51759,0.101,0.077,100.0,0.049,2.94,282350.8
168,城市_168,2034,1,中等城市,149.75,160.5,0,0,0,116.43,7775.06,72.56,55488.1,0.902,6,7184,0.11,0.049,100.0,0.058,0.99,32819.5
169,城市_169,2034,0,小城市,107.31,80.0,0,0,0,77.39,7211.83,96.78,39802.6,0.893,2,2825,0.108,0.09,100.0,0.061,1.14,24378.4
170,城市_170,2034,0,小城市,104.39,151.4,0,0,0,89.7,8592.89,59.27,38325.3,0.914,3,3915,0.064,0.062,100.0,0.056,0.8,21265.2
171,城市_171,2034,0,小城市,79.04,221.1,0,0,0,65.33,8266.04,29.56,31171.3,0.888,2,1591,0.08,0.046,100.0,0.06,0.54,19941.9
172,城市_172,2034,1,中等城市,151.29,473.9,0,0,0,122.21,8077.64,25.79,52537.1,0.879,5,7098,0.124,0.05,100.0,0.059,1.93,33305.1
173,城市_173,2034,2,大城市,307.94,319.7,0,0,0,270.12,8771.86,84.49,112223.2,0.931,12,10234,0.121,0.053,100.0,0.062,1.84,67002.5
174,城市_174,2034,2,大城市,368.06,830.9,0,0,0,357.85,9722.77,43.07,144865.5,0.929,10,9431,0.092,0.103,100.0,0.054,1.84,83095.5
175,城市_175,2034,3,特大城市,520.89,80.3,0,0,1,570.09,10944.6,709.7,191538.8,0.9,12,21172,0.091,0.076,100.0,0.045,2.18,119479.4
176,城市_176,2034,2,大城市,178.95,298.2,0,0,1,156.52,8746.78,52.48,59766.8,0.903,4,5891,0.055,0.03,100.0,0.057,1.5,33801.5
177,城市_177,2034,3,特大城市,1234.07,171.9,0,0,1,1066.52,8642.36,620.58,468962.1,0.946,62,66282,0.158,0.074,100.0,0.05,3.2,267243.3
178,城市_178,2034,1,中等城市,165.1,855.6,0,0,1,134.43,8142.44,15.71,62706.6,0.905,4,4646,0.105,0.053,100.0,0.063,0.9,37523.1
179,城市_179,2034,3,特大城市,2139.32,77.7,1,0,0,2199.94,10283.35,2829.89,990415.9,0.961,143,153322,0.188,0.078,100.0,0.037,4.69,639354.3
180,城市_180,2034,3,特大城市,476.23,75.8,0,0,0,381.36,8007.77,503.05,204863.2,0.921,30,22639,0.107,0.03,100.0,0.058,2.31,126854.9
181,城市_181,2034,0,小城市,73.71,91.9,1,0,0,61.58,8354.03,67.02,31131.6,0.895,2,3990,0.107,0.064,100.0,0.065,1.29,18074.7
182,城市_182,2034,0,小城市,61.61,50.0,0,0,0,51.12,8297.81,102.25,22897.7,0.912,1,1664,0.119,0.035,100.0,0.063,0.94,12583.2
183,城市_183,2034,2,大城市,350.4,97.5,0,0,0,355.14,10135.01,364.41,143590.5,0.889,20,22044,0.141,0.083,100.0,0.053,0.88,86333.2
184,城市_184,2034,1,中等城市,156.08,80.9,1,0,0,112.58,7213.38,139.24,59078.5,0.912,4,3990,0.114,0.054,100.0,0.055,1.33,35892.7
185,城市_185,2034,3,特大城市,401.95,167.4,0,0,0,379.33,9437.39,226.62,160134.3,0.908,15,13884,0.109,0.05,100.0,0.058,2.41,95730.9
186,城市_186,2034,2,大城市,316.01,195.1,0,0,0,283.95,8985.27,145.55,149312.9,0.9,16,17194,0.108,0.03,100.0,0.065,0.86,97679.3
187,城市_187,2034,1,中等城市,211.99,665.8,0,0,0,191.69,9042.32,28.79,84886.0,0.88,7,9079,0.084,0.079,100.0,0.058,1.81,50595.6
188,城市_188,2034,0,小城市,60.81,317.5,0,0,0,47.14,7751.48,14.85,23034.5,0.904,1,1542,0.094,0.057,100.0,0.059,0.85,12243.7
189,城市_189,2034,0,小城市,44.76,93.5,1,0,0,32.92,7354.39,35.19,14818.5,0.902,2,2315,0.102,0.042,100.0,0.053,0.87,8710.1
190,城市_190,2034,1,中等城市,120.4,72.3,1,0,0,96.2,7990.03,133.0,47429.1,0.886,4,4904,0.13,0.035,100.0,0.057,0.58,29104.4
191,城市_191,2034,3,特大城市,415.7,220.0,1,0,1,453.91,10919.18,206.34,177711.4,0.878,31,13497,0.101,0.092,100.0,0.053,1.21,108689.5
192,城市_192,2034,2,大城市,218.61,51.6,0,0,0,166.4,7611.58,322.38,93832.9,0.872,4,5063,0.126,0.034,100.0,0.058,1.63,55802.4
193,城市_193,2034,0,小城市,39.05,642.4,1,0,0,27.65,7079.97,4.3,14797.4,0.896,0,1636,0.099,0.044,100.0,0.052,1.44,8726.5
194,城市_194,2034,2,大城市,208.6,381.3,1,0,1,211.49,10138.75,55.47,80907.6,0.911,8,7306,0.13,0.066,100.0,0.056,1.41,43691.0
195,城市_195,2034,2,大城市,343.29,102.0,0,0,1,275.69,8031.03,270.37,136042.5,0.945,15,13235,0.122,0.087,100.0,0.052,1.23,81975.5
196,城市_196,2034,0,小城市,90.66,50.0,0,0,1,64.05,7064.99,128.1,33877.0,0.901,1,2072,0.114,0.048,100.0,0.064,0.58,19982.1
197,城市_197,2034,2,大城市,222.44,438.4,1,0,0,215.48,9687.2,49.15,88191.0,0.873,8,7217,0.125,0.041,100.0,0.054,1.34,53574.0
198,城市_198,2034,2,大城市,170.78,135.4,0,0,0,116.51,6822.12,86.04,73321.2,0.9,12,7256,0.121,0.052,100.0,0.056,1.06,45073.4
199,城市_199,2034,0,小城市,69.87,399.5,1,0,0,59.48,8513.8,14.89,28241.4,0.927,2,4513,0.123,0.07,100.0,0.061,1.2,17996.3
0,城市_000,2035,2,大城市,285.02,197.6,0,0,0,257.98,9051.32,130.56,121706.3,0.909,9,15228,0.106,0.058,100.0,0.059,1.24,73738.9
1,城市_001,2035,1,中等城市,143.63,232.4,0,0,0,88.58,6166.8,38.11,66430.1,0.881,3,4642,0.118,0.052,100.0,0.063,2.22,37328.6
2,城市_002,2035,3,特大城市,350.75,353.0,0,0,0,300.19,8558.42,85.04,131452.9,0.87,17,10391,0.076,0.069,100.0,0.06,0.93,81499.6
3,城市_003,2035,3,特大城市,821.8,344.8,1,0,0,771.61,9389.24,223.77,338419.0,0.923,27,29770,0.113,0.079,100.0,0.059,2.15,204916.6
4,城市_004,2035,1,中等城市,139.91,50.0,1,0,0,113.07,8081.78,226.15,50836.4,0.877,4,4836,0.118,0.069,100.0,0.061,1.01,30229.3
5,城市_005,2035,1,中等城市,195.18,70.1,1,0,0,154.44,7912.93,220.36,77580.6,0.944,5,8827,0.101,0.03,100.0,0.057,1.31,45109.9
6,城市_006,2035,3,特大城市,990.35,224.1,1,0,1,1105.38,11161.46,493.28,399542.4,0.921,51,52472,0.09,0.113,100.0,0.053,2.42,235549.1
7,城市_007,2035,3,特大城市,573.5,223.9,0,0,0,485.47,8465.07,216.86,241773.4,0.936,23,30455,0.1,0.059,100.0,0.052,0.7,146778.2
8,城市_008,2035,1,中等城市,124.85,224.1,1,0,0,117.08,9377.52,52.25,50284.6,0.903,3,4095,0.106,0.076,100.0,0.06,0.67,28713.2
9,城市_009,2035,3,特大城市,288.95,3236.3,1,0,0,282.43,9774.32,8.73,104344.9,0.92,19,11648,0.063,0.03,100.0,0.05,1.73,61645.5
10,城市_010,2035,1,中等城市,111.53,234.3,1,0,0,110.62,9918.08,47.21,43283.1,0.903,4,6412,0.075,0.046,100.0,0.065,1.16,25991.5
11,城市_011,2035,1,中等城市,145.65,368.1,0,0,1,157.0,10778.91,42.65,48558.9,0.922,3,8471,0.142,0.03,100.0,0.054,1.25,26892.5
12,城市_012,2035,2,大城市,215.15,318.4,0,0,0,241.56,11227.67,75.88,82714.6,0.863,6,6085,0.113,0.036,100.0,0.059,1.56,47020.0
13,城市_013,2035,0,小城市,31.99,249.9,0,0,0,19.07,5960.08,7.63,11122.7,0.918,0,1405,0.13,0.052,100.0,0.061,0.59,6453.4
14,城市_014,2035,0,小城市,33.77,115.3,1,0,0,25.46,7538.79,22.07,11860.8,0.914,1,1410,0.118,0.044,100.0,0.066,1.56,7674.5
15,城市_015,2035,1,中等城市,99.22,272.4,0,0,0,71.2,7175.72,26.14,36536.7,0.899,2,4819,0.109,0.078,100.0,0.051,1.51,21011.5
16,城市_016,2035,0,小城市,88.83,80.0,0,0,0,114.81,12924.57,143.55,32056.6,0.893,3,4745,0.095,0.087,100.0,0.058,1.21,19180.3
17,城市_017,2035,2,大城市,250.76,122.8,0,0,0,241.52,9631.57,196.68,97073.7,0.898,10,6750,0.112,0.035,100.0,0.061,1.48,55213.9
18,城市_018,2035,0,小城市,71.29,100.7,0,0,0,68.12,9555.34,67.68,26983.8,0.907,1,2131,0.13,0.041,100.0,0.068,1.65,15561.8
19,城市_019,2035,0,小城市,48.09,158.5,0,0,0,38.11,7923.26,24.05,17887.7,0.925,1,2322,0.117,0.03,100.0,0.059,0.75,9959.3
20,城市_020,2035,3,特大城市,802.52,945.5,0,0,0,534.56,6661.02,56.54,339472.1,0.902,41,30863,0.116,0.086,100.0,0.052,2.11,210509.7
21,城市_021,2035,1,中等城市,219.97,50.0,0,0,1,169.52,7706.32,339.04,82543.5,0.87,8,4148,0.1,0.057,100.0,0.069,2.09,46243.6
22,城市_022,2035,2,大城市,249.56,257.0,0,0,1,197.69,7921.73,76.93,107569.4,0.954,6,5569,0.114,0.055,100.0,0.062,1.56,67468.7
23,城市_023,2035,0,小城市,44.04,50.0,1,0,0,30.56,6937.94,61.11,18038.1,0.914,0,1976,0.09,0.057,100.0,0.067,0.93,11076.1
24,城市_024,2035,1,中等城市,108.05,101.7,0,0,0,91.93,8507.92,90.35,36954.0,0.894,2,5112,0.112,0.046,100.0,0.053,2.26,22088.8
25,城市_025,2035,2,大城市,165.34,354.7,1,0,0,150.07,9076.19,42.31,64882.2,0.926,5,4057,0.089,0.036,100.0,0.062,1.28,40759.1
26,城市_026,2035,0,小城市,64.47,156.2,0,0,0,33.25,5156.68,21.28,22945.6,0.92,1,3298,0.094,0.052,100.0,0.054,1.76,15903.5
27,城市_027,2035,2,大城市,260.47,62.7,0,0,1,221.66,8510.26,353.73,111126.6,0.914,10,9031,0.084,0.049,100.0,0.052,1.04,68267.9
28,城市_028,2035,1,中等城市,110.98,83.7,1,0,0,83.4,7515.06,99.59,42090.6,0.892,3,3004,0.093,0.059,100.0,0.062,1.64,23840.0
29,城市_029,2035,1,中等城市,111.43,255.6,0,0,0,110.85,9947.85,43.36,42491.9,0.915,6,3464,0.088,0.03,100.0,0.063,0.83,27393.3
30,城市_030,2035,1,中等城市,109.01,82.7,0,0,0,96.12,8818.02,116.17,43016.9,0.924,4,2778,0.136,0.055,100.0,0.057,1.27,26050.3
31,城市_031,2035,3,特大城市,1631.19,176.5,0,0,0,1687.42,10344.73,956.19,691693.0,0.892,153,49884,0.108,0.063,100.0,0.057,2.28,458823.3
32,城市_032,2035,1,中等城市,198.64,153.9,1,0,0,176.2,8870.43,114.47,88792.6,0.908,6,4171,0.111,0.056,100.0,0.057,2.14,51927.5
33,城市_033,2035,0,小城市,61.87,88.1,0,0,0,36.58,5912.87,41.51,23760.5,0.907,1,2226,0.082,0.069,100.0,0.058,0.95,15170.1
34,城市_034,2035,3,特大城市,453.31,824.8,1,0,0,467.09,10303.99,56.63,198931.1,0.913,26,19888,0.108,0.046,100.0,0.057,0.89,119357.7
35,城市_035,2035,0,小城市,58.37,246.4,0,0,0,41.64,7134.31,16.9,21082.9,0.902,1,1433,0.107,0.075,100.0,0.058,1.1,14330.1
36,城市_036,2035,2,大城市,338.6,50.0,0,0,0,271.7,8024.2,543.4,134593.2,0.929,18,12520,0.068,0.03,100.0,0.064,1.6,79618.9
37,城市_037,2035,0,小城市,26.8,172.3,0,0,0,22.82,8516.31,13.25,10111.9,0.896,0,774,0.072,0.081,100.0,0.055,1.01,6977.7
38,城市_038,2035,0,小城市,44.29,87.4,0,0,0,33.97,7668.66,38.86,17001.7,0.901,1,1991,0.082,0.075,100.0,0.056,0.64,10425.3
39,城市_039,2035,2,大城市,243.97,293.5,0,0,0,193.41,7927.38,65.89,87185.9,0.91,9,4482,0.078,0.036,100.0,0.052,1.76,54526.8
40,城市_040,2035,3,特大城市,430.19,78.7,0,0,0,364.66,8476.78,463.2,176563.9,0.903,17,19593,0.109,0.039,100.0,0.067,2.05,114944.9
41,城市_041,2035,2,大城市,257.46,135.4,0,0,0,239.56,9304.64,176.93,105884.5,0.876,9,5490,0.109,0.03,100.0,0.057,0.5,61028.4
42,城市_042,2035,1,中等城市,198.76,222.3,1,0,0,178.04,8957.22,80.09,76886.6,0.907,8,6865,0.082,0.072,100.0,0.055,0.75,48367.3
43,城市_043,2035,1,中等城市,196.53,296.7,0,0,0,169.14,8606.28,57.01,79136.3,0.908,9,5844,0.106,0.047,100.0,0.057,1.11,46786.8
44,城市_044,2035,0,小城市,41.71,56.8,0,0,0,25.47,6107.16,44.83,14972.0,0.893,0,1376,0.092,0.043,100.0,0.064,0.77,9051.1
45,城市_045,2035,0,小城市,87.87,113.6,1,0,1,59.2,6737.3,52.13,27549.2,0.899,2,2043,0.099,0.03,100.0,0.063,1.35,16598.1
46,城市_046,2035,1,中等城市,95.7,101.5,0,0,0,68.11,7116.64,67.1,32474.1,0.838,3,5793,0.089,0.088,100.0,0.057,2.01,20042.1
47,城市_047,2035,3,特大城市,633.43,88.0,0,0,0,593.83,9374.87,674.81,283647.7,0.934,39,15840,0.12,0.041,100.0,0.054,1.42,174700.2
48,城市_048,2035,2,大城市,247.05,609.3,1,0,0,215.34,8716.52,35.34,95732.3,0.922,13,6326,0.137,0.054,100.0,0.051,2.03,55787.5
49,城市_049,2035,0,小城市,39.04,205.2,1,0,0,27.69,7093.85,13.5,14282.0,0.874,1,2460,0.116,0.055,100.0,0.06,0.5,8622.7
50,城市_050,2035,2,大城市,256.89,54.1,0,0,0,222.37,8656.09,410.84,101678.6,0.891,8,10411,0.132,0.046,100.0,0.065,1.48,53886.6
51,城市_051,2035,1,中等城市,174.8,309.3,1,0,0,196.25,11226.95,63.45,63550.6,0.932,9,4414,0.075,0.041,100.0,0.056,0.87,40018.2
52,城市_052,2035,1,中等城市,82.09,810.6,0,0,0,73.09,8903.3,9.02,29573.1,0.878,2,2905,0.088,0.044,100.0,0.063,1.32,19246.7
53,城市_053,2035,3,特大城市,427.69,339.0,0,0,0,474.11,11085.38,139.86,178334.3,0.916,14,14659,0.118,0.068,100.0,0.054,0.54,108020.4
54,城市_054,2035,3,特大城市,639.3,50.0,0,0,0,662.37,10360.86,1324.74,274210.7,0.9,26,14175,0.14,0.053,100.0,0.05,0.98,151314.8
55,城市_055,2035,3,特大城市,547.61,100.7,1,0,0,526.6,9616.35,522.69,268254.4,0.917,30,16046,0.122,0.091,100.0,0.06,1.77,166931.6
56,城市_056,2035,0,小城市,73.16,408.9,0,0,0,60.27,8238.17,14.74,26181.4,0.902,2,2670,0.081,0.036,100.0,0.071,0.76,15109.0
57,城市_057,2035,1,中等城市,158.5,84.3,0,0,0,137.44,8671.28,163.12,70014.3,0.897,4,8525,0.094,0.068,100.0,0.062,0.99,42391.5
58,城市_058,2035,2,大城市,283.43,211.7,0,0,0,284.57,10040.47,134.44,105266.0,0.912,9,9852,0.111,0.03,100.0,0.056,2.19,65324.4
59,城市_059,2035,3,特大城市,403.83,275.8,0,0,0,321.72,7966.68,116.64,170059.7,0.897,15,14357,0.103,0.041,100.0,0.056,1.46,104823.7
60,城市_060,2035,1,中等城市,155.29,70.7,0,0,0,144.82,9325.66,204.83,60813.5,0.867,4,4473,0.087,0.036,100.0,0.069,1.6,38460.0
61,城市_061,2035,1,中等城市,157.66,141.5,0,0,0,135.44,8590.57,95.71,60307.1,0.884,3,8057,0.097,0.03,100.0,0.061,0.77,36449.1
62,城市_062,2035,0,小城市,82.02,50.0,0,0,0,49.02,5976.8,98.04,30657.8,0.88,1,3955,0.101,0.057,100.0,0.056,0.5,18554.1
63,城市_063,2035,0,小城市,59.79,65.4,0,0,0,45.96,7687.27,70.28,20939.6,0.869,1,2787,0.079,0.049,100.0,0.059,1.02,13026.6
64,城市_064,2035,3,特大城市,519.74,121.3,0,0,0,404.27,7778.36,333.39,229141.6,0.916,26,19772,0.128,0.03,100.0,0.058,0.76,136994.2
65,城市_065,2035,3,特大城市,682.9,54.7,0,0,0,613.16,8978.88,1121.06,265410.7,0.908,42,15551,0.102,0.101,100.0,0.058,1.31,153769.1
66,城市_066,2035,1,中等城市,191.81,547.8,0,0,0,160.08,8345.52,29.22,76767.9,0.91,4,9776,0.102,0.057,100.0,0.066,1.3,47101.8
67,城市_067,2035,3,特大城市,556.53,50.0,0,0,0,422.98,7600.31,845.96,243303.0,0.919,18,20828,0.13,0.059,100.0,0.063,1.48,137742.1
68,城市_068,2035,2,大城市,273.42,104.4,1,0,0,240.36,8790.75,230.29,121307.1,0.92,9,9169,0.102,0.081,100.0,0.059,1.43,72489.9
69,城市_069,2035,1,中等城市,92.16,164.8,0,0,0,73.85,8013.36,44.82,37468.1,0.91,2,3878,0.121,0.071,100.0,0.059,1.39,20932.2
70,城市_070,2035,2,大城市,181.37,470.1,0,0,1,172.62,9517.68,36.72,73874.2,0.883,9,7136,0.082,0.047,100.0,0.061,0.58,43094.9
71,城市_071,2035,3,特大城市,820.72,50.0,0,0,0,760.07,9261.0,1520.14,327241.6,0.925,54,21907,0.122,0.03,100.0,0.052,1.32,191305.4
72,城市_072,2035,1,中等城市,213.55,376.4,0,0,1,192.29,9004.5,51.09,78668.0,0.908,7,7135,0.12,0.065,100.0,0.064,0.5,44878.0
73,城市_073,2035,3,特大城市,776.72,149.6,0,0,0,754.79,9717.66,504.43,296717.7,0.956,45,16139,0.096,0.043,100.0,0.054,1.57,187827.0
74,城市_074,2035,0,小城市,22.68,67.7,0,0,0,14.64,6456.38,21.63,7204.0,0.901,0,855,0.097,0.075,100.0,0.062,1.39,4542.4
75,城市_075,2035,3,特大城市,367.39,214.8,0,0,0,261.17,7108.62,121.59,148067.9,0.914,16,20143,0.103,0.04,100.0,0.066,2.1,94677.6
76,城市_076,2035,2,大城市,224.7,174.0,0,0,1,191.94,8542.08,110.29,83374.8,0.902,8,4823,0.108,0.045,100.0,0.061,1.31,49555.1
77,城市_077,2035,1,中等城市,129.81,91.8,0,0,0,119.22,9183.92,129.84,54671.3,0.903,6,4963,0.112,0.03,100.0,0.06,1.81,32091.6
78,城市_078,2035,2,大城市,261.7,156.9,0,0,0,200.71,7669.37,127.89,99014.6,0.904,12,11765,0.086,0.03,100.0,0.056,1.45,61795.8
79,城市_079,2035,0,小城市,30.48,109.0,0,0,0,20.9,6857.32,19.17,10930.3,0.892,0,1432,0.099,0.048,100.0,0.059,1.08,6600.3
80,城市_080,2035,1,中等城市,165.14,162.5,0,0,0,137.54,8329.1,84.63,62612.4,0.906,4,4856,0.134,0.049,100.0,0.053,0.85,37799.4
81,城市_081,2035,2,大城市,298.5,252.1,0,0,0,314.91,10549.52,124.93,106425.1,0.917,11,7889,0.126,0.045,100.0,0.061,0.5,55733.3
82,城市_082,2035,3,特大城市,782.36,527.9,0,0,0,775.29,9909.66,146.88,357312.8,0.904,25,24133,0.129,0.104,100.0,0.044,2.37,222497.1
83,城市_083,2035,1,中等城市,106.29,55.1,0,0,0,89.32,8403.11,162.0,42570.5,0.918,3,5589,0.098,0.064,100.0,0.064,1.08,26339.2
84,城市_084,2035,0,小城市,98.77,817.6,0,1,0,78.79,7977.3,9.64,39775.5,0.916,2,2175,0.144,0.052,100.0,0.063,1.79,23858.9
85,城市_085,2035,1,中等城市,138.24,50.0,1,0,1,106.14,7677.94,212.28,55649.9,0.885,5,3531,0.123,0.03,100.0,0.06,0.66,34752.0
86,城市_086,2035,3,特大城市,553.0,131.4,0,0,1,444.17,8032.0,337.92,214090.3,0.89,32,17728,0.11,0.075,100.0,0.054,2.75,132318.7
87,城市_087,2035,2,大城市,258.9,237.6,0,0,0,218.61,8443.8,92.0,96647.6,0.913,10,7107,0.109,0.114,100.0,0.058,1.13,55968.6
88,城市_088,2035,1,中等城市,111.01,185.8,1,0,0,95.19,8574.76,51.23,43697.4,0.89,2,4033,0.093,0.048,100.0,0.05,0.76,25930.3
89,城市_089,2035,3,特大城市,290.81,90.2,1,0,1,264.17,9083.96,292.92,131072.1,0.884,8,16353,0.113,0.038,100.0,0.062,1.17,74680.5
90,城市_090,2035,2,大城市,246.33,125.7,0,0,0,269.65,10946.79,214.61,100374.8,0.938,8,6315,0.116,0.057,100.0,0.058,1.32,64628.0
91,城市_091,2035,3,特大城市,393.24,100.0,0,0,0,416.78,10598.44,416.6,171992.6,0.887,21,13845,0.12,0.03,100.0,0.065,1.35,108237.6
92,城市_092,2035,1,中等城市,71.33,92.6,1,0,1,66.39,9307.16,71.67,25396.3,0.871,2,2617,0.098,0.06,100.0,0.061,0.81,14617.6
93,城市_093,2035,1,中等城市,106.87,292.9,1,0,0,63.44,5936.39,21.66,44214.1,0.886,3,3556,0.072,0.082,100.0,0.06,0.5,27349.4
94,城市_094,2035,1,中等城市,98.15,197.5,0,0,0,99.29,10116.4,50.28,35811.4,0.906,6,2248,0.106,0.038,100.0,0.061,0.69,21786.1
95,城市_095,2035,0,小城市,56.36,85.3,0,0,0,44.25,7851.48,51.9,21086.2,0.902,2,1712,0.115,0.038,100.0,0.055,1.59,12217.8
96,城市_096,2035,2,大城市,301.4,304.8,0,0,1,286.83,9516.58,94.1,116813.4,0.943,18,9164,0.085,0.053,100.0,0.056,0.85,70523.7
97,城市_097,2035,2,大城市,217.19,189.8,0,0,1,215.05,9901.46,113.32,91559.2,0.888,10,9662,0.102,0.043,100.0,0.059,0.5,57293.3
98,城市_098,2035,2,大城市,197.66,284.4,0,0,1,170.01,8600.89,59.78,83025.1,0.908,8,8247,0.13,0.03,100.0,0.057,0.66,52156.2
99,城市_099,2035,1,中等城市,195.68,245.6,0,0,0,142.73,7294.21,58.12,67910.0,0.926,8,4519,0.079,0.045,100.0,0.056,1.15,45497.0
100,城市_100,2035,0,小城市,52.2,76.5,0,0,1,48.54,9299.53,63.48,21218.0,0.888,0,1709,0.095,0.039,100.0,0.058,0.67,12790.8
101,城市_101,2035,1,中等城市,178.42,94.8,1,0,0,134.9,7560.88,142.29,83889.5,0.917,4,5649,0.133,0.08,100.0,0.059,1.03,49735.3
102,城市_102,2035,1,中等城市,139.42,269.8,0,0,0,99.5,7136.39,36.87,52038.7,0.866,4,9219,0.105,0.075,100.0,0.071,0.74,32100.8
103,城市_103,2035,0,小城市,81.3,241.8,0,0,0,61.46,7560.21,25.41,30081.0,0.936,2,3264,0.091,0.079,100.0,0.058,1.58,17883.5
104,城市_104,2035,1,中等城市,144.88,146.0,1,0,0,113.57,7838.76,77.81,61552.8,0.922,4,3857,0.102,0.068,100.0,0.056,1.39,35851.6
105,城市_105,2035,2,大城市,300.24,163.0,1,0,0,268.77,8951.98,164.87,120441.5,0.891,13,8749,0.121,0.059,100.0,0.057,2.4,68919.8
106,城市_106,2035,3,特大城市,1510.59,412.5,0,0,0,1570.33,10395.5,380.73,653260.5,0.941,50,49605,0.12,0.057,100.0,0.058,2.27,324781.7
107,城市_107,2035,2,大城市,241.34,92.5,0,0,0,258.45,10709.15,279.54,110861.5,0.93,11,9897,0.116,0.08,100.0,0.066,1.09,68960.8
108,城市_108,2035,2,大城市,245.14,229.9,0,0,0,230.16,9388.84,100.11,86885.9,0.878,9,10430,0.109,0.061,100.0,0.068,1.83,47862.0
109,城市_109,2035,1,中等城市,222.79,126.2,0,0,0,170.01,7630.9,134.67,82225.8,0.892,8,8704,0.11,0.03,100.0,0.059,1.41,47165.1
110,城市_110,2035,0,小城市,31.69,124.7,0,0,0,20.23,6384.41,16.22,11682.5,0.927,0,1094,0.114,0.032,100.0,0.063,0.56,7112.0
111,城市_111,2035,1,中等城市,191.3,357.5,0,0,0,154.22,8061.51,43.14,65561.6,0.904,5,6756,0.097,0.03,100.0,0.054,1.46,38704.6
112,城市_112,2035,2,大城市,189.45,287.2,0,0,0,152.66,8058.34,53.15,71700.8,0.912,6,6704,0.084,0.03,100.0,0.057,1.38,47643.7
113,城市_113,2035,3,特大城市,2259.31,284.5,0,0,0,2298.9,10175.2,807.99,967206.0,0.938,169,48684,0.146,0.094,100.0,0.04,2.29,536531.2
114,城市_114,2035,1,中等城市,176.63,421.7,0,0,0,126.9,7184.52,30.09,74121.9,0.921,4,6379,0.1,0.03,100.0,0.061,0.85,49451.3
115,城市_115,2035,2,大城市,240.66,150.9,0,0,0,219.89,9136.74,145.69,100385.0,0.914,5,7445,0.095,0.039,100.0,0.059,1.33,64388.7
116,城市_116,2035,1,中等城市,160.74,256.1,0,0,0,126.02,7839.99,49.21,54334.6,0.905,4,3601,0.113,0.053,100.0,0.06,1.88,34082.6
117,城市_117,2035,0,小城市,57.83,115.8,0,1,0,37.92,6557.05,32.75,20106.5,0.859,1,4394,0.126,0.047,100.0,0.055,1.41,12932.1
118,城市_118,2035,3,特大城市,621.8,192.4,0,0,1,644.47,10364.5,335.04,243490.4,0.923,28,25114,0.107,0.046,100.0,0.06,1.32,149049.8
119,城市_119,2035,3,特大城市,517.04,133.7,1,0,0,555.28,10739.41,415.19,208353.4,0.923,24,19095,0.109,0.089,100.0,0.045,1.15,114365.7
120,城市_120,2035,3,特大城市,371.11,160.4,0,0,0,327.01,8811.66,203.89,137077.8,0.881,13,12213,0.082,0.03,100.0,0.056,1.76,84363.9
121,城市_121,2035,0,小城市,83.18,238.9,0,1,0,85.28,10253.29,35.7,32270.9,0.878,1,3809,0.097,0.03,100.0,0.059,0.5,17929.1
122,城市_122,2035,3,特大城市,779.74,77.1,1,0,1,1072.08,13749.19,1390.06,308708.9,0.923,42,20240,0.117,0.072,100.0,0.045,1.35,180332.1
123,城市_123,2035,0,小城市,47.54,791.5,0,0,0,37.97,7987.34,4.8,18134.7,0.905,1,1592,0.1,0.038,100.0,0.062,1.75,10838.4
124,城市_124,2035,3,特大城市,449.7,66.4,0,0,1,390.8,8690.16,588.85,183059.4,0.868,25,12432,0.1,0.044,100.0,0.056,1.58,104832.3
125,城市_125,2035,3,特大城市,1807.02,56.2,0,0,0,2021.45,11186.67,3597.85,729665.4,0.913,94,82542,0.144,0.058,100.0,0.051,2.37,458508.1
126,城市_126,2035,0,小城市,64.82,374.8,0,0,1,41.27,6367.9,11.01,26768.3,0.907,1,1860,0.102,0.058,100.0,0.07,0.5,15889.3
127,城市_127,2035,1,中等城市,129.14,279.6,1,0,0,93.01,7202.78,33.27,55332.6,0.916,1,6610,0.154,0.057,100.0,0.061,1.55,33879.0
128,城市_128,2035,2,大城市,248.66,244.5,0,0,1,169.56,6818.76,69.34,100601.0,0.892,8,8879,0.108,0.056,100.0,0.063,1.28,60332.2
129,城市_129,2035,1,中等城市,104.13,245.3,0,0,0,76.1,7308.37,31.02,38658.9,0.899,3,4832,0.05,0.04,100.0,0.066,0.99,23341.7
130,城市_130,2035,0,小城市,35.51,147.0,0,0,0,21.24,5981.62,14.45,11704.0,0.883,0,1472,0.078,0.036,100.0,0.062,1.22,6711.0
131,城市_131,2035,2,大城市,227.2,72.4,0,0,0,216.97,9549.45,299.68,97403.4,0.93,7,11484,0.114,0.05,100.0,0.054,1.3,55011.3
132,城市_132,2035,0,小城市,68.71,157.7,0,0,0,47.27,6879.27,29.97,27200.1,0.905,1,1909,0.088,0.07,100.0,0.051,1.11,16194.6
133,城市_133,2035,2,大城市,299.25,86.3,0,0,0,278.98,9322.78,323.13,111859.0,0.891,7,14445,0.093,0.086,100.0,0.06,0.63,63873.4
134,城市_134,2035,0,小城市,92.96,323.8,0,0,1,82.56,8880.91,25.5,33110.3,0.878,3,1955,0.077,0.074,100.0,0.057,0.58,21250.4
135,城市_135,2035,3,特大城市,862.31,131.9,1,0,1,1024.19,11877.2,776.25,376222.9,0.889,43,32135,0.104,0.074,100.0,0.061,2.21,210198.3
136,城市_136,2035,0,小城市,97.09,76.7,0,0,0,73.42,7562.04,95.75,33329.0,0.938,2,3032,0.105,0.071,100.0,0.057,1.37,22334.1
137,城市_137,2035,1,中等城市,171.87,114.8,0,0,0,152.19,8855.16,132.61,63436.6,0.899,3,4148,0.11,0.03,100.0,0.059,1.36,38636.8
138,城市_138,2035,3,特大城市,428.63,206.5,0,0,0,418.64,9766.85,202.72,160198.5,0.899,14,12060,0.087,0.043,100.0,0.051,1.12,96452.3
139,城市_139,2035,0,小城市,44.47,94.5,0,0,0,39.63,8911.26,41.91,14877.5,0.896,1,1349,0.117,0.061,100.0,0.058,1.43,8685.3
140,城市_140,2035,2,大城市,236.3,76.9,0,0,0,232.05,9819.92,301.84,87951.4,0.891,10,8195,0.08,0.051,100.0,0.054,1.04,54504.2
141,城市_141,2035,3,特大城市,758.99,180.4,0,0,0,907.61,11958.03,503.22,341074.0,0.91,37,23854,0.121,0.069,100.0,0.051,2.39,202554.2
142,城市_142,2035,0,小城市,46.36,180.5,0,0,0,26.7,5760.63,14.79,14640.9,0.901,1,1746,0.107,0.07,100.0,0.059,0.67,8916.5
143,城市_143,2035,2,大城市,222.48,98.9,0,0,0,174.75,7854.53,176.63,90539.2,0.904,7,6380,0.085,0.07,100.0,0.056,0.95,56610.1
144,城市_144,2035,2,大城市,333.02,101.8,0,0,0,351.52,10555.5,345.25,136356.8,0.88,20,10618,0.084,0.034,100.0,0.071,1.25,84552.0
145,城市_145,2035,3,特大城市,360.19,178.7,1,0,0,358.18,9944.1,200.45,156719.7,0.924,16,12149,0.113,0.056,100.0,0.062,1.77,99861.1
146,城市_146,2035,0,小城市,59.39,50.0,0,0,0,44.21,7442.97,88.41,22309.4,0.89,1,2307,0.09,0.033,100.0,0.065,1.04,13745.6
147,城市_147,2035,0,小城市,51.49,50.0,0,0,0,35.84,6961.19,71.69,18249.9,0.888,1,2443,0.097,0.035,100.0,0.059,1.07,10429.1
148,城市_148,2035,3,特大城市,409.85,83.5,0,0,1,426.05,10395.27,510.03,155613.8,0.893,15,19478,0.12,0.03,100.0,0.058,1.2,83659.0
149,城市_149,2035,2,大城市,216.1,125.1,1,0,0,138.93,6429.04,111.04,91815.1,0.882,7,8536,0.113,0.056,100.0,0.056,1.34,55670.4
150,城市_150,2035,2,大城市,273.14,190.3,0,0,0,272.57,9979.03,143.21,112874.7,0.91,7,11432,0.086,0.03,100.0,0.071,1.23,68488.3
151,城市_151,2035,2,大城市,272.47,483.1,0,0,0,244.68,8980.08,50.64,104009.4,0.922,14,11006,0.103,0.062,100.0,0.058,0.87,68415.1
152,城市_152,2035,1,中等城市,126.5,294.8,1,0,0,96.3,7612.67,32.67,51985.8,0.888,4,4234,0.083,0.079,100.0,0.056,1.19,31010.8
153,城市_153,2035,2,大城市,222.95,130.6,1,0,1,208.65,9358.76,159.78,84576.2,0.867,11,10746,0.121,0.064,100.0,0.055,1.29,51695.9
154,城市_154,2035,2,大城市,284.59,146.2,1,0,0,238.99,8397.54,163.5,113246.8,0.884,12,7957,0.135,0.056,100.0,0.06,2.45,70588.4
155,城市_155,2035,0,小城市,86.39,66.6,0,0,0,68.37,7913.74,102.73,30862.1,0.892,3,1719,0.084,0.082,100.0,0.067,0.78,18992.6
156,城市_156,2035,3,特大城市,1326.69,146.2,0,0,0,1371.67,10339.03,938.02,595083.3,0.897,63,35709,0.121,0.078,100.0,0.057,1.87,372116.5
157,城市_157,2035,2,大城市,303.83,117.8,0,0,1,304.32,10016.12,258.31,112030.4,0.893,17,17027,0.123,0.038,100.0,0.054,1.43,64468.3
158,城市_158,2035,0,小城市,57.34,192.1,1,0,1,44.38,7739.3,23.1,20564.5,0.89,1,1930,0.101,0.053,100.0,0.056,0.56,11736.3
159,城市_159,2035,3,特大城市,286.7,76.6,0,0,0,191.73,6687.44,250.39,108312.8,0.904,11,11451,0.116,0.094,100.0,0.064,0.74,64076.0
160,城市_160,2035,0,小城市,80.09,224.9,0,0,0,50.82,6345.28,22.6,30553.7,0.872,2,2714,0.102,0.03,100.0,0.07,0.5,16339.5
161,城市_161,2035,3,特大城市,373.95,505.8,0,0,0,290.79,7776.24,57.49,155622.5,0.918,33,16281,0.085,0.03,100.0,0.057,0.98,93188.7
162,城市_162,2035,3,特大城市,539.43,136.0,1,0,1,548.66,10171.11,403.29,202903.8,0.942,33,20269,0.111,0.071,100.0,0.063,1.15,117727.3
163,城市_163,2035,0,小城市,69.82,204.7,0,0,0,58.52,8381.65,28.59,26754.8,0.93,2,2516,0.124,0.047,100.0,0.052,0.5,16311.5
164,城市_164,2035,3,特大城市,447.78,257.8,0,0,1,536.12,11972.72,207.97,161969.7,0.896,17,19803,0.114,0.047,100.0,0.053,1.31,95893.8
165,城市_165,2035,2,大城市,324.81,107.7,0,0,0,251.59,7745.9,233.68,155056.2,0.919,14,10391,0.138,0.03,100.0,0.053,0.5,88310.2
166,城市_166,2035,3,特大城市,485.56,177.6,0,0,0,555.26,11435.55,312.73,190504.7,0.919,22,19972,0.072,0.03,100.0,0.059,1.72,121794.5
167,城市_167,2035,3,特大城市,1467.21,149.9,0,0,0,1154.0,7865.22,769.76,689278.1,0.923,138,51219,0.131,0.045,100.0,0.05,2.14,415273.2
168,城市_168,2035,1,中等城市,134.27,160.5,0,0,0,110.96,8263.82,69.14,52298.8,0.906,4,4782,0.089,0.084,100.0,0.06,0.93,32733.1
169,城市_169,2035,0,小城市,97.01,80.0,0,0,0,80.25,8271.81,100.35,37299.1,0.915,4,2791,0.084,0.051,100.0,0.065,1.39,22584.8
170,城市_170,2035,0,小城市,74.94,151.4,0,0,0,60.35,8052.52,39.87,25414.8,0.919,1,2584,0.128,0.03,100.0,0.056,1.26,15602.7
171,城市_171,2035,0,小城市,101.59,221.1,0,0,0,77.69,7647.19,35.15,41080.3,0.885,4,3177,0.097,0.075,100.0,0.06,0.78,22970.9
172,城市_172,2035,1,中等城市,196.85,473.9,0,0,0,171.71,8722.73,36.24,77207.6,0.918,5,10163,0.096,0.078,100.0,0.052,1.42,49285.0
173,城市_173,2035,2,大城市,255.02,319.7,0,0,0,186.44,7310.93,58.32,104798.3,0.937,13,5660,0.111,0.079,100.0,0.064,2.02,65641.5
174,城市_174,2035,2,大城市,306.73,830.9,0,0,0,313.14,10208.92,37.69,121638.0,0.923,9,14734,0.062,0.047,100.0,0.064,0.79,72914.1
175,城市_175,2035,3,特大城市,492.08,80.3,0,0,1,480.69,9768.55,598.41,203366.6,0.939,27,10727,0.135,0.053,100.0,0.059,1.85,123777.1
176,城市_176,2035,2,大城市,164.79,298.2,0,0,1,146.43,8885.75,49.1,59439.4,0.851,4,7122,0.141,0.055,100.0,0.06,0.6,37451.5
177,城市_177,2035,3,特大城市,666.96,171.9,0,0,1,620.8,9307.9,361.22,273597.3,0.923,46,19083,0.129,0.089,100.0,0.053,2.23,161105.0
178,城市_178,2035,1,中等城市,125.57,855.6,0,0,1,97.85,7792.75,11.44,46383.9,0.907,5,5474,0.11,0.041,100.0,0.052,0.77,25627.5
179,城市_179,2035,3,特大城市,3095.26,77.7,1,0,0,3801.03,12280.17,4889.45,1311713.0,0.971,192,109797,0.146,0.085,100.0,0.042,3.62,773126.4
180,城市_180,2035,3,特大城市,321.38,75.8,0,0,0,367.52,11435.72,484.8,130066.6,0.883,16,7693,0.084,0.069,100.0,0.062,1.89,78634.6
181,城市_181,2035,0,小城市,111.42,91.9,1,0,0,73.1,6561.03,79.56,43555.7,0.892,4,6161,0.126,0.076,100.0,0.069,1.47,26091.0
182,城市_182,2035,0,小城市,58.46,50.0,0,0,0,35.64,6097.02,71.29,21930.3,0.919,1,2714,0.119,0.05,100.0,0.058,0.72,14025.0
183,城市_183,2035,2,大城市,272.02,97.5,0,0,0,250.75,9218.1,257.3,107128.0,0.883,8,11637,0.113,0.068,100.0,0.06,1.33,61191.8
184,城市_184,2035,1,中等城市,181.71,80.9,1,0,0,146.95,8086.98,181.74,73073.3,0.908,4,5516,0.11,0.055,100.0,0.064,0.82,42017.3
185,城市_185,2035,3,特大城市,467.09,167.4,0,0,0,445.39,9535.29,266.08,194272.0,0.907,15,21917,0.114,0.053,100.0,0.063,0.66,110396.8
186,城市_186,2035,2,大城市,347.86,195.1,0,0,0,314.81,9049.89,161.37,140922.9,0.902,10,8707,0.095,0.039,100.0,0.055,1.43,86366.3
187,城市_187,2035,1,中等城市,205.06,665.8,0,0,0,193.73,9447.19,29.1,81352.8,0.915,10,3866,0.153,0.03,100.0,0.057,1.02,45087.3
188,城市_188,2035,0,小城市,76.09,317.5,0,0,0,56.69,7451.14,17.86,31160.7,0.879,2,1751,0.096,0.039,100.0,0.057,0.6,19391.7
189,城市_189,2035,0,小城市,49.61,93.5,1,0,0,30.82,6211.7,32.94,16428.6,0.885,0,1384,0.092,0.031,100.0,0.055,1.7,9397.4
190,城市_190,2035,1,中等城市,132.39,72.3,1,0,0,96.79,7310.48,133.81,49432.3,0.899,3,3883,0.125,0.058,100.0,0.067,0.67,28512.9
191,城市_191,2035,3,特大城市,445.69,220.0,1,0,1,405.28,9093.25,184.23,186361.3,0.883,14,14390,0.107,0.082,100.0,0.057,1.5,121713.8
192,城市_192,2035,2,大城市,250.9,51.6,0,0,0,182.58,7277.2,353.74,87418.1,0.929,12,8209,0.104,0.058,100.0,0.058,1.78,55683.3
193,城市_193,2035,0,小城市,67.12,642.4,1,0,0,51.26,7636.73,7.98,27755.4,0.885,1,2031,0.129,0.033,100.0,0.061,0.94,16752.5
194,城市_194,2035,2,大城市,251.57,381.3,1,0,1,223.08,8867.39,58.51,101548.3,0.92,6,4905,0.118,0.071,100.0,0.059,0.88,56935.0
195,城市_195,2035,2,大城市,213.07,102.0,0,0,1,174.46,8187.87,171.09,90223.4,0.886,8,8303,0.118,0.059,100.0,0.058,1.36,59586.5
196,城市_196,2035,0,小城市,94.04,50.0,0,0,1,77.12,8201.16,154.24,38724.3,0.916,3,3195,0.073,0.061,100.0,0.056,1.32,23006.5
197,城市_197,2035,2,大城市,262.46,438.4,1,0,0,181.81,6927.13,41.47,107513.5,0.872,7,7834,0.112,0.044,100.0,0.066,1.69,65306.6
198,城市_198,2035,2,大城市,200.22,135.4,0,0,0,148.98,7440.95,110.01,65482.9,0.931,6,11203,0.083,0.076,100.0,0.056,2.13,41081.2
199,城市_199,2035,0,小城市,64.79,399.5,1,0,0,41.77,6446.25,10.45,24231.0,0.924,1,2216,0.092,0.074,100.0,0.055,0.83,13111.7
0,城市_000,2036,2,大城市,302.73,197.6,0,0,0,260.63,8609.24,131.9,112011.4,0.948,12,8353,0.09,0.066,100.0,0.06,2.36,64825.4
1,城市_001,2036,1,中等城市,175.55,232.4,0,0,0,177.25,10097.04,76.26,74665.7,0.879,4,6291,0.096,0.079,100.0,0.068,0.76,45113.5
2,城市_002,2036,3,特大城市,397.43,353.0,0,0,0,342.95,8629.04,97.15,155094.5,0.918,16,10634,0.143,0.066,100.0,0.064,1.25,91194.6
3,城市_003,2036,3,特大城市,760.57,344.8,1,0,0,915.61,12038.55,265.53,304604.4,0.917,56,19099,0.077,0.079,100.0,0.048,1.96,181096.3
4,城市_004,2036,1,中等城市,169.66,50.0,1,0,0,147.17,8674.66,294.35,72017.5,0.903,3,5041,0.102,0.068,100.0,0.058,0.5,45219.5
5,城市_005,2036,1,中等城市,162.06,70.1,1,0,0,128.85,7950.47,183.84,59645.1,0.915,5,8409,0.106,0.076,100.0,0.052,1.42,35705.0
6,城市_006,2036,3,特大城市,1281.11,224.1,1,0,1,1181.34,9221.21,527.18,491273.8,0.949,91,75191,0.123,0.076,100.0,0.04,1.94,314157.7
7,城市_007,2036,3,特大城市,513.07,223.9,0,0,0,473.72,9232.98,211.61,223176.2,0.921,54,18691,0.142,0.043,100.0,0.067,1.09,130448.9
8,城市_008,2036,1,中等城市,122.13,224.1,1,0,0,107.51,8802.72,47.98,46100.3,0.927,5,5350,0.112,0.051,100.0,0.066,0.58,28685.6
9,城市_009,2036,3,特大城市,339.89,3236.3,1,0,0,291.03,8562.61,8.99,150192.7,0.902,15,10559,0.099,0.044,100.0,0.054,0.6,88120.7
10,城市_010,2036,1,中等城市,150.17,234.3,1,0,0,142.22,9470.57,60.69,61869.7,0.902,6,2972,0.09,0.041,100.0,0.065,1.82,33711.7
11,城市_011,2036,1,中等城市,133.69,368.1,0,0,1,103.31,7727.14,28.06,44544.2,0.883,2,3761,0.108,0.086,100.0,0.066,1.43,25361.5
12,城市_012,2036,2,大城市,208.99,318.4,0,0,0,176.85,8462.39,55.55,90980.9,0.944,5,7008,0.128,0.067,100.0,0.049,1.72,54927.3
13,城市_013,2036,0,小城市,41.62,249.9,0,0,0,25.1,6030.07,10.04,17516.0,0.897,1,1597,0.104,0.062,100.0,0.064,1.47,11519.3
14,城市_014,2036,0,小城市,31.06,115.3,1,0,0,23.98,7720.05,20.79,12018.0,0.895,0,1108,0.098,0.072,100.0,0.057,0.95,7045.1
15,城市_015,2036,1,中等城市,170.5,272.4,0,0,0,138.34,8113.39,50.79,72069.9,0.916,6,5764,0.09,0.066,100.0,0.061,1.2,42876.1
16,城市_016,2036,0,小城市,79.12,80.0,0,0,0,78.3,9895.8,97.9,28955.6,0.924,2,2449,0.109,0.089,100.0,0.074,1.6,17798.7
17,城市_017,2036,2,大城市,252.42,122.8,0,0,0,246.62,9770.15,200.83,96115.2,0.891,10,10295,0.112,0.03,100.0,0.066,2.13,55940.7
18,城市_018,2036,0,小城市,56.44,100.7,0,0,0,43.12,7640.73,42.84,21069.4,0.925,1,1379,0.087,0.031,100.0,0.059,0.5,12335.9
19,城市_019,2036,0,小城市,56.03,158.5,0,0,0,50.76,9059.9,32.04,22127.9,0.895,1,2622,0.122,0.037,100.0,0.067,2.33,13324.6
20,城市_020,2036,3,特大城市,690.52,945.5,0,0,0,714.71,10350.38,75.59,308559.8,0.943,33,21305,0.148,0.037,100.0,0.045,1.2,181094.7
21,城市_021,2036,1,中等城市,171.92,50.0,0,0,1,169.03,9832.29,338.07,64416.5,0.893,4,11758,0.105,0.056,100.0,0.061,0.98,35204.3
22,城市_022,2036,2,大城市,294.37,257.0,0,0,1,230.95,7845.47,89.87,112390.9,0.921,10,9851,0.112,0.059,100.0,0.06,1.4,65242.3
23,城市_023,2036,0,小城市,40.96,50.0,1,0,0,32.05,7824.85,64.1,13132.3,0.902,1,1304,0.079,0.09,100.0,0.063,1.13,8121.7
24,城市_024,2036,1,中等城市,132.66,101.7,0,0,0,117.76,8876.47,115.74,53516.4,0.88,4,4122,0.117,0.071,100.0,0.056,2.15,33147.0
25,城市_025,2036,2,大城市,200.33,354.7,1,0,0,136.41,6809.52,38.46,75928.2,0.876,9,6400,0.113,0.044,100.0,0.06,1.75,48600.6
26,城市_026,2036,0,小城市,76.91,156.2,0,0,0,75.07,9760.84,48.05,27985.6,0.887,2,3394,0.095,0.061,100.0,0.064,1.3,17845.5
27,城市_027,2036,2,大城市,299.72,62.7,0,0,1,225.28,7516.35,359.5,137312.9,0.926,11,10887,0.091,0.03,100.0,0.046,1.89,78679.5
28,城市_028,2036,1,中等城市,111.41,83.7,1,0,0,74.14,6654.82,88.53,44379.2,0.863,2,5511,0.139,0.055,100.0,0.058,1.31,25635.1
29,城市_029,2036,1,中等城市,183.72,255.6,0,0,0,101.98,5550.59,39.89,73401.5,0.91,5,7769,0.111,0.056,100.0,0.054,0.89,42496.7
30,城市_030,2036,1,中等城市,123.09,82.7,0,0,0,107.96,8770.85,130.48,50199.8,0.907,4,4571,0.084,0.034,100.0,0.062,1.4,29890.8
31,城市_031,2036,3,特大城市,1144.12,176.5,0,0,0,917.0,8014.9,519.63,546858.4,0.89,79,47072,0.141,0.07,100.0,0.057,2.45,317889.8
32,城市_032,2036,1,中等城市,265.4,153.9,1,0,0,216.99,8175.87,140.97,92475.2,0.89,11,13979,0.11,0.042,100.0,0.055,0.91,55000.9
33,城市_033,2036,0,小城市,55.5,88.1,0,0,0,47.4,8540.24,53.79,19452.6,0.885,1,2486,0.102,0.032,100.0,0.054,1.7,11162.6
34,城市_034,2036,3,特大城市,484.24,824.8,1,0,0,468.18,9668.45,56.76,194252.8,0.911,14,19378,0.13,0.073,100.0,0.057,1.57,121122.9
35,城市_035,2036,0,小城市,52.79,246.4,0,0,0,36.03,6824.07,14.62,17858.5,0.93,1,2204,0.05,0.072,100.0,0.054,0.51,10207.2
36,城市_036,2036,2,大城市,198.48,50.0,0,0,0,134.1,6756.38,268.2,75947.5,0.926,5,5167,0.068,0.064,100.0,0.057,0.76,43295.6
37,城市_037,2036,0,小城市,24.01,172.3,0,0,0,16.33,6803.78,9.48,7456.7,0.893,0,1910,0.128,0.042,100.0,0.058,1.3,4590.4
38,城市_038,2036,0,小城市,53.57,87.4,0,0,0,45.7,8531.66,52.29,21110.7,0.885,1,2308,0.099,0.038,100.0,0.062,1.59,13123.8
39,城市_039,2036,2,大城市,262.03,293.5,0,0,0,256.83,9801.62,87.5,99635.5,0.874,6,11637,0.097,0.047,100.0,0.059,1.57,59108.4
40,城市_040,2036,3,特大城市,502.98,78.7,0,0,0,620.13,12328.97,787.7,209283.7,0.903,29,18345,0.084,0.056,100.0,0.057,1.87,131026.2
41,城市_041,2036,2,大城市,304.32,135.4,0,0,0,247.19,8122.71,182.57,122012.4,0.888,17,5619,0.11,0.039,100.0,0.066,0.97,76124.0
42,城市_042,2036,1,中等城市,189.56,222.3,1,0,0,132.81,7006.52,59.75,77288.8,0.903,10,6439,0.11,0.075,100.0,0.06,1.28,50776.7
43,城市_043,2036,1,中等城市,140.62,296.7,0,0,0,121.99,8674.86,41.12,44368.3,0.903,3,5292,0.132,0.049,100.0,0.057,1.01,27596.6
44,城市_044,2036,0,小城市,54.62,56.8,0,0,0,42.4,7761.69,74.63,20750.1,0.892,1,1569,0.109,0.066,100.0,0.058,0.97,13512.8
45,城市_045,2036,0,小城市,90.04,113.6,1,0,1,71.2,7906.92,62.69,33093.1,0.893,3,2581,0.096,0.03,100.0,0.055,1.06,19917.4
46,城市_046,2036,1,中等城市,99.88,101.5,0,0,0,71.41,7149.76,70.35,38966.6,0.888,3,3318,0.11,0.038,100.0,0.054,0.79,25016.1
47,城市_047,2036,3,特大城市,678.98,88.0,0,0,0,443.43,6530.81,503.89,256797.2,0.904,39,31483,0.136,0.081,100.0,0.047,2.22,165023.8
48,城市_048,2036,2,大城市,353.12,609.3,1,0,0,276.18,7821.37,45.33,146827.4,0.936,13,18933,0.125,0.075,100.0,0.063,0.93,87468.2
49,城市_049,2036,0,小城市,30.7,205.2,1,0,0,23.67,7708.19,11.53,12127.7,0.911,0,1188,0.113,0.03,100.0,0.056,0.5,7026.1
50,城市_050,2036,2,大城市,382.06,54.1,0,0,0,365.58,9568.56,675.44,156659.5,0.919,22,11855,0.113,0.064,100.0,0.058,1.08,91586.3
51,城市_051,2036,1,中等城市,151.86,309.3,1,0,0,146.49,9646.25,47.36,55299.0,0.923,5,5011,0.092,0.06,100.0,0.057,1.63,33868.1
52,城市_052,2036,1,中等城市,110.81,810.6,0,0,0,94.32,8511.48,11.64,39860.5,0.921,2,4200,0.082,0.038,100.0,0.059,1.31,22541.4
53,城市_053,2036,3,特大城市,346.29,339.0,0,0,0,351.05,10137.7,103.56,145729.7,0.936,12,13600,0.083,0.064,100.0,0.063,0.54,85454.1
54,城市_054,2036,3,特大城市,669.56,50.0,0,0,0,729.14,10889.77,1458.28,291067.7,0.926,51,28065,0.122,0.032,100.0,0.055,2.13,185094.9
55,城市_055,2036,3,特大城市,406.34,100.7,1,0,0,376.1,9255.74,373.31,169374.1,0.912,24,13102,0.118,0.04,100.0,0.052,1.48,105012.8
56,城市_056,2036,0,小城市,83.45,408.9,0,0,0,65.79,7883.99,16.09,31139.3,0.89,2,3598,0.124,0.064,100.0,0.056,0.89,16485.8
57,城市_057,2036,1,中等城市,133.25,84.3,0,0,0,70.93,5323.41,84.19,51887.8,0.886,4,5610,0.114,0.053,100.0,0.063,1.04,29058.2
58,城市_058,2036,2,大城市,230.78,211.7,0,0,0,182.15,7893.02,86.05,90410.6,0.922,5,7540,0.126,0.056,100.0,0.061,0.62,60101.9
59,城市_059,2036,3,特大城市,618.43,275.8,0,0,0,543.27,8784.6,196.97,248167.6,0.911,30,13582,0.11,0.059,100.0,0.06,1.85,157682.5
60,城市_060,2036,1,中等城市,133.1,70.7,0,0,0,107.83,8101.17,152.51,54177.7,0.876,3,3754,0.118,0.063,100.0,0.058,0.53,31559.2
61,城市_061,2036,1,中等城市,191.89,141.5,0,0,0,142.65,7434.21,100.81,76753.3,0.862,7,11297,0.084,0.066,100.0,0.051,1.06,42624.7
62,城市_062,2036,0,小城市,64.51,50.0,0,0,0,56.79,8802.94,113.57,26427.4,0.944,2,1427,0.1,0.067,100.0,0.062,0.91,14865.8
63,城市_063,2036,0,小城市,71.84,65.4,0,0,0,48.67,6774.75,74.42,29180.9,0.882,1,3923,0.065,0.054,100.0,0.061,1.47,17954.3
64,城市_064,2036,3,特大城市,464.73,121.3,0,0,0,512.92,11036.77,422.98,193787.6,0.896,23,10178,0.11,0.052,100.0,0.058,1.59,127765.7
65,城市_065,2036,3,特大城市,734.25,54.7,0,0,0,623.04,8485.4,1139.11,321323.4,0.94,51,21419,0.14,0.054,100.0,0.047,2.26,211237.3
66,城市_066,2036,1,中等城市,171.45,547.8,0,0,0,132.33,7718.26,24.16,61618.7,0.879,6,5636,0.105,0.032,100.0,0.055,0.61,34058.5
67,城市_067,2036,3,特大城市,405.97,50.0,0,0,0,338.25,8332.02,676.5,163432.7,0.919,15,25492,0.123,0.05,100.0,0.052,1.45,96609.5
68,城市_068,2036,2,大城市,350.76,104.4,1,0,0,295.96,8437.89,283.57,144971.1,0.944,15,13005,0.113,0.045,100.0,0.059,1.7,83255.3
69,城市_069,2036,1,中等城市,125.93,164.8,0,0,0,123.05,9771.58,74.68,42390.4,0.945,5,4344,0.091,0.085,100.0,0.061,1.78,25608.4
70,城市_070,2036,2,大城市,459.88,470.1,0,0,1,409.16,8897.18,87.03,194007.4,0.901,23,12778,0.106,0.039,100.0,0.056,1.0,108657.3
71,城市_071,2036,3,特大城市,899.92,50.0,0,0,0,860.7,9564.18,1721.39,351323.4,0.918,49,38718,0.142,0.089,100.0,0.057,1.69,205041.3
72,城市_072,2036,1,中等城市,176.99,376.4,0,0,1,134.24,7584.66,35.67,64260.3,0.896,9,5582,0.118,0.048,100.0,0.066,1.47,36884.3
73,城市_073,2036,3,特大城市,744.22,149.6,0,0,0,702.53,9439.73,469.5,297861.4,0.915,45,25560,0.103,0.061,100.0,0.056,2.73,183395.7
74,城市_074,2036,0,小城市,32.03,67.7,0,0,0,23.56,7355.96,34.81,11400.3,0.927,0,1058,0.073,0.059,100.0,0.063,1.18,6664.1
75,城市_075,2036,3,特大城市,519.48,214.8,0,0,0,475.89,9160.96,221.56,191568.5,0.883,29,23717,0.115,0.032,100.0,0.053,1.09,112807.9
76,城市_076,2036,2,大城市,283.01,174.0,0,0,1,246.07,8694.86,141.39,120579.0,0.919,15,13084,0.094,0.04,100.0,0.054,0.8,74195.6
77,城市_077,2036,1,中等城市,130.76,91.8,0,0,0,125.18,9572.83,136.33,50769.1,0.899,3,3682,0.099,0.03,100.0,0.064,1.23,32963.2
78,城市_078,2036,2,大城市,249.78,156.9,0,0,0,228.51,9148.45,145.61,115196.1,0.933,5,7612,0.076,0.048,100.0,0.054,1.49,76429.5
79,城市_079,2036,0,小城市,25.72,109.0,0,0,0,15.07,5859.22,13.82,9295.8,0.927,0,760,0.121,0.032,100.0,0.063,0.92,5704.7
80,城市_080,2036,1,中等城市,201.66,162.5,0,0,0,171.04,8481.76,105.24,82565.6,0.896,7,7838,0.102,0.081,100.0,0.067,0.71,49320.0
81,城市_081,2036,2,大城市,316.67,252.1,0,0,0,262.76,8297.76,104.24,118327.6,0.904,18,15291,0.108,0.045,100.0,0.061,1.94,75669.0
82,城市_082,2036,3,特大城市,698.42,527.9,0,0,0,736.43,10544.16,139.51,264475.7,0.932,27,27255,0.098,0.03,100.0,0.054,1.69,167946.0
83,城市_083,2036,1,中等城市,118.86,55.1,0,0,0,98.26,8266.68,178.23,47581.2,0.922,4,2266,0.097,0.046,100.0,0.052,1.41,29807.4
84,城市_084,2036,0,小城市,66.67,817.6,0,1,0,60.62,9091.73,7.41,22609.3,0.852,0,3080,0.104,0.068,100.0,0.06,0.5,12494.3
85,城市_085,2036,1,中等城市,102.67,50.0,1,0,1,73.69,7176.78,147.37,40874.8,0.92,3,2520,0.09,0.085,100.0,0.064,1.73,26006.4
86,城市_086,2036,3,特大城市,427.65,131.4,0,0,1,385.39,9011.69,293.2,199094.4,0.942,17,12694,0.105,0.054,100.0,0.056,1.19,121596.1
87,城市_087,2036,2,大城市,255.89,237.6,0,0,0,192.01,7503.61,80.81,109252.5,0.91,19,9990,0.133,0.045,100.0,0.063,1.99,62622.3
88,城市_088,2036,1,中等城市,115.1,185.8,1,0,0,92.8,8062.64,49.94,45822.6,0.921,2,4129,0.067,0.052,100.0,0.061,1.45,26569.9
89,城市_089,2036,3,特大城市,349.29,90.2,1,0,1,252.04,7215.66,279.47,143493.2,0.933,15,16695,0.111,0.066,100.0,0.059,0.72,88601.5
90,城市_090,2036,2,大城市,228.58,125.7,0,0,0,208.72,9131.34,166.11,87250.4,0.909,5,7001,0.089,0.032,100.0,0.057,1.41,45776.0
91,城市_091,2036,3,特大城市,534.72,100.0,0,0,0,503.21,9410.79,503.0,217607.6,0.927,21,14719,0.138,0.056,100.0,0.048,2.49,129745.4
92,城市_092,2036,1,中等城市,106.36,92.6,1,0,1,87.62,8237.8,94.6,38512.3,0.902,2,3563,0.099,0.051,100.0,0.057,0.83,22350.6
93,城市_093,2036,1,中等城市,120.53,292.9,1,0,0,110.58,9174.56,37.76,41360.0,0.901,7,5944,0.082,0.053,100.0,0.057,1.98,23876.8
94,城市_094,2036,1,中等城市,139.24,197.5,0,0,0,119.14,8556.16,60.33,53617.8,0.89,4,6187,0.099,0.05,100.0,0.062,1.37,31435.3
95,城市_095,2036,0,小城市,58.95,85.3,0,0,0,36.89,6257.32,43.27,23695.1,0.905,1,2226,0.108,0.032,100.0,0.059,1.74,13165.4
96,城市_096,2036,2,大城市,266.92,304.8,0,0,1,217.08,8132.95,71.22,95507.3,0.943,10,14616,0.161,0.062,100.0,0.063,1.41,60320.0
97,城市_097,2036,2,大城市,285.8,189.8,0,0,1,251.38,8795.6,132.46,127227.6,0.888,8,14822,0.064,0.055,100.0,0.059,1.29,68214.8
98,城市_098,2036,2,大城市,218.07,284.4,0,0,1,179.78,8243.92,63.22,94393.8,0.917,11,10163,0.081,0.054,100.0,0.056,2.19,57115.7
99,城市_099,2036,1,中等城市,184.37,245.6,0,0,0,152.18,8253.79,61.96,74112.1,0.91,8,4763,0.13,0.032,100.0,0.054,1.59,42582.8
100,城市_100,2036,0,小城市,51.75,76.5,0,0,1,49.36,9537.14,64.55,19534.9,0.931,1,2408,0.071,0.064,100.0,0.057,0.95,12883.4
101,城市_101,2036,1,中等城市,152.67,94.8,1,0,0,129.42,8477.14,136.5,58020.5,0.936,3,5285,0.103,0.034,100.0,0.06,1.4,34851.8
102,城市_102,2036,1,中等城市,156.57,269.8,0,0,0,138.82,8866.09,51.44,60677.3,0.885,7,5116,0.094,0.086,100.0,0.057,0.91,32541.2
103,城市_103,2036,0,小城市,101.22,241.8,0,0,0,59.97,5924.44,24.8,36860.7,0.891,4,3034,0.089,0.03,100.0,0.054,1.18,22721.1
104,城市_104,2036,1,中等城市,185.82,146.0,1,0,0,177.05,9528.28,121.31,72570.3,0.893,6,6492,0.1,0.069,100.0,0.064,1.83,41163.5
105,城市_105,2036,2,大城市,260.39,163.0,1,0,0,352.19,13525.47,216.04,104324.2,0.896,13,7939,0.099,0.03,100.0,0.059,1.24,65676.9
106,城市_106,2036,3,特大城市,1116.9,412.5,0,0,0,1398.12,12517.83,338.97,553221.8,0.915,70,43235,0.144,0.03,100.0,0.052,1.94,342185.2
107,城市_107,2036,2,大城市,229.5,92.5,0,0,0,187.02,8148.82,202.28,94536.7,0.912,5,8016,0.131,0.044,100.0,0.054,0.8,60898.4
108,城市_108,2036,2,大城市,335.61,229.9,0,0,0,427.6,12740.98,185.99,132426.4,0.89,13,13190,0.115,0.03,100.0,0.052,1.45,80198.9
109,城市_109,2036,1,中等城市,184.09,126.2,0,0,0,157.34,8546.64,124.63,71117.6,0.89,5,7995,0.099,0.068,100.0,0.058,0.82,44418.2
110,城市_110,2036,0,小城市,31.39,124.7,0,0,0,23.36,7440.73,18.73,10568.2,0.885,0,1057,0.106,0.05,100.0,0.05,0.5,6354.5
111,城市_111,2036,1,中等城市,145.29,357.5,0,0,0,115.96,7981.7,32.44,53506.6,0.913,6,4284,0.119,0.081,100.0,0.063,0.58,31157.4
112,城市_112,2036,2,大城市,223.06,287.2,0,0,0,185.28,8306.17,64.5,94319.6,0.903,5,4494,0.125,0.051,100.0,0.055,1.86,59607.4
113,城市_113,2036,3,特大城市,2424.92,284.5,0,0,0,1916.27,7902.4,673.51,1032503.6,0.945,148,112411,0.157,0.105,100.0,0.039,3.93,581387.8
114,城市_114,2036,1,中等城市,109.9,421.7,0,0,0,99.87,9087.64,23.68,39691.8,0.885,2,4139,0.133,0.047,100.0,0.061,1.16,23771.9
115,城市_115,2036,2,大城市,288.29,150.9,0,0,0,245.67,8521.66,162.77,109484.0,0.874,9,10059,0.094,0.038,100.0,0.056,0.87,63822.9
116,城市_116,2036,1,中等城市,151.57,256.1,0,0,0,122.96,8112.24,48.01,55134.7,0.936,4,7925,0.126,0.045,100.0,0.053,0.9,34473.7
117,城市_117,2036,0,小城市,56.49,115.8,0,1,0,44.4,7860.92,38.35,22689.0,0.895,1,1411,0.115,0.03,100.0,0.067,0.76,12969.0
118,城市_118,2036,3,特大城市,746.13,192.4,0,0,1,688.35,9225.5,357.86,315164.1,0.97,45,27915,0.103,0.073,100.0,0.046,1.78,185233.0
119,城市_119,2036,3,特大城市,442.95,133.7,1,0,0,428.98,9684.67,320.76,176191.1,0.925,22,12202,0.114,0.053,100.0,0.045,0.72,105946.8
120,城市_120,2036,3,特大城市,418.79,160.4,0,0,0,464.28,11086.29,289.48,170308.6,0.945,20,18757,0.115,0.057,100.0,0.061,2.06,109786.3
121,城市_121,2036,0,小城市,75.45,238.9,0,1,0,62.3,8257.75,26.08,28589.6,0.921,2,1423,0.099,0.108,100.0,0.052,1.09,16697.0
122,城市_122,2036,3,特大城市,775.83,77.1,1,0,1,747.3,9632.23,968.95,305782.7,0.919,83,36326,0.113,0.058,100.0,0.06,2.06,179792.0
123,城市_123,2036,0,小城市,51.43,791.5,0,0,0,37.73,7336.16,4.77,16811.8,0.889,1,2378,0.071,0.057,100.0,0.061,1.52,9407.1
124,城市_124,2036,3,特大城市,303.16,66.4,0,0,1,279.79,9229.27,421.59,134702.1,0.887,17,8454,0.092,0.055,100.0,0.059,1.79,76848.9
125,城市_125,2036,3,特大城市,2170.5,56.2,0,0,0,2097.24,9662.5,3732.75,1034751.4,0.967,197,81453,0.14,0.118,100.0,0.039,3.4,633670.8
126,城市_126,2036,0,小城市,63.14,374.8,0,0,1,49.71,7872.97,13.26,24017.7,0.907,3,1772,0.09,0.056,100.0,0.055,1.38,14433.7
127,城市_127,2036,1,中等城市,88.0,279.6,1,0,0,76.98,8747.86,27.53,35543.0,0.914,3,3680,0.085,0.046,100.0,0.057,1.41,21377.1
128,城市_128,2036,2,大城市,262.75,244.5,0,0,1,234.97,8942.63,96.09,121383.5,0.922,8,12362,0.127,0.101,100.0,0.053,1.48,79170.8
129,城市_129,2036,1,中等城市,114.97,245.3,0,0,0,87.52,7612.38,35.67,41892.7,0.909,4,3128,0.1,0.035,100.0,0.065,1.67,23033.9
130,城市_130,2036,0,小城市,43.69,147.0,0,0,0,30.76,7040.29,20.93,14476.3,0.891,1,1089,0.144,0.047,100.0,0.056,1.45,9692.4
131,城市_131,2036,2,大城市,241.72,72.4,0,0,0,233.27,9650.55,322.2,100594.8,0.925,12,12355,0.109,0.073,100.0,0.061,1.66,63912.7
132,城市_132,2036,0,小城市,62.88,157.7,0,0,0,40.67,6467.71,25.79,20635.9,0.897,1,4141,0.122,0.035,100.0,0.065,1.76,12179.8
133,城市_133,2036,2,大城市,334.26,86.3,0,0,0,267.5,8002.76,309.83,134504.1,0.909,20,14263,0.103,0.072,100.0,0.053,1.43,82281.1
134,城市_134,2036,0,小城市,89.91,323.8,0,0,1,55.89,6216.94,17.26,32978.9,0.916,2,3922,0.089,0.042,100.0,0.061,1.14,19111.8
135,城市_135,2036,3,特大城市,1239.53,131.9,1,0,1,1288.11,10391.95,976.28,560341.8,0.924,94,41276,0.131,0.096,100.0,0.045,2.94,341571.5
136,城市_136,2036,0,小城市,85.9,76.7,0,0,0,76.98,8961.61,100.4,30979.6,0.865,2,3335,0.128,0.071,100.0,0.058,1.02,20585.8
137,城市_137,2036,1,中等城市,137.28,114.8,0,0,0,138.46,10086.56,120.65,57980.4,0.924,4,5610,0.101,0.051,100.0,0.057,1.41,33664.1
138,城市_138,2036,3,特大城市,501.94,206.5,0,0,0,597.0,11893.87,289.09,193578.2,0.935,25,17481,0.119,0.04,100.0,0.052,1.34,114799.6
139,城市_139,2036,0,小城市,61.48,94.5,0,0,0,42.18,6861.81,44.62,23976.9,0.865,2,3390,0.106,0.043,100.0,0.06,0.5,13841.8
140,城市_140,2036,2,大城市,250.33,76.9,0,0,0,228.26,9118.15,296.91,93845.1,0.884,17,9710,0.103,0.055,100.0,0.052,1.61,54628.8
141,城市_141,2036,3,特大城市,964.77,180.4,0,0,0,915.37,9487.96,507.53,426403.5,0.96,29,38899,0.119,0.088,100.0,0.057,1.42,250690.8
142,城市_142,2036,0,小城市,31.29,180.5,0,0,0,28.46,9095.64,15.76,10280.7,0.905,0,1096,0.081,0.057,100.0,0.054,0.69,5830.7
143,城市_143,2036,2,大城市,195.76,98.9,0,0,0,203.87,10414.48,206.07,76312.0,0.904,7,7072,0.104,0.065,100.0,0.052,1.65,45183.7
144,城市_144,2036,2,大城市,202.85,101.8,0,0,0,178.82,8815.57,175.63,88223.4,0.896,7,10756,0.117,0.061,100.0,0.057,1.67,53077.6
145,城市_145,2036,3,特大城市,537.03,178.7,1,0,0,464.61,8651.33,260.01,222648.1,0.89,12,20640,0.117,0.078,100.0,0.054,2.25,130896.1
146,城市_146,2036,0,小城市,64.1,50.0,0,0,0,29.21,4556.68,58.42,26026.7,0.897,2,2480,0.105,0.047,100.0,0.061,0.5,13820.9
147,城市_147,2036,0,小城市,43.81,50.0,0,0,0,25.98,5929.55,51.96,15844.6,0.92,1,1702,0.115,0.054,100.0,0.06,1.2,9433.4
148,城市_148,2036,3,特大城市,336.79,83.5,0,0,1,230.92,6856.38,276.44,129809.7,0.907,11,11106,0.111,0.058,100.0,0.049,1.29,77701.7
149,城市_149,2036,2,大城市,273.0,125.1,1,0,0,194.72,7132.56,155.63,109919.1,0.918,11,6583,0.106,0.047,100.0,0.063,1.83,72208.8
150,城市_150,2036,2,大城市,184.38,190.3,0,0,0,208.05,11284.13,109.32,75439.5,0.939,6,10871,0.119,0.074,100.0,0.057,1.97,45324.4
151,城市_151,2036,2,大城市,296.72,483.1,0,0,0,218.34,7358.43,45.19,101597.7,0.895,7,15039,0.109,0.076,100.0,0.059,0.71,63810.2
152,城市_152,2036,1,中等城市,85.72,294.8,1,0,0,57.56,6714.72,19.53,33494.8,0.908,2,4586,0.097,0.076,100.0,0.07,1.11,19669.1
153,城市_153,2036,2,大城市,287.02,130.6,1,0,1,222.65,7757.3,170.5,105994.0,0.926,14,7653,0.115,0.041,100.0,0.064,1.77,67724.3
154,城市_154,2036,2,大城市,227.92,146.2,1,0,0,292.77,12845.27,200.29,81563.7,0.886,7,12934,0.104,0.062,100.0,0.059,1.11,46627.0
155,城市_155,2036,0,小城市,103.22,66.6,0,0,0,82.05,7948.85,123.28,40763.5,0.906,3,6850,0.096,0.074,100.0,0.052,2.0,25075.6
156,城市_156,2036,3,特大城市,1610.67,146.2,0,0,0,1985.45,12326.83,1357.75,778007.7,0.971,105,81066,0.136,0.113,100.0,0.04,2.79,486418.9
157,城市_157,2036,2,大城市,381.01,117.8,0,0,1,358.58,9411.34,304.37,156538.5,0.901,23,22979,0.111,0.03,100.0,0.063,1.32,97180.4
158,城市_158,2036,0,小城市,67.01,192.1,1,0,1,38.21,5701.2,19.89,22258.8,0.923,1,3131,0.079,0.051,100.0,0.057,0.55,14800.4
159,城市_159,2036,3,特大城市,387.86,76.6,0,0,0,448.26,11557.31,585.41,148568.5,0.905,21,11068,0.115,0.054,100.0,0.056,1.56,86536.5
160,城市_160,2036,0,小城市,60.65,224.9,0,0,0,48.95,8071.37,21.77,21605.0,0.937,1,2598,0.138,0.083,100.0,0.054,0.5,13879.3
161,城市_161,2036,3,特大城市,417.76,505.8,0,0,0,379.58,9086.05,75.04,172149.0,0.876,34,11315,0.089,0.03,100.0,0.059,1.39,109257.7
162,城市_162,2036,3,特大城市,626.37,136.0,1,0,1,786.58,12557.67,578.17,257809.4,0.914,27,19262,0.103,0.042,100.0,0.061,2.41,155068.2
163,城市_163,2036,0,小城市,85.57,204.7,0,0,0,63.95,7472.96,31.25,33364.4,0.872,2,3461,0.157,0.08,100.0,0.067,0.5,21859.6
164,城市_164,2036,3,特大城市,418.99,257.8,0,0,1,379.51,9057.88,147.22,184151.0,0.895,18,16278,0.092,0.049,100.0,0.054,0.71,109680.9
165,城市_165,2036,2,大城市,329.52,107.7,0,0,0,282.61,8576.54,262.49,135790.4,0.893,11,13928,0.133,0.031,100.0,0.061,1.97,81565.2
166,城市_166,2036,3,特大城市,384.74,177.6,0,0,0,414.9,10783.8,233.68,167014.8,0.903,11,8267,0.103,0.088,100.0,0.056,2.1,100181.4
167,城市_167,2036,3,特大城市,1727.35,149.9,0,0,0,2087.27,12083.66,1392.29,736205.8,0.912,138,60672,0.137,0.057,100.0,0.05,2.46,413603.7
168,城市_168,2036,1,中等城市,163.15,160.5,0,0,0,143.02,8766.04,89.12,82194.5,0.902,2,7076,0.101,0.074,100.0,0.059,2.07,51194.5
169,城市_169,2036,0,小城市,111.72,80.0,0,0,0,77.18,6908.16,96.51,44347.8,0.912,2,5144,0.111,0.03,100.0,0.055,1.35,27414.1
170,城市_170,2036,0,小城市,97.22,151.4,0,0,0,73.34,7544.03,48.46,38729.2,0.871,2,4565,0.07,0.03,100.0,0.066,1.64,23115.9
171,城市_171,2036,0,小城市,124.43,221.1,0,0,0,86.9,6984.15,39.31,54681.9,0.89,4,4935,0.106,0.057,100.0,0.059,0.76,35700.5
172,城市_172,2036,1,中等城市,194.08,473.9,0,0,0,197.65,10184.37,41.71,76305.0,0.955,3,6371,0.096,0.037,100.0,0.057,1.98,44782.2
173,城市_173,2036,2,大城市,269.53,319.7,0,0,0,188.33,6987.28,58.91,101586.6,0.912,12,11525,0.068,0.061,100.0,0.059,1.2,55680.2
174,城市_174,2036,2,大城市,253.47,830.9,0,0,0,283.12,11169.54,34.07,111337.9,0.869,12,8522,0.128,0.091,100.0,0.054,1.16,73156.4
175,城市_175,2036,3,特大城市,588.16,80.3,0,0,1,683.66,11623.63,851.08,270722.0,0.884,17,28353,0.07,0.059,100.0,0.057,1.97,170645.1
176,城市_176,2036,2,大城市,167.57,298.2,0,0,1,123.08,7345.16,41.27,65744.4,0.908,6,7007,0.146,0.086,100.0,0.058,1.01,40681.4
177,城市_177,2036,3,特大城市,759.03,171.9,0,0,1,701.26,9238.99,408.05,365195.9,0.918,46,27410,0.128,0.072,100.0,0.05,1.18,215398.6
178,城市_178,2036,1,中等城市,162.28,855.6,0,0,1,122.54,7551.03,14.32,62373.9,0.892,7,4739,0.076,0.072,100.0,0.071,1.27,38064.5
179,城市_179,2036,3,特大城市,2423.23,77.7,1,0,0,2861.54,11808.79,3680.94,1156447.9,0.98,109,124725,0.177,0.053,100.0,0.035,3.84,650141.9
180,城市_180,2036,3,特大城市,443.01,75.8,0,0,0,509.71,11505.79,672.36,203472.4,0.962,12,19273,0.094,0.072,100.0,0.058,1.16,120709.1
181,城市_181,2036,0,小城市,69.99,91.9,1,0,0,64.48,9212.93,70.18,26170.0,0.896,3,4838,0.087,0.061,100.0,0.06,1.71,14992.5
182,城市_182,2036,0,小城市,69.09,50.0,0,0,0,49.87,7217.54,99.74,26570.1,0.919,1,2976,0.065,0.044,100.0,0.054,2.28,16150.8
183,城市_183,2036,2,大城市,320.52,97.5,0,0,0,348.47,10872.04,357.57,139290.0,0.925,11,14158,0.089,0.095,100.0,0.056,0.94,87432.9
184,城市_184,2036,1,中等城市,137.59,80.9,1,0,0,135.53,9850.17,167.62,51276.9,0.924,5,3261,0.088,0.043,100.0,0.052,1.27,29154.6
185,城市_185,2036,3,特大城市,477.27,167.4,0,0,0,435.18,9118.06,259.98,182615.1,0.897,15,19271,0.126,0.03,100.0,0.066,1.39,113540.4
186,城市_186,2036,2,大城市,322.36,195.1,0,0,0,290.1,8999.22,148.71,143613.4,0.945,12,10784,0.13,0.072,100.0,0.056,2.54,87028.7
187,城市_187,2036,1,中等城市,185.48,665.8,0,0,0,199.1,10734.23,29.91,74045.9,0.902,8,8743,0.079,0.03,100.0,0.058,1.48,45946.6
188,城市_188,2036,0,小城市,76.72,317.5,0,0,0,70.0,9123.82,22.05,27460.4,0.91,1,3120,0.107,0.053,100.0,0.069,1.56,16276.7
189,城市_189,2036,0,小城市,42.26,93.5,1,0,0,37.2,8802.45,39.77,15403.9,0.901,0,2089,0.064,0.078,100.0,0.056,1.64,9567.7
190,城市_190,2036,1,中等城市,110.97,72.3,1,0,0,132.19,11912.53,182.76,43879.0,0.899,2,7740,0.108,0.062,100.0,0.066,1.2,25411.5
191,城市_191,2036,3,特大城市,549.04,220.0,1,0,1,567.1,10329.05,257.8,199149.2,0.917,21,15896,0.155,0.056,100.0,0.058,1.59,109439.0
192,城市_192,2036,2,大城市,296.52,51.6,0,0,0,278.23,9382.86,539.04,125216.5,0.882,17,14491,0.071,0.049,100.0,0.048,2.13,69668.2
193,城市_193,2036,0,小城市,76.13,642.4,1,0,0,72.6,9535.7,11.3,29306.9,0.862,3,3438,0.081,0.077,100.0,0.058,1.48,17142.1
194,城市_194,2036,2,大城市,259.29,381.3,1,0,1,307.94,11876.05,80.76,117248.9,0.901,11,17273,0.12,0.031,100.0,0.06,0.9,64677.3
195,城市_195,2036,2,大城市,283.97,102.0,0,0,1,230.49,8116.61,226.04,111031.2,0.888,13,12908,0.123,0.071,100.0,0.058,0.99,71782.9
196,城市_196,2036,0,小城市,78.2,50.0,0,0,1,59.17,7567.05,118.35,32570.6,0.913,2,3445,0.083,0.095,100.0,0.06,0.9,19461.4
197,城市_197,2036,2,大城市,256.56,438.4,1,0,0,193.88,7557.06,44.23,101207.2,0.914,8,12184,0.135,0.066,100.0,0.055,1.9,63515.4
198,城市_198,2036,2,大城市,222.86,135.4,0,0,0,203.62,9136.86,150.36,88589.7,0.905,9,10808,0.088,0.05,100.0,0.055,2.01,55245.6
199,城市_199,2036,0,小城市,63.21,399.5,1,0,0,55.13,8721.33,13.8,23863.5,0.931,1,3597,0.135,0.048,100.0,0.058,2.15,14322.7
0,城市_000,2037,2,大城市,609.59,197.6,0,0,0,707.84,11611.71,358.23,248550.7,0.893,25,20841,0.11,0.055,100.0,0.056,2.63,152592.9
1,城市_001,2037,1,中等城市,292.79,232.4,0,0,0,298.11,10181.67,128.25,124756.0,0.914,11,9510,0.132,0.044,100.0,0.052,1.39,79011.2
2,城市_002,2037,3,特大城市,500.07,353.0,0,0,0,464.89,9296.53,131.7,184496.3,0.922,25,16688,0.093,0.062,100.0,0.056,1.96,115982.1
3,城市_003,2037,3,特大城市,819.04,344.8,1,0,0,831.78,10155.46,241.22,348591.6,0.918,54,25895,0.079,0.086,100.0,0.05,2.24,203033.2
4,城市_004,2037,1,中等城市,208.44,50.0,1,0,0,154.01,7388.61,308.02,82644.1,0.895,10,7588,0.094,0.055,100.0,0.061,1.19,48191.9
5,城市_005,2037,1,中等城市,122.55,70.1,1,0,0,121.45,9909.62,173.28,45645.7,0.88,4,4361,0.089,0.081,100.0,0.066,1.08,29321.0
6,城市_006,2037,3,特大城市,1270.38,224.1,1,0,1,1182.1,9305.14,527.52,566893.7,0.966,63,50753,0.083,0.109,100.0,0.046,3.34,334012.6
7,城市_007,2037,3,特大城市,290.8,223.9,0,0,0,276.91,9522.31,123.7,119641.7,0.908,13,10071,0.111,0.087,100.0,0.061,1.34,67899.3
8,城市_008,2037,1,中等城市,123.21,224.1,1,0,0,82.48,6694.41,36.81,45643.3,0.896,4,3979,0.079,0.052,100.0,0.06,0.99,27102.3
9,城市_009,2037,3,特大城市,436.83,3236.3,1,0,0,395.35,9050.5,12.22,193333.3,0.952,20,20295,0.108,0.05,100.0,0.054,1.21,123826.3
10,城市_010,2037,1,中等城市,139.39,234.3,1,0,0,139.08,9977.26,59.35,55983.0,0.908,5,6144,0.096,0.052,100.0,0.059,1.4,32070.1
11,城市_011,2037,1,中等城市,101.77,368.1,0,0,1,70.74,6951.18,19.22,43629.0,0.953,2,3707,0.081,0.075,100.0,0.066,0.88,25616.0
12,城市_012,2037,2,大城市,272.32,318.4,0,0,0,269.92,9912.06,84.78,107557.7,0.878,6,14337,0.124,0.077,100.0,0.057,1.53,61748.3
13,城市_013,2037,0,小城市,32.7,249.9,0,0,0,19.85,6068.12,7.94,11383.6,0.896,1,1233,0.095,0.03,100.0,0.066,1.13,7156.8
14,城市_014,2037,0,小城市,38.31,115.3,1,0,0,24.27,6334.59,21.04,13564.6,0.873,0,1342,0.102,0.057,100.0,0.059,0.84,8255.9
15,城市_015,2037,1,中等城市,110.65,272.4,0,0,0,89.29,8069.88,32.78,46152.5,0.9,4,3987,0.114,0.03,100.0,0.052,0.5,28973.4
16,城市_016,2037,0,小城市,86.98,80.0,0,0,0,79.35,9122.0,99.21,32238.2,0.899,2,3362,0.108,0.052,100.0,0.059,0.6,20856.5
17,城市_017,2037,2,大城市,344.0,122.8,0,0,0,298.42,8675.09,243.02,137235.1,0.898,21,9610,0.11,0.047,100.0,0.05,1.02,76115.7
18,城市_018,2037,0,小城市,81.69,100.7,0,0,0,70.22,8596.2,69.76,35728.7,0.903,2,1712,0.085,0.035,100.0,0.058,0.61,20623.5
19,城市_019,2037,0,小城市,65.09,158.5,0,0,0,59.15,9088.27,37.33,21606.7,0.893,1,2605,0.079,0.068,100.0,0.058,1.31,12683.0
20,城市_020,2037,3,特大城市,876.76,945.5,0,0,0,779.45,8890.12,82.44,379788.4,0.917,51,41423,0.122,0.056,100.0,0.061,3.22,228657.4
21,城市_021,2037,1,中等城市,152.79,50.0,0,0,1,101.5,6643.41,203.0,58650.6,0.888,3,4162,0.084,0.053,100.0,0.067,0.95,36080.5
22,城市_022,2037,2,大城市,278.34,257.0,0,0,1,234.28,8416.98,91.16,108446.1,0.935,12,14128,0.122,0.037,100.0,0.058,1.18,63468.8
23,城市_023,2037,0,小城市,62.21,50.0,1,0,0,57.38,9223.16,114.76,21260.3,0.879,2,1396,0.099,0.053,100.0,0.066,0.79,12314.8
24,城市_024,2037,1,中等城市,108.7,101.7,0,0,0,77.62,7140.45,76.29,39092.8,0.907,3,3381,0.115,0.072,100.0,0.057,1.57,24577.6
25,城市_025,2037,2,大城市,204.29,354.7,1,0,0,204.64,10016.9,57.7,77393.4,0.881,8,12538,0.085,0.037,100.0,0.051,1.48,47704.0
26,城市_026,2037,0,小城市,87.99,156.2,0,0,0,66.78,7589.28,42.74,34355.0,0.885,2,3601,0.079,0.065,100.0,0.062,1.11,20938.6
27,城市_027,2037,2,大城市,297.44,62.7,0,0,1,345.99,11632.26,552.13,127002.6,0.892,17,9993,0.14,0.058,100.0,0.059,0.79,68026.0
28,城市_028,2037,1,中等城市,114.04,83.7,1,0,0,129.46,11351.84,154.59,37603.7,0.9,5,4525,0.1,0.053,100.0,0.054,0.67,23923.5
29,城市_029,2037,1,中等城市,148.84,255.6,0,0,0,144.71,9722.56,56.61,52086.3,0.907,4,7839,0.122,0.046,100.0,0.054,1.28,31539.3
30,城市_030,2037,1,中等城市,141.71,82.7,0,0,0,91.74,6473.61,110.88,56902.5,0.881,5,3379,0.075,0.069,100.0,0.063,1.3,33865.0
31,城市_031,2037,3,特大城市,1886.69,176.5,0,0,0,1419.83,7525.5,804.56,868109.1,0.933,133,103064,0.136,0.105,100.0,0.035,3.48,499527.4
32,城市_032,2037,1,中等城市,207.43,153.9,1,0,0,180.37,8695.15,117.18,72275.3,0.885,8,6587,0.131,0.052,100.0,0.061,1.61,41992.9
33,城市_033,2037,0,小城市,107.47,88.1,0,0,0,99.2,9230.46,112.57,43685.5,0.882,2,4889,0.071,0.056,100.0,0.057,0.53,25043.7
34,城市_034,2037,3,特大城市,431.18,824.8,1,0,0,431.52,10007.9,52.32,174994.6,0.932,27,13192,0.155,0.074,100.0,0.059,1.72,94509.8
35,城市_035,2037,0,小城市,58.48,246.4,0,0,0,39.72,6793.03,16.12,22824.3,0.873,1,3564,0.105,0.062,100.0,0.064,1.2,13134.8
36,城市_036,2037,2,大城市,286.38,50.0,0,0,0,204.04,7124.84,408.08,106492.6,0.908,16,10437,0.09,0.05,100.0,0.053,0.9,58787.0
37,城市_037,2037,0,小城市,25.54,172.3,0,0,0,20.43,7999.77,11.86,8061.5,0.935,0,630,0.108,0.074,100.0,0.054,0.73,4822.3
38,城市_038,2037,0,小城市,61.44,87.4,0,0,0,61.8,10057.09,70.7,22095.7,0.925,1,2602,0.124,0.069,100.0,0.067,1.43,12494.6
39,城市_039,2037,2,大城市,232.03,293.5,0,0,0,182.87,7881.44,62.3,89487.4,0.914,16,12612,0.089,0.097,100.0,0.058,0.74,55652.1
40,城市_040,2037,3,特大城市,335.56,78.7,0,0,0,343.65,10241.32,436.51,131235.3,0.907,20,17631,0.094,0.03,100.0,0.059,2.68,72188.6
41,城市_041,2037,2,大城市,184.03,135.4,0,0,0,231.44,12576.33,170.93,69453.1,0.919,5,6962,0.109,0.068,100.0,0.063,1.52,44161.2
42,城市_042,2037,1,中等城市,175.38,222.3,1,0,0,144.37,8231.83,64.95,78003.3,0.911,8,8231,0.113,0.077,100.0,0.054,1.2,48759.7
43,城市_043,2037,1,中等城市,164.84,296.7,0,0,0,135.25,8204.85,45.59,55717.5,0.932,5,5343,0.1,0.074,100.0,0.063,1.09,31648.2
44,城市_044,2037,0,小城市,37.7,56.8,0,0,0,29.69,7874.5,52.26,12675.3,0.898,0,1656,0.109,0.046,100.0,0.063,1.44,7569.3
45,城市_045,2037,0,小城市,104.22,113.6,1,0,1,80.21,7696.24,70.63,38145.5,0.922,1,4275,0.119,0.03,100.0,0.066,0.93,21909.6
46,城市_046,2037,1,中等城市,135.13,101.5,0,0,0,136.24,10082.05,134.22,51908.0,0.896,4,2085,0.106,0.084,100.0,0.066,0.99,32045.8
47,城市_047,2037,3,特大城市,581.61,88.0,0,0,0,523.93,9008.32,595.38,253915.6,0.951,45,15847,0.099,0.053,100.0,0.055,2.49,166059.7
48,城市_048,2037,2,大城市,250.93,609.3,1,0,0,219.41,8743.84,36.01,106346.1,0.902,15,9825,0.105,0.05,100.0,0.062,1.1,67575.7
49,城市_049,2037,0,小城市,37.1,205.2,1,0,0,21.6,5822.08,10.53,14533.1,0.868,1,1434,0.136,0.092,100.0,0.06,1.12,8420.0
50,城市_050,2037,2,大城市,280.62,54.1,0,0,0,240.68,8576.91,444.68,115975.9,0.908,14,10233,0.113,0.031,100.0,0.058,0.99,69984.4
51,城市_051,2037,1,中等城市,166.4,309.3,1,0,0,120.52,7242.53,38.97,56134.4,0.919,6,6287,0.128,0.07,100.0,0.053,1.35,36244.2
52,城市_052,2037,1,中等城市,85.02,810.6,0,0,0,70.44,8285.62,8.69,27879.7,0.934,3,4493,0.092,0.037,100.0,0.058,1.4,17166.3
53,城市_053,2037,3,特大城市,390.45,339.0,0,0,0,279.55,7159.7,82.47,173032.6,0.889,9,15973,0.114,0.043,100.0,0.048,2.36,109063.0
54,城市_054,2037,3,特大城市,470.75,50.0,0,0,0,510.77,10849.98,1021.54,209493.3,0.875,29,8601,0.126,0.064,100.0,0.055,1.15,129788.8
55,城市_055,2037,3,特大城市,506.93,100.7,1,0,0,419.82,8281.76,416.71,218479.8,0.921,17,33451,0.141,0.075,100.0,0.062,0.95,131587.7
56,城市_056,2037,0,小城市,74.73,408.9,0,0,0,75.82,10145.98,18.54,26050.3,0.911,1,1551,0.126,0.071,100.0,0.063,0.97,15575.9
57,城市_057,2037,1,中等城市,130.83,84.3,0,0,0,132.09,10096.46,156.77,48802.4,0.875,5,6415,0.08,0.075,100.0,0.059,0.86,27508.6
58,城市_058,2037,2,大城市,289.24,211.7,0,0,0,279.37,9658.57,131.98,111580.7,0.9,15,6655,0.129,0.042,100.0,0.056,1.37,64384.9
59,城市_059,2037,3,特大城市,501.53,275.8,0,0,0,375.41,7485.29,136.11,189159.0,0.905,19,28278,0.145,0.038,100.0,0.053,1.92,108377.9
60,城市_060,2037,1,中等城市,164.05,70.7,0,0,0,125.6,7655.87,177.64,64841.0,0.92,7,5552,0.092,0.047,100.0,0.054,2.35,38221.2
61,城市_061,2037,1,中等城市,209.85,141.5,0,0,0,158.24,7540.78,111.82,97726.2,0.896,9,8663,0.087,0.062,100.0,0.062,1.05,58927.6
62,城市_062,2037,0,小城市,78.56,50.0,0,0,0,54.61,6951.01,109.22,28176.3,0.893,2,1592,0.101,0.048,100.0,0.052,0.5,16814.5
63,城市_063,2037,0,小城市,71.58,65.4,0,0,0,70.09,9792.08,107.17,29490.6,0.904,2,3277,0.105,0.03,100.0,0.052,0.98,17885.3
64,城市_064,2037,3,特大城市,478.6,121.3,0,0,0,438.89,9170.3,361.94,182110.0,0.883,41,19948,0.104,0.03,100.0,0.06,1.81,112894.9
65,城市_065,2037,3,特大城市,1001.22,54.7,0,0,0,917.69,9165.75,1677.83,375220.6,0.96,51,44326,0.098,0.067,100.0,0.052,1.84,220454.3
66,城市_066,2037,1,中等城市,184.11,547.8,0,0,0,140.08,7608.29,25.57,77584.0,0.923,6,9005,0.134,0.071,100.0,0.059,1.36,48268.1
67,城市_067,2037,3,特大城市,804.15,50.0,0,0,0,734.52,9134.15,1469.05,331225.0,0.904,44,31210,0.101,0.05,100.0,0.054,2.13,210044.7
68,城市_068,2037,2,大城市,254.81,104.4,1,0,0,242.84,9530.18,232.67,111639.2,0.883,9,8799,0.095,0.07,100.0,0.068,1.47,68373.9
69,城市_069,2037,1,中等城市,90.23,164.8,0,0,0,55.94,6200.39,33.95,38135.8,0.881,3,2602,0.104,0.03,100.0,0.059,1.51,22258.5
70,城市_070,2037,2,大城市,236.03,470.1,0,0,1,209.11,8859.47,44.48,91002.9,0.917,14,7602,0.076,0.06,100.0,0.059,1.27,57186.3
71,城市_071,2037,3,特大城市,788.38,50.0,0,0,0,829.4,10520.31,1658.79,367580.8,0.897,38,41651,0.086,0.073,100.0,0.063,2.32,225870.9
72,城市_072,2037,1,中等城市,152.49,376.4,0,0,1,98.14,6435.92,26.08,54836.9,0.898,4,4362,0.095,0.063,100.0,0.058,0.5,33920.2
73,城市_073,2037,3,特大城市,1029.61,149.6,0,0,0,844.48,8201.98,564.37,406857.8,0.889,105,21789,0.139,0.052,100.0,0.06,1.88,262852.5
74,城市_074,2037,0,小城市,32.41,67.7,0,0,0,22.94,7078.59,33.89,12604.9,0.912,0,886,0.104,0.03,100.0,0.049,0.87,7831.2
75,城市_075,2037,3,特大城市,475.44,214.8,0,0,0,553.35,11638.72,257.62,171511.5,0.922,13,20977,0.069,0.075,100.0,0.05,1.13,111007.1
76,城市_076,2037,2,大城市,179.69,174.0,0,0,1,182.73,10169.09,105.0,69873.9,0.9,11,6036,0.132,0.03,100.0,0.055,1.24,41613.0
77,城市_077,2037,1,中等城市,142.48,91.8,0,0,0,107.83,7568.56,117.44,60529.7,0.907,6,6283,0.119,0.038,100.0,0.062,1.02,35534.4
78,城市_078,2037,2,大城市,261.93,156.9,0,0,0,285.51,10900.13,181.93,115336.3,0.922,17,5287,0.11,0.084,100.0,0.067,1.12,73177.2
79,城市_079,2037,0,小城市,26.9,109.0,0,0,0,17.93,6667.71,16.45,9189.0,0.904,0,404,0.104,0.054,100.0,0.057,1.48,5241.6
80,城市_080,2037,1,中等城市,145.97,162.5,0,0,0,115.5,7913.04,71.07,60905.3,0.919,11,5812,0.117,0.061,100.0,0.064,1.23,39993.6
81,城市_081,2037,2,大城市,230.34,252.1,0,0,0,203.44,8831.95,80.71,82908.7,0.882,6,11454,0.152,0.068,100.0,0.069,0.76,52983.4
82,城市_082,2037,3,特大城市,848.89,527.9,0,0,0,957.75,11282.34,181.44,338244.6,0.926,36,18691,0.136,0.08,100.0,0.06,1.82,203835.8
83,城市_083,2037,1,中等城市,110.04,55.1,0,0,0,81.12,7371.18,147.13,42537.2,0.906,3,4740,0.108,0.052,100.0,0.057,1.52,27055.3
84,城市_084,2037,0,小城市,91.26,817.6,0,1,0,68.12,7464.31,8.33,35363.6,0.926,2,4798,0.077,0.034,100.0,0.064,1.22,21920.9
85,城市_085,2037,1,中等城市,136.2,50.0,1,0,1,93.22,6844.54,186.44,48039.0,0.904,4,5003,0.106,0.107,100.0,0.06,1.78,26964.2
86,城市_086,2037,3,特大城市,495.17,131.4,0,0,1,491.43,9924.36,373.87,235134.4,0.909,20,23870,0.126,0.055,100.0,0.052,2.08,135322.5
87,城市_087,2037,2,大城市,297.72,237.6,0,0,0,306.14,10282.55,128.84,102187.3,0.895,8,11596,0.104,0.063,100.0,0.06,1.2,62188.4
88,城市_088,2037,1,中等城市,132.34,185.8,1,0,0,126.43,9553.8,68.04,50907.1,0.933,3,4499,0.092,0.062,100.0,0.056,1.89,30787.9
89,城市_089,2037,3,特大城市,282.51,90.2,1,0,1,204.63,7243.53,226.91,114157.9,0.859,10,13295,0.117,0.046,100.0,0.058,2.13,72974.8
90,城市_090,2037,2,大城市,312.68,125.7,0,0,0,265.24,8482.57,211.09,108714.1,0.917,18,20418,0.087,0.048,100.0,0.05,0.52,66213.6
91,城市_091,2037,3,特大城市,483.6,100.0,0,0,0,547.54,11322.0,547.3,219705.5,0.91,19,15049,0.128,0.09,100.0,0.047,1.65,123461.0
92,城市_092,2037,1,中等城市,112.22,92.6,1,0,1,94.03,8379.19,101.52,40176.4,0.899,4,4021,0.094,0.038,100.0,0.058,0.87,23448.6
93,城市_093,2037,1,中等城市,123.79,292.9,1,0,0,101.7,8215.72,34.73,47628.1,0.896,2,3383,0.06,0.061,100.0,0.061,1.03,29638.6
94,城市_094,2037,1,中等城市,143.01,197.5,0,0,0,118.81,8308.11,60.16,56446.8,0.902,1,5511,0.094,0.071,100.0,0.053,0.78,30781.6
95,城市_095,2037,0,小城市,49.28,85.3,0,0,0,39.77,8070.44,46.65,15992.7,0.911,1,1729,0.1,0.047,100.0,0.062,0.59,8918.5
96,城市_096,2037,2,大城市,367.62,304.8,0,0,1,350.48,9533.82,114.99,136001.5,0.892,13,19144,0.119,0.056,100.0,0.057,1.94,80080.4
97,城市_097,2037,2,大城市,259.53,189.8,0,0,1,209.86,8086.02,110.58,116501.0,0.908,7,14617,0.114,0.075,100.0,0.061,0.76,73139.5
98,城市_098,2037,2,大城市,259.04,284.4,0,0,1,260.55,10058.4,91.62,102061.7,0.913,7,12070,0.08,0.053,100.0,0.062,1.39,60573.4
99,城市_099,2037,1,中等城市,172.5,245.6,0,0,0,121.77,7059.3,49.58,53956.7,0.885,5,8687,0.106,0.03,100.0,0.065,0.55,33120.1
100,城市_100,2037,0,小城市,68.52,76.5,0,0,1,64.3,9383.28,84.09,24789.6,0.912,1,2040,0.091,0.082,100.0,0.062,1.73,14877.3
101,城市_101,2037,1,中等城市,101.16,94.8,1,0,0,70.81,7000.26,74.69,38127.2,0.909,2,2794,0.095,0.033,100.0,0.058,1.15,22715.2
102,城市_102,2037,1,中等城市,159.83,269.8,0,0,0,145.58,9108.24,53.95,62889.8,0.888,3,6703,0.084,0.058,100.0,0.06,1.58,36500.4
103,城市_103,2037,0,小城市,59.32,241.8,0,0,0,43.88,7397.81,18.15,18600.9,0.878,0,2195,0.1,0.03,100.0,0.071,1.18,11629.2
104,城市_104,2037,1,中等城市,175.16,146.0,1,0,0,138.1,7884.35,94.62,67873.4,0.888,3,11738,0.167,0.044,100.0,0.063,1.1,38170.1
105,城市_105,2037,2,大城市,368.71,163.0,1,0,0,412.95,11199.79,253.31,139063.5,0.911,33,7621,0.145,0.049,100.0,0.057,1.52,82463.3
106,城市_106,2037,3,特大城市,1740.76,412.5,0,0,0,2082.86,11965.24,504.99,771926.3,0.937,110,77120,0.118,0.092,100.0,0.044,4.05,489697.6
107,城市_107,2037,2,大城市,279.75,92.5,0,0,0,246.3,8804.4,266.39,115828.6,0.934,18,12332,0.107,0.039,100.0,0.055,0.92,66841.5
108,城市_108,2037,2,大城市,256.13,229.9,0,0,0,292.95,11437.24,127.42,104690.7,0.898,9,7497,0.099,0.095,100.0,0.052,0.5,57926.4
109,城市_109,2037,1,中等城市,211.2,126.2,0,0,0,211.16,9998.02,167.26,92647.1,0.887,7,5812,0.107,0.055,100.0,0.067,0.89,49704.7
110,城市_110,2037,0,小城市,46.16,124.7,0,0,0,30.24,6550.22,24.25,19986.6,0.914,1,1533,0.119,0.069,100.0,0.062,0.5,12391.4
111,城市_111,2037,1,中等城市,204.93,357.5,0,0,0,125.64,6130.65,35.15,73270.8,0.885,9,4607,0.102,0.054,100.0,0.052,1.75,45575.1
112,城市_112,2037,2,大城市,258.86,287.2,0,0,0,231.81,8954.98,80.7,99442.7,0.89,7,14745,0.091,0.076,100.0,0.057,1.25,58638.7
113,城市_113,2037,3,特大城市,2271.46,284.5,0,0,0,3074.29,13534.43,1080.51,1064284.5,0.934,139,187881,0.173,0.058,100.0,0.046,4.41,597988.6
114,城市_114,2037,1,中等城市,204.74,421.7,0,0,0,193.07,9429.61,45.78,79339.0,0.845,8,6799,0.08,0.04,100.0,0.056,1.29,47255.7
115,城市_115,2037,2,大城市,326.53,150.9,0,0,0,373.12,11426.82,247.22,105231.8,0.919,7,9916,0.111,0.047,100.0,0.053,1.44,66858.3
116,城市_116,2037,1,中等城市,181.25,256.1,0,0,0,140.8,7768.51,54.98,69442.0,0.923,9,4499,0.074,0.043,100.0,0.06,1.32,39020.9
117,城市_117,2037,0,小城市,73.48,115.8,0,1,0,55.96,7615.24,48.33,30163.6,0.92,2,1945,0.081,0.062,100.0,0.063,1.84,19055.7
118,城市_118,2037,3,特大城市,747.23,192.4,0,0,1,723.54,9682.96,376.15,279121.0,0.954,20,23033,0.131,0.078,100.0,0.051,2.08,153277.4
119,城市_119,2037,3,特大城市,498.43,133.7,1,0,0,486.9,9768.76,364.07,207617.3,0.941,18,26350,0.097,0.059,100.0,0.053,2.21,117488.7
120,城市_120,2037,3,特大城市,455.24,160.4,0,0,0,476.81,10473.81,297.28,159221.6,0.903,21,43647,0.072,0.059,100.0,0.058,2.12,96054.9
121,城市_121,2037,0,小城市,102.6,238.9,0,1,0,105.1,10243.5,43.99,41598.1,0.924,4,3038,0.088,0.101,100.0,0.053,1.05,26141.5
122,城市_122,2037,3,特大城市,722.63,77.1,1,0,1,932.26,12900.91,1208.77,307168.6,0.914,59,20281,0.099,0.072,100.0,0.051,1.92,197862.5
123,城市_123,2037,0,小城市,51.23,791.5,0,0,0,49.14,9592.08,6.21,17882.4,0.893,1,1327,0.076,0.03,100.0,0.059,0.88,11261.5
124,城市_124,2037,3,特大城市,380.72,66.4,0,0,1,385.82,10133.94,581.35,148673.5,0.893,33,16033,0.119,0.074,100.0,0.06,2.14,96127.5
125,城市_125,2037,3,特大城市,2255.7,56.2,0,0,0,2355.01,10440.25,4191.53,883047.7,0.944,153,92010,0.119,0.111,100.0,0.038,3.51,534651.6
126,城市_126,2037,0,小城市,65.64,374.8,0,0,1,52.03,7925.75,13.88,26314.3,0.908,1,2489,0.09,0.075,100.0,0.062,0.73,15297.9
127,城市_127,2037,1,中等城市,122.79,279.6,1,0,0,110.64,9010.51,39.57,43951.4,0.934,4,3953,0.105,0.065,100.0,0.065,1.02,27932.1
128,城市_128,2037,2,大城市,211.46,244.5,0,0,1,186.28,8809.32,76.18,86297.0,0.919,8,11695,0.098,0.037,100.0,0.056,0.71,55308.2
129,城市_129,2037,1,中等城市,127.92,245.3,0,0,0,91.47,7150.71,37.28,45288.2,0.887,4,5918,0.095,0.071,100.0,0.075,0.87,28437.6
130,城市_130,2037,0,小城市,47.05,147.0,0,0,0,32.51,6909.58,22.12,20403.4,0.88,2,2148,0.087,0.053,100.0,0.067,1.63,12617.0
131,城市_131,2037,2,大城市,179.61,72.4,0,0,0,173.7,9670.74,239.91,79133.0,0.915,7,7383,0.08,0.075,100.0,0.06,1.56,50784.3
132,城市_132,2037,0,小城市,88.56,157.7,0,0,0,67.42,7612.58,42.75,39245.5,0.92,2,3078,0.089,0.083,100.0,0.058,0.91,23949.9
133,城市_133,2037,2,大城市,358.31,86.3,0,0,0,327.59,9142.79,379.43,171869.0,0.932,12,10636,0.121,0.055,100.0,0.054,1.87,103015.5
134,城市_134,2037,0,小城市,71.77,323.8,0,0,1,54.84,7641.34,16.94,25341.8,0.896,3,3086,0.093,0.069,100.0,0.068,2.14,15756.7
135,城市_135,2037,3,特大城市,924.84,131.9,1,0,1,811.81,8777.83,615.28,363725.1,0.93,62,38628,0.124,0.091,100.0,0.053,2.38,223446.3
136,城市_136,2037,0,小城市,121.59,76.7,0,0,0,96.68,7951.9,126.09,54530.8,0.92,2,5302,0.125,0.056,100.0,0.052,1.87,34166.8
137,城市_137,2037,1,中等城市,161.38,114.8,0,0,0,126.53,7840.54,110.25,61724.4,0.877,3,3712,0.116,0.093,100.0,0.05,1.64,36790.3
138,城市_138,2037,3,特大城市,398.85,206.5,0,0,0,331.13,8302.05,160.34,172551.7,0.914,17,16244,0.083,0.08,100.0,0.057,1.38,108237.8
139,城市_139,2037,0,小城市,53.23,94.5,0,0,0,34.06,6398.8,36.03,18537.6,0.919,1,1785,0.11,0.039,100.0,0.06,1.17,11599.5
140,城市_140,2037,2,大城市,289.43,76.9,0,0,0,254.12,8779.99,330.55,109837.7,0.917,9,8180,0.127,0.062,100.0,0.053,1.65,66605.6
141,城市_141,2037,3,特大城市,869.11,180.4,0,0,0,950.82,10940.21,527.18,390827.5,0.918,28,39781,0.107,0.086,100.0,0.045,1.78,225699.4
142,城市_142,2037,0,小城市,44.24,180.5,0,0,0,38.51,8706.39,21.33,13700.7,0.953,0,1716,0.069,0.089,100.0,0.05,0.5,8730.3
143,城市_143,2037,2,大城市,238.09,98.9,0,0,0,168.78,7088.86,170.6,99977.4,0.944,15,17748,0.096,0.068,100.0,0.054,0.9,56358.3
144,城市_144,2037,2,大城市,308.26,101.8,0,0,0,351.89,11415.3,345.61,128441.6,0.907,14,13114,0.111,0.063,100.0,0.055,0.5,73374.7
145,城市_145,2037,3,特大城市,431.13,178.7,1,0,0,418.21,9700.26,234.04,167895.4,0.906,26,14507,0.121,0.085,100.0,0.06,1.19,101583.6
146,城市_146,2037,0,小城市,52.28,50.0,0,0,0,33.05,6321.53,66.1,19152.6,0.915,1,1861,0.091,0.047,100.0,0.059,0.5,10050.6
147,城市_147,2037,0,小城市,72.14,50.0,0,0,0,52.53,7281.23,105.05,27194.5,0.9,1,1867,0.061,0.032,100.0,0.065,1.54,17575.5
148,城市_148,2037,3,特大城市,379.88,83.5,0,0,1,262.69,6915.02,314.47,156309.8,0.934,14,20217,0.083,0.072,100.0,0.06,0.91,93854.8
149,城市_149,2037,2,大城市,245.26,125.1,1,0,0,168.54,6871.7,134.7,102378.8,0.88,9,9916,0.113,0.048,100.0,0.06,1.6,66155.6
150,城市_150,2037,2,大城市,273.01,190.3,0,0,0,313.17,11470.98,164.54,101575.5,0.901,12,11095,0.146,0.11,100.0,0.062,1.74,66442.7
151,城市_151,2037,2,大城市,295.2,483.1,0,0,0,237.4,8042.04,49.14,146038.3,0.92,16,7891,0.106,0.062,100.0,0.05,1.74,86944.6
152,城市_152,2037,1,中等城市,99.31,294.8,1,0,0,86.02,8662.37,29.18,36880.8,0.922,5,4615,0.128,0.066,100.0,0.056,0.5,23620.7
153,城市_153,2037,2,大城市,272.54,130.6,1,0,1,237.45,8712.45,181.83,107097.5,0.876,14,7572,0.085,0.043,100.0,0.07,1.92,60852.4
154,城市_154,2037,2,大城市,238.47,146.2,1,0,0,208.96,8762.52,142.96,109899.8,0.886,11,7429,0.092,0.081,100.0,0.048,1.53,67368.4
155,城市_155,2037,0,小城市,117.6,66.6,0,0,0,101.05,8592.63,151.83,38681.0,0.869,6,4492,0.056,0.052,100.0,0.057,1.56,22659.2
156,城市_156,2037,3,特大城市,1341.3,146.2,0,0,0,1022.68,7624.58,699.36,673326.0,0.912,76,41451,0.137,0.077,100.0,0.051,3.69,418064.5
157,城市_157,2037,2,大城市,254.7,117.8,0,0,1,273.1,10722.12,231.81,101555.5,0.88,14,7387,0.088,0.054,100.0,0.048,1.73,63622.2
158,城市_158,2037,0,小城市,60.78,192.1,1,0,1,45.52,7490.03,23.69,21461.3,0.912,2,2202,0.113,0.03,100.0,0.056,0.5,12773.8
159,城市_159,2037,3,特大城市,361.49,76.6,0,0,0,305.59,8453.67,399.1,133114.5,0.913,18,18005,0.098,0.053,100.0,0.067,1.8,82044.4
160,城市_160,2037,0,小城市,47.28,224.9,0,0,0,37.58,7948.33,16.71,15540.0,0.898,1,2275,0.141,0.062,100.0,0.06,0.5,9764.4
161,城市_161,2037,3,特大城市,444.85,505.8,0,0,0,371.81,8358.17,73.51,176145.2,0.91,13,20234,0.146,0.03,100.0,0.053,1.56,106679.6
162,城市_162,2037,3,特大城市,786.16,136.0,1,0,1,800.55,10183.01,588.44,336564.0,0.941,46,33463,0.071,0.088,100.0,0.054,1.79,227574.9
163,城市_163,2037,0,小城市,89.84,204.7,0,0,0,69.33,7716.97,33.87,35470.8,0.881,3,2865,0.114,0.047,100.0,0.056,1.12,21136.5
164,城市_164,2037,3,特大城市,612.55,257.8,0,0,1,655.72,10704.76,254.37,258740.9,0.875,25,31541,0.099,0.068,100.0,0.063,1.05,168097.7
165,城市_165,2037,2,大城市,314.46,107.7,0,0,0,273.74,8705.3,254.25,120734.5,0.921,12,6872,0.12,0.03,100.0,0.052,0.72,76589.4
166,城市_166,2037,3,特大城市,438.11,177.6,0,0,0,349.06,7967.31,196.59,198300.6,0.902,15,18357,0.083,0.064,100.0,0.054,1.35,107915.8
167,城市_167,2037,3,特大城市,1225.45,149.9,0,0,0,1336.22,10903.87,891.31,649725.1,0.907,55,58024,0.156,0.056,100.0,0.042,2.51,418935.7
168,城市_168,2037,1,中等城市,131.12,160.5,0,0,0,103.52,7894.83,64.51,56571.4,0.914,3,4694,0.124,0.046,100.0,0.057,0.96,35765.5
169,城市_169,2037,0,小城市,114.04,80.0,0,0,0,70.34,6168.23,87.96,42123.9,0.863,2,3377,0.074,0.03,100.0,0.058,1.88,25418.6
170,城市_170,2037,0,小城市,96.4,151.4,0,0,0,79.12,8207.69,52.28,37830.1,0.885,2,3507,0.098,0.034,100.0,0.065,1.34,23116.7
171,城市_171,2037,0,小城市,87.74,221.1,0,0,0,63.88,7280.57,28.9,34447.3,0.854,3,2571,0.105,0.049,100.0,0.054,1.31,21177.6
172,城市_172,2037,1,中等城市,136.83,473.9,0,0,0,119.01,8697.33,25.11,59682.1,0.908,7,5873,0.117,0.048,100.0,0.061,0.99,38271.7
173,城市_173,2037,2,大城市,316.17,319.7,0,0,0,250.14,7911.54,78.24,123110.6,0.938,24,15447,0.107,0.075,100.0,0.058,0.72,72340.7
174,城市_174,2037,2,大城市,235.54,830.9,0,0,0,171.55,7283.35,20.65,85952.4,0.894,8,9907,0.121,0.03,100.0,0.048,1.31,55661.1
175,城市_175,2037,3,特大城市,486.77,80.3,0,0,1,546.11,11219.03,679.85,217873.9,0.895,32,20112,0.109,0.06,100.0,0.052,2.55,123638.7
176,城市_176,2037,2,大城市,162.52,298.2,0,0,1,155.0,9536.94,51.97,64967.7,0.939,6,7510,0.116,0.052,100.0,0.055,1.33,35550.0
177,城市_177,2037,3,特大城市,902.8,171.9,0,0,1,902.83,10000.27,525.33,348314.8,0.932,46,43193,0.093,0.061,100.0,0.06,2.75,215190.4
178,城市_178,2037,1,中等城市,156.04,855.6,0,0,1,139.45,8937.11,16.3,63756.1,0.951,6,4544,0.103,0.035,100.0,0.061,1.83,40661.8
179,城市_179,2037,3,特大城市,1686.15,77.7,1,0,0,2031.44,12047.79,2613.14,849631.6,0.94,150,39103,0.16,0.109,100.0,0.046,3.51,505201.6
180,城市_180,2037,3,特大城市,507.68,75.8,0,0,0,478.49,9424.9,631.17,196738.3,0.916,20,20300,0.139,0.102,100.0,0.034,1.78,104679.2
181,城市_181,2037,0,小城市,83.52,91.9,1,0,0,54.71,6550.39,59.55,29111.1,0.931,2,4054,0.105,0.03,100.0,0.05,0.62,16164.6
182,城市_182,2037,0,小城市,68.2,50.0,0,0,0,54.87,8045.01,109.74,25331.3,0.899,1,1561,0.1,0.033,100.0,0.063,0.99,15530.3
183,城市_183,2037,2,大城市,367.97,97.5,0,0,0,390.64,10616.26,400.84,156624.0,0.913,13,13819,0.135,0.038,100.0,0.061,1.31,93927.2
184,城市_184,2037,1,中等城市,164.8,80.9,1,0,0,151.6,9199.03,187.49,63434.4,0.855,8,8504,0.102,0.048,100.0,0.055,1.38,40504.7
185,城市_185,2037,3,特大城市,450.88,167.4,0,0,0,424.24,9409.09,253.44,201047.6,0.945,16,16017,0.133,0.085,100.0,0.056,0.89,121068.4
186,城市_186,2037,2,大城市,275.36,195.1,0,0,0,265.81,9653.06,136.26,111705.0,0.914,9,15987,0.104,0.067,100.0,0.057,1.1,64541.2
187,城市_187,2037,1,中等城市,188.69,665.8,0,0,0,155.7,8251.88,23.39,79763.6,0.902,7,10357,0.105,0.051,100.0,0.059,1.45,48597.7
188,城市_188,2037,0,小城市,64.63,317.5,0,0,0,57.82,8946.51,18.21,22542.6,0.92,1,2250,0.079,0.052,100.0,0.058,0.73,14212.4
189,城市_189,2037,0,小城市,43.91,93.5,1,0,0,39.52,9000.62,42.25,14426.4,0.877,0,1446,0.076,0.045,100.0,0.064,0.6,9240.6
190,城市_190,2037,1,中等城市,168.9,72.3,1,0,0,117.32,6946.22,162.19,63724.7,0.893,10,5595,0.123,0.068,100.0,0.064,0.83,38022.6
191,城市_191,2037,3,特大城市,380.0,220.0,1,0,1,411.71,10834.4,187.16,137757.4,0.919,13,14556,0.143,0.076,100.0,0.052,1.37,82933.1
192,城市_192,2037,2,大城市,242.79,51.6,0,0,0,297.33,12246.41,576.04,99043.8,0.906,9,6281,0.107,0.067,100.0,0.052,0.5,61741.7
193,城市_193,2037,0,小城市,41.81,642.4,1,0,0,33.1,7917.38,5.15,12865.2,0.91,0,1023,0.098,0.03,100.0,0.056,0.68,7430.2
194,城市_194,2037,2,大城市,247.44,381.3,1,0,1,251.57,10166.91,65.98,94303.3,0.91,8,4604,0.126,0.056,100.0,0.058,1.8,58666.4
195,城市_195,2037,2,大城市,330.13,102.0,0,0,1,270.65,8198.25,265.42,129360.8,0.92,9,12067,0.114,0.054,100.0,0.059,1.6,76716.0
196,城市_196,2037,0,小城市,91.52,50.0,0,0,1,67.26,7349.06,134.52,31649.0,0.876,2,6206,0.054,0.072,100.0,0.063,1.33,18917.6
197,城市_197,2037,2,大城市,219.15,438.4,1,0,0,184.0,8396.1,41.97,83995.9,0.93,4,4437,0.125,0.06,100.0,0.063,0.5,50404.3
198,城市_198,2037,2,大城市,153.5,135.4,0,0,0,120.74,7865.66,89.16,59248.2,0.894,4,5343,0.077,0.065,100.0,0.06,1.0,35779.3
199,城市_199,2037,0,小城市,53.81,399.5,1,0,0,33.18,6166.82,8.31,21808.9,0.902,1,1856,0.101,0.041,100.0,0.061,1.01,14337.5
0,城市_000,2038,2,大城市,320.6,197.6,0,0,0,259.71,8100.76,131.44,133020.9,0.875,12,10658,0.106,0.055,100.0,0.055,0.56,69183.0
1,城市_001,2038,1,中等城市,171.46,232.4,0,0,0,155.92,9093.58,67.08,67458.6,0.922,5,9082,0.116,0.047,100.0,0.059,1.44,41367.3
2,城市_002,2038,3,特大城市,521.99,353.0,0,0,0,446.24,8548.9,126.42,237090.6,0.909,12,21570,0.089,0.085,100.0,0.058,1.2,140685.0
3,城市_003,2038,3,特大城市,1051.3,344.8,1,0,0,991.96,9435.57,287.67,427927.5,0.915,112,32761,0.119,0.071,100.0,0.046,1.18,257708.6
4,城市_004,2038,1,中等城市,191.95,50.0,1,0,0,175.1,9122.36,350.21,86359.2,0.918,6,7823,0.138,0.052,100.0,0.05,2.05,52155.6
5,城市_005,2038,1,中等城市,139.71,70.1,1,0,0,109.72,7853.06,156.54,58437.8,0.868,2,4145,0.103,0.069,100.0,0.054,1.2,33726.5
6,城市_006,2038,3,特大城市,1073.95,224.1,1,0,1,1122.59,10452.93,500.96,514408.4,0.917,56,51827,0.107,0.05,100.0,0.056,2.37,318717.2
7,城市_007,2038,3,特大城市,526.54,223.9,0,0,0,520.06,9876.93,232.31,220498.1,0.919,41,28159,0.084,0.035,100.0,0.058,0.99,127746.8
8,城市_008,2038,1,中等城市,117.63,224.1,1,0,0,77.22,6564.4,34.46,43792.9,0.907,6,4391,0.093,0.03,100.0,0.057,0.56,27257.2
9,城市_009,2038,3,特大城市,407.31,3236.3,1,0,0,403.86,9915.34,12.48,158071.6,0.898,18,22415,0.086,0.069,100.0,0.067,0.68,99438.2
10,城市_010,2038,1,中等城市,128.63,234.3,1,0,0,91.7,7129.22,39.13,56598.8,0.893,4,4964,0.095,0.049,100.0,0.065,1.86,32478.4
11,城市_011,2038,1,中等城市,118.68,368.1,0,0,1,81.77,6889.35,22.21,49355.1,0.933,5,5744,0.113,0.069,100.0,0.064,0.5,28357.9
12,城市_012,2038,2,大城市,322.57,318.4,0,0,0,260.7,8081.95,81.89,119166.3,0.925,13,28763,0.107,0.057,100.0,0.054,2.19,71906.1
13,城市_013,2038,0,小城市,38.2,249.9,0,0,0,31.3,8192.21,12.52,14868.5,0.887,1,2952,0.091,0.03,100.0,0.065,0.55,9591.8
14,城市_014,2038,0,小城市,38.64,115.3,1,0,0,22.06,5709.4,19.13,13025.9,0.928,1,1345,0.065,0.044,100.0,0.061,0.5,7583.9
15,城市_015,2038,1,中等城市,130.78,272.4,0,0,0,118.52,9062.88,43.52,51375.8,0.918,3,5253,0.119,0.07,100.0,0.055,1.13,30204.0
16,城市_016,2038,0,小城市,97.11,80.0,0,0,0,81.48,8390.57,101.88,39124.8,0.912,4,2604,0.095,0.047,100.0,0.059,0.77,23851.8
17,城市_017,2038,2,大城市,270.63,122.8,0,0,0,242.27,8951.9,197.29,120719.6,0.916,8,12651,0.107,0.079,100.0,0.053,1.37,74810.4
18,城市_018,2038,0,小城市,90.91,100.7,0,0,0,74.72,8218.95,74.23,34825.7,0.879,2,3758,0.084,0.043,100.0,0.056,0.67,21446.0
19,城市_019,2038,0,小城市,48.22,158.5,0,0,0,34.28,7108.26,21.63,17373.3,0.931,1,1406,0.093,0.065,100.0,0.054,0.9,10440.8
20,城市_020,2038,3,特大城市,766.22,945.5,0,0,0,835.55,10904.88,88.37,321531.6,0.934,53,40242,0.103,0.03,100.0,0.059,1.52,189972.0
21,城市_021,2038,1,中等城市,157.73,50.0,0,0,1,123.96,7859.04,247.92,66374.4,0.908,6,5358,0.076,0.049,100.0,0.058,1.62,40485.4
22,城市_022,2038,2,大城市,185.74,257.0,0,0,1,124.01,6676.49,48.26,77066.5,0.908,6,5844,0.085,0.046,100.0,0.054,1.47,38840.2
23,城市_023,2038,0,小城市,54.96,50.0,1,0,0,40.88,7437.48,81.76,20119.6,0.899,1,2279,0.101,0.03,100.0,0.062,1.19,13200.0
24,城市_024,2038,1,中等城市,107.26,101.7,0,0,0,97.44,9084.05,95.77,35022.9,0.891,4,3432,0.108,0.074,100.0,0.059,1.65,20818.5
25,城市_025,2038,2,大城市,184.77,354.7,1,0,0,169.38,9166.86,47.76,59225.5,0.914,6,6733,0.09,0.041,100.0,0.064,1.35,35859.2
26,城市_026,2038,0,小城市,76.4,156.2,0,0,0,78.05,10215.18,49.95,28988.6,0.886,1,4746,0.077,0.037,100.0,0.06,1.18,19218.9
27,城市_027,2038,2,大城市,347.7,62.7,0,0,1,304.01,8743.38,485.13,127158.4,0.91,12,10637,0.1,0.083,100.0,0.05,1.35,73467.1
28,城市_028,2038,1,中等城市,109.67,83.7,1,0,0,86.43,7881.07,103.21,39885.9,0.904,4,4940,0.118,0.055,100.0,0.057,0.77,26722.1
29,城市_029,2038,1,中等城市,179.19,255.6,0,0,0,146.86,8196.12,57.45,68423.4,0.911,5,5533,0.085,0.069,100.0,0.053,0.85,42572.4
30,城市_030,2038,1,中等城市,100.68,82.7,0,0,0,71.72,7123.56,86.68,44910.2,0.921,1,2765,0.102,0.03,100.0,0.062,1.19,27547.8
31,城市_031,2038,3,特大城市,1265.09,176.5,0,0,0,1220.92,9650.81,691.85,547774.9,0.933,68,45415,0.111,0.059,100.0,0.056,2.99,339246.3
32,城市_032,2038,1,中等城市,224.68,153.9,1,0,0,167.0,7432.81,108.5,93601.7,0.918,8,18493,0.127,0.096,100.0,0.051,1.55,53798.1
33,城市_033,2038,0,小城市,88.26,88.1,0,0,0,49.4,5597.62,56.06,34489.6,0.863,3,4104,0.092,0.069,100.0,0.059,1.39,18987.6
34,城市_034,2038,3,特大城市,450.96,824.8,1,0,0,385.51,8548.58,46.74,151293.4,0.918,13,19056,0.122,0.037,100.0,0.062,0.98,85418.2
35,城市_035,2038,0,小城市,56.27,246.4,0,0,0,42.59,7568.8,17.28,19999.5,0.903,1,1768,0.121,0.056,100.0,0.052,1.33,12652.2
36,城市_036,2038,2,大城市,310.4,50.0,0,0,0,306.31,9868.11,612.61,112525.8,0.913,18,10174,0.137,0.036,100.0,0.055,1.16,64357.2
37,城市_037,2038,0,小城市,33.27,172.3,0,0,0,21.81,6557.15,12.66,13653.7,0.89,0,784,0.074,0.079,100.0,0.06,1.13,7514.7
38,城市_038,2038,0,小城市,57.66,87.4,0,0,0,40.06,6947.54,45.83,18314.5,0.924,1,3634,0.073,0.03,100.0,0.065,1.34,10945.1
39,城市_039,2038,2,大城市,317.52,293.5,0,0,0,333.47,10502.43,113.61,122846.1,0.911,7,12662,0.13,0.062,100.0,0.06,0.79,75825.6
40,城市_040,2038,3,特大城市,623.45,78.7,0,0,0,492.18,7894.44,625.17,252698.5,0.897,40,24222,0.132,0.067,100.0,0.059,1.81,151912.1
41,城市_041,2038,2,大城市,268.35,135.4,0,0,0,231.61,8630.99,171.06,98400.6,0.894,13,10494,0.093,0.033,100.0,0.061,1.43,60830.4
42,城市_042,2038,1,中等城市,170.1,222.3,1,0,0,165.8,9746.8,74.58,66510.7,0.921,6,11714,0.05,0.048,100.0,0.057,1.7,42211.1
43,城市_043,2038,1,中等城市,171.21,296.7,0,0,0,130.07,7596.98,43.84,66200.0,0.902,4,6890,0.105,0.061,100.0,0.067,0.94,40854.6
44,城市_044,2038,0,小城市,41.79,56.8,0,0,0,24.29,5813.24,42.76,15307.6,0.901,1,1451,0.07,0.03,100.0,0.056,1.02,9113.8
45,城市_045,2038,0,小城市,128.31,113.6,1,0,1,135.98,10597.55,119.74,51082.1,0.899,4,8098,0.086,0.03,100.0,0.045,1.24,29815.1
46,城市_046,2038,1,中等城市,118.1,101.5,0,0,0,108.31,9170.86,106.71,45837.9,0.923,1,4179,0.106,0.049,100.0,0.05,0.88,28562.7
47,城市_047,2038,3,特大城市,589.61,88.0,0,0,0,640.06,10855.78,727.34,250859.1,0.921,36,13057,0.118,0.045,100.0,0.055,1.42,152587.4
48,城市_048,2038,2,大城市,257.66,609.3,1,0,0,223.93,8691.17,36.75,111521.3,0.881,14,5995,0.137,0.046,100.0,0.056,1.02,64033.0
49,城市_049,2038,0,小城市,37.54,205.2,1,0,0,29.91,7967.22,14.58,11832.6,0.881,1,1303,0.093,0.05,100.0,0.057,0.98,7561.8
50,城市_050,2038,2,大城市,304.56,54.1,0,0,0,187.82,6166.95,347.01,128616.2,0.906,8,12228,0.086,0.038,100.0,0.058,2.23,78181.2
51,城市_051,2038,1,中等城市,164.34,309.3,1,0,0,129.49,7879.33,41.87,58522.6,0.89,3,7736,0.122,0.053,100.0,0.065,1.15,36259.9
52,城市_052,2038,1,中等城市,110.02,810.6,0,0,0,102.42,9309.52,12.64,39658.0,0.859,3,3072,0.11,0.058,100.0,0.061,1.37,23328.4
53,城市_053,2038,3,特大城市,393.97,339.0,0,0,0,293.93,7460.58,86.71,160905.1,0.893,20,13546,0.1,0.073,100.0,0.06,1.48,102001.2
54,城市_054,2038,3,特大城市,536.94,50.0,0,0,0,484.87,9030.25,969.74,227947.5,0.905,19,15493,0.111,0.036,100.0,0.05,1.48,125927.1
55,城市_055,2038,3,特大城市,511.39,100.7,1,0,0,506.8,9910.29,503.04,218619.4,0.902,15,26275,0.102,0.047,100.0,0.053,1.59,142160.5
56,城市_056,2038,0,小城市,71.5,408.9,0,0,0,49.13,6870.99,12.01,24621.8,0.916,2,3864,0.115,0.063,100.0,0.063,1.47,13340.9
57,城市_057,2038,1,中等城市,198.64,84.3,0,0,0,170.58,8587.25,202.45,88465.8,0.859,6,13149,0.138,0.03,100.0,0.059,1.21,49425.9
58,城市_058,2038,2,大城市,290.34,211.7,0,0,0,274.3,9447.39,129.58,111856.1,0.89,14,11869,0.091,0.058,100.0,0.06,1.26,67958.7
59,城市_059,2038,3,特大城市,749.36,275.8,0,0,0,770.11,10276.86,279.22,295497.1,0.931,39,48241,0.123,0.065,100.0,0.057,1.76,172593.1
60,城市_060,2038,1,中等城市,128.5,70.7,0,0,0,99.28,7726.29,140.42,44388.0,0.889,4,3839,0.072,0.03,100.0,0.06,0.65,26195.6
61,城市_061,2038,1,中等城市,125.46,141.5,0,0,0,90.68,7227.83,64.08,42945.6,0.878,4,4924,0.081,0.043,100.0,0.067,1.67,25083.1
62,城市_062,2038,0,小城市,64.74,50.0,0,0,0,52.57,8119.32,105.14,21392.1,0.888,1,1732,0.113,0.058,100.0,0.057,0.85,12332.7
63,城市_063,2038,0,小城市,64.06,65.4,0,0,0,51.51,8041.44,78.77,24262.8,0.91,1,2798,0.1,0.047,100.0,0.055,1.81,14788.4
64,城市_064,2038,3,特大城市,483.23,121.3,0,0,0,474.03,9809.52,390.92,207242.3,0.904,16,19362,0.087,0.05,100.0,0.047,1.69,124043.4
65,城市_065,2038,3,特大城市,926.8,54.7,0,0,0,946.34,10210.83,1730.21,365114.9,0.904,59,16329,0.118,0.071,100.0,0.057,2.79,228760.9
66,城市_066,2038,1,中等城市,203.38,547.8,0,0,0,184.03,9048.5,33.59,72640.9,0.914,11,10437,0.122,0.074,100.0,0.056,1.14,43759.2
67,城市_067,2038,3,特大城市,544.8,50.0,0,0,0,590.78,10844.14,1181.57,220198.2,0.918,22,25904,0.082,0.071,100.0,0.062,1.27,129365.4
68,城市_068,2038,2,大城市,258.76,104.4,1,0,0,238.87,9231.59,228.87,103284.8,0.88,18,8057,0.14,0.04,100.0,0.059,1.82,64370.6
69,城市_069,2038,1,中等城市,103.49,164.8,0,0,0,84.29,8144.34,51.15,39985.3,0.904,3,4142,0.113,0.03,100.0,0.057,0.84,21793.3
70,城市_070,2038,2,大城市,338.39,470.1,0,0,1,283.19,8368.53,60.24,125751.0,0.881,15,7952,0.118,0.067,100.0,0.052,2.04,65710.9
71,城市_071,2038,3,特大城市,1147.49,50.0,0,0,0,1449.09,12628.34,2898.19,483114.1,0.946,81,33504,0.122,0.049,100.0,0.055,2.63,266855.5
72,城市_072,2038,1,中等城市,181.51,376.4,0,0,1,130.35,7181.56,34.64,80060.1,0.928,8,11017,0.138,0.043,100.0,0.058,1.94,47211.0
73,城市_073,2038,3,特大城市,1209.45,149.6,0,0,0,1209.97,10004.23,808.62,470251.2,0.918,62,31470,0.143,0.078,100.0,0.052,1.93,287673.4
74,城市_074,2038,0,小城市,31.71,67.7,0,0,0,20.9,6590.63,30.88,11281.0,0.922,0,1169,0.093,0.074,100.0,0.063,1.52,5864.6
75,城市_075,2038,3,特大城市,412.04,214.8,0,0,0,289.47,7025.36,134.77,173851.7,0.893,25,9970,0.123,0.084,100.0,0.058,1.11,104250.5
76,城市_076,2038,2,大城市,241.53,174.0,0,0,1,222.87,9227.44,128.06,88228.0,0.902,8,9833,0.09,0.056,100.0,0.054,0.5,51998.3
77,城市_077,2038,1,中等城市,167.77,91.8,0,0,0,137.2,8178.03,149.42,68281.3,0.892,6,7306,0.098,0.043,100.0,0.061,1.64,41249.3
78,城市_078,2038,2,大城市,192.36,156.9,0,0,0,165.25,8590.66,105.3,67439.8,0.903,5,8793,0.133,0.03,100.0,0.063,1.22,36604.5
79,城市_079,2038,0,小城市,22.82,109.0,0,0,0,15.28,6696.73,14.01,8420.5,0.902,0,965,0.108,0.09,100.0,0.062,1.51,5713.0
80,城市_080,2038,1,中等城市,184.97,162.5,0,0,0,176.36,9534.24,108.51,72291.2,0.904,6,10440,0.117,0.048,100.0,0.062,1.26,43445.2
81,城市_081,2038,2,大城市,279.56,252.1,0,0,0,283.4,10137.54,112.43,99220.9,0.904,8,8709,0.129,0.069,100.0,0.061,1.34,55909.5
82,城市_082,2038,3,特大城市,1211.03,527.9,0,0,0,1058.92,8744.01,200.61,547425.2,0.926,70,32432,0.135,0.078,100.0,0.049,3.17,330580.9
83,城市_083,2038,1,中等城市,170.61,55.1,0,0,0,187.77,11006.14,340.58,61601.6,0.928,6,5262,0.087,0.043,100.0,0.056,1.26,39723.5
84,城市_084,2038,0,小城市,102.62,817.6,0,1,0,79.38,7735.18,9.71,38335.2,0.862,3,2520,0.135,0.041,100.0,0.07,0.88,21521.4
85,城市_085,2038,1,中等城市,151.69,50.0,1,0,1,138.25,9113.94,276.51,61522.3,0.941,4,5713,0.113,0.03,100.0,0.065,1.13,34154.5
86,城市_086,2038,3,特大城市,441.53,131.4,0,0,1,422.15,9560.99,321.17,166274.7,0.902,16,15576,0.12,0.081,100.0,0.056,1.6,99176.0
87,城市_087,2038,2,大城市,232.43,237.6,0,0,0,205.84,8855.63,86.63,87777.4,0.903,11,9867,0.106,0.052,100.0,0.062,0.5,52580.3
88,城市_088,2038,1,中等城市,121.72,185.8,1,0,0,107.97,8870.56,58.1,50801.2,0.929,3,2757,0.125,0.081,100.0,0.054,1.39,31561.9
89,城市_089,2038,3,特大城市,281.81,90.2,1,0,1,305.28,10832.94,338.51,94986.5,0.918,14,10326,0.144,0.047,100.0,0.055,2.01,61195.9
90,城市_090,2038,2,大城市,246.59,125.7,0,0,0,242.97,9853.09,193.37,109140.9,0.916,7,13059,0.097,0.049,100.0,0.052,1.26,68038.4
91,城市_091,2038,3,特大城市,486.03,100.0,0,0,0,440.37,9060.59,440.18,176701.6,0.934,25,21228,0.131,0.037,100.0,0.058,1.36,98664.8
92,城市_092,2038,1,中等城市,108.63,92.6,1,0,1,86.52,7964.34,93.41,38956.9,0.899,4,2263,0.103,0.046,100.0,0.061,1.32,22122.4
93,城市_093,2038,1,中等城市,148.15,292.9,1,0,0,113.34,7650.2,38.7,58366.5,0.921,2,5430,0.063,0.03,100.0,0.064,2.05,33622.1
94,城市_094,2038,1,中等城市,160.21,197.5,0,0,0,149.66,9341.96,75.79,65011.5,0.878,7,4730,0.075,0.061,100.0,0.058,1.42,40523.7
95,城市_095,2038,0,小城市,51.96,85.3,0,0,0,42.47,8173.25,49.81,19449.4,0.909,2,1918,0.11,0.053,100.0,0.065,1.17,12023.7
96,城市_096,2038,2,大城市,265.38,304.8,0,0,1,222.73,8392.99,73.07,105637.3,0.916,9,8709,0.125,0.085,100.0,0.061,1.12,67380.3
97,城市_097,2038,2,大城市,215.81,189.8,0,0,1,227.79,10555.02,120.03,81797.9,0.927,9,13377,0.116,0.03,100.0,0.071,0.72,50448.3
98,城市_098,2038,2,大城市,219.25,284.4,0,0,1,223.17,10178.83,78.48,97578.5,0.918,6,8275,0.12,0.079,100.0,0.067,1.27,56710.3
99,城市_099,2038,1,中等城市,122.94,245.6,0,0,0,132.01,10737.67,53.75,49906.8,0.906,4,4973,0.154,0.033,100.0,0.067,1.16,29649.4
100,城市_100,2038,0,小城市,64.05,76.5,0,0,1,43.48,6788.62,56.86,25989.8,0.895,3,2325,0.112,0.058,100.0,0.064,0.5,14454.4
101,城市_101,2038,1,中等城市,152.77,94.8,1,0,0,125.67,8226.47,132.55,56978.0,0.896,2,6479,0.098,0.03,100.0,0.054,0.82,35260.5
102,城市_102,2038,1,中等城市,174.49,269.8,0,0,0,143.41,8219.18,53.15,56244.6,0.897,5,6014,0.101,0.057,100.0,0.06,1.78,32690.4
103,城市_103,2038,0,小城市,80.02,241.8,0,0,0,92.45,11553.47,38.23,32427.6,0.876,3,3712,0.134,0.03,100.0,0.071,0.96,20647.6
104,城市_104,2038,1,中等城市,192.08,146.0,1,0,0,164.44,8561.02,112.66,77117.2,0.939,10,6282,0.078,0.04,100.0,0.061,0.5,47659.1
105,城市_105,2038,2,大城市,282.16,163.0,1,0,0,303.27,10748.29,186.04,113892.6,0.925,7,15686,0.13,0.058,100.0,0.054,2.13,74957.3
106,城市_106,2038,3,特大城市,1435.0,412.5,0,0,0,1758.85,12256.83,426.43,591702.3,0.933,72,61268,0.128,0.113,100.0,0.05,2.24,362473.2
107,城市_107,2038,2,大城市,211.44,92.5,0,0,0,180.25,8524.55,194.95,80627.4,0.92,6,7430,0.087,0.03,100.0,0.053,1.01,49346.6
108,城市_108,2038,2,大城市,270.23,229.9,0,0,0,241.19,8925.3,104.91,102241.0,0.92,9,12798,0.076,0.055,100.0,0.054,1.85,60784.8
109,城市_109,2038,1,中等城市,154.02,126.2,0,0,0,139.23,9039.8,110.28,59654.3,0.883,5,6569,0.133,0.043,100.0,0.061,0.81,35104.3
110,城市_110,2038,0,小城市,30.25,124.7,0,0,0,25.86,8549.51,20.74,9826.2,0.913,0,1426,0.083,0.03,100.0,0.063,0.5,5819.5
111,城市_111,2038,1,中等城市,154.07,357.5,0,0,0,125.49,8145.37,35.11,63199.0,0.928,5,5815,0.104,0.031,100.0,0.055,1.29,39813.8
112,城市_112,2038,2,大城市,305.63,287.2,0,0,0,253.82,8304.8,88.36,143661.2,0.892,9,10458,0.086,0.047,100.0,0.055,1.76,80384.4
113,城市_113,2038,3,特大城市,2560.54,284.5,0,0,0,3278.57,12804.21,1152.31,1084189.1,0.919,178,98098,0.189,0.109,100.0,0.033,3.77,652573.2
114,城市_114,2038,1,中等城市,175.05,421.7,0,0,0,124.8,7129.54,29.59,59856.3,0.88,5,5542,0.105,0.055,100.0,0.058,1.14,32921.6
115,城市_115,2038,2,大城市,322.76,150.9,0,0,0,302.15,9361.39,200.19,128203.2,0.904,13,15928,0.079,0.03,100.0,0.048,0.79,78356.4
116,城市_116,2038,1,中等城市,162.55,256.1,0,0,0,160.15,9852.68,62.54,64506.6,0.879,4,9291,0.095,0.03,100.0,0.057,0.69,37816.6
117,城市_117,2038,0,小城市,57.37,115.8,0,1,0,46.24,8060.86,39.94,21850.4,0.898,2,2510,0.129,0.059,100.0,0.06,0.91,13440.4
118,城市_118,2038,3,特大城市,729.78,192.4,0,0,1,656.56,8996.64,341.33,346058.8,0.901,34,41083,0.095,0.06,100.0,0.046,2.18,199926.8
119,城市_119,2038,3,特大城市,462.59,133.7,1,0,0,372.22,8046.29,278.32,201337.7,0.909,21,23862,0.102,0.091,100.0,0.051,1.59,119250.5
120,城市_120,2038,3,特大城市,411.59,160.4,0,0,0,454.41,11040.19,283.32,144334.6,0.898,17,13970,0.132,0.051,100.0,0.056,1.99,89338.9
121,城市_121,2038,0,小城市,95.68,238.9,0,1,0,74.2,7754.83,31.06,32663.6,0.901,2,4523,0.109,0.075,100.0,0.058,1.94,19721.5
122,城市_122,2038,3,特大城市,909.22,77.1,1,0,1,795.61,8750.5,1031.59,396111.0,0.93,49,22762,0.093,0.079,100.0,0.052,2.51,256000.1
123,城市_123,2038,0,小城市,57.03,791.5,0,0,0,51.1,8959.49,6.46,20195.6,0.882,1,2218,0.106,0.068,100.0,0.061,0.5,11825.6
124,城市_124,2038,3,特大城市,408.28,66.4,0,0,1,425.04,10410.42,640.44,186752.8,0.914,16,10534,0.105,0.067,100.0,0.048,1.34,108869.5
125,城市_125,2038,3,特大城市,1679.5,56.2,0,0,0,1529.69,9108.01,2722.6,677643.3,0.916,86,59785,0.134,0.092,100.0,0.05,3.41,431729.1
126,城市_126,2038,0,小城市,77.67,374.8,0,0,1,88.28,11365.03,23.55,31281.6,0.901,2,1855,0.12,0.03,100.0,0.058,1.03,18424.4
127,城市_127,2038,1,中等城市,86.44,279.6,1,0,0,62.81,7266.09,22.46,30767.7,0.9,2,4415,0.106,0.047,100.0,0.056,0.5,18079.2
128,城市_128,2038,2,大城市,213.95,244.5,0,0,1,207.99,9721.59,85.06,85713.8,0.911,8,6991,0.102,0.041,100.0,0.049,0.97,52413.4
129,城市_129,2038,1,中等城市,122.69,245.3,0,0,0,134.97,11001.23,55.01,43811.6,0.906,2,5923,0.1,0.078,100.0,0.058,0.5,26071.6
130,城市_130,2038,0,小城市,50.2,147.0,0,0,0,42.76,8517.37,29.09,19155.5,0.926,1,1805,0.123,0.031,100.0,0.062,0.92,11314.2
131,城市_131,2038,2,大城市,248.43,72.4,0,0,0,226.66,9123.57,313.07,106993.3,0.904,7,5255,0.09,0.049,100.0,0.059,0.95,61971.6
132,城市_132,2038,0,小城市,64.13,157.7,0,0,0,39.54,6165.77,25.08,24173.2,0.889,2,2040,0.058,0.067,100.0,0.06,0.89,15491.9
133,城市_133,2038,2,大城市,296.75,86.3,0,0,0,360.17,12137.11,417.16,137868.0,0.924,12,9310,0.101,0.062,100.0,0.056,1.94,82097.7
134,城市_134,2038,0,小城市,106.29,323.8,0,0,1,97.4,9162.88,30.08,38012.0,0.909,4,3893,0.11,0.055,100.0,0.059,0.5,22166.2
135,城市_135,2038,3,特大城市,948.08,131.9,1,0,1,771.41,8136.52,584.66,403843.5,0.936,41,54831,0.11,0.091,100.0,0.047,1.75,238709.2
136,城市_136,2038,0,小城市,98.82,76.7,0,0,0,99.53,10070.93,129.8,39913.2,0.9,1,6006,0.091,0.057,100.0,0.059,0.54,24372.9
137,城市_137,2038,1,中等城市,176.34,114.8,0,0,0,150.81,8552.28,131.41,63503.5,0.877,3,6052,0.096,0.043,100.0,0.056,1.74,40886.0
138,城市_138,2038,3,特大城市,471.5,206.5,0,0,0,423.71,8986.24,205.18,193395.2,0.954,46,11884,0.109,0.033,100.0,0.051,2.12,115055.9
139,城市_139,2038,0,小城市,60.27,94.5,0,0,0,42.01,6970.59,44.44,23403.6,0.889,1,1773,0.075,0.061,100.0,0.063,1.25,13436.4
140,城市_140,2038,2,大城市,251.68,76.9,0,0,0,226.91,9015.87,295.16,107226.8,0.882,13,10691,0.118,0.04,100.0,0.05,1.45,70508.7
141,城市_141,2038,3,特大城市,715.89,180.4,0,0,0,790.03,11035.67,438.03,326875.6,0.928,25,25494,0.061,0.059,100.0,0.057,1.24,197454.6
142,城市_142,2038,0,小城市,43.56,180.5,0,0,0,29.72,6822.31,16.46,14722.5,0.882,1,998,0.112,0.072,100.0,0.063,1.15,8786.7
143,城市_143,2038,2,大城市,184.3,98.9,0,0,0,159.91,8676.9,161.64,73440.7,0.896,7,5829,0.11,0.049,100.0,0.056,0.65,44222.7
144,城市_144,2038,2,大城市,257.88,101.8,0,0,0,377.21,14627.22,370.48,91922.8,0.908,24,14060,0.115,0.046,100.0,0.063,1.32,51719.1
145,城市_145,2038,3,特大城市,509.46,178.7,1,0,0,516.65,10141.09,289.14,196980.0,0.907,22,20459,0.071,0.054,100.0,0.053,1.43,117919.7
146,城市_146,2038,0,小城市,66.29,50.0,0,0,0,58.77,8865.11,117.54,24189.3,0.894,1,2473,0.107,0.046,100.0,0.056,0.78,15064.8
147,城市_147,2038,0,小城市,72.48,50.0,0,0,0,48.58,6703.26,97.17,29518.3,0.933,2,2372,0.091,0.032,100.0,0.053,1.1,18791.4
148,城市_148,2038,3,特大城市,413.88,83.5,0,0,1,312.13,7541.61,373.66,175055.6,0.906,14,13263,0.14,0.092,100.0,0.057,1.82,103152.2
149,城市_149,2038,2,大城市,306.54,125.1,1,0,0,342.36,11168.55,273.63,122834.1,0.888,14,13275,0.113,0.045,100.0,0.053,2.25,74393.1
150,城市_150,2038,2,大城市,273.69,190.3,0,0,0,289.49,10577.42,152.11,112676.1,0.925,10,10506,0.082,0.071,100.0,0.054,1.6,71790.4
151,城市_151,2038,2,大城市,276.48,483.1,0,0,0,317.2,11472.76,65.66,114546.5,0.891,8,12818,0.072,0.035,100.0,0.058,2.46,68856.9
152,城市_152,2038,1,中等城市,117.33,294.8,1,0,0,94.25,8032.78,31.98,46008.0,0.9,4,5085,0.09,0.063,100.0,0.059,1.24,28597.9
153,城市_153,2038,2,大城市,283.07,130.6,1,0,1,303.86,10734.32,232.68,107555.1,0.887,11,10475,0.122,0.059,100.0,0.064,2.22,65902.1
154,城市_154,2038,2,大城市,265.96,146.2,1,0,0,160.22,6024.29,109.61,97710.4,0.909,13,10979,0.128,0.056,100.0,0.063,1.53,56679.0
155,城市_155,2038,0,小城市,88.98,66.6,0,0,0,76.27,8571.48,114.6,32819.1,0.903,4,2740,0.105,0.055,100.0,0.062,1.22,18789.5
156,城市_156,2038,3,特大城市,1356.75,146.2,0,0,0,1653.03,12183.74,1130.42,547854.6,0.926,70,49196,0.128,0.085,100.0,0.049,2.51,346123.4
157,城市_157,2038,2,大城市,417.02,117.8,0,0,1,347.97,8344.26,295.37,177775.3,0.911,16,22938,0.102,0.054,100.0,0.055,1.64,92400.7
158,城市_158,2038,0,小城市,65.67,192.1,1,0,1,58.95,8976.77,30.68,27444.2,0.918,1,2423,0.101,0.048,100.0,0.059,1.29,15916.0
159,城市_159,2038,3,特大城市,410.76,76.6,0,0,0,369.35,8991.74,482.36,174169.8,0.922,21,14157,0.132,0.07,100.0,0.054,0.77,97211.3
160,城市_160,2038,0,小城市,86.17,224.9,0,0,0,67.07,7783.64,29.83,27947.2,0.881,2,3376,0.095,0.03,100.0,0.056,1.45,17657.7
161,城市_161,2038,3,特大城市,506.88,505.8,0,0,0,460.18,9078.71,90.98,197364.4,0.896,26,13144,0.123,0.034,100.0,0.056,0.85,126499.4
162,城市_162,2038,3,特大城市,705.51,136.0,1,0,1,873.03,12374.59,641.72,294223.3,0.932,51,27731,0.103,0.067,100.0,0.05,2.18,170140.5
163,城市_163,2038,0,小城市,92.6,204.7,0,0,0,68.64,7412.54,33.54,31062.4,0.886,2,5666,0.122,0.03,100.0,0.055,1.41,21214.0
164,城市_164,2038,3,特大城市,507.71,257.8,0,0,1,439.54,8657.19,170.51,208500.0,0.92,20,14654,0.121,0.03,100.0,0.061,2.31,133714.5
165,城市_165,2038,2,大城市,382.1,107.7,0,0,0,308.1,8063.23,286.16,160219.6,0.924,22,15229,0.127,0.094,100.0,0.05,1.02,97079.4
166,城市_166,2038,3,特大城市,447.2,177.6,0,0,0,394.29,8816.79,222.07,203749.1,0.876,25,16335,0.146,0.09,100.0,0.051,1.03,131418.1
167,城市_167,2038,3,特大城市,1860.49,149.9,0,0,0,2064.44,11096.22,1377.06,940626.9,0.928,146,67442,0.085,0.075,100.0,0.052,3.73,546267.3
168,城市_168,2038,1,中等城市,170.42,160.5,0,0,0,158.38,9293.64,98.7,60093.2,0.92,5,6144,0.118,0.073,100.0,0.057,0.66,35557.3
169,城市_169,2038,0,小城市,100.69,80.0,0,0,0,71.97,7148.26,90.01,37686.7,0.899,2,4589,0.111,0.073,100.0,0.066,0.53,23135.7
170,城市_170,2038,0,小城市,99.54,151.4,0,0,0,84.15,8453.91,55.6,37273.7,0.894,2,2634,0.111,0.061,100.0,0.053,1.22,21590.3
171,城市_171,2038,0,小城市,83.51,221.1,0,0,0,71.88,8607.06,32.52,29524.9,0.918,1,3777,0.106,0.05,100.0,0.06,1.07,16577.4
172,城市_172,2038,1,中等城市,217.09,473.9,0,0,0,163.38,7525.64,34.48,85907.2,0.926,9,8153,0.109,0.067,100.0,0.062,1.33,49126.9
173,城市_173,2038,2,大城市,304.27,319.7,0,0,0,275.19,9044.32,86.08,120716.6,0.892,13,6596,0.113,0.072,100.0,0.053,1.63,71717.7
174,城市_174,2038,2,大城市,300.52,830.9,0,0,0,265.49,8834.56,31.95,125952.8,0.941,10,12389,0.124,0.069,100.0,0.066,1.62,77345.0
175,城市_175,2038,3,特大城市,429.49,80.3,0,0,1,402.99,9383.0,501.68,194469.6,0.873,17,16349,0.125,0.03,100.0,0.055,1.46,114710.5
176,城市_176,2038,2,大城市,189.95,298.2,0,0,1,149.79,7886.14,50.23,74865.7,0.874,8,5379,0.103,0.094,100.0,0.061,1.25,41236.4
177,城市_177,2038,3,特大城市,654.36,171.9,0,0,1,621.12,9491.97,361.41,261036.9,0.904,30,25260,0.109,0.111,100.0,0.051,1.73,160305.3
178,城市_178,2038,1,中等城市,150.04,855.6,0,0,1,125.66,8374.67,14.69,53274.0,0.896,4,3718,0.103,0.03,100.0,0.066,1.19,33999.5
179,城市_179,2038,3,特大城市,2359.66,77.7,1,0,0,3445.74,14602.68,4432.43,1229067.9,0.94,297,70688,0.138,0.106,100.0,0.043,3.07,713107.2
180,城市_180,2038,3,特大城市,352.11,75.8,0,0,0,322.35,9154.75,425.21,152281.6,0.896,12,13098,0.142,0.098,100.0,0.068,1.79,98965.3
181,城市_181,2038,0,小城市,88.14,91.9,1,0,0,85.06,9650.87,92.58,34153.0,0.887,3,1955,0.076,0.072,100.0,0.065,1.63,21382.1
182,城市_182,2038,0,小城市,73.47,50.0,0,0,0,70.4,9581.53,140.79,26963.5,0.897,2,1913,0.116,0.072,100.0,0.064,1.4,15325.4
183,城市_183,2038,2,大城市,374.99,97.5,0,0,0,281.59,7509.25,288.94,172124.2,0.896,10,10213,0.122,0.03,100.0,0.052,1.72,99928.9
184,城市_184,2038,1,中等城市,187.27,80.9,1,0,0,152.85,8161.92,189.03,72055.6,0.917,5,7054,0.093,0.069,100.0,0.059,0.72,42556.8
185,城市_185,2038,3,特大城市,485.35,167.4,0,0,0,563.97,11619.92,336.93,172979.9,0.91,29,20382,0.115,0.064,100.0,0.055,0.86,102826.4
186,城市_186,2038,2,大城市,384.31,195.1,0,0,0,362.31,9427.69,185.73,158577.6,0.903,16,10815,0.133,0.073,100.0,0.057,1.87,83546.4
187,城市_187,2038,1,中等城市,206.88,665.8,0,0,0,175.11,8464.31,26.3,73445.8,0.903,5,5725,0.097,0.033,100.0,0.059,1.26,42408.0
188,城市_188,2038,0,小城市,91.78,317.5,0,0,0,81.43,8872.18,25.65,35265.1,0.924,3,3519,0.128,0.03,100.0,0.055,1.19,20573.4
189,城市_189,2038,0,小城市,54.86,93.5,1,0,0,48.44,8829.14,51.78,22390.0,0.891,1,2086,0.123,0.048,100.0,0.059,1.17,14703.9
190,城市_190,2038,1,中等城市,153.22,72.3,1,0,0,127.43,8316.84,176.17,51711.6,0.878,6,4568,0.089,0.045,100.0,0.058,1.31,31379.0
191,城市_191,2038,3,特大城市,383.52,220.0,1,0,1,337.43,8798.13,153.39,144161.0,0.888,38,24420,0.085,0.054,100.0,0.052,1.77,83045.3
192,城市_192,2038,2,大城市,254.68,51.6,0,0,0,157.18,6171.77,304.53,108010.6,0.9,11,9902,0.108,0.045,100.0,0.062,1.25,63385.4
193,城市_193,2038,0,小城市,44.24,642.4,1,0,0,32.79,7411.53,5.1,15412.3,0.91,1,1546,0.076,0.047,100.0,0.061,0.5,9443.9
194,城市_194,2038,2,大城市,182.18,381.3,1,0,1,146.29,8029.94,38.37,73296.4,0.921,6,5969,0.05,0.04,100.0,0.063,1.56,43146.8
195,城市_195,2038,2,大城市,284.79,102.0,0,0,1,217.91,7651.76,213.71,117183.1,0.939,8,14179,0.096,0.055,100.0,0.06,1.62,68252.1
196,城市_196,2038,0,小城市,85.63,50.0,0,0,1,65.36,7633.42,130.72,34455.9,0.916,3,3709,0.145,0.03,100.0,0.051,0.5,20101.7
197,城市_197,2038,2,大城市,229.33,438.4,1,0,0,187.5,8176.08,42.77,85731.4,0.887,7,5009,0.096,0.065,100.0,0.054,0.69,52672.7
198,城市_198,2038,2,大城市,163.77,135.4,0,0,0,141.28,8626.65,104.33,51690.4,0.899,5,4889,0.111,0.058,100.0,0.067,1.63,28871.6
199,城市_199,2038,0,小城市,77.46,399.5,1,0,0,57.88,7472.74,14.49,29814.8,0.858,3,2492,0.116,0.03,100.0,0.063,1.65,16916.7
0,城市_000,2039,2,大城市,298.68,197.6,0,0,0,318.12,10650.99,161.0,123026.5,0.915,10,8276,0.111,0.068,100.0,0.057,1.76,67716.9
1,城市_001,2039,1,中等城市,153.12,232.4,0,0,0,118.46,7736.47,50.96,61253.4,0.917,4,5497,0.111,0.048,100.0,0.057,0.74,35156.5
2,城市_002,2039,3,特大城市,354.21,353.0,0,0,0,269.76,7615.89,76.42,141235.8,0.897,21,19643,0.102,0.067,100.0,0.063,1.19,88712.0
3,城市_003,2039,3,特大城市,1171.0,344.8,1,0,0,1095.4,9354.4,317.67,465827.8,0.917,69,64079,0.109,0.101,100.0,0.048,2.06,250970.3
4,城市_004,2039,1,中等城市,207.3,50.0,1,0,0,152.27,7345.33,304.54,78142.9,0.894,5,4768,0.089,0.036,100.0,0.05,0.5,46684.1
5,城市_005,2039,1,中等城市,179.95,70.1,1,0,0,140.39,7801.71,200.31,70522.9,0.925,5,3947,0.104,0.044,100.0,0.058,0.5,41652.4
6,城市_006,2039,3,特大城市,1091.64,224.1,1,0,1,1059.63,9706.83,472.87,483195.4,0.912,77,33612,0.096,0.095,100.0,0.05,1.92,261035.1
7,城市_007,2039,3,特大城市,410.95,223.9,0,0,0,331.13,8057.58,147.92,155958.1,0.896,16,8865,0.137,0.05,100.0,0.058,2.02,101493.0
8,城市_008,2039,1,中等城市,91.39,224.1,1,0,0,72.51,7933.9,32.36,32644.7,0.921,2,2301,0.071,0.067,100.0,0.055,0.9,18577.8
9,城市_009,2039,3,特大城市,382.06,3236.3,1,0,0,293.55,7683.19,9.07,157579.3,0.89,17,15617,0.092,0.081,100.0,0.06,1.22,97142.6
10,城市_010,2039,1,中等城市,143.77,234.3,1,0,0,118.02,8208.87,50.37,54926.3,0.905,3,5229,0.119,0.03,100.0,0.054,1.7,32183.1
11,城市_011,2039,1,中等城市,119.66,368.1,0,0,1,90.49,7562.38,24.58,46136.0,0.881,4,2626,0.094,0.044,100.0,0.054,1.03,26512.2
12,城市_012,2039,2,大城市,225.14,318.4,0,0,0,192.07,8531.43,60.33,71837.7,0.917,9,11764,0.117,0.077,100.0,0.062,1.58,42594.1
13,城市_013,2039,0,小城市,25.14,249.9,0,0,0,18.52,7369.26,7.41,8653.1,0.917,0,814,0.135,0.048,100.0,0.06,2.35,5099.4
14,城市_014,2039,0,小城市,39.75,115.3,1,0,0,27.17,6836.81,23.56,15347.4,0.875,1,1251,0.117,0.03,100.0,0.054,0.75,9122.5
15,城市_015,2039,1,中等城市,125.11,272.4,0,0,0,91.1,7281.4,33.45,45487.2,0.873,4,6243,0.078,0.042,100.0,0.055,1.02,26218.4
16,城市_016,2039,0,小城市,97.97,80.0,0,0,0,70.88,7234.72,88.62,38429.4,0.907,1,4076,0.078,0.067,100.0,0.058,1.28,21888.6
17,城市_017,2039,2,大城市,254.64,122.8,0,0,0,261.19,10257.13,212.7,91486.3,0.942,11,9249,0.1,0.079,100.0,0.053,1.96,57648.6
18,城市_018,2039,0,小城市,82.64,100.7,0,0,0,78.5,9498.8,77.99,27282.5,0.919,1,2620,0.11,0.052,100.0,0.058,1.01,16375.2
19,城市_019,2039,0,小城市,52.83,158.5,0,0,0,36.65,6936.88,23.13,19984.6,0.897,1,2305,0.125,0.06,100.0,0.058,1.41,11954.6
20,城市_020,2039,3,特大城市,844.88,945.5,0,0,0,820.79,9714.85,86.81,353479.9,0.895,46,27296,0.096,0.055,100.0,0.051,1.9,202634.4
21,城市_021,2039,1,中等城市,201.57,50.0,0,0,1,134.09,6652.57,268.19,76752.3,0.879,7,6924,0.093,0.071,100.0,0.062,1.14,49676.6
22,城市_022,2039,2,大城市,290.91,257.0,0,0,1,252.46,8678.04,98.24,124017.2,0.918,11,7519,0.099,0.083,100.0,0.053,1.04,74085.0
23,城市_023,2039,0,小城市,42.29,50.0,1,0,0,24.92,5892.25,49.83,14920.6,0.919,1,2191,0.095,0.066,100.0,0.066,0.73,8103.8
24,城市_024,2039,1,中等城市,115.16,101.7,0,0,0,86.84,7540.7,85.35,41640.8,0.889,3,6749,0.132,0.049,100.0,0.058,2.63,25329.1
25,城市_025,2039,2,大城市,308.68,354.7,1,0,0,325.53,10545.93,91.79,116244.1,0.899,12,12101,0.102,0.063,100.0,0.055,0.5,67081.5
26,城市_026,2039,0,小城市,72.63,156.2,0,0,0,44.88,6179.64,28.73,25014.8,0.902,2,2309,0.104,0.07,100.0,0.062,0.5,15692.4
27,城市_027,2039,2,大城市,321.75,62.7,0,0,1,253.22,7870.02,404.08,133729.1,0.941,5,15671,0.123,0.055,100.0,0.058,1.4,84403.5
28,城市_028,2039,1,中等城市,126.35,83.7,1,0,0,90.46,7159.63,108.02,47091.0,0.903,4,5546,0.134,0.068,100.0,0.063,1.21,29558.5
29,城市_029,2039,1,中等城市,182.43,255.6,0,0,0,120.77,6620.41,47.25,77795.7,0.883,8,5874,0.102,0.06,100.0,0.049,1.37,45600.6
30,城市_030,2039,1,中等城市,127.34,82.7,0,0,0,118.81,9329.93,143.6,38439.4,0.879,4,6617,0.127,0.08,100.0,0.062,0.67,22933.4
31,城市_031,2039,3,特大城市,1434.07,176.5,0,0,0,1568.82,10939.58,888.98,666168.0,0.902,96,46448,0.157,0.084,100.0,0.049,1.72,404669.2
32,城市_032,2039,1,中等城市,213.69,153.9,1,0,0,242.23,11335.61,157.37,86276.8,0.928,12,5344,0.101,0.043,100.0,0.059,1.04,54076.6
33,城市_033,2039,0,小城市,96.35,88.1,0,0,0,66.12,6862.55,75.04,36060.4,0.912,2,3475,0.09,0.079,100.0,0.059,1.54,20513.6
34,城市_034,2039,3,特大城市,468.31,824.8,1,0,0,336.09,7176.6,40.75,172310.6,0.9,21,23851,0.15,0.066,100.0,0.064,0.89,103869.3
35,城市_035,2039,0,小城市,63.79,246.4,0,0,0,56.12,8797.88,22.77,20628.1,0.842,1,2420,0.123,0.048,100.0,0.05,1.13,13532.8
36,城市_036,2039,2,大城市,354.97,50.0,0,0,0,306.04,8621.5,612.07,151676.4,0.888,8,9185,0.105,0.03,100.0,0.066,1.05,88569.6
37,城市_037,2039,0,小城市,32.37,172.3,0,0,0,21.51,6646.66,12.49,11780.1,0.907,0,1055,0.113,0.055,100.0,0.063,0.5,7058.9
38,城市_038,2039,0,小城市,56.58,87.4,0,0,0,53.3,9419.47,60.97,21143.3,0.908,1,2980,0.08,0.088,100.0,0.06,0.5,14343.7
39,城市_039,2039,2,大城市,295.97,293.5,0,0,0,271.23,9164.22,92.41,117047.9,0.911,6,11820,0.126,0.03,100.0,0.051,1.71,69381.6
40,城市_040,2039,3,特大城市,472.01,78.7,0,0,0,506.49,10730.41,643.35,206204.8,0.88,20,17266,0.071,0.03,100.0,0.049,1.1,114203.7
41,城市_041,2039,2,大城市,223.51,135.4,0,0,0,176.74,7907.44,130.53,83853.2,0.907,8,7906,0.125,0.069,100.0,0.056,1.81,50167.6
42,城市_042,2039,1,中等城市,201.58,222.3,1,0,0,155.32,7705.23,69.87,76755.7,0.883,6,10253,0.088,0.058,100.0,0.062,1.15,49905.6
43,城市_043,2039,1,中等城市,137.54,296.7,0,0,0,107.57,7821.44,36.26,52038.7,0.902,4,6860,0.069,0.065,100.0,0.059,0.5,32872.9
44,城市_044,2039,0,小城市,69.06,56.8,0,0,0,58.81,8516.14,103.52,25170.7,0.886,1,1668,0.061,0.04,100.0,0.062,1.3,14362.7
45,城市_045,2039,0,小城市,110.04,113.6,1,0,1,89.55,8138.11,78.85,46470.9,0.923,4,5366,0.092,0.03,100.0,0.052,0.69,28461.7
46,城市_046,2039,1,中等城市,114.44,101.5,0,0,0,99.54,8698.2,98.07,39358.5,0.908,4,4915,0.116,0.035,100.0,0.06,0.91,23407.5
47,城市_047,2039,3,特大城市,578.3,88.0,0,0,0,374.35,6473.28,425.4,203926.6,0.905,40,34308,0.08,0.089,100.0,0.062,2.06,127323.8
48,城市_048,2039,2,大城市,351.02,609.3,1,0,0,240.61,6854.79,39.49,125660.1,0.933,12,12648,0.08,0.046,100.0,0.065,0.66,73076.1
49,城市_049,2039,0,小城市,30.23,205.2,1,0,0,15.49,5124.79,7.55,11359.2,0.893,0,1563,0.091,0.042,100.0,0.054,0.8,6984.0
50,城市_050,2039,2,大城市,492.97,54.1,0,0,0,438.28,8890.55,809.75,200023.4,0.879,12,20874,0.123,0.03,100.0,0.055,0.88,131476.9
51,城市_051,2039,1,中等城市,111.96,309.3,1,0,0,73.45,6560.32,23.75,37418.9,0.923,2,2948,0.12,0.03,100.0,0.058,0.5,19518.8
52,城市_052,2039,1,中等城市,130.45,810.6,0,0,0,138.12,10588.05,17.04,50326.2,0.907,2,6518,0.105,0.074,100.0,0.056,0.88,31090.8
53,城市_053,2039,3,特大城市,363.97,339.0,0,0,0,331.03,9095.06,97.65,142883.3,0.899,16,17069,0.125,0.05,100.0,0.062,0.88,91384.1
54,城市_054,2039,3,特大城市,521.12,50.0,0,0,0,509.51,9777.18,1019.01,223534.0,0.895,17,15774,0.121,0.077,100.0,0.071,1.31,123683.5
55,城市_055,2039,3,特大城市,606.34,100.7,1,0,0,494.91,8162.31,491.24,267033.2,0.919,25,24329,0.1,0.044,100.0,0.051,1.84,154447.2
56,城市_056,2039,0,小城市,85.82,408.9,0,0,0,57.12,6655.36,13.97,39345.3,0.917,2,5941,0.119,0.03,100.0,0.062,0.7,23142.5
57,城市_057,2039,1,中等城市,212.98,84.3,0,0,0,232.2,10902.23,275.59,75999.7,0.888,7,6778,0.077,0.048,100.0,0.06,0.5,43933.4
58,城市_058,2039,2,大城市,231.52,211.7,0,0,0,263.55,11383.41,124.51,78564.4,0.915,5,10590,0.113,0.042,100.0,0.06,1.52,45239.4
59,城市_059,2039,3,特大城市,636.67,275.8,0,0,0,654.59,10281.52,237.33,276501.0,0.914,51,16864,0.086,0.042,100.0,0.063,1.17,162792.1
60,城市_060,2039,1,中等城市,127.2,70.7,0,0,0,76.87,6043.25,108.72,52614.4,0.885,4,3943,0.105,0.036,100.0,0.061,2.02,32913.0
61,城市_061,2039,1,中等城市,189.75,141.5,0,0,0,151.99,8009.89,107.4,66817.0,0.903,11,8902,0.127,0.05,100.0,0.048,0.96,43072.2
62,城市_062,2039,0,小城市,78.68,50.0,0,0,0,64.36,8180.09,128.73,26516.3,0.89,1,3126,0.105,0.041,100.0,0.052,1.0,16946.0
63,城市_063,2039,0,小城市,47.22,65.4,0,0,0,33.8,7159.39,51.69,17655.2,0.925,1,1635,0.1,0.032,100.0,0.054,0.5,11119.5
64,城市_064,2039,3,特大城市,508.93,121.3,0,0,0,349.62,6869.62,288.32,239156.2,0.894,24,31201,0.112,0.093,100.0,0.053,0.86,156638.6
65,城市_065,2039,3,特大城市,1026.88,54.7,0,0,0,1374.51,13385.36,2513.05,406218.0,0.945,89,28649,0.128,0.074,100.0,0.053,0.74,268485.6
66,城市_066,2039,1,中等城市,219.4,547.8,0,0,0,167.72,7644.51,30.62,86786.9,0.906,13,7725,0.146,0.056,100.0,0.058,1.33,52504.5
67,城市_067,2039,3,特大城市,550.58,50.0,0,0,0,428.53,7783.33,857.06,194534.5,0.873,22,23474,0.121,0.057,100.0,0.048,1.43,125071.9
68,城市_068,2039,2,大城市,238.1,104.4,1,0,0,207.08,8697.37,198.41,92431.0,0.86,7,6743,0.093,0.067,100.0,0.051,1.52,56634.1
69,城市_069,2039,1,中等城市,124.65,164.8,0,0,0,121.78,9769.63,73.91,47168.4,0.898,4,5342,0.098,0.062,100.0,0.049,1.51,27995.1
70,城市_070,2039,2,大城市,438.76,470.1,0,0,1,440.68,10043.77,93.73,200651.4,0.933,28,22281,0.088,0.036,100.0,0.05,1.86,120091.2
71,城市_071,2039,3,特大城市,1138.17,50.0,0,0,0,957.64,8413.89,1915.29,458761.0,0.941,67,40455,0.091,0.036,100.0,0.058,1.86,289191.7
72,城市_072,2039,1,中等城市,258.49,376.4,0,0,1,182.4,7056.47,48.47,108152.9,0.907,11,7742,0.055,0.03,100.0,0.057,1.26,69647.0
73,城市_073,2039,3,特大城市,1228.93,149.6,0,0,0,913.82,7435.9,610.71,494665.6,0.903,101,41164,0.108,0.103,100.0,0.048,2.34,305413.3
74,城市_074,2039,0,小城市,27.19,67.7,0,0,0,18.23,6703.25,26.93,9691.9,0.892,0,447,0.072,0.041,100.0,0.05,0.63,5700.0
75,城市_075,2039,3,特大城市,500.2,214.8,0,0,0,439.14,8779.37,204.45,241764.3,0.911,31,24884,0.109,0.069,100.0,0.052,0.96,141508.5
76,城市_076,2039,2,大城市,277.1,174.0,0,0,1,265.61,9585.07,152.62,127114.8,0.926,13,11036,0.094,0.058,100.0,0.061,2.01,69201.5
77,城市_077,2039,1,中等城市,119.19,91.8,0,0,0,87.56,7346.62,95.36,53121.7,0.913,5,4158,0.08,0.07,100.0,0.062,0.5,32448.2
78,城市_078,2039,2,大城市,267.48,156.9,0,0,0,273.7,10232.56,174.4,109542.4,0.923,7,5967,0.062,0.053,100.0,0.057,1.48,66688.0
79,城市_079,2039,0,小城市,37.4,109.0,0,0,0,29.85,7980.96,27.38,13224.1,0.913,1,1919,0.094,0.03,100.0,0.058,1.2,7520.0
80,城市_080,2039,1,中等城市,171.92,162.5,0,0,0,130.26,7576.87,80.15,68250.2,0.921,8,5546,0.067,0.032,100.0,0.05,0.59,41918.8
81,城市_081,2039,2,大城市,359.38,252.1,0,0,0,347.28,9663.17,137.77,150193.2,0.86,14,15664,0.119,0.048,100.0,0.054,0.97,92172.1
82,城市_082,2039,3,特大城市,854.57,527.9,0,0,0,1038.32,12150.19,196.71,370665.2,0.894,64,31330,0.117,0.03,100.0,0.058,1.55,205900.3
83,城市_083,2039,1,中等城市,129.68,55.1,0,0,0,92.21,7110.5,167.25,46874.4,0.88,3,2938,0.097,0.035,100.0,0.056,1.22,27672.2
84,城市_084,2039,0,小城市,91.54,817.6,0,1,0,70.27,7676.42,8.59,32412.9,0.877,3,4927,0.13,0.03,100.0,0.068,1.25,20817.9
85,城市_085,2039,1,中等城市,142.59,50.0,1,0,1,114.18,8007.95,228.37,52262.3,0.902,5,7249,0.102,0.045,100.0,0.065,1.11,30364.7
86,城市_086,2039,3,特大城市,529.63,131.4,0,0,1,475.86,8984.87,362.03,236851.3,0.879,32,24503,0.115,0.048,100.0,0.055,1.55,142236.1
87,城市_087,2039,2,大城市,219.24,237.6,0,0,0,214.24,9771.99,90.16,94635.9,0.884,7,8864,0.117,0.056,100.0,0.057,1.52,57237.1
88,城市_088,2039,1,中等城市,111.3,185.8,1,0,0,102.71,9228.07,55.27,54519.7,0.9,4,2858,0.091,0.069,100.0,0.07,1.4,32668.7
89,城市_089,2039,3,特大城市,516.95,90.2,1,0,1,519.62,10051.58,576.19,219298.0,0.875,21,24681,0.097,0.053,100.0,0.061,2.21,136109.7
90,城市_090,2039,2,大城市,264.74,125.7,0,0,0,246.78,9321.38,196.4,98557.7,0.894,13,18871,0.105,0.03,100.0,0.059,1.75,61899.8
91,城市_091,2039,3,特大城市,383.77,100.0,0,0,0,323.58,8431.8,323.44,149194.1,0.918,16,14618,0.079,0.03,100.0,0.059,1.34,95176.5
92,城市_092,2039,1,中等城市,134.0,92.6,1,0,1,116.03,8659.0,125.28,50712.9,0.877,2,5134,0.138,0.055,100.0,0.06,1.44,29950.8
93,城市_093,2039,1,中等城市,125.54,292.9,1,0,0,84.74,6750.32,28.94,54097.2,0.918,3,3318,0.105,0.038,100.0,0.059,1.32,33308.5
94,城市_094,2039,1,中等城市,172.4,197.5,0,0,0,211.4,12261.96,107.05,70950.6,0.886,8,3407,0.098,0.049,100.0,0.054,1.23,44358.0
95,城市_095,2039,0,小城市,63.56,85.3,0,0,0,59.43,9350.92,69.71,21069.2,0.906,1,2099,0.143,0.057,100.0,0.058,0.62,12566.7
96,城市_096,2039,2,大城市,296.28,304.8,0,0,1,305.56,10313.27,100.25,117606.9,0.882,17,17000,0.082,0.083,100.0,0.051,1.33,68026.8
97,城市_097,2039,2,大城市,232.92,189.8,0,0,1,215.89,9268.85,113.76,81576.4,0.912,6,12822,0.134,0.03,100.0,0.062,0.5,49297.2
98,城市_098,2039,2,大城市,190.12,284.4,0,0,1,172.63,9080.04,60.71,77749.1,0.897,8,6858,0.119,0.032,100.0,0.058,1.7,45236.6
99,城市_099,2039,1,中等城市,192.2,245.6,0,0,0,127.51,6634.53,51.92,70875.6,0.912,7,8044,0.125,0.051,100.0,0.063,1.34,41028.0
100,城市_100,2039,0,小城市,42.44,76.5,0,0,1,25.75,6067.59,33.68,14624.8,0.89,1,1083,0.097,0.03,100.0,0.053,0.96,8871.5
101,城市_101,2039,1,中等城市,127.35,94.8,1,0,0,88.06,6915.23,92.88,41887.0,0.913,3,4843,0.103,0.03,100.0,0.066,0.9,24895.6
102,城市_102,2039,1,中等城市,168.82,269.8,0,0,0,143.68,8510.76,53.25,69536.3,0.919,6,5306,0.096,0.079,100.0,0.066,1.47,42088.0
103,城市_103,2039,0,小城市,85.82,241.8,0,0,0,64.78,7548.46,26.79,35432.2,0.904,1,3209,0.121,0.03,100.0,0.052,1.99,19610.4
104,城市_104,2039,1,中等城市,239.32,146.0,1,0,0,236.29,9873.67,161.9,89324.4,0.894,7,8107,0.111,0.03,100.0,0.056,1.39,53124.2
105,城市_105,2039,2,大城市,266.65,163.0,1,0,0,203.92,7647.45,125.09,104407.9,0.899,10,8985,0.093,0.031,100.0,0.056,2.18,55565.1
106,城市_106,2039,3,特大城市,764.98,412.5,0,0,0,878.27,11481.01,212.94,307821.8,0.886,36,37946,0.101,0.083,100.0,0.048,2.05,175038.5
107,城市_107,2039,2,大城市,222.59,92.5,0,0,0,170.79,7673.11,184.73,85982.3,0.907,11,14759,0.103,0.039,100.0,0.057,0.79,51360.0
108,城市_108,2039,2,大城市,296.33,229.9,0,0,0,248.68,8391.96,108.17,110665.2,0.917,5,10361,0.098,0.03,100.0,0.061,1.5,70426.6
109,城市_109,2039,1,中等城市,235.55,126.2,0,0,0,235.15,9982.89,186.26,85033.7,0.935,8,13262,0.132,0.037,100.0,0.056,1.4,52389.7
110,城市_110,2039,0,小城市,29.41,124.7,0,0,0,22.39,7614.27,17.96,11656.1,0.927,0,745,0.117,0.049,100.0,0.051,0.62,7025.3
111,城市_111,2039,1,中等城市,199.94,357.5,0,0,0,142.25,7114.38,39.79,63293.1,0.883,7,7154,0.119,0.071,100.0,0.063,0.97,37260.5
112,城市_112,2039,2,大城市,228.31,287.2,0,0,0,233.02,10206.05,81.12,93561.5,0.908,7,5693,0.108,0.069,100.0,0.055,0.98,55433.5
113,城市_113,2039,3,特大城市,3502.48,284.5,0,0,0,4080.08,11649.12,1434.02,1616440.0,0.947,366,117323,0.133,0.084,100.0,0.037,4.05,1033185.4
114,城市_114,2039,1,中等城市,191.39,421.7,0,0,0,118.6,6196.88,28.12,85231.2,0.927,6,8727,0.117,0.042,100.0,0.067,1.02,48309.9
115,城市_115,2039,2,大城市,266.61,150.9,0,0,0,207.68,7789.57,137.6,103771.3,0.89,11,13719,0.062,0.096,100.0,0.06,1.36,60004.1
116,城市_116,2039,1,中等城市,304.89,256.1,0,0,0,256.92,8426.89,100.32,118185.6,0.922,16,8879,0.108,0.074,100.0,0.054,1.48,74693.6
117,城市_117,2039,0,小城市,67.33,115.8,0,1,0,43.4,6445.76,37.48,23370.9,0.881,1,2841,0.085,0.046,100.0,0.054,1.69,13781.4
118,城市_118,2039,3,特大城市,458.75,192.4,0,0,1,524.2,11426.7,272.52,192367.0,0.904,14,24408,0.089,0.03,100.0,0.062,1.67,126610.7
119,城市_119,2039,3,特大城市,353.57,133.7,1,0,0,304.07,8600.05,227.36,134404.4,0.887,13,18025,0.096,0.046,100.0,0.062,0.95,83427.6
120,城市_120,2039,3,特大城市,529.0,160.4,0,0,0,537.27,10156.42,334.98,198394.4,0.868,24,21032,0.106,0.031,100.0,0.054,2.51,125910.8
121,城市_121,2039,0,小城市,62.36,238.9,0,1,0,49.02,7861.53,20.52,21684.5,0.883,1,1922,0.1,0.034,100.0,0.053,0.71,11953.2
122,城市_122,2039,3,特大城市,964.48,77.1,1,0,1,1080.53,11203.23,1401.02,378211.8,0.909,43,28857,0.13,0.044,100.0,0.056,1.63,238947.7
123,城市_123,2039,0,小城市,46.0,791.5,0,0,0,43.68,9496.35,5.52,15417.9,0.929,1,1314,0.097,0.046,100.0,0.063,1.34,8857.9
124,城市_124,2039,3,特大城市,483.59,66.4,0,0,1,502.66,10394.52,757.41,198967.6,0.885,41,17622,0.105,0.058,100.0,0.055,2.86,123653.0
125,城市_125,2039,3,特大城市,1993.97,56.2,0,0,0,2810.49,14094.92,5002.2,861126.8,0.916,148,57302,0.101,0.064,100.0,0.043,2.91,507280.3
126,城市_126,2039,0,小城市,59.05,374.8,0,0,1,49.72,8421.29,13.27,22696.6,0.872,1,2662,0.076,0.03,100.0,0.06,0.73,13769.7
127,城市_127,2039,1,中等城市,145.4,279.6,1,0,0,123.22,8474.62,44.07,56614.8,0.925,8,5728,0.108,0.048,100.0,0.061,0.5,32090.0
128,城市_128,2039,2,大城市,307.42,244.5,0,0,1,289.33,9411.52,118.33,111546.6,0.895,15,11947,0.117,0.044,100.0,0.056,0.5,61170.2
129,城市_129,2039,1,中等城市,102.87,245.3,0,0,0,55.65,5409.97,22.68,32829.5,0.895,4,2178,0.096,0.03,100.0,0.061,1.09,19846.0
130,城市_130,2039,0,小城市,39.47,147.0,0,0,0,26.81,6794.14,18.25,13075.8,0.894,0,1464,0.119,0.063,100.0,0.062,1.31,7730.2
131,城市_131,2039,2,大城市,254.21,72.4,0,0,0,218.85,8608.87,302.28,106932.9,0.865,6,8148,0.075,0.039,100.0,0.064,0.51,61292.4
132,城市_132,2039,0,小城市,84.82,157.7,0,0,0,71.24,8398.71,45.17,33711.9,0.872,2,5976,0.109,0.046,100.0,0.057,1.18,18526.0
133,城市_133,2039,2,大城市,535.51,86.3,0,0,0,506.3,9454.58,586.41,237977.0,0.889,44,13418,0.091,0.053,100.0,0.051,0.8,123688.1
134,城市_134,2039,0,小城市,101.7,323.8,0,0,1,85.66,8423.03,26.46,41108.9,0.914,5,3517,0.083,0.051,100.0,0.059,0.62,25311.0
135,城市_135,2039,3,特大城市,1584.79,131.9,1,0,1,1377.66,8692.99,1044.15,749657.6,0.873,121,65401,0.107,0.076,100.0,0.059,2.67,444058.2
136,城市_136,2039,0,小城市,99.15,76.7,0,0,0,62.5,6303.41,81.51,38666.6,0.912,2,2724,0.1,0.03,100.0,0.051,0.71,22499.5
137,城市_137,2039,1,中等城市,168.26,114.8,0,0,0,118.83,7062.3,103.54,75343.1,0.909,3,11038,0.111,0.059,100.0,0.047,1.8,45686.9
138,城市_138,2039,3,特大城市,438.62,206.5,0,0,0,516.31,11771.12,250.02,182608.6,0.87,15,28953,0.114,0.049,100.0,0.057,1.08,115122.3
139,城市_139,2039,0,小城市,57.27,94.5,0,0,0,35.78,6247.16,37.84,24683.8,0.894,1,1628,0.095,0.073,100.0,0.058,1.6,15009.9
140,城市_140,2039,2,大城市,278.97,76.9,0,0,0,220.09,7889.39,286.28,105484.3,0.927,9,8593,0.117,0.07,100.0,0.057,2.37,61888.3
141,城市_141,2039,3,特大城市,716.64,180.4,0,0,0,711.81,9932.55,394.66,283490.0,0.889,50,50200,0.144,0.087,100.0,0.055,1.24,188230.2
142,城市_142,2039,0,小城市,26.71,180.5,0,0,0,14.71,5505.61,8.15,9299.2,0.889,0,1493,0.098,0.032,100.0,0.065,2.26,5402.1
143,城市_143,2039,2,大城市,229.58,98.9,0,0,0,175.35,7637.62,177.24,90117.1,0.958,8,7560,0.105,0.079,100.0,0.058,1.2,50259.3
144,城市_144,2039,2,大城市,342.28,101.8,0,0,0,343.52,10036.12,337.39,133988.2,0.911,11,14331,0.093,0.057,100.0,0.062,0.98,80794.2
145,城市_145,2039,3,特大城市,478.97,178.7,1,0,0,420.85,8786.69,235.52,204263.9,0.902,30,11623,0.099,0.071,100.0,0.045,1.26,120992.3
146,城市_146,2039,0,小城市,63.68,50.0,0,0,0,62.61,9832.16,125.23,23322.9,0.891,2,4528,0.126,0.064,100.0,0.057,0.85,14656.4
147,城市_147,2039,0,小城市,50.05,50.0,0,0,0,28.91,5776.43,57.82,17394.5,0.908,1,1881,0.126,0.06,100.0,0.056,1.74,10162.1
148,城市_148,2039,3,特大城市,387.65,83.5,0,0,1,338.0,8719.21,404.63,151784.4,0.919,22,16999,0.102,0.034,100.0,0.046,1.99,90318.6
149,城市_149,2039,2,大城市,395.33,125.1,1,0,0,340.64,8616.7,272.26,176291.3,0.863,10,10985,0.115,0.075,100.0,0.058,1.99,101196.0
150,城市_150,2039,2,大城市,359.92,190.3,0,0,0,327.59,9101.67,172.12,148647.5,0.86,9,9416,0.124,0.062,100.0,0.057,0.66,92790.2
151,城市_151,2039,2,大城市,327.25,483.1,0,0,0,245.73,7508.81,50.86,114685.1,0.885,10,13783,0.096,0.03,100.0,0.056,1.37,69305.0
152,城市_152,2039,1,中等城市,93.37,294.8,1,0,0,67.97,7279.72,23.06,39655.6,0.898,1,6103,0.075,0.042,100.0,0.059,0.5,23466.0
153,城市_153,2039,2,大城市,377.99,130.6,1,0,1,389.73,10310.5,298.44,157956.5,0.907,16,11824,0.119,0.031,100.0,0.058,1.83,94063.1
154,城市_154,2039,2,大城市,352.7,146.2,1,0,0,308.08,8734.85,210.76,149314.3,0.871,14,9672,0.123,0.03,100.0,0.063,1.06,89493.1
155,城市_155,2039,0,小城市,80.16,66.6,0,0,0,53.39,6660.2,80.22,32252.2,0.897,2,3231,0.116,0.068,100.0,0.063,1.32,17960.6
156,城市_156,2039,3,特大城市,1004.18,146.2,0,0,0,1388.26,13824.77,949.36,460360.4,0.913,66,60370,0.107,0.035,100.0,0.056,1.61,292274.2
157,城市_157,2039,2,大城市,265.79,117.8,0,0,1,236.59,8901.65,200.83,97936.7,0.887,8,8073,0.134,0.03,100.0,0.07,0.5,62005.7
158,城市_158,2039,0,小城市,59.91,192.1,1,0,1,49.85,8321.99,25.95,20243.1,0.89,1,2044,0.107,0.09,100.0,0.056,1.49,12170.6
159,城市_159,2039,3,特大城市,492.77,76.6,0,0,0,520.05,10553.57,679.17,244150.8,0.893,18,23303,0.084,0.048,100.0,0.05,1.9,146005.7
160,城市_160,2039,0,小城市,96.01,224.9,0,0,0,75.66,7880.52,33.65,34220.0,0.911,2,4688,0.069,0.065,100.0,0.065,1.15,19508.8
161,城市_161,2039,3,特大城市,506.08,505.8,0,0,0,424.2,8382.11,83.86,213652.4,0.907,19,17094,0.101,0.08,100.0,0.066,0.5,139262.9
162,城市_162,2039,3,特大城市,670.93,136.0,1,0,1,671.34,10006.16,493.47,317552.2,0.887,40,34297,0.114,0.075,100.0,0.053,1.95,204682.6
163,城市_163,2039,0,小城市,147.26,204.7,0,0,0,110.31,7490.44,53.9,54728.4,0.921,3,6348,0.096,0.055,100.0,0.066,0.76,33484.6
164,城市_164,2039,3,特大城市,570.18,257.8,0,0,1,575.84,10099.25,223.38,228256.8,0.881,25,21077,0.148,0.057,100.0,0.054,1.75,142569.5
165,城市_165,2039,2,大城市,321.44,107.7,0,0,0,282.55,8790.13,262.44,138601.9,0.87,18,15502,0.113,0.065,100.0,0.061,1.03,88277.6
166,城市_166,2039,3,特大城市,447.43,177.6,0,0,0,486.55,10874.38,274.03,185259.7,0.901,28,20703,0.087,0.052,100.0,0.061,1.19,116866.3
167,城市_167,2039,3,特大城市,2166.08,149.9,0,0,0,1997.66,9222.46,1332.52,992618.8,0.926,120,58205,0.086,0.095,100.0,0.044,3.1,570075.0
168,城市_168,2039,1,中等城市,193.38,160.5,0,0,0,184.25,9527.79,114.82,75001.0,0.904,14,11102,0.107,0.048,100.0,0.068,0.76,44300.6
169,城市_169,2039,0,小城市,83.83,80.0,0,0,0,72.2,8612.77,90.29,30089.9,0.878,1,3420,0.121,0.048,100.0,0.069,0.99,18476.6
170,城市_170,2039,0,小城市,71.57,151.4,0,0,0,53.38,7457.35,35.27,25885.3,0.919,1,3978,0.138,0.089,100.0,0.054,1.32,15689.1
171,城市_171,2039,0,小城市,69.75,221.1,0,0,0,59.99,8601.58,27.14,28465.0,0.935,1,2606,0.097,0.041,100.0,0.061,2.14,17722.1
172,城市_172,2039,1,中等城市,196.59,473.9,0,0,0,179.37,9124.34,37.85,75004.4,0.902,8,7789,0.137,0.053,100.0,0.063,1.13,46451.1
173,城市_173,2039,2,大城市,229.57,319.7,0,0,0,220.88,9621.53,69.09,93535.3,0.91,20,9518,0.076,0.062,100.0,0.049,1.62,56814.2
174,城市_174,2039,2,大城市,229.11,830.9,0,0,0,218.3,9528.17,26.27,83464.8,0.861,15,9931,0.096,0.063,100.0,0.059,0.61,43559.2
175,城市_175,2039,3,特大城市,602.69,80.3,0,0,1,583.31,9678.42,726.16,293161.2,0.9,38,35067,0.088,0.064,100.0,0.048,2.36,186211.6
176,城市_176,2039,2,大城市,258.4,298.2,0,0,1,208.2,8057.2,69.81,104979.3,0.89,8,10933,0.12,0.03,100.0,0.062,0.82,65630.0
177,城市_177,2039,3,特大城市,1218.75,171.9,0,0,1,1148.3,9421.97,668.17,535959.2,0.9,68,44460,0.091,0.071,100.0,0.053,1.98,354845.9
178,城市_178,2039,1,中等城市,125.93,855.6,0,0,1,99.84,7928.66,11.67,51812.5,0.889,5,6271,0.11,0.057,100.0,0.057,1.36,30345.3
179,城市_179,2039,3,特大城市,2183.36,77.7,1,0,0,2714.01,12430.44,3491.17,925752.0,0.92,186,91392,0.106,0.104,100.0,0.04,2.48,504269.0
180,城市_180,2039,3,特大城市,359.41,75.8,0,0,0,360.1,10019.08,475.0,159209.3,0.876,16,32089,0.14,0.07,100.0,0.055,1.85,94663.7
181,城市_181,2039,0,小城市,124.23,91.9,1,0,0,118.13,9508.6,128.57,42013.9,0.892,4,4987,0.094,0.076,100.0,0.062,0.78,25783.9
182,城市_182,2039,0,小城市,74.97,50.0,0,0,0,68.73,9168.01,137.46,26570.3,0.88,3,3997,0.109,0.031,100.0,0.059,1.48,15589.8
183,城市_183,2039,2,大城市,490.35,97.5,0,0,0,446.45,9104.71,458.11,188069.0,0.923,34,23503,0.071,0.037,100.0,0.063,1.95,120581.1
184,城市_184,2039,1,中等城市,194.28,80.9,1,0,0,223.18,11487.63,276.02,65258.1,0.909,4,3864,0.073,0.059,100.0,0.065,1.46,37862.5
185,城市_185,2039,3,特大城市,432.38,167.4,0,0,0,395.29,9142.28,236.15,168425.7,0.913,21,12751,0.091,0.079,100.0,0.063,1.72,100545.7
186,城市_186,2039,2,大城市,386.09,195.1,0,0,0,329.1,8523.9,168.7,155361.5,0.925,20,12449,0.123,0.052,100.0,0.055,2.6,92070.4
187,城市_187,2039,1,中等城市,145.26,665.8,0,0,0,126.87,8734.2,19.06,51227.6,0.886,4,3407,0.115,0.037,100.0,0.061,1.33,35000.2
188,城市_188,2039,0,小城市,62.99,317.5,0,0,0,51.67,8203.58,16.28,21058.9,0.906,2,2058,0.123,0.03,100.0,0.055,1.11,12062.9
189,城市_189,2039,0,小城市,49.88,93.5,1,0,0,33.25,6665.78,35.54,18254.8,0.922,1,1216,0.071,0.058,100.0,0.053,1.21,11272.6
190,城市_190,2039,1,中等城市,138.71,72.3,1,0,0,112.01,8074.79,154.85,52913.9,0.884,7,3658,0.112,0.05,100.0,0.065,1.75,29841.5
191,城市_191,2039,3,特大城市,727.39,220.0,1,0,1,666.07,9156.99,302.79,296990.9,0.87,33,28770,0.099,0.052,100.0,0.05,2.79,181250.3
192,城市_192,2039,2,大城市,206.8,51.6,0,0,0,181.93,8797.83,352.48,73189.5,0.889,8,13530,0.087,0.071,100.0,0.052,1.09,41818.0
193,城市_193,2039,0,小城市,66.67,642.4,1,0,0,57.65,8646.83,8.97,23908.1,0.92,2,1629,0.09,0.049,100.0,0.06,0.6,15133.8
194,城市_194,2039,2,大城市,292.51,381.3,1,0,1,250.81,8574.21,65.78,110515.4,0.885,19,7472,0.102,0.054,100.0,0.057,1.83,69320.1
195,城市_195,2039,2,大城市,338.77,102.0,0,0,1,334.37,9870.27,327.92,136931.5,0.896,18,10621,0.118,0.073,100.0,0.057,0.61,83274.3
196,城市_196,2039,0,小城市,109.51,50.0,0,0,1,71.77,6554.18,143.55,39730.7,0.886,3,3854,0.124,0.095,100.0,0.071,1.22,22179.9
197,城市_197,2039,2,大城市,224.04,438.4,1,0,0,222.32,9923.55,50.71,87823.7,0.899,7,5189,0.114,0.044,100.0,0.054,1.34,52554.0
198,城市_198,2039,2,大城市,267.43,135.4,0,0,0,220.91,8260.51,163.13,95531.7,0.883,9,7976,0.116,0.036,100.0,0.061,1.18,56447.3
199,城市_199,2039,0,小城市,76.52,399.5,1,0,0,55.49,7251.32,13.89,25501.8,0.871,2,2220,0.138,0.031,100.0,0.06,1.04,15936.4
