city_id,industry_id,industry_name,industry_type,employment,output_billion,n_firms,avg_wage,location_quotient,national_share,local_share,industry_hhi
0,0,高科技_1,high_tech,28434,0.0008,281,7228.1,1.558,0.0178,0.0278,0.05670486
0,1,高科技_2,high_tech,40100,0.0093,265,7746.0,0.453,0.0864,0.0392,0.05670486
0,2,高科技_3,high_tech,38553,0.0032,302,6309.5,1.135,0.0332,0.0376,0.05670486
0,3,高科技_4,high_tech,50268,0.0018,886,6999.4,1.293,0.0379,0.0491,0.05670486
0,4,高科技_5,high_tech,44633,0.0022,647,7062.9,0.943,0.0462,0.0436,0.05670486
0,5,传统制造_1,traditional,76950,0.0038,429,3786.6,0.899,0.0836,0.0751,0.05670486
0,6,传统制造_2,traditional,64960,0.0025,334,4235.7,2.419,0.0262,0.0634,0.05670486
0,7,传统制造_3,traditional,73113,0.0036,562,4651.9,0.963,0.0741,0.0714,0.05670486
0,8,传统制造_4,traditional,92144,0.0073,1943,4074.1,1.957,0.046,0.09,0.05670486
0,9,传统制造_5,traditional,49427,0.0036,1070,4766.1,0.634,0.0761,0.0483,0.05670486
0,10,传统制造_6,traditional,42752,0.0034,1100,4063.4,0.715,0.0584,0.0417,0.05670486
0,11,传统制造_7,traditional,76240,0.0035,1082,5001.1,1.181,0.0631,0.0744,0.05670486
0,12,传统制造_8,traditional,56149,0.0045,386,4971.3,1.106,0.0496,0.0548,0.05670486
0,13,传统制造_9,traditional,48938,0.0029,274,5154.6,2.784,0.0172,0.0478,0.05670486
0,14,传统制造_10,traditional,74847,0.0036,817,4240.1,3.165,0.0231,0.0731,0.05670486
0,15,服务产业_1,service,25384,0.0012,294,5702.4,0.821,0.0302,0.0248,0.05670486
0,16,服务产业_2,service,46937,0.0047,293,4405.5,0.506,0.0906,0.0458,0.05670486
0,17,服务产业_3,service,35221,0.0031,187,5247.9,2.355,0.0146,0.0344,0.05670486
0,18,服务产业_4,service,32178,0.0016,270,4848.7,0.656,0.0479,0.0314,0.05670486
0,19,服务产业_5,service,26933,0.0027,137,5148.6,0.337,0.0779,0.0263,0.05670486
1,0,高科技_1,high_tech,22194,0.0021,144,7234.5,2.289,0.0178,0.0408,0.05623773000000001
1,1,高科技_2,high_tech,27034,0.0031,1311,6800.2,0.575,0.0864,0.0497,0.05623773000000001
1,2,高科技_3,high_tech,19452,0.0019,166,6988.3,1.079,0.0332,0.0358,0.05623773000000001
1,3,高科技_4,high_tech,13824,0.0021,411,8533.8,0.67,0.0379,0.0254,0.05623773000000001
1,4,高科技_5,high_tech,29038,0.0029,146,6406.4,1.155,0.0462,0.0534,0.05623773000000001
1,5,传统制造_1,traditional,36845,0.0012,350,4293.7,0.81,0.0836,0.0677,0.05623773000000001
1,6,传统制造_2,traditional,40327,0.0039,243,4131.7,2.827,0.0262,0.0741,0.05623773000000001
1,7,传统制造_3,traditional,31693,0.0037,323,4328.3,0.786,0.0741,0.0583,0.05623773000000001
1,8,传统制造_4,traditional,31629,0.0025,245,3754.8,1.265,0.046,0.0581,0.05623773000000001
1,9,传统制造_5,traditional,35323,0.0041,277,4346.8,0.853,0.0761,0.0649,0.05623773000000001
1,10,传统制造_6,traditional,38263,0.0035,688,4253.1,1.205,0.0584,0.0703,0.05623773000000001
1,11,传统制造_7,traditional,36436,0.0058,494,3242.7,1.062,0.0631,0.067,0.05623773000000001
1,12,传统制造_8,traditional,27665,0.002,176,3262.3,1.026,0.0496,0.0509,0.05623773000000001
1,13,传统制造_9,traditional,45050,0.0032,265,3064.9,4.825,0.0172,0.0828,0.05623773000000001
1,14,传统制造_10,traditional,26302,0.0041,785,3340.4,2.094,0.0231,0.0483,0.05623773000000001
1,15,服务产业_1,service,16922,0.0014,195,5183.8,1.03,0.0302,0.0311,0.05623773000000001
1,16,服务产业_2,service,15732,0.0012,112,5474.7,0.319,0.0906,0.0289,0.05623773000000001
1,17,服务产业_3,service,25515,0.0032,143,5672.6,3.211,0.0146,0.0469,0.05623773000000001
1,18,服务产业_4,service,13938,0.0007,71,5862.9,0.535,0.0479,0.0256,0.05623773000000001
1,19,服务产业_5,service,10843,0.0012,342,5743.2,0.256,0.0779,0.0199,0.05623773000000001
2,0,高科技_1,high_tech,32839,0.0021,1607,6397.5,1.734,0.0178,0.0309,0.057466630000000005
2,1,高科技_2,high_tech,49448,0.0071,453,8416.8,0.538,0.0864,0.0465,0.057466630000000005
2,2,高科技_3,high_tech,41572,0.0037,211,7833.4,1.18,0.0332,0.0391,0.057466630000000005
2,3,高科技_4,high_tech,41244,0.0056,322,7005.2,1.023,0.0379,0.0388,0.057466630000000005
2,4,高科技_5,high_tech,53394,0.0075,416,7443.5,1.087,0.0462,0.0502,0.057466630000000005
2,5,传统制造_1,traditional,75237,0.0032,1873,3858.7,0.847,0.0836,0.0708,0.057466630000000005
2,6,传统制造_2,traditional,71468,0.0055,914,3936.6,2.565,0.0262,0.0672,0.057466630000000005
2,7,传统制造_3,traditional,60911,0.0034,493,4358.5,0.773,0.0741,0.0573,0.057466630000000005
2,8,传统制造_4,traditional,89322,0.0058,828,4860.9,1.828,0.046,0.084,0.057466630000000005
2,9,传统制造_5,traditional,72149,0.0197,692,4263.7,0.892,0.0761,0.0679,0.057466630000000005
2,10,传统制造_6,traditional,77756,0.0052,458,3987.3,1.253,0.0584,0.0732,0.057466630000000005
2,11,传统制造_7,traditional,68739,0.0122,922,3576.3,1.026,0.0631,0.0647,0.057466630000000005
2,12,传统制造_8,traditional,58259,0.0052,1721,4635.3,1.106,0.0496,0.0548,0.057466630000000005
2,13,传统制造_9,traditional,72446,0.0075,2754,3521.5,3.971,0.0172,0.0682,0.057466630000000005
2,14,传统制造_10,traditional,59584,0.0028,347,4414.2,2.428,0.0231,0.0561,0.057466630000000005
2,15,服务产业_1,service,38914,0.0094,200,5979.1,1.213,0.0302,0.0366,0.057466630000000005
2,16,服务产业_2,service,6442,0.0008,36,6219.0,0.067,0.0906,0.0061,0.057466630000000005
2,17,服务产业_3,service,31561,0.0018,1417,6020.1,2.033,0.0146,0.0297,0.057466630000000005
2,18,服务产业_4,service,34950,0.0026,369,6114.6,0.686,0.0479,0.0329,0.057466630000000005
2,19,服务产业_5,service,26706,0.0013,287,5436.4,0.322,0.0779,0.0251,0.057466630000000005
3,0,高科技_1,high_tech,120582,0.0094,2137,9103.8,2.883,0.0178,0.0514,0.053536160000000006
3,1,高科技_2,high_tech,184783,0.0129,3046,6971.9,0.911,0.0864,0.0787,0.053536160000000006
3,2,高科技_3,high_tech,81762,0.004,684,8040.3,1.051,0.0332,0.0348,0.053536160000000006
3,3,高科技_4,high_tech,109839,0.0257,702,9196.9,1.233,0.0379,0.0468,0.053536160000000006
3,4,高科技_5,high_tech,93781,0.0073,570,7197.5,0.865,0.0462,0.04,0.053536160000000006
3,5,传统制造_1,traditional,159266,0.0229,6264,4781.3,0.812,0.0836,0.0679,0.053536160000000006
3,6,传统制造_2,traditional,80987,0.0064,540,4244.9,1.316,0.0262,0.0345,0.053536160000000006
3,7,传统制造_3,traditional,102563,0.0047,3676,5313.4,0.59,0.0741,0.0437,0.053536160000000006
3,8,传统制造_4,traditional,108283,0.0338,823,5333.1,1.004,0.046,0.0461,0.053536160000000006
3,9,传统制造_5,traditional,158829,0.0152,929,5081.6,0.889,0.0761,0.0677,0.053536160000000006
3,10,传统制造_6,traditional,130171,0.0161,699,3767.6,0.95,0.0584,0.0555,0.053536160000000006
3,11,传统制造_7,traditional,117868,0.0188,2155,5525.7,0.796,0.0631,0.0502,0.053536160000000006
3,12,传统制造_8,traditional,146077,0.0069,843,5230.3,1.255,0.0496,0.0622,0.053536160000000006
3,13,传统制造_9,traditional,141086,0.0429,2724,3725.2,3.503,0.0172,0.0601,0.053536160000000006
3,14,传统制造_10,traditional,129774,0.0131,2143,5211.9,2.395,0.0231,0.0553,0.053536160000000006
3,15,服务产业_1,service,83428,0.0085,784,5497.9,1.178,0.0302,0.0355,0.053536160000000006
3,16,服务产业_2,service,73727,0.0055,1650,5075.3,0.347,0.0906,0.0314,0.053536160000000006
3,17,服务产业_3,service,129275,0.0113,1614,6585.2,3.772,0.0146,0.0551,0.053536160000000006
3,18,服务产业_4,service,130883,0.0076,844,5061.8,1.164,0.0479,0.0558,0.053536160000000006
3,19,服务产业_5,service,64036,0.0021,437,4913.6,0.35,0.0779,0.0273,0.053536160000000006
4,0,高科技_1,high_tech,20694,0.0022,387,6770.8,2.74,0.0178,0.0488,0.05578243000000001
4,1,高科技_2,high_tech,11146,0.0011,69,7168.8,0.304,0.0864,0.0263,0.05578243000000001
4,2,高科技_3,high_tech,12665,0.0004,217,8988.2,0.901,0.0332,0.0299,0.05578243000000001
4,3,高科技_4,high_tech,18944,0.0007,114,6883.2,1.178,0.0379,0.0447,0.05578243000000001
4,4,高科技_5,high_tech,20020,0.0013,211,6138.6,1.023,0.0462,0.0472,0.05578243000000001
4,5,传统制造_1,traditional,23442,0.0011,130,4794.2,0.662,0.0836,0.0553,0.05578243000000001
4,6,传统制造_2,traditional,18186,0.0016,119,4352.2,1.637,0.0262,0.0429,0.05578243000000001
4,7,传统制造_3,traditional,33667,0.003,174,4509.6,1.072,0.0741,0.0794,0.05578243000000001
4,8,传统制造_4,traditional,30056,0.0041,467,5030.4,1.543,0.046,0.0709,0.05578243000000001
4,9,传统制造_5,traditional,29069,0.0028,1239,4380.5,0.901,0.0761,0.0686,0.05578243000000001
4,10,传统制造_6,traditional,31841,0.0023,182,3743.0,1.287,0.0584,0.0751,0.05578243000000001
4,11,传统制造_7,traditional,20534,0.0019,421,3622.5,0.768,0.0631,0.0484,0.05578243000000001
4,12,传统制造_8,traditional,29019,0.0034,177,3476.9,1.381,0.0496,0.0685,0.05578243000000001
4,13,传统制造_9,traditional,25377,0.0009,707,3510.4,3.489,0.0172,0.0599,0.05578243000000001
4,14,传统制造_10,traditional,30157,0.0013,506,4008.6,3.082,0.0231,0.0712,0.05578243000000001
4,15,服务产业_1,service,14455,0.0007,83,4282.5,1.13,0.0302,0.0341,0.05578243000000001
4,16,服务产业_2,service,14990,0.0011,107,5740.4,0.39,0.0906,0.0354,0.05578243000000001
4,17,服务产业_3,service,13851,0.0018,185,6023.6,2.238,0.0146,0.0327,0.05578243000000001
4,18,服务产业_4,service,12804,0.001,194,4909.7,0.631,0.0479,0.0302,0.05578243000000001
4,19,服务产业_5,service,12904,0.0006,128,5942.6,0.391,0.0779,0.0304,0.05578243000000001
5,0,高科技_1,high_tech,35136,0.0019,322,8485.3,3.059,0.0178,0.0545,0.055822609999999995
5,1,高科技_2,high_tech,19154,0.0013,99,6351.1,0.344,0.0864,0.0297,0.055822609999999995
5,2,高科技_3,high_tech,22743,0.0012,135,7162.9,1.064,0.0332,0.0353,0.055822609999999995
5,3,高科技_4,high_tech,27150,0.003,668,7988.7,1.11,0.0379,0.0421,0.055822609999999995
5,4,高科技_5,high_tech,25383,0.003,824,8840.3,0.853,0.0462,0.0394,0.055822609999999995
5,5,传统制造_1,traditional,41361,0.0041,433,4888.7,0.768,0.0836,0.0642,0.055822609999999995
5,6,传统制造_2,traditional,55396,0.0055,1780,4462.1,3.279,0.0262,0.086,0.055822609999999995
5,7,传统制造_3,traditional,34952,0.0067,273,4539.3,0.732,0.0741,0.0542,0.055822609999999995
5,8,传统制造_4,traditional,46784,0.0028,823,4932.2,1.579,0.046,0.0726,0.055822609999999995
5,9,传统制造_5,traditional,38687,0.0068,207,3490.6,0.789,0.0761,0.06,0.055822609999999995
5,10,传统制造_6,traditional,40930,0.0017,233,3258.7,1.088,0.0584,0.0635,0.055822609999999995
5,11,传统制造_7,traditional,43930,0.0042,221,4304.0,1.081,0.0631,0.0682,0.055822609999999995
5,12,传统制造_8,traditional,41026,0.0054,590,3745.2,1.284,0.0496,0.0637,0.055822609999999995
5,13,传统制造_9,traditional,40722,0.0051,220,4353.1,3.682,0.0172,0.0632,0.055822609999999995
5,14,传统制造_10,traditional,30375,0.0013,805,3179.5,2.041,0.0231,0.0471,0.055822609999999995
5,15,服务产业_1,service,22578,0.0019,169,4731.6,1.161,0.0302,0.035,0.055822609999999995
5,16,服务产业_2,service,12264,0.0007,80,5641.3,0.21,0.0906,0.019,0.055822609999999995
5,17,服务产业_3,service,24833,0.0017,146,5406.7,2.638,0.0146,0.0385,0.055822609999999995
5,18,服务产业_4,service,18348,0.0017,169,4607.7,0.594,0.0479,0.0285,0.055822609999999995
5,19,服务产业_5,service,22704,0.0035,766,4673.0,0.452,0.0779,0.0352,0.055822609999999995
6,0,高科技_1,high_tech,253831,0.0281,1688,9416.6,2.756,0.0178,0.0491,0.052019350000000006
6,1,高科技_2,high_tech,235051,0.0543,3213,8956.6,0.526,0.0864,0.0455,0.052019350000000006
6,2,高科技_3,high_tech,275525,0.0184,1458,7812.6,1.608,0.0332,0.0533,0.052019350000000006
6,3,高科技_4,high_tech,142426,0.0062,2981,7207.6,0.726,0.0379,0.0276,0.052019350000000006
6,4,高科技_5,high_tech,372756,0.014,3848,9131.1,1.561,0.0462,0.0721,0.052019350000000006
6,5,传统制造_1,traditional,256440,0.0146,1425,3605.0,0.594,0.0836,0.0496,0.052019350000000006
6,6,传统制造_2,traditional,294148,0.0183,3331,5589.6,2.171,0.0262,0.0569,0.052019350000000006
6,7,传统制造_3,traditional,266718,0.0221,8241,3409.6,0.696,0.0741,0.0516,0.052019350000000006
6,8,传统制造_4,traditional,282704,0.0251,11975,3857.0,1.19,0.046,0.0547,0.052019350000000006
6,9,传统制造_5,traditional,248431,0.0171,1932,3881.7,0.632,0.0761,0.0481,0.052019350000000006
6,10,传统制造_6,traditional,289644,0.0559,1968,3653.3,0.96,0.0584,0.056,0.052019350000000006
6,11,传统制造_7,traditional,310469,0.0574,2823,4703.9,0.953,0.0631,0.0601,0.052019350000000006
6,12,传统制造_8,traditional,144564,0.0121,980,5576.8,0.564,0.0496,0.028,0.052019350000000006
6,13,传统制造_9,traditional,259913,0.0091,2040,5286.5,2.93,0.0172,0.0503,0.052019350000000006
6,14,传统制造_10,traditional,257797,0.0122,3499,5115.2,2.16,0.0231,0.0499,0.052019350000000006
6,15,服务产业_1,service,318990,0.0333,2804,5040.5,2.045,0.0302,0.0617,0.052019350000000006
6,16,服务产业_2,service,245261,0.0256,2906,5812.8,0.524,0.0906,0.0475,0.052019350000000006
6,17,服务产业_3,service,277558,0.0234,2226,4762.1,3.677,0.0146,0.0537,0.052019350000000006
6,18,服务产业_4,service,230023,0.0078,1213,6454.4,0.929,0.0479,0.0445,0.052019350000000006
6,19,服务产业_5,service,206014,0.0104,1229,5226.1,0.511,0.0779,0.0399,0.052019350000000006
7,0,高科技_1,high_tech,127621,0.0057,4784,6800.4,2.93,0.0178,0.0522,0.053414840000000005
7,1,高科技_2,high_tech,111596,0.0075,1518,8308.9,0.528,0.0864,0.0457,0.053414840000000005
7,2,高科技_3,high_tech,143248,0.0052,1321,9151.1,1.768,0.0332,0.0586,0.053414840000000005
7,3,高科技_4,high_tech,130182,0.007,5923,7855.6,1.404,0.0379,0.0533,0.053414840000000005
7,4,高科技_5,high_tech,113418,0.0111,1035,8067.2,1.005,0.0462,0.0464,0.053414840000000005
7,5,传统制造_1,traditional,169983,0.0257,1293,4595.7,0.832,0.0836,0.0696,0.053414840000000005
7,6,传统制造_2,traditional,130250,0.011,1881,5231.5,2.033,0.0262,0.0533,0.053414840000000005
7,7,传统制造_3,traditional,106391,0.0026,1980,3476.4,0.587,0.0741,0.0435,0.053414840000000005
7,8,传统制造_4,traditional,126484,0.0112,912,4119.4,1.126,0.046,0.0518,0.053414840000000005
7,9,传统制造_5,traditional,172390,0.0115,923,5054.9,0.927,0.0761,0.0705,0.053414840000000005
7,10,传统制造_6,traditional,138309,0.0197,755,3831.8,0.969,0.0584,0.0566,0.053414840000000005
7,11,传统制造_7,traditional,165592,0.0045,1773,4829.3,1.075,0.0631,0.0678,0.053414840000000005
7,12,传统制造_8,traditional,93596,0.0062,2275,4941.5,0.773,0.0496,0.0383,0.053414840000000005
7,13,传统制造_9,traditional,163072,0.0126,6432,5096.6,3.888,0.0172,0.0667,0.053414840000000005
7,14,传统制造_10,traditional,122313,0.0126,1005,3993.7,2.168,0.0231,0.05,0.053414840000000005
7,15,服务产业_1,service,64495,0.0022,2513,4617.6,0.874,0.0302,0.0264,0.053414840000000005
7,16,服务产业_2,service,111709,0.005,1182,4418.0,0.505,0.0906,0.0457,0.053414840000000005
7,17,服务产业_3,service,121272,0.0259,1470,5320.9,3.398,0.0146,0.0496,0.053414840000000005
7,18,服务产业_4,service,57689,0.0179,869,4898.3,0.493,0.0479,0.0236,0.053414840000000005
7,19,服务产业_5,service,74311,0.0045,454,6042.9,0.39,0.0779,0.0304,0.053414840000000005
8,0,高科技_1,high_tech,16530,0.0012,609,7644.3,1.38,0.0178,0.0246,0.059206520000000006
8,1,高科技_2,high_tech,14733,0.0016,96,6762.7,0.254,0.0864,0.0219,0.059206520000000006
8,2,高科技_3,high_tech,32965,0.0021,1492,8271.9,1.479,0.0332,0.049,0.059206520000000006
8,3,高科技_4,high_tech,20113,0.0011,434,8296.8,0.788,0.0379,0.0299,0.059206520000000006
8,4,高科技_5,high_tech,12111,0.0007,76,7341.6,0.39,0.0462,0.018,0.059206520000000006
8,5,传统制造_1,traditional,45511,0.0034,351,4977.9,0.81,0.0836,0.0677,0.059206520000000006
8,6,传统制造_2,traditional,43130,0.0064,578,4497.2,2.447,0.0262,0.0642,0.059206520000000006
8,7,传统制造_3,traditional,65189,0.005,1721,4860.4,1.308,0.0741,0.097,0.059206520000000006
8,8,传统制造_4,traditional,42000,0.0023,218,3361.4,1.359,0.046,0.0625,0.059206520000000006
8,9,传统制造_5,traditional,44007,0.002,668,4224.4,0.86,0.0761,0.0655,0.059206520000000006
8,10,传统制造_6,traditional,48957,0.0042,506,5061.4,1.247,0.0584,0.0728,0.059206520000000006
8,11,传统制造_7,traditional,41544,0.0024,311,4126.5,0.98,0.0631,0.0618,0.059206520000000006
8,12,传统制造_8,traditional,51034,0.0103,336,3205.3,1.531,0.0496,0.0759,0.059206520000000006
8,13,传统制造_9,traditional,37360,0.0042,858,3656.4,3.238,0.0172,0.0556,0.059206520000000006
8,14,传统制造_10,traditional,44654,0.0012,763,4924.7,2.877,0.0231,0.0664,0.059206520000000006
8,15,服务产业_1,service,22606,0.0015,873,5967.9,1.114,0.0302,0.0336,0.059206520000000006
8,16,服务产业_2,service,26355,0.0022,1019,4519.3,0.433,0.0906,0.0392,0.059206520000000006
8,17,服务产业_3,service,17512,0.0018,89,5901.4,1.784,0.0146,0.0261,0.059206520000000006
8,18,服务产业_4,service,17451,0.0014,102,4710.9,0.542,0.0479,0.026,0.059206520000000006
8,19,服务产业_5,service,28426,0.0015,288,4637.8,0.543,0.0779,0.0423,0.059206520000000006
9,0,高科技_1,high_tech,38840,0.0033,370,6881.0,2.307,0.0178,0.0411,0.0575925
9,1,高科技_2,high_tech,33823,0.0026,197,7834.9,0.414,0.0864,0.0358,0.0575925
9,2,高科技_3,high_tech,21002,0.0017,215,8184.8,0.671,0.0332,0.0222,0.0575925
9,3,高科技_4,high_tech,49388,0.0044,976,7465.1,1.378,0.0379,0.0523,0.0575925
9,4,高科技_5,high_tech,52040,0.0086,414,8579.3,1.192,0.0462,0.0551,0.0575925
9,5,传统制造_1,traditional,51950,0.0089,1331,3280.7,0.658,0.0836,0.055,0.0575925
9,6,传统制造_2,traditional,23195,0.0021,732,3596.7,0.936,0.0262,0.0246,0.0575925
9,7,传统制造_3,traditional,90621,0.0053,1375,4476.4,1.294,0.0741,0.0959,0.0575925
9,8,传统制造_4,traditional,59349,0.0023,588,4556.1,1.367,0.046,0.0628,0.0575925
9,9,传统制造_5,traditional,52138,0.0031,322,3385.4,0.725,0.0761,0.0552,0.0575925
9,10,传统制造_6,traditional,63288,0.0073,606,3412.4,1.147,0.0584,0.067,0.0575925
9,11,传统制造_7,traditional,68882,0.0095,437,3276.7,1.156,0.0631,0.0729,0.0575925
9,12,传统制造_8,traditional,56589,0.0047,368,4699.8,1.208,0.0496,0.0599,0.0575925
9,13,传统制造_9,traditional,66416,0.0058,2064,5190.9,4.096,0.0172,0.0703,0.0575925
9,14,传统制造_10,traditional,63185,0.0047,422,4668.3,2.897,0.0231,0.0669,0.0575925
9,15,服务产业_1,service,27132,0.0036,160,4701.8,0.951,0.0302,0.0287,0.0575925
9,16,服务产业_2,service,19387,0.0026,122,5259.0,0.227,0.0906,0.0205,0.0575925
9,17,服务产业_3,service,43675,0.0025,478,6188.4,3.165,0.0146,0.0462,0.0575925
9,18,服务产业_4,service,37390,0.0057,396,4815.4,0.826,0.0479,0.0396,0.0575925
9,19,服务产业_5,service,26473,0.0015,195,5853.1,0.36,0.0779,0.028,0.0575925
10,0,高科技_1,high_tech,26192,0.0025,249,7322.7,2.216,0.0178,0.0395,0.057317990000000006
10,1,高科技_2,high_tech,33838,0.004,204,6780.6,0.59,0.0864,0.051,0.057317990000000006
10,2,高科技_3,high_tech,26952,0.0048,158,7231.9,1.226,0.0332,0.0406,0.057317990000000006
10,3,高科技_4,high_tech,23955,0.0007,201,6943.4,0.952,0.0379,0.0361,0.057317990000000006
10,4,高科技_5,high_tech,32098,0.003,191,6268.1,1.047,0.0462,0.0484,0.057317990000000006
10,5,传统制造_1,traditional,44386,0.0043,412,3322.4,0.801,0.0836,0.0669,0.057317990000000006
10,6,传统制造_2,traditional,52770,0.0021,331,3178.8,3.034,0.0262,0.0796,0.057317990000000006
10,7,传统制造_3,traditional,40419,0.0052,359,3297.6,0.822,0.0741,0.0609,0.057317990000000006
10,8,传统制造_4,traditional,37922,0.008,367,3614.4,1.244,0.046,0.0572,0.057317990000000006
10,9,传统制造_5,traditional,39736,0.0052,1539,4391.2,0.787,0.0761,0.0599,0.057317990000000006
10,10,传统制造_6,traditional,47807,0.0043,264,4934.3,1.234,0.0584,0.0721,0.057317990000000006
10,11,传统制造_7,traditional,41830,0.0042,414,4464.1,1.0,0.0631,0.0631,0.057317990000000006
10,12,传统制造_8,traditional,42099,0.0045,346,4574.7,1.28,0.0496,0.0635,0.057317990000000006
10,13,传统制造_9,traditional,46583,0.0031,2059,4215.4,4.092,0.0172,0.0702,0.057317990000000006
10,14,传统制造_10,traditional,47363,0.0023,2096,4556.8,3.092,0.0231,0.0714,0.057317990000000006
10,15,服务产业_1,service,12880,0.0015,159,4932.8,0.643,0.0302,0.0194,0.057317990000000006
10,16,服务产业_2,service,7771,0.0004,201,6013.5,0.129,0.0906,0.0117,0.057317990000000006
10,17,服务产业_3,service,23141,0.0018,285,4580.9,2.389,0.0146,0.0349,0.057317990000000006
10,18,服务产业_4,service,21770,0.0006,225,5491.6,0.685,0.0479,0.0328,0.057317990000000006
10,19,服务产业_5,service,13831,0.0007,102,5063.6,0.268,0.0779,0.0209,0.057317990000000006
11,0,高科技_1,high_tech,30494,0.0036,308,7205.6,2.379,0.0178,0.0424,0.05670025
11,1,高科技_2,high_tech,30167,0.003,381,8104.8,0.485,0.0864,0.0419,0.05670025
11,2,高科技_3,high_tech,19795,0.0004,519,8144.1,0.83,0.0332,0.0275,0.05670025
11,3,高科技_4,high_tech,29625,0.0055,196,6690.4,1.085,0.0379,0.0412,0.05670025
11,4,高科技_5,high_tech,42151,0.004,819,7469.8,1.269,0.0462,0.0586,0.05670025
11,5,传统制造_1,traditional,39389,0.0034,221,4036.0,0.655,0.0836,0.0548,0.05670025
11,6,传统制造_2,traditional,50014,0.0028,1587,3167.1,2.652,0.0262,0.0695,0.05670025
11,7,传统制造_3,traditional,39746,0.004,203,3380.9,0.745,0.0741,0.0553,0.05670025
11,8,传统制造_4,traditional,68736,0.0041,2525,3535.8,2.079,0.046,0.0956,0.05670025
11,9,传统制造_5,traditional,39686,0.0044,357,3263.2,0.725,0.0761,0.0552,0.05670025
11,10,传统制造_6,traditional,44633,0.0041,433,5041.0,1.063,0.0584,0.0621,0.05670025
11,11,传统制造_7,traditional,39898,0.0021,1331,4003.0,0.88,0.0631,0.0555,0.05670025
11,12,传统制造_8,traditional,37581,0.0046,939,4322.0,1.054,0.0496,0.0522,0.05670025
11,13,传统制造_9,traditional,52901,0.0024,277,3968.2,4.285,0.0172,0.0735,0.05670025
11,14,传统制造_10,traditional,48307,0.0031,509,3955.2,2.909,0.0231,0.0672,0.05670025
11,15,服务产业_1,service,24729,0.0004,239,6088.8,1.139,0.0302,0.0344,0.05670025
11,16,服务产业_2,service,26266,0.0016,453,5167.0,0.403,0.0906,0.0365,0.05670025
11,17,服务产业_3,service,13177,0.0007,642,5932.5,1.254,0.0146,0.0183,0.05670025
11,18,服务产业_4,service,24450,0.0029,297,4366.3,0.709,0.0479,0.034,0.05670025
11,19,服务产业_5,service,17547,0.0013,321,5017.8,0.313,0.0779,0.0244,0.05670025
12,0,高科技_1,high_tech,28385,0.0008,228,8022.0,2.357,0.0178,0.042,0.05567912999999999
12,1,高科技_2,high_tech,30473,0.0032,166,8918.1,0.522,0.0864,0.0451,0.05567912999999999
12,2,高科技_3,high_tech,24461,0.0027,1189,6236.3,1.092,0.0332,0.0362,0.05567912999999999
12,3,高科技_4,high_tech,30297,0.003,295,8210.8,1.182,0.0379,0.0448,0.05567912999999999
12,4,高科技_5,high_tech,42415,0.0028,224,8709.8,1.359,0.0462,0.0628,0.05567912999999999
12,5,传统制造_1,traditional,25874,0.0039,672,4002.1,0.458,0.0836,0.0383,0.05567912999999999
12,6,传统制造_2,traditional,41873,0.0014,389,4599.6,2.364,0.0262,0.062,0.05567912999999999
12,7,传统制造_3,traditional,30310,0.0015,1061,4818.0,0.605,0.0741,0.0449,0.05567912999999999
12,8,传统制造_4,traditional,54380,0.0027,318,5058.9,1.751,0.046,0.0805,0.05567912999999999
12,9,传统制造_5,traditional,43485,0.0031,590,4198.5,0.846,0.0761,0.0644,0.05567912999999999
12,10,传统制造_6,traditional,35657,0.0017,337,4725.3,0.904,0.0584,0.0528,0.05567912999999999
12,11,传统制造_7,traditional,39285,0.0014,845,3418.1,0.922,0.0631,0.0581,0.05567912999999999
12,12,传统制造_8,traditional,52519,0.0022,531,4508.3,1.568,0.0496,0.0777,0.05567912999999999
12,13,传统制造_9,traditional,45192,0.0043,448,4963.0,3.897,0.0172,0.0669,0.05567912999999999
12,14,传统制造_10,traditional,46242,0.0023,1063,4939.1,2.964,0.0231,0.0684,0.05567912999999999
12,15,服务产业_1,service,27163,0.0032,297,4914.5,1.332,0.0302,0.0402,0.05567912999999999
12,16,服务产业_2,service,24522,0.0044,141,5951.4,0.401,0.0906,0.0363,0.05567912999999999
12,17,服务产业_3,service,25361,0.0015,244,5874.1,2.57,0.0146,0.0375,0.05567912999999999
12,18,服务产业_4,service,19173,0.0004,455,5539.7,0.592,0.0479,0.0284,0.05567912999999999
12,19,服务产业_5,service,8642,0.0009,59,5623.7,0.164,0.0779,0.0128,0.05567912999999999
13,0,高科技_1,high_tech,3177,0.0003,17,7387.8,1.551,0.0178,0.0276,0.06019038
13,1,高科技_2,high_tech,5443,0.0003,37,7133.6,0.548,0.0864,0.0474,0.06019038
13,2,高科技_3,high_tech,4379,0.0003,30,8338.4,1.149,0.0332,0.0381,0.06019038
13,3,高科技_4,high_tech,4193,0.0002,24,6075.1,0.961,0.0379,0.0365,0.06019038
13,4,高科技_5,high_tech,3199,0.0001,22,6760.5,0.603,0.0462,0.0278,0.06019038
13,5,传统制造_1,traditional,6607,0.0005,54,4440.0,0.688,0.0836,0.0575,0.06019038
13,6,传统制造_2,traditional,10385,0.0005,290,3449.9,3.446,0.0262,0.0903,0.06019038
13,7,传统制造_3,traditional,8709,0.001,68,3092.1,1.022,0.0741,0.0758,0.06019038
13,8,传统制造_4,traditional,9617,0.0007,437,4199.0,1.82,0.046,0.0837,0.06019038
13,9,传统制造_5,traditional,7313,0.0002,93,4075.1,0.836,0.0761,0.0636,0.06019038
13,10,传统制造_6,traditional,8904,0.0008,130,4155.9,1.327,0.0584,0.0775,0.06019038
13,11,传统制造_7,traditional,7525,0.0006,84,3858.0,1.038,0.0631,0.0655,0.06019038
13,12,传统制造_8,traditional,9168,0.0007,166,3951.3,1.609,0.0496,0.0798,0.06019038
13,13,传统制造_9,traditional,5819,0.0004,59,3950.6,2.95,0.0172,0.0506,0.06019038
13,14,传统制造_10,traditional,5848,0.0002,58,3103.7,2.203,0.0231,0.0509,0.06019038
13,15,服务产业_1,service,2392,0.0001,37,5589.9,0.689,0.0302,0.0208,0.06019038
13,16,服务产业_2,service,3296,0.0003,24,5643.0,0.317,0.0906,0.0287,0.06019038
13,17,服务产业_3,service,1472,0.0002,34,5068.9,0.877,0.0146,0.0128,0.06019038
13,18,服务产业_4,service,3687,0.0003,32,5640.5,0.67,0.0479,0.0321,0.06019038
13,19,服务产业_5,service,3813,0.0002,23,4950.4,0.426,0.0779,0.0332,0.06019038
14,0,高科技_1,high_tech,4696,0.0004,46,7032.4,1.46,0.0178,0.026,0.05920179
14,1,高科技_2,high_tech,5486,0.0003,30,7712.5,0.352,0.0864,0.0304,0.05920179
14,2,高科技_3,high_tech,8801,0.0014,73,8611.7,1.47,0.0332,0.0487,0.05920179
14,3,高科技_4,high_tech,5929,0.0004,153,8365.0,0.865,0.0379,0.0328,0.05920179
14,4,高科技_5,high_tech,7344,0.0004,140,6744.7,0.881,0.0462,0.0407,0.05920179
14,5,传统制造_1,traditional,14018,0.0008,92,4329.6,0.929,0.0836,0.0776,0.05920179
14,6,传统制造_2,traditional,9587,0.0005,253,3845.7,2.025,0.0262,0.0531,0.05920179
14,7,传统制造_3,traditional,12735,0.0006,144,3306.1,0.952,0.0741,0.0705,0.05920179
14,8,传统制造_4,traditional,10059,0.0008,253,3548.2,1.212,0.046,0.0557,0.05920179
14,9,传统制造_5,traditional,15173,0.0013,99,4760.7,1.105,0.0761,0.084,0.05920179
14,10,传统制造_6,traditional,13888,0.0011,579,4877.8,1.317,0.0584,0.0769,0.05920179
14,11,传统制造_7,traditional,12378,0.0007,147,4316.5,1.087,0.0631,0.0686,0.05920179
14,12,传统制造_8,traditional,13028,0.0007,84,4967.7,1.456,0.0496,0.0722,0.05920179
14,13,传统制造_9,traditional,9277,0.0004,46,4639.6,2.994,0.0172,0.0514,0.05920179
14,14,传统制造_10,traditional,14478,0.0011,75,4183.2,3.473,0.0231,0.0802,0.05920179
14,15,服务产业_1,service,3424,0.0002,28,5678.2,0.628,0.0302,0.019,0.05920179
14,16,服务产业_2,service,4875,0.0004,26,4369.5,0.298,0.0906,0.027,0.05920179
14,17,服务产业_3,service,3634,0.0003,32,4750.0,1.379,0.0146,0.0201,0.05920179
14,18,服务产业_4,service,5376,0.0002,29,4922.2,0.622,0.0479,0.0298,0.05920179
14,19,服务产业_5,service,6355,0.0003,55,4572.6,0.452,0.0779,0.0352,0.05920179
15,0,高科技_1,high_tech,9197,0.0008,448,7247.9,1.941,0.0178,0.0346,0.05824998000000001
15,1,高科技_2,high_tech,10074,0.0016,54,8967.4,0.438,0.0864,0.0379,0.05824998000000001
15,2,高科技_3,high_tech,14906,0.0012,103,7960.8,1.691,0.0332,0.0561,0.05824998000000001
15,3,高科技_4,high_tech,13086,0.0009,81,8193.2,1.297,0.0379,0.0492,0.05824998000000001
15,4,高科技_5,high_tech,9699,0.0006,76,8375.5,0.79,0.0462,0.0365,0.05824998000000001
15,5,传统制造_1,traditional,18689,0.0015,153,3066.0,0.841,0.0836,0.0703,0.05824998000000001
15,6,传统制造_2,traditional,16681,0.0021,120,3301.3,2.392,0.0262,0.0627,0.05824998000000001
15,7,传统制造_3,traditional,19357,0.0025,933,3935.8,0.982,0.0741,0.0728,0.05824998000000001
15,8,传统制造_4,traditional,16924,0.0024,321,3600.0,1.385,0.046,0.0636,0.05824998000000001
15,9,传统制造_5,traditional,18240,0.0012,535,3853.1,0.901,0.0761,0.0686,0.05824998000000001
15,10,传统制造_6,traditional,14571,0.0007,221,3511.6,0.938,0.0584,0.0548,0.05824998000000001
15,11,传统制造_7,traditional,17579,0.0008,226,4130.5,1.048,0.0631,0.0661,0.05824998000000001
15,12,传统制造_8,traditional,21382,0.0011,221,4758.4,1.622,0.0496,0.0804,0.05824998000000001
15,13,传统制造_9,traditional,18713,0.0013,490,4957.3,4.1,0.0172,0.0704,0.05824998000000001
15,14,传统制造_10,traditional,17196,0.0012,141,3683.6,2.801,0.0231,0.0647,0.05824998000000001
15,15,服务产业_1,service,2003,0.0001,12,5541.9,0.25,0.0302,0.0075,0.05824998000000001
15,16,服务产业_2,service,7995,0.0021,61,4605.1,0.332,0.0906,0.0301,0.05824998000000001
15,17,服务产业_3,service,7136,0.0003,158,4819.7,1.837,0.0146,0.0268,0.05824998000000001
15,18,服务产业_4,service,5338,0.0003,44,5151.5,0.419,0.0479,0.0201,0.05824998000000001
15,19,服务产业_5,service,7173,0.0004,171,4073.0,0.346,0.0779,0.027,0.05824998000000001
16,0,高科技_1,high_tech,7399,0.0005,40,6850.3,1.122,0.0178,0.02,0.06089242999999999
16,1,高科技_2,high_tech,8092,0.0006,57,7143.6,0.253,0.0864,0.0219,0.06089242999999999
16,2,高科技_3,high_tech,11217,0.0017,61,6558.3,0.914,0.0332,0.0303,0.06089242999999999
16,3,高科技_4,high_tech,11522,0.0006,164,7530.1,0.821,0.0379,0.0311,0.06089242999999999
16,4,高科技_5,high_tech,11148,0.0006,67,8378.6,0.652,0.0462,0.0301,0.06089242999999999
16,5,传统制造_1,traditional,26875,0.0063,289,3108.8,0.869,0.0836,0.0726,0.06089242999999999
16,6,传统制造_2,traditional,25462,0.0018,136,4172.1,2.625,0.0262,0.0688,0.06089242999999999
16,7,传统制造_3,traditional,20391,0.0007,176,4487.7,0.743,0.0741,0.0551,0.06089242999999999
16,8,传统制造_4,traditional,22219,0.0015,270,5034.3,1.306,0.046,0.06,0.06089242999999999
16,9,传统制造_5,traditional,36608,0.0025,206,4399.2,1.3,0.0761,0.0989,0.06089242999999999
16,10,传统制造_6,traditional,25962,0.0033,347,4387.5,1.202,0.0584,0.0702,0.06089242999999999
16,11,传统制造_7,traditional,25676,0.0007,269,3269.4,1.1,0.0631,0.0694,0.06089242999999999
16,12,传统制造_8,traditional,19458,0.0018,134,3220.6,1.061,0.0496,0.0526,0.06089242999999999
16,13,传统制造_9,traditional,25370,0.001,153,4690.3,3.995,0.0172,0.0686,0.06089242999999999
16,14,传统制造_10,traditional,33334,0.0039,539,4882.5,3.902,0.0231,0.0901,0.06089242999999999
16,15,服务产业_1,service,13545,0.0018,198,4404.0,1.213,0.0302,0.0366,0.06089242999999999
16,16,服务产业_2,service,14180,0.0005,75,4964.5,0.423,0.0906,0.0383,0.06089242999999999
16,17,服务产业_3,service,8242,0.0012,166,5968.0,1.525,0.0146,0.0223,0.06089242999999999
16,18,服务产业_4,service,8195,0.0023,91,5722.7,0.462,0.0479,0.0221,0.06089242999999999
16,19,服务产业_5,service,15130,0.0034,210,4063.4,0.525,0.0779,0.0409,0.06089242999999999
17,0,高科技_1,high_tech,67269,0.0043,1923,7666.1,2.791,0.0178,0.0497,0.055904159999999994
17,1,高科技_2,high_tech,54152,0.0037,363,8603.0,0.463,0.0864,0.04,0.055904159999999994
17,2,高科技_3,high_tech,38940,0.0036,1326,8854.8,0.868,0.0332,0.0288,0.055904159999999994
17,3,高科技_4,high_tech,39395,0.0033,283,6746.6,0.767,0.0379,0.0291,0.055904159999999994
17,4,高科技_5,high_tech,68099,0.0054,804,6971.3,1.09,0.0462,0.0503,0.055904159999999994
17,5,传统制造_1,traditional,108099,0.0217,1043,3595.5,0.956,0.0836,0.0799,0.055904159999999994
17,6,传统制造_2,traditional,117222,0.0036,1167,4889.1,3.305,0.0262,0.0867,0.055904159999999994
17,7,传统制造_3,traditional,89782,0.012,1157,3887.1,0.895,0.0741,0.0664,0.055904159999999994
17,8,传统制造_4,traditional,85904,0.0045,619,3999.1,1.382,0.046,0.0635,0.055904159999999994
17,9,传统制造_5,traditional,73698,0.0074,669,4728.0,0.716,0.0761,0.0545,0.055904159999999994
17,10,传统制造_6,traditional,62991,0.0037,671,4588.1,0.798,0.0584,0.0466,0.055904159999999994
17,11,传统制造_7,traditional,78254,0.0044,700,4965.6,0.917,0.0631,0.0578,0.055904159999999994
17,12,传统制造_8,traditional,81935,0.0086,790,3132.2,1.222,0.0496,0.0606,0.055904159999999994
17,13,传统制造_9,traditional,72793,0.0036,457,3849.2,3.135,0.0172,0.0538,0.055904159999999994
17,14,传统制造_10,traditional,84555,0.0043,444,5048.8,2.707,0.0231,0.0625,0.055904159999999994
17,15,服务产业_1,service,67186,0.0037,1988,4616.1,1.645,0.0302,0.0497,0.055904159999999994
17,16,服务产业_2,service,37739,0.0055,396,5310.2,0.308,0.0906,0.0279,0.055904159999999994
17,17,服务产业_3,service,24510,0.0032,167,6100.0,1.241,0.0146,0.0181,0.055904159999999994
17,18,服务产业_4,service,47312,0.0026,317,4274.9,0.73,0.0479,0.035,0.055904159999999994
17,19,服务产业_5,service,52881,0.0046,478,5224.2,0.502,0.0779,0.0391,0.055904159999999994
18,0,高科技_1,high_tech,18594,0.0008,276,6619.3,2.206,0.0178,0.0393,0.06126315000000001
18,1,高科技_2,high_tech,20921,0.0014,605,7815.3,0.512,0.0864,0.0442,0.06126315000000001
18,2,高科技_3,high_tech,17695,0.0004,95,7940.3,1.129,0.0332,0.0374,0.06126315000000001
18,3,高科技_4,high_tech,11256,0.0009,262,7567.9,0.627,0.0379,0.0238,0.06126315000000001
18,4,高科技_5,high_tech,8493,0.0013,58,7183.0,0.389,0.0462,0.018,0.06126315000000001
18,5,传统制造_1,traditional,31984,0.002,306,4077.7,0.809,0.0836,0.0676,0.06126315000000001
18,6,传统制造_2,traditional,30441,0.0014,166,4388.3,2.455,0.0262,0.0644,0.06126315000000001
18,7,传统制造_3,traditional,19538,0.0013,186,4180.3,0.557,0.0741,0.0413,0.06126315000000001
18,8,传统制造_4,traditional,42657,0.0034,276,4107.7,1.962,0.046,0.0902,0.06126315000000001
18,9,传统制造_5,traditional,32861,0.0012,308,3963.8,0.913,0.0761,0.0695,0.06126315000000001
18,10,传统制造_6,traditional,41435,0.0045,267,3527.0,1.5,0.0584,0.0876,0.06126315000000001
18,11,传统制造_7,traditional,17812,0.002,135,4603.1,0.597,0.0631,0.0377,0.06126315000000001
18,12,传统制造_8,traditional,41558,0.0064,239,3381.0,1.772,0.0496,0.0879,0.06126315000000001
18,13,传统制造_9,traditional,29051,0.0025,386,4244.4,3.579,0.0172,0.0614,0.06126315000000001
18,14,传统制造_10,traditional,40275,0.0034,733,3750.8,3.688,0.0231,0.0852,0.06126315000000001
18,15,服务产业_1,service,14376,0.001,72,4421.9,1.007,0.0302,0.0304,0.06126315000000001
18,16,服务产业_2,service,15189,0.0004,91,4654.1,0.355,0.0906,0.0321,0.06126315000000001
18,17,服务产业_3,service,15194,0.0009,309,5924.5,2.2,0.0146,0.0321,0.06126315000000001
18,18,服务产业_4,service,12193,0.0016,168,4400.4,0.538,0.0479,0.0258,0.06126315000000001
18,19,服务产业_5,service,11438,0.0006,69,4152.0,0.31,0.0779,0.0242,0.06126315000000001
19,0,高科技_1,high_tech,5321,0.0005,52,6258.6,2.678,0.0178,0.0477,0.058143839999999995
19,1,高科技_2,high_tech,3181,0.0002,23,8920.1,0.33,0.0864,0.0285,0.058143839999999995
19,2,高科技_3,high_tech,6331,0.0014,34,7300.8,1.712,0.0332,0.0568,0.058143839999999995
19,3,高科技_4,high_tech,4134,0.0002,29,7366.0,0.977,0.0379,0.0371,0.058143839999999995
19,4,高科技_5,high_tech,4513,0.0003,25,7566.7,0.876,0.0462,0.0405,0.058143839999999995
19,5,传统制造_1,traditional,7034,0.0007,50,3794.9,0.755,0.0836,0.0631,0.058143839999999995
19,6,传统制造_2,traditional,10280,0.0009,435,3049.5,3.516,0.0262,0.0922,0.058143839999999995
19,7,传统制造_3,traditional,8440,0.0009,59,3247.9,1.021,0.0741,0.0757,0.058143839999999995
19,8,传统制造_4,traditional,7019,0.0003,59,3368.9,1.369,0.046,0.0629,0.058143839999999995
19,9,传统制造_5,traditional,5717,0.0008,88,3897.1,0.674,0.0761,0.0513,0.058143839999999995
19,10,传统制造_6,traditional,8832,0.0004,125,3434.4,1.356,0.0584,0.0792,0.058143839999999995
19,11,传统制造_7,traditional,6770,0.0006,38,4321.8,0.963,0.0631,0.0607,0.058143839999999995
19,12,传统制造_8,traditional,7489,0.0008,49,4893.6,1.355,0.0496,0.0672,0.058143839999999995
19,13,传统制造_9,traditional,6311,0.0005,49,3295.8,3.297,0.0172,0.0566,0.058143839999999995
19,14,传统制造_10,traditional,6333,0.0003,76,4043.3,2.46,0.0231,0.0568,0.058143839999999995
19,15,服务产业_1,service,2727,0.0003,56,4065.8,0.81,0.0302,0.0245,0.058143839999999995
19,16,服务产业_2,service,3166,0.0004,139,4244.2,0.313,0.0906,0.0284,0.058143839999999995
19,17,服务产业_3,service,2262,0.0001,13,4639.4,1.389,0.0146,0.0203,0.058143839999999995
19,18,服务产业_4,service,3015,0.0002,18,4544.7,0.564,0.0479,0.027,0.058143839999999995
19,19,服务产业_5,service,2639,0.0003,84,5797.7,0.304,0.0779,0.0237,0.058143839999999995
20,0,高科技_1,high_tech,173652,0.0112,1082,8179.2,2.631,0.0178,0.0469,0.05267706999999999
20,1,高科技_2,high_tech,183869,0.0111,1797,8452.2,0.574,0.0864,0.0496,0.05267706999999999
20,2,高科技_3,high_tech,155172,0.0224,1002,7692.2,1.264,0.0332,0.0419,0.05267706999999999
20,3,高科技_4,high_tech,244114,0.0156,1469,8361.5,1.737,0.0379,0.0659,0.05267706999999999
20,4,高科技_5,high_tech,255952,0.0304,2421,9150.5,1.496,0.0462,0.0691,0.05267706999999999
20,5,传统制造_1,traditional,120865,0.0105,908,4264.4,0.39,0.0836,0.0326,0.05267706999999999
20,6,传统制造_2,traditional,256158,0.0168,2055,3422.6,2.638,0.0262,0.0692,0.05267706999999999
20,7,传统制造_3,traditional,169447,0.0137,3522,4645.4,0.617,0.0741,0.0457,0.05267706999999999
20,8,传统制造_4,traditional,238148,0.0102,1240,4129.8,1.399,0.046,0.0643,0.05267706999999999
20,9,传统制造_5,traditional,139280,0.0066,1144,4502.4,0.494,0.0761,0.0376,0.05267706999999999
20,10,传统制造_6,traditional,233547,0.0189,2079,4164.1,1.08,0.0584,0.063,0.05267706999999999
20,11,传统制造_7,traditional,179973,0.0106,5644,3968.4,0.77,0.0631,0.0486,0.05267706999999999
20,12,传统制造_8,traditional,196286,0.0104,1088,4869.2,1.069,0.0496,0.053,0.05267706999999999
20,13,传统制造_9,traditional,197441,0.0107,1104,5342.3,3.106,0.0172,0.0533,0.05267706999999999
20,14,传统制造_10,traditional,184368,0.0134,1743,5154.5,2.156,0.0231,0.0498,0.05267706999999999
20,15,服务产业_1,service,122122,0.0134,1531,4475.7,1.092,0.0302,0.033,0.05267706999999999
20,16,服务产业_2,service,133598,0.0182,3162,6163.5,0.398,0.0906,0.0361,0.05267706999999999
20,17,服务产业_3,service,142651,0.0065,855,4649.9,2.637,0.0146,0.0385,0.05267706999999999
20,18,服务产业_4,service,160345,0.0151,1493,6314.8,0.903,0.0479,0.0433,0.05267706999999999
20,19,服务产业_5,service,217374,0.0055,4766,5970.5,0.753,0.0779,0.0587,0.05267706999999999
21,0,高科技_1,high_tech,52983,0.006,1068,6933.5,3.284,0.0178,0.0585,0.057053870000000007
21,1,高科技_2,high_tech,38952,0.0041,346,6159.1,0.498,0.0864,0.043,0.057053870000000007
21,2,高科技_3,high_tech,31281,0.0027,1027,8715.0,1.042,0.0332,0.0346,0.057053870000000007
21,3,高科技_4,high_tech,13092,0.0012,629,6467.3,0.381,0.0379,0.0145,0.057053870000000007
21,4,高科技_5,high_tech,31619,0.0023,196,6664.0,0.756,0.0462,0.0349,0.057053870000000007
21,5,传统制造_1,traditional,34828,0.0018,219,3436.1,0.46,0.0836,0.0385,0.057053870000000007
21,6,传统制造_2,traditional,66623,0.0066,1046,3302.2,2.807,0.0262,0.0736,0.057053870000000007
21,7,传统制造_3,traditional,72640,0.0116,706,3880.1,1.082,0.0741,0.0802,0.057053870000000007
21,8,传统制造_4,traditional,74173,0.0034,612,4472.9,1.783,0.046,0.0819,0.057053870000000007
21,9,传统制造_5,traditional,53816,0.0051,729,4649.6,0.781,0.0761,0.0594,0.057053870000000007
21,10,传统制造_6,traditional,56740,0.0023,1030,3627.7,1.073,0.0584,0.0627,0.057053870000000007
21,11,传统制造_7,traditional,63755,0.0042,1315,4206.9,1.117,0.0631,0.0704,0.057053870000000007
21,12,传统制造_8,traditional,57851,0.0065,301,3658.8,1.289,0.0496,0.0639,0.057053870000000007
21,13,传统制造_9,traditional,43398,0.0026,237,5093.0,2.793,0.0172,0.0479,0.057053870000000007
21,14,传统制造_10,traditional,56905,0.0033,439,3801.6,2.722,0.0231,0.0629,0.057053870000000007
21,15,服务产业_1,service,32016,0.0045,160,4217.0,1.172,0.0302,0.0354,0.057053870000000007
21,16,服务产业_2,service,25765,0.0016,133,5836.2,0.314,0.0906,0.0285,0.057053870000000007
21,17,服务产业_3,service,27399,0.0032,150,5292.2,2.072,0.0146,0.0303,0.057053870000000007
21,18,服务产业_4,service,25324,0.0018,218,5848.0,0.584,0.0479,0.028,0.057053870000000007
21,19,服务产业_5,service,46152,0.0038,371,5712.3,0.654,0.0779,0.051,0.057053870000000007
22,0,高科技_1,high_tech,17417,0.0013,129,6452.6,1.64,0.0178,0.0292,0.05560070000000001
22,1,高科技_2,high_tech,19948,0.0011,142,6704.0,0.387,0.0864,0.0335,0.05560070000000001
22,2,高科技_3,high_tech,28273,0.005,329,7330.8,1.431,0.0332,0.0475,0.05560070000000001
22,3,高科技_4,high_tech,14021,0.0005,81,7110.3,0.62,0.0379,0.0235,0.05560070000000001
22,4,高科技_5,high_tech,27635,0.0033,582,6299.5,1.004,0.0462,0.0464,0.05560070000000001
22,5,传统制造_1,traditional,37040,0.0034,219,4210.3,0.744,0.0836,0.0622,0.05560070000000001
22,6,传统制造_2,traditional,29655,0.0017,174,3274.7,1.898,0.0262,0.0498,0.05560070000000001
22,7,传统制造_3,traditional,41621,0.0041,232,4767.4,0.942,0.0741,0.0699,0.05560070000000001
22,8,传统制造_4,traditional,34367,0.0069,417,3492.9,1.255,0.046,0.0577,0.05560070000000001
22,9,传统制造_5,traditional,35395,0.0048,347,4428.6,0.781,0.0761,0.0594,0.05560070000000001
22,10,传统制造_6,traditional,34963,0.0057,886,3931.0,1.005,0.0584,0.0587,0.05560070000000001
22,11,传统制造_7,traditional,40882,0.0024,423,5129.3,1.088,0.0631,0.0686,0.05560070000000001
22,12,传统制造_8,traditional,36847,0.0019,1147,4512.6,1.247,0.0496,0.0618,0.05560070000000001
22,13,传统制造_9,traditional,43089,0.0029,598,4862.6,4.213,0.0172,0.0723,0.05560070000000001
22,14,传统制造_10,traditional,48056,0.0013,306,3936.1,3.493,0.0231,0.0807,0.05560070000000001
22,15,服务产业_1,service,21097,0.0014,138,5571.2,1.173,0.0302,0.0354,0.05560070000000001
22,16,服务产业_2,service,26967,0.0028,156,5469.6,0.5,0.0906,0.0453,0.05560070000000001
22,17,服务产业_3,service,28110,0.0026,146,4147.9,3.23,0.0146,0.0472,0.05560070000000001
22,18,服务产业_4,service,17232,0.0017,187,4978.4,0.604,0.0479,0.0289,0.05560070000000001
22,19,服务产业_5,service,13226,0.0008,197,4566.1,0.285,0.0779,0.0222,0.05560070000000001
23,0,高科技_1,high_tech,4719,0.0002,81,8368.1,1.81,0.0178,0.0323,0.05798895000000001
23,1,高科技_2,high_tech,4678,0.0004,34,7999.7,0.37,0.0864,0.032,0.05798895000000001
23,2,高科技_3,high_tech,7391,0.0006,75,6881.5,1.524,0.0332,0.0505,0.05798895000000001
23,3,高科技_4,high_tech,5676,0.0005,70,6873.9,1.023,0.0379,0.0388,0.05798895000000001
23,4,高科技_5,high_tech,3771,0.0004,28,8758.2,0.558,0.0462,0.0258,0.05798895000000001
23,5,传统制造_1,traditional,12069,0.0013,178,4180.0,0.987,0.0836,0.0825,0.05798895000000001
23,6,传统制造_2,traditional,9035,0.0004,143,4724.3,2.356,0.0262,0.0618,0.05798895000000001
23,7,传统制造_3,traditional,10544,0.0007,266,4879.1,0.972,0.0741,0.0721,0.05798895000000001
23,8,传统制造_4,traditional,10358,0.0004,129,3840.6,1.541,0.046,0.0708,0.05798895000000001
23,9,传统制造_5,traditional,9548,0.0005,80,4198.3,0.858,0.0761,0.0653,0.05798895000000001
23,10,传统制造_6,traditional,12150,0.0003,170,3789.9,1.422,0.0584,0.0831,0.05798895000000001
23,11,传统制造_7,traditional,8364,0.0002,80,4220.0,0.907,0.0631,0.0572,0.05798895000000001
23,12,传统制造_8,traditional,9715,0.0009,68,3618.8,1.34,0.0496,0.0664,0.05798895000000001
23,13,传统制造_9,traditional,7763,0.0004,75,4922.8,3.092,0.0172,0.0531,0.05798895000000001
23,14,传统制造_10,traditional,10135,0.0025,70,3935.2,3.001,0.0231,0.0693,0.05798895000000001
23,15,服务产业_1,service,4323,0.0004,79,5853.7,0.979,0.0302,0.0296,0.05798895000000001
23,16,服务产业_2,service,4008,0.0004,39,5028.3,0.302,0.0906,0.0274,0.05798895000000001
23,17,服务产业_3,service,3990,0.0007,23,4048.8,1.868,0.0146,0.0273,0.05798895000000001
23,18,服务产业_4,service,3752,0.0001,26,4195.8,0.535,0.0479,0.0257,0.05798895000000001
23,19,服务产业_5,service,4293,0.0005,35,5744.3,0.377,0.0779,0.0293,0.05798895000000001
24,0,高科技_1,high_tech,8966,0.0005,94,8853.0,1.674,0.0178,0.0298,0.05586048
24,1,高科技_2,high_tech,12040,0.0009,115,7760.8,0.464,0.0864,0.0401,0.05586048
24,2,高科技_3,high_tech,12468,0.0012,80,6850.7,1.251,0.0332,0.0415,0.05586048
24,3,高科技_4,high_tech,10601,0.0003,92,7097.9,0.93,0.0379,0.0353,0.05586048
24,4,高科技_5,high_tech,7061,0.0003,63,6229.8,0.509,0.0462,0.0235,0.05586048
24,5,传统制造_1,traditional,21117,0.0015,123,4316.1,0.841,0.0836,0.0703,0.05586048
24,6,传统制造_2,traditional,22311,0.0018,422,4024.8,2.832,0.0262,0.0742,0.05586048
24,7,传统制造_3,traditional,16171,0.0016,115,3802.0,0.726,0.0741,0.0538,0.05586048
24,8,传统制造_4,traditional,18559,0.0007,116,4887.9,1.344,0.046,0.0618,0.05586048
24,9,传统制造_5,traditional,19474,0.0016,253,4652.2,0.852,0.0761,0.0648,0.05586048
24,10,传统制造_6,traditional,14275,0.0009,138,3826.7,0.814,0.0584,0.0475,0.05586048
24,11,传统制造_7,traditional,23316,0.0015,177,4184.9,1.23,0.0631,0.0776,0.05586048
24,12,传统制造_8,traditional,23811,0.0028,202,3436.1,1.598,0.0496,0.0792,0.05586048
24,13,传统制造_9,traditional,20258,0.0018,152,4068.0,3.928,0.0172,0.0674,0.05586048
24,14,传统制造_10,traditional,16510,0.0005,120,4296.0,2.379,0.0231,0.0549,0.05586048
24,15,服务产业_1,service,10890,0.0004,230,5712.9,1.2,0.0302,0.0362,0.05586048
24,16,服务产业_2,service,11233,0.0011,72,4368.9,0.413,0.0906,0.0374,0.05586048
24,17,服务产业_3,service,10127,0.0022,54,4606.1,2.307,0.0146,0.0337,0.05586048
24,18,服务产业_4,service,9987,0.0011,124,5742.3,0.694,0.0479,0.0332,0.05586048
24,19,服务产业_5,service,11352,0.0006,143,5174.3,0.485,0.0779,0.0378,0.05586048
25,0,高科技_1,high_tech,32269,0.0028,248,7777.6,2.521,0.0178,0.0449,0.05942576000000001
25,1,高科技_2,high_tech,19268,0.002,330,8066.8,0.31,0.0864,0.0268,0.05942576000000001
25,2,高科技_3,high_tech,22320,0.0028,166,8061.7,0.937,0.0332,0.0311,0.05942576000000001
25,3,高科技_4,high_tech,8479,0.0005,138,8113.5,0.311,0.0379,0.0118,0.05942576000000001
25,4,高科技_5,high_tech,24487,0.0014,463,6403.3,0.738,0.0462,0.0341,0.05942576000000001
25,5,传统制造_1,traditional,59208,0.0086,533,4487.9,0.986,0.0836,0.0824,0.05942576000000001
25,6,传统制造_2,traditional,32124,0.0021,262,3402.8,1.706,0.0262,0.0447,0.05942576000000001
25,7,传统制造_3,traditional,48600,0.002,708,4332.8,0.913,0.0741,0.0677,0.05942576000000001
25,8,传统制造_4,traditional,27694,0.0031,186,4277.5,0.839,0.046,0.0386,0.05942576000000001
25,9,传统制造_5,traditional,45376,0.0067,266,4781.5,0.83,0.0761,0.0632,0.05942576000000001
25,10,传统制造_6,traditional,54811,0.0048,275,3162.9,1.307,0.0584,0.0763,0.05942576000000001
25,11,传统制造_7,traditional,45765,0.0067,828,4744.8,1.011,0.0631,0.0637,0.05942576000000001
25,12,传统制造_8,traditional,54083,0.0049,305,3951.0,1.519,0.0496,0.0753,0.05942576000000001
25,13,传统制造_9,traditional,42080,0.0039,224,3512.4,3.414,0.0172,0.0586,0.05942576000000001
25,14,传统制造_10,traditional,70960,0.0055,1433,4595.2,4.279,0.0231,0.0988,0.05942576000000001
25,15,服务产业_1,service,27913,0.0029,381,4563.1,1.287,0.0302,0.0389,0.05942576000000001
25,16,服务产业_2,service,23034,0.0016,117,5012.8,0.354,0.0906,0.0321,0.05942576000000001
25,17,服务产业_3,service,31256,0.0051,181,6099.5,2.98,0.0146,0.0435,0.05942576000000001
25,18,服务产业_4,service,29520,0.0034,172,4863.7,0.858,0.0479,0.0411,0.05942576000000001
25,19,服务产业_5,service,18947,0.0012,338,5758.8,0.339,0.0779,0.0264,0.05942576000000001
26,0,高科技_1,high_tech,6652,0.0006,40,7981.2,1.794,0.0178,0.032,0.05764971000000001
26,1,高科技_2,high_tech,7785,0.0007,103,7971.1,0.433,0.0864,0.0374,0.05764971000000001
26,2,高科技_3,high_tech,8342,0.0007,43,6967.6,1.209,0.0332,0.0401,0.05764971000000001
26,3,高科技_4,high_tech,10424,0.0009,60,8218.9,1.32,0.0379,0.0501,0.05764971000000001
26,4,高科技_5,high_tech,8803,0.0009,82,8122.5,0.916,0.0462,0.0423,0.05764971000000001
26,5,传统制造_1,traditional,11795,0.0013,62,3865.0,0.678,0.0836,0.0567,0.05764971000000001
26,6,传统制造_2,traditional,12374,0.0009,71,3522.9,2.268,0.0262,0.0595,0.05764971000000001
26,7,传统制造_3,traditional,15593,0.001,107,4125.7,1.011,0.0741,0.0749,0.05764971000000001
26,8,传统制造_4,traditional,15102,0.0007,455,4104.2,1.579,0.046,0.0726,0.05764971000000001
26,9,传统制造_5,traditional,12205,0.0005,120,3606.7,0.771,0.0761,0.0587,0.05764971000000001
26,10,传统制造_6,traditional,17775,0.0039,324,4331.7,1.463,0.0584,0.0854,0.05764971000000001
26,11,传统制造_7,traditional,8081,0.0021,42,4833.9,0.616,0.0631,0.0388,0.05764971000000001
26,12,传统制造_8,traditional,15669,0.0008,91,3260.9,1.519,0.0496,0.0753,0.05764971000000001
26,13,传统制造_9,traditional,10140,0.0008,74,3137.5,2.84,0.0172,0.0487,0.05764971000000001
26,14,传统制造_10,traditional,17269,0.0013,611,3417.6,3.595,0.0231,0.083,0.05764971000000001
26,15,服务产业_1,service,5742,0.0002,129,4112.9,0.914,0.0302,0.0276,0.05764971000000001
26,16,服务产业_2,service,7299,0.0005,41,4753.2,0.387,0.0906,0.0351,0.05764971000000001
26,17,服务产业_3,service,5548,0.0005,200,5433.3,1.826,0.0146,0.0267,0.05764971000000001
26,18,服务产业_4,service,8188,0.0006,181,5383.2,0.821,0.0479,0.0394,0.05764971000000001
26,19,服务产业_5,service,3281,0.0002,18,5957.6,0.202,0.0779,0.0158,0.05764971000000001
27,0,高科技_1,high_tech,87174,0.0081,2373,8052.9,3.235,0.0178,0.0577,0.05436424
27,1,高科技_2,high_tech,81691,0.0047,498,6668.7,0.625,0.0864,0.054,0.05436424
27,2,高科技_3,high_tech,49607,0.0015,383,7533.4,0.99,0.0332,0.0328,0.05436424
27,3,高科技_4,high_tech,59459,0.0104,912,7003.9,1.036,0.0379,0.0393,0.05436424
27,4,高科技_5,high_tech,59958,0.0036,874,6600.6,0.858,0.0462,0.0397,0.05436424
27,5,传统制造_1,traditional,97872,0.0058,2648,4229.3,0.775,0.0836,0.0647,0.05436424
27,6,传统制造_2,traditional,99450,0.0112,827,4020.3,2.509,0.0262,0.0658,0.05436424
27,7,传统制造_3,traditional,100702,0.0151,750,4976.0,0.898,0.0741,0.0666,0.05436424
27,8,传统制造_4,traditional,99598,0.0055,811,4193.6,1.433,0.046,0.0659,0.05436424
27,9,传统制造_5,traditional,73725,0.0059,727,4285.9,0.641,0.0761,0.0488,0.05436424
27,10,传统制造_6,traditional,95253,0.0063,894,4800.6,1.079,0.0584,0.063,0.05436424
27,11,传统制造_7,traditional,74443,0.0057,644,3248.1,0.781,0.0631,0.0492,0.05436424
27,12,传统制造_8,traditional,96622,0.0059,831,4332.6,1.289,0.0496,0.0639,0.05436424
27,13,传统制造_9,traditional,103847,0.0126,697,4487.5,4.001,0.0172,0.0687,0.05436424
27,14,传统制造_10,traditional,94030,0.0087,543,3945.3,2.693,0.0231,0.0622,0.05436424
27,15,服务产业_1,service,50802,0.0031,1166,5404.2,1.113,0.0302,0.0336,0.05436424
27,16,服务产业_2,service,45145,0.0064,587,4688.3,0.33,0.0906,0.0299,0.05436424
27,17,服务产业_3,service,62578,0.0031,355,5419.2,2.834,0.0146,0.0414,0.05436424
27,18,服务产业_4,service,47187,0.004,303,4630.7,0.651,0.0479,0.0312,0.05436424
27,19,服务产业_5,service,32966,0.0018,169,4915.9,0.28,0.0779,0.0218,0.05436424
28,0,高科技_1,high_tech,13437,0.0005,155,7898.1,1.944,0.0178,0.0346,0.05803982
28,1,高科技_2,high_tech,15288,0.0019,80,6939.8,0.456,0.0864,0.0394,0.05803982
28,2,高科技_3,high_tech,15670,0.0008,500,7794.7,1.218,0.0332,0.0404,0.05803982
28,3,高科技_4,high_tech,24234,0.0012,565,7635.0,1.646,0.0379,0.0625,0.05803982
28,4,高科技_5,high_tech,15721,0.0009,92,7303.4,0.877,0.0462,0.0405,0.05803982
28,5,传统制造_1,traditional,24432,0.0016,145,3673.9,0.754,0.0836,0.063,0.05803982
28,6,传统制造_2,traditional,27414,0.0005,227,3854.7,2.695,0.0262,0.0707,0.05803982
28,7,传统制造_3,traditional,21454,0.0016,196,4417.5,0.746,0.0741,0.0553,0.05803982
28,8,传统制造_4,traditional,21407,0.0037,144,4558.6,1.2,0.046,0.0552,0.05803982
28,9,传统制造_5,traditional,33104,0.0016,315,3048.2,1.121,0.0761,0.0853,0.05803982
28,10,传统制造_6,traditional,28095,0.0025,204,4103.8,1.24,0.0584,0.0724,0.05803982
28,11,传统制造_7,traditional,32412,0.0027,268,4339.5,1.325,0.0631,0.0835,0.05803982
28,12,传统制造_8,traditional,17877,0.0037,114,4544.8,0.929,0.0496,0.0461,0.05803982
28,13,传统制造_9,traditional,21317,0.0009,156,3997.0,3.201,0.0172,0.0549,0.05803982
28,14,传统制造_10,traditional,28064,0.0047,162,3298.6,3.133,0.0231,0.0723,0.05803982
28,15,服务产业_1,service,9101,0.0009,129,4860.0,0.777,0.0302,0.0235,0.05803982
28,16,服务产业_2,service,7382,0.0003,117,4121.2,0.21,0.0906,0.019,0.05803982
28,17,服务产业_3,service,8371,0.0014,48,4903.2,1.477,0.0146,0.0216,0.05803982
28,18,服务产业_4,service,10543,0.0009,250,4859.5,0.567,0.0479,0.0272,0.05803982
28,19,服务产业_5,service,12648,0.0003,81,5546.1,0.418,0.0779,0.0326,0.05803982
29,0,高科技_1,high_tech,16358,0.0004,290,7144.1,1.957,0.0178,0.0349,0.05477503999999999
29,1,高科技_2,high_tech,25322,0.0015,170,8652.0,0.625,0.0864,0.054,0.05477503999999999
29,2,高科技_3,high_tech,22938,0.0022,1093,7413.7,1.475,0.0332,0.0489,0.05477503999999999
29,3,高科技_4,high_tech,15093,0.0016,299,6334.8,0.848,0.0379,0.0322,0.05477503999999999
29,4,高科技_5,high_tech,20152,0.0023,120,8830.4,0.93,0.0462,0.043,0.05477503999999999
29,5,传统制造_1,traditional,26959,0.0028,213,5088.2,0.688,0.0836,0.0575,0.05477503999999999
29,6,传统制造_2,traditional,29881,0.0037,740,3358.5,2.43,0.0262,0.0637,0.05477503999999999
29,7,传统制造_3,traditional,35938,0.0026,284,3308.0,1.034,0.0741,0.0766,0.05477503999999999
29,8,传统制造_4,traditional,32409,0.0018,258,5054.9,1.503,0.046,0.0691,0.05477503999999999
29,9,传统制造_5,traditional,22956,0.0024,132,3795.3,0.643,0.0761,0.0489,0.05477503999999999
29,10,传统制造_6,traditional,34701,0.0041,291,3388.1,1.267,0.0584,0.074,0.05477503999999999
29,11,传统制造_7,traditional,29992,0.0017,379,4403.2,1.014,0.0631,0.0639,0.05477503999999999
29,12,传统制造_8,traditional,26927,0.0025,182,3606.6,1.158,0.0496,0.0574,0.05477503999999999
29,13,传统制造_9,traditional,25018,0.0012,272,4960.5,3.108,0.0172,0.0533,0.05477503999999999
29,14,传统制造_10,traditional,30795,0.0034,272,3489.3,2.844,0.0231,0.0657,0.05477503999999999
29,15,服务产业_1,service,15162,0.0016,119,5646.2,1.071,0.0302,0.0323,0.05477503999999999
29,16,服务产业_2,service,13431,0.0003,68,4261.3,0.316,0.0906,0.0286,0.05477503999999999
29,17,服务产业_3,service,15345,0.0007,196,5733.8,2.24,0.0146,0.0327,0.05477503999999999
29,18,服务产业_4,service,13321,0.0017,86,4155.0,0.593,0.0479,0.0284,0.05477503999999999
29,19,服务产业_5,service,16360,0.0034,85,4463.1,0.448,0.0779,0.0349,0.05477503999999999
30,0,高科技_1,high_tech,15302,0.0011,215,8960.7,1.994,0.0178,0.0355,0.05825145
30,1,高科技_2,high_tech,13424,0.001,149,7267.1,0.361,0.0864,0.0312,0.05825145
30,2,高科技_3,high_tech,11504,0.0015,159,7501.1,0.806,0.0332,0.0267,0.05825145
30,3,高科技_4,high_tech,20227,0.004,253,8324.2,1.238,0.0379,0.047,0.05825145
30,4,高科技_5,high_tech,13499,0.0012,275,7011.3,0.678,0.0462,0.0313,0.05825145
30,5,传统制造_1,traditional,28610,0.0016,357,5048.0,0.795,0.0836,0.0664,0.05825145
30,6,传统制造_2,traditional,24215,0.0036,201,5033.3,2.144,0.0262,0.0562,0.05825145
30,7,传统制造_3,traditional,28422,0.0026,547,4266.5,0.89,0.0741,0.066,0.05825145
30,8,传统制造_4,traditional,26716,0.0026,147,4258.1,1.349,0.046,0.062,0.05825145
30,9,传统制造_5,traditional,18780,0.0025,111,3396.8,0.573,0.0761,0.0436,0.05825145
30,10,传统制造_6,traditional,25894,0.0016,149,3905.1,1.03,0.0584,0.0601,0.05825145
30,11,传统制造_7,traditional,35757,0.0012,268,3842.8,1.317,0.0631,0.083,0.05825145
30,12,传统制造_8,traditional,39508,0.0022,311,4211.8,1.85,0.0496,0.0917,0.05825145
30,13,传统制造_9,traditional,30449,0.003,328,4469.8,4.119,0.0172,0.0707,0.05825145
30,14,传统制造_10,traditional,31323,0.0041,418,3421.4,3.15,0.0231,0.0727,0.05825145
30,15,服务产业_1,service,14429,0.0008,160,5670.2,1.11,0.0302,0.0335,0.05825145
30,16,服务产业_2,service,20074,0.001,106,4882.5,0.514,0.0906,0.0466,0.05825145
30,17,服务产业_3,service,10066,0.0017,121,4347.3,1.6,0.0146,0.0234,0.05825145
30,18,服务产业_4,service,9217,0.0006,252,4991.7,0.447,0.0479,0.0214,0.05825145
30,19,服务产业_5,service,13293,0.0007,76,5019.0,0.396,0.0779,0.0309,0.05825145
31,0,高科技_1,high_tech,80430,0.0064,748,8998.4,1.361,0.0178,0.0243,0.05385741000000001
31,1,高科技_2,high_tech,155074,0.0382,1781,9267.9,0.541,0.0864,0.0468,0.05385741000000001
31,2,高科技_3,high_tech,138165,0.0125,1110,8630.3,1.257,0.0332,0.0417,0.05385741000000001
31,3,高科技_4,high_tech,133465,0.007,3105,7907.7,1.061,0.0379,0.0402,0.05385741000000001
31,4,高科技_5,high_tech,256044,0.0115,1335,10119.9,1.671,0.0462,0.0772,0.05385741000000001
31,5,传统制造_1,traditional,230413,0.0116,1947,3946.8,0.831,0.0836,0.0695,0.05385741000000001
31,6,传统制造_2,traditional,161214,0.0132,5975,4606.4,1.854,0.0262,0.0486,0.05385741000000001
31,7,传统制造_3,traditional,130270,0.0114,1010,3624.7,0.53,0.0741,0.0393,0.05385741000000001
31,8,传统制造_4,traditional,233077,0.0168,11452,3579.3,1.529,0.046,0.0703,0.05385741000000001
31,9,传统制造_5,traditional,193050,0.0104,3882,5576.5,0.765,0.0761,0.0582,0.05385741000000001
31,10,传统制造_6,traditional,137428,0.0088,1293,5058.3,0.71,0.0584,0.0414,0.05385741000000001
31,11,传统制造_7,traditional,146170,0.0233,1386,3618.8,0.699,0.0631,0.0441,0.05385741000000001
31,12,传统制造_8,traditional,182473,0.0238,4436,5106.0,1.11,0.0496,0.055,0.05385741000000001
31,13,传统制造_9,traditional,241440,0.0175,8519,5768.8,4.242,0.0172,0.0728,0.05385741000000001
31,14,传统制造_10,traditional,165572,0.0068,886,4921.0,2.162,0.0231,0.0499,0.05385741000000001
31,15,服务产业_1,service,168523,0.0182,1362,5620.8,1.683,0.0302,0.0508,0.05385741000000001
31,16,服务产业_2,service,128983,0.0108,1501,6604.0,0.429,0.0906,0.0389,0.05385741000000001
31,17,服务产业_3,service,169279,0.0051,6721,5854.5,3.495,0.0146,0.051,0.05385741000000001
31,18,服务产业_4,service,89672,0.0063,705,5360.8,0.564,0.0479,0.027,0.05385741000000001
31,19,服务产业_5,service,175513,0.0127,910,6053.9,0.679,0.0779,0.0529,0.05385741000000001
32,0,高科技_1,high_tech,36380,0.0027,838,6451.0,2.604,0.0178,0.0464,0.058330660000000006
32,1,高科技_2,high_tech,30286,0.0014,399,8832.8,0.447,0.0864,0.0386,0.058330660000000006
32,2,高科技_3,high_tech,32129,0.0009,164,7318.9,1.236,0.0332,0.041,0.058330660000000006
32,3,高科技_4,high_tech,16333,0.001,754,8665.9,0.549,0.0379,0.0208,0.058330660000000006
32,4,高科技_5,high_tech,21945,0.0021,965,6486.8,0.606,0.0462,0.028,0.058330660000000006
32,5,传统制造_1,traditional,53657,0.0026,501,3212.0,0.819,0.0836,0.0684,0.058330660000000006
32,6,传统制造_2,traditional,54719,0.0047,692,4297.0,2.662,0.0262,0.0698,0.058330660000000006
32,7,传统制造_3,traditional,56988,0.0053,382,4620.4,0.981,0.0741,0.0727,0.058330660000000006
32,8,传统制造_4,traditional,67596,0.0076,356,3473.8,1.876,0.046,0.0862,0.058330660000000006
32,9,传统制造_5,traditional,51765,0.0034,281,4532.9,0.868,0.0761,0.066,0.058330660000000006
32,10,传统制造_6,traditional,56589,0.0038,407,3555.1,1.236,0.0584,0.0722,0.058330660000000006
32,11,传统制造_7,traditional,53382,0.0063,343,4264.6,1.08,0.0631,0.0681,0.058330660000000006
32,12,传统制造_8,traditional,50124,0.0098,419,4640.8,1.29,0.0496,0.0639,0.058330660000000006
32,13,传统制造_9,traditional,50535,0.0034,289,4713.0,3.755,0.0172,0.0645,0.058330660000000006
32,14,传统制造_10,traditional,44484,0.0017,1607,5097.1,2.457,0.0231,0.0567,0.058330660000000006
32,15,服务产业_1,service,23547,0.0031,184,4563.3,0.995,0.0302,0.03,0.058330660000000006
32,16,服务产业_2,service,22929,0.0005,119,5106.4,0.323,0.0906,0.0292,0.058330660000000006
32,17,服务产业_3,service,23337,0.0015,217,5725.0,2.038,0.0146,0.0298,0.058330660000000006
32,18,服务产业_4,service,13693,0.0005,86,5961.6,0.365,0.0479,0.0175,0.058330660000000006
32,19,服务产业_5,service,23656,0.0014,837,5858.8,0.387,0.0779,0.0302,0.058330660000000006
33,0,高科技_1,high_tech,6196,0.0003,31,9008.2,1.008,0.0178,0.018,0.06035574999999999
33,1,高科技_2,high_tech,10964,0.0006,86,6683.8,0.368,0.0864,0.0318,0.06035574999999999
33,2,高科技_3,high_tech,10884,0.0009,68,6285.7,0.951,0.0332,0.0315,0.06035574999999999
33,3,高科技_4,high_tech,12149,0.0004,84,6363.3,0.928,0.0379,0.0352,0.06035574999999999
33,4,高科技_5,high_tech,15290,0.0012,77,8329.6,0.959,0.0462,0.0443,0.06035574999999999
33,5,传统制造_1,traditional,21038,0.0028,192,3310.4,0.729,0.0836,0.061,0.06035574999999999
33,6,传统制造_2,traditional,30309,0.0014,165,3489.7,3.35,0.0262,0.0878,0.06035574999999999
33,7,传统制造_3,traditional,28670,0.0022,163,3638.7,1.121,0.0741,0.0831,0.06035574999999999
33,8,传统制造_4,traditional,14530,0.0008,98,4085.1,0.916,0.046,0.0421,0.06035574999999999
33,9,传统制造_5,traditional,22892,0.001,581,3302.1,0.872,0.0761,0.0663,0.06035574999999999
33,10,传统制造_6,traditional,26039,0.0009,150,4179.9,1.292,0.0584,0.0755,0.06035574999999999
33,11,传统制造_7,traditional,32527,0.0014,606,3082.8,1.495,0.0631,0.0943,0.06035574999999999
33,12,传统制造_8,traditional,18991,0.0016,110,4604.1,1.11,0.0496,0.055,0.06035574999999999
33,13,传统制造_9,traditional,16365,0.0009,100,3552.0,2.763,0.0172,0.0474,0.06035574999999999
33,14,传统制造_10,traditional,26096,0.0019,881,3820.7,3.275,0.0231,0.0756,0.06035574999999999
33,15,服务产业_1,service,7863,0.0002,94,5339.6,0.755,0.0302,0.0228,0.06035574999999999
33,16,服务产业_2,service,10316,0.0006,384,5599.3,0.33,0.0906,0.0299,0.06035574999999999
33,17,服务产业_3,service,8593,0.0007,74,5112.6,1.705,0.0146,0.0249,0.06035574999999999
33,18,服务产业_4,service,12928,0.0009,233,5407.1,0.782,0.0479,0.0375,0.06035574999999999
33,19,服务产业_5,service,12460,0.0011,74,5047.5,0.463,0.0779,0.0361,0.06035574999999999
34,0,高科技_1,high_tech,99180,0.0034,1316,7661.1,2.212,0.0178,0.0394,0.0551178
34,1,高科技_2,high_tech,150788,0.0093,1154,8772.4,0.693,0.0864,0.0599,0.0551178
34,2,高科技_3,high_tech,82419,0.0043,1459,9297.0,0.988,0.0332,0.0328,0.0551178
34,3,高科技_4,high_tech,92607,0.0051,1870,7431.7,0.97,0.0379,0.0368,0.0551178
34,4,高科技_5,high_tech,92834,0.0285,532,6694.0,0.799,0.0462,0.0369,0.0551178
34,5,传统制造_1,traditional,111946,0.0058,2838,3836.5,0.532,0.0836,0.0445,0.0551178
34,6,传统制造_2,traditional,184808,0.0056,2041,4966.5,2.801,0.0262,0.0734,0.0551178
34,7,传统制造_3,traditional,141232,0.0056,827,4869.5,0.757,0.0741,0.0561,0.0551178
34,8,传统制造_4,traditional,159146,0.0148,1252,4591.6,1.376,0.046,0.0632,0.0551178
34,9,传统制造_5,traditional,133223,0.007,893,5093.1,0.696,0.0761,0.0529,0.0551178
34,10,传统制造_6,traditional,203549,0.0076,5825,4080.8,1.385,0.0584,0.0809,0.0551178
34,11,传统制造_7,traditional,188642,0.0211,1276,3763.6,1.189,0.0631,0.075,0.0551178
34,12,传统制造_8,traditional,153100,0.0056,3085,4990.5,1.227,0.0496,0.0608,0.0551178
34,13,传统制造_9,traditional,114281,0.0069,682,4463.6,2.646,0.0172,0.0454,0.0551178
34,14,传统制造_10,traditional,173851,0.0175,2845,4045.5,2.992,0.0231,0.0691,0.0551178
34,15,服务产业_1,service,104330,0.008,4268,5108.3,1.374,0.0302,0.0415,0.0551178
34,16,服务产业_2,service,63068,0.0061,746,5987.4,0.277,0.0906,0.0251,0.0551178
34,17,服务产业_3,service,79158,0.0055,501,4535.3,2.154,0.0146,0.0315,0.0551178
34,18,服务产业_4,service,83679,0.0065,656,4248.9,0.694,0.0479,0.0333,0.0551178
34,19,服务产业_5,service,104412,0.0093,715,4341.7,0.532,0.0779,0.0415,0.0551178
35,0,高科技_1,high_tech,10951,0.0005,93,7421.4,2.515,0.0178,0.0448,0.05802997
35,1,高科技_2,high_tech,6768,0.0003,59,6831.4,0.321,0.0864,0.0277,0.05802997
35,2,高科技_3,high_tech,6536,0.0012,39,7826.4,0.807,0.0332,0.0268,0.05802997
35,3,高科技_4,high_tech,8754,0.0011,56,6555.4,0.944,0.0379,0.0358,0.05802997
35,4,高科技_5,high_tech,7544,0.0005,43,7724.2,0.668,0.0462,0.0309,0.05802997
35,5,传统制造_1,traditional,19862,0.0014,194,4557.2,0.973,0.0836,0.0813,0.05802997
35,6,传统制造_2,traditional,17654,0.0008,234,4983.1,2.756,0.0262,0.0723,0.05802997
35,7,传统制造_3,traditional,18136,0.0009,148,4208.6,1.001,0.0741,0.0742,0.05802997
35,8,传统制造_4,traditional,18414,0.0008,93,4982.5,1.64,0.046,0.0754,0.05802997
35,9,传统制造_5,traditional,13453,0.0023,84,3448.3,0.724,0.0761,0.0551,0.05802997
35,10,传统制造_6,traditional,15835,0.0008,585,4842.7,1.11,0.0584,0.0648,0.05802997
35,11,传统制造_7,traditional,17584,0.0038,91,4849.8,1.141,0.0631,0.072,0.05802997
35,12,传统制造_8,traditional,15500,0.0009,80,3236.2,1.28,0.0496,0.0634,0.05802997
35,13,传统制造_9,traditional,12708,0.0006,101,3999.9,3.031,0.0172,0.052,0.05802997
35,14,传统制造_10,traditional,18362,0.0015,237,3863.8,3.255,0.0231,0.0752,0.05802997
35,15,服务产业_1,service,6184,0.0003,106,5287.5,0.839,0.0302,0.0253,0.05802997
35,16,服务产业_2,service,6955,0.0009,40,4981.0,0.314,0.0906,0.0285,0.05802997
35,17,服务产业_3,service,7408,0.0008,60,5833.0,2.076,0.0146,0.0303,0.05802997
35,18,服务产业_4,service,8912,0.0004,55,4074.8,0.761,0.0479,0.0365,0.05802997
35,19,服务产业_5,service,6796,0.0006,39,5617.1,0.357,0.0779,0.0278,0.05802997
36,0,高科技_1,high_tech,30086,0.0007,387,7559.8,2.207,0.0178,0.0393,0.05623363
36,1,高科技_2,high_tech,32273,0.0023,446,7256.1,0.488,0.0864,0.0422,0.05623363
36,2,高科技_3,high_tech,32053,0.0024,180,9114.1,1.264,0.0332,0.0419,0.05623363
36,3,高科技_4,high_tech,41398,0.0066,222,6966.3,1.426,0.0379,0.0541,0.05623363
36,4,高科技_5,high_tech,18155,0.0046,104,7910.0,0.514,0.0462,0.0237,0.05623363
36,5,传统制造_1,traditional,41391,0.0012,632,4219.3,0.648,0.0836,0.0541,0.05623363
36,6,传统制造_2,traditional,52537,0.0102,935,4241.2,2.62,0.0262,0.0687,0.05623363
36,7,传统制造_3,traditional,43892,0.0049,379,4367.9,0.774,0.0741,0.0574,0.05623363
36,8,传统制造_4,traditional,53942,0.005,455,4932.1,1.534,0.046,0.0705,0.05623363
36,9,传统制造_5,traditional,40236,0.004,476,4106.0,0.691,0.0761,0.0526,0.05623363
36,10,传统制造_6,traditional,41869,0.0021,492,3322.6,0.937,0.0584,0.0547,0.05623363
36,11,传统制造_7,traditional,73089,0.0145,543,3487.9,1.515,0.0631,0.0956,0.05623363
36,12,传统制造_8,traditional,49385,0.0032,343,3376.2,1.302,0.0496,0.0646,0.05623363
36,13,传统制造_9,traditional,39634,0.0025,202,4654.2,3.019,0.0172,0.0518,0.05623363
36,14,传统制造_10,traditional,50570,0.0078,2366,4831.4,2.863,0.0231,0.0661,0.05623363
36,15,服务产业_1,service,30963,0.001,449,4269.5,1.341,0.0302,0.0405,0.05623363
36,16,服务产业_2,service,32002,0.0016,261,5860.7,0.462,0.0906,0.0418,0.05623363
36,17,服务产业_3,service,15608,0.0021,97,4815.5,1.397,0.0146,0.0204,0.05623363
36,18,服务产业_4,service,19875,0.0013,180,5383.5,0.542,0.0479,0.026,0.05623363
36,19,服务产业_5,service,25960,0.0031,792,5352.0,0.435,0.0779,0.0339,0.05623363
37,0,高科技_1,high_tech,5426,0.0005,47,8251.2,2.553,0.0178,0.0455,0.0557174
37,1,高科技_2,high_tech,4419,0.0003,39,6198.3,0.429,0.0864,0.0371,0.0557174
37,2,高科技_3,high_tech,2588,0.0004,19,8950.1,0.655,0.0332,0.0217,0.0557174
37,3,高科技_4,high_tech,3266,0.0001,25,6883.1,0.722,0.0379,0.0274,0.0557174
37,4,高科技_5,high_tech,6598,0.0006,61,8612.7,1.197,0.0462,0.0553,0.0557174
37,5,传统制造_1,traditional,7787,0.0009,123,3810.6,0.781,0.0836,0.0653,0.0557174
37,6,传统制造_2,traditional,6394,0.0003,44,3388.8,2.045,0.0262,0.0536,0.0557174
37,7,传统制造_3,traditional,8496,0.0006,106,3842.3,0.961,0.0741,0.0712,0.0557174
37,8,传统制造_4,traditional,7319,0.0004,89,3561.0,1.335,0.046,0.0614,0.0557174
37,9,传统制造_5,traditional,7885,0.0006,388,4398.5,0.869,0.0761,0.0661,0.0557174
37,10,传统制造_6,traditional,9075,0.0005,55,3089.1,1.303,0.0584,0.0761,0.0557174
37,11,传统制造_7,traditional,8743,0.0005,48,4389.0,1.162,0.0631,0.0733,0.0557174
37,12,传统制造_8,traditional,8245,0.0005,43,4252.4,1.394,0.0496,0.0691,0.0557174
37,13,传统制造_9,traditional,7185,0.0003,55,4321.1,3.51,0.0172,0.0602,0.0557174
37,14,传统制造_10,traditional,5272,0.0002,111,4389.8,1.915,0.0231,0.0442,0.0557174
37,15,服务产业_1,service,4949,0.0003,27,4616.4,1.375,0.0302,0.0415,0.0557174
37,16,服务产业_2,service,4899,0.0004,73,4797.0,0.453,0.0906,0.0411,0.0557174
37,17,服务产业_3,service,3364,0.0002,39,4079.3,1.931,0.0146,0.0282,0.0557174
37,18,服务产业_4,service,4041,0.0001,93,5439.6,0.707,0.0479,0.0339,0.0557174
37,19,服务产业_5,service,3317,0.0003,21,5797.8,0.357,0.0779,0.0278,0.0557174
38,0,高科技_1,high_tech,7648,0.0005,60,7166.4,1.89,0.0178,0.0337,0.06084233999999999
38,1,高科技_2,high_tech,7366,0.0004,68,7023.3,0.375,0.0864,0.0324,0.06084233999999999
38,2,高科技_3,high_tech,7578,0.0004,77,7778.1,1.007,0.0332,0.0334,0.06084233999999999
38,3,高科技_4,high_tech,6255,0.0009,32,7977.1,0.726,0.0379,0.0275,0.06084233999999999
38,4,高科技_5,high_tech,9287,0.0006,97,8274.2,0.885,0.0462,0.0409,0.06084233999999999
38,5,传统制造_1,traditional,13601,0.0007,135,4346.4,0.717,0.0836,0.0599,0.06084233999999999
38,6,传统制造_2,traditional,13811,0.0015,82,4944.2,2.32,0.0262,0.0608,0.06084233999999999
38,7,传统制造_3,traditional,17996,0.002,237,3883.2,1.069,0.0741,0.0793,0.06084233999999999
38,8,传统制造_4,traditional,15576,0.0007,196,4770.5,1.493,0.046,0.0686,0.06084233999999999
38,9,传统制造_5,traditional,16570,0.0007,529,3427.6,0.959,0.0761,0.073,0.06084233999999999
38,10,传统制造_6,traditional,10765,0.0016,73,3113.3,0.812,0.0584,0.0474,0.06084233999999999
38,11,传统制造_7,traditional,14655,0.0014,144,3390.9,1.024,0.0631,0.0645,0.06084233999999999
38,12,传统制造_8,traditional,21871,0.0017,131,3673.4,1.943,0.0496,0.0963,0.06084233999999999
38,13,传统制造_9,traditional,10538,0.0006,72,3397.4,2.704,0.0172,0.0464,0.06084233999999999
38,14,传统制造_10,traditional,22096,0.0028,190,3331.0,4.215,0.0231,0.0973,0.06084233999999999
38,15,服务产业_1,service,7249,0.0007,82,5800.9,1.058,0.0302,0.0319,0.06084233999999999
38,16,服务产业_2,service,5898,0.0003,156,5733.6,0.287,0.0906,0.026,0.06084233999999999
38,17,服务产业_3,service,6457,0.0003,132,5696.3,1.947,0.0146,0.0284,0.06084233999999999
38,18,服务产业_4,service,8899,0.0005,86,5461.7,0.818,0.0479,0.0392,0.06084233999999999
38,19,服务产业_5,service,2930,0.0001,19,5315.8,0.166,0.0779,0.0129,0.06084233999999999
39,0,高科技_1,high_tech,88339,0.0045,1515,7017.0,4.278,0.0178,0.0762,0.057472050000000004
39,1,高科技_2,high_tech,52634,0.0085,575,8466.7,0.526,0.0864,0.0454,0.057472050000000004
39,2,高科技_3,high_tech,48089,0.0035,523,6528.1,1.252,0.0332,0.0415,0.057472050000000004
39,3,高科技_4,high_tech,23380,0.0039,324,6518.6,0.532,0.0379,0.0202,0.057472050000000004
39,4,高科技_5,high_tech,17126,0.0013,265,6235.8,0.32,0.0462,0.0148,0.057472050000000004
39,5,传统制造_1,traditional,40276,0.0058,352,4639.2,0.416,0.0836,0.0348,0.057472050000000004
39,6,传统制造_2,traditional,74458,0.0038,373,4261.6,2.451,0.0262,0.0643,0.057472050000000004
39,7,传统制造_3,traditional,61685,0.0064,773,3899.1,0.718,0.0741,0.0532,0.057472050000000004
39,8,传统制造_4,traditional,69584,0.0051,447,3933.3,1.306,0.046,0.06,0.057472050000000004
39,9,传统制造_5,traditional,99224,0.0043,563,4072.0,1.125,0.0761,0.0856,0.057472050000000004
39,10,传统制造_6,traditional,85034,0.0073,2843,3228.0,1.257,0.0584,0.0734,0.057472050000000004
39,11,传统制造_7,traditional,76855,0.0076,468,3825.0,1.052,0.0631,0.0663,0.057472050000000004
39,12,传统制造_8,traditional,80083,0.0069,406,4755.9,1.394,0.0496,0.0691,0.057472050000000004
39,13,传统制造_9,traditional,66330,0.0043,440,3091.9,3.335,0.0172,0.0572,0.057472050000000004
39,14,传统制造_10,traditional,69688,0.006,743,3130.1,2.605,0.0231,0.0601,0.057472050000000004
39,15,服务产业_1,service,23909,0.0012,155,4982.6,0.683,0.0302,0.0206,0.057472050000000004
39,16,服务产业_2,service,43646,0.0026,1762,5429.9,0.416,0.0906,0.0377,0.057472050000000004
39,17,服务产业_3,service,52722,0.011,325,4441.2,3.115,0.0146,0.0455,0.057472050000000004
39,18,服务产业_4,service,48984,0.0057,640,5150.9,0.882,0.0479,0.0423,0.057472050000000004
39,19,服务产业_5,service,36771,0.0008,246,5591.7,0.407,0.0779,0.0317,0.057472050000000004
40,0,高科技_1,high_tech,70458,0.0059,390,7186.4,2.262,0.0178,0.0403,0.05592901000000001
40,1,高科技_2,high_tech,73954,0.0066,512,6668.9,0.49,0.0864,0.0423,0.05592901000000001
40,2,高科技_3,high_tech,39748,0.0014,271,6756.8,0.686,0.0332,0.0227,0.05592901000000001
40,3,高科技_4,high_tech,58174,0.0068,416,8544.3,0.877,0.0379,0.0333,0.05592901000000001
40,4,高科技_5,high_tech,56819,0.0052,497,8782.9,0.704,0.0462,0.0325,0.05592901000000001
40,5,传统制造_1,traditional,102557,0.0114,1440,4579.4,0.702,0.0836,0.0587,0.05592901000000001
40,6,传统制造_2,traditional,132330,0.0068,668,3903.5,2.888,0.0262,0.0757,0.05592901000000001
40,7,传统制造_3,traditional,141559,0.0222,4020,3792.8,1.093,0.0741,0.081,0.05592901000000001
40,8,传统制造_4,traditional,126435,0.0081,2939,4079.0,1.574,0.046,0.0723,0.05592901000000001
40,9,传统制造_5,traditional,105387,0.0055,658,3296.4,0.792,0.0761,0.0603,0.05592901000000001
40,10,传统制造_6,traditional,95860,0.0053,534,5092.3,0.939,0.0584,0.0548,0.05592901000000001
40,11,传统制造_7,traditional,114715,0.0088,1056,4772.4,1.041,0.0631,0.0656,0.05592901000000001
40,12,传统制造_8,traditional,119357,0.0037,1861,4750.0,1.377,0.0496,0.0683,0.05592901000000001
40,13,传统制造_9,traditional,107695,0.0132,1105,5089.9,3.59,0.0172,0.0616,0.05592901000000001
40,14,传统制造_10,traditional,97823,0.0149,554,4607.8,2.424,0.0231,0.056,0.05592901000000001
40,15,服务产业_1,service,68956,0.0168,533,5634.2,1.307,0.0302,0.0395,0.05592901000000001
40,16,服务产业_2,service,70424,0.0065,2318,4267.4,0.445,0.0906,0.0403,0.05592901000000001
40,17,服务产业_3,service,40162,0.0028,423,4531.2,1.573,0.0146,0.023,0.05592901000000001
40,18,服务产业_4,service,54030,0.0035,525,4826.4,0.645,0.0479,0.0309,0.05592901000000001
40,19,服务产业_5,service,71386,0.0053,1265,5141.3,0.524,0.0779,0.0408,0.05592901000000001
41,0,高科技_1,high_tech,33957,0.0045,349,6328.4,2.299,0.0178,0.041,0.05680734
41,1,高科技_2,high_tech,38683,0.0013,688,6234.8,0.54,0.0864,0.0467,0.05680734
41,2,高科技_3,high_tech,30231,0.0034,551,7805.9,1.1,0.0332,0.0365,0.05680734
41,3,高科技_4,high_tech,18993,0.0009,129,7869.5,0.604,0.0379,0.0229,0.05680734
41,4,高科技_5,high_tech,29331,0.0008,247,7759.8,0.766,0.0462,0.0354,0.05680734
41,5,传统制造_1,traditional,61406,0.0032,1142,4635.6,0.887,0.0836,0.0741,0.05680734
41,6,传统制造_2,traditional,61032,0.0042,390,4523.0,2.809,0.0262,0.0736,0.05680734
41,7,传统制造_3,traditional,53052,0.0021,542,4711.6,0.864,0.0741,0.064,0.05680734
41,8,传统制造_4,traditional,57941,0.0029,319,3379.9,1.521,0.046,0.0699,0.05680734
41,9,传统制造_5,traditional,46749,0.0073,553,4524.1,0.741,0.0761,0.0564,0.05680734
41,10,传统制造_6,traditional,61531,0.0038,508,3112.1,1.272,0.0584,0.0742,0.05680734
41,11,传统制造_7,traditional,49171,0.0054,566,3768.9,0.941,0.0631,0.0593,0.05680734
41,12,传统制造_8,traditional,45365,0.0032,486,3420.3,1.104,0.0496,0.0547,0.05680734
41,13,传统制造_9,traditional,63746,0.0033,945,5093.0,4.482,0.0172,0.0769,0.05680734
41,14,传统制造_10,traditional,54979,0.0026,1898,3174.0,2.873,0.0231,0.0663,0.05680734
41,15,服务产业_1,service,25810,0.0019,286,5898.8,1.032,0.0302,0.0311,0.05680734
41,16,服务产业_2,service,28664,0.0017,179,5665.4,0.382,0.0906,0.0346,0.05680734
41,17,服务产业_3,service,24862,0.0031,232,4949.3,2.054,0.0146,0.03,0.05680734
41,18,服务产业_4,service,19398,0.0011,239,5789.9,0.489,0.0479,0.0234,0.05680734
41,19,服务产业_5,service,23869,0.0012,199,4530.5,0.37,0.0779,0.0288,0.05680734
42,0,高科技_1,high_tech,19473,0.0012,325,8179.0,2.122,0.0178,0.0378,0.05702363
42,1,高科技_2,high_tech,14116,0.0018,117,6658.7,0.317,0.0864,0.0274,0.05702363
42,2,高科技_3,high_tech,25477,0.0017,537,8572.6,1.493,0.0332,0.0495,0.05702363
42,3,高科技_4,high_tech,22626,0.0032,514,9099.4,1.158,0.0379,0.0439,0.05702363
42,4,高科技_5,high_tech,22607,0.0039,223,6706.6,0.951,0.0462,0.0439,0.05702363
42,5,传统制造_1,traditional,39021,0.0023,249,3657.2,0.907,0.0836,0.0758,0.05702363
42,6,传统制造_2,traditional,43331,0.0018,683,4000.8,3.21,0.0262,0.0842,0.05702363
42,7,传统制造_3,traditional,34472,0.0039,206,4320.0,0.903,0.0741,0.067,0.05702363
42,8,传统制造_4,traditional,26743,0.0021,215,4340.3,1.13,0.046,0.0519,0.05702363
42,9,传统制造_5,traditional,34103,0.0023,407,4202.5,0.871,0.0761,0.0662,0.05702363
42,10,传统制造_6,traditional,23797,0.0012,138,4451.6,0.792,0.0584,0.0462,0.05702363
42,11,传统制造_7,traditional,28020,0.0019,199,3461.7,0.863,0.0631,0.0544,0.05702363
42,12,传统制造_8,traditional,47098,0.0019,327,3747.5,1.845,0.0496,0.0915,0.05702363
42,13,传统制造_9,traditional,27746,0.0029,573,4918.1,3.14,0.0172,0.0539,0.05702363
42,14,传统制造_10,traditional,27224,0.0023,710,4465.3,2.29,0.0231,0.0529,0.05702363
42,15,服务产业_1,service,18849,0.0011,472,5127.7,1.213,0.0302,0.0366,0.05702363
42,16,服务产业_2,service,19630,0.0017,212,4119.3,0.421,0.0906,0.0381,0.05702363
42,17,服务产业_3,service,9420,0.0006,70,4997.5,1.253,0.0146,0.0183,0.05702363
42,18,服务产业_4,service,17150,0.0011,182,5015.8,0.695,0.0479,0.0333,0.05702363
42,19,服务产业_5,service,13932,0.0018,79,5287.1,0.347,0.0779,0.0271,0.05702363
43,0,高科技_1,high_tech,18845,0.0018,111,8058.7,2.784,0.0178,0.0496,0.055634209999999996
43,1,高科技_2,high_tech,17679,0.0017,119,8880.1,0.538,0.0864,0.0465,0.055634209999999996
43,2,高科技_3,high_tech,12935,0.0005,284,7470.0,1.027,0.0332,0.034,0.055634209999999996
43,3,高科技_4,high_tech,16197,0.0014,97,8568.9,1.123,0.0379,0.0426,0.055634209999999996
43,4,高科技_5,high_tech,11173,0.001,359,8309.2,0.637,0.0462,0.0294,0.055634209999999996
43,5,传统制造_1,traditional,22436,0.0022,197,4534.0,0.707,0.0836,0.0591,0.055634209999999996
43,6,传统制造_2,traditional,26685,0.0006,624,4898.1,2.679,0.0262,0.0702,0.055634209999999996
43,7,传统制造_3,traditional,26777,0.0006,306,4240.6,0.951,0.0741,0.0705,0.055634209999999996
43,8,传统制造_4,traditional,22855,0.0013,129,3481.5,1.309,0.046,0.0602,0.055634209999999996
43,9,传统制造_5,traditional,26498,0.0011,464,3585.2,0.917,0.0761,0.0697,0.055634209999999996
43,10,传统制造_6,traditional,31401,0.0033,609,4463.8,1.416,0.0584,0.0827,0.055634209999999996
43,11,传统制造_7,traditional,21031,0.0058,114,3459.6,0.878,0.0631,0.0554,0.055634209999999996
43,12,传统制造_8,traditional,29007,0.0033,366,4312.9,1.54,0.0496,0.0764,0.055634209999999996
43,13,传统制造_9,traditional,18590,0.0033,321,4753.0,2.851,0.0172,0.0489,0.055634209999999996
43,14,传统制造_10,traditional,16971,0.0013,219,4849.5,1.935,0.0231,0.0447,0.055634209999999996
43,15,服务产业_1,service,12225,0.0007,111,5707.1,1.066,0.0302,0.0322,0.055634209999999996
43,16,服务产业_2,service,11181,0.0007,62,5551.9,0.325,0.0906,0.0294,0.055634209999999996
43,17,服务产业_3,service,11692,0.0011,296,4284.5,2.107,0.0146,0.0308,0.055634209999999996
43,18,服务产业_4,service,11646,0.0008,106,5887.9,0.64,0.0479,0.0307,0.055634209999999996
43,19,服务产业_5,service,14081,0.002,77,4302.4,0.476,0.0779,0.0371,0.055634209999999996
44,0,高科技_1,high_tech,11734,0.0005,74,8389.2,2.529,0.0178,0.0451,0.05785301
44,1,高科技_2,high_tech,8669,0.0006,47,8162.5,0.385,0.0864,0.0333,0.05785301
44,2,高科技_3,high_tech,11022,0.0008,123,8292.0,1.277,0.0332,0.0423,0.05785301
44,3,高科技_4,high_tech,11742,0.0006,92,8221.5,1.188,0.0379,0.0451,0.05785301
44,4,高科技_5,high_tech,10117,0.0007,103,8993.1,0.841,0.0462,0.0389,0.05785301
44,5,传统制造_1,traditional,15360,0.0006,655,4658.1,0.706,0.0836,0.059,0.05785301
44,6,传统制造_2,traditional,13988,0.0019,98,4279.6,2.049,0.0262,0.0537,0.05785301
44,7,传统制造_3,traditional,19452,0.0009,122,3484.2,1.008,0.0741,0.0747,0.05785301
44,8,传统制造_4,traditional,15714,0.0023,114,4212.4,1.313,0.046,0.0604,0.05785301
44,9,传统制造_5,traditional,22248,0.0032,371,4855.7,1.123,0.0761,0.0855,0.05785301
44,10,传统制造_6,traditional,12829,0.0021,324,3747.7,0.844,0.0584,0.0493,0.05785301
44,11,传统制造_7,traditional,23215,0.0005,118,4118.4,1.414,0.0631,0.0892,0.05785301
44,12,传统制造_8,traditional,18561,0.0018,103,4160.7,1.438,0.0496,0.0713,0.05785301
44,13,传统制造_9,traditional,15235,0.0012,222,3252.0,3.409,0.0172,0.0585,0.05785301
44,14,传统制造_10,traditional,16715,0.0008,129,3755.9,2.781,0.0231,0.0642,0.05785301
44,15,服务产业_1,service,7211,0.0005,148,5871.1,0.918,0.0302,0.0277,0.05785301
44,16,服务产业_2,service,8516,0.0009,87,5687.6,0.361,0.0906,0.0327,0.05785301
44,17,服务产业_3,service,5271,0.0002,36,4270.2,1.386,0.0146,0.0202,0.05785301
44,18,服务产业_4,service,5776,0.0002,38,5117.9,0.463,0.0479,0.0222,0.05785301
44,19,服务产业_5,service,6982,0.0004,85,4685.1,0.344,0.0779,0.0268,0.05785301
45,0,高科技_1,high_tech,10273,0.0008,52,8583.5,1.7,0.0178,0.0303,0.05710490000000001
45,1,高科技_2,high_tech,9996,0.0008,109,6406.1,0.341,0.0864,0.0295,0.05710490000000001
45,2,高科技_3,high_tech,13675,0.0011,78,7247.2,1.216,0.0332,0.0403,0.05710490000000001
45,3,高科技_4,high_tech,16129,0.002,639,6231.1,1.253,0.0379,0.0476,0.05710490000000001
45,4,高科技_5,high_tech,14482,0.0007,93,7345.3,0.924,0.0462,0.0427,0.05710490000000001
45,5,传统制造_1,traditional,19179,0.0017,158,4657.6,0.677,0.0836,0.0566,0.05710490000000001
45,6,传统制造_2,traditional,27142,0.0015,179,4894.8,3.053,0.0262,0.08,0.05710490000000001
45,7,传统制造_3,traditional,20712,0.0007,286,4296.3,0.824,0.0741,0.0611,0.05710490000000001
45,8,传统制造_4,traditional,23218,0.0018,128,4938.0,1.49,0.046,0.0685,0.05710490000000001
45,9,传统制造_5,traditional,22799,0.0021,121,4571.1,0.884,0.0761,0.0672,0.05710490000000001
45,10,传统制造_6,traditional,22918,0.0011,381,3553.6,1.157,0.0584,0.0676,0.05710490000000001
45,11,传统制造_7,traditional,24712,0.0019,950,3242.3,1.156,0.0631,0.0729,0.05710490000000001
45,12,传统制造_8,traditional,24425,0.0014,483,3146.1,1.453,0.0496,0.072,0.05710490000000001
45,13,传统制造_9,traditional,24089,0.0016,253,4698.3,4.139,0.0172,0.071,0.05710490000000001
45,14,传统制造_10,traditional,18829,0.0009,128,4561.7,2.405,0.0231,0.0555,0.05710490000000001
45,15,服务产业_1,service,7066,0.0008,60,5681.3,0.69,0.0302,0.0208,0.05710490000000001
45,16,服务产业_2,service,10706,0.0009,100,5677.7,0.348,0.0906,0.0316,0.05710490000000001
45,17,服务产业_3,service,9782,0.0005,227,4478.3,1.975,0.0146,0.0288,0.05710490000000001
45,18,服务产业_4,service,11009,0.0011,314,5552.5,0.678,0.0479,0.0325,0.05710490000000001
45,19,服务产业_5,service,7983,0.0006,140,4261.4,0.302,0.0779,0.0235,0.05710490000000001
46,0,高科技_1,high_tech,16800,0.0021,113,8021.4,2.901,0.0178,0.0517,0.061102290000000004
46,1,高科技_2,high_tech,5413,0.0001,30,9116.6,0.193,0.0864,0.0167,0.061102290000000004
46,2,高科技_3,high_tech,13360,0.0028,141,7265.5,1.24,0.0332,0.0411,0.061102290000000004
46,3,高科技_4,high_tech,15622,0.0014,132,8855.4,1.267,0.0379,0.0481,0.061102290000000004
46,4,高科技_5,high_tech,5281,0.0003,38,6659.9,0.352,0.0462,0.0163,0.061102290000000004
46,5,传统制造_1,traditional,21731,0.0008,127,4399.4,0.8,0.0836,0.0669,0.061102290000000004
46,6,传统制造_2,traditional,26377,0.0038,375,4619.6,3.096,0.0262,0.0812,0.061102290000000004
46,7,传统制造_3,traditional,18726,0.0009,572,3913.4,0.778,0.0741,0.0576,0.061102290000000004
46,8,传统制造_4,traditional,23231,0.0025,149,4756.5,1.555,0.046,0.0715,0.061102290000000004
46,9,传统制造_5,traditional,17937,0.001,130,4662.0,0.726,0.0761,0.0552,0.061102290000000004
46,10,传统制造_6,traditional,22192,0.0042,866,4835.4,1.17,0.0584,0.0683,0.061102290000000004
46,11,传统制造_7,traditional,27680,0.0015,193,4805.7,1.351,0.0631,0.0852,0.061102290000000004
46,12,传统制造_8,traditional,29523,0.0015,427,4670.7,1.833,0.0496,0.0909,0.061102290000000004
46,13,传统制造_9,traditional,23172,0.0028,435,3271.4,4.155,0.0172,0.0713,0.061102290000000004
46,14,传统制造_10,traditional,16407,0.0005,127,3189.5,2.187,0.0231,0.0505,0.061102290000000004
46,15,服务产业_1,service,8904,0.0006,59,5080.5,0.908,0.0302,0.0274,0.061102290000000004
46,16,服务产业_2,service,5277,0.0003,27,5883.3,0.179,0.0906,0.0162,0.061102290000000004
46,17,服务产业_3,service,8944,0.0009,55,4221.7,1.885,0.0146,0.0275,0.061102290000000004
46,18,服务产业_4,service,11982,0.0005,267,6092.4,0.77,0.0479,0.0369,0.061102290000000004
46,19,服务产业_5,service,6364,0.0003,136,4702.6,0.251,0.0779,0.0196,0.061102290000000004
47,0,高科技_1,high_tech,126650,0.0087,908,6542.3,2.694,0.0178,0.048,0.053507519999999996
47,1,高科技_2,high_tech,111051,0.0095,924,7167.8,0.487,0.0864,0.0421,0.053507519999999996
47,2,高科技_3,high_tech,139695,0.0125,842,8722.9,1.598,0.0332,0.053,0.053507519999999996
47,3,高科技_4,high_tech,77511,0.0045,3521,7340.5,0.774,0.0379,0.0294,0.053507519999999996
47,4,高科技_5,high_tech,117995,0.0176,756,8442.3,0.968,0.0462,0.0447,0.053507519999999996
47,5,传统制造_1,traditional,143286,0.0064,884,4127.8,0.65,0.0836,0.0543,0.053507519999999996
47,6,传统制造_2,traditional,211174,0.0109,2179,4139.2,3.054,0.0262,0.0801,0.053507519999999996
47,7,传统制造_3,traditional,133790,0.0102,1028,4022.0,0.684,0.0741,0.0507,0.053507519999999996
47,8,传统制造_4,traditional,109161,0.0055,2475,4714.0,0.9,0.046,0.0414,0.053507519999999996
47,9,传统制造_5,traditional,148580,0.0075,1125,4453.2,0.74,0.0761,0.0563,0.053507519999999996
47,10,传统制造_6,traditional,130580,0.0032,824,5187.4,0.848,0.0584,0.0495,0.053507519999999996
47,11,传统制造_7,traditional,173159,0.0166,1745,4088.8,1.041,0.0631,0.0656,0.053507519999999996
47,12,传统制造_8,traditional,187928,0.0176,1560,5328.7,1.437,0.0496,0.0712,0.053507519999999996
47,13,传统制造_9,traditional,192907,0.0089,1541,3830.8,4.261,0.0172,0.0731,0.053507519999999996
47,14,传统制造_10,traditional,96442,0.0083,642,3488.0,1.584,0.0231,0.0366,0.053507519999999996
47,15,服务产业_1,service,115876,0.0087,1417,4923.2,1.455,0.0302,0.0439,0.053507519999999996
47,16,服务产业_2,service,103727,0.009,625,4661.0,0.434,0.0906,0.0393,0.053507519999999996
47,17,服务产业_3,service,115366,0.0143,628,4408.4,2.995,0.0146,0.0437,0.053507519999999996
47,18,服务产业_4,service,119733,0.0098,1283,4430.8,0.947,0.0479,0.0454,0.053507519999999996
47,19,服务产业_5,service,83011,0.0075,514,5338.8,0.404,0.0779,0.0315,0.053507519999999996
48,0,高科技_1,high_tech,32341,0.0062,707,8721.0,1.27,0.0178,0.0226,0.05827043
48,1,高科技_2,high_tech,27998,0.0029,423,8334.1,0.227,0.0864,0.0196,0.05827043
48,2,高科技_3,high_tech,91890,0.0161,3163,8511.2,1.939,0.0332,0.0643,0.05827043
48,3,高科技_4,high_tech,52851,0.0066,323,7682.2,0.975,0.0379,0.037,0.05827043
48,4,高科技_5,high_tech,56326,0.0017,301,8552.2,0.853,0.0462,0.0394,0.05827043
48,5,传统制造_1,traditional,94438,0.0042,647,5019.7,0.791,0.0836,0.0661,0.05827043
48,6,传统制造_2,traditional,96609,0.0133,673,5165.8,2.578,0.0262,0.0676,0.05827043
48,7,传统制造_3,traditional,98737,0.0035,1019,3932.3,0.932,0.0741,0.0691,0.05827043
48,8,传统制造_4,traditional,96686,0.0037,2918,5101.0,1.472,0.046,0.0677,0.05827043
48,9,传统制造_5,traditional,102554,0.0078,536,3777.3,0.943,0.0761,0.0718,0.05827043
48,10,传统制造_6,traditional,86491,0.0077,834,3567.1,1.037,0.0584,0.0605,0.05827043
48,11,传统制造_7,traditional,101636,0.0087,2343,3395.6,1.128,0.0631,0.0711,0.05827043
48,12,传统制造_8,traditional,115358,0.0067,796,4219.0,1.628,0.0496,0.0807,0.05827043
48,13,传统制造_9,traditional,86969,0.012,955,3360.4,3.546,0.0172,0.0609,0.05827043
48,14,传统制造_10,traditional,91737,0.0109,552,3162.9,2.78,0.0231,0.0642,0.05827043
48,15,服务产业_1,service,34801,0.002,769,5703.2,0.807,0.0302,0.0244,0.05827043
48,16,服务产业_2,service,39024,0.0053,321,5488.3,0.301,0.0906,0.0273,0.05827043
48,17,服务产业_3,service,44291,0.0016,1493,6065.8,2.122,0.0146,0.031,0.05827043
48,18,服务产业_4,service,36740,0.0035,225,4637.7,0.537,0.0479,0.0257,0.05827043
48,19,服务产业_5,service,41642,0.0038,233,4287.7,0.374,0.0779,0.0291,0.05827043
49,0,高科技_1,high_tech,3139,0.0005,35,6104.6,1.774,0.0178,0.0316,0.06029694000000001
49,1,高科技_2,high_tech,1394,0.0001,11,8570.2,0.162,0.0864,0.014,0.06029694000000001
49,2,高科技_3,high_tech,3813,0.0002,44,6287.4,1.158,0.0332,0.0384,0.06029694000000001
49,3,高科技_4,high_tech,2892,0.0003,77,7876.8,0.767,0.0379,0.0291,0.06029694000000001
49,4,高科技_5,high_tech,3871,0.0001,38,7194.9,0.844,0.0462,0.039,0.06029694000000001
49,5,传统制造_1,traditional,7238,0.0007,49,4744.1,0.872,0.0836,0.0729,0.06029694000000001
49,6,传统制造_2,traditional,5219,0.0004,30,3488.6,2.004,0.0262,0.0525,0.06029694000000001
49,7,传统制造_3,traditional,9566,0.0005,53,3233.6,1.299,0.0741,0.0963,0.06029694000000001
49,8,传统制造_4,traditional,6301,0.0004,80,3309.2,1.38,0.046,0.0634,0.06029694000000001
49,9,传统制造_5,traditional,8799,0.0004,65,4948.2,1.164,0.0761,0.0886,0.06029694000000001
49,10,传统制造_6,traditional,6232,0.0002,42,3300.4,1.075,0.0584,0.0627,0.06029694000000001
49,11,传统制造_7,traditional,7278,0.0011,58,3955.6,1.162,0.0631,0.0733,0.06029694000000001
49,12,传统制造_8,traditional,7663,0.0011,185,4082.8,1.556,0.0496,0.0771,0.06029694000000001
49,13,传统制造_9,traditional,4325,0.0002,24,3417.8,2.537,0.0172,0.0435,0.06029694000000001
49,14,传统制造_10,traditional,6363,0.0007,40,3581.7,2.775,0.0231,0.0641,0.06029694000000001
49,15,服务产业_1,service,3174,0.0001,37,5503.0,1.059,0.0302,0.032,0.06029694000000001
49,16,服务产业_2,service,3022,0.0004,62,4843.0,0.336,0.0906,0.0304,0.06029694000000001
49,17,服务产业_3,service,3005,0.0001,20,4940.6,2.072,0.0146,0.0303,0.06029694000000001
49,18,服务产业_4,service,3653,0.0003,50,4220.3,0.768,0.0479,0.0368,0.06029694000000001
49,19,服务产业_5,service,2380,0.0002,109,4108.3,0.308,0.0779,0.024,0.06029694000000001
50,0,高科技_1,high_tech,48875,0.0034,738,8083.5,1.801,0.0178,0.0321,0.05715519
50,1,高科技_2,high_tech,67174,0.0081,1264,8656.9,0.511,0.0864,0.0441,0.05715519
50,2,高科技_3,high_tech,63895,0.0075,652,7933.5,1.266,0.0332,0.042,0.05715519
50,3,高科技_4,high_tech,55672,0.0057,1446,8337.5,0.964,0.0379,0.0366,0.05715519
50,4,高科技_5,high_tech,53971,0.0116,312,8600.2,0.767,0.0462,0.0354,0.05715519
50,5,传统制造_1,traditional,116045,0.0019,997,3836.5,0.912,0.0836,0.0762,0.05715519
50,6,传统制造_2,traditional,95622,0.0026,2022,4437.7,2.396,0.0262,0.0628,0.05715519
50,7,传统制造_3,traditional,106575,0.0055,737,5110.7,0.944,0.0741,0.07,0.05715519
50,8,传统制造_4,traditional,101848,0.0078,1897,4460.1,1.455,0.046,0.0669,0.05715519
50,9,传统制造_5,traditional,62556,0.0046,314,4426.4,0.54,0.0761,0.0411,0.05715519
50,10,传统制造_6,traditional,131209,0.0154,761,5044.3,1.476,0.0584,0.0862,0.05715519
50,11,传统制造_7,traditional,70918,0.0012,697,4699.5,0.739,0.0631,0.0466,0.05715519
50,12,传统制造_8,traditional,72359,0.0049,665,5160.8,0.959,0.0496,0.0475,0.05715519
50,13,传统制造_9,traditional,131998,0.0114,1578,4383.7,5.052,0.0172,0.0867,0.05715519
50,14,传统制造_10,traditional,87132,0.004,527,3956.1,2.479,0.0231,0.0572,0.05715519
50,15,服务产业_1,service,26088,0.0024,237,5465.7,0.568,0.0302,0.0171,0.05715519
50,16,服务产业_2,service,72391,0.0023,611,4853.4,0.525,0.0906,0.0475,0.05715519
50,17,服务产业_3,service,45598,0.0022,464,4360.4,2.051,0.0146,0.0299,0.05715519
50,18,服务产业_4,service,70727,0.0045,2026,5770.1,0.97,0.0479,0.0465,0.05715519
50,19,服务产业_5,service,41838,0.0054,1777,5375.7,0.353,0.0779,0.0275,0.05715519
51,0,高科技_1,high_tech,12369,0.0008,77,6837.9,1.524,0.0178,0.0272,0.05895882
51,1,高科技_2,high_tech,20180,0.0009,306,6550.7,0.513,0.0864,0.0443,0.05895882
51,2,高科技_3,high_tech,11441,0.0005,72,7881.7,0.758,0.0332,0.0251,0.05895882
51,3,高科技_4,high_tech,10657,0.0011,68,8725.0,0.616,0.0379,0.0234,0.05895882
51,4,高科技_5,high_tech,14042,0.0014,77,7769.4,0.667,0.0462,0.0308,0.05895882
51,5,传统制造_1,traditional,45086,0.0029,314,3886.1,1.184,0.0836,0.099,0.05895882
51,6,传统制造_2,traditional,31190,0.0032,399,3706.8,2.611,0.0262,0.0685,0.05895882
51,7,传统制造_3,traditional,31495,0.0064,229,4995.6,0.933,0.0741,0.0691,0.05895882
51,8,传统制造_4,traditional,33847,0.002,205,3300.4,1.616,0.046,0.0743,0.05895882
51,9,传统制造_5,traditional,33302,0.0013,167,4429.3,0.961,0.0761,0.0731,0.05895882
51,10,传统制造_6,traditional,30435,0.0012,172,4433.6,1.144,0.0584,0.0668,0.05895882
51,11,传统制造_7,traditional,25659,0.0015,653,3781.5,0.893,0.0631,0.0563,0.05895882
51,12,传统制造_8,traditional,29024,0.0023,304,3526.9,1.285,0.0496,0.0637,0.05895882
51,13,传统制造_9,traditional,30505,0.002,269,3135.8,3.902,0.0172,0.067,0.05895882
51,14,传统制造_10,traditional,22813,0.0012,121,3817.1,2.169,0.0231,0.0501,0.05895882
51,15,服务产业_1,service,13273,0.0007,106,5089.8,0.965,0.0302,0.0291,0.05895882
51,16,服务产业_2,service,14715,0.0006,352,4232.7,0.357,0.0906,0.0323,0.05895882
51,17,服务产业_3,service,12150,0.0014,221,5048.9,1.826,0.0146,0.0267,0.05895882
51,18,服务产业_4,service,18373,0.0011,726,5343.2,0.842,0.0479,0.0403,0.05895882
51,19,服务产业_5,service,14994,0.0005,84,4163.8,0.422,0.0779,0.0329,0.05895882
52,0,高科技_1,high_tech,14101,0.0007,84,7284.2,1.459,0.0178,0.026,0.05872757
52,1,高科技_2,high_tech,12104,0.0003,445,7148.2,0.258,0.0864,0.0223,0.05872757
52,2,高科技_3,high_tech,23163,0.001,282,8913.4,1.289,0.0332,0.0427,0.05872757
52,3,高科技_4,high_tech,16899,0.0011,96,7429.6,0.821,0.0379,0.0312,0.05872757
52,4,高科技_5,high_tech,18865,0.0009,121,7520.3,0.753,0.0462,0.0348,0.05872757
52,5,传统制造_1,traditional,34841,0.0033,232,4341.7,0.769,0.0836,0.0643,0.05872757
52,6,传统制造_2,traditional,34378,0.0035,279,4625.6,2.418,0.0262,0.0634,0.05872757
52,7,传统制造_3,traditional,31453,0.0018,851,4283.6,0.783,0.0741,0.058,0.05872757
52,8,传统制造_4,traditional,43864,0.0047,229,3150.6,1.76,0.046,0.0809,0.05872757
52,9,传统制造_5,traditional,48702,0.0029,323,3246.1,1.181,0.0761,0.0898,0.05872757
52,10,传统制造_6,traditional,43395,0.0024,287,3629.9,1.371,0.0584,0.08,0.05872757
52,11,传统制造_7,traditional,33795,0.0017,265,4195.7,0.988,0.0631,0.0623,0.05872757
52,12,传统制造_8,traditional,33331,0.0039,807,4811.8,1.24,0.0496,0.0615,0.05872757
52,13,传统制造_9,traditional,41005,0.001,715,4820.0,4.406,0.0172,0.0756,0.05872757
52,14,传统制造_10,traditional,28552,0.007,430,3487.8,2.281,0.0231,0.0527,0.05872757
52,15,服务产业_1,service,20676,0.0019,190,4591.5,1.263,0.0302,0.0381,0.05872757
52,16,服务产业_2,service,17349,0.0006,252,4640.8,0.353,0.0906,0.032,0.05872757
52,17,服务产业_3,service,13471,0.0004,69,5239.7,1.701,0.0146,0.0248,0.05872757
52,18,服务产业_4,service,15504,0.0011,91,5287.2,0.597,0.0479,0.0286,0.05872757
52,19,服务产业_5,service,16753,0.0012,127,4332.3,0.396,0.0779,0.0309,0.05872757
53,0,高科技_1,high_tech,46205,0.0024,264,7465.4,2.395,0.0178,0.0427,0.05605685
53,1,高科技_2,high_tech,51476,0.0053,329,7086.5,0.55,0.0864,0.0475,0.05605685
53,2,高科技_3,high_tech,43215,0.0018,1805,8827.1,1.204,0.0332,0.0399,0.05605685
53,3,高科技_4,high_tech,33623,0.0034,193,9034.0,0.818,0.0379,0.0311,0.05605685
53,4,高科技_5,high_tech,43940,0.0025,419,7551.7,0.878,0.0462,0.0406,0.05605685
53,5,传统制造_1,traditional,64966,0.0075,654,4906.5,0.718,0.0836,0.06,0.05605685
53,6,传统制造_2,traditional,61000,0.0019,1403,4547.1,2.149,0.0262,0.0563,0.05605685
53,7,传统制造_3,traditional,94075,0.0049,2675,3264.1,1.172,0.0741,0.0869,0.05605685
53,8,传统制造_4,traditional,78347,0.0103,1403,5137.5,1.574,0.046,0.0724,0.05605685
53,9,传统制造_5,traditional,46002,0.0058,284,4571.4,0.558,0.0761,0.0425,0.05605685
53,10,传统制造_6,traditional,25918,0.0015,254,4955.6,0.41,0.0584,0.0239,0.05605685
53,11,传统制造_7,traditional,73732,0.0115,3000,4813.9,1.08,0.0631,0.0681,0.05605685
53,12,传统制造_8,traditional,66423,0.0022,844,4405.5,1.237,0.0496,0.0613,0.05605685
53,13,传统制造_9,traditional,76401,0.0017,539,3472.3,4.111,0.0172,0.0706,0.05605685
53,14,传统制造_10,traditional,79730,0.0031,496,4276.3,3.189,0.0231,0.0736,0.05605685
53,15,服务产业_1,service,38972,0.0097,400,5287.5,1.192,0.0302,0.036,0.05605685
53,16,服务产业_2,service,31465,0.0034,413,4259.7,0.321,0.0906,0.0291,0.05605685
53,17,服务产业_3,service,48590,0.0036,349,5444.1,3.073,0.0146,0.0449,0.05605685
53,18,服务产业_4,service,27712,0.0011,271,5852.9,0.534,0.0479,0.0256,0.05605685
53,19,服务产业_5,service,50989,0.0039,292,5925.0,0.604,0.0779,0.0471,0.05605685
54,0,高科技_1,high_tech,152907,0.0073,1234,7589.7,3.266,0.0178,0.0582,0.053651199999999996
54,1,高科技_2,high_tech,114557,0.0042,679,7933.9,0.504,0.0864,0.0436,0.053651199999999996
54,2,高科技_3,high_tech,151668,0.0028,1998,8738.8,1.741,0.0332,0.0577,0.053651199999999996
54,3,高科技_4,high_tech,142490,0.011,2323,8625.6,1.429,0.0379,0.0542,0.053651199999999996
54,4,高科技_5,high_tech,87181,0.004,3752,6957.7,0.718,0.0462,0.0332,0.053651199999999996
54,5,传统制造_1,traditional,150117,0.0115,956,4029.4,0.684,0.0836,0.0571,0.053651199999999996
54,6,传统制造_2,traditional,199715,0.0148,7712,5016.2,2.899,0.0262,0.076,0.053651199999999996
54,7,传统制造_3,traditional,109265,0.0163,579,3365.8,0.561,0.0741,0.0416,0.053651199999999996
54,8,传统制造_4,traditional,163153,0.0169,817,5080.8,1.351,0.046,0.0621,0.053651199999999996
54,9,传统制造_5,traditional,163438,0.0077,4322,4505.5,0.818,0.0761,0.0622,0.053651199999999996
54,10,传统制造_6,traditional,133771,0.0176,1094,3831.9,0.872,0.0584,0.0509,0.053651199999999996
54,11,传统制造_7,traditional,130825,0.02,932,4764.6,0.79,0.0631,0.0498,0.053651199999999996
54,12,传统制造_8,traditional,134711,0.0095,2266,4371.8,1.034,0.0496,0.0513,0.053651199999999996
54,13,传统制造_9,traditional,161492,0.0471,3748,3362.6,3.581,0.0172,0.0615,0.053651199999999996
54,14,传统制造_10,traditional,183313,0.0192,1339,5191.6,3.022,0.0231,0.0698,0.053651199999999996
54,15,服务产业_1,service,96965,0.0124,1095,5130.9,1.223,0.0302,0.0369,0.053651199999999996
54,16,服务产业_2,service,56109,0.0026,499,5939.7,0.236,0.0906,0.0214,0.053651199999999996
54,17,服务产业_3,service,112656,0.0025,1903,5204.3,2.936,0.0146,0.0429,0.053651199999999996
54,18,服务产业_4,service,106253,0.0041,726,4396.5,0.844,0.0479,0.0404,0.053651199999999996
54,19,服务产业_5,service,76819,0.0057,612,4708.4,0.375,0.0779,0.0292,0.053651199999999996
55,0,高科技_1,high_tech,80494,0.0045,524,7605.5,2.962,0.0178,0.0528,0.05467836
55,1,高科技_2,high_tech,53164,0.0029,677,6541.9,0.403,0.0864,0.0349,0.05467836
55,2,高科技_3,high_tech,71832,0.0165,403,7977.8,1.421,0.0332,0.0471,0.05467836
55,3,高科技_4,high_tech,55118,0.006,2576,6583.0,0.953,0.0379,0.0361,0.05467836
55,4,高科技_5,high_tech,51439,0.0027,324,6718.8,0.73,0.0462,0.0337,0.05467836
55,5,传统制造_1,traditional,97982,0.0059,2002,4604.4,0.769,0.0836,0.0643,0.05467836
55,6,传统制造_2,traditional,81815,0.0074,1000,3308.1,2.047,0.0262,0.0537,0.05467836
55,7,传统制造_3,traditional,78917,0.0079,979,3988.0,0.698,0.0741,0.0518,0.05467836
55,8,传统制造_4,traditional,109764,0.0046,772,4352.6,1.566,0.046,0.072,0.05467836
55,9,传统制造_5,traditional,57422,0.0061,315,4881.5,0.495,0.0761,0.0377,0.05467836
55,10,传统制造_6,traditional,91866,0.008,667,5019.3,1.032,0.0584,0.0602,0.05467836
55,11,传统制造_7,traditional,71153,0.0031,525,3486.5,0.74,0.0631,0.0467,0.05467836
55,12,传统制造_8,traditional,122843,0.0133,667,5082.0,1.625,0.0496,0.0806,0.05467836
55,13,传统制造_9,traditional,106608,0.004,1259,4952.7,4.074,0.0172,0.0699,0.05467836
55,14,传统制造_10,traditional,113319,0.0018,1362,4628.7,3.219,0.0231,0.0743,0.05467836
55,15,服务产业_1,service,53021,0.0064,414,5046.1,1.152,0.0302,0.0348,0.05467836
55,16,服务产业_2,service,58512,0.0032,467,5083.8,0.424,0.0906,0.0384,0.05467836
55,17,服务产业_3,service,53194,0.0077,1296,4592.5,2.389,0.0146,0.0349,0.05467836
55,18,服务产业_4,service,43418,0.0055,416,4941.8,0.594,0.0479,0.0285,0.05467836
55,19,服务产业_5,service,72907,0.0071,904,5520.0,0.614,0.0779,0.0478,0.05467836
56,0,高科技_1,high_tech,6881,0.0004,66,7728.1,1.568,0.0178,0.0279,0.05596540999999999
56,1,高科技_2,high_tech,9131,0.0003,380,8364.5,0.429,0.0864,0.0371,0.05596540999999999
56,2,高科技_3,high_tech,5323,0.0002,92,7546.8,0.652,0.0332,0.0216,0.05596540999999999
56,3,高科技_4,high_tech,11344,0.001,101,8040.2,1.214,0.0379,0.0461,0.05596540999999999
56,4,高科技_5,high_tech,10859,0.0006,370,6877.9,0.955,0.0462,0.0441,0.05596540999999999
56,5,传统制造_1,traditional,16349,0.0012,125,3709.5,0.794,0.0836,0.0664,0.05596540999999999
56,6,传统制造_2,traditional,16947,0.0014,85,3065.6,2.625,0.0262,0.0688,0.05596540999999999
56,7,传统制造_3,traditional,13908,0.0009,385,4041.2,0.762,0.0741,0.0565,0.05596540999999999
56,8,传统制造_4,traditional,17433,0.0023,126,3170.4,1.54,0.046,0.0708,0.05596540999999999
56,9,传统制造_5,traditional,13730,0.0007,116,3712.1,0.733,0.0761,0.0558,0.05596540999999999
56,10,传统制造_6,traditional,14980,0.0011,80,3092.9,1.042,0.0584,0.0608,0.05596540999999999
56,11,传统制造_7,traditional,14058,0.0014,364,3812.7,0.905,0.0631,0.0571,0.05596540999999999
56,12,传统制造_8,traditional,20071,0.0016,119,3605.0,1.644,0.0496,0.0815,0.05596540999999999
56,13,传统制造_9,traditional,19358,0.0023,483,3529.2,4.58,0.0172,0.0786,0.05596540999999999
56,14,传统制造_10,traditional,12464,0.0014,122,3423.3,2.192,0.0231,0.0506,0.05596540999999999
56,15,服务产业_1,service,8860,0.0008,65,4440.6,1.192,0.0302,0.036,0.05596540999999999
56,16,服务产业_2,service,5315,0.0002,32,5670.0,0.238,0.0906,0.0216,0.05596540999999999
56,17,服务产业_3,service,9716,0.0008,82,4119.7,2.701,0.0146,0.0395,0.05596540999999999
56,18,服务产业_4,service,9248,0.0005,80,4248.2,0.784,0.0479,0.0376,0.05596540999999999
56,19,服务产业_5,service,10280,0.0006,58,5761.0,0.536,0.0779,0.0417,0.05596540999999999
57,0,高科技_1,high_tech,27840,0.0032,594,6262.6,2.261,0.0178,0.0403,0.05851685
57,1,高科技_2,high_tech,18187,0.0017,717,6425.5,0.305,0.0864,0.0263,0.05851685
57,2,高科技_3,high_tech,18225,0.0016,218,7491.8,0.796,0.0332,0.0264,0.05851685
57,3,高科技_4,high_tech,36003,0.0025,216,8914.1,1.373,0.0379,0.0521,0.05851685
57,4,高科技_5,high_tech,18212,0.0006,142,6709.5,0.57,0.0462,0.0264,0.05851685
57,5,传统制造_1,traditional,51585,0.0038,1717,4926.2,0.893,0.0836,0.0747,0.05851685
57,6,传统制造_2,traditional,54184,0.0096,417,3973.4,2.991,0.0262,0.0784,0.05851685
57,7,传统制造_3,traditional,47669,0.0007,476,4917.6,0.931,0.0741,0.069,0.05851685
57,8,传统制造_4,traditional,48390,0.0027,667,4399.4,1.524,0.046,0.07,0.05851685
57,9,传统制造_5,traditional,45746,0.0045,372,4614.2,0.87,0.0761,0.0662,0.05851685
57,10,传统制造_6,traditional,32792,0.0039,183,4615.0,0.813,0.0584,0.0475,0.05851685
57,11,传统制造_7,traditional,54759,0.0068,859,4831.5,1.257,0.0631,0.0792,0.05851685
57,12,传统制造_8,traditional,41071,0.0042,243,3205.1,1.199,0.0496,0.0594,0.05851685
57,13,传统制造_9,traditional,52610,0.0034,331,4072.5,4.436,0.0172,0.0761,0.05851685
57,14,传统制造_10,traditional,44896,0.0033,1400,3651.1,2.814,0.0231,0.065,0.05851685
57,15,服务产业_1,service,22430,0.002,230,5277.5,1.075,0.0302,0.0325,0.05851685
57,16,服务产业_2,service,21394,0.0016,199,5775.9,0.342,0.0906,0.031,0.05851685
57,17,服务产业_3,service,17694,0.0007,237,4987.6,1.753,0.0146,0.0256,0.05851685
57,18,服务产业_4,service,23995,0.0039,140,5448.0,0.725,0.0479,0.0347,0.05851685
57,19,服务产业_5,service,13342,0.0005,128,5371.0,0.248,0.0779,0.0193,0.05851685
58,0,高科技_1,high_tech,28135,0.0015,519,8927.8,1.635,0.0178,0.0291,0.05817176
58,1,高科技_2,high_tech,32998,0.0014,641,8140.6,0.395,0.0864,0.0342,0.05817176
58,2,高科技_3,high_tech,31169,0.0011,482,8525.1,0.974,0.0332,0.0323,0.05817176
58,3,高科技_4,high_tech,16461,0.0017,83,6446.5,0.449,0.0379,0.0171,0.05817176
58,4,高科技_5,high_tech,56420,0.0035,765,7964.0,1.265,0.0462,0.0584,0.05817176
58,5,传统制造_1,traditional,60118,0.0051,817,4448.0,0.745,0.0836,0.0623,0.05817176
58,6,传统制造_2,traditional,63508,0.0023,549,3152.6,2.509,0.0262,0.0658,0.05817176
58,7,传统制造_3,traditional,73836,0.0044,481,4183.3,1.032,0.0741,0.0765,0.05817176
58,8,传统制造_4,traditional,83790,0.0039,961,3823.8,1.888,0.046,0.0868,0.05817176
58,9,传统制造_5,traditional,50376,0.0063,596,3994.1,0.686,0.0761,0.0522,0.05817176
58,10,传统制造_6,traditional,70295,0.0065,935,4372.8,1.247,0.0584,0.0728,0.05817176
58,11,传统制造_7,traditional,49651,0.0068,446,4418.0,0.816,0.0631,0.0514,0.05817176
58,12,传统制造_8,traditional,69981,0.0112,2486,3815.1,1.462,0.0496,0.0725,0.05817176
58,13,传统制造_9,traditional,69437,0.0048,575,4319.7,4.19,0.0172,0.0719,0.05817176
58,14,传统制造_10,traditional,59397,0.0043,747,4277.5,2.665,0.0231,0.0615,0.05817176
58,15,服务产业_1,service,33691,0.0021,333,4952.4,1.156,0.0302,0.0349,0.05817176
58,16,服务产业_2,service,33837,0.003,248,4927.0,0.387,0.0906,0.035,0.05817176
58,17,服务产业_3,service,31183,0.0039,195,4451.8,2.212,0.0146,0.0323,0.05817176
58,18,服务产业_4,service,30204,0.0017,740,4305.8,0.653,0.0479,0.0313,0.05817176
58,19,服务产业_5,service,20975,0.0015,210,5579.7,0.279,0.0779,0.0217,0.05817176
59,0,高科技_1,high_tech,86340,0.0036,860,8613.0,1.618,0.0178,0.0288,0.055575679999999995
59,1,高科技_2,high_tech,144383,0.006,2963,7206.9,0.558,0.0864,0.0482,0.055575679999999995
59,2,高科技_3,high_tech,155479,0.0137,2744,8149.9,1.566,0.0332,0.0519,0.055575679999999995
59,3,高科技_4,high_tech,65892,0.0024,767,7550.2,0.58,0.0379,0.022,0.055575679999999995
59,4,高科技_5,high_tech,133583,0.0051,1439,9349.0,0.966,0.0462,0.0446,0.055575679999999995
59,5,传统制造_1,traditional,204528,0.0217,1311,4012.6,0.817,0.0836,0.0683,0.055575679999999995
59,6,传统制造_2,traditional,249168,0.0261,1506,5029.9,3.174,0.0262,0.0832,0.055575679999999995
59,7,传统制造_3,traditional,169839,0.007,1397,4297.1,0.765,0.0741,0.0567,0.055575679999999995
59,8,传统制造_4,traditional,234456,0.0115,1352,3353.5,1.704,0.046,0.0783,0.055575679999999995
59,9,传统制造_5,traditional,190662,0.0186,1483,4452.4,0.837,0.0761,0.0637,0.055575679999999995
59,10,传统制造_6,traditional,173642,0.014,917,3336.4,0.993,0.0584,0.058,0.055575679999999995
59,11,传统制造_7,traditional,157273,0.006,1266,3896.7,0.833,0.0631,0.0525,0.055575679999999995
59,12,传统制造_8,traditional,203043,0.0178,2970,5232.7,1.368,0.0496,0.0678,0.055575679999999995
59,13,传统制造_9,traditional,141556,0.0112,801,4489.4,2.755,0.0172,0.0473,0.055575679999999995
59,14,传统制造_10,traditional,144346,0.014,876,3892.1,2.088,0.0231,0.0482,0.055575679999999995
59,15,服务产业_1,service,120720,0.0108,726,4929.3,1.336,0.0302,0.0403,0.055575679999999995
59,16,服务产业_2,service,153289,0.0093,1246,5737.7,0.565,0.0906,0.0512,0.055575679999999995
59,17,服务产业_3,service,67669,0.0067,700,5929.5,1.548,0.0146,0.0226,0.055575679999999995
59,18,服务产业_4,service,85660,0.0066,667,4988.5,0.597,0.0479,0.0286,0.055575679999999995
59,19,服务产业_5,service,112541,0.007,697,6021.5,0.482,0.0779,0.0376,0.055575679999999995
60,0,高科技_1,high_tech,24875,0.0014,152,8661.8,2.627,0.0178,0.0468,0.059397769999999996
60,1,高科技_2,high_tech,11976,0.0003,125,7154.5,0.261,0.0864,0.0225,0.059397769999999996
60,2,高科技_3,high_tech,10668,0.0006,114,6504.3,0.606,0.0332,0.0201,0.059397769999999996
60,3,高科技_4,high_tech,24927,0.0033,211,7085.8,1.236,0.0379,0.0469,0.059397769999999996
60,4,高科技_5,high_tech,17779,0.0007,114,6937.5,0.724,0.0462,0.0335,0.059397769999999996
60,5,传统制造_1,traditional,35504,0.0078,696,4473.1,0.8,0.0836,0.0668,0.059397769999999996
60,6,传统制造_2,traditional,24053,0.0031,127,4028.7,1.727,0.0262,0.0453,0.059397769999999996
60,7,传统制造_3,traditional,44064,0.0012,929,3912.2,1.119,0.0741,0.0829,0.059397769999999996
60,8,传统制造_4,traditional,38612,0.0063,700,3750.1,1.581,0.046,0.0727,0.059397769999999996
60,9,传统制造_5,traditional,30123,0.0021,1038,4471.1,0.745,0.0761,0.0567,0.059397769999999996
60,10,传统制造_6,traditional,48242,0.0031,412,4568.2,1.555,0.0584,0.0908,0.059397769999999996
60,11,传统制造_7,traditional,24759,0.0042,362,4278.2,0.739,0.0631,0.0466,0.059397769999999996
60,12,传统制造_8,traditional,31799,0.0025,933,3635.1,1.207,0.0496,0.0599,0.059397769999999996
60,13,传统制造_9,traditional,40761,0.0034,359,3193.3,4.47,0.0172,0.0767,0.059397769999999996
60,14,传统制造_10,traditional,41894,0.0055,235,4061.0,3.415,0.0231,0.0789,0.059397769999999996
60,15,服务产业_1,service,9326,0.0013,64,4430.6,0.582,0.0302,0.0176,0.059397769999999996
60,16,服务产业_2,service,13827,0.001,132,5369.6,0.287,0.0906,0.026,0.059397769999999996
60,17,服务产业_3,service,17656,0.0009,389,4497.0,2.276,0.0146,0.0332,0.059397769999999996
60,18,服务产业_4,service,20362,0.0018,805,5783.7,0.8,0.0479,0.0383,0.059397769999999996
60,19,服务产业_5,service,20049,0.0029,150,4440.0,0.484,0.0779,0.0377,0.059397769999999996
61,0,高科技_1,high_tech,26647,0.0016,199,6241.2,2.351,0.0178,0.0419,0.05914015
61,1,高科技_2,high_tech,12471,0.0005,356,6139.2,0.227,0.0864,0.0196,0.05914015
61,2,高科技_3,high_tech,33907,0.0018,195,6689.8,1.608,0.0332,0.0533,0.05914015
61,3,高科技_4,high_tech,26077,0.0015,187,6485.1,1.081,0.0379,0.041,0.05914015
61,4,高科技_5,high_tech,29362,0.0011,313,8745.0,1.0,0.0462,0.0462,0.05914015
61,5,传统制造_1,traditional,25902,0.0052,516,4276.1,0.487,0.0836,0.0407,0.05914015
61,6,传统制造_2,traditional,57215,0.0056,290,3065.7,3.432,0.0262,0.09,0.05914015
61,7,传统制造_3,traditional,62486,0.007,348,4313.4,1.326,0.0741,0.0983,0.05914015
61,8,传统制造_4,traditional,42924,0.0032,271,3433.9,1.469,0.046,0.0675,0.05914015
61,9,传统制造_5,traditional,37852,0.0027,266,3346.4,0.782,0.0761,0.0595,0.05914015
61,10,传统制造_6,traditional,22579,0.0019,865,3246.8,0.608,0.0584,0.0355,0.05914015
61,11,传统制造_7,traditional,32772,0.0047,186,3128.7,0.817,0.0631,0.0515,0.05914015
61,12,传统制造_8,traditional,51661,0.0051,884,3519.0,1.639,0.0496,0.0812,0.05914015
61,13,传统制造_9,traditional,43966,0.0013,275,3655.3,4.028,0.0172,0.0691,0.05914015
61,14,传统制造_10,traditional,30826,0.0008,165,4625.2,2.1,0.0231,0.0485,0.05914015
61,15,服务产业_1,service,27515,0.0041,224,5877.5,1.433,0.0302,0.0433,0.05914015
61,16,服务产业_2,service,16587,0.0015,95,5205.2,0.288,0.0906,0.0261,0.05914015
61,17,服务产业_3,service,12552,0.001,67,4780.7,1.352,0.0146,0.0197,0.05914015
61,18,服务产业_4,service,20143,0.001,111,4588.1,0.661,0.0479,0.0317,0.05914015
61,19,服务产业_5,service,22460,0.0022,117,4116.5,0.453,0.0779,0.0353,0.05914015
62,0,高科技_1,high_tech,10048,0.0025,66,6631.1,1.475,0.0178,0.0263,0.05689579000000001
62,1,高科技_2,high_tech,15396,0.0047,81,6052.5,0.466,0.0864,0.0403,0.05689579000000001
62,2,高科技_3,high_tech,13377,0.0006,223,7282.2,1.056,0.0332,0.035,0.05689579000000001
62,3,高科技_4,high_tech,19937,0.0006,117,8163.7,1.374,0.0379,0.0522,0.05689579000000001
62,4,高科技_5,high_tech,14621,0.0026,104,8662.3,0.828,0.0462,0.0383,0.05689579000000001
62,5,传统制造_1,traditional,28788,0.0022,654,4245.8,0.901,0.0836,0.0753,0.05689579000000001
62,6,传统制造_2,traditional,23889,0.0016,284,4114.7,2.384,0.0262,0.0625,0.05689579000000001
62,7,传统制造_3,traditional,27838,0.0017,297,4760.7,0.982,0.0741,0.0728,0.05689579000000001
62,8,传统制造_4,traditional,28687,0.0015,157,3310.9,1.633,0.046,0.075,0.05689579000000001
62,9,传统制造_5,traditional,24346,0.0021,122,3886.9,0.837,0.0761,0.0637,0.05689579000000001
62,10,传统制造_6,traditional,23938,0.0034,263,3497.6,1.073,0.0584,0.0626,0.05689579000000001
62,11,传统制造_7,traditional,21976,0.0007,164,4493.0,0.912,0.0631,0.0575,0.05689579000000001
62,12,传统制造_8,traditional,25804,0.0018,175,4705.2,1.362,0.0496,0.0675,0.05689579000000001
62,13,传统制造_9,traditional,22780,0.0023,134,3093.5,3.472,0.0172,0.0596,0.05689579000000001
62,14,传统制造_10,traditional,27734,0.0035,166,4660.2,3.142,0.0231,0.0726,0.05689579000000001
62,15,服务产业_1,service,8824,0.0007,105,4126.0,0.765,0.0302,0.0231,0.05689579000000001
62,16,服务产业_2,service,10661,0.001,241,4285.3,0.308,0.0906,0.0279,0.05689579000000001
62,17,服务产业_3,service,8397,0.0004,100,4223.2,1.504,0.0146,0.022,0.05689579000000001
62,18,服务产业_4,service,14144,0.0011,599,5707.2,0.772,0.0479,0.037,0.05689579000000001
62,19,服务产业_5,service,11066,0.0008,55,4912.5,0.371,0.0779,0.0289,0.05689579000000001
63,0,高科技_1,high_tech,6764,0.0003,153,6062.6,1.864,0.0178,0.0332,0.06128130999999999
63,1,高科技_2,high_tech,5785,0.0011,228,8666.6,0.329,0.0864,0.0284,0.06128130999999999
63,2,高科技_3,high_tech,7354,0.0015,39,6426.3,1.089,0.0332,0.0361,0.06128130999999999
63,3,高科技_4,high_tech,8669,0.0005,86,7673.9,1.122,0.0379,0.0426,0.06128130999999999
63,4,高科技_5,high_tech,9154,0.0011,49,8575.5,0.973,0.0462,0.0449,0.06128130999999999
63,5,传统制造_1,traditional,8482,0.0012,48,3027.8,0.498,0.0836,0.0416,0.06128130999999999
63,6,传统制造_2,traditional,11298,0.0018,214,4536.4,2.116,0.0262,0.0555,0.06128130999999999
63,7,传统制造_3,traditional,16753,0.0013,773,4181.2,1.11,0.0741,0.0822,0.06128130999999999
63,8,传统制造_4,traditional,13305,0.0009,86,4091.0,1.421,0.046,0.0653,0.06128130999999999
63,9,传统制造_5,traditional,8920,0.0012,65,4063.4,0.576,0.0761,0.0438,0.06128130999999999
63,10,传统制造_6,traditional,17536,0.0024,477,4200.3,1.475,0.0584,0.0861,0.06128130999999999
63,11,传统制造_7,traditional,16928,0.0012,416,4156.3,1.318,0.0631,0.0831,0.06128130999999999
63,12,传统制造_8,traditional,10759,0.0015,124,4070.7,1.065,0.0496,0.0528,0.06128130999999999
63,13,传统制造_9,traditional,10788,0.0007,265,3471.8,3.086,0.0172,0.053,0.06128130999999999
63,14,传统制造_10,traditional,22499,0.0026,164,4708.6,4.784,0.0231,0.1105,0.06128130999999999
63,15,服务产业_1,service,4540,0.0004,35,5662.3,0.738,0.0302,0.0223,0.06128130999999999
63,16,服务产业_2,service,7682,0.0003,74,5036.4,0.416,0.0906,0.0377,0.06128130999999999
63,17,服务产业_3,service,8165,0.0006,61,4914.9,2.745,0.0146,0.0401,0.06128130999999999
63,18,服务产业_4,service,3752,0.0002,142,4382.4,0.385,0.0479,0.0184,0.06128130999999999
63,19,服务产业_5,service,4548,0.0003,45,4871.0,0.287,0.0779,0.0223,0.06128130999999999
64,0,高科技_1,high_tech,48987,0.0057,1244,9237.5,2.721,0.0178,0.0485,0.05500073
64,1,高科技_2,high_tech,36809,0.0032,219,7012.4,0.422,0.0864,0.0364,0.05500073
64,2,高科技_3,high_tech,28543,0.0041,217,7573.8,0.852,0.0332,0.0283,0.05500073
64,3,高科技_4,high_tech,59420,0.0048,463,8347.4,1.55,0.0379,0.0588,0.05500073
64,4,高科技_5,high_tech,33775,0.0034,242,9466.7,0.724,0.0462,0.0334,0.05500073
64,5,传统制造_1,traditional,50444,0.0048,315,5089.1,0.598,0.0836,0.0499,0.05500073
64,6,传统制造_2,traditional,68736,0.0028,806,4094.7,2.595,0.0262,0.068,0.05500073
64,7,传统制造_3,traditional,57071,0.0024,295,3321.7,0.762,0.0741,0.0565,0.05500073
64,8,传统制造_4,traditional,57053,0.0023,343,3232.2,1.229,0.046,0.0565,0.05500073
64,9,传统制造_5,traditional,67351,0.005,660,3999.8,0.876,0.0761,0.0667,0.05500073
64,10,传统制造_6,traditional,59408,0.0039,358,3456.7,1.007,0.0584,0.0588,0.05500073
64,11,传统制造_7,traditional,45453,0.0023,230,3289.9,0.714,0.0631,0.045,0.05500073
64,12,传统制造_8,traditional,75802,0.0091,898,4180.5,1.514,0.0496,0.075,0.05500073
64,13,传统制造_9,traditional,79993,0.0041,1492,4676.9,4.614,0.0172,0.0792,0.05500073
64,14,传统制造_10,traditional,64767,0.0057,553,4323.6,2.777,0.0231,0.0641,0.05500073
64,15,服务产业_1,service,42608,0.0027,226,5853.8,1.397,0.0302,0.0422,0.05500073
64,16,服务产业_2,service,33486,0.0034,916,5754.7,0.366,0.0906,0.0332,0.05500073
64,17,服务产业_3,service,19274,0.0018,310,4815.1,1.307,0.0146,0.0191,0.05500073
64,18,服务产业_4,service,45156,0.0024,571,5235.1,0.933,0.0479,0.0447,0.05500073
64,19,服务产业_5,service,35974,0.0033,330,5479.4,0.457,0.0779,0.0356,0.05500073
65,0,高科技_1,high_tech,196231,0.0121,5170,6889.3,3.884,0.0178,0.0692,0.053795739999999995
65,1,高科技_2,high_tech,104897,0.0154,1673,8429.8,0.428,0.0864,0.037,0.053795739999999995
65,2,高科技_3,high_tech,110480,0.0087,716,8695.4,1.175,0.0332,0.039,0.053795739999999995
65,3,高科技_4,high_tech,152489,0.0213,1333,7279.5,1.417,0.0379,0.0538,0.053795739999999995
65,4,高科技_5,high_tech,108592,0.0067,1657,7420.8,0.829,0.0462,0.0383,0.053795739999999995
65,5,传统制造_1,traditional,176792,0.0176,4749,4379.4,0.746,0.0836,0.0624,0.053795739999999995
65,6,传统制造_2,traditional,152875,0.0129,1505,4425.7,2.057,0.0262,0.0539,0.053795739999999995
65,7,传统制造_3,traditional,147999,0.0039,2011,5072.9,0.704,0.0741,0.0522,0.053795739999999995
65,8,传统制造_4,traditional,213927,0.0077,1173,3526.6,1.641,0.046,0.0754,0.053795739999999995
65,9,传统制造_5,traditional,124156,0.01,816,4773.4,0.576,0.0761,0.0438,0.053795739999999995
65,10,传统制造_6,traditional,146941,0.0191,2103,4438.6,0.888,0.0584,0.0518,0.053795739999999995
65,11,传统制造_7,traditional,223404,0.0107,1145,4625.1,1.249,0.0631,0.0788,0.053795739999999995
65,12,传统制造_8,traditional,152861,0.0094,1078,4262.2,1.087,0.0496,0.0539,0.053795739999999995
65,13,传统制造_9,traditional,115495,0.0034,627,5187.5,2.373,0.0172,0.0407,0.053795739999999995
65,14,传统制造_10,traditional,183766,0.0165,969,3981.2,2.807,0.0231,0.0648,0.053795739999999995
65,15,服务产业_1,service,106015,0.0061,1686,4403.4,1.239,0.0302,0.0374,0.053795739999999995
65,16,服务产业_2,service,118986,0.0041,1749,4741.8,0.463,0.0906,0.042,0.053795739999999995
65,17,服务产业_3,service,108721,0.0038,974,5967.0,2.626,0.0146,0.0383,0.053795739999999995
65,18,服务产业_4,service,77409,0.0044,470,6423.6,0.57,0.0479,0.0273,0.053795739999999995
65,19,服务产业_5,service,113352,0.0086,1141,5185.3,0.513,0.0779,0.04,0.053795739999999995
66,0,高科技_1,high_tech,28262,0.0025,293,8479.1,1.711,0.0178,0.0305,0.059993040000000004
66,1,高科技_2,high_tech,25288,0.001,449,6966.3,0.316,0.0864,0.0273,0.059993040000000004
66,2,高科技_3,high_tech,49944,0.0021,484,7414.2,1.625,0.0332,0.0539,0.059993040000000004
66,3,高科技_4,high_tech,43664,0.0027,220,7959.9,1.241,0.0379,0.0471,0.059993040000000004
66,4,高科技_5,high_tech,23210,0.0017,130,8797.4,0.542,0.0462,0.025,0.059993040000000004
66,5,传统制造_1,traditional,49404,0.0025,255,4898.2,0.638,0.0836,0.0533,0.059993040000000004
66,6,传统制造_2,traditional,49502,0.0078,1134,3410.1,2.037,0.0262,0.0534,0.059993040000000004
66,7,传统制造_3,traditional,63698,0.0073,329,4999.7,0.927,0.0741,0.0687,0.059993040000000004
66,8,传统制造_4,traditional,68817,0.004,381,3958.7,1.615,0.046,0.0742,0.059993040000000004
66,9,传统制造_5,traditional,71676,0.0038,437,3878.9,1.016,0.0761,0.0773,0.059993040000000004
66,10,传统制造_6,traditional,52744,0.0028,290,3734.8,0.975,0.0584,0.0569,0.059993040000000004
66,11,传统制造_7,traditional,63808,0.0099,558,4136.2,1.092,0.0631,0.0688,0.059993040000000004
66,12,传统制造_8,traditional,65429,0.0025,482,3357.3,1.424,0.0496,0.0706,0.059993040000000004
66,13,传统制造_9,traditional,82009,0.0102,453,3363.7,5.155,0.0172,0.0885,0.059993040000000004
66,14,传统制造_10,traditional,76415,0.0072,938,3738.6,3.571,0.0231,0.0824,0.059993040000000004
66,15,服务产业_1,service,19358,0.0022,99,4490.6,0.692,0.0302,0.0209,0.059993040000000004
66,16,服务产业_2,service,15973,0.0008,87,5609.5,0.19,0.0906,0.0172,0.059993040000000004
66,17,服务产业_3,service,29354,0.0029,156,5890.2,2.168,0.0146,0.0317,0.059993040000000004
66,18,服务产业_4,service,25382,0.001,424,4504.5,0.572,0.0479,0.0274,0.059993040000000004
66,19,服务产业_5,service,22938,0.0018,384,5066.3,0.318,0.0779,0.0247,0.059993040000000004
67,0,高科技_1,high_tech,69433,0.0024,673,7967.0,2.74,0.0178,0.0488,0.05495155
67,1,高科技_2,high_tech,34145,0.0021,333,8387.8,0.278,0.0864,0.024,0.05495155
67,2,高科技_3,high_tech,52510,0.0024,650,7582.5,1.114,0.0332,0.0369,0.05495155
67,3,高科技_4,high_tech,73230,0.0122,2244,7432.8,1.357,0.0379,0.0515,0.05495155
67,4,高科技_5,high_tech,32738,0.0018,220,9567.9,0.498,0.0462,0.023,0.05495155
67,5,传统制造_1,traditional,65689,0.0031,352,4955.2,0.553,0.0836,0.0462,0.05495155
67,6,传统制造_2,traditional,110218,0.0074,859,3854.2,2.956,0.0262,0.0775,0.05495155
67,7,传统制造_3,traditional,71678,0.012,3480,3956.3,0.68,0.0741,0.0504,0.05495155
67,8,传统制造_4,traditional,108980,0.0173,623,5256.2,1.667,0.046,0.0766,0.05495155
67,9,传统制造_5,traditional,99329,0.0054,1192,5245.0,0.918,0.0761,0.0699,0.05495155
67,10,传统制造_6,traditional,66838,0.0021,2558,4335.9,0.805,0.0584,0.047,0.05495155
67,11,传统制造_7,traditional,94433,0.0128,753,3739.9,1.053,0.0631,0.0664,0.05495155
67,12,传统制造_8,traditional,99579,0.0079,1927,4740.9,1.413,0.0496,0.07,0.05495155
67,13,传统制造_9,traditional,65842,0.0066,599,4211.6,2.698,0.0172,0.0463,0.05495155
67,14,传统制造_10,traditional,92417,0.0062,852,4868.0,2.815,0.0231,0.065,0.05495155
67,15,服务产业_1,service,63231,0.0051,455,4280.3,1.473,0.0302,0.0445,0.05495155
67,16,服务产业_2,service,51234,0.0054,603,5017.0,0.398,0.0906,0.036,0.05495155
67,17,服务产业_3,service,54263,0.0048,697,5837.4,2.613,0.0146,0.0382,0.05495155
67,18,服务产业_4,service,50472,0.0045,253,4899.1,0.741,0.0479,0.0355,0.05495155
67,19,服务产业_5,service,65686,0.0029,489,6203.8,0.593,0.0779,0.0462,0.05495155
68,0,高科技_1,high_tech,22496,0.0005,239,8237.9,1.908,0.0178,0.034,0.05640011999999999
68,1,高科技_2,high_tech,29643,0.0032,337,8686.0,0.519,0.0864,0.0448,0.05640011999999999
68,2,高科技_3,high_tech,26628,0.0014,141,7020.6,1.214,0.0332,0.0403,0.05640011999999999
68,3,高科技_4,high_tech,19350,0.0007,139,7344.5,0.771,0.0379,0.0293,0.05640011999999999
68,4,高科技_5,high_tech,24792,0.0014,494,6528.7,0.811,0.0462,0.0375,0.05640011999999999
68,5,传统制造_1,traditional,48341,0.0035,280,5097.4,0.874,0.0836,0.0731,0.05640011999999999
68,6,传统制造_2,traditional,52081,0.0043,379,4631.8,3.003,0.0262,0.0787,0.05640011999999999
68,7,传统制造_3,traditional,41538,0.0137,254,3414.8,0.847,0.0741,0.0628,0.05640011999999999
68,8,传统制造_4,traditional,57869,0.0054,499,4162.2,1.903,0.046,0.0875,0.05640011999999999
68,9,传统制造_5,traditional,36287,0.0026,274,3458.4,0.721,0.0761,0.0549,0.05640011999999999
68,10,传统制造_6,traditional,29360,0.0026,504,3588.5,0.76,0.0584,0.0444,0.05640011999999999
68,11,传统制造_7,traditional,30603,0.002,273,4433.7,0.734,0.0631,0.0463,0.05640011999999999
68,12,传统制造_8,traditional,42551,0.0052,248,4982.0,1.298,0.0496,0.0643,0.05640011999999999
68,13,传统制造_9,traditional,42738,0.0027,249,4735.1,3.764,0.0172,0.0646,0.05640011999999999
68,14,传统制造_10,traditional,43706,0.0029,537,4521.6,2.862,0.0231,0.0661,0.05640011999999999
68,15,服务产业_1,service,17329,0.0015,93,5522.4,0.868,0.0302,0.0262,0.05640011999999999
68,16,服务产业_2,service,32380,0.0036,205,5506.3,0.54,0.0906,0.049,0.05640011999999999
68,17,服务产业_3,service,28663,0.0034,1195,4666.6,2.967,0.0146,0.0433,0.05640011999999999
68,18,服务产业_4,service,14852,0.0009,81,5296.2,0.469,0.0479,0.0225,0.05640011999999999
68,19,服务产业_5,service,20274,0.0031,151,4637.6,0.393,0.0779,0.0306,0.05640011999999999
69,0,高科技_1,high_tech,20942,0.0013,195,7024.6,2.202,0.0178,0.0392,0.05811029
69,1,高科技_2,high_tech,18210,0.0014,127,7668.3,0.395,0.0864,0.0341,0.05811029
69,2,高科技_3,high_tech,27788,0.0022,207,7658.4,1.57,0.0332,0.0521,0.05811029
69,3,高科技_4,high_tech,21363,0.002,281,7993.8,1.055,0.0379,0.04,0.05811029
69,4,高科技_5,high_tech,21227,0.0029,338,7194.7,0.861,0.0462,0.0398,0.05811029
69,5,传统制造_1,traditional,27059,0.0012,216,4312.0,0.607,0.0836,0.0507,0.05811029
69,6,传统制造_2,traditional,32685,0.0045,422,4847.0,2.336,0.0262,0.0612,0.05811029
69,7,传统制造_3,traditional,39278,0.0049,1547,3420.5,0.993,0.0741,0.0736,0.05811029
69,8,传统制造_4,traditional,32774,0.0027,473,3442.2,1.336,0.046,0.0614,0.05811029
69,9,传统制造_5,traditional,48885,0.0028,458,4292.8,1.204,0.0761,0.0916,0.05811029
69,10,传统制造_6,traditional,35660,0.0043,179,4781.4,1.144,0.0584,0.0668,0.05811029
69,11,传统制造_7,traditional,30579,0.0064,485,4575.8,0.909,0.0631,0.0573,0.05811029
69,12,传统制造_8,traditional,29426,0.0015,1017,4658.7,1.112,0.0496,0.0551,0.05811029
69,13,传统制造_9,traditional,36873,0.0029,312,4196.2,4.025,0.0172,0.0691,0.05811029
69,14,传统制造_10,traditional,44334,0.0043,298,4918.3,3.598,0.0231,0.0831,0.05811029
69,15,服务产业_1,service,12505,0.0008,330,5234.2,0.776,0.0302,0.0234,0.05811029
69,16,服务产业_2,service,12072,0.0006,146,4486.8,0.25,0.0906,0.0226,0.05811029
69,17,服务产业_3,service,13989,0.0012,70,5152.5,1.795,0.0146,0.0262,0.05811029
69,18,服务产业_4,service,16068,0.0021,115,4755.3,0.628,0.0479,0.0301,0.05811029
69,19,服务产业_5,service,12024,0.0005,60,5690.5,0.289,0.0779,0.0225,0.05811029
70,0,高科技_1,high_tech,69841,0.0064,460,6838.1,3.224,0.0178,0.0575,0.057088879999999995
70,1,高科技_2,high_tech,31914,0.0011,390,7974.4,0.304,0.0864,0.0263,0.057088879999999995
70,2,高科技_3,high_tech,34686,0.0011,342,7115.4,0.861,0.0332,0.0285,0.057088879999999995
70,3,高科技_4,high_tech,54075,0.0029,727,8108.7,1.172,0.0379,0.0445,0.057088879999999995
70,4,高科技_5,high_tech,47148,0.0095,276,9141.0,0.84,0.0462,0.0388,0.057088879999999995
70,5,传统制造_1,traditional,81111,0.0053,1716,4402.7,0.799,0.0836,0.0667,0.057088879999999995
70,6,传统制造_2,traditional,67682,0.0084,373,4680.8,2.124,0.0262,0.0557,0.057088879999999995
70,7,传统制造_3,traditional,91749,0.0076,721,3518.6,1.018,0.0741,0.0755,0.057088879999999995
70,8,传统制造_4,traditional,76400,0.008,1694,3487.0,1.368,0.046,0.0629,0.057088879999999995
70,9,传统制造_5,traditional,75872,0.0026,412,5086.3,0.82,0.0761,0.0624,0.057088879999999995
70,10,传统制造_6,traditional,62058,0.0047,615,5008.6,0.874,0.0584,0.0511,0.057088879999999995
70,11,传统制造_7,traditional,92898,0.0098,4349,4846.4,1.212,0.0631,0.0764,0.057088879999999995
70,12,传统制造_8,traditional,74408,0.0089,951,4188.9,1.235,0.0496,0.0612,0.057088879999999995
70,13,传统制造_9,traditional,79480,0.0029,480,3481.4,3.81,0.0172,0.0654,0.057088879999999995
70,14,传统制造_10,traditional,99290,0.0105,544,4957.5,3.538,0.0231,0.0817,0.057088879999999995
70,15,服务产业_1,service,28892,0.0025,254,5731.1,0.787,0.0302,0.0238,0.057088879999999995
70,16,服务产业_2,service,38286,0.0012,538,4732.0,0.348,0.0906,0.0315,0.057088879999999995
70,17,服务产业_3,service,23890,0.0006,891,5241.9,1.346,0.0146,0.0197,0.057088879999999995
70,18,服务产业_4,service,34011,0.0016,811,4859.9,0.584,0.0479,0.028,0.057088879999999995
70,19,服务产业_5,service,51738,0.0029,284,5210.7,0.546,0.0779,0.0426,0.057088879999999995
71,0,高科技_1,high_tech,109130,0.0097,995,8774.0,1.852,0.0178,0.033,0.05205135
71,1,高科技_2,high_tech,138871,0.0095,1198,8016.6,0.486,0.0864,0.042,0.05205135
71,2,高科技_3,high_tech,219639,0.029,2565,8662.5,2.003,0.0332,0.0664,0.05205135
71,3,高科技_4,high_tech,145464,0.0154,4168,8519.0,1.159,0.0379,0.044,0.05205135
71,4,高科技_5,high_tech,179827,0.0173,1009,7644.9,1.177,0.0462,0.0544,0.05205135
71,5,传统制造_1,traditional,157189,0.0248,1448,3538.9,0.569,0.0836,0.0475,0.05205135
71,6,传统制造_2,traditional,214184,0.0122,1854,3630.2,2.47,0.0262,0.0648,0.05205135
71,7,传统制造_3,traditional,145694,0.0265,730,5064.8,0.594,0.0741,0.0441,0.05205135
71,8,传统制造_4,traditional,194485,0.0285,1480,5485.8,1.279,0.046,0.0588,0.05205135
71,9,传统制造_5,traditional,210996,0.0059,1332,4123.4,0.839,0.0761,0.0638,0.05205135
71,10,传统制造_6,traditional,227138,0.0396,3301,5475.9,1.176,0.0584,0.0687,0.05205135
71,11,传统制造_7,traditional,177958,0.0183,3021,4328.8,0.853,0.0631,0.0538,0.05205135
71,12,传统制造_8,traditional,164223,0.0133,2742,3421.4,1.002,0.0496,0.0497,0.05205135
71,13,传统制造_9,traditional,125584,0.0086,4649,4266.3,2.213,0.0172,0.038,0.05205135
71,14,传统制造_10,traditional,171043,0.0094,4658,3561.2,2.24,0.0231,0.0517,0.05205135
71,15,服务产业_1,service,148195,0.0111,1056,5126.9,1.484,0.0302,0.0448,0.05205135
71,16,服务产业_2,service,144919,0.0073,802,5137.2,0.484,0.0906,0.0438,0.05205135
71,17,服务产业_3,service,122786,0.0096,767,6301.5,2.542,0.0146,0.0371,0.05205135
71,18,服务产业_4,service,134819,0.0056,4711,6434.3,0.851,0.0479,0.0408,0.05205135
71,19,服务产业_5,service,174932,0.0117,1742,6130.5,0.679,0.0779,0.0529,0.05205135
72,0,高科技_1,high_tech,54101,0.0019,354,8121.5,2.654,0.0178,0.0473,0.055870109999999994
72,1,高科技_2,high_tech,41023,0.0014,1830,8155.6,0.415,0.0864,0.0359,0.055870109999999994
72,2,高科技_3,high_tech,37324,0.0065,230,6437.3,0.984,0.0332,0.0326,0.055870109999999994
72,3,高科技_4,high_tech,43451,0.0048,285,7822.1,1.001,0.0379,0.038,0.055870109999999994
72,4,高科技_5,high_tech,30875,0.0026,496,7794.6,0.584,0.0462,0.027,0.055870109999999994
72,5,传统制造_1,traditional,87844,0.0046,1244,3285.3,0.919,0.0836,0.0768,0.055870109999999994
72,6,传统制造_2,traditional,61731,0.0038,566,3375.3,2.058,0.0262,0.054,0.055870109999999994
72,7,传统制造_3,traditional,82689,0.0028,1063,4830.9,0.975,0.0741,0.0723,0.055870109999999994
72,8,传统制造_4,traditional,90505,0.0069,835,4261.7,1.721,0.046,0.0791,0.055870109999999994
72,9,传统制造_5,traditional,80784,0.0093,1378,5105.6,0.928,0.0761,0.0706,0.055870109999999994
72,10,传统制造_6,traditional,65973,0.0032,956,4398.9,0.988,0.0584,0.0577,0.055870109999999994
72,11,传统制造_7,traditional,77210,0.0085,988,3798.8,1.07,0.0631,0.0675,0.055870109999999994
72,12,传统制造_8,traditional,63513,0.0033,432,4985.5,1.12,0.0496,0.0555,0.055870109999999994
72,13,传统制造_9,traditional,71299,0.0081,1683,3366.7,3.632,0.0172,0.0623,0.055870109999999994
72,14,传统制造_10,traditional,66654,0.003,1095,4950.2,2.524,0.0231,0.0583,0.055870109999999994
72,15,服务产业_1,service,27631,0.0012,173,5317.0,0.8,0.0302,0.0242,0.055870109999999994
72,16,服务产业_2,service,39506,0.0017,211,5630.0,0.381,0.0906,0.0345,0.055870109999999994
72,17,服务产业_3,service,42521,0.0029,605,6035.1,2.545,0.0146,0.0372,0.055870109999999994
72,18,服务产业_4,service,43112,0.0035,218,4478.4,0.787,0.0479,0.0377,0.055870109999999994
72,19,服务产业_5,service,36192,0.0035,238,4406.6,0.406,0.0779,0.0316,0.055870109999999994
73,0,高科技_1,high_tech,123158,0.0077,2659,9788.1,2.621,0.0178,0.0467,0.05241620000000001
73,1,高科技_2,high_tech,114206,0.0098,945,7690.0,0.501,0.0864,0.0433,0.05241620000000001
73,2,高科技_3,high_tech,157135,0.0042,1108,9157.2,1.798,0.0332,0.0596,0.05241620000000001
73,3,高科技_4,high_tech,113608,0.0103,766,7361.4,1.136,0.0379,0.0431,0.05241620000000001
73,4,高科技_5,high_tech,118358,0.0124,684,8801.4,0.972,0.0462,0.0449,0.05241620000000001
73,5,传统制造_1,traditional,108770,0.0189,2347,4065.3,0.494,0.0836,0.0413,0.05241620000000001
73,6,传统制造_2,traditional,163312,0.0186,2717,4145.9,2.363,0.0262,0.0619,0.05241620000000001
73,7,传统制造_3,traditional,186969,0.0214,8215,4094.7,0.957,0.0741,0.0709,0.05241620000000001
73,8,传统制造_4,traditional,139420,0.011,772,4702.3,1.151,0.046,0.0529,0.05241620000000001
73,9,传统制造_5,traditional,79374,0.006,718,5328.7,0.396,0.0761,0.0301,0.05241620000000001
73,10,传统制造_6,traditional,164262,0.0074,1751,3472.1,1.067,0.0584,0.0623,0.05241620000000001
73,11,传统制造_7,traditional,172218,0.0089,2316,3540.3,1.036,0.0631,0.0653,0.05241620000000001
73,12,传统制造_8,traditional,141047,0.0108,956,4552.9,1.079,0.0496,0.0535,0.05241620000000001
73,13,传统制造_9,traditional,121179,0.0065,3705,4236.1,2.678,0.0172,0.046,0.05241620000000001
73,14,传统制造_10,traditional,169628,0.0146,1005,3614.1,2.787,0.0231,0.0643,0.05241620000000001
73,15,服务产业_1,service,126536,0.0063,3950,5378.4,1.59,0.0302,0.048,0.05241620000000001
73,16,服务产业_2,service,103501,0.0045,1782,5179.4,0.433,0.0906,0.0393,0.05241620000000001
73,17,服务产业_3,service,125116,0.006,645,6388.2,3.25,0.0146,0.0475,0.05241620000000001
73,18,服务产业_4,service,79723,0.0112,3519,4720.1,0.631,0.0479,0.0302,0.05241620000000001
73,19,服务产业_5,service,128834,0.0118,1773,5910.4,0.627,0.0779,0.0489,0.05241620000000001
74,0,高科技_1,high_tech,3173,0.0001,16,8235.4,1.801,0.0178,0.0321,0.058410319999999995
74,1,高科技_2,high_tech,3918,0.0009,140,6347.3,0.458,0.0864,0.0396,0.058410319999999995
74,2,高科技_3,high_tech,5206,0.0012,72,8050.7,1.588,0.0332,0.0527,0.058410319999999995
74,3,高科技_4,high_tech,2694,0.0002,21,7329.6,0.718,0.0379,0.0273,0.058410319999999995
74,4,高科技_5,high_tech,2137,0.0002,33,8401.5,0.468,0.0462,0.0216,0.058410319999999995
74,5,传统制造_1,traditional,7122,0.0006,321,3180.2,0.862,0.0836,0.072,0.058410319999999995
74,6,传统制造_2,traditional,5936,0.0005,44,3680.3,2.29,0.0262,0.06,0.058410319999999995
74,7,传统制造_3,traditional,9202,0.0008,173,3772.4,1.256,0.0741,0.0931,0.058410319999999995
74,8,传统制造_4,traditional,7605,0.0013,150,3904.0,1.673,0.046,0.0769,0.058410319999999995
74,9,传统制造_5,traditional,6469,0.0009,53,4936.3,0.86,0.0761,0.0654,0.058410319999999995
74,10,传统制造_6,traditional,6473,0.0014,41,3850.6,1.121,0.0584,0.0655,0.058410319999999995
74,11,传统制造_7,traditional,6687,0.001,75,4195.8,1.073,0.0631,0.0676,0.058410319999999995
74,12,传统制造_8,traditional,4357,0.0004,81,3808.1,0.889,0.0496,0.0441,0.058410319999999995
74,13,传统制造_9,traditional,6918,0.0009,61,4061.0,4.077,0.0172,0.07,0.058410319999999995
74,14,传统制造_10,traditional,6193,0.0005,43,3949.1,2.713,0.0231,0.0626,0.058410319999999995
74,15,服务产业_1,service,3242,0.0001,32,5621.8,1.086,0.0302,0.0328,0.058410319999999995
74,16,服务产业_2,service,2171,0.0001,10,4146.7,0.242,0.0906,0.022,0.058410319999999995
74,17,服务产业_3,service,3277,0.0005,41,4087.2,2.27,0.0146,0.0331,0.058410319999999995
74,18,服务产业_4,service,3179,0.0003,22,4443.7,0.671,0.0479,0.0322,0.058410319999999995
74,19,服务产业_5,service,2911,0.0003,19,4726.3,0.378,0.0779,0.0294,0.058410319999999995
75,0,高科技_1,high_tech,72917,0.0026,422,9136.3,2.022,0.0178,0.036,0.0556141
75,1,高科技_2,high_tech,87980,0.0072,451,6717.7,0.503,0.0864,0.0435,0.0556141
75,2,高科技_3,high_tech,12327,0.0015,70,8716.3,0.184,0.0332,0.0061,0.0556141
75,3,高科技_4,high_tech,101065,0.0042,990,8636.0,1.316,0.0379,0.0499,0.0556141
75,4,高科技_5,high_tech,104389,0.0086,4868,6486.7,1.117,0.0462,0.0516,0.0556141
75,5,传统制造_1,traditional,115039,0.0064,735,4176.8,0.68,0.0836,0.0569,0.0556141
75,6,传统制造_2,traditional,93395,0.0068,2984,3898.9,1.761,0.0262,0.0462,0.0556141
75,7,传统制造_3,traditional,92595,0.0048,1916,3631.4,0.617,0.0741,0.0458,0.0556141
75,8,传统制造_4,traditional,128246,0.0074,3253,4282.7,1.379,0.046,0.0634,0.0556141
75,9,传统制造_5,traditional,99893,0.0041,1070,4941.9,0.649,0.0761,0.0494,0.0556141
75,10,传统制造_6,traditional,126528,0.0115,1210,3782.2,1.071,0.0584,0.0625,0.0556141
75,11,传统制造_7,traditional,131162,0.0119,1383,4619.8,1.028,0.0631,0.0648,0.0556141
75,12,传统制造_8,traditional,134015,0.0308,925,5107.7,1.336,0.0496,0.0662,0.0556141
75,13,传统制造_9,traditional,164702,0.016,867,4943.2,4.743,0.0172,0.0814,0.0556141
75,14,传统制造_10,traditional,161407,0.0201,6681,4180.6,3.455,0.0231,0.0798,0.0556141
75,15,服务产业_1,service,72439,0.0093,545,4812.3,1.186,0.0302,0.0358,0.0556141
75,16,服务产业_2,service,81271,0.0062,810,4317.2,0.443,0.0906,0.0402,0.0556141
75,17,服务产业_3,service,76618,0.0037,675,4451.6,2.593,0.0146,0.0379,0.0556141
75,18,服务产业_4,service,95037,0.0031,488,4297.4,0.98,0.0479,0.047,0.0556141
75,19,服务产业_5,service,72344,0.0041,598,4544.9,0.459,0.0779,0.0358,0.0556141
76,0,高科技_1,high_tech,25470,0.0019,192,7582.8,1.578,0.0178,0.0281,0.05711516999999999
76,1,高科技_2,high_tech,29999,0.0026,1381,8779.4,0.383,0.0864,0.0331,0.05711516999999999
76,2,高科技_3,high_tech,60480,0.0022,713,7494.0,2.014,0.0332,0.0668,0.05711516999999999
76,3,高科技_4,high_tech,45397,0.0009,301,8319.5,1.321,0.0379,0.0501,0.05711516999999999
76,4,高科技_5,high_tech,42539,0.0014,390,6636.8,1.017,0.0462,0.047,0.05711516999999999
76,5,传统制造_1,traditional,81095,0.0035,518,4274.1,1.071,0.0836,0.0895,0.05711516999999999
76,6,传统制造_2,traditional,70985,0.0065,540,3150.5,2.989,0.0262,0.0784,0.05711516999999999
76,7,传统制造_3,traditional,46302,0.0029,836,4910.7,0.69,0.0741,0.0511,0.05711516999999999
76,8,传统制造_4,traditional,47433,0.0037,411,3507.6,1.139,0.046,0.0524,0.05711516999999999
76,9,传统制造_5,traditional,29490,0.0022,232,3290.8,0.428,0.0761,0.0326,0.05711516999999999
76,10,传统制造_6,traditional,66986,0.0063,346,4497.9,1.267,0.0584,0.074,0.05711516999999999
76,11,传统制造_7,traditional,50734,0.0068,1758,4059.0,0.888,0.0631,0.056,0.05711516999999999
76,12,传统制造_8,traditional,57040,0.0064,582,4299.5,1.27,0.0496,0.063,0.05711516999999999
76,13,传统制造_9,traditional,60267,0.0046,1127,3583.0,3.877,0.0172,0.0665,0.05711516999999999
76,14,传统制造_10,traditional,56550,0.0105,574,3969.2,2.704,0.0231,0.0624,0.05711516999999999
76,15,服务产业_1,service,29761,0.0028,450,5541.2,1.088,0.0302,0.0329,0.05711516999999999
76,16,服务产业_2,service,27896,0.0021,1351,5326.3,0.34,0.0906,0.0308,0.05711516999999999
76,17,服务产业_3,service,27149,0.0018,1062,6038.1,2.052,0.0146,0.03,0.05711516999999999
76,18,服务产业_4,service,18402,0.0037,105,4591.0,0.424,0.0479,0.0203,0.05711516999999999
76,19,服务产业_5,service,31834,0.0021,271,5880.8,0.451,0.0779,0.0351,0.05711516999999999
77,0,高科技_1,high_tech,5757,0.001,121,8641.9,0.631,0.0178,0.0112,0.06098847000000001
77,1,高科技_2,high_tech,22982,0.0012,136,7582.4,0.52,0.0864,0.0449,0.06098847000000001
77,2,高科技_3,high_tech,10965,0.0009,91,8824.7,0.646,0.0332,0.0214,0.06098847000000001
77,3,高科技_4,high_tech,9975,0.002,51,7232.2,0.514,0.0379,0.0195,0.06098847000000001
77,4,高科技_5,high_tech,15764,0.0006,99,8317.9,0.667,0.0462,0.0308,0.06098847000000001
77,5,传统制造_1,traditional,35087,0.0015,1258,3234.9,0.82,0.0836,0.0685,0.06098847000000001
77,6,传统制造_2,traditional,44218,0.0017,1211,3897.2,3.295,0.0262,0.0864,0.06098847000000001
77,7,传统制造_3,traditional,20284,0.0023,113,3800.8,0.535,0.0741,0.0396,0.06098847000000001
77,8,传统制造_4,traditional,35291,0.0035,699,4296.5,1.5,0.046,0.0689,0.06098847000000001
77,9,传统制造_5,traditional,44347,0.0038,241,3448.7,1.139,0.0761,0.0866,0.06098847000000001
77,10,传统制造_6,traditional,33535,0.0033,321,4420.6,1.122,0.0584,0.0655,0.06098847000000001
77,11,传统制造_7,traditional,39508,0.0023,365,4365.3,1.224,0.0631,0.0772,0.06098847000000001
77,12,传统制造_8,traditional,38933,0.0027,281,3769.2,1.534,0.0496,0.0761,0.06098847000000001
77,13,传统制造_9,traditional,30333,0.0019,190,5011.6,3.453,0.0172,0.0593,0.06098847000000001
77,14,传统制造_10,traditional,38387,0.003,361,4599.5,3.248,0.0231,0.075,0.06098847000000001
77,15,服务产业_1,service,15667,0.0016,84,4546.4,1.014,0.0302,0.0306,0.06098847000000001
77,16,服务产业_2,service,14011,0.0005,81,4351.9,0.302,0.0906,0.0274,0.06098847000000001
77,17,服务产业_3,service,21295,0.0006,161,4787.7,2.849,0.0146,0.0416,0.06098847000000001
77,18,服务产业_4,service,14556,0.0009,74,4104.9,0.594,0.0479,0.0284,0.06098847000000001
77,19,服务产业_5,service,20967,0.0023,332,5004.4,0.526,0.0779,0.041,0.06098847000000001
78,0,高科技_1,high_tech,45659,0.0073,346,7330.0,2.444,0.0178,0.0436,0.05871621
78,1,高科技_2,high_tech,26577,0.003,732,8797.3,0.293,0.0864,0.0254,0.05871621
78,2,高科技_3,high_tech,42548,0.0028,532,7435.5,1.224,0.0332,0.0406,0.05871621
78,3,高科技_4,high_tech,46284,0.0038,325,6446.7,1.163,0.0379,0.0442,0.05871621
78,4,高科技_5,high_tech,35761,0.0028,237,9029.1,0.738,0.0462,0.0341,0.05871621
78,5,传统制造_1,traditional,70843,0.0078,509,4019.1,0.809,0.0836,0.0676,0.05871621
78,6,传统制造_2,traditional,46290,0.0092,243,4908.6,1.684,0.0262,0.0442,0.05871621
78,7,传统制造_3,traditional,102562,0.0087,827,3514.4,1.32,0.0741,0.0978,0.05871621
78,8,传统制造_4,traditional,70403,0.0028,977,4614.8,1.461,0.046,0.0672,0.05871621
78,9,传统制造_5,traditional,74818,0.0027,438,3737.9,0.938,0.0761,0.0714,0.05871621
78,10,传统制造_6,traditional,76798,0.0072,772,4516.0,1.255,0.0584,0.0733,0.05871621
78,11,传统制造_7,traditional,62906,0.0066,396,4233.3,0.952,0.0631,0.06,0.05871621
78,12,传统制造_8,traditional,65713,0.0031,3245,5006.1,1.264,0.0496,0.0627,0.05871621
78,13,传统制造_9,traditional,78748,0.0054,1155,4442.7,4.377,0.0172,0.0751,0.05871621
78,14,传统制造_10,traditional,59948,0.005,397,3757.6,2.477,0.0231,0.0572,0.05871621
78,15,服务产业_1,service,33143,0.0021,229,5804.3,1.047,0.0302,0.0316,0.05871621
78,16,服务产业_2,service,33722,0.0035,986,5191.4,0.355,0.0906,0.0322,0.05871621
78,17,服务产业_3,service,24647,0.0015,397,5603.3,1.61,0.0146,0.0235,0.05871621
78,18,服务产业_4,service,33541,0.0019,781,5775.6,0.668,0.0479,0.032,0.05871621
78,19,服务产业_5,service,17402,0.0008,397,5593.3,0.213,0.0779,0.0166,0.05871621
79,0,高科技_1,high_tech,2760,0.0001,48,7968.4,1.403,0.0178,0.025,0.06000119999999999
79,1,高科技_2,high_tech,4036,0.0003,109,6941.1,0.423,0.0864,0.0366,0.06000119999999999
79,2,高科技_3,high_tech,3424,0.0007,75,6960.8,0.936,0.0332,0.031,0.06000119999999999
79,3,高科技_4,high_tech,6610,0.0004,54,7005.2,1.578,0.0379,0.0599,0.06000119999999999
79,4,高科技_5,high_tech,4266,0.0003,107,8980.9,0.836,0.0462,0.0386,0.06000119999999999
79,5,传统制造_1,traditional,7231,0.0004,115,4074.8,0.784,0.0836,0.0655,0.06000119999999999
79,6,传统制造_2,traditional,8858,0.0016,80,4469.4,3.06,0.0262,0.0802,0.06000119999999999
79,7,传统制造_3,traditional,8442,0.0003,47,3582.6,1.032,0.0741,0.0765,0.06000119999999999
79,8,传统制造_4,traditional,7291,0.0005,40,4355.7,1.437,0.046,0.066,0.06000119999999999
79,9,传统制造_5,traditional,11318,0.0013,114,4762.9,1.347,0.0761,0.1025,0.06000119999999999
79,10,传统制造_6,traditional,8659,0.001,90,4612.9,1.343,0.0584,0.0784,0.06000119999999999
79,11,传统制造_7,traditional,5466,0.0005,63,4485.2,0.785,0.0631,0.0495,0.06000119999999999
79,12,传统制造_8,traditional,6563,0.0002,40,3261.0,1.199,0.0496,0.0594,0.06000119999999999
79,13,传统制造_9,traditional,4514,0.0002,24,4030.9,2.382,0.0172,0.0409,0.06000119999999999
79,14,传统制造_10,traditional,4973,0.0002,36,4434.6,1.951,0.0231,0.045,0.06000119999999999
79,15,服务产业_1,service,5011,0.0009,28,5728.0,1.504,0.0302,0.0454,0.06000119999999999
79,16,服务产业_2,service,3840,0.0005,23,5548.4,0.384,0.0906,0.0348,0.06000119999999999
79,17,服务产业_3,service,1661,0.0001,9,5683.0,1.031,0.0146,0.0151,0.06000119999999999
79,18,服务产业_4,service,2866,0.0003,17,5694.9,0.542,0.0479,0.026,0.06000119999999999
79,19,服务产业_5,service,2615,0.0003,31,5582.4,0.304,0.0779,0.0237,0.06000119999999999
80,0,高科技_1,high_tech,27192,0.0029,682,8385.3,2.385,0.0178,0.0425,0.060617620000000004
80,1,高科技_2,high_tech,20432,0.002,108,7909.6,0.37,0.0864,0.0319,0.060617620000000004
80,2,高科技_3,high_tech,23378,0.0028,164,9163.4,1.102,0.0332,0.0365,0.060617620000000004
80,3,高科技_4,high_tech,4857,0.0004,68,8705.2,0.2,0.0379,0.0076,0.060617620000000004
80,4,高科技_5,high_tech,18098,0.0006,101,9166.4,0.612,0.0462,0.0283,0.060617620000000004
80,5,传统制造_1,traditional,41123,0.0059,1352,4946.9,0.769,0.0836,0.0643,0.060617620000000004
80,6,传统制造_2,traditional,41242,0.0023,1498,4940.1,2.459,0.0262,0.0645,0.060617620000000004
80,7,传统制造_3,traditional,42050,0.0023,268,3168.3,0.887,0.0741,0.0657,0.060617620000000004
80,8,传统制造_4,traditional,34377,0.0016,221,3893.6,1.169,0.046,0.0537,0.060617620000000004
80,9,传统制造_5,traditional,42059,0.0036,1434,4750.9,0.864,0.0761,0.0657,0.060617620000000004
80,10,传统制造_6,traditional,54836,0.0084,387,3945.3,1.468,0.0584,0.0857,0.060617620000000004
80,11,传统制造_7,traditional,42365,0.0038,290,3089.4,1.05,0.0631,0.0662,0.060617620000000004
80,12,传统制造_8,traditional,56753,0.0075,360,4869.2,1.789,0.0496,0.0887,0.060617620000000004
80,13,传统制造_9,traditional,56161,0.003,432,4981.0,5.115,0.0172,0.0878,0.060617620000000004
80,14,传统制造_10,traditional,39765,0.003,716,4647.8,2.692,0.0231,0.0622,0.060617620000000004
80,15,服务产业_1,service,23078,0.0074,159,5018.8,1.195,0.0302,0.0361,0.060617620000000004
80,16,服务产业_2,service,13571,0.0009,279,5834.8,0.234,0.0906,0.0212,0.060617620000000004
80,17,服务产业_3,service,14879,0.0007,81,5826.5,1.593,0.0146,0.0233,0.060617620000000004
80,18,服务产业_4,service,20767,0.0032,115,4907.8,0.678,0.0479,0.0325,0.060617620000000004
80,19,服务产业_5,service,22771,0.0039,729,5038.5,0.457,0.0779,0.0356,0.060617620000000004
81,0,高科技_1,high_tech,71343,0.003,357,7270.5,3.238,0.0178,0.0577,0.05891447000000001
81,1,高科技_2,high_tech,73558,0.004,543,8925.8,0.688,0.0864,0.0595,0.05891447000000001
81,2,高科技_3,high_tech,51689,0.0035,264,8461.4,1.261,0.0332,0.0418,0.05891447000000001
81,3,高科技_4,high_tech,38327,0.0041,306,8364.2,0.817,0.0379,0.031,0.05891447000000001
81,4,高科技_5,high_tech,33523,0.0015,267,7226.2,0.587,0.0462,0.0271,0.05891447000000001
81,5,传统制造_1,traditional,90756,0.0026,573,3625.4,0.878,0.0836,0.0734,0.05891447000000001
81,6,传统制造_2,traditional,101352,0.006,1714,4664.8,3.127,0.0262,0.082,0.05891447000000001
81,7,传统制造_3,traditional,82774,0.0074,1228,4752.4,0.903,0.0741,0.067,0.05891447000000001
81,8,传统制造_4,traditional,97842,0.0051,2951,3450.0,1.722,0.046,0.0791,0.05891447000000001
81,9,传统制造_5,traditional,77249,0.0086,496,4859.2,0.821,0.0761,0.0625,0.05891447000000001
81,10,传统制造_6,traditional,71841,0.0031,2139,3552.4,0.995,0.0584,0.0581,0.05891447000000001
81,11,传统制造_7,traditional,84748,0.0052,431,3458.1,1.087,0.0631,0.0685,0.05891447000000001
81,12,传统制造_8,traditional,49067,0.0051,487,4558.7,0.801,0.0496,0.0397,0.05891447000000001
81,13,传统制造_9,traditional,73124,0.0169,501,3984.3,3.446,0.0172,0.0591,0.05891447000000001
81,14,传统制造_10,traditional,93723,0.0094,1888,4211.2,3.283,0.0231,0.0758,0.05891447000000001
81,15,服务产业_1,service,16338,0.001,112,5463.5,0.438,0.0302,0.0132,0.05891447000000001
81,16,服务产业_2,service,27333,0.0044,153,4897.3,0.244,0.0906,0.0221,0.05891447000000001
81,17,服务产业_3,service,38395,0.005,288,5583.8,2.126,0.0146,0.0311,0.05891447000000001
81,18,服务产业_4,service,28231,0.0032,204,5019.5,0.477,0.0479,0.0228,0.05891447000000001
81,19,服务产业_5,service,35125,0.0029,203,5154.4,0.365,0.0779,0.0284,0.05891447000000001
82,0,高科技_1,high_tech,218265,0.0406,2160,8305.1,4.351,0.0178,0.0775,0.05436993
82,1,高科技_2,high_tech,159313,0.0352,892,6942.2,0.655,0.0864,0.0566,0.05436993
82,2,高科技_3,high_tech,169322,0.0116,2115,7236.5,1.814,0.0332,0.0601,0.05436993
82,3,高科技_4,high_tech,90054,0.0126,540,8615.6,0.843,0.0379,0.032,0.05436993
82,4,高科技_5,high_tech,97874,0.0046,1078,9684.5,0.753,0.0462,0.0348,0.05436993
82,5,传统制造_1,traditional,205810,0.0268,1066,4963.3,0.875,0.0836,0.0731,0.05436993
82,6,传统制造_2,traditional,146200,0.0164,1163,4642.5,1.981,0.0262,0.0519,0.05436993
82,7,传统制造_3,traditional,120189,0.0151,621,4987.8,0.576,0.0741,0.0427,0.05436993
82,8,传统制造_4,traditional,109696,0.0047,560,4476.8,0.848,0.046,0.039,0.05436993
82,9,传统制造_5,traditional,157137,0.0152,827,4905.0,0.734,0.0761,0.0558,0.05436993
82,10,传统制造_6,traditional,156722,0.0119,867,3438.6,0.953,0.0584,0.0557,0.05436993
82,11,传统制造_7,traditional,197036,0.011,1119,4683.1,1.11,0.0631,0.07,0.05436993
82,12,传统制造_8,traditional,131761,0.0091,5181,3327.7,0.944,0.0496,0.0468,0.05436993
82,13,传统制造_9,traditional,209505,0.0123,1155,4982.6,4.336,0.0172,0.0744,0.05436993
82,14,传统制造_10,traditional,124419,0.0067,4175,5356.3,1.914,0.0231,0.0442,0.05436993
82,15,服务产业_1,service,79783,0.005,601,4787.6,0.939,0.0302,0.0283,0.05436993
82,16,服务产业_2,service,117332,0.0076,704,6081.1,0.46,0.0906,0.0417,0.05436993
82,17,服务产业_3,service,114914,0.0174,3195,6483.1,2.795,0.0146,0.0408,0.05436993
82,18,服务产业_4,service,129842,0.0107,1164,4936.5,0.963,0.0479,0.0461,0.05436993
82,19,服务产业_5,service,80075,0.0095,470,5388.8,0.365,0.0779,0.0284,0.05436993
83,0,高科技_1,high_tech,5832,0.0004,32,7326.3,1.185,0.0178,0.0211,0.05949258000000001
83,1,高科技_2,high_tech,9960,0.0008,198,8510.5,0.417,0.0864,0.0361,0.05949258000000001
83,2,高科技_3,high_tech,12885,0.0008,105,7183.9,1.407,0.0332,0.0466,0.05949258000000001
83,3,高科技_4,high_tech,9089,0.0004,174,7324.1,0.867,0.0379,0.0329,0.05949258000000001
83,4,高科技_5,high_tech,9074,0.0008,178,7556.4,0.711,0.0462,0.0329,0.05949258000000001
83,5,传统制造_1,traditional,18414,0.0009,152,4961.9,0.798,0.0836,0.0667,0.05949258000000001
83,6,传统制造_2,traditional,16720,0.0016,460,5050.4,2.309,0.0262,0.0605,0.05949258000000001
83,7,传统制造_3,traditional,18851,0.0011,113,3171.7,0.921,0.0741,0.0682,0.05949258000000001
83,8,传统制造_4,traditional,21276,0.0018,186,4321.0,1.676,0.046,0.077,0.05949258000000001
83,9,传统制造_5,traditional,18570,0.0007,179,4533.9,0.884,0.0761,0.0672,0.05949258000000001
83,10,传统制造_6,traditional,17381,0.0008,666,3703.1,1.078,0.0584,0.0629,0.05949258000000001
83,11,传统制造_7,traditional,20187,0.0012,208,4381.5,1.159,0.0631,0.0731,0.05949258000000001
83,12,传统制造_8,traditional,22715,0.0012,208,3518.3,1.659,0.0496,0.0822,0.05949258000000001
83,13,传统制造_9,traditional,15231,0.0016,79,4358.1,3.213,0.0172,0.0551,0.05949258000000001
83,14,传统制造_10,traditional,23998,0.0021,339,3450.7,3.763,0.0231,0.0869,0.05949258000000001
83,15,服务产业_1,service,6550,0.0013,47,5929.1,0.786,0.0302,0.0237,0.05949258000000001
83,16,服务产业_2,service,8337,0.0007,72,5360.8,0.333,0.0906,0.0302,0.05949258000000001
83,17,服务产业_3,service,8246,0.0003,65,4612.3,2.044,0.0146,0.0299,0.05949258000000001
83,18,服务产业_4,service,8356,0.0004,60,4667.3,0.631,0.0479,0.0303,0.05949258000000001
83,19,服务产业_5,service,4552,0.0005,130,4316.8,0.211,0.0779,0.0165,0.05949258000000001
84,0,高科技_1,high_tech,5636,0.0002,80,7192.4,1.37,0.0178,0.0244,0.062374639999999995
84,1,高科技_2,high_tech,6294,0.0009,52,6556.9,0.315,0.0864,0.0273,0.062374639999999995
84,2,高科技_3,high_tech,9261,0.0007,318,6761.8,1.21,0.0332,0.0401,0.062374639999999995
84,3,高科技_4,high_tech,7261,0.0005,101,8243.4,0.829,0.0379,0.0315,0.062374639999999995
84,4,高科技_5,high_tech,7414,0.0007,55,8979.1,0.695,0.0462,0.0321,0.062374639999999995
84,5,传统制造_1,traditional,11779,0.0009,133,3962.6,0.61,0.0836,0.051,0.062374639999999995
84,6,传统制造_2,traditional,15852,0.0018,179,5021.3,2.619,0.0262,0.0687,0.062374639999999995
84,7,传统制造_3,traditional,19972,0.0015,169,3473.9,1.167,0.0741,0.0865,0.062374639999999995
84,8,传统制造_4,traditional,23347,0.0018,206,4525.0,2.2,0.046,0.1011,0.062374639999999995
84,9,传统制造_5,traditional,19780,0.0014,123,4916.1,1.126,0.0761,0.0857,0.062374639999999995
84,10,传统制造_6,traditional,19296,0.0013,162,3294.8,1.431,0.0584,0.0836,0.062374639999999995
84,11,传统制造_7,traditional,11240,0.0008,306,4380.2,0.772,0.0631,0.0487,0.062374639999999995
84,12,传统制造_8,traditional,16874,0.0018,91,3927.6,1.474,0.0496,0.0731,0.062374639999999995
84,13,传统制造_9,traditional,14760,0.0014,75,3109.5,3.725,0.0172,0.0639,0.062374639999999995
84,14,传统制造_10,traditional,11844,0.0007,63,3483.0,2.222,0.0231,0.0513,0.062374639999999995
84,15,服务产业_1,service,4937,0.0005,32,4904.1,0.708,0.0302,0.0214,0.062374639999999995
84,16,服务产业_2,service,8449,0.0005,57,4398.4,0.404,0.0906,0.0366,0.062374639999999995
84,17,服务产业_3,service,6231,0.0004,60,4329.6,1.848,0.0146,0.027,0.062374639999999995
84,18,服务产业_4,service,4570,0.0002,35,5957.9,0.413,0.0479,0.0198,0.062374639999999995
84,19,服务产业_5,service,6088,0.0006,32,4449.2,0.338,0.0779,0.0264,0.062374639999999995
85,0,高科技_1,high_tech,16107,0.0008,102,6512.6,1.688,0.0178,0.0301,0.061173960000000006
85,1,高科技_2,high_tech,23139,0.0023,116,6957.3,0.5,0.0864,0.0432,0.061173960000000006
85,2,高科技_3,high_tech,13737,0.0008,71,8606.3,0.774,0.0332,0.0257,0.061173960000000006
85,3,高科技_4,high_tech,14878,0.0014,175,7372.7,0.732,0.0379,0.0278,0.061173960000000006
85,4,高科技_5,high_tech,23118,0.0014,513,7547.2,0.935,0.0462,0.0432,0.061173960000000006
85,5,传统制造_1,traditional,39859,0.0012,284,3798.4,0.891,0.0836,0.0744,0.061173960000000006
85,6,传统制造_2,traditional,39889,0.0034,1581,3736.6,2.842,0.0262,0.0745,0.061173960000000006
85,7,传统制造_3,traditional,52463,0.0018,456,3726.4,1.322,0.0741,0.098,0.061173960000000006
85,8,传统制造_4,traditional,37172,0.0044,197,4724.2,1.511,0.046,0.0694,0.061173960000000006
85,9,传统制造_5,traditional,33069,0.002,874,3632.9,0.812,0.0761,0.0618,0.061173960000000006
85,10,传统制造_6,traditional,34923,0.0031,228,5041.0,1.117,0.0584,0.0652,0.061173960000000006
85,11,传统制造_7,traditional,20853,0.0014,565,3846.0,0.618,0.0631,0.0389,0.061173960000000006
85,12,传统制造_8,traditional,38724,0.0079,281,4884.4,1.459,0.0496,0.0723,0.061173960000000006
85,13,传统制造_9,traditional,46103,0.003,269,3157.1,5.017,0.0172,0.0861,0.061173960000000006
85,14,传统制造_10,traditional,33449,0.0007,167,3912.0,2.706,0.0231,0.0625,0.061173960000000006
85,15,服务产业_1,service,20822,0.0013,145,4637.0,1.288,0.0302,0.0389,0.061173960000000006
85,16,服务产业_2,service,11881,0.0005,92,5821.9,0.245,0.0906,0.0222,0.061173960000000006
85,17,服务产业_3,service,12635,0.0012,538,5083.9,1.616,0.0146,0.0236,0.061173960000000006
85,18,服务产业_4,service,12620,0.0009,71,5201.9,0.492,0.0479,0.0236,0.061173960000000006
85,19,服务产业_5,service,9942,0.0004,89,4235.7,0.238,0.0779,0.0186,0.061173960000000006
86,0,高科技_1,high_tech,59021,0.003,1444,7430.9,2.373,0.0178,0.0423,0.057935060000000003
86,1,高科技_2,high_tech,66625,0.0066,558,9518.2,0.552,0.0864,0.0477,0.057935060000000003
86,2,高科技_3,high_tech,51109,0.0016,1665,8807.8,1.105,0.0332,0.0366,0.057935060000000003
86,3,高科技_4,high_tech,33345,0.001,632,8740.9,0.63,0.0379,0.0239,0.057935060000000003
86,4,高科技_5,high_tech,40441,0.0032,298,8292.2,0.627,0.0462,0.029,0.057935060000000003
86,5,传统制造_1,traditional,50885,0.0042,500,3491.4,0.436,0.0836,0.0365,0.057935060000000003
86,6,传统制造_2,traditional,109604,0.0076,826,3978.6,2.996,0.0262,0.0785,0.057935060000000003
86,7,传统制造_3,traditional,102423,0.0162,1824,4896.8,0.99,0.0741,0.0734,0.057935060000000003
86,8,传统制造_4,traditional,94602,0.0108,488,4946.6,1.475,0.046,0.0678,0.057935060000000003
86,9,传统制造_5,traditional,81650,0.005,1895,4999.7,0.769,0.0761,0.0585,0.057935060000000003
86,10,传统制造_6,traditional,91802,0.003,2496,3775.8,1.127,0.0584,0.0658,0.057935060000000003
86,11,传统制造_7,traditional,94337,0.0074,2108,3239.0,1.072,0.0631,0.0676,0.057935060000000003
86,12,传统制造_8,traditional,84986,0.0042,3400,4214.6,1.228,0.0496,0.0609,0.057935060000000003
86,13,传统制造_9,traditional,85709,0.0086,558,5228.6,3.578,0.0172,0.0614,0.057935060000000003
86,14,传统制造_10,traditional,119726,0.0065,1853,3478.7,3.716,0.0231,0.0858,0.057935060000000003
86,15,服务产业_1,service,36340,0.0021,221,6163.2,0.863,0.0302,0.026,0.057935060000000003
86,16,服务产业_2,service,65999,0.007,2206,5684.1,0.522,0.0906,0.0473,0.057935060000000003
86,17,服务产业_3,service,31525,0.0019,274,4833.6,1.547,0.0146,0.0226,0.057935060000000003
86,18,服务产业_4,service,74128,0.0038,781,5753.1,1.109,0.0479,0.0531,0.057935060000000003
86,19,服务产业_5,service,21287,0.0022,263,6062.0,0.196,0.0779,0.0153,0.057935060000000003
87,0,高科技_1,high_tech,37082,0.0025,309,6615.6,2.009,0.0178,0.0358,0.05936627
87,1,高科技_2,high_tech,45482,0.0037,1576,7380.3,0.508,0.0864,0.0439,0.05936627
87,2,高科技_3,high_tech,16750,0.0007,167,7729.7,0.488,0.0332,0.0162,0.05936627
87,3,高科技_4,high_tech,19720,0.0023,115,8746.3,0.502,0.0379,0.019,0.05936627
87,4,高科技_5,high_tech,41555,0.0049,1442,8154.5,0.869,0.0462,0.0401,0.05936627
87,5,传统制造_1,traditional,33736,0.0031,196,3630.2,0.39,0.0836,0.0326,0.05936627
87,6,传统制造_2,traditional,86206,0.0059,446,4535.8,3.175,0.0262,0.0832,0.05936627
87,7,传统制造_3,traditional,89744,0.0032,930,3145.8,1.169,0.0741,0.0867,0.05936627
87,8,传统制造_4,traditional,75841,0.0021,1419,4137.1,1.593,0.046,0.0732,0.05936627
87,9,传统制造_5,traditional,68980,0.0074,846,3182.7,0.875,0.0761,0.0666,0.05936627
87,10,传统制造_6,traditional,86542,0.0103,658,4841.8,1.431,0.0584,0.0836,0.05936627
87,11,传统制造_7,traditional,64246,0.0075,1135,3694.6,0.984,0.0631,0.062,0.05936627
87,12,传统制造_8,traditional,65491,0.0034,365,4117.5,1.276,0.0496,0.0632,0.05936627
87,13,传统制造_9,traditional,68887,0.0049,878,4091.3,3.876,0.0172,0.0665,0.05936627
87,14,传统制造_10,traditional,59108,0.0024,587,4099.4,2.472,0.0231,0.0571,0.05936627
87,15,服务产业_1,service,45447,0.0021,463,5270.2,1.454,0.0302,0.0439,0.05936627
87,16,服务产业_2,service,45181,0.0025,691,5376.8,0.482,0.0906,0.0436,0.05936627
87,17,服务产业_3,service,26273,0.0027,134,4172.8,1.737,0.0146,0.0254,0.05936627
87,18,服务产业_4,service,27915,0.0038,226,4156.9,0.563,0.0479,0.027,0.05936627
87,19,服务产业_5,service,31354,0.0039,242,4374.8,0.389,0.0779,0.0303,0.05936627
88,0,高科技_1,high_tech,26433,0.001,136,7723.7,2.13,0.0178,0.038,0.056119260000000004
88,1,高科技_2,high_tech,21139,0.002,891,7832.0,0.351,0.0864,0.0304,0.056119260000000004
88,2,高科技_3,high_tech,29547,0.0022,175,7727.0,1.28,0.0332,0.0424,0.056119260000000004
88,3,高科技_4,high_tech,27215,0.0014,312,8773.2,1.03,0.0379,0.0391,0.056119260000000004
88,4,高科技_5,high_tech,48616,0.0032,442,9078.5,1.511,0.0462,0.0698,0.056119260000000004
88,5,传统制造_1,traditional,38147,0.0038,732,3648.4,0.655,0.0836,0.0548,0.056119260000000004
88,6,传统制造_2,traditional,58947,0.0028,854,4148.7,3.228,0.0262,0.0846,0.056119260000000004
88,7,传统制造_3,traditional,38606,0.0026,631,4436.0,0.748,0.0741,0.0554,0.056119260000000004
88,8,传统制造_4,traditional,51449,0.0027,326,4194.8,1.607,0.046,0.0739,0.056119260000000004
88,9,传统制造_5,traditional,22344,0.0015,132,3774.2,0.422,0.0761,0.0321,0.056119260000000004
88,10,传统制造_6,traditional,41771,0.0025,213,4728.2,1.027,0.0584,0.06,0.056119260000000004
88,11,传统制造_7,traditional,50934,0.0073,2224,4808.7,1.16,0.0631,0.0731,0.056119260000000004
88,12,传统制造_8,traditional,48773,0.0035,438,3164.7,1.413,0.0496,0.07,0.056119260000000004
88,13,传统制造_9,traditional,27876,0.001,654,3901.9,2.332,0.0172,0.04,0.056119260000000004
88,14,传统制造_10,traditional,42706,0.0016,372,3812.8,2.656,0.0231,0.0613,0.056119260000000004
88,15,服务产业_1,service,27738,0.0031,207,4919.2,1.319,0.0302,0.0398,0.056119260000000004
88,16,服务产业_2,service,25470,0.0007,148,4782.7,0.404,0.0906,0.0366,0.056119260000000004
88,17,服务产业_3,service,25124,0.0006,211,5294.2,2.47,0.0146,0.0361,0.056119260000000004
88,18,服务产业_4,service,32173,0.0026,499,4477.2,0.964,0.0479,0.0462,0.056119260000000004
88,19,服务产业_5,service,11421,0.0005,175,4259.6,0.21,0.0779,0.0164,0.056119260000000004
89,0,高科技_1,high_tech,43804,0.008,271,9197.2,2.229,0.0178,0.0397,0.055504590000000006
89,1,高科技_2,high_tech,34096,0.003,627,8311.3,0.358,0.0864,0.0309,0.055504590000000006
89,2,高科技_3,high_tech,43329,0.0023,948,8661.2,1.185,0.0332,0.0393,0.055504590000000006
89,3,高科技_4,high_tech,46015,0.002,249,6340.3,1.099,0.0379,0.0417,0.055504590000000006
89,4,高科技_5,high_tech,27730,0.0015,257,8583.9,0.544,0.0462,0.0251,0.055504590000000006
89,5,传统制造_1,traditional,52262,0.0055,469,3605.0,0.567,0.0836,0.0474,0.055504590000000006
89,6,传统制造_2,traditional,85003,0.0069,453,4886.4,2.94,0.0262,0.0771,0.055504590000000006
89,7,传统制造_3,traditional,71435,0.008,401,3876.6,0.874,0.0741,0.0648,0.055504590000000006
89,8,传统制造_4,traditional,67604,0.0072,433,4633.4,1.334,0.046,0.0613,0.055504590000000006
89,9,传统制造_5,traditional,49837,0.0032,2359,3170.4,0.594,0.0761,0.0452,0.055504590000000006
89,10,传统制造_6,traditional,80432,0.0034,2634,3718.9,1.249,0.0584,0.0729,0.055504590000000006
89,11,传统制造_7,traditional,69680,0.0083,407,4103.4,1.002,0.0631,0.0632,0.055504590000000006
89,12,传统制造_8,traditional,90559,0.0124,1157,3146.6,1.656,0.0496,0.0821,0.055504590000000006
89,13,传统制造_9,traditional,72391,0.0068,925,5115.5,3.824,0.0172,0.0656,0.055504590000000006
89,14,传统制造_10,traditional,66095,0.0188,421,3362.8,2.596,0.0231,0.0599,0.055504590000000006
89,15,服务产业_1,service,29653,0.0016,194,4784.6,0.891,0.0302,0.0269,0.055504590000000006
89,16,服务产业_2,service,48905,0.0017,1026,4917.2,0.489,0.0906,0.0443,0.055504590000000006
89,17,服务产业_3,service,43744,0.0023,1181,5923.6,2.716,0.0146,0.0397,0.055504590000000006
89,18,服务产业_4,service,36999,0.0046,504,4603.3,0.7,0.0479,0.0335,0.055504590000000006
89,19,服务产业_5,service,43316,0.0017,291,5463.9,0.504,0.0779,0.0393,0.055504590000000006
90,0,高科技_1,high_tech,49527,0.005,924,9179.7,2.461,0.0178,0.0439,0.058413480000000004
90,1,高科技_2,high_tech,25942,0.0025,419,6624.8,0.266,0.0864,0.023,0.058413480000000004
90,2,高科技_3,high_tech,34850,0.003,821,8438.8,0.931,0.0332,0.0309,0.058413480000000004
90,3,高科技_4,high_tech,63010,0.0018,725,7914.3,1.471,0.0379,0.0558,0.058413480000000004
90,4,高科技_5,high_tech,43187,0.004,257,7819.0,0.828,0.0462,0.0382,0.058413480000000004
90,5,传统制造_1,traditional,54307,0.0046,273,4169.6,0.576,0.0836,0.0481,0.058413480000000004
90,6,传统制造_2,traditional,109924,0.0044,2350,3428.0,3.713,0.0262,0.0974,0.058413480000000004
90,7,传统制造_3,traditional,67693,0.0053,535,3934.3,0.809,0.0741,0.06,0.058413480000000004
90,8,传统制造_4,traditional,75306,0.0035,849,3857.9,1.451,0.046,0.0667,0.058413480000000004
90,9,传统制造_5,traditional,65936,0.0042,500,3879.3,0.768,0.0761,0.0584,0.058413480000000004
90,10,传统制造_6,traditional,61798,0.002,1415,3697.7,0.937,0.0584,0.0547,0.058413480000000004
90,11,传统制造_7,traditional,96202,0.0053,3473,3499.9,1.351,0.0631,0.0852,0.058413480000000004
90,12,传统制造_8,traditional,79398,0.0038,568,3658.2,1.418,0.0496,0.0703,0.058413480000000004
90,13,传统制造_9,traditional,81217,0.0048,620,4404.1,4.191,0.0172,0.0719,0.058413480000000004
90,14,传统制造_10,traditional,56848,0.0016,456,3620.6,2.181,0.0231,0.0503,0.058413480000000004
90,15,服务产业_1,service,33005,0.0009,1385,5433.6,0.968,0.0302,0.0292,0.058413480000000004
90,16,服务产业_2,service,30126,0.0017,169,5153.4,0.295,0.0906,0.0267,0.058413480000000004
90,17,服务产业_3,service,28310,0.0069,379,5574.3,1.717,0.0146,0.0251,0.058413480000000004
90,18,服务产业_4,service,39841,0.0019,375,4646.6,0.737,0.0479,0.0353,0.058413480000000004
90,19,服务产业_5,service,32660,0.0052,214,5845.1,0.371,0.0779,0.0289,0.058413480000000004
91,0,高科技_1,high_tech,92836,0.0056,1320,6826.7,2.076,0.0178,0.037,0.05627758
91,1,高科技_2,high_tech,91508,0.0068,691,7183.7,0.422,0.0864,0.0365,0.05627758
91,2,高科技_3,high_tech,65574,0.0031,1026,7108.4,0.788,0.0332,0.0261,0.05627758
91,3,高科技_4,high_tech,76300,0.004,523,9442.7,0.801,0.0379,0.0304,0.05627758
91,4,高科技_5,high_tech,156933,0.0409,938,7910.2,1.354,0.0462,0.0625,0.05627758
91,5,传统制造_1,traditional,168645,0.011,2267,5220.0,0.804,0.0836,0.0672,0.05627758
91,6,传统制造_2,traditional,142134,0.0098,969,4572.9,2.16,0.0262,0.0566,0.05627758
91,7,传统制造_3,traditional,182077,0.0148,1329,4963.6,0.979,0.0741,0.0726,0.05627758
91,8,传统制造_4,traditional,147165,0.0121,854,3758.7,1.276,0.046,0.0586,0.05627758
91,9,传统制造_5,traditional,126628,0.0259,890,4688.7,0.663,0.0761,0.0505,0.05627758
91,10,传统制造_6,traditional,143153,0.0072,1117,4597.4,0.977,0.0584,0.057,0.05627758
91,11,传统制造_7,traditional,116188,0.0351,783,3793.5,0.734,0.0631,0.0463,0.05627758
91,12,传统制造_8,traditional,213732,0.005,7922,4492.8,1.718,0.0496,0.0852,0.05627758
91,13,传统制造_9,traditional,182380,0.012,1027,5157.1,4.235,0.0172,0.0727,0.05627758
91,14,传统制造_10,traditional,182138,0.0297,1228,3682.1,3.144,0.0231,0.0726,0.05627758
91,15,服务产业_1,service,79423,0.0062,2535,5852.2,1.048,0.0302,0.0316,0.05627758
91,16,服务产业_2,service,90431,0.0082,790,6001.4,0.398,0.0906,0.036,0.05627758
91,17,服务产业_3,service,80399,0.0025,591,6063.7,2.194,0.0146,0.032,0.05627758
91,18,服务产业_4,service,59348,0.0037,307,4983.9,0.494,0.0479,0.0236,0.05627758
91,19,服务产业_5,service,112487,0.0103,869,6264.3,0.575,0.0779,0.0448,0.05627758
92,0,高科技_1,high_tech,21726,0.0021,715,6722.5,2.177,0.0178,0.0388,0.05841128999999999
92,1,高科技_2,high_tech,16938,0.0019,89,7964.4,0.35,0.0864,0.0302,0.05841128999999999
92,2,高科技_3,high_tech,15797,0.0034,302,8784.5,0.851,0.0332,0.0282,0.05841128999999999
92,3,高科技_4,high_tech,23498,0.0014,170,7504.2,1.106,0.0379,0.042,0.05841128999999999
92,4,高科技_5,high_tech,27361,0.0039,362,6489.6,1.058,0.0462,0.0489,0.05841128999999999
92,5,传统制造_1,traditional,32448,0.0022,607,3200.9,0.693,0.0836,0.0579,0.05841128999999999
92,6,传统制造_2,traditional,38476,0.0079,204,4556.6,2.621,0.0262,0.0687,0.05841128999999999
92,7,传统制造_3,traditional,25994,0.002,208,4785.6,0.626,0.0741,0.0464,0.05841128999999999
92,8,传统制造_4,traditional,49259,0.0043,1634,3627.3,1.914,0.046,0.088,0.05841128999999999
92,9,传统制造_5,traditional,44491,0.0044,552,5055.7,1.044,0.0761,0.0794,0.05841128999999999
92,10,传统制造_6,traditional,31968,0.0052,192,4359.1,0.978,0.0584,0.0571,0.05841128999999999
92,11,传统制造_7,traditional,33640,0.0022,1444,3075.8,0.953,0.0631,0.0601,0.05841128999999999
92,12,传统制造_8,traditional,44948,0.0044,385,3540.4,1.619,0.0496,0.0803,0.05841128999999999
92,13,传统制造_9,traditional,37468,0.0041,1052,3369.2,3.898,0.0172,0.0669,0.05841128999999999
92,14,传统制造_10,traditional,40775,0.0057,215,4974.5,3.154,0.0231,0.0728,0.05841128999999999
92,15,服务产业_1,service,11717,0.0027,94,5752.2,0.693,0.0302,0.0209,0.05841128999999999
92,16,服务产业_2,service,17794,0.0018,180,4837.1,0.351,0.0906,0.0318,0.05841128999999999
92,17,服务产业_3,service,14973,0.0016,221,5945.9,1.831,0.0146,0.0267,0.05841128999999999
92,18,服务产业_4,service,16713,0.001,255,5225.7,0.623,0.0479,0.0298,0.05841128999999999
92,19,服务产业_5,service,14005,0.0013,148,4481.8,0.321,0.0779,0.025,0.05841128999999999
93,0,高科技_1,high_tech,23011,0.0024,137,7318.0,2.337,0.0178,0.0416,0.05715253
93,1,高科技_2,high_tech,18472,0.0029,120,8527.1,0.387,0.0864,0.0334,0.05715253
93,2,高科技_3,high_tech,16490,0.0011,91,8258.9,0.9,0.0332,0.0298,0.05715253
93,3,高科技_4,high_tech,28128,0.0015,295,6665.1,1.341,0.0379,0.0509,0.05715253
93,4,高科技_5,high_tech,23625,0.0016,368,7238.2,0.925,0.0462,0.0428,0.05715253
93,5,传统制造_1,traditional,35235,0.0023,679,3350.5,0.763,0.0836,0.0638,0.05715253
93,6,传统制造_2,traditional,49705,0.0029,410,3458.9,3.431,0.0262,0.0899,0.05715253
93,7,传统制造_3,traditional,37252,0.0038,343,3616.5,0.909,0.0741,0.0674,0.05715253
93,8,传统制造_4,traditional,43490,0.001,778,4061.6,1.712,0.046,0.0787,0.05715253
93,9,传统制造_5,traditional,29489,0.0014,219,3673.3,0.701,0.0761,0.0534,0.05715253
93,10,传统制造_6,traditional,26306,0.0009,228,4655.6,0.815,0.0584,0.0476,0.05715253
93,11,传统制造_7,traditional,30628,0.0021,993,4107.3,0.879,0.0631,0.0554,0.05715253
93,12,传统制造_8,traditional,40430,0.0021,213,3582.1,1.476,0.0496,0.0732,0.05715253
93,13,传统制造_9,traditional,35580,0.0024,292,3811.7,3.752,0.0172,0.0644,0.05715253
93,14,传统制造_10,traditional,35266,0.0029,244,4652.2,2.764,0.0231,0.0638,0.05715253
93,15,服务产业_1,service,17141,0.0005,127,5142.3,1.028,0.0302,0.031,0.05715253
93,16,服务产业_2,service,16805,0.0013,86,5143.2,0.336,0.0906,0.0304,0.05715253
93,17,服务产业_3,service,21163,0.0034,274,4979.5,2.622,0.0146,0.0383,0.05715253
93,18,服务产业_4,service,13942,0.0004,287,4949.1,0.527,0.0479,0.0252,0.05715253
93,19,服务产业_5,service,10431,0.0007,57,4591.1,0.242,0.0779,0.0189,0.05715253
94,0,高科技_1,high_tech,17514,0.0006,193,6576.8,2.724,0.0178,0.0485,0.056726269999999995
94,1,高科技_2,high_tech,10003,0.0007,122,6230.9,0.321,0.0864,0.0277,0.056726269999999995
94,2,高科技_3,high_tech,14112,0.0018,125,8316.3,1.18,0.0332,0.0391,0.056726269999999995
94,3,高科技_4,high_tech,19211,0.0035,125,8952.3,1.403,0.0379,0.0533,0.056726269999999995
94,4,高科技_5,high_tech,15465,0.0017,77,6188.3,0.928,0.0462,0.0429,0.056726269999999995
94,5,传统制造_1,traditional,19904,0.001,227,3936.5,0.66,0.0836,0.0552,0.056726269999999995
94,6,传统制造_2,traditional,24001,0.0028,515,3284.9,2.538,0.0262,0.0665,0.056726269999999995
94,7,传统制造_3,traditional,24394,0.002,121,4729.3,0.912,0.0741,0.0676,0.056726269999999995
94,8,传统制造_4,traditional,26524,0.0013,152,4926.2,1.6,0.046,0.0735,0.056726269999999995
94,9,传统制造_5,traditional,23708,0.0039,156,3859.3,0.864,0.0761,0.0657,0.056726269999999995
94,10,传统制造_6,traditional,25800,0.0012,532,4642.0,1.225,0.0584,0.0715,0.056726269999999995
94,11,传统制造_7,traditional,28322,0.0023,1120,3149.9,1.245,0.0631,0.0785,0.056726269999999995
94,12,传统制造_8,traditional,18576,0.0007,254,3860.8,1.039,0.0496,0.0515,0.056726269999999995
94,13,传统制造_9,traditional,17311,0.0013,151,3626.4,2.796,0.0172,0.048,0.056726269999999995
94,14,传统制造_10,traditional,26389,0.0006,763,4813.0,3.168,0.0231,0.0731,0.056726269999999995
94,15,服务产业_1,service,9967,0.0006,141,5305.6,0.915,0.0302,0.0276,0.056726269999999995
94,16,服务产业_2,service,12601,0.0005,496,5808.9,0.386,0.0906,0.0349,0.056726269999999995
94,17,服务产业_3,service,13183,0.0011,120,4909.3,2.502,0.0146,0.0365,0.056726269999999995
94,18,服务产业_4,service,5570,0.0003,46,5596.5,0.322,0.0479,0.0154,0.056726269999999995
94,19,服务产业_5,service,8196,0.0012,69,4192.1,0.292,0.0779,0.0227,0.056726269999999995
95,0,高科技_1,high_tech,10516,0.0011,55,8915.9,2.566,0.0178,0.0457,0.061156590000000004
95,1,高科技_2,high_tech,10076,0.0018,57,6918.3,0.507,0.0864,0.0438,0.061156590000000004
95,2,高科技_3,high_tech,2430,0.0002,17,7229.3,0.319,0.0332,0.0106,0.061156590000000004
95,3,高科技_4,high_tech,4643,0.0003,49,8608.8,0.532,0.0379,0.0202,0.061156590000000004
95,4,高科技_5,high_tech,10209,0.0014,117,7804.9,0.961,0.0462,0.0444,0.061156590000000004
95,5,传统制造_1,traditional,12076,0.0012,77,3892.3,0.628,0.0836,0.0525,0.061156590000000004
95,6,传统制造_2,traditional,17347,0.0048,552,4753.3,2.877,0.0262,0.0754,0.061156590000000004
95,7,传统制造_3,traditional,18910,0.0011,107,3583.1,1.109,0.0741,0.0822,0.061156590000000004
95,8,传统制造_4,traditional,18193,0.0016,170,3716.6,1.721,0.046,0.0791,0.061156590000000004
95,9,传统制造_5,traditional,17816,0.0017,193,4092.0,1.018,0.0761,0.0775,0.061156590000000004
95,10,传统制造_6,traditional,14657,0.0005,259,4440.8,1.092,0.0584,0.0637,0.061156590000000004
95,11,传统制造_7,traditional,11758,0.0004,90,5012.2,0.811,0.0631,0.0511,0.061156590000000004
95,12,传统制造_8,traditional,22095,0.0009,170,3411.6,1.938,0.0496,0.0961,0.061156590000000004
95,13,传统制造_9,traditional,9935,0.0008,92,4246.7,2.517,0.0172,0.0432,0.061156590000000004
95,14,传统制造_10,traditional,16634,0.0005,103,4736.2,3.133,0.0231,0.0723,0.061156590000000004
95,15,服务产业_1,service,5770,0.0003,82,5658.9,0.831,0.0302,0.0251,0.061156590000000004
95,16,服务产业_2,service,8954,0.0006,145,5281.4,0.43,0.0906,0.0389,0.061156590000000004
95,17,服务产业_3,service,6777,0.0001,177,5212.8,2.018,0.0146,0.0295,0.061156590000000004
95,18,服务产业_4,service,5250,0.0004,115,4603.0,0.476,0.0479,0.0228,0.061156590000000004
95,19,服务产业_5,service,5929,0.0007,205,5032.1,0.331,0.0779,0.0258,0.061156590000000004
96,0,高科技_1,high_tech,17375,0.0016,249,7564.9,1.474,0.0178,0.0263,0.057356330000000004
96,1,高科技_2,high_tech,37779,0.0025,723,6559.1,0.661,0.0864,0.0571,0.057356330000000004
96,2,高科技_3,high_tech,10741,0.0006,247,8652.0,0.49,0.0332,0.0162,0.057356330000000004
96,3,高科技_4,high_tech,28968,0.0016,273,7871.6,1.154,0.0379,0.0438,0.057356330000000004
96,4,高科技_5,high_tech,23233,0.0009,629,6434.0,0.76,0.0462,0.0351,0.057356330000000004
96,5,传统制造_1,traditional,35211,0.002,660,4856.0,0.637,0.0836,0.0532,0.057356330000000004
96,6,传统制造_2,traditional,45107,0.0025,366,4156.0,2.6,0.0262,0.0682,0.057356330000000004
96,7,传统制造_3,traditional,42467,0.0017,303,3500.8,0.866,0.0741,0.0642,0.057356330000000004
96,8,传统制造_4,traditional,53316,0.0086,594,5107.5,1.753,0.046,0.0806,0.057356330000000004
96,9,传统制造_5,traditional,32607,0.0026,262,4493.7,0.648,0.0761,0.0493,0.057356330000000004
96,10,传统制造_6,traditional,37823,0.0049,373,5046.3,0.979,0.0584,0.0572,0.057356330000000004
96,11,传统制造_7,traditional,50710,0.0035,673,4888.3,1.215,0.0631,0.0766,0.057356330000000004
96,12,传统制造_8,traditional,40448,0.0054,1510,3672.3,1.233,0.0496,0.0611,0.057356330000000004
96,13,传统制造_9,traditional,46789,0.0045,271,3757.1,4.12,0.0172,0.0707,0.057356330000000004
96,14,传统制造_10,traditional,52424,0.0033,1054,3418.1,3.432,0.0231,0.0792,0.057356330000000004
96,15,服务产业_1,service,23195,0.0009,173,4527.9,1.161,0.0302,0.0351,0.057356330000000004
96,16,服务产业_2,service,17230,0.0016,215,5937.6,0.287,0.0906,0.026,0.057356330000000004
96,17,服务产业_3,service,18552,0.0014,203,4675.6,1.92,0.0146,0.028,0.057356330000000004
96,18,服务产业_4,service,26557,0.0013,186,5184.2,0.838,0.0479,0.0401,0.057356330000000004
96,19,服务产业_5,service,21126,0.0013,161,4758.7,0.41,0.0779,0.0319,0.057356330000000004
97,0,高科技_1,high_tech,20288,0.002,117,6617.7,1.346,0.0178,0.024,0.05900257
97,1,高科技_2,high_tech,33018,0.0037,887,9193.0,0.452,0.0864,0.039,0.05900257
97,2,高科技_3,high_tech,23477,0.0025,128,8213.9,0.837,0.0332,0.0278,0.05900257
97,3,高科技_4,high_tech,31041,0.0025,233,7306.2,0.967,0.0379,0.0367,0.05900257
97,4,高科技_5,high_tech,43230,0.004,258,7877.9,1.106,0.0462,0.0511,0.05900257
97,5,传统制造_1,traditional,35719,0.0017,1225,3395.0,0.505,0.0836,0.0422,0.05900257
97,6,传统制造_2,traditional,53929,0.0046,443,4058.7,2.431,0.0262,0.0637,0.05900257
97,7,传统制造_3,traditional,54362,0.0028,461,3665.5,0.867,0.0741,0.0643,0.05900257
97,8,传统制造_4,traditional,61171,0.0034,449,3902.7,1.573,0.046,0.0723,0.05900257
97,9,传统制造_5,traditional,51508,0.0064,1561,3626.2,0.8,0.0761,0.0609,0.05900257
97,10,传统制造_6,traditional,85752,0.0054,481,3727.5,1.736,0.0584,0.1014,0.05900257
97,11,传统制造_7,traditional,62804,0.0035,660,3735.9,1.177,0.0631,0.0742,0.05900257
97,12,传统制造_8,traditional,57190,0.0089,959,3868.4,1.364,0.0496,0.0676,0.05900257
97,13,传统制造_9,traditional,54521,0.0039,383,3686.9,3.755,0.0172,0.0644,0.05900257
97,14,传统制造_10,traditional,56790,0.0028,562,3326.2,2.907,0.0231,0.0671,0.05900257
97,15,服务产业_1,service,25168,0.0028,778,5078.2,0.986,0.0302,0.0297,0.05900257
97,16,服务产业_2,service,25212,0.0019,130,4968.7,0.329,0.0906,0.0298,0.05900257
97,17,服务产业_3,service,15100,0.0004,117,4329.3,1.222,0.0146,0.0178,0.05900257
97,18,服务产业_4,service,27897,0.0022,244,4506.4,0.688,0.0479,0.033,0.05900257
97,19,服务产业_5,service,27831,0.0023,287,4741.7,0.422,0.0779,0.0329,0.05900257
98,0,高科技_1,high_tech,41567,0.0019,317,7542.1,2.143,0.0178,0.0382,0.05685144
98,1,高科技_2,high_tech,44216,0.001,462,7195.5,0.47,0.0864,0.0406,0.05685144
98,2,高科技_3,high_tech,26517,0.0021,205,6775.9,0.735,0.0332,0.0244,0.05685144
98,3,高科技_4,high_tech,38068,0.0053,582,7193.1,0.922,0.0379,0.035,0.05685144
98,4,高科技_5,high_tech,51535,0.0028,286,8926.7,1.025,0.0462,0.0473,0.05685144
98,5,传统制造_1,traditional,60292,0.0044,433,3722.0,0.663,0.0836,0.0554,0.05685144
98,6,传统制造_2,traditional,42686,0.0065,596,4322.2,1.496,0.0262,0.0392,0.05685144
98,7,传统制造_3,traditional,82926,0.0043,452,3915.5,1.028,0.0741,0.0762,0.05685144
98,8,传统制造_4,traditional,60854,0.0064,748,4631.1,1.216,0.046,0.0559,0.05685144
98,9,传统制造_5,traditional,65400,0.0052,419,4977.2,0.79,0.0761,0.0601,0.05685144
98,10,传统制造_6,traditional,76943,0.007,571,3568.6,1.211,0.0584,0.0707,0.05685144
98,11,传统制造_7,traditional,76143,0.0076,541,3640.8,1.109,0.0631,0.07,0.05685144
98,12,传统制造_8,traditional,90305,0.016,638,3896.5,1.673,0.0496,0.083,0.05685144
98,13,传统制造_9,traditional,71358,0.0041,1349,4066.5,3.82,0.0172,0.0656,0.05685144
98,14,传统制造_10,traditional,76009,0.0035,964,4521.7,3.024,0.0231,0.0698,0.05685144
98,15,服务产业_1,service,19934,0.001,182,4863.8,0.607,0.0302,0.0183,0.05685144
98,16,服务产业_2,service,39989,0.0034,366,4962.4,0.406,0.0906,0.0367,0.05685144
98,17,服务产业_3,service,28587,0.0028,170,4453.4,1.798,0.0146,0.0263,0.05685144
98,18,服务产业_4,service,62478,0.0017,383,6117.4,1.198,0.0479,0.0574,0.05685144
98,19,服务产业_5,service,32715,0.0026,1248,4176.8,0.386,0.0779,0.0301,0.05685144
99,0,高科技_1,high_tech,31361,0.0007,232,7822.6,2.169,0.0178,0.0386,0.057751159999999996
99,1,高科技_2,high_tech,39872,0.0025,284,7052.8,0.569,0.0864,0.0491,0.057751159999999996
99,2,高科技_3,high_tech,32898,0.0017,344,6521.9,1.223,0.0332,0.0405,0.057751159999999996
99,3,高科技_4,high_tech,35948,0.0045,206,8087.3,1.167,0.0379,0.0443,0.057751159999999996
99,4,高科技_5,high_tech,18698,0.0018,127,7469.2,0.499,0.0462,0.023,0.057751159999999996
99,5,传统制造_1,traditional,53591,0.0032,270,3746.0,0.79,0.0836,0.066,0.057751159999999996
99,6,传统制造_2,traditional,69029,0.0059,441,3178.7,3.245,0.0262,0.0851,0.057751159999999996
99,7,传统制造_3,traditional,49300,0.0029,294,4640.5,0.82,0.0741,0.0608,0.057751159999999996
99,8,传统制造_4,traditional,63242,0.0024,688,3598.9,1.696,0.046,0.0779,0.057751159999999996
99,9,传统制造_5,traditional,44153,0.0042,437,3288.6,0.715,0.0761,0.0544,0.057751159999999996
99,10,传统制造_6,traditional,52203,0.0031,481,3663.4,1.102,0.0584,0.0643,0.057751159999999996
99,11,传统制造_7,traditional,36991,0.0025,292,3989.1,0.723,0.0631,0.0456,0.057751159999999996
99,12,传统制造_8,traditional,53762,0.0033,345,4349.4,1.336,0.0496,0.0663,0.057751159999999996
99,13,传统制造_9,traditional,45490,0.003,1754,5075.7,3.266,0.0172,0.0561,0.057751159999999996
99,14,传统制造_10,traditional,67249,0.0028,392,4857.0,3.589,0.0231,0.0829,0.057751159999999996
99,15,服务产业_1,service,36949,0.0036,299,5883.5,1.508,0.0302,0.0455,0.057751159999999996
99,16,服务产业_2,service,13899,0.0011,168,4158.1,0.189,0.0906,0.0171,0.057751159999999996
99,17,服务产业_3,service,16896,0.001,90,4353.9,1.426,0.0146,0.0208,0.057751159999999996
99,18,服务产业_4,service,30145,0.0018,196,4596.2,0.775,0.0479,0.0371,0.057751159999999996
99,19,服务产业_5,service,19787,0.0023,158,5708.2,0.313,0.0779,0.0244,0.057751159999999996
100,0,高科技_1,high_tech,3803,0.0002,71,6558.7,0.975,0.0178,0.0174,0.061141480000000005
100,1,高科技_2,high_tech,9720,0.0009,114,7995.1,0.514,0.0864,0.0444,0.061141480000000005
100,2,高科技_3,high_tech,6626,0.0003,151,7390.0,0.913,0.0332,0.0303,0.061141480000000005
100,3,高科技_4,high_tech,6912,0.0007,152,8489.2,0.832,0.0379,0.0316,0.061141480000000005
100,4,高科技_5,high_tech,9104,0.0007,328,8471.3,0.901,0.0462,0.0416,0.061141480000000005
100,5,传统制造_1,traditional,19547,0.0013,147,3666.5,1.069,0.0836,0.0893,0.061141480000000005
100,6,传统制造_2,traditional,10688,0.0018,200,4809.2,1.863,0.0262,0.0488,0.061141480000000005
100,7,传统制造_3,traditional,16192,0.0008,151,4547.3,0.998,0.0741,0.074,0.061141480000000005
100,8,传统制造_4,traditional,22384,0.0004,214,3748.5,2.225,0.046,0.1023,0.061141480000000005
100,9,传统制造_5,traditional,12489,0.0011,82,4720.4,0.75,0.0761,0.0571,0.061141480000000005
100,10,传统制造_6,traditional,15366,0.0008,692,3572.2,1.203,0.0584,0.0702,0.061141480000000005
100,11,传统制造_7,traditional,14035,0.0014,193,4647.2,1.017,0.0631,0.0641,0.061141480000000005
100,12,传统制造_8,traditional,18259,0.0011,232,3523.5,1.683,0.0496,0.0834,0.061141480000000005
100,13,传统制造_9,traditional,12004,0.001,94,4107.4,3.196,0.0172,0.0549,0.061141480000000005
100,14,传统制造_10,traditional,10979,0.0011,114,4337.6,2.173,0.0231,0.0502,0.061141480000000005
100,15,服务产业_1,service,8014,0.0007,43,5113.8,1.213,0.0302,0.0366,0.061141480000000005
100,16,服务产业_2,service,7030,0.0003,45,5472.6,0.355,0.0906,0.0321,0.061141480000000005
100,17,服务产业_3,service,4666,0.0002,30,5519.4,1.46,0.0146,0.0213,0.061141480000000005
100,18,服务产业_4,service,6520,0.0005,37,5178.2,0.622,0.0479,0.0298,0.061141480000000005
100,19,服务产业_5,service,4508,0.0004,33,5970.9,0.264,0.0779,0.0206,0.061141480000000005
101,0,高科技_1,high_tech,23118,0.001,409,6663.2,2.17,0.0178,0.0387,0.05775041
101,1,高科技_2,high_tech,23824,0.0012,182,8858.5,0.461,0.0864,0.0398,0.05775041
101,2,高科技_3,high_tech,14337,0.0007,338,8943.4,0.723,0.0332,0.024,0.05775041
101,3,高科技_4,high_tech,29765,0.0019,258,7518.5,1.312,0.0379,0.0498,0.05775041
101,4,高科技_5,high_tech,16836,0.0013,158,8921.9,0.61,0.0462,0.0282,0.05775041
101,5,传统制造_1,traditional,39794,0.0048,377,3843.1,0.796,0.0836,0.0666,0.05775041
101,6,传统制造_2,traditional,31866,0.0028,164,4624.8,2.033,0.0262,0.0533,0.05775041
101,7,传统制造_3,traditional,37640,0.0029,342,4839.9,0.849,0.0741,0.063,0.05775041
101,8,传统制造_4,traditional,43440,0.0081,830,4392.5,1.581,0.046,0.0727,0.05775041
101,9,传统制造_5,traditional,41684,0.0018,598,4617.0,0.916,0.0761,0.0697,0.05775041
101,10,传统制造_6,traditional,35021,0.0011,226,3912.9,1.003,0.0584,0.0586,0.05775041
101,11,传统制造_7,traditional,33836,0.0012,227,4786.3,0.897,0.0631,0.0566,0.05775041
101,12,传统制造_8,traditional,41270,0.003,217,4699.1,1.392,0.0496,0.069,0.05775041
101,13,传统制造_9,traditional,47710,0.002,244,4796.9,4.649,0.0172,0.0798,0.05775041
101,14,传统制造_10,traditional,50485,0.0023,871,3489.3,3.657,0.0231,0.0844,0.05775041
101,15,服务产业_1,service,25922,0.0015,770,5907.6,1.436,0.0302,0.0434,0.05775041
101,16,服务产业_2,service,14215,0.0007,90,4726.5,0.262,0.0906,0.0238,0.05775041
101,17,服务产业_3,service,13920,0.001,424,4450.3,1.594,0.0146,0.0233,0.05775041
101,18,服务产业_4,service,16731,0.0022,254,5237.5,0.584,0.0479,0.028,0.05775041
101,19,服务产业_5,service,16487,0.0016,817,4630.5,0.354,0.0779,0.0276,0.05775041
102,0,高科技_1,high_tech,44502,0.003,262,6705.5,3.546,0.0178,0.0632,0.056561240000000006
102,1,高科技_2,high_tech,24147,0.0023,917,6192.7,0.397,0.0864,0.0343,0.056561240000000006
102,2,高科技_3,high_tech,32655,0.0015,1123,9086.3,1.399,0.0332,0.0464,0.056561240000000006
102,3,高科技_4,high_tech,32966,0.003,518,7516.8,1.234,0.0379,0.0468,0.056561240000000006
102,4,高科技_5,high_tech,18136,0.0008,215,8082.0,0.557,0.0462,0.0258,0.056561240000000006
102,5,传统制造_1,traditional,42825,0.0037,316,4766.0,0.728,0.0836,0.0608,0.056561240000000006
102,6,传统制造_2,traditional,52872,0.0063,370,4196.3,2.864,0.0262,0.0751,0.056561240000000006
102,7,传统制造_3,traditional,33831,0.0023,823,4221.9,0.648,0.0741,0.048,0.056561240000000006
102,8,传统制造_4,traditional,48099,0.0073,321,4130.9,1.486,0.046,0.0683,0.056561240000000006
102,9,传统制造_5,traditional,25515,0.0025,201,4624.1,0.476,0.0761,0.0362,0.056561240000000006
102,10,传统制造_6,traditional,49074,0.0023,276,5016.2,1.193,0.0584,0.0697,0.056561240000000006
102,11,传统制造_7,traditional,62445,0.0038,641,5067.7,1.406,0.0631,0.0887,0.056561240000000006
102,12,传统制造_8,traditional,48951,0.0029,397,4819.2,1.402,0.0496,0.0695,0.056561240000000006
102,13,传统制造_9,traditional,34642,0.0023,264,3071.6,2.866,0.0172,0.0492,0.056561240000000006
102,14,传统制造_10,traditional,43559,0.0025,416,5008.2,2.679,0.0231,0.0619,0.056561240000000006
102,15,服务产业_1,service,25015,0.0026,243,4346.3,1.177,0.0302,0.0355,0.056561240000000006
102,16,服务产业_2,service,22585,0.0017,275,4268.2,0.354,0.0906,0.0321,0.056561240000000006
102,17,服务产业_3,service,24130,0.0028,235,5636.2,2.346,0.0146,0.0343,0.056561240000000006
102,18,服务产业_4,service,20747,0.0015,138,4783.7,0.615,0.0479,0.0295,0.056561240000000006
102,19,服务产业_5,service,17530,0.0032,115,4244.4,0.319,0.0779,0.0249,0.056561240000000006
103,0,高科技_1,high_tech,18596,0.0017,166,7063.3,2.394,0.0178,0.0427,0.05848731
103,1,高科技_2,high_tech,15902,0.0014,99,7039.6,0.422,0.0864,0.0365,0.05848731
103,2,高科技_3,high_tech,12268,0.001,130,7797.6,0.849,0.0332,0.0282,0.05848731
103,3,高科技_4,high_tech,13708,0.0009,73,6478.1,0.829,0.0379,0.0315,0.05848731
103,4,高科技_5,high_tech,16052,0.0031,91,7101.3,0.797,0.0462,0.0368,0.05848731
103,5,传统制造_1,traditional,27515,0.0052,298,4083.2,0.755,0.0836,0.0631,0.05848731
103,6,传统制造_2,traditional,32581,0.0023,330,3432.3,2.851,0.0262,0.0748,0.05848731
103,7,传统制造_3,traditional,27668,0.0011,162,3904.7,0.856,0.0741,0.0635,0.05848731
103,8,传统制造_4,traditional,26755,0.0014,740,4974.8,1.336,0.046,0.0614,0.05848731
103,9,传统制造_5,traditional,22288,0.0014,111,4848.8,0.672,0.0761,0.0511,0.05848731
103,10,传统制造_6,traditional,43605,0.0064,256,3639.4,1.714,0.0584,0.1001,0.05848731
103,11,传统制造_7,traditional,31974,0.0022,254,4967.9,1.163,0.0631,0.0734,0.05848731
103,12,传统制造_8,traditional,28221,0.0033,202,3948.5,1.306,0.0496,0.0648,0.05848731
103,13,传统制造_9,traditional,26224,0.001,242,3956.0,3.506,0.0172,0.0602,0.05848731
103,14,传统制造_10,traditional,29059,0.0012,178,4369.9,2.888,0.0231,0.0667,0.05848731
103,15,服务产业_1,service,7436,0.0006,38,4540.9,0.565,0.0302,0.0171,0.05848731
103,16,服务产业_2,service,11829,0.0007,105,4458.7,0.3,0.0906,0.0271,0.05848731
103,17,服务产业_3,service,16386,0.0008,159,5343.6,2.575,0.0146,0.0376,0.05848731
103,18,服务产业_4,service,11671,0.0008,73,4889.3,0.559,0.0479,0.0268,0.05848731
103,19,服务产业_5,service,16070,0.0013,115,5546.6,0.473,0.0779,0.0369,0.05848731
104,0,高科技_1,high_tech,48565,0.0088,658,6658.1,2.819,0.0178,0.0502,0.05887814
104,1,高科技_2,high_tech,29951,0.0027,157,7476.5,0.358,0.0864,0.031,0.05887814
104,2,高科技_3,high_tech,24718,0.0022,307,6432.6,0.771,0.0332,0.0256,0.05887814
104,3,高科技_4,high_tech,30040,0.0022,239,7825.1,0.819,0.0379,0.0311,0.05887814
104,4,高科技_5,high_tech,40872,0.0052,416,8526.3,0.915,0.0462,0.0423,0.05887814
104,5,传统制造_1,traditional,64522,0.003,1301,4085.6,0.799,0.0836,0.0667,0.05887814
104,6,传统制造_2,traditional,76855,0.006,1524,5023.2,3.032,0.0262,0.0795,0.05887814
104,7,传统制造_3,traditional,70495,0.0035,588,4143.8,0.984,0.0741,0.0729,0.05887814
104,8,传统制造_4,traditional,50518,0.0037,356,3158.2,1.137,0.046,0.0523,0.05887814
104,9,传统制造_5,traditional,86125,0.0081,583,3275.9,1.171,0.0761,0.0891,0.05887814
104,10,传统制造_6,traditional,61945,0.0056,806,4855.9,1.097,0.0584,0.0641,0.05887814
104,11,传统制造_7,traditional,79853,0.0069,747,4230.0,1.31,0.0631,0.0826,0.05887814
104,12,传统制造_8,traditional,57304,0.003,312,4997.2,1.196,0.0496,0.0593,0.05887814
104,13,传统制造_9,traditional,56843,0.0012,566,4113.2,3.426,0.0172,0.0588,0.05887814
104,14,传统制造_10,traditional,56181,0.0035,499,3476.5,2.517,0.0231,0.0581,0.05887814
104,15,服务产业_1,service,19996,0.001,161,5483.1,0.685,0.0302,0.0207,0.05887814
104,16,服务产业_2,service,20183,0.001,127,4736.3,0.23,0.0906,0.0209,0.05887814
104,17,服务产业_3,service,34109,0.0068,326,4635.5,2.416,0.0146,0.0353,0.05887814
104,18,服务产业_4,service,23923,0.001,404,4713.1,0.516,0.0479,0.0247,0.05887814
104,19,服务产业_5,service,33839,0.0071,481,5943.8,0.449,0.0779,0.035,0.05887814
105,0,高科技_1,high_tech,102565,0.009,1483,7861.2,3.54,0.0178,0.0631,0.05467284000000001
105,1,高科技_2,high_tech,68163,0.0032,759,9268.9,0.485,0.0864,0.0419,0.05467284000000001
105,2,高科技_3,high_tech,63607,0.0059,965,8610.1,1.18,0.0332,0.0391,0.05467284000000001
105,3,高科技_4,high_tech,75867,0.0056,508,8858.1,1.23,0.0379,0.0467,0.05467284000000001
105,4,高科技_5,high_tech,58233,0.0074,419,9285.5,0.775,0.0462,0.0358,0.05467284000000001
105,5,传统制造_1,traditional,112102,0.0148,1836,3173.1,0.825,0.0836,0.0689,0.05467284000000001
105,6,传统制造_2,traditional,89084,0.0041,626,3773.6,2.09,0.0262,0.0548,0.05467284000000001
105,7,传统制造_3,traditional,93700,0.009,3370,4707.0,0.777,0.0741,0.0576,0.05467284000000001
105,8,传统制造_4,traditional,87451,0.0042,474,4400.2,1.17,0.046,0.0538,0.05467284000000001
105,9,传统制造_5,traditional,115362,0.007,649,4525.1,0.932,0.0761,0.0709,0.05467284000000001
105,10,传统制造_6,traditional,92772,0.0069,3126,3444.2,0.977,0.0584,0.0571,0.05467284000000001
105,11,传统制造_7,traditional,123697,0.0103,982,3831.8,1.206,0.0631,0.0761,0.05467284000000001
105,12,传统制造_8,traditional,88484,0.0057,839,4185.3,1.098,0.0496,0.0544,0.05467284000000001
105,13,传统制造_9,traditional,86314,0.0051,458,3298.7,3.093,0.0172,0.0531,0.05467284000000001
105,14,传统制造_10,traditional,112114,0.0087,2775,4537.0,2.986,0.0231,0.069,0.05467284000000001
105,15,服务产业_1,service,54463,0.0013,483,5100.5,1.11,0.0302,0.0335,0.05467284000000001
105,16,服务产业_2,service,63917,0.0025,788,4484.9,0.434,0.0906,0.0393,0.05467284000000001
105,17,服务产业_3,service,37080,0.0044,324,4919.8,1.561,0.0146,0.0228,0.05467284000000001
105,18,服务产业_4,service,32394,0.0018,1339,4548.5,0.416,0.0479,0.0199,0.05467284000000001
105,19,服务产业_5,service,68644,0.0042,1063,5154.2,0.542,0.0779,0.0422,0.05467284000000001
106,0,高科技_1,high_tech,181752,0.0267,1152,7012.9,3.132,0.0178,0.0558,0.052553140000000005
106,1,高科技_2,high_tech,125091,0.0138,885,7046.6,0.444,0.0864,0.0384,0.052553140000000005
106,2,高科技_3,high_tech,254196,0.0271,2081,8739.9,2.355,0.0332,0.0781,0.052553140000000005
106,3,高科技_4,high_tech,128880,0.0156,866,7173.8,1.043,0.0379,0.0396,0.052553140000000005
106,4,高科技_5,high_tech,132946,0.0078,1254,8671.9,0.884,0.0462,0.0408,0.052553140000000005
106,5,传统制造_1,traditional,119229,0.0113,745,3935.8,0.438,0.0836,0.0366,0.052553140000000005
106,6,传统制造_2,traditional,110818,0.0137,1175,4181.9,1.298,0.0262,0.034,0.052553140000000005
106,7,传统制造_3,traditional,192345,0.0076,1458,3688.4,0.797,0.0741,0.0591,0.052553140000000005
106,8,传统制造_4,traditional,198349,0.0156,3474,4436.9,1.325,0.046,0.0609,0.052553140000000005
106,9,传统制造_5,traditional,145121,0.0223,3328,4920.6,0.586,0.0761,0.0446,0.052553140000000005
106,10,传统制造_6,traditional,167594,0.0077,2065,5462.7,0.881,0.0584,0.0515,0.052553140000000005
106,11,传统制造_7,traditional,204263,0.0353,1651,5037.8,0.995,0.0631,0.0627,0.052553140000000005
106,12,传统制造_8,traditional,173096,0.0155,1730,4339.6,1.072,0.0496,0.0532,0.052553140000000005
106,13,传统制造_9,traditional,179489,0.0094,958,3612.5,3.212,0.0172,0.0551,0.052553140000000005
106,14,传统制造_10,traditional,166479,0.0096,2125,4674.4,2.214,0.0231,0.0511,0.052553140000000005
106,15,服务产业_1,service,118484,0.0048,1285,6482.1,1.205,0.0302,0.0364,0.052553140000000005
106,16,服务产业_2,service,155222,0.0166,1794,5596.6,0.526,0.0906,0.0477,0.052553140000000005
106,17,服务产业_3,service,207582,0.0221,1386,4938.3,4.365,0.0146,0.0637,0.052553140000000005
106,18,服务产业_4,service,123159,0.0097,712,6494.5,0.789,0.0479,0.0378,0.052553140000000005
106,19,服务产业_5,service,172283,0.0228,1971,4885.6,0.679,0.0779,0.0529,0.052553140000000005
107,0,高科技_1,high_tech,33484,0.0026,296,7011.2,2.004,0.0178,0.0357,0.05784241
107,1,高科技_2,high_tech,42608,0.0033,916,7882.7,0.526,0.0864,0.0454,0.05784241
107,2,高科技_3,high_tech,44065,0.0019,1128,6282.4,1.418,0.0332,0.047,0.05784241
107,3,高科技_4,high_tech,33438,0.0016,207,6509.4,0.94,0.0379,0.0357,0.05784241
107,4,高科技_5,high_tech,33792,0.0022,215,8717.3,0.78,0.0462,0.036,0.05784241
107,5,传统制造_1,traditional,68037,0.0058,418,4884.9,0.868,0.0836,0.0726,0.05784241
107,6,传统制造_2,traditional,88142,0.0075,892,3205.2,3.586,0.0262,0.094,0.05784241
107,7,传统制造_3,traditional,41457,0.0028,257,4709.0,0.596,0.0741,0.0442,0.05784241
107,8,传统制造_4,traditional,51823,0.0049,1071,3399.7,1.202,0.046,0.0553,0.05784241
107,9,传统制造_5,traditional,52341,0.003,316,3685.4,0.734,0.0761,0.0558,0.05784241
107,10,传统制造_6,traditional,46838,0.0014,422,4468.2,0.856,0.0584,0.05,0.05784241
107,11,传统制造_7,traditional,53455,0.0109,305,4472.6,0.904,0.0631,0.057,0.05784241
107,12,传统制造_8,traditional,68361,0.0035,766,4291.9,1.471,0.0496,0.0729,0.05784241
107,13,传统制造_9,traditional,75594,0.0074,574,3645.2,4.697,0.0172,0.0806,0.05784241
107,14,传统制造_10,traditional,66496,0.0043,427,3163.2,3.072,0.0231,0.0709,0.05784241
107,15,服务产业_1,service,31613,0.0019,159,6150.7,1.117,0.0302,0.0337,0.05784241
107,16,服务产业_2,service,23136,0.0015,408,4957.2,0.272,0.0906,0.0247,0.05784241
107,17,服务产业_3,service,10038,0.0004,86,5811.0,0.733,0.0146,0.0107,0.05784241
107,18,服务产业_4,service,32851,0.0026,308,5250.9,0.731,0.0479,0.035,0.05784241
107,19,服务产业_5,service,40052,0.0041,1717,5635.9,0.548,0.0779,0.0427,0.05784241
108,0,高科技_1,high_tech,14287,0.0007,138,6950.6,0.935,0.0178,0.0167,0.060898000000000015
108,1,高科技_2,high_tech,31645,0.0051,447,6746.7,0.427,0.0864,0.0369,0.060898000000000015
108,2,高科技_3,high_tech,14436,0.0006,211,7833.2,0.508,0.0332,0.0168,0.060898000000000015
108,3,高科技_4,high_tech,28694,0.0023,413,8012.9,0.882,0.0379,0.0335,0.060898000000000015
108,4,高科技_5,high_tech,40318,0.003,217,8883.6,1.018,0.0462,0.047,0.060898000000000015
108,5,传统制造_1,traditional,72992,0.013,848,3335.2,1.019,0.0836,0.0851,0.060898000000000015
108,6,传统制造_2,traditional,38399,0.0019,247,4226.7,1.709,0.0262,0.0448,0.060898000000000015
108,7,传统制造_3,traditional,45359,0.0024,262,4106.2,0.714,0.0741,0.0529,0.060898000000000015
108,8,传统制造_4,traditional,59971,0.0031,467,4415.1,1.522,0.046,0.07,0.060898000000000015
108,9,传统制造_5,traditional,64337,0.0083,410,4745.5,0.986,0.0761,0.0751,0.060898000000000015
108,10,传统制造_6,traditional,64972,0.0033,1134,4638.9,1.298,0.0584,0.0758,0.060898000000000015
108,11,传统制造_7,traditional,72400,0.0026,1053,3902.5,1.339,0.0631,0.0845,0.060898000000000015
108,12,传统制造_8,traditional,64053,0.0036,883,4439.4,1.507,0.0496,0.0747,0.060898000000000015
108,13,传统制造_9,traditional,54566,0.0069,279,3224.8,3.709,0.0172,0.0637,0.060898000000000015
108,14,传统制造_10,traditional,67781,0.0031,453,5007.7,3.425,0.0231,0.0791,0.060898000000000015
108,15,服务产业_1,service,27245,0.0008,710,5664.5,1.053,0.0302,0.0318,0.060898000000000015
108,16,服务产业_2,service,28617,0.0029,408,5559.4,0.368,0.0906,0.0334,0.060898000000000015
108,17,服务产业_3,service,23469,0.0015,472,6104.4,1.875,0.0146,0.0274,0.060898000000000015
108,18,服务产业_4,service,27827,0.0032,139,4485.0,0.678,0.0479,0.0325,0.060898000000000015
108,19,服务产业_5,service,15868,0.0015,210,5968.0,0.238,0.0779,0.0185,0.060898000000000015
109,0,高科技_1,high_tech,47573,0.002,679,6806.5,2.755,0.0178,0.0491,0.057358
109,1,高科技_2,high_tech,24485,0.0011,188,6883.9,0.292,0.0864,0.0253,0.057358
109,2,高科技_3,high_tech,52501,0.0035,446,7392.7,1.634,0.0332,0.0542,0.057358
109,3,高科技_4,high_tech,35349,0.0034,182,7438.3,0.961,0.0379,0.0365,0.057358
109,4,高科技_5,high_tech,41884,0.0066,823,6237.3,0.936,0.0462,0.0432,0.057358
109,5,传统制造_1,traditional,73073,0.0065,717,4195.0,0.902,0.0836,0.0754,0.057358
109,6,传统制造_2,traditional,65424,0.0041,500,5059.6,2.576,0.0262,0.0675,0.057358
109,7,传统制造_3,traditional,77841,0.0023,606,3986.8,1.084,0.0741,0.0803,0.057358
109,8,传统制造_4,traditional,67325,0.0042,418,4655.8,1.512,0.046,0.0695,0.057358
109,9,传统制造_5,traditional,64912,0.0016,377,3661.8,0.881,0.0761,0.067,0.057358
109,10,传统制造_6,traditional,61935,0.0028,355,4402.9,1.095,0.0584,0.0639,0.057358
109,11,传统制造_7,traditional,60946,0.0037,1794,3689.8,0.998,0.0631,0.0629,0.057358
109,12,传统制造_8,traditional,69280,0.005,897,4038.9,1.442,0.0496,0.0715,0.057358
109,13,传统制造_9,traditional,47132,0.0013,235,3656.5,2.834,0.0172,0.0486,0.057358
109,14,传统制造_10,traditional,54891,0.0027,1087,4580.3,2.454,0.0231,0.0567,0.057358
109,15,服务产业_1,service,29108,0.0011,329,5279.7,0.995,0.0302,0.03,0.057358
109,16,服务产业_2,service,21137,0.0014,155,5181.3,0.241,0.0906,0.0218,0.057358
109,17,服务产业_3,service,32052,0.0025,918,4346.1,2.265,0.0146,0.0331,0.057358
109,18,服务产业_4,service,24457,0.0007,247,5391.5,0.527,0.0479,0.0252,0.057358
109,19,服务产业_5,service,17573,0.0009,367,5446.6,0.233,0.0779,0.0181,0.057358
110,0,高科技_1,high_tech,3381,0.0004,114,8041.6,1.171,0.0178,0.0209,0.06213843
110,1,高科技_2,high_tech,4390,0.0012,30,8101.2,0.313,0.0864,0.0271,0.06213843
110,2,高科技_3,high_tech,9260,0.0006,106,8510.1,1.724,0.0332,0.0571,0.06213843
110,3,高科技_4,high_tech,3778,0.0002,19,7270.4,0.614,0.0379,0.0233,0.06213843
110,4,高科技_5,high_tech,5292,0.0004,245,6246.0,0.707,0.0462,0.0327,0.06213843
110,5,传统制造_1,traditional,10862,0.0008,72,3368.4,0.802,0.0836,0.067,0.06213843
110,6,传统制造_2,traditional,13542,0.0008,78,4757.8,3.188,0.0262,0.0836,0.06213843
110,7,传统制造_3,traditional,14029,0.0022,78,4101.8,1.168,0.0741,0.0866,0.06213843
110,8,传统制造_4,traditional,11691,0.0012,218,3776.6,1.57,0.046,0.0721,0.06213843
110,9,传统制造_5,traditional,4143,0.0005,21,4561.6,0.336,0.0761,0.0256,0.06213843
110,10,传统制造_6,traditional,9409,0.0004,143,3670.9,0.994,0.0584,0.0581,0.06213843
110,11,传统制造_7,traditional,8702,0.0004,46,3881.1,0.852,0.0631,0.0537,0.06213843
110,12,传统制造_8,traditional,14097,0.0005,78,4932.5,1.755,0.0496,0.087,0.06213843
110,13,传统制造_9,traditional,9336,0.0005,119,4248.6,3.357,0.0172,0.0576,0.06213843
110,14,传统制造_10,traditional,15298,0.0011,146,4070.1,4.089,0.0231,0.0944,0.06213843
110,15,服务产业_1,service,5155,0.0005,198,4616.9,1.054,0.0302,0.0318,0.06213843
110,16,服务产业_2,service,6004,0.0002,62,4998.0,0.409,0.0906,0.0371,0.06213843
110,17,服务产业_3,service,7315,0.0006,154,4675.4,3.091,0.0146,0.0451,0.06213843
110,18,服务产业_4,service,3573,0.0001,42,4568.9,0.46,0.0479,0.0221,0.06213843
110,19,服务产业_5,service,2783,0.0002,21,5175.9,0.22,0.0779,0.0172,0.06213843
111,0,高科技_1,high_tech,12760,0.0012,87,8985.5,1.552,0.0178,0.0277,0.056926359999999995
111,1,高科技_2,high_tech,18103,0.0012,165,8006.2,0.454,0.0864,0.0392,0.056926359999999995
111,2,高科技_3,high_tech,20767,0.0004,167,6263.4,1.358,0.0332,0.045,0.056926359999999995
111,3,高科技_4,high_tech,13055,0.0029,244,6803.2,0.746,0.0379,0.0283,0.056926359999999995
111,4,高科技_5,high_tech,12405,0.0005,80,6652.4,0.582,0.0462,0.0269,0.056926359999999995
111,5,传统制造_1,traditional,35650,0.001,290,3629.6,0.925,0.0836,0.0773,0.056926359999999995
111,6,传统制造_2,traditional,30178,0.0071,241,3513.0,2.495,0.0262,0.0654,0.056926359999999995
111,7,传统制造_3,traditional,30263,0.0026,204,4410.9,0.885,0.0741,0.0656,0.056926359999999995
111,8,传统制造_4,traditional,24226,0.002,161,4732.9,1.142,0.046,0.0525,0.056926359999999995
111,9,传统制造_5,traditional,25156,0.0025,643,4498.0,0.717,0.0761,0.0545,0.056926359999999995
111,10,传统制造_6,traditional,32023,0.0038,300,4261.0,1.189,0.0584,0.0694,0.056926359999999995
111,11,传统制造_7,traditional,28868,0.0016,431,4404.3,0.992,0.0631,0.0626,0.056926359999999995
111,12,传统制造_8,traditional,32207,0.0019,1597,3713.3,1.408,0.0496,0.0698,0.056926359999999995
111,13,传统制造_9,traditional,37576,0.0021,418,3551.2,4.745,0.0172,0.0814,0.056926359999999995
111,14,传统制造_10,traditional,32564,0.0029,413,4551.2,3.057,0.0231,0.0706,0.056926359999999995
111,15,服务产业_1,service,12156,0.0008,193,5752.8,0.873,0.0302,0.0263,0.056926359999999995
111,16,服务产业_2,service,17801,0.0023,179,5897.2,0.426,0.0906,0.0386,0.056926359999999995
111,17,服务产业_3,service,14394,0.0016,164,5326.5,2.136,0.0146,0.0312,0.056926359999999995
111,18,服务产业_4,service,19272,0.0018,435,4373.6,0.872,0.0479,0.0418,0.056926359999999995
111,19,服务产业_5,service,11933,0.0009,115,5975.7,0.332,0.0779,0.0259,0.056926359999999995
112,0,高科技_1,high_tech,18128,0.0009,383,8237.7,1.459,0.0178,0.026,0.058809919999999995
112,1,高科技_2,high_tech,17296,0.0015,88,6917.0,0.287,0.0864,0.0248,0.058809919999999995
112,2,高科技_3,high_tech,25631,0.0022,149,7354.1,1.109,0.0332,0.0368,0.058809919999999995
112,3,高科技_4,high_tech,23715,0.0043,121,6410.6,0.897,0.0379,0.034,0.058809919999999995
112,4,高科技_5,high_tech,32335,0.0027,177,7575.5,1.004,0.0462,0.0464,0.058809919999999995
112,5,传统制造_1,traditional,54872,0.0047,290,3868.5,0.942,0.0836,0.0787,0.058809919999999995
112,6,传统制造_2,traditional,46522,0.0055,277,4593.9,2.546,0.0262,0.0667,0.058809919999999995
112,7,传统制造_3,traditional,46318,0.0057,1756,4595.4,0.896,0.0741,0.0665,0.058809919999999995
112,8,传统制造_4,traditional,55893,0.0042,326,4781.0,1.745,0.046,0.0802,0.058809919999999995
112,9,传统制造_5,traditional,43824,0.0026,255,4314.8,0.826,0.0761,0.0629,0.058809919999999995
112,10,传统制造_6,traditional,44200,0.0033,391,3745.0,1.086,0.0584,0.0634,0.058809919999999995
112,11,传统制造_7,traditional,33890,0.0013,351,4868.4,0.771,0.0631,0.0486,0.058809919999999995
112,12,传统制造_8,traditional,54178,0.0102,495,4345.7,1.568,0.0496,0.0777,0.058809919999999995
112,13,传统制造_9,traditional,45254,0.0036,1234,4990.0,3.783,0.0172,0.0649,0.058809919999999995
112,14,传统制造_10,traditional,56559,0.0092,403,4718.8,3.514,0.0231,0.0811,0.058809919999999995
112,15,服务产业_1,service,14944,0.0009,568,6024.3,0.71,0.0302,0.0214,0.058809919999999995
112,16,服务产业_2,service,18773,0.0017,180,5738.9,0.297,0.0906,0.0269,0.058809919999999995
112,17,服务产业_3,service,26465,0.0023,214,5137.9,2.6,0.0146,0.038,0.058809919999999995
112,18,服务产业_4,service,23148,0.0023,683,4750.1,0.693,0.0479,0.0332,0.058809919999999995
112,19,服务产业_5,service,15072,0.0021,114,5959.5,0.277,0.0779,0.0216,0.058809919999999995
113,0,高科技_1,high_tech,676456,0.0241,5843,11564.3,3.889,0.0178,0.0693,0.05393784
113,1,高科技_2,high_tech,357092,0.0464,6165,8325.6,0.423,0.0864,0.0366,0.05393784
113,2,高科技_3,high_tech,335310,0.0214,1944,9377.5,1.036,0.0332,0.0344,0.05393784
113,3,高科技_4,high_tech,302499,0.0395,12655,9184.9,0.817,0.0379,0.031,0.05393784
113,4,高科技_5,high_tech,792045,0.0351,7713,11596.0,1.757,0.0462,0.0811,0.05393784
113,5,传统制造_1,traditional,408203,0.0881,3461,5664.5,0.5,0.0836,0.0418,0.05393784
113,6,传统制造_2,traditional,338919,0.0326,2184,4745.3,1.324,0.0262,0.0347,0.05393784
113,7,传统制造_3,traditional,427941,0.0326,4997,4650.4,0.591,0.0741,0.0438,0.05393784
113,8,传统制造_4,traditional,320774,0.0161,4442,5152.1,0.715,0.046,0.0329,0.05393784
113,9,传统制造_5,traditional,454906,0.0381,3910,5433.6,0.613,0.0761,0.0466,0.05393784
113,10,传统制造_6,traditional,449776,0.026,7433,6116.6,0.789,0.0584,0.0461,0.05393784
113,11,传统制造_7,traditional,570347,0.0523,3362,5985.8,0.927,0.0631,0.0584,0.05393784
113,12,传统制造_8,traditional,534684,0.0682,8520,6198.9,1.105,0.0496,0.0548,0.05393784
113,13,传统制造_9,traditional,467950,0.0358,10290,4636.1,2.793,0.0172,0.0479,0.05393784
113,14,传统制造_10,traditional,586124,0.029,3309,4931.3,2.601,0.0231,0.06,0.05393784
113,15,服务产业_1,service,491613,0.0288,9050,5536.3,1.668,0.0302,0.0504,0.05393784
113,16,服务产业_2,service,627735,0.0401,15021,5166.2,0.71,0.0906,0.0643,0.05393784
113,17,服务产业_3,service,572257,0.0413,23463,7728.3,4.014,0.0146,0.0586,0.05393784
113,18,服务产业_4,service,702284,0.1213,4599,7426.7,1.502,0.0479,0.0719,0.05393784
113,19,服务产业_5,service,343907,0.021,8892,6512.1,0.452,0.0779,0.0352,0.05393784
114,0,高科技_1,high_tech,33583,0.003,205,7929.1,2.579,0.0178,0.046,0.06167194
114,1,高科技_2,high_tech,12257,0.0007,79,9147.7,0.194,0.0864,0.0168,0.06167194
114,2,高科技_3,high_tech,20137,0.0016,179,7758.1,0.831,0.0332,0.0276,0.06167194
114,3,高科技_4,high_tech,24308,0.0026,233,7591.8,0.877,0.0379,0.0333,0.06167194
114,4,高科技_5,high_tech,27069,0.0026,283,7729.3,0.802,0.0462,0.037,0.06167194
114,5,传统制造_1,traditional,54157,0.0032,518,4803.0,0.887,0.0836,0.0741,0.06167194
114,6,传统制造_2,traditional,68082,0.0143,2896,4392.4,3.554,0.0262,0.0932,0.06167194
114,7,传统制造_3,traditional,59975,0.0044,946,4829.9,1.107,0.0741,0.0821,0.06167194
114,8,传统制造_4,traditional,55061,0.0032,1425,3658.8,1.639,0.046,0.0754,0.06167194
114,9,传统制造_5,traditional,49683,0.0043,1165,4571.7,0.894,0.0761,0.068,0.06167194
114,10,传统制造_6,traditional,49796,0.0045,301,5024.5,1.167,0.0584,0.0682,0.06167194
114,11,传统制造_7,traditional,41176,0.0014,1968,4129.6,0.894,0.0631,0.0564,0.06167194
114,12,传统制造_8,traditional,30812,0.0007,278,3884.4,0.851,0.0496,0.0422,0.06167194
114,13,传统制造_9,traditional,39677,0.0016,484,3295.2,3.164,0.0172,0.0543,0.06167194
114,14,传统制造_10,traditional,65734,0.0095,1691,4567.9,3.897,0.0231,0.09,0.06167194
114,15,服务产业_1,service,19693,0.0015,288,4859.2,0.893,0.0302,0.027,0.06167194
114,16,服务产业_2,service,20813,0.0022,266,5458.9,0.314,0.0906,0.0285,0.06167194
114,17,服务产业_3,service,30070,0.0048,293,5779.2,2.818,0.0146,0.0412,0.06167194
114,18,服务产业_4,service,8133,0.0013,47,5756.9,0.232,0.0479,0.0111,0.06167194
114,19,服务产业_5,service,20446,0.0018,221,4833.8,0.359,0.0779,0.028,0.06167194
115,0,高科技_1,high_tech,31415,0.0024,280,8703.8,1.568,0.0178,0.0279,0.058764300000000005
115,1,高科技_2,high_tech,34452,0.0059,819,6675.0,0.355,0.0864,0.0306,0.058764300000000005
115,2,高科技_3,high_tech,40039,0.0055,1256,7267.1,1.074,0.0332,0.0356,0.058764300000000005
115,3,高科技_4,high_tech,33314,0.0017,430,7705.5,0.781,0.0379,0.0296,0.058764300000000005
115,4,高科技_5,high_tech,32811,0.006,247,8998.2,0.632,0.0462,0.0292,0.058764300000000005
115,5,传统制造_1,traditional,84008,0.0053,1599,3992.8,0.894,0.0836,0.0747,0.058764300000000005
115,6,传统制造_2,traditional,85512,0.004,1721,3795.6,2.901,0.0262,0.0761,0.058764300000000005
115,7,传统制造_3,traditional,75467,0.005,495,3410.2,0.906,0.0741,0.0671,0.058764300000000005
115,8,传统制造_4,traditional,57561,0.0066,451,3315.6,1.114,0.046,0.0512,0.058764300000000005
115,9,传统制造_5,traditional,72958,0.003,384,3405.8,0.853,0.0761,0.0649,0.058764300000000005
115,10,传统制造_6,traditional,84556,0.0058,3414,3163.4,1.288,0.0584,0.0752,0.058764300000000005
115,11,传统制造_7,traditional,64006,0.0039,515,4945.2,0.903,0.0631,0.0569,0.058764300000000005
115,12,传统制造_8,traditional,85392,0.0028,462,3226.9,1.532,0.0496,0.076,0.058764300000000005
115,13,传统制造_9,traditional,93375,0.0046,887,3621.9,4.839,0.0172,0.0831,0.058764300000000005
115,14,传统制造_10,traditional,80455,0.0031,681,4036.6,3.1,0.0231,0.0716,0.058764300000000005
115,15,服务产业_1,service,37526,0.0011,189,4185.9,1.106,0.0302,0.0334,0.058764300000000005
115,16,服务产业_2,service,35309,0.0013,185,5626.3,0.347,0.0906,0.0314,0.058764300000000005
115,17,服务产业_3,service,37640,0.0024,364,6101.1,2.293,0.0146,0.0335,0.058764300000000005
115,18,服务产业_4,service,35889,0.0021,274,6159.1,0.666,0.0479,0.0319,0.058764300000000005
115,19,服务产业_5,service,22548,0.0019,385,5771.4,0.257,0.0779,0.0201,0.058764300000000005
116,0,高科技_1,high_tech,28173,0.0019,250,8810.9,2.103,0.0178,0.0375,0.057127340000000006
116,1,高科技_2,high_tech,18055,0.0012,216,8541.3,0.278,0.0864,0.024,0.057127340000000006
116,2,高科技_3,high_tech,27776,0.0018,153,7289.9,1.114,0.0332,0.0369,0.057127340000000006
116,3,高科技_4,high_tech,24239,0.0011,188,8901.2,0.85,0.0379,0.0322,0.057127340000000006
116,4,高科技_5,high_tech,39470,0.0015,1101,7214.8,1.136,0.0462,0.0525,0.057127340000000006
116,5,传统制造_1,traditional,38369,0.0014,248,4800.8,0.611,0.0836,0.051,0.057127340000000006
116,6,传统制造_2,traditional,49077,0.0043,258,4495.2,2.49,0.0262,0.0653,0.057127340000000006
116,7,传统制造_3,traditional,48546,0.0027,799,3291.6,0.871,0.0741,0.0646,0.057127340000000006
116,8,传统制造_4,traditional,61508,0.0053,1134,3537.4,1.78,0.046,0.0818,0.057127340000000006
116,9,传统制造_5,traditional,40388,0.0017,885,5004.9,0.706,0.0761,0.0537,0.057127340000000006
116,10,传统制造_6,traditional,54272,0.0066,284,4134.6,1.236,0.0584,0.0722,0.057127340000000006
116,11,传统制造_7,traditional,55085,0.0031,347,3616.0,1.162,0.0631,0.0733,0.057127340000000006
116,12,传统制造_8,traditional,64250,0.0077,371,4342.4,1.724,0.0496,0.0854,0.057127340000000006
116,13,传统制造_9,traditional,44959,0.0011,1875,3695.4,3.484,0.0172,0.0598,0.057127340000000006
116,14,传统制造_10,traditional,40051,0.0024,464,3869.1,2.307,0.0231,0.0533,0.057127340000000006
116,15,服务产业_1,service,27817,0.0027,581,4811.4,1.226,0.0302,0.037,0.057127340000000006
116,16,服务产业_2,service,16193,0.0014,129,5484.9,0.238,0.0906,0.0215,0.057127340000000006
116,17,服务产业_3,service,21614,0.0019,185,4185.8,1.968,0.0146,0.0287,0.057127340000000006
116,18,服务产业_4,service,23380,0.0019,224,4800.9,0.649,0.0479,0.0311,0.057127340000000006
116,19,服务产业_5,service,28691,0.0028,215,5820.8,0.49,0.0779,0.0382,0.057127340000000006
117,0,高科技_1,high_tech,13505,0.0019,154,7186.3,2.107,0.0178,0.0376,0.060210620000000006
117,1,高科技_2,high_tech,11268,0.001,143,6112.0,0.363,0.0864,0.0313,0.060210620000000006
117,2,高科技_3,high_tech,12820,0.0009,148,8342.0,1.075,0.0332,0.0356,0.060210620000000006
117,3,高科技_4,high_tech,13513,0.0014,117,7140.4,0.99,0.0379,0.0376,0.060210620000000006
117,4,高科技_5,high_tech,9700,0.0007,67,7026.9,0.584,0.0462,0.027,0.060210620000000006
117,5,传统制造_1,traditional,27212,0.0022,717,3236.4,0.905,0.0836,0.0757,0.060210620000000006
117,6,传统制造_2,traditional,26193,0.0013,142,4441.5,2.778,0.0262,0.0728,0.060210620000000006
117,7,传统制造_3,traditional,23671,0.002,389,3585.7,0.888,0.0741,0.0658,0.060210620000000006
117,8,传统制造_4,traditional,23657,0.0027,138,4234.2,1.431,0.046,0.0658,0.060210620000000006
117,9,传统制造_5,traditional,19394,0.0019,404,4672.2,0.709,0.0761,0.0539,0.060210620000000006
117,10,传统制造_6,traditional,31558,0.003,652,4402.1,1.503,0.0584,0.0878,0.060210620000000006
117,11,传统制造_7,traditional,28393,0.0026,147,3539.0,1.252,0.0631,0.079,0.060210620000000006
117,12,传统制造_8,traditional,27316,0.0012,362,4000.9,1.532,0.0496,0.076,0.060210620000000006
117,13,传统制造_9,traditional,28609,0.0033,157,3100.9,4.635,0.0172,0.0796,0.060210620000000006
117,14,传统制造_10,traditional,11555,0.0004,108,4787.3,1.392,0.0231,0.0321,0.060210620000000006
117,15,服务产业_1,service,15394,0.0006,662,5135.5,1.418,0.0302,0.0428,0.060210620000000006
117,16,服务产业_2,service,3658,0.0002,133,4361.6,0.112,0.0906,0.0102,0.060210620000000006
117,17,服务产业_3,service,13215,0.0014,229,5582.0,2.516,0.0146,0.0367,0.060210620000000006
117,18,服务产业_4,service,11063,0.0016,127,4258.6,0.642,0.0479,0.0308,0.060210620000000006
117,19,服务产业_5,service,7932,0.0009,48,4313.6,0.283,0.0779,0.0221,0.060210620000000006
118,0,高科技_1,high_tech,98076,0.0069,3050,9380.3,1.506,0.0178,0.0268,0.055974970000000006
118,1,高科技_2,high_tech,135335,0.0135,3158,9447.9,0.428,0.0864,0.037,0.055974970000000006
118,2,高科技_3,high_tech,212544,0.0175,1520,9679.2,1.754,0.0332,0.0581,0.055974970000000006
118,3,高科技_4,high_tech,89929,0.007,864,7528.5,0.648,0.0379,0.0246,0.055974970000000006
118,4,高科技_5,high_tech,161457,0.0053,1752,9324.0,0.956,0.0462,0.0442,0.055974970000000006
118,5,传统制造_1,traditional,190142,0.0079,1502,4795.1,0.622,0.0836,0.052,0.055974970000000006
118,6,传统制造_2,traditional,297940,0.015,1861,5039.4,3.109,0.0262,0.0815,0.055974970000000006
118,7,传统制造_3,traditional,269226,0.0155,2962,4397.4,0.994,0.0741,0.0737,0.055974970000000006
118,8,传统制造_4,traditional,177977,0.0057,1069,4862.6,1.059,0.046,0.0487,0.055974970000000006
118,9,传统制造_5,traditional,199405,0.0104,1857,4213.1,0.717,0.0761,0.0546,0.055974970000000006
118,10,传统制造_6,traditional,252629,0.0237,1356,4780.4,1.184,0.0584,0.0691,0.055974970000000006
118,11,传统制造_7,traditional,135687,0.0058,1220,3314.9,0.589,0.0631,0.0371,0.055974970000000006
118,12,传统制造_8,traditional,196497,0.0131,2655,4243.4,1.084,0.0496,0.0538,0.055974970000000006
118,13,传统制造_9,traditional,210412,0.0194,2163,5305.0,3.354,0.0172,0.0576,0.055974970000000006
118,14,传统制造_10,traditional,316666,0.0301,8074,3828.2,3.752,0.0231,0.0866,0.055974970000000006
118,15,服务产业_1,service,129543,0.0061,863,6041.1,1.174,0.0302,0.0354,0.055974970000000006
118,16,服务产业_2,service,176317,0.0271,936,6325.0,0.532,0.0906,0.0482,0.055974970000000006
118,17,服务产业_3,service,133468,0.0091,1634,4981.4,2.5,0.0146,0.0365,0.055974970000000006
118,18,服务产业_4,service,179540,0.0205,1981,4801.5,1.025,0.0479,0.0491,0.055974970000000006
118,19,服务产业_5,service,92627,0.013,705,5235.8,0.325,0.0779,0.0253,0.055974970000000006
119,0,高科技_1,high_tech,58157,0.0057,300,9226.4,2.474,0.0178,0.0441,0.053153809999999996
119,1,高科技_2,high_tech,38199,0.0038,424,8177.6,0.335,0.0864,0.029,0.053153809999999996
119,2,高科技_3,high_tech,37338,0.0015,244,8827.6,0.854,0.0332,0.0283,0.053153809999999996
119,3,高科技_4,high_tech,75009,0.0073,505,9457.7,1.499,0.0379,0.0569,0.053153809999999996
119,4,高科技_5,high_tech,62229,0.0178,664,9388.0,1.021,0.0462,0.0472,0.053153809999999996
119,5,传统制造_1,traditional,84952,0.004,456,5233.0,0.771,0.0836,0.0644,0.053153809999999996
119,6,传统制造_2,traditional,77082,0.0078,485,3450.4,2.229,0.0262,0.0584,0.053153809999999996
119,7,传统制造_3,traditional,77523,0.0069,419,4779.7,0.793,0.0741,0.0588,0.053153809999999996
119,8,传统制造_4,traditional,60792,0.0079,493,3978.3,1.003,0.046,0.0461,0.053153809999999996
119,9,传统制造_5,traditional,72359,0.0185,439,5069.7,0.721,0.0761,0.0549,0.053153809999999996
119,10,传统制造_6,traditional,76622,0.0078,434,3890.2,0.995,0.0584,0.0581,0.053153809999999996
119,11,传统制造_7,traditional,82076,0.0042,1730,4963.5,0.987,0.0631,0.0622,0.053153809999999996
119,12,传统制造_8,traditional,83017,0.0044,2263,5072.4,1.27,0.0496,0.0629,0.053153809999999996
119,13,传统制造_9,traditional,100701,0.0051,1277,3518.3,4.449,0.0172,0.0764,0.053153809999999996
119,14,传统制造_10,traditional,71984,0.005,465,3641.6,2.364,0.0231,0.0546,0.053153809999999996
119,15,服务产业_1,service,60721,0.0054,402,4697.5,1.525,0.0302,0.046,0.053153809999999996
119,16,服务产业_2,service,43486,0.0021,265,5745.8,0.364,0.0906,0.033,0.053153809999999996
119,17,服务产业_3,service,48917,0.0099,259,5001.5,2.54,0.0146,0.0371,0.053153809999999996
119,18,服务产业_4,service,56718,0.0022,358,5146.5,0.898,0.0479,0.043,0.053153809999999996
119,19,服务产业_5,service,51013,0.0023,555,5357.2,0.496,0.0779,0.0387,0.053153809999999996
120,0,高科技_1,high_tech,66221,0.0078,543,7739.3,1.604,0.0178,0.0286,0.05933211
120,1,高科技_2,high_tech,91591,0.0068,1278,6661.9,0.458,0.0864,0.0395,0.05933211
120,2,高科技_3,high_tech,129484,0.0052,1058,9045.6,1.686,0.0332,0.0559,0.05933211
120,3,高科技_4,high_tech,100929,0.003,975,7320.0,1.148,0.0379,0.0436,0.05933211
120,4,高科技_5,high_tech,22455,0.002,298,6853.9,0.21,0.0462,0.0097,0.05933211
120,5,传统制造_1,traditional,115278,0.0115,1592,3423.7,0.596,0.0836,0.0498,0.05933211
120,6,传统制造_2,traditional,172287,0.0142,982,4892.8,2.837,0.0262,0.0744,0.05933211
120,7,传统制造_3,traditional,156746,0.0174,3294,4097.1,0.913,0.0741,0.0677,0.05933211
120,8,传统制造_4,traditional,154662,0.0106,1381,3280.8,1.453,0.046,0.0668,0.05933211
120,9,传统制造_5,traditional,184091,0.011,1901,3697.3,1.045,0.0761,0.0795,0.05933211
120,10,传统制造_6,traditional,140172,0.0073,3596,3324.6,1.037,0.0584,0.0605,0.05933211
120,11,传统制造_7,traditional,171646,0.0083,1348,5161.6,1.175,0.0631,0.0741,0.05933211
120,12,传统制造_8,traditional,200050,0.0187,1313,5178.8,1.742,0.0496,0.0864,0.05933211
120,13,传统制造_9,traditional,157358,0.0144,823,4804.1,3.958,0.0172,0.0679,0.05933211
120,14,传统制造_10,traditional,123660,0.0056,3396,3358.8,2.312,0.0231,0.0534,0.05933211
120,15,服务产业_1,service,72362,0.0092,474,4277.1,1.035,0.0302,0.0312,0.05933211
120,16,服务产业_2,service,62708,0.0037,1149,5076.7,0.299,0.0906,0.0271,0.05933211
120,17,服务产业_3,service,35618,0.0046,242,4797.4,1.053,0.0146,0.0154,0.05933211
120,18,服务产业_4,service,64990,0.0063,364,5452.0,0.586,0.0479,0.0281,0.05933211
120,19,服务产业_5,service,93867,0.0048,821,5809.0,0.52,0.0779,0.0405,0.05933211
121,0,高科技_1,high_tech,15848,0.0013,111,6213.1,2.13,0.0178,0.038,0.060984909999999996
121,1,高科技_2,high_tech,13746,0.0012,242,8079.1,0.381,0.0864,0.0329,0.060984909999999996
121,2,高科技_3,high_tech,14507,0.0012,674,6518.9,1.048,0.0332,0.0347,0.060984909999999996
121,3,高科技_4,high_tech,16944,0.0038,109,6961.4,1.069,0.0379,0.0406,0.060984909999999996
121,4,高科技_5,high_tech,9749,0.0007,88,6245.4,0.505,0.0462,0.0234,0.060984909999999996
121,5,传统制造_1,traditional,31301,0.0042,289,4334.1,0.897,0.0836,0.075,0.060984909999999996
121,6,传统制造_2,traditional,25553,0.0026,219,3704.2,2.334,0.0262,0.0612,0.060984909999999996
121,7,传统制造_3,traditional,23610,0.0023,174,3485.0,0.763,0.0741,0.0566,0.060984909999999996
121,8,传统制造_4,traditional,23630,0.0019,222,3333.3,1.231,0.046,0.0566,0.060984909999999996
121,9,传统制造_5,traditional,38240,0.0016,331,4133.5,1.204,0.0761,0.0916,0.060984909999999996
121,10,传统制造_6,traditional,34888,0.0031,589,4681.8,1.431,0.0584,0.0836,0.060984909999999996
121,11,传统制造_7,traditional,22917,0.0022,117,4477.2,0.87,0.0631,0.0549,0.060984909999999996
121,12,传统制造_8,traditional,29199,0.0015,147,3386.0,1.411,0.0496,0.0699,0.060984909999999996
121,13,传统制造_9,traditional,28974,0.0033,186,3828.0,4.043,0.0172,0.0694,0.060984909999999996
121,14,传统制造_10,traditional,37305,0.0014,375,4627.2,3.87,0.0231,0.0894,0.060984909999999996
121,15,服务产业_1,service,10455,0.0005,55,4880.4,0.83,0.0302,0.025,0.060984909999999996
121,16,服务产业_2,service,5219,0.0007,137,5979.8,0.138,0.0906,0.0125,0.060984909999999996
121,17,服务产业_3,service,11390,0.0011,196,5888.0,1.868,0.0146,0.0273,0.060984909999999996
121,18,服务产业_4,service,10946,0.0009,65,4260.0,0.547,0.0479,0.0262,0.060984909999999996
121,19,服务产业_5,service,13086,0.0014,76,5304.2,0.402,0.0779,0.0313,0.060984909999999996
122,0,高科技_1,high_tech,348017,0.0116,7261,9151.0,4.465,0.0178,0.0796,0.05345969
122,1,高科技_2,high_tech,215811,0.0069,1413,6930.1,0.571,0.0864,0.0493,0.05345969
122,2,高科技_3,high_tech,139060,0.0104,1367,9166.6,0.959,0.0332,0.0318,0.05345969
122,3,高科技_4,high_tech,245799,0.0177,6867,8853.0,1.481,0.0379,0.0562,0.05345969
122,4,高科技_5,high_tech,179179,0.0222,1580,9004.5,0.887,0.0462,0.041,0.05345969
122,5,传统制造_1,traditional,269912,0.0236,2732,5465.5,0.738,0.0836,0.0617,0.05345969
122,6,传统制造_2,traditional,271405,0.044,7389,4318.6,2.367,0.0262,0.062,0.05345969
122,7,传统制造_3,traditional,223448,0.0199,7071,3568.2,0.689,0.0741,0.0511,0.05345969
122,8,传统制造_4,traditional,234110,0.0057,2278,4392.1,1.164,0.046,0.0535,0.05345969
122,9,传统制造_5,traditional,136123,0.0105,2791,4105.4,0.409,0.0761,0.0311,0.05345969
122,10,传统制造_6,traditional,247733,0.0421,1591,3397.5,0.97,0.0584,0.0566,0.05345969
122,11,传统制造_7,traditional,281223,0.0201,2163,5070.6,1.02,0.0631,0.0643,0.05345969
122,12,传统制造_8,traditional,253602,0.0312,2193,4418.1,1.169,0.0496,0.058,0.05345969
122,13,传统制造_9,traditional,229598,0.0536,1434,4714.0,3.058,0.0172,0.0525,0.05345969
122,14,传统制造_10,traditional,271933,0.017,2361,4222.2,2.693,0.0231,0.0622,0.05345969
122,15,服务产业_1,service,128935,0.0047,2054,4675.0,0.976,0.0302,0.0295,0.05345969
122,16,服务产业_2,service,124066,0.0077,1341,5903.1,0.313,0.0906,0.0284,0.05345969
122,17,服务产业_3,service,190855,0.0101,967,6375.0,2.988,0.0146,0.0436,0.05345969
122,18,服务产业_4,service,193177,0.0182,1517,4956.7,0.922,0.0479,0.0442,0.05345969
122,19,服务产业_5,service,190232,0.0179,1812,4714.2,0.558,0.0779,0.0435,0.05345969
123,0,高科技_1,high_tech,5587,0.0006,43,8895.9,1.846,0.0178,0.0329,0.05866011
123,1,高科技_2,high_tech,6415,0.0006,50,8978.7,0.437,0.0864,0.0378,0.05866011
123,2,高科技_3,high_tech,7454,0.0009,44,6069.8,1.324,0.0332,0.0439,0.05866011
123,3,高科技_4,high_tech,4645,0.0007,70,6688.6,0.721,0.0379,0.0274,0.05866011
123,4,高科技_5,high_tech,5209,0.0003,64,7921.6,0.664,0.0462,0.0307,0.05866011
123,5,传统制造_1,traditional,8301,0.0005,52,4234.9,0.585,0.0836,0.0489,0.05866011
123,6,传统制造_2,traditional,9627,0.0005,48,3360.4,2.162,0.0262,0.0567,0.05866011
123,7,传统制造_3,traditional,14174,0.0022,154,4692.6,1.126,0.0741,0.0835,0.05866011
123,8,传统制造_4,traditional,11391,0.0013,133,3375.5,1.459,0.046,0.0671,0.05866011
123,9,传统制造_5,traditional,14543,0.0007,157,4597.3,1.126,0.0761,0.0856,0.05866011
123,10,传统制造_6,traditional,9963,0.0008,64,4530.4,1.005,0.0584,0.0587,0.05866011
123,11,传统制造_7,traditional,10407,0.0005,115,3956.7,0.972,0.0631,0.0613,0.05866011
123,12,传统制造_8,traditional,15019,0.0009,75,3861.7,1.784,0.0496,0.0884,0.05866011
123,13,传统制造_9,traditional,12867,0.0012,184,3023.4,4.415,0.0172,0.0758,0.05866011
123,14,传统制造_10,traditional,8634,0.0008,63,3514.2,2.202,0.0231,0.0508,0.05866011
123,15,服务产业_1,service,4379,0.0003,23,5705.8,0.854,0.0302,0.0258,0.05866011
123,16,服务产业_2,service,6199,0.0003,116,5317.2,0.403,0.0906,0.0365,0.05866011
123,17,服务产业_3,service,4886,0.0002,33,4820.8,1.97,0.0146,0.0288,0.05866011
123,18,服务产业_4,service,6654,0.0011,76,4045.5,0.818,0.0479,0.0392,0.05866011
123,19,服务产业_5,service,3452,0.0005,18,5578.3,0.261,0.0779,0.0203,0.05866011
124,0,高科技_1,high_tech,45676,0.004,849,8003.3,2.522,0.0178,0.0449,0.05429773000000001
124,1,高科技_2,high_tech,50107,0.0031,329,6427.2,0.571,0.0864,0.0493,0.05429773000000001
124,2,高科技_3,high_tech,59104,0.0021,539,7468.4,1.754,0.0332,0.0582,0.05429773000000001
124,3,高科技_4,high_tech,49412,0.0049,344,7798.3,1.281,0.0379,0.0486,0.05429773000000001
124,4,高科技_5,high_tech,40005,0.0039,207,8778.0,0.852,0.0462,0.0394,0.05429773000000001
124,5,传统制造_1,traditional,72778,0.0047,584,4980.0,0.857,0.0836,0.0716,0.05429773000000001
124,6,传统制造_2,traditional,56199,0.0024,2428,4649.0,2.109,0.0262,0.0553,0.05429773000000001
124,7,传统制造_3,traditional,63774,0.0055,410,5066.5,0.847,0.0741,0.0628,0.05429773000000001
124,8,传统制造_4,traditional,64325,0.006,1185,4373.6,1.377,0.046,0.0633,0.05429773000000001
124,9,传统制造_5,traditional,60249,0.0077,613,3617.6,0.779,0.0761,0.0593,0.05429773000000001
124,10,传统制造_6,traditional,58059,0.0035,435,4408.5,0.979,0.0584,0.0571,0.05429773000000001
124,11,传统制造_7,traditional,77920,0.0069,1043,4029.4,1.216,0.0631,0.0767,0.05429773000000001
124,12,传统制造_8,traditional,50151,0.0038,1220,5024.0,0.995,0.0496,0.0494,0.05429773000000001
124,13,传统制造_9,traditional,63792,0.0082,521,3191.1,3.658,0.0172,0.0628,0.05429773000000001
124,14,传统制造_10,traditional,45983,0.0031,396,4413.6,1.96,0.0231,0.0452,0.05429773000000001
124,15,服务产业_1,service,15776,0.0026,426,6156.6,0.514,0.0302,0.0155,0.05429773000000001
124,16,服务产业_2,service,41139,0.0043,236,4870.4,0.447,0.0906,0.0405,0.05429773000000001
124,17,服务产业_3,service,41857,0.0015,314,6242.5,2.82,0.0146,0.0412,0.05429773000000001
124,18,服务产业_4,service,27831,0.0025,280,5119.7,0.572,0.0479,0.0274,0.05429773000000001
124,19,服务产业_5,service,32076,0.0031,298,5619.2,0.405,0.0779,0.0316,0.05429773000000001
125,0,高科技_1,high_tech,224526,0.0391,1184,7999.7,1.81,0.0178,0.0323,0.053520049999999986
125,1,高科技_2,high_tech,432814,0.0154,4549,9378.8,0.72,0.0864,0.0622,0.053520049999999986
125,2,高科技_3,high_tech,256029,0.0516,3752,9643.5,1.11,0.0332,0.0368,0.053520049999999986
125,3,高科技_4,high_tech,294124,0.0291,5232,7780.0,1.114,0.0379,0.0423,0.053520049999999986
125,4,高科技_5,high_tech,349066,0.0245,3814,10719.6,1.086,0.0462,0.0502,0.053520049999999986
125,5,传统制造_1,traditional,288189,0.0402,1950,5312.8,0.496,0.0836,0.0414,0.053520049999999986
125,6,传统制造_2,traditional,129679,0.0072,1212,5252.2,0.711,0.0262,0.0186,0.053520049999999986
125,7,传统制造_3,traditional,465607,0.0255,5108,3817.0,0.903,0.0741,0.0669,0.053520049999999986
125,8,传统制造_4,traditional,356929,0.0451,1878,4657.9,1.116,0.046,0.0513,0.053520049999999986
125,9,传统制造_5,traditional,481051,0.0509,7239,5919.6,0.909,0.0761,0.0691,0.053520049999999986
125,10,传统制造_6,traditional,407202,0.0259,3273,3730.0,1.002,0.0584,0.0585,0.053520049999999986
125,11,传统制造_7,traditional,256977,0.0204,4228,3833.5,0.586,0.0631,0.0369,0.053520049999999986
125,12,传统制造_8,traditional,401826,0.029,5445,3875.2,1.165,0.0496,0.0577,0.053520049999999986
125,13,传统制造_9,traditional,518542,0.0186,4856,5389.3,4.342,0.0172,0.0745,0.053520049999999986
125,14,传统制造_10,traditional,396152,0.0336,4337,4620.1,2.466,0.0231,0.0569,0.053520049999999986
125,15,服务产业_1,service,356708,0.0773,4436,5163.0,1.698,0.0302,0.0513,0.053520049999999986
125,16,服务产业_2,service,278505,0.0183,1988,5584.3,0.442,0.0906,0.04,0.053520049999999986
125,17,服务产业_3,service,372589,0.0213,2241,5808.6,3.666,0.0146,0.0535,0.053520049999999986
125,18,服务产业_4,service,308911,0.0137,2818,5491.0,0.927,0.0479,0.0444,0.053520049999999986
125,19,服务产业_5,service,383553,0.0755,3409,5150.6,0.707,0.0779,0.0551,0.053520049999999986
126,0,高科技_1,high_tech,4930,0.0005,30,6336.6,1.344,0.0178,0.024,0.061822030000000014
126,1,高科技_2,high_tech,2488,0.0005,20,7526.4,0.14,0.0864,0.0121,0.061822030000000014
126,2,高科技_3,high_tech,5346,0.0003,64,6510.4,0.784,0.0332,0.026,0.061822030000000014
126,3,高科技_4,high_tech,10325,0.0009,101,8723.3,1.322,0.0379,0.0502,0.061822030000000014
126,4,高科技_5,high_tech,4887,0.0007,132,7423.4,0.514,0.0462,0.0237,0.061822030000000014
126,5,传统制造_1,traditional,14792,0.0016,86,4717.7,0.86,0.0836,0.0719,0.061822030000000014
126,6,传统制造_2,traditional,13442,0.001,659,4842.0,2.491,0.0262,0.0653,0.061822030000000014
126,7,传统制造_3,traditional,12206,0.001,63,4899.9,0.8,0.0741,0.0593,0.061822030000000014
126,8,传统制造_4,traditional,18914,0.001,420,4442.0,2.0,0.046,0.0919,0.061822030000000014
126,9,传统制造_5,traditional,12582,0.0013,277,4951.5,0.804,0.0761,0.0611,0.061822030000000014
126,10,传统制造_6,traditional,13882,0.0008,294,3613.7,1.155,0.0584,0.0675,0.061822030000000014
126,11,传统制造_7,traditional,13657,0.001,93,4515.5,1.052,0.0631,0.0664,0.061822030000000014
126,12,传统制造_8,traditional,17656,0.0018,686,3235.0,1.731,0.0496,0.0858,0.061822030000000014
126,13,传统制造_9,traditional,9402,0.0004,80,4448.0,2.662,0.0172,0.0457,0.061822030000000014
126,14,传统制造_10,traditional,19453,0.0014,467,4902.4,4.094,0.0231,0.0945,0.061822030000000014
126,15,服务产业_1,service,7821,0.0009,79,5040.6,1.259,0.0302,0.038,0.061822030000000014
126,16,服务产业_2,service,6231,0.0005,83,5128.0,0.334,0.0906,0.0303,0.061822030000000014
126,17,服务产业_3,service,6544,0.0008,49,5832.5,2.177,0.0146,0.0318,0.061822030000000014
126,18,服务产业_4,service,5345,0.0005,28,4128.4,0.542,0.0479,0.026,0.061822030000000014
126,19,服务产业_5,service,5880,0.0002,106,4735.5,0.367,0.0779,0.0286,0.061822030000000014
127,0,高科技_1,high_tech,21006,0.0013,297,7798.1,2.641,0.0178,0.0471,0.057201
127,1,高科技_2,high_tech,18865,0.0012,372,6204.8,0.489,0.0864,0.0423,0.057201
127,2,高科技_3,high_tech,13396,0.0004,140,7465.3,0.905,0.0332,0.03,0.057201
127,3,高科技_4,high_tech,12809,0.0007,81,9006.9,0.756,0.0379,0.0287,0.057201
127,4,高科技_5,high_tech,14966,0.0016,104,6242.7,0.726,0.0462,0.0335,0.057201
127,5,传统制造_1,traditional,32941,0.0016,218,4869.4,0.883,0.0836,0.0738,0.057201
127,6,传统制造_2,traditional,36672,0.003,226,3187.0,3.134,0.0262,0.0822,0.057201
127,7,传统制造_3,traditional,25461,0.0024,519,3574.2,0.77,0.0741,0.057,0.057201
127,8,传统制造_4,traditional,33383,0.0008,241,3945.8,1.627,0.046,0.0748,0.057201
127,9,传统制造_5,traditional,28856,0.0029,180,4489.1,0.85,0.0761,0.0647,0.057201
127,10,传统制造_6,traditional,12799,0.0013,75,4622.8,0.491,0.0584,0.0287,0.057201
127,11,传统制造_7,traditional,27822,0.0027,873,4305.8,0.989,0.0631,0.0623,0.057201
127,12,传统制造_8,traditional,33642,0.0014,322,4718.4,1.52,0.0496,0.0754,0.057201
127,13,传统制造_9,traditional,26058,0.0024,497,4130.5,3.402,0.0172,0.0584,0.057201
127,14,传统制造_10,traditional,33314,0.002,288,3335.7,3.233,0.0231,0.0746,0.057201
127,15,服务产业_1,service,15873,0.0006,84,5006.6,1.178,0.0302,0.0356,0.057201
127,16,服务产业_2,service,17413,0.0019,96,5906.8,0.431,0.0906,0.039,0.057201
127,17,服务产业_3,service,9924,0.0005,101,4784.9,1.523,0.0146,0.0222,0.057201
127,18,服务产业_4,service,17486,0.0009,168,5990.0,0.818,0.0479,0.0392,0.057201
127,19,服务产业_5,service,13627,0.0013,109,5117.4,0.392,0.0779,0.0305,0.057201
128,0,高科技_1,high_tech,37481,0.0091,1463,6409.7,2.038,0.0178,0.0363,0.05653991000000001
128,1,高科技_2,high_tech,36144,0.0033,250,8776.2,0.405,0.0864,0.035,0.05653991000000001
128,2,高科技_3,high_tech,29061,0.0013,384,7432.9,0.849,0.0332,0.0282,0.05653991000000001
128,3,高科技_4,high_tech,42578,0.0025,319,7425.1,1.087,0.0379,0.0413,0.05653991000000001
128,4,高科技_5,high_tech,52122,0.0035,990,6928.5,1.093,0.0462,0.0505,0.05653991000000001
128,5,传统制造_1,traditional,62409,0.0071,601,4689.1,0.724,0.0836,0.0605,0.05653991000000001
128,6,传统制造_2,traditional,63900,0.0042,3098,4867.7,2.361,0.0262,0.0619,0.05653991000000001
128,7,传统制造_3,traditional,62091,0.0052,1016,4769.6,0.812,0.0741,0.0602,0.05653991000000001
128,8,传统制造_4,traditional,53367,0.0013,1149,4462.3,1.125,0.046,0.0517,0.05653991000000001
128,9,传统制造_5,traditional,71184,0.0094,425,4028.9,0.906,0.0761,0.069,0.05653991000000001
128,10,传统制造_6,traditional,71679,0.0117,651,4695.6,1.189,0.0584,0.0694,0.05653991000000001
128,11,传统制造_7,traditional,68750,0.0043,2311,4843.5,1.056,0.0631,0.0666,0.05653991000000001
128,12,传统制造_8,traditional,94821,0.0049,3673,4795.1,1.853,0.0496,0.0919,0.05653991000000001
128,13,传统制造_9,traditional,74871,0.0042,2429,5042.4,4.226,0.0172,0.0725,0.05653991000000001
128,14,传统制造_10,traditional,53844,0.0097,357,3682.9,2.259,0.0231,0.0522,0.05653991000000001
128,15,服务产业_1,service,37501,0.0037,227,6052.8,1.204,0.0302,0.0363,0.05653991000000001
128,16,服务产业_2,service,29634,0.0037,186,5320.1,0.317,0.0906,0.0287,0.05653991000000001
128,17,服务产业_3,service,29719,0.0018,344,4961.8,1.971,0.0146,0.0288,0.05653991000000001
128,18,服务产业_4,service,30977,0.0016,156,4855.4,0.626,0.0479,0.03,0.05653991000000001
128,19,服务产业_5,service,30072,0.0009,215,4765.4,0.374,0.0779,0.0291,0.05653991000000001
129,0,高科技_1,high_tech,15175,0.0006,395,8845.9,1.467,0.0178,0.0261,0.05719593
129,1,高科技_2,high_tech,19925,0.0015,224,8207.5,0.397,0.0864,0.0343,0.05719593
129,2,高科技_3,high_tech,24763,0.0043,451,7564.6,1.286,0.0332,0.0426,0.05719593
129,3,高科技_4,high_tech,27571,0.0017,313,6835.4,1.251,0.0379,0.0475,0.05719593
129,4,高科技_5,high_tech,22465,0.0026,205,7889.0,0.838,0.0462,0.0387,0.05719593
129,5,传统制造_1,traditional,21845,0.0052,478,3796.8,0.45,0.0836,0.0376,0.05719593
129,6,传统制造_2,traditional,37781,0.0049,1429,3616.9,2.482,0.0262,0.0651,0.05719593
129,7,传统制造_3,traditional,44041,0.0023,237,3654.3,1.023,0.0741,0.0758,0.05719593
129,8,传统制造_4,traditional,39456,0.0037,1379,3910.0,1.478,0.046,0.068,0.05719593
129,9,传统制造_5,traditional,42362,0.0023,243,4981.2,0.959,0.0761,0.073,0.05719593
129,10,传统制造_6,traditional,33041,0.0016,270,3504.5,0.975,0.0584,0.0569,0.05719593
129,11,传统制造_7,traditional,38900,0.0017,825,3909.3,1.062,0.0631,0.067,0.05719593
129,12,传统制造_8,traditional,43225,0.0017,266,3737.9,1.502,0.0496,0.0744,0.05719593
129,13,传统制造_9,traditional,49062,0.0019,312,3412.5,4.923,0.0172,0.0845,0.05719593
129,14,传统制造_10,traditional,33306,0.0054,329,3190.4,2.484,0.0231,0.0574,0.05719593
129,15,服务产业_1,service,13907,0.0011,91,5062.4,0.793,0.0302,0.024,0.05719593
129,16,服务产业_2,service,23247,0.0007,869,4082.5,0.442,0.0906,0.04,0.05719593
129,17,服务产业_3,service,15250,0.002,121,4709.3,1.798,0.0146,0.0263,0.05719593
129,18,服务产业_4,service,17583,0.0011,111,5709.9,0.632,0.0479,0.0303,0.05719593
129,19,服务产业_5,service,17748,0.0033,128,4907.9,0.392,0.0779,0.0306,0.05719593
130,0,高科技_1,high_tech,10802,0.0002,361,7939.0,3.363,0.0178,0.0599,0.05725892
130,1,高科技_2,high_tech,9390,0.001,138,8047.2,0.603,0.0864,0.0521,0.05725892
130,2,高科技_3,high_tech,4094,0.0002,179,8640.7,0.685,0.0332,0.0227,0.05725892
130,3,高科技_4,high_tech,5523,0.0008,46,6980.6,0.807,0.0379,0.0306,0.05725892
130,4,高科技_5,high_tech,3768,0.0006,80,7980.7,0.453,0.0462,0.0209,0.05725892
130,5,传统制造_1,traditional,10056,0.0013,140,4631.3,0.668,0.0836,0.0558,0.05725892
130,6,传统制造_2,traditional,12102,0.0008,86,3708.7,2.561,0.0262,0.0671,0.05725892
130,7,传统制造_3,traditional,13124,0.0009,240,3233.9,0.982,0.0741,0.0728,0.05725892
130,8,传统制造_4,traditional,12673,0.0007,77,4591.5,1.53,0.046,0.0703,0.05725892
130,9,传统制造_5,traditional,7511,0.0004,68,4128.1,0.548,0.0761,0.0417,0.05725892
130,10,传统制造_6,traditional,11369,0.0007,132,4800.7,1.08,0.0584,0.0631,0.05725892
130,11,传统制造_7,traditional,12638,0.0016,67,4620.9,1.112,0.0631,0.0701,0.05725892
130,12,传统制造_8,traditional,13625,0.0012,168,3499.4,1.525,0.0496,0.0756,0.05725892
130,13,传统制造_9,traditional,12433,0.002,274,4479.7,4.019,0.0172,0.069,0.05725892
130,14,传统制造_10,traditional,12572,0.0007,596,4902.7,3.021,0.0231,0.0697,0.05725892
130,15,服务产业_1,service,4444,0.0006,45,5980.3,0.817,0.0302,0.0247,0.05725892
130,16,服务产业_2,service,5046,0.0003,63,5341.9,0.309,0.0906,0.028,0.05725892
130,17,服务产业_3,service,7778,0.0007,56,4487.3,2.955,0.0146,0.0432,0.05725892
130,18,服务产业_4,service,6151,0.0003,38,4507.2,0.712,0.0479,0.0341,0.05725892
130,19,服务产业_5,service,5156,0.0003,35,5770.0,0.367,0.0779,0.0286,0.05725892
131,0,高科技_1,high_tech,38332,0.0012,415,8328.5,1.829,0.0178,0.0326,0.0604503
131,1,高科技_2,high_tech,33225,0.0065,766,8683.0,0.327,0.0864,0.0283,0.0604503
131,2,高科技_3,high_tech,36025,0.0028,594,8213.5,0.924,0.0332,0.0306,0.0604503
131,3,高科技_4,high_tech,32259,0.002,281,9236.6,0.723,0.0379,0.0274,0.0604503
131,4,高科技_5,high_tech,38804,0.0024,337,7136.8,0.714,0.0462,0.033,0.0604503
131,5,传统制造_1,traditional,79297,0.0091,524,3946.2,0.807,0.0836,0.0674,0.0604503
131,6,传统制造_2,traditional,90358,0.0079,4108,3689.4,2.931,0.0262,0.0768,0.0604503
131,7,传统制造_3,traditional,79324,0.004,432,3272.4,0.91,0.0741,0.0675,0.0604503
131,8,传统制造_4,traditional,76073,0.0116,416,4228.3,1.407,0.046,0.0647,0.0604503
131,9,传统制造_5,traditional,105517,0.0079,2218,5010.5,1.179,0.0761,0.0897,0.0604503
131,10,传统制造_6,traditional,23931,0.0013,342,3177.1,0.349,0.0584,0.0203,0.0604503
131,11,传统制造_7,traditional,88839,0.0135,1631,4675.5,1.198,0.0631,0.0755,0.0604503
131,12,传统制造_8,traditional,86949,0.0052,1609,4935.4,1.491,0.0496,0.0739,0.0604503
131,13,传统制造_9,traditional,87151,0.0034,1312,4966.6,4.318,0.0172,0.0741,0.0604503
131,14,传统制造_10,traditional,93361,0.0081,1924,3237.6,3.438,0.0231,0.0794,0.0604503
131,15,服务产业_1,service,25745,0.0008,497,4777.5,0.725,0.0302,0.0219,0.0604503
131,16,服务产业_2,service,45343,0.0043,897,5730.3,0.426,0.0906,0.0386,0.0604503
131,17,服务产业_3,service,40122,0.0022,359,5661.2,2.336,0.0146,0.0341,0.0604503
131,18,服务产业_4,service,32985,0.0039,472,5679.6,0.585,0.0479,0.028,0.0604503
131,19,服务产业_5,service,42375,0.003,857,5917.3,0.462,0.0779,0.036,0.0604503
132,0,高科技_1,high_tech,6727,0.0003,55,7866.8,1.96,0.0178,0.0349,0.0563829
132,1,高科技_2,high_tech,5863,0.0007,48,6796.8,0.352,0.0864,0.0304,0.0563829
132,2,高科技_3,high_tech,10633,0.001,114,6208.8,1.665,0.0332,0.0552,0.0563829
132,3,高科技_4,high_tech,4384,0.0008,55,7117.4,0.6,0.0379,0.0228,0.0563829
132,4,高科技_5,high_tech,11045,0.0008,58,8322.4,1.241,0.0462,0.0573,0.0563829
132,5,传统制造_1,traditional,9527,0.0015,81,3366.2,0.592,0.0836,0.0495,0.0563829
132,6,传统制造_2,traditional,15072,0.0008,151,4482.9,2.984,0.0262,0.0782,0.0563829
132,7,传统制造_3,traditional,11504,0.0007,73,3219.5,0.806,0.0741,0.0597,0.0563829
132,8,传统制造_4,traditional,13808,0.0002,139,3633.1,1.56,0.046,0.0717,0.0563829
132,9,传统制造_5,traditional,12689,0.0006,120,4067.5,0.866,0.0761,0.0659,0.0563829
132,10,传统制造_6,traditional,10956,0.0004,57,3709.0,0.974,0.0584,0.0569,0.0563829
132,11,传统制造_7,traditional,13351,0.0019,73,4641.7,1.099,0.0631,0.0693,0.0563829
132,12,传统制造_8,traditional,12042,0.0007,68,4019.4,1.261,0.0496,0.0625,0.0563829
132,13,传统制造_9,traditional,14640,0.0002,102,4657.9,4.428,0.0172,0.076,0.0563829
132,14,传统制造_10,traditional,10496,0.0007,53,4972.6,2.36,0.0231,0.0545,0.0563829
132,15,服务产业_1,service,6178,0.0005,84,5272.0,1.063,0.0302,0.0321,0.0563829
132,16,服务产业_2,service,6720,0.0012,57,5455.5,0.385,0.0906,0.0349,0.0563829
132,17,服务产业_3,service,5376,0.0007,33,4373.8,1.911,0.0146,0.0279,0.0563829
132,18,服务产业_4,service,3698,0.0004,89,4495.1,0.401,0.0479,0.0192,0.0563829
132,19,服务产业_5,service,7919,0.0015,82,5776.3,0.528,0.0779,0.0411,0.0563829
133,0,高科技_1,high_tech,55812,0.0074,607,7565.5,1.664,0.0178,0.0297,0.05923603000000001
133,1,高科技_2,high_tech,57134,0.0035,412,7036.9,0.351,0.0864,0.0304,0.05923603000000001
133,2,高科技_3,high_tech,26823,0.0017,154,7216.3,0.43,0.0332,0.0143,0.05923603000000001
133,3,高科技_4,high_tech,53595,0.0027,412,9154.2,0.75,0.0379,0.0285,0.05923603000000001
133,4,高科技_5,high_tech,76724,0.0042,2049,7610.6,0.882,0.0462,0.0408,0.05923603000000001
133,5,传统制造_1,traditional,115468,0.007,2978,4062.1,0.734,0.0836,0.0614,0.05923603000000001
133,6,传统制造_2,traditional,126436,0.0112,1013,4886.7,2.562,0.0262,0.0672,0.05923603000000001
133,7,传统制造_3,traditional,146247,0.0137,3843,4385.7,1.048,0.0741,0.0777,0.05923603000000001
133,8,传统制造_4,traditional,170798,0.0123,1651,3669.9,1.974,0.046,0.0907,0.05923603000000001
133,9,传统制造_5,traditional,109293,0.0048,645,3593.1,0.763,0.0761,0.0581,0.05923603000000001
133,10,传统制造_6,traditional,89276,0.0041,913,3188.4,0.812,0.0584,0.0474,0.05923603000000001
133,11,传统制造_7,traditional,105445,0.0318,725,3145.0,0.888,0.0631,0.056,0.05923603000000001
133,12,传统制造_8,traditional,133441,0.0074,3207,3985.7,1.43,0.0496,0.0709,0.05923603000000001
133,13,传统制造_9,traditional,172618,0.0188,1430,3763.9,5.344,0.0172,0.0917,0.05923603000000001
133,14,传统制造_10,traditional,119317,0.0122,3132,3598.1,2.746,0.0231,0.0634,0.05923603000000001
133,15,服务产业_1,service,64555,0.0057,2730,5998.3,1.136,0.0302,0.0343,0.05923603000000001
133,16,服务产业_2,service,54353,0.0059,521,5950.7,0.319,0.0906,0.0289,0.05923603000000001
133,17,服务产业_3,service,59873,0.0042,312,4855.0,2.178,0.0146,0.0318,0.05923603000000001
133,18,服务产业_4,service,75558,0.0112,3167,5069.3,0.838,0.0479,0.0401,0.05923603000000001
133,19,服务产业_5,service,69303,0.0092,398,6125.6,0.473,0.0779,0.0368,0.05923603000000001
134,0,高科技_1,high_tech,8645,0.0004,68,6397.6,1.283,0.0178,0.0229,0.05898047000000001
134,1,高科技_2,high_tech,16377,0.0009,114,6625.4,0.501,0.0864,0.0433,0.05898047000000001
134,2,高科技_3,high_tech,6304,0.0002,51,6804.0,0.503,0.0332,0.0167,0.05898047000000001
134,3,高科技_4,high_tech,20498,0.0026,270,6484.0,1.428,0.0379,0.0542,0.05898047000000001
134,4,高科技_5,high_tech,16991,0.0008,308,7224.7,0.972,0.0462,0.0449,0.05898047000000001
134,5,传统制造_1,traditional,22125,0.0006,232,3482.5,0.7,0.0836,0.0585,0.05898047000000001
134,6,传统制造_2,traditional,32407,0.0021,583,4289.9,3.268,0.0262,0.0857,0.05898047000000001
134,7,传统制造_3,traditional,28856,0.0022,217,3565.2,1.029,0.0741,0.0763,0.05898047000000001
134,8,传统制造_4,traditional,28437,0.0018,247,3701.2,1.636,0.046,0.0752,0.05898047000000001
134,9,传统制造_5,traditional,24616,0.0049,124,4518.7,0.855,0.0761,0.0651,0.05898047000000001
134,10,传统制造_6,traditional,28879,0.0014,181,3813.1,1.308,0.0584,0.0763,0.05898047000000001
134,11,传统制造_7,traditional,18636,0.0009,510,3101.4,0.781,0.0631,0.0493,0.05898047000000001
134,12,传统制造_8,traditional,26332,0.0008,178,4190.3,1.404,0.0496,0.0696,0.05898047000000001
134,13,传统制造_9,traditional,22469,0.0007,141,3671.2,3.461,0.0172,0.0594,0.05898047000000001
134,14,传统制造_10,traditional,24507,0.0028,754,4460.3,2.806,0.0231,0.0648,0.05898047000000001
134,15,服务产业_1,service,9122,0.0008,61,5642.9,0.799,0.0302,0.0241,0.05898047000000001
134,16,服务产业_2,service,9263,0.0005,146,4662.5,0.27,0.0906,0.0245,0.05898047000000001
134,17,服务产业_3,service,14571,0.0005,74,4939.3,2.638,0.0146,0.0385,0.05898047000000001
134,18,服务产业_4,service,7073,0.0006,70,6043.1,0.39,0.0479,0.0187,0.05898047000000001
134,19,服务产业_5,service,12146,0.0011,70,5014.1,0.412,0.0779,0.0321,0.05898047000000001
135,0,高科技_1,high_tech,157595,0.014,7137,7772.8,2.326,0.0178,0.0415,0.0546419
135,1,高科技_2,high_tech,172544,0.0102,1526,9806.3,0.525,0.0864,0.0454,0.0546419
135,2,高科技_3,high_tech,64899,0.002,778,7831.6,0.515,0.0332,0.0171,0.0546419
135,3,高科技_4,high_tech,154561,0.0155,2945,7181.1,1.071,0.0379,0.0407,0.0546419
135,4,高科技_5,high_tech,168006,0.0052,4598,7420.9,0.957,0.0462,0.0442,0.0546419
135,5,传统制造_1,traditional,291791,0.02,2565,3921.4,0.918,0.0836,0.0768,0.0546419
135,6,传统制造_2,traditional,172524,0.0174,1197,3886.5,1.731,0.0262,0.0454,0.0546419
135,7,传统制造_3,traditional,229449,0.0086,2185,5054.6,0.814,0.0741,0.0604,0.0546419
135,8,传统制造_4,traditional,228473,0.0135,2693,4962.4,1.308,0.046,0.0601,0.0546419
135,9,传统制造_5,traditional,265504,0.0217,5076,3785.4,0.918,0.0761,0.0698,0.0546419
135,10,传统制造_6,traditional,213508,0.0078,2727,4515.0,0.962,0.0584,0.0562,0.0546419
135,11,传统制造_7,traditional,264100,0.0299,1702,4460.2,1.102,0.0631,0.0695,0.0546419
135,12,传统制造_8,traditional,247514,0.021,1482,4054.3,1.313,0.0496,0.0651,0.0546419
135,13,传统制造_9,traditional,199620,0.0329,1869,5186.3,3.06,0.0172,0.0525,0.0546419
135,14,传统制造_10,traditional,183132,0.011,1090,4871.2,2.086,0.0231,0.0482,0.0546419
135,15,服务产业_1,service,256340,0.0328,2735,6628.5,2.234,0.0302,0.0674,0.0546419
135,16,服务产业_2,service,145552,0.0103,1934,6552.7,0.423,0.0906,0.0383,0.0546419
135,17,服务产业_3,service,97102,0.006,2561,5865.8,1.749,0.0146,0.0255,0.0546419
135,18,服务产业_4,service,149182,0.0072,3174,4570.8,0.819,0.0479,0.0392,0.0546419
135,19,服务产业_5,service,140092,0.0139,2882,6268.0,0.473,0.0779,0.0369,0.0546419
136,0,高科技_1,high_tech,15108,0.0009,112,7696.9,2.721,0.0178,0.0485,0.06035021
136,1,高科技_2,high_tech,8058,0.001,119,7073.6,0.299,0.0864,0.0259,0.06035021
136,2,高科技_3,high_tech,12095,0.0008,75,8680.4,1.171,0.0332,0.0388,0.06035021
136,3,高科技_4,high_tech,12160,0.0011,370,8079.2,1.028,0.0379,0.039,0.06035021
136,4,高科技_5,high_tech,10863,0.0007,88,6558.4,0.755,0.0462,0.0349,0.06035021
136,5,传统制造_1,traditional,25540,0.0041,330,4465.0,0.981,0.0836,0.082,0.06035021
136,6,传统制造_2,traditional,27012,0.0012,136,4930.4,3.306,0.0262,0.0867,0.06035021
136,7,传统制造_3,traditional,15689,0.0013,260,4803.7,0.679,0.0741,0.0503,0.06035021
136,8,传统制造_4,traditional,11106,0.001,69,3729.7,0.775,0.046,0.0356,0.06035021
136,9,传统制造_5,traditional,18385,0.0006,153,3944.6,0.775,0.0761,0.059,0.06035021
136,10,传统制造_6,traditional,16373,0.0011,134,4743.9,0.9,0.0584,0.0525,0.06035021
136,11,传统制造_7,traditional,18598,0.0031,127,4100.6,0.947,0.0631,0.0597,0.06035021
136,12,传统制造_8,traditional,27795,0.0012,922,4960.7,1.799,0.0496,0.0892,0.06035021
136,13,传统制造_9,traditional,31370,0.0022,585,3593.7,5.866,0.0172,0.1007,0.06035021
136,14,传统制造_10,traditional,16514,0.0022,97,4711.7,2.296,0.0231,0.053,0.06035021
136,15,服务产业_1,service,9196,0.0008,46,4157.7,0.978,0.0302,0.0295,0.06035021
136,16,服务产业_2,service,9147,0.001,87,5807.2,0.324,0.0906,0.0294,0.06035021
136,17,服务产业_3,service,9461,0.0006,408,5065.1,2.079,0.0146,0.0304,0.06035021
136,18,服务产业_4,service,5724,0.0004,30,4062.2,0.383,0.0479,0.0184,0.06035021
136,19,服务产业_5,service,11398,0.001,333,5009.4,0.469,0.0779,0.0366,0.06035021
137,0,高科技_1,high_tech,12485,0.0005,131,7682.9,2.061,0.0178,0.0367,0.05922288
137,1,高科技_2,high_tech,12079,0.0009,197,6714.2,0.411,0.0864,0.0355,0.05922288
137,2,高科技_3,high_tech,12724,0.001,226,8788.8,1.129,0.0332,0.0374,0.05922288
137,3,高科技_4,high_tech,5813,0.0004,45,7806.1,0.451,0.0379,0.0171,0.05922288
137,4,高科技_5,high_tech,16301,0.0006,83,9060.0,1.038,0.0462,0.0479,0.05922288
137,5,传统制造_1,traditional,23957,0.0018,307,4633.7,0.843,0.0836,0.0705,0.05922288
137,6,传统制造_2,traditional,26457,0.0022,369,3642.1,2.968,0.0262,0.0778,0.05922288
137,7,传统制造_3,traditional,27334,0.0017,245,3852.2,1.085,0.0741,0.0804,0.05922288
137,8,传统制造_4,traditional,19353,0.0016,330,3958.4,1.238,0.046,0.0569,0.05922288
137,9,传统制造_5,traditional,27858,0.0013,452,4799.3,1.077,0.0761,0.0819,0.05922288
137,10,传统制造_6,traditional,19571,0.0021,248,3418.9,0.986,0.0584,0.0576,0.05922288
137,11,传统制造_7,traditional,26412,0.0017,213,4183.6,1.232,0.0631,0.0777,0.05922288
137,12,传统制造_8,traditional,15768,0.0005,203,3536.9,0.935,0.0496,0.0464,0.05922288
137,13,传统制造_9,traditional,13682,0.0016,73,4443.8,2.345,0.0172,0.0402,0.05922288
137,14,传统制造_10,traditional,29306,0.0015,210,4606.1,3.733,0.0231,0.0862,0.05922288
137,15,服务产业_1,service,12426,0.0012,152,4392.4,1.211,0.0302,0.0365,0.05922288
137,16,服务产业_2,service,10413,0.0012,84,4443.0,0.338,0.0906,0.0306,0.05922288
137,17,服务产业_3,service,10793,0.0017,160,5343.5,2.174,0.0146,0.0317,0.05922288
137,18,服务产业_4,service,6480,0.0008,40,5729.8,0.398,0.0479,0.0191,0.05922288
137,19,服务产业_5,service,10790,0.0023,154,4392.2,0.407,0.0779,0.0317,0.05922288
138,0,高科技_1,high_tech,42192,0.0034,446,8030.4,1.802,0.0178,0.0321,0.05687964
138,1,高科技_2,high_tech,38467,0.0147,529,8016.5,0.339,0.0864,0.0293,0.05687964
138,2,高科技_3,high_tech,48555,0.0029,250,6856.8,1.115,0.0332,0.037,0.05687964
138,3,高科技_4,high_tech,57216,0.0046,674,7823.6,1.147,0.0379,0.0435,0.05687964
138,4,高科技_5,high_tech,38888,0.003,220,9186.5,0.641,0.0462,0.0296,0.05687964
138,5,传统制造_1,traditional,77651,0.0043,986,4346.3,0.707,0.0836,0.0591,0.05687964
138,6,传统制造_2,traditional,88772,0.0046,771,3940.8,2.577,0.0262,0.0676,0.05687964
138,7,传统制造_3,traditional,48120,0.0053,546,3365.4,0.494,0.0741,0.0366,0.05687964
138,8,传统制造_4,traditional,99292,0.0041,1337,3863.9,1.644,0.046,0.0756,0.05687964
138,9,传统制造_5,traditional,87005,0.0055,892,5102.3,0.87,0.0761,0.0662,0.05687964
138,10,传统制造_6,traditional,87233,0.0073,690,4867.1,1.137,0.0584,0.0664,0.05687964
138,11,传统制造_7,traditional,102748,0.0078,603,4726.8,1.24,0.0631,0.0782,0.05687964
138,12,传统制造_8,traditional,99106,0.0048,811,3575.6,1.521,0.0496,0.0754,0.05687964
138,13,传统制造_9,traditional,93584,0.0168,712,4252.4,4.15,0.0172,0.0712,0.05687964
138,14,传统制造_10,traditional,88116,0.008,461,5104.4,2.904,0.0231,0.0671,0.05687964
138,15,服务产业_1,service,45049,0.0023,264,4324.3,1.136,0.0302,0.0343,0.05687964
138,16,服务产业_2,service,38601,0.0021,206,5803.2,0.324,0.0906,0.0294,0.05687964
138,17,服务产业_3,service,34312,0.002,296,6289.8,1.788,0.0146,0.0261,0.05687964
138,18,服务产业_4,service,49532,0.0048,381,4940.9,0.787,0.0479,0.0377,0.05687964
138,19,服务产业_5,service,49609,0.0021,462,4719.1,0.484,0.0779,0.0378,0.05687964
139,0,高科技_1,high_tech,7466,0.0003,41,8221.6,1.423,0.0178,0.0254,0.05976922
139,1,高科技_2,high_tech,15094,0.0015,82,7365.0,0.593,0.0864,0.0513,0.05976922
139,2,高科技_3,high_tech,15460,0.0025,123,7470.5,1.584,0.0332,0.0525,0.05976922
139,3,高科技_4,high_tech,9914,0.0016,150,7895.4,0.887,0.0379,0.0337,0.05976922
139,4,高科技_5,high_tech,8956,0.0008,271,6812.8,0.658,0.0462,0.0304,0.05976922
139,5,传统制造_1,traditional,18184,0.0015,113,4583.0,0.739,0.0836,0.0617,0.05976922
139,6,传统制造_2,traditional,19890,0.0011,231,3148.3,2.576,0.0262,0.0675,0.05976922
139,7,传统制造_3,traditional,22425,0.0013,148,4370.8,1.027,0.0741,0.0762,0.05976922
139,8,传统制造_4,traditional,32048,0.0021,238,4943.2,2.368,0.046,0.1088,0.05976922
139,9,传统制造_5,traditional,15094,0.0019,78,3164.8,0.674,0.0761,0.0513,0.05976922
139,10,传统制造_6,traditional,20076,0.0038,108,3894.1,1.168,0.0584,0.0682,0.05976922
139,11,传统制造_7,traditional,18557,0.0016,186,3357.9,0.999,0.0631,0.063,0.05976922
139,12,传统制造_8,traditional,17156,0.0014,327,4149.2,1.175,0.0496,0.0583,0.05976922
139,13,传统制造_9,traditional,17484,0.0019,221,3318.1,3.459,0.0172,0.0594,0.05976922
139,14,传统制造_10,traditional,18725,0.0016,154,4612.8,2.754,0.0231,0.0636,0.05976922
139,15,服务产业_1,service,8385,0.0003,129,5873.6,0.943,0.0302,0.0285,0.05976922
139,16,服务产业_2,service,8743,0.0003,92,5888.8,0.328,0.0906,0.0297,0.05976922
139,17,服务产业_3,service,8990,0.0007,84,5790.8,2.09,0.0146,0.0305,0.05976922
139,18,服务产业_4,service,5188,0.0005,29,5358.2,0.368,0.0479,0.0176,0.05976922
139,19,服务产业_5,service,6647,0.0005,47,4454.8,0.29,0.0779,0.0226,0.05976922
140,0,高科技_1,high_tech,60445,0.0043,1330,7128.0,2.919,0.0178,0.052,0.06212931000000001
140,1,高科技_2,high_tech,76096,0.0027,1034,8334.6,0.758,0.0864,0.0655,0.06212931000000001
140,2,高科技_3,high_tech,46901,0.0046,238,6436.2,1.218,0.0332,0.0404,0.06212931000000001
140,3,高科技_4,high_tech,17001,0.0011,185,7119.0,0.386,0.0379,0.0146,0.06212931000000001
140,4,高科技_5,high_tech,21387,0.0008,240,6622.9,0.398,0.0462,0.0184,0.06212931000000001
140,5,传统制造_1,traditional,66371,0.0033,943,4634.6,0.684,0.0836,0.0571,0.06212931000000001
140,6,传统制造_2,traditional,101383,0.0043,2565,3810.3,3.328,0.0262,0.0873,0.06212931000000001
140,7,传统制造_3,traditional,116138,0.0063,855,3615.0,1.348,0.0741,0.1,0.06212931000000001
140,8,传统制造_4,traditional,74129,0.0073,620,4189.5,1.388,0.046,0.0638,0.06212931000000001
140,9,传统制造_5,traditional,81547,0.0057,869,4240.9,0.922,0.0761,0.0702,0.06212931000000001
140,10,传统制造_6,traditional,39033,0.0034,598,4009.0,0.575,0.0584,0.0336,0.06212931000000001
140,11,传统制造_7,traditional,91199,0.0046,602,4195.5,1.245,0.0631,0.0785,0.06212931000000001
140,12,传统制造_8,traditional,82857,0.0059,463,4479.2,1.438,0.0496,0.0713,0.06212931000000001
140,13,传统制造_9,traditional,76653,0.0094,669,3857.0,3.844,0.0172,0.066,0.06212931000000001
140,14,传统制造_10,traditional,65138,0.0074,498,3917.1,2.428,0.0231,0.0561,0.06212931000000001
140,15,服务产业_1,service,35065,0.0061,229,4291.4,1.0,0.0302,0.0302,0.06212931000000001
140,16,服务产业_2,service,25520,0.003,226,4666.5,0.242,0.0906,0.022,0.06212931000000001
140,17,服务产业_3,service,30178,0.0035,265,4377.4,1.778,0.0146,0.026,0.06212931000000001
140,18,服务产业_4,service,26238,0.0014,185,4509.7,0.471,0.0479,0.0226,0.06212931000000001
140,19,服务产业_5,service,28677,0.0009,591,5376.8,0.317,0.0779,0.0247,0.06212931000000001
141,0,高科技_1,high_tech,88698,0.004,2649,8619.3,1.929,0.0178,0.0344,0.05486906
141,1,高科技_2,high_tech,115127,0.0038,941,8058.0,0.516,0.0864,0.0446,0.05486906
141,2,高科技_3,high_tech,116525,0.0066,774,9798.7,1.362,0.0332,0.0452,0.05486906
141,3,高科技_4,high_tech,128909,0.0098,1010,8913.8,1.317,0.0379,0.05,0.05486906
141,4,高科技_5,high_tech,114598,0.022,834,9243.3,0.962,0.0462,0.0444,0.05486906
141,5,传统制造_1,traditional,167147,0.0087,1129,4907.5,0.775,0.0836,0.0648,0.05486906
141,6,传统制造_2,traditional,147515,0.0074,1438,4128.4,2.181,0.0262,0.0572,0.05486906
141,7,传统制造_3,traditional,164417,0.0498,2421,3345.7,0.86,0.0741,0.0637,0.05486906
141,8,传统制造_4,traditional,197453,0.0205,1053,4539.8,1.665,0.046,0.0765,0.05486906
141,9,传统制造_5,traditional,196464,0.0168,5317,5190.3,1.001,0.0761,0.0762,0.05486906
141,10,传统制造_6,traditional,150575,0.0073,914,4302.9,1.0,0.0584,0.0584,0.05486906
141,11,传统制造_7,traditional,114490,0.0129,636,3813.3,0.704,0.0631,0.0444,0.05486906
141,12,传统制造_8,traditional,189668,0.0193,8392,4502.2,1.483,0.0496,0.0735,0.05486906
141,13,传统制造_9,traditional,79232,0.0092,532,3614.3,1.789,0.0172,0.0307,0.05486906
141,14,传统制造_10,traditional,165027,0.0047,1135,4451.6,2.771,0.0231,0.064,0.05486906
141,15,服务产业_1,service,107313,0.0093,813,4522.3,1.378,0.0302,0.0416,0.05486906
141,16,服务产业_2,service,96852,0.0077,1840,5452.2,0.414,0.0906,0.0375,0.05486906
141,17,服务产业_3,service,105190,0.0045,729,6131.0,2.792,0.0146,0.0408,0.05486906
141,18,服务产业_4,service,64115,0.0059,750,5845.5,0.519,0.0479,0.0249,0.05486906
141,19,服务产业_5,service,70564,0.0038,1528,5488.1,0.351,0.0779,0.0274,0.05486906
142,0,高科技_1,high_tech,3059,0.0004,15,8808.3,1.854,0.0178,0.033,0.06175069999999999
142,1,高科技_2,high_tech,4471,0.0004,123,6519.3,0.559,0.0864,0.0483,0.06175069999999999
142,2,高科技_3,high_tech,3696,0.0003,130,8854.5,1.204,0.0332,0.0399,0.06175069999999999
142,3,高科技_4,high_tech,2342,0.0001,75,7209.2,0.667,0.0379,0.0253,0.06175069999999999
142,4,高科技_5,high_tech,2730,0.0001,20,7258.6,0.638,0.0462,0.0295,0.06175069999999999
142,5,传统制造_1,traditional,5857,0.0001,74,4501.0,0.757,0.0836,0.0633,0.06175069999999999
142,6,传统制造_2,traditional,5280,0.0003,138,3153.2,2.176,0.0262,0.057,0.06175069999999999
142,7,传统制造_3,traditional,6684,0.0017,59,4259.8,0.974,0.0741,0.0722,0.06175069999999999
142,8,传统制造_4,traditional,9107,0.001,54,3297.7,2.14,0.046,0.0984,0.06175069999999999
142,9,传统制造_5,traditional,5629,0.0005,34,4374.1,0.799,0.0761,0.0608,0.06175069999999999
142,10,传统制造_6,traditional,8785,0.0008,106,3543.9,1.625,0.0584,0.0949,0.06175069999999999
142,11,传统制造_7,traditional,6334,0.0005,53,3615.0,1.085,0.0631,0.0684,0.06175069999999999
142,12,传统制造_8,traditional,6747,0.0004,33,3636.5,1.47,0.0496,0.0729,0.06175069999999999
142,13,传统制造_9,traditional,6669,0.0004,41,5010.9,4.197,0.0172,0.072,0.06175069999999999
142,14,传统制造_10,traditional,4188,0.0003,35,3636.4,1.959,0.0231,0.0452,0.06175069999999999
142,15,服务产业_1,service,2907,0.0002,16,4699.1,1.04,0.0302,0.0314,0.06175069999999999
142,16,服务产业_2,service,1023,0.0001,13,5463.8,0.122,0.0906,0.0111,0.06175069999999999
142,17,服务产业_3,service,2747,0.0001,54,4656.6,2.032,0.0146,0.0297,0.06175069999999999
142,18,服务产业_4,service,2717,0.0002,27,4354.1,0.613,0.0479,0.0293,0.06175069999999999
142,19,服务产业_5,service,1609,0.0003,18,5842.3,0.223,0.0779,0.0174,0.06175069999999999
143,0,高科技_1,high_tech,29111,0.001,902,6807.7,2.188,0.0178,0.039,0.05634341
143,1,高科技_2,high_tech,21879,0.0012,109,6900.6,0.339,0.0864,0.0293,0.05634341
143,2,高科技_3,high_tech,25216,0.0024,196,8482.0,1.019,0.0332,0.0338,0.05634341
143,3,高科技_4,high_tech,24044,0.0012,174,6866.5,0.849,0.0379,0.0322,0.05634341
143,4,高科技_5,high_tech,24596,0.0009,374,9226.2,0.713,0.0462,0.0329,0.05634341
143,5,传统制造_1,traditional,56818,0.0042,375,4700.9,0.911,0.0836,0.0761,0.05634341
143,6,传统制造_2,traditional,40436,0.0029,337,3397.1,2.066,0.0262,0.0542,0.05634341
143,7,传统制造_3,traditional,48869,0.003,282,3376.3,0.883,0.0741,0.0654,0.05634341
143,8,传统制造_4,traditional,54851,0.0061,317,3731.0,1.598,0.046,0.0735,0.05634341
143,9,传统制造_5,traditional,51096,0.0106,718,4831.8,0.899,0.0761,0.0684,0.05634341
143,10,传统制造_6,traditional,43528,0.0046,800,4892.1,0.998,0.0584,0.0583,0.05634341
143,11,传统制造_7,traditional,58439,0.0029,341,4710.4,1.241,0.0631,0.0783,0.05634341
143,12,传统制造_8,traditional,47502,0.0027,1083,4029.1,1.283,0.0496,0.0636,0.05634341
143,13,传统制造_9,traditional,54027,0.004,1939,3219.6,4.216,0.0172,0.0724,0.05634341
143,14,传统制造_10,traditional,41155,0.0025,265,3187.7,2.387,0.0231,0.0551,0.05634341
143,15,服务产业_1,service,24967,0.0014,126,4682.4,1.108,0.0302,0.0334,0.05634341
143,16,服务产业_2,service,25439,0.0011,198,4158.5,0.376,0.0906,0.0341,0.05634341
143,17,服务产业_3,service,17605,0.0009,477,4321.9,1.614,0.0146,0.0236,0.05634341
143,18,服务产业_4,service,29168,0.0012,295,6074.7,0.815,0.0479,0.0391,0.05634341
143,19,服务产业_5,service,27924,0.0038,498,4263.0,0.48,0.0779,0.0374,0.05634341
144,0,高科技_1,high_tech,28712,0.0021,302,7865.0,1.355,0.0178,0.0241,0.059793320000000004
144,1,高科技_2,high_tech,42378,0.0044,283,7302.5,0.412,0.0864,0.0356,0.059793320000000004
144,2,高科技_3,high_tech,41553,0.0031,435,7840.7,1.054,0.0332,0.0349,0.059793320000000004
144,3,高科技_4,high_tech,30592,0.0022,205,7068.9,0.678,0.0379,0.0257,0.059793320000000004
144,4,高科技_5,high_tech,29488,0.0009,287,7258.2,0.537,0.0462,0.0248,0.059793320000000004
144,5,传统制造_1,traditional,91348,0.0069,1056,4291.5,0.919,0.0836,0.0768,0.059793320000000004
144,6,传统制造_2,traditional,74074,0.0047,545,3348.4,2.376,0.0262,0.0623,0.059793320000000004
144,7,传统制造_3,traditional,93235,0.0107,758,4496.1,1.058,0.0741,0.0784,0.059793320000000004
144,8,传统制造_4,traditional,78997,0.0065,1583,4882.2,1.445,0.046,0.0664,0.059793320000000004
144,9,传统制造_5,traditional,91114,0.015,2816,3333.5,1.007,0.0761,0.0766,0.059793320000000004
144,10,传统制造_6,traditional,90585,0.0039,882,4208.0,1.305,0.0584,0.0762,0.059793320000000004
144,11,传统制造_7,traditional,86599,0.0098,845,3268.9,1.155,0.0631,0.0728,0.059793320000000004
144,12,传统制造_8,traditional,97940,0.0047,640,4881.6,1.661,0.0496,0.0824,0.059793320000000004
144,13,传统制造_9,traditional,80795,0.0089,693,4553.7,3.959,0.0172,0.068,0.059793320000000004
144,14,传统制造_10,traditional,55528,0.0031,1049,4406.3,2.023,0.0231,0.0467,0.059793320000000004
144,15,服务产业_1,service,25284,0.0011,362,5873.3,0.704,0.0302,0.0213,0.059793320000000004
144,16,服务产业_2,service,31759,0.0008,175,5837.4,0.295,0.0906,0.0267,0.059793320000000004
144,17,服务产业_3,service,44993,0.0055,268,5631.0,2.591,0.0146,0.0378,0.059793320000000004
144,18,服务产业_4,service,34157,0.0012,355,5463.3,0.6,0.0479,0.0287,0.059793320000000004
144,19,服务产业_5,service,39901,0.0057,780,5836.2,0.431,0.0779,0.0336,0.059793320000000004
145,0,高科技_1,high_tech,73725,0.0058,584,6842.5,1.905,0.0178,0.034,0.05671076
145,1,高科技_2,high_tech,90978,0.0036,1309,8240.2,0.485,0.0864,0.0419,0.05671076
145,2,高科技_3,high_tech,69257,0.0143,398,6749.8,0.962,0.0332,0.0319,0.05671076
145,3,高科技_4,high_tech,79761,0.0046,2438,8430.7,0.968,0.0379,0.0367,0.05671076
145,4,高科技_5,high_tech,134099,0.0086,1475,8209.6,1.337,0.0462,0.0618,0.05671076
145,5,传统制造_1,traditional,100214,0.0158,840,4194.6,0.552,0.0836,0.0462,0.05671076
145,6,传统制造_2,traditional,144069,0.0086,1010,4723.9,2.531,0.0262,0.0664,0.05671076
145,7,传统制造_3,traditional,196942,0.018,1080,5153.4,1.224,0.0741,0.0907,0.05671076
145,8,传统制造_4,traditional,136321,0.0025,1231,4705.5,1.366,0.046,0.0628,0.05671076
145,9,传统制造_5,traditional,154328,0.0135,6683,3528.5,0.934,0.0761,0.0711,0.05671076
145,10,传统制造_6,traditional,114480,0.005,614,3952.0,0.903,0.0584,0.0527,0.05671076
145,11,传统制造_7,traditional,111356,0.0049,1022,4342.6,0.813,0.0631,0.0513,0.05671076
145,12,传统制造_8,traditional,98764,0.0097,1005,3748.0,0.918,0.0496,0.0455,0.05671076
145,13,传统制造_9,traditional,137434,0.0047,1466,5197.9,3.688,0.0172,0.0633,0.05671076
145,14,传统制造_10,traditional,184385,0.014,8257,4118.4,3.678,0.0231,0.0849,0.05671076
145,15,服务产业_1,service,83929,0.0054,480,4420.1,1.281,0.0302,0.0387,0.05671076
145,16,服务产业_2,service,75489,0.0028,885,5748.5,0.384,0.0906,0.0348,0.05671076
145,17,服务产业_3,service,64907,0.0023,3121,5859.2,2.047,0.0146,0.0299,0.05671076
145,18,服务产业_4,service,63488,0.0042,353,5018.4,0.61,0.0479,0.0292,0.05671076
145,19,服务产业_5,service,57278,0.0077,394,5034.8,0.339,0.0779,0.0264,0.05671076
146,0,高科技_1,high_tech,10523,0.0008,85,8782.6,2.185,0.0178,0.0389,0.0581791
146,1,高科技_2,high_tech,9772,0.0004,52,6224.6,0.418,0.0864,0.0362,0.0581791
146,2,高科技_3,high_tech,9365,0.0013,80,6332.0,1.045,0.0332,0.0347,0.0581791
146,3,高科技_4,high_tech,12113,0.0012,195,6990.5,1.181,0.0379,0.0448,0.0581791
146,4,高科技_5,high_tech,10550,0.0006,88,6372.0,0.845,0.0462,0.039,0.0581791
146,5,传统制造_1,traditional,6889,0.0006,75,3878.6,0.305,0.0836,0.0255,0.0581791
146,6,传统制造_2,traditional,17395,0.0031,502,3561.8,2.455,0.0262,0.0644,0.0581791
146,7,传统制造_3,traditional,20338,0.0012,150,4922.1,1.015,0.0741,0.0753,0.0581791
146,8,传统制造_4,traditional,15408,0.0018,79,4801.9,1.24,0.046,0.057,0.0581791
146,9,传统制造_5,traditional,17182,0.0015,88,4586.6,0.836,0.0761,0.0636,0.0581791
146,10,传统制造_6,traditional,17625,0.0013,214,5035.2,1.117,0.0584,0.0652,0.0581791
146,11,传统制造_7,traditional,25203,0.0031,670,4951.5,1.479,0.0631,0.0933,0.0581791
146,12,传统制造_8,traditional,21392,0.0013,130,3916.2,1.597,0.0496,0.0792,0.0581791
146,13,传统制造_9,traditional,20365,0.0015,124,3111.7,4.391,0.0172,0.0754,0.0581791
146,14,传统制造_10,traditional,14652,0.0013,128,3734.3,2.348,0.0231,0.0542,0.0581791
146,15,服务产业_1,service,6608,0.0005,34,6010.6,0.81,0.0302,0.0245,0.0581791
146,16,服务产业_2,service,9668,0.001,474,4660.4,0.395,0.0906,0.0358,0.0581791
146,17,服务产业_3,service,9289,0.0011,49,4770.1,2.354,0.0146,0.0344,0.0581791
146,18,服务产业_4,service,5141,0.0005,51,5758.5,0.397,0.0479,0.019,0.0581791
146,19,服务产业_5,service,10762,0.0003,310,5355.5,0.511,0.0779,0.0398,0.0581791
147,0,高科技_1,high_tech,6207,0.0011,160,8386.0,2.329,0.0178,0.0415,0.05669366
147,1,高科技_2,high_tech,5689,0.0004,41,9013.7,0.44,0.0864,0.038,0.05669366
147,2,高科技_3,high_tech,2562,0.0002,13,8285.1,0.517,0.0332,0.0171,0.05669366
147,3,高科技_4,high_tech,4076,0.0002,50,6399.6,0.718,0.0379,0.0273,0.05669366
147,4,高科技_5,high_tech,7313,0.0006,39,7327.7,1.059,0.0462,0.0489,0.05669366
147,5,传统制造_1,traditional,11568,0.0015,66,3499.6,0.926,0.0836,0.0774,0.05669366
147,6,传统制造_2,traditional,9318,0.0013,225,4486.6,2.377,0.0262,0.0623,0.05669366
147,7,传统制造_3,traditional,9343,0.0007,94,4052.9,0.843,0.0741,0.0625,0.05669366
147,8,传统制造_4,traditional,8207,0.0003,219,3057.3,1.194,0.046,0.0549,0.05669366
147,9,传统制造_5,traditional,8317,0.0008,85,3561.0,0.731,0.0761,0.0556,0.05669366
147,10,传统制造_6,traditional,10378,0.0015,93,4265.8,1.189,0.0584,0.0694,0.05669366
147,11,传统制造_7,traditional,13250,0.0015,109,3028.9,1.405,0.0631,0.0886,0.05669366
147,12,传统制造_8,traditional,9348,0.0004,67,3675.2,1.261,0.0496,0.0625,0.05669366
147,13,传统制造_9,traditional,10038,0.0007,305,3111.0,3.911,0.0172,0.0671,0.05669366
147,14,传统制造_10,traditional,8521,0.0009,57,3278.3,2.468,0.0231,0.057,0.05669366
147,15,服务产业_1,service,4050,0.0002,89,5220.6,0.897,0.0302,0.0271,0.05669366
147,16,服务产业_2,service,4504,0.0003,30,5184.7,0.332,0.0906,0.0301,0.05669366
147,17,服务产业_3,service,6117,0.0006,157,5931.7,2.801,0.0146,0.0409,0.05669366
147,18,服务产业_4,service,5366,0.0004,32,5937.7,0.749,0.0479,0.0359,0.05669366
147,19,服务产业_5,service,5366,0.0002,37,4702.5,0.46,0.0779,0.0359,0.05669366
148,0,高科技_1,high_tech,65517,0.0113,358,6744.4,3.073,0.0178,0.0548,0.0556676
148,1,高科技_2,high_tech,43708,0.0041,352,7982.1,0.423,0.0864,0.0365,0.0556676
148,2,高科技_3,high_tech,49237,0.0093,438,7968.1,1.241,0.0332,0.0412,0.0556676
148,3,高科技_4,high_tech,45403,0.0027,248,8936.9,1.0,0.0379,0.038,0.0556676
148,4,高科技_5,high_tech,40220,0.0017,208,8194.6,0.728,0.0462,0.0336,0.0556676
148,5,传统制造_1,traditional,52202,0.0044,315,3239.1,0.522,0.0836,0.0436,0.0556676
148,6,传统制造_2,traditional,81484,0.007,568,3353.9,2.598,0.0262,0.0681,0.0556676
148,7,传统制造_3,traditional,100894,0.0102,680,3284.1,1.138,0.0741,0.0843,0.0556676
148,8,传统制造_4,traditional,76916,0.0053,3182,3457.0,1.399,0.046,0.0643,0.0556676
148,9,传统制造_5,traditional,69892,0.0042,463,4863.7,0.768,0.0761,0.0584,0.0556676
148,10,传统制造_6,traditional,67962,0.0062,638,5119.8,0.973,0.0584,0.0568,0.0556676
148,11,传统制造_7,traditional,81777,0.0049,1814,3236.1,1.084,0.0631,0.0684,0.0556676
148,12,传统制造_8,traditional,91509,0.0055,894,4190.6,1.543,0.0496,0.0765,0.0556676
148,13,传统制造_9,traditional,82309,0.0101,488,3282.8,4.009,0.0172,0.0688,0.0556676
148,14,传统制造_10,traditional,46569,0.0012,573,3849.7,1.686,0.0231,0.0389,0.0556676
148,15,服务产业_1,service,53811,0.0087,287,4724.5,1.49,0.0302,0.045,0.0556676
148,16,服务产业_2,service,45291,0.0026,302,5247.1,0.418,0.0906,0.0379,0.0556676
148,17,服务产业_3,service,35795,0.0006,271,4996.8,2.049,0.0146,0.0299,0.0556676
148,18,服务产业_4,service,32513,0.0021,541,5867.7,0.567,0.0479,0.0272,0.0556676
148,19,服务产业_5,service,33297,0.006,211,5473.1,0.357,0.0779,0.0278,0.0556676
149,0,高科技_1,high_tech,15305,0.0007,78,7460.9,1.244,0.0178,0.0222,0.06166307000000001
149,1,高科技_2,high_tech,28149,0.0012,230,6812.9,0.472,0.0864,0.0408,0.06166307000000001
149,2,高科技_3,high_tech,35713,0.0053,229,8866.4,1.561,0.0332,0.0517,0.06166307000000001
149,3,高科技_4,high_tech,24446,0.003,598,6455.5,0.933,0.0379,0.0354,0.06166307000000001
149,4,高科技_5,high_tech,16493,0.001,86,9123.1,0.517,0.0462,0.0239,0.06166307000000001
149,5,传统制造_1,traditional,66895,0.01,1470,4527.7,1.16,0.0836,0.0969,0.06166307000000001
149,6,传统制造_2,traditional,30311,0.0021,176,4051.9,1.675,0.0262,0.0439,0.06166307000000001
149,7,传统制造_3,traditional,44468,0.0023,1706,3596.0,0.869,0.0741,0.0644,0.06166307000000001
149,8,传统制造_4,traditional,46768,0.0032,321,4463.9,1.474,0.046,0.0678,0.06166307000000001
149,9,传统制造_5,traditional,67326,0.0033,450,3892.5,1.282,0.0761,0.0975,0.06166307000000001
149,10,传统制造_6,traditional,26336,0.0031,330,4475.5,0.653,0.0584,0.0382,0.06166307000000001
149,11,传统制造_7,traditional,47307,0.0027,244,4943.6,1.087,0.0631,0.0685,0.06166307000000001
149,12,传统制造_8,traditional,41401,0.0024,266,5119.5,1.21,0.0496,0.06,0.06166307000000001
149,13,传统制造_9,traditional,41342,0.0018,277,3620.6,3.49,0.0172,0.0599,0.06166307000000001
149,14,传统制造_10,traditional,62299,0.0046,1138,3569.7,3.909,0.0231,0.0902,0.06166307000000001
149,15,服务产业_1,service,17321,0.0007,129,5196.4,0.831,0.0302,0.0251,0.06166307000000001
149,16,服务产业_2,service,15693,0.0013,165,5665.6,0.251,0.0906,0.0227,0.06166307000000001
149,17,服务产业_3,service,16153,0.0014,173,5769.3,1.602,0.0146,0.0234,0.06166307000000001
149,18,服务产业_4,service,23824,0.0015,700,4632.2,0.72,0.0479,0.0345,0.06166307000000001
149,19,服务产业_5,service,22741,0.0014,490,5782.8,0.423,0.0779,0.0329,0.06166307000000001
150,0,高科技_1,high_tech,37498,0.0031,351,8783.0,1.935,0.0178,0.0345,0.058062949999999995
150,1,高科技_2,high_tech,18801,0.0015,156,9069.0,0.2,0.0864,0.0173,0.058062949999999995
150,2,高科技_3,high_tech,44945,0.0016,254,8666.6,1.246,0.0332,0.0413,0.058062949999999995
150,3,高科技_4,high_tech,48763,0.0037,532,8795.4,1.181,0.0379,0.0448,0.058062949999999995
150,4,高科技_5,high_tech,38820,0.0018,238,6581.8,0.773,0.0462,0.0357,0.058062949999999995
150,5,传统制造_1,traditional,73312,0.0115,1295,4195.8,0.807,0.0836,0.0674,0.058062949999999995
150,6,传统制造_2,traditional,53092,0.0086,345,4390.6,1.862,0.0262,0.0488,0.058062949999999995
150,7,传统制造_3,traditional,83130,0.0075,438,4089.7,1.031,0.0741,0.0764,0.058062949999999995
150,8,传统制造_4,traditional,66199,0.0056,433,4054.0,1.324,0.046,0.0609,0.058062949999999995
150,9,传统制造_5,traditional,43300,0.005,863,3320.0,0.523,0.0761,0.0398,0.058062949999999995
150,10,传统制造_6,traditional,79276,0.0035,649,4634.2,1.248,0.0584,0.0729,0.058062949999999995
150,11,传统制造_7,traditional,72928,0.0114,451,4146.5,1.063,0.0631,0.0671,0.058062949999999995
150,12,传统制造_8,traditional,87646,0.011,924,5027.6,1.625,0.0496,0.0806,0.058062949999999995
150,13,传统制造_9,traditional,84996,0.0044,504,4636.0,4.553,0.0172,0.0781,0.058062949999999995
150,14,传统制造_10,traditional,80888,0.0042,468,3142.6,3.221,0.0231,0.0744,0.058062949999999995
150,15,服务产业_1,service,34125,0.0013,212,4960.4,1.039,0.0302,0.0314,0.058062949999999995
150,16,服务产业_2,service,35948,0.003,313,5574.1,0.365,0.0906,0.0331,0.058062949999999995
150,17,服务产业_3,service,22282,0.0033,134,5557.3,1.403,0.0146,0.0205,0.058062949999999995
150,18,服务产业_4,service,28396,0.0008,164,5201.0,0.545,0.0479,0.0261,0.058062949999999995
150,19,服务产业_5,service,53271,0.003,330,6181.0,0.629,0.0779,0.049,0.058062949999999995
151,0,高科技_1,high_tech,35378,0.0022,195,7397.2,1.306,0.0178,0.0233,0.05530348
151,1,高科技_2,high_tech,74579,0.0056,2747,8750.9,0.567,0.0864,0.049,0.05530348
151,2,高科技_3,high_tech,51890,0.002,315,7629.9,1.029,0.0332,0.0341,0.05530348
151,3,高科技_4,high_tech,70871,0.0044,547,8764.3,1.228,0.0379,0.0466,0.05530348
151,4,高科技_5,high_tech,54495,0.0024,281,7098.5,0.776,0.0462,0.0358,0.05530348
151,5,传统制造_1,traditional,99286,0.0075,499,3116.9,0.781,0.0836,0.0653,0.05530348
151,6,传统制造_2,traditional,94669,0.0179,516,4719.5,2.375,0.0262,0.0623,0.05530348
151,7,传统制造_3,traditional,97050,0.0067,1470,3608.0,0.861,0.0741,0.0638,0.05530348
151,8,传统制造_4,traditional,129577,0.0064,922,5052.5,1.854,0.046,0.0852,0.05530348
151,9,传统制造_5,traditional,83475,0.0053,615,4208.4,0.721,0.0761,0.0549,0.05530348
151,10,传统制造_6,traditional,76166,0.0206,514,4749.8,0.858,0.0584,0.0501,0.05530348
151,11,传统制造_7,traditional,80325,0.0062,551,4563.6,0.838,0.0631,0.0528,0.05530348
151,12,传统制造_8,traditional,93819,0.0053,715,4524.8,1.245,0.0496,0.0617,0.05530348
151,13,传统制造_9,traditional,102092,0.0203,686,4903.9,3.912,0.0172,0.0671,0.05530348
151,14,传统制造_10,traditional,108089,0.0088,597,4687.0,3.079,0.0231,0.0711,0.05530348
151,15,服务产业_1,service,49715,0.0054,880,4212.4,1.083,0.0302,0.0327,0.05530348
151,16,服务产业_2,service,43300,0.0032,380,5580.5,0.314,0.0906,0.0285,0.05530348
151,17,服务产业_3,service,75573,0.0052,440,4479.6,3.403,0.0146,0.0497,0.05530348
151,18,服务产业_4,service,58671,0.0025,1593,5749.6,0.805,0.0479,0.0386,0.05530348
151,19,服务产业_5,service,41616,0.0052,702,5051.9,0.351,0.0779,0.0274,0.05530348
152,0,高科技_1,high_tech,11892,0.0004,199,6598.2,2.812,0.0178,0.0501,0.059019999999999996
152,1,高科技_2,high_tech,8232,0.0005,53,8454.4,0.401,0.0864,0.0347,0.059019999999999996
152,2,高科技_3,high_tech,11860,0.0009,267,7592.2,1.508,0.0332,0.05,0.059019999999999996
152,3,高科技_4,high_tech,7219,0.0004,87,6687.9,0.802,0.0379,0.0304,0.059019999999999996
152,4,高科技_5,high_tech,8828,0.0003,70,8895.1,0.805,0.0462,0.0372,0.059019999999999996
152,5,传统制造_1,traditional,16696,0.0014,189,3316.3,0.842,0.0836,0.0704,0.059019999999999996
152,6,传统制造_2,traditional,15999,0.002,790,4765.9,2.572,0.0262,0.0674,0.059019999999999996
152,7,传统制造_3,traditional,13321,0.0019,95,3433.7,0.757,0.0741,0.0561,0.059019999999999996
152,8,传统制造_4,traditional,9567,0.0005,97,4128.6,0.877,0.046,0.0403,0.059019999999999996
152,9,传统制造_5,traditional,21025,0.003,140,3387.6,1.165,0.0761,0.0886,0.059019999999999996
152,10,传统制造_6,traditional,12525,0.0003,199,4242.2,0.904,0.0584,0.0528,0.059019999999999996
152,11,传统制造_7,traditional,21821,0.0036,151,4433.0,1.458,0.0631,0.092,0.059019999999999996
152,12,传统制造_8,traditional,12886,0.0013,184,4479.4,1.095,0.0496,0.0543,0.059019999999999996
152,13,传统制造_9,traditional,18525,0.0018,495,4352.1,4.549,0.0172,0.0781,0.059019999999999996
152,14,传统制造_10,traditional,16267,0.0022,160,3904.3,2.969,0.0231,0.0686,0.059019999999999996
152,15,服务产业_1,service,7290,0.0005,38,5941.7,1.018,0.0302,0.0307,0.059019999999999996
152,16,服务产业_2,service,5363,0.0004,109,4604.1,0.249,0.0906,0.0226,0.059019999999999996
152,17,服务产业_3,service,5702,0.0003,40,4311.7,1.646,0.0146,0.024,0.059019999999999996
152,18,服务产业_4,service,5724,0.0006,48,5964.2,0.504,0.0479,0.0241,0.059019999999999996
152,19,服务产业_5,service,6541,0.0006,50,4833.9,0.354,0.0779,0.0276,0.059019999999999996
153,0,高科技_1,high_tech,69755,0.0058,1887,7100.4,3.021,0.0178,0.0538,0.05792434
153,1,高科技_2,high_tech,57919,0.0025,1195,8464.2,0.517,0.0864,0.0447,0.05792434
153,2,高科技_3,high_tech,30756,0.0015,1002,7628.8,0.716,0.0332,0.0237,0.05792434
153,3,高科技_4,high_tech,27220,0.0025,493,6211.6,0.554,0.0379,0.021,0.05792434
153,4,高科技_5,high_tech,38031,0.0018,265,8849.2,0.635,0.0462,0.0294,0.05792434
153,5,传统制造_1,traditional,122556,0.0064,1952,3553.1,1.132,0.0836,0.0946,0.05792434
153,6,传统制造_2,traditional,92082,0.0038,483,3595.4,2.711,0.0262,0.0711,0.05792434
153,7,传统制造_3,traditional,86044,0.0052,2338,4241.6,0.896,0.0741,0.0664,0.05792434
153,8,传统制造_4,traditional,87844,0.0194,452,3760.3,1.475,0.046,0.0678,0.05792434
153,9,传统制造_5,traditional,79032,0.008,932,3788.2,0.802,0.0761,0.061,0.05792434
153,10,传统制造_6,traditional,84664,0.0121,735,3844.5,1.119,0.0584,0.0653,0.05792434
153,11,传统制造_7,traditional,87325,0.0146,900,4727.4,1.069,0.0631,0.0674,0.05792434
153,12,传统制造_8,traditional,75812,0.012,1085,4972.8,1.18,0.0496,0.0585,0.05792434
153,13,传统制造_9,traditional,64930,0.007,2466,4321.6,2.92,0.0172,0.0501,0.05792434
153,14,传统制造_10,traditional,87549,0.0075,1129,4041.3,2.927,0.0231,0.0676,0.05792434
153,15,服务产业_1,service,33020,0.0028,1256,5752.8,0.844,0.0302,0.0255,0.05792434
153,16,服务产业_2,service,51913,0.0035,261,6016.7,0.442,0.0906,0.0401,0.05792434
153,17,服务产业_3,service,45890,0.002,577,4585.9,2.425,0.0146,0.0354,0.05792434
153,18,服务产业_4,service,39790,0.0044,264,4570.7,0.641,0.0479,0.0307,0.05792434
153,19,服务产业_5,service,33543,0.0014,530,4791.1,0.332,0.0779,0.0259,0.05792434
154,0,高科技_1,high_tech,29536,0.0021,151,6661.5,2.683,0.0178,0.0478,0.05585627
154,1,高科技_2,high_tech,22846,0.0032,572,6205.7,0.428,0.0864,0.037,0.05585627
154,2,高科技_3,high_tech,24235,0.0011,137,8162.2,1.183,0.0332,0.0392,0.05585627
154,3,高科技_4,high_tech,22172,0.0028,178,7707.0,0.946,0.0379,0.0359,0.05585627
154,4,高科技_5,high_tech,26787,0.0019,268,6505.2,0.939,0.0462,0.0434,0.05585627
154,5,传统制造_1,traditional,47089,0.0034,257,4812.4,0.912,0.0836,0.0762,0.05585627
154,6,传统制造_2,traditional,40393,0.0019,396,4058.7,2.494,0.0262,0.0654,0.05585627
154,7,传统制造_3,traditional,29003,0.0063,188,3359.8,0.633,0.0741,0.0469,0.05585627
154,8,传统制造_4,traditional,43876,0.0064,392,3127.4,1.545,0.046,0.071,0.05585627
154,9,传统制造_5,traditional,38596,0.0031,602,4480.3,0.821,0.0761,0.0625,0.05585627
154,10,传统制造_6,traditional,48512,0.0059,630,3190.4,1.345,0.0584,0.0785,0.05585627
154,11,传统制造_7,traditional,33994,0.001,305,3511.6,0.873,0.0631,0.055,0.05585627
154,12,传统制造_8,traditional,38808,0.0023,201,4910.3,1.267,0.0496,0.0628,0.05585627
154,13,传统制造_9,traditional,29138,0.0024,164,4731.0,2.748,0.0172,0.0472,0.05585627
154,14,传统制造_10,traditional,47898,0.0027,344,4642.2,3.358,0.0231,0.0775,0.05585627
154,15,服务产业_1,service,26071,0.0021,598,5404.2,1.398,0.0302,0.0422,0.05585627
154,16,服务产业_2,service,17523,0.0004,313,5659.7,0.313,0.0906,0.0284,0.05585627
154,17,服务产业_3,service,18989,0.0005,101,5759.7,2.105,0.0146,0.0307,0.05585627
154,18,服务产业_4,service,15918,0.0006,81,5763.8,0.538,0.0479,0.0258,0.05585627
154,19,服务产业_5,service,16399,0.0009,104,4292.0,0.341,0.0779,0.0265,0.05585627
155,0,高科技_1,high_tech,7550,0.0017,78,6881.1,1.515,0.0178,0.027,0.05932213000000001
155,1,高科技_2,high_tech,12337,0.0012,384,6223.5,0.511,0.0864,0.0441,0.05932213000000001
155,2,高科技_3,high_tech,9045,0.0005,45,8888.3,0.976,0.0332,0.0324,0.05932213000000001
155,3,高科技_4,high_tech,8946,0.0005,322,7746.1,0.843,0.0379,0.032,0.05932213000000001
155,4,高科技_5,high_tech,6995,0.0004,46,9071.7,0.542,0.0462,0.025,0.05932213000000001
155,5,传统制造_1,traditional,25555,0.002,262,3945.8,1.094,0.0836,0.0914,0.05932213000000001
155,6,传统制造_2,traditional,17781,0.0024,109,3193.2,2.426,0.0262,0.0636,0.05932213000000001
155,7,传统制造_3,traditional,20384,0.0023,124,4785.1,0.984,0.0741,0.0729,0.05932213000000001
155,8,传统制造_4,traditional,19024,0.0013,96,3632.1,1.481,0.046,0.0681,0.05932213000000001
155,9,传统制造_5,traditional,22962,0.0077,181,4061.7,1.079,0.0761,0.0821,0.05932213000000001
155,10,传统制造_6,traditional,15268,0.0032,130,3050.2,0.935,0.0584,0.0546,0.05932213000000001
155,11,传统制造_7,traditional,20321,0.0019,118,3443.3,1.153,0.0631,0.0727,0.05932213000000001
155,12,传统制造_8,traditional,17229,0.0018,162,4199.0,1.243,0.0496,0.0616,0.05932213000000001
155,13,传统制造_9,traditional,19084,0.0008,174,3882.0,3.977,0.0172,0.0683,0.05932213000000001
155,14,传统制造_10,traditional,17117,0.0007,88,4199.5,2.652,0.0231,0.0612,0.05932213000000001
155,15,服务产业_1,service,11670,0.0008,162,5491.1,1.383,0.0302,0.0417,0.05932213000000001
155,16,服务产业_2,service,7671,0.0005,97,4935.9,0.303,0.0906,0.0274,0.05932213000000001
155,17,服务产业_3,service,4823,0.0005,81,5687.3,1.181,0.0146,0.0173,0.05932213000000001
155,18,服务产业_4,service,7638,0.0004,38,5212.0,0.57,0.0479,0.0273,0.05932213000000001
155,19,服务产业_5,service,8156,0.0006,45,5063.5,0.374,0.0779,0.0292,0.05932213000000001
156,0,高科技_1,high_tech,197636,0.0133,1431,9593.9,1.716,0.0178,0.0306,0.05378928
156,1,高科技_2,high_tech,530578,0.0337,7649,8367.3,0.95,0.0864,0.0821,0.05378928
156,2,高科技_3,high_tech,181982,0.0333,2608,9346.3,0.849,0.0332,0.0282,0.05378928
156,3,高科技_4,high_tech,279308,0.0311,4385,9442.7,1.139,0.0379,0.0432,0.05378928
156,4,高科技_5,high_tech,233719,0.0295,1979,7596.7,0.783,0.0462,0.0362,0.05378928
156,5,传统制造_1,traditional,351212,0.0244,2091,5280.1,0.65,0.0836,0.0544,0.05378928
156,6,传统制造_2,traditional,348658,0.0265,2712,5200.9,2.058,0.0262,0.054,0.05378928
156,7,传统制造_3,traditional,358912,0.0096,2118,4673.2,0.749,0.0741,0.0555,0.05378928
156,8,传统制造_4,traditional,365509,0.014,2825,4752.0,1.231,0.046,0.0566,0.05378928
156,9,传统制造_5,traditional,438110,0.027,6050,4511.7,0.891,0.0761,0.0678,0.05378928
156,10,传统制造_6,traditional,358236,0.0382,3356,4108.6,0.949,0.0584,0.0554,0.05378928
156,11,传统制造_7,traditional,443804,0.0654,3164,4932.4,1.089,0.0631,0.0687,0.05378928
156,12,传统制造_8,traditional,225752,0.0076,4385,4264.1,0.705,0.0496,0.0349,0.05378928
156,13,传统制造_9,traditional,195606,0.0127,1065,5225.0,1.764,0.0172,0.0303,0.05378928
156,14,传统制造_10,traditional,356179,0.0646,7049,5148.4,2.387,0.0231,0.0551,0.05378928
156,15,服务产业_1,service,320928,0.007,3344,5010.3,1.645,0.0302,0.0497,0.05378928
156,16,服务产业_2,service,257079,0.0219,2407,4657.3,0.439,0.0906,0.0398,0.05378928
156,17,服务产业_3,service,295923,0.0163,1757,6072.5,3.136,0.0146,0.0458,0.05378928
156,18,服务产业_4,service,376431,0.0252,2467,5806.9,1.216,0.0479,0.0583,0.05378928
156,19,服务产业_5,service,346394,0.0269,2152,6619.0,0.688,0.0779,0.0536,0.05378928
157,0,高科技_1,high_tech,29014,0.0011,222,8145.3,2.133,0.0178,0.038,0.05679813
157,1,高科技_2,high_tech,29594,0.0013,821,6909.0,0.449,0.0864,0.0388,0.05679813
157,2,高科技_3,high_tech,12229,0.0016,224,8426.4,0.483,0.0332,0.016,0.05679813
157,3,高科技_4,high_tech,25622,0.0025,145,6604.7,0.885,0.0379,0.0336,0.05679813
157,4,高科技_5,high_tech,34053,0.0045,392,7077.7,0.966,0.0462,0.0446,0.05679813
157,5,传统制造_1,traditional,49940,0.0033,323,3951.9,0.783,0.0836,0.0654,0.05679813
157,6,传统制造_2,traditional,48194,0.0025,402,3907.6,2.408,0.0262,0.0631,0.05679813
157,7,传统制造_3,traditional,64059,0.0057,321,4348.2,1.132,0.0741,0.0839,0.05679813
157,8,传统制造_4,traditional,53792,0.0027,270,3225.5,1.533,0.046,0.0705,0.05679813
157,9,传统制造_5,traditional,38093,0.0034,1163,3276.1,0.656,0.0761,0.0499,0.05679813
157,10,传统制造_6,traditional,34111,0.0031,174,3257.0,0.765,0.0584,0.0447,0.05679813
157,11,传统制造_7,traditional,59302,0.006,410,4227.4,1.232,0.0631,0.0777,0.05679813
157,12,传统制造_8,traditional,40877,0.0034,288,5004.5,1.08,0.0496,0.0536,0.05679813
157,13,传统制造_9,traditional,52575,0.012,418,4982.4,4.013,0.0172,0.0689,0.05679813
157,14,传统制造_10,traditional,57798,0.0053,416,4196.9,3.28,0.0231,0.0757,0.05679813
157,15,服务产业_1,service,26539,0.0023,816,5894.1,1.152,0.0302,0.0348,0.05679813
157,16,服务产业_2,service,34684,0.008,249,5550.6,0.502,0.0906,0.0454,0.05679813
157,17,服务产业_3,service,23826,0.0021,173,5838.5,2.137,0.0146,0.0312,0.05679813
157,18,服务产业_4,service,26763,0.0028,260,4288.8,0.732,0.0479,0.0351,0.05679813
157,19,服务产业_5,service,22250,0.0022,164,4595.3,0.374,0.0779,0.0292,0.05679813
158,0,高科技_1,high_tech,6879,0.0002,71,8749.9,2.282,0.0178,0.0407,0.06078808
158,1,高科技_2,high_tech,7369,0.0011,60,7218.6,0.504,0.0864,0.0436,0.06078808
158,2,高科技_3,high_tech,4675,0.0003,26,8961.9,0.834,0.0332,0.0276,0.06078808
158,3,高科技_4,high_tech,7854,0.0003,89,6676.5,1.224,0.0379,0.0464,0.06078808
158,4,高科技_5,high_tech,6953,0.0003,57,7280.0,0.89,0.0462,0.0411,0.06078808
158,5,传统制造_1,traditional,17066,0.0009,238,4569.8,1.207,0.0836,0.1009,0.06078808
158,6,传统制造_2,traditional,13700,0.0016,184,3040.7,3.089,0.0262,0.081,0.06078808
158,7,传统制造_3,traditional,10387,0.0006,220,4047.0,0.828,0.0741,0.0614,0.06078808
158,8,传统制造_4,traditional,8611,0.0008,328,3236.6,1.108,0.046,0.0509,0.06078808
158,9,传统制造_5,traditional,12312,0.0014,366,4390.6,0.957,0.0761,0.0728,0.06078808
158,10,传统制造_6,traditional,9369,0.0003,261,3814.3,0.949,0.0584,0.0554,0.06078808
158,11,传统制造_7,traditional,10064,0.0011,70,3210.7,0.944,0.0631,0.0595,0.06078808
158,12,传统制造_8,traditional,9518,0.0004,260,3737.7,1.135,0.0496,0.0563,0.06078808
158,13,传统制造_9,traditional,10426,0.001,74,3266.4,3.591,0.0172,0.0616,0.06078808
158,14,传统制造_10,traditional,15234,0.0003,157,4923.4,3.901,0.0231,0.0901,0.06078808
158,15,服务产业_1,service,3739,0.0002,45,6028.0,0.732,0.0302,0.0221,0.06078808
158,16,服务产业_2,service,4408,0.0006,53,4200.7,0.288,0.0906,0.0261,0.06078808
158,17,服务产业_3,service,3168,0.0003,90,5186.8,1.283,0.0146,0.0187,0.06078808
158,18,服务产业_4,service,2828,0.0003,20,4464.2,0.349,0.0479,0.0167,0.06078808
158,19,服务产业_5,service,4588,0.0008,140,4180.5,0.348,0.0779,0.0271,0.06078808
159,0,高科技_1,high_tech,34579,0.0022,694,8522.2,1.679,0.0178,0.0299,0.05682
159,1,高科技_2,high_tech,35791,0.002,258,6709.4,0.358,0.0864,0.031,0.05682
159,2,高科技_3,high_tech,39993,0.0012,495,8094.9,1.044,0.0332,0.0346,0.05682
159,3,高科技_4,high_tech,37007,0.0021,203,9104.7,0.844,0.0379,0.032,0.05682
159,4,高科技_5,high_tech,53754,0.0016,474,7774.8,1.007,0.0462,0.0465,0.05682
159,5,传统制造_1,traditional,74854,0.0027,2405,4354.9,0.775,0.0836,0.0648,0.05682
159,6,传统制造_2,traditional,71287,0.0028,754,5109.5,2.353,0.0262,0.0617,0.05682
159,7,传统制造_3,traditional,79402,0.0176,619,4852.5,0.927,0.0741,0.0687,0.05682
159,8,传统制造_4,traditional,80287,0.0046,1462,3817.3,1.512,0.046,0.0695,0.05682
159,9,传统制造_5,traditional,73831,0.004,880,4841.8,0.84,0.0761,0.0639,0.05682
159,10,传统制造_6,traditional,88983,0.0129,487,3382.4,1.319,0.0584,0.077,0.05682
159,11,传统制造_7,traditional,75581,0.0037,3770,5004.2,1.037,0.0631,0.0654,0.05682
159,12,传统制造_8,traditional,105460,0.0058,1441,3532.2,1.841,0.0496,0.0913,0.05682
159,13,传统制造_9,traditional,60585,0.0036,372,4471.7,3.055,0.0172,0.0524,0.05682
159,14,传统制造_10,traditional,51901,0.0045,903,3556.3,1.946,0.0231,0.0449,0.05682
159,15,服务产业_1,service,40365,0.0016,317,5582.4,1.157,0.0302,0.0349,0.05682
159,16,服务产业_2,service,47304,0.0064,277,6109.6,0.452,0.0906,0.0409,0.05682
159,17,服务产业_3,service,35257,0.0018,265,4650.9,2.089,0.0146,0.0305,0.05682
159,18,服务产业_4,service,30611,0.0018,581,5934.6,0.553,0.0479,0.0265,0.05682
159,19,服务产业_5,service,38573,0.0033,209,4329.7,0.428,0.0779,0.0334,0.05682
160,0,高科技_1,high_tech,8772,0.0005,265,6913.5,2.311,0.0178,0.0412,0.05912968
160,1,高科技_2,high_tech,3788,0.0002,33,6579.4,0.206,0.0864,0.0178,0.05912968
160,2,高科技_3,high_tech,6963,0.0012,70,7478.6,0.986,0.0332,0.0327,0.05912968
160,3,高科技_4,high_tech,8114,0.0009,45,8241.7,1.004,0.0379,0.0381,0.05912968
160,4,高科技_5,high_tech,10185,0.001,73,7262.9,1.035,0.0462,0.0478,0.05912968
160,5,传统制造_1,traditional,13306,0.001,466,3816.5,0.747,0.0836,0.0625,0.05912968
160,6,传统制造_2,traditional,16216,0.0015,189,3403.1,2.903,0.0262,0.0761,0.05912968
160,7,传统制造_3,traditional,16045,0.0009,96,4155.1,1.016,0.0741,0.0753,0.05912968
160,8,传统制造_4,traditional,19013,0.0006,134,4767.5,1.942,0.046,0.0892,0.05912968
160,9,传统制造_5,traditional,13796,0.0013,88,4264.1,0.851,0.0761,0.0648,0.05912968
160,10,传统制造_6,traditional,18275,0.0022,149,4823.6,1.469,0.0584,0.0858,0.05912968
160,11,传统制造_7,traditional,15056,0.0009,228,4348.6,1.121,0.0631,0.0707,0.05912968
160,12,传统制造_8,traditional,8981,0.0006,46,3820.1,0.85,0.0496,0.0422,0.05912968
160,13,传统制造_9,traditional,13031,0.0013,131,4655.8,3.564,0.0172,0.0612,0.05912968
160,14,传统制造_10,traditional,10582,0.0012,143,4226.5,2.151,0.0231,0.0497,0.05912968
160,15,服务产业_1,service,7569,0.0003,47,4089.9,1.177,0.0302,0.0355,0.05912968
160,16,服务产业_2,service,5705,0.0005,57,5483.2,0.296,0.0906,0.0268,0.05912968
160,17,服务产业_3,service,3668,0.0003,18,4910.3,1.179,0.0146,0.0172,0.05912968
160,18,服务产业_4,service,6682,0.0002,58,4267.4,0.655,0.0479,0.0314,0.05912968
160,19,服务产业_5,service,7283,0.0007,84,4191.6,0.439,0.0779,0.0342,0.05912968
161,0,高科技_1,high_tech,24045,0.001,716,7002.5,0.83,0.0178,0.0148,0.05692875000000001
161,1,高科技_2,high_tech,32490,0.0018,720,6416.7,0.231,0.0864,0.02,0.05692875000000001
161,2,高科技_3,high_tech,75289,0.0056,510,9434.0,1.397,0.0332,0.0463,0.05692875000000001
161,3,高科技_4,high_tech,64609,0.0035,1345,8532.6,1.047,0.0379,0.0397,0.05692875000000001
161,4,高科技_5,high_tech,44350,0.0019,295,7079.3,0.59,0.0462,0.0273,0.05692875000000001
161,5,传统制造_1,traditional,96306,0.0277,1266,3973.1,0.709,0.0836,0.0592,0.05692875000000001
161,6,传统制造_2,traditional,118892,0.0084,2718,3833.0,2.789,0.0262,0.0731,0.05692875000000001
161,7,传统制造_3,traditional,102251,0.0039,2532,3238.0,0.848,0.0741,0.0629,0.05692875000000001
161,8,传统制造_4,traditional,117677,0.0163,2485,5256.7,1.574,0.046,0.0724,0.05692875000000001
161,9,传统制造_5,traditional,89302,0.0031,1287,3210.2,0.722,0.0761,0.0549,0.05692875000000001
161,10,传统制造_6,traditional,120144,0.0124,3305,3955.8,1.265,0.0584,0.0739,0.05692875000000001
161,11,传统制造_7,traditional,103090,0.0088,572,4844.0,1.005,0.0631,0.0634,0.05692875000000001
161,12,传统制造_8,traditional,116534,0.0105,817,3719.5,1.446,0.0496,0.0717,0.05692875000000001
161,13,传统制造_9,traditional,114582,0.0074,4082,4211.0,4.106,0.0172,0.0705,0.05692875000000001
161,14,传统制造_10,traditional,99520,0.0045,1975,3321.0,2.651,0.0231,0.0612,0.05692875000000001
161,15,服务产业_1,service,53003,0.0062,308,4331.8,1.08,0.0302,0.0326,0.05692875000000001
161,16,服务产业_2,service,55965,0.0083,348,5594.5,0.38,0.0906,0.0344,0.05692875000000001
161,17,服务产业_3,service,68099,0.0067,495,5215.9,2.867,0.0146,0.0419,0.05692875000000001
161,18,服务产业_4,service,83292,0.0036,715,4366.2,1.069,0.0479,0.0512,0.05692875000000001
161,19,服务产业_5,service,46694,0.0031,447,5757.3,0.368,0.0779,0.0287,0.05692875000000001
162,0,高科技_1,high_tech,130108,0.0144,1321,8294.9,2.702,0.0178,0.0482,0.05516845
162,1,高科技_2,high_tech,14732,0.0008,80,8053.6,0.063,0.0864,0.0055,0.05516845
162,2,高科技_3,high_tech,130320,0.0178,2959,9426.9,1.455,0.0332,0.0482,0.05516845
162,3,高科技_4,high_tech,150097,0.0071,812,8345.2,1.464,0.0379,0.0556,0.05516845
162,4,高科技_5,high_tech,119760,0.0081,1244,7435.8,0.96,0.0462,0.0443,0.05516845
162,5,传统制造_1,traditional,132766,0.0054,2577,3804.1,0.588,0.0836,0.0491,0.05516845
162,6,传统制造_2,traditional,128238,0.0241,653,3700.7,1.81,0.0262,0.0475,0.05516845
162,7,传统制造_3,traditional,150038,0.0147,2645,3487.8,0.749,0.0741,0.0555,0.05516845
162,8,传统制造_4,traditional,127955,0.0087,686,5153.7,1.03,0.046,0.0474,0.05516845
162,9,传统制造_5,traditional,221946,0.0221,7950,3838.8,1.08,0.0761,0.0821,0.05516845
162,10,传统制造_6,traditional,184533,0.008,1911,4312.3,1.17,0.0584,0.0683,0.05516845
162,11,传统制造_7,traditional,217514,0.01,1390,3812.7,1.277,0.0631,0.0805,0.05516845
162,12,传统制造_8,traditional,158997,0.0174,3041,4256.0,1.187,0.0496,0.0588,0.05516845
162,13,传统制造_9,traditional,142952,0.0047,2193,3662.4,3.083,0.0172,0.0529,0.05516845
162,14,传统制造_10,traditional,145030,0.0149,2232,4130.8,2.325,0.0231,0.0537,0.05516845
162,15,服务产业_1,service,90193,0.0106,1888,4428.5,1.106,0.0302,0.0334,0.05516845
162,16,服务产业_2,service,89373,0.0027,1559,4561.0,0.365,0.0906,0.0331,0.05516845
162,17,服务产业_3,service,133125,0.0173,934,4899.3,3.374,0.0146,0.0493,0.05516845
162,18,服务产业_4,service,125269,0.0125,1018,4547.5,0.968,0.0479,0.0464,0.05516845
162,19,服务产业_5,service,108882,0.0065,915,4978.4,0.517,0.0779,0.0403,0.05516845
163,0,高科技_1,high_tech,8642,0.002,47,6549.2,1.745,0.0178,0.0311,0.05572656
163,1,高科技_2,high_tech,10040,0.001,96,7075.3,0.418,0.0864,0.0361,0.05572656
163,2,高科技_3,high_tech,9412,0.0004,159,8399.6,1.021,0.0332,0.0339,0.05572656
163,3,高科技_4,high_tech,11949,0.0008,112,7624.2,1.133,0.0379,0.043,0.05572656
163,4,高科技_5,high_tech,12131,0.0008,153,7000.9,0.945,0.0462,0.0436,0.05572656
163,5,传统制造_1,traditional,21990,0.002,158,4169.6,0.947,0.0836,0.0791,0.05572656
163,6,传统制造_2,traditional,18564,0.0038,173,4682.1,2.548,0.0262,0.0668,0.05572656
163,7,传统制造_3,traditional,17912,0.0011,190,4833.0,0.869,0.0741,0.0644,0.05572656
163,8,传统制造_4,traditional,15739,0.0007,154,4439.6,1.232,0.046,0.0566,0.05572656
163,9,传统制造_5,traditional,16075,0.0026,274,3121.3,0.76,0.0761,0.0578,0.05572656
163,10,传统制造_6,traditional,19482,0.0023,192,4188.8,1.201,0.0584,0.0701,0.05572656
163,11,传统制造_7,traditional,18265,0.0013,317,3970.7,1.042,0.0631,0.0657,0.05572656
163,12,传统制造_8,traditional,22637,0.0008,457,3740.6,1.643,0.0496,0.0814,0.05572656
163,13,传统制造_9,traditional,17353,0.0012,642,3369.0,3.638,0.0172,0.0624,0.05572656
163,14,传统制造_10,traditional,12968,0.0015,169,4146.8,2.021,0.0231,0.0467,0.05572656
163,15,服务产业_1,service,8047,0.0011,47,5739.8,0.959,0.0302,0.029,0.05572656
163,16,服务产业_2,service,9561,0.0005,193,4633.0,0.38,0.0906,0.0344,0.05572656
163,17,服务产业_3,service,8756,0.0008,62,4565.0,2.157,0.0146,0.0315,0.05572656
163,18,服务产业_4,service,8679,0.0012,48,5738.6,0.652,0.0479,0.0312,0.05572656
163,19,服务产业_5,service,9722,0.0007,237,5884.6,0.449,0.0779,0.035,0.05572656
164,0,高科技_1,high_tech,119304,0.018,860,9251.8,2.958,0.0178,0.0527,0.05410609
164,1,高科技_2,high_tech,134272,0.0113,1349,7751.2,0.686,0.0864,0.0593,0.05410609
164,2,高科技_3,high_tech,95725,0.0061,689,7148.0,1.276,0.0332,0.0423,0.05410609
164,3,高科技_4,high_tech,89958,0.0174,513,9270.6,1.047,0.0379,0.0397,0.05410609
164,4,高科技_5,high_tech,105072,0.0042,1783,8384.8,1.005,0.0462,0.0464,0.05410609
164,5,传统制造_1,traditional,118045,0.0138,623,4424.4,0.624,0.0836,0.0522,0.05410609
164,6,传统制造_2,traditional,157315,0.013,1112,4402.4,2.651,0.0262,0.0695,0.05410609
164,7,传统制造_3,traditional,146090,0.0196,1182,4767.5,0.871,0.0741,0.0645,0.05410609
164,8,传统制造_4,traditional,104746,0.0117,597,4737.8,1.007,0.046,0.0463,0.05410609
164,9,传统制造_5,traditional,105077,0.007,683,4073.4,0.61,0.0761,0.0464,0.05410609
164,10,传统制造_6,traditional,113861,0.007,704,4182.7,0.862,0.0584,0.0503,0.05410609
164,11,传统制造_7,traditional,156344,0.0135,1206,5303.8,1.095,0.0631,0.0691,0.05410609
164,12,传统制造_8,traditional,132237,0.0049,1963,3464.2,1.178,0.0496,0.0584,0.05410609
164,13,传统制造_9,traditional,141095,0.0055,2806,4288.5,3.632,0.0172,0.0623,0.05410609
164,14,传统制造_10,traditional,180555,0.0151,1047,4342.2,3.455,0.0231,0.0798,0.05410609
164,15,服务产业_1,service,89077,0.0034,483,6191.1,1.304,0.0302,0.0394,0.05410609
164,16,服务产业_2,service,67317,0.0076,537,5279.8,0.328,0.0906,0.0297,0.05410609
164,17,服务产业_3,service,60408,0.0038,379,5939.3,1.827,0.0146,0.0267,0.05410609
164,18,服务产业_4,service,86316,0.0106,451,6117.0,0.796,0.0479,0.0381,0.05410609
164,19,服务产业_5,service,60729,0.006,1820,6067.9,0.344,0.0779,0.0268,0.05410609
165,0,高科技_1,high_tech,53993,0.0104,476,7263.3,2.407,0.0178,0.0429,0.05625682
165,1,高科技_2,high_tech,51137,0.0039,800,7015.8,0.47,0.0864,0.0406,0.05625682
165,2,高科技_3,high_tech,50702,0.0043,495,8963.0,1.215,0.0332,0.0403,0.05625682
165,3,高科技_4,high_tech,42359,0.0023,241,8574.6,0.887,0.0379,0.0337,0.05625682
165,4,高科技_5,high_tech,45232,0.0038,280,7862.7,0.778,0.0462,0.0359,0.05625682
165,5,传统制造_1,traditional,103373,0.0085,1527,4745.0,0.983,0.0836,0.0821,0.05625682
165,6,传统制造_2,traditional,92716,0.0039,1821,4412.7,2.81,0.0262,0.0737,0.05625682
165,7,传统制造_3,traditional,66274,0.0033,1041,3889.2,0.71,0.0741,0.0527,0.05625682
165,8,传统制造_4,traditional,93981,0.0111,1225,4859.9,1.625,0.046,0.0747,0.05625682
165,9,传统制造_5,traditional,78134,0.008,2567,5156.7,0.816,0.0761,0.0621,0.05625682
165,10,传统制造_6,traditional,67550,0.0021,362,3386.3,0.919,0.0584,0.0537,0.05625682
165,11,传统制造_7,traditional,85888,0.0042,1017,3856.1,1.082,0.0631,0.0682,0.05625682
165,12,传统制造_8,traditional,65777,0.0086,380,4338.9,1.054,0.0496,0.0523,0.05625682
165,13,传统制造_9,traditional,64996,0.0042,327,4862.8,3.009,0.0172,0.0516,0.05625682
165,14,传统制造_10,traditional,99590,0.0044,837,3555.4,3.427,0.0231,0.0791,0.05625682
165,15,服务产业_1,service,27181,0.0027,365,5571.6,0.715,0.0302,0.0216,0.05625682
165,16,服务产业_2,service,41055,0.0046,756,4942.9,0.36,0.0906,0.0326,0.05625682
165,17,服务产业_3,service,47681,0.0039,257,5609.0,2.594,0.0146,0.0379,0.05625682
165,18,服务产业_4,service,31096,0.002,199,5527.9,0.516,0.0479,0.0247,0.05625682
165,19,服务产业_5,service,49835,0.0023,1037,4278.4,0.508,0.0779,0.0396,0.05625682
166,0,高科技_1,high_tech,105225,0.01,4393,7618.1,2.766,0.0178,0.0493,0.05721694
166,1,高科技_2,high_tech,120822,0.011,616,6534.4,0.655,0.0864,0.0566,0.05721694
166,2,高科技_3,high_tech,65825,0.004,390,8465.8,0.93,0.0332,0.0308,0.05721694
166,3,高科技_4,high_tech,47081,0.004,312,9432.4,0.581,0.0379,0.0221,0.05721694
166,4,高科技_5,high_tech,91896,0.0063,1049,7626.2,0.932,0.0462,0.043,0.05721694
166,5,传统制造_1,traditional,119669,0.0106,2279,3973.1,0.671,0.0836,0.056,0.05721694
166,6,传统制造_2,traditional,155869,0.0115,814,3319.0,2.785,0.0262,0.073,0.05721694
166,7,传统制造_3,traditional,103164,0.0094,3810,4383.2,0.652,0.0741,0.0483,0.05721694
166,8,传统制造_4,traditional,105068,0.0051,949,5011.8,1.071,0.046,0.0492,0.05721694
166,9,传统制造_5,traditional,131931,0.0139,839,3657.7,0.812,0.0761,0.0618,0.05721694
166,10,传统制造_6,traditional,134714,0.0053,901,5212.9,1.081,0.0584,0.0631,0.05721694
166,11,传统制造_7,traditional,147725,0.0064,2097,4410.6,1.097,0.0631,0.0692,0.05721694
166,12,传统制造_8,traditional,127598,0.005,642,3397.8,1.206,0.0496,0.0598,0.05721694
166,13,传统制造_9,traditional,80252,0.0108,792,3706.6,2.19,0.0172,0.0376,0.05721694
166,14,传统制造_10,traditional,220017,0.0391,1671,3481.7,4.463,0.0231,0.103,0.05721694
166,15,服务产业_1,service,71196,0.0071,1404,5547.2,1.105,0.0302,0.0333,0.05721694
166,16,服务产业_2,service,121590,0.0117,991,5799.6,0.629,0.0906,0.0569,0.05721694
166,17,服务产业_3,service,68381,0.0098,1070,5769.4,2.193,0.0146,0.032,0.05721694
166,18,服务产业_4,service,52020,0.0091,749,4514.4,0.509,0.0479,0.0244,0.05721694
166,19,服务产业_5,service,65003,0.0031,2574,5921.1,0.391,0.0779,0.0304,0.05721694
167,0,高科技_1,high_tech,222444,0.0105,2794,7999.7,2.34,0.0178,0.0417,0.05279212999999999
167,1,高科技_2,high_tech,171733,0.0122,1139,8465.7,0.373,0.0864,0.0322,0.05279212999999999
167,2,高科技_3,high_tech,241607,0.0182,1606,9492.4,1.366,0.0332,0.0453,0.05279212999999999
167,3,高科技_4,high_tech,385045,0.1067,3820,7456.3,1.902,0.0379,0.0722,0.05279212999999999
167,4,高科技_5,high_tech,214123,0.0089,1111,10302.9,0.869,0.0462,0.0401,0.05279212999999999
167,5,传统制造_1,traditional,252045,0.016,2466,3556.7,0.566,0.0836,0.0473,0.05279212999999999
167,6,传统制造_2,traditional,365781,0.0408,5091,4940.5,2.616,0.0262,0.0686,0.05279212999999999
167,7,传统制造_3,traditional,171653,0.0111,3232,5413.5,0.434,0.0741,0.0322,0.05279212999999999
167,8,传统制造_4,traditional,331791,0.0278,2508,4373.7,1.353,0.046,0.0622,0.05279212999999999
167,9,传统制造_5,traditional,272948,0.031,1853,4606.3,0.673,0.0761,0.0512,0.05279212999999999
167,10,传统制造_6,traditional,313242,0.024,1596,4905.8,1.006,0.0584,0.0587,0.05279212999999999
167,11,传统制造_7,traditional,302664,0.0433,9554,5192.8,0.9,0.0631,0.0567,0.05279212999999999
167,12,传统制造_8,traditional,364557,0.0237,2562,5636.5,1.379,0.0496,0.0684,0.05279212999999999
167,13,传统制造_9,traditional,220676,0.0183,3381,4854.4,2.411,0.0172,0.0414,0.05279212999999999
167,14,传统制造_10,traditional,208887,0.0243,1677,4489.0,1.696,0.0231,0.0392,0.05279212999999999
167,15,服务产业_1,service,270977,0.0138,10745,6856.2,1.683,0.0302,0.0508,0.05279212999999999
167,16,服务产业_2,service,178674,0.0267,1973,6633.4,0.37,0.0906,0.0335,0.05279212999999999
167,17,服务产业_3,service,299072,0.022,6127,5195.4,3.84,0.0146,0.0561,0.05279212999999999
167,18,服务产业_4,service,275748,0.0148,2760,5787.8,1.079,0.0479,0.0517,0.05279212999999999
167,19,服务产业_5,service,269658,0.0175,6631,5650.9,0.649,0.0779,0.0506,0.05279212999999999
168,0,高科技_1,high_tech,31554,0.0031,301,6301.5,2.483,0.0178,0.0442,0.05621849
168,1,高科技_2,high_tech,26886,0.0047,1219,7162.7,0.436,0.0864,0.0377,0.05621849
168,2,高科技_3,high_tech,34488,0.0035,810,8219.2,1.459,0.0332,0.0484,0.05621849
168,3,高科技_4,high_tech,29084,0.004,235,6625.4,1.075,0.0379,0.0408,0.05621849
168,4,高科技_5,high_tech,17963,0.0019,290,8060.0,0.545,0.0462,0.0252,0.05621849
168,5,传统制造_1,traditional,39874,0.0038,452,3177.0,0.669,0.0836,0.0559,0.05621849
168,6,传统制造_2,traditional,40142,0.0034,519,4141.3,2.147,0.0262,0.0563,0.05621849
168,7,传统制造_3,traditional,44171,0.0037,393,3419.6,0.836,0.0741,0.0619,0.05621849
168,8,传统制造_4,traditional,45891,0.0037,260,4536.1,1.4,0.046,0.0643,0.05621849
168,9,传统制造_5,traditional,63213,0.0043,1909,4911.1,1.165,0.0761,0.0886,0.05621849
168,10,传统制造_6,traditional,55385,0.0023,313,3629.0,1.33,0.0584,0.0777,0.05621849
168,11,传统制造_7,traditional,33521,0.001,736,4735.1,0.745,0.0631,0.047,0.05621849
168,12,传统制造_8,traditional,44045,0.006,275,3091.4,1.246,0.0496,0.0618,0.05621849
168,13,传统制造_9,traditional,53004,0.0113,357,4277.9,4.33,0.0172,0.0743,0.05621849
168,14,传统制造_10,traditional,42670,0.0015,252,3568.8,2.591,0.0231,0.0598,0.05621849
168,15,服务产业_1,service,24359,0.0019,225,4399.3,1.131,0.0302,0.0342,0.05621849
168,16,服务产业_2,service,18867,0.001,285,4936.7,0.292,0.0906,0.0265,0.05621849
168,17,服务产业_3,service,23075,0.0026,133,5478.7,2.215,0.0146,0.0324,0.05621849
168,18,服务产业_4,service,20479,0.001,119,5835.0,0.599,0.0479,0.0287,0.05621849
168,19,服务产业_5,service,24545,0.0025,205,4898.3,0.442,0.0779,0.0344,0.05621849
169,0,高科技_1,high_tech,14538,0.0031,121,8346.5,2.038,0.0178,0.0363,0.058747110000000005
169,1,高科技_2,high_tech,14238,0.0013,78,7696.6,0.411,0.0864,0.0356,0.058747110000000005
169,2,高科技_3,high_tech,14791,0.0011,244,7443.5,1.114,0.0332,0.0369,0.058747110000000005
169,3,高科技_4,high_tech,14108,0.0003,317,6800.4,0.929,0.0379,0.0352,0.058747110000000005
169,4,高科技_5,high_tech,19004,0.0011,228,6747.3,1.027,0.0462,0.0475,0.058747110000000005
169,5,传统制造_1,traditional,30536,0.0013,538,3301.2,0.913,0.0836,0.0763,0.058747110000000005
169,6,传统制造_2,traditional,22759,0.0019,314,3556.9,2.168,0.0262,0.0568,0.058747110000000005
169,7,传统制造_3,traditional,38721,0.0041,306,4445.4,1.305,0.0741,0.0967,0.058747110000000005
169,8,传统制造_4,traditional,28871,0.0014,399,3212.2,1.569,0.046,0.0721,0.058747110000000005
169,9,传统制造_5,traditional,34776,0.0014,388,4114.4,1.142,0.0761,0.0869,0.058747110000000005
169,10,传统制造_6,traditional,26140,0.0012,132,4300.9,1.118,0.0584,0.0653,0.058747110000000005
169,11,传统制造_7,traditional,25615,0.0047,142,4888.0,1.015,0.0631,0.064,0.058747110000000005
169,12,传统制造_8,traditional,18807,0.001,192,3035.5,0.947,0.0496,0.047,0.058747110000000005
169,13,传统制造_9,traditional,16142,0.0018,159,3629.1,2.349,0.0172,0.0403,0.058747110000000005
169,14,传统制造_10,traditional,25111,0.0007,372,3915.6,2.716,0.0231,0.0627,0.058747110000000005
169,15,服务产业_1,service,9800,0.0007,129,6050.8,0.811,0.0302,0.0245,0.058747110000000005
169,16,服务产业_2,service,11784,0.0014,151,5306.2,0.325,0.0906,0.0294,0.058747110000000005
169,17,服务产业_3,service,8878,0.0009,60,4706.8,1.518,0.0146,0.0222,0.058747110000000005
169,18,服务产业_4,service,12643,0.0014,172,4153.3,0.659,0.0479,0.0316,0.058747110000000005
169,19,服务产业_5,service,13137,0.002,209,5299.8,0.421,0.0779,0.0328,0.058747110000000005
170,0,高科技_1,high_tech,14650,0.0013,88,8393.8,2.186,0.0178,0.039,0.05869968999999999
170,1,高科技_2,high_tech,24360,0.0025,416,8183.4,0.749,0.0864,0.0648,0.05869968999999999
170,2,高科技_3,high_tech,12351,0.0005,286,8338.4,0.991,0.0332,0.0328,0.05869968999999999
170,3,高科技_4,high_tech,7181,0.0008,36,8298.5,0.503,0.0379,0.0191,0.05869968999999999
170,4,高科技_5,high_tech,15543,0.0008,241,7835.8,0.895,0.0462,0.0413,0.05869968999999999
170,5,传统制造_1,traditional,21724,0.0021,846,4379.7,0.691,0.0836,0.0578,0.05869968999999999
170,6,传统制造_2,traditional,25933,0.0017,334,3245.4,2.63,0.0262,0.0689,0.05869968999999999
170,7,传统制造_3,traditional,32264,0.0014,259,3760.2,1.157,0.0741,0.0858,0.05869968999999999
170,8,传统制造_4,traditional,29458,0.0021,233,3293.8,1.704,0.046,0.0783,0.05869968999999999
170,9,传统制造_5,traditional,23911,0.0013,190,3640.5,0.836,0.0761,0.0636,0.05869968999999999
170,10,传统制造_6,traditional,30944,0.0034,296,3793.8,1.409,0.0584,0.0823,0.05869968999999999
170,11,传统制造_7,traditional,17660,0.0009,106,4869.5,0.745,0.0631,0.047,0.05869968999999999
170,12,传统制造_8,traditional,27545,0.0017,234,4475.1,1.477,0.0496,0.0732,0.05869968999999999
170,13,传统制造_9,traditional,24465,0.0017,194,4420.4,3.79,0.0172,0.065,0.05869968999999999
170,14,传统制造_10,traditional,13993,0.0013,79,3296.7,1.611,0.0231,0.0372,0.05869968999999999
170,15,服务产业_1,service,7845,0.0006,77,4959.2,0.691,0.0302,0.0209,0.05869968999999999
170,16,服务产业_2,service,11209,0.0012,142,5281.4,0.329,0.0906,0.0298,0.05869968999999999
170,17,服务产业_3,service,13350,0.0009,73,4142.6,2.43,0.0146,0.0355,0.05869968999999999
170,18,服务产业_4,service,11311,0.001,196,4698.1,0.628,0.0479,0.0301,0.05869968999999999
170,19,服务产业_5,service,10417,0.001,137,4487.6,0.355,0.0779,0.0277,0.05869968999999999
171,0,高科技_1,high_tech,10061,0.0007,118,8349.4,1.858,0.0178,0.0331,0.05976646
171,1,高科技_2,high_tech,9631,0.0004,157,6484.4,0.367,0.0864,0.0317,0.05976646
171,2,高科技_3,high_tech,12926,0.0026,183,6412.4,1.283,0.0332,0.0425,0.05976646
171,3,高科技_4,high_tech,11286,0.0005,113,8982.4,0.979,0.0379,0.0371,0.05976646
171,4,高科技_5,high_tech,7382,0.0004,84,7899.4,0.526,0.0462,0.0243,0.05976646
171,5,传统制造_1,traditional,25030,0.0025,161,3369.6,0.986,0.0836,0.0824,0.05976646
171,6,传统制造_2,traditional,17207,0.0007,128,4593.8,2.16,0.0262,0.0566,0.05976646
171,7,传统制造_3,traditional,20979,0.0014,123,4513.4,0.931,0.0741,0.069,0.05976646
171,8,传统制造_4,traditional,17921,0.0016,223,4722.4,1.283,0.046,0.059,0.05976646
171,9,传统制造_5,traditional,19442,0.0012,298,3994.4,0.841,0.0761,0.064,0.05976646
171,10,传统制造_6,traditional,20264,0.0012,110,4066.9,1.142,0.0584,0.0667,0.05976646
171,11,传统制造_7,traditional,20478,0.0016,375,3357.8,1.069,0.0631,0.0674,0.05976646
171,12,传统制造_8,traditional,21499,0.0012,216,4125.0,1.427,0.0496,0.0707,0.05976646
171,13,传统制造_9,traditional,22369,0.0019,361,3293.9,4.289,0.0172,0.0736,0.05976646
171,14,传统制造_10,traditional,27235,0.0007,601,3458.0,3.882,0.0231,0.0896,0.05976646
171,15,服务产业_1,service,7130,0.0005,68,4312.6,0.777,0.0302,0.0235,0.05976646
171,16,服务产业_2,service,2669,0.0001,15,4906.7,0.097,0.0906,0.0088,0.05976646
171,17,服务产业_3,service,7012,0.0003,40,5544.7,1.58,0.0146,0.0231,0.05976646
171,18,服务产业_4,service,12215,0.0024,205,4044.1,0.839,0.0479,0.0402,0.05976646
171,19,服务产业_5,service,11151,0.001,139,4429.0,0.471,0.0779,0.0367,0.05976646
172,0,高科技_1,high_tech,12805,0.0005,98,7222.7,1.487,0.0178,0.0265,0.05775688
172,1,高科技_2,high_tech,16536,0.0013,200,8370.0,0.396,0.0864,0.0342,0.05775688
172,2,高科技_3,high_tech,15110,0.0007,169,7080.7,0.943,0.0332,0.0313,0.05775688
172,3,高科技_4,high_tech,12363,0.0014,94,6610.9,0.674,0.0379,0.0256,0.05775688
172,4,高科技_5,high_tech,22016,0.002,129,8919.9,0.986,0.0462,0.0456,0.05775688
172,5,传统制造_1,traditional,37544,0.0031,198,3830.0,0.93,0.0836,0.0777,0.05775688
172,6,传统制造_2,traditional,32434,0.0024,473,4596.2,2.561,0.0262,0.0671,0.05775688
172,7,传统制造_3,traditional,25036,0.0038,391,3292.6,0.699,0.0741,0.0518,0.05775688
172,8,传统制造_4,traditional,32071,0.0014,427,4870.8,1.444,0.046,0.0664,0.05775688
172,9,传统制造_5,traditional,27479,0.0034,618,4633.0,0.748,0.0761,0.0569,0.05775688
172,10,传统制造_6,traditional,39362,0.0045,396,3905.1,1.395,0.0584,0.0815,0.05775688
172,11,传统制造_7,traditional,23823,0.0016,244,4782.0,0.782,0.0631,0.0493,0.05775688
172,12,传统制造_8,traditional,35428,0.003,404,3761.8,1.479,0.0496,0.0733,0.05775688
172,13,传统制造_9,traditional,35296,0.0023,238,4546.2,4.257,0.0172,0.0731,0.05775688
172,14,传统制造_10,traditional,36924,0.0013,284,3179.4,3.31,0.0231,0.0764,0.05775688
172,15,服务产业_1,service,14977,0.0019,78,5017.3,1.027,0.0302,0.031,0.05775688
172,16,服务产业_2,service,13099,0.0014,167,6131.0,0.299,0.0906,0.0271,0.05775688
172,17,服务产业_3,service,22819,0.0014,158,5420.0,3.234,0.0146,0.0472,0.05775688
172,18,服务产业_4,service,11146,0.001,232,5694.1,0.482,0.0479,0.0231,0.05775688
172,19,服务产业_5,service,16840,0.0007,374,4825.2,0.447,0.0779,0.0349,0.05775688
173,0,高科技_1,high_tech,50289,0.0041,717,6435.4,3.037,0.0178,0.0541,0.05581031
173,1,高科技_2,high_tech,34305,0.0014,625,8622.4,0.427,0.0864,0.0369,0.05581031
173,2,高科技_3,high_tech,49655,0.005,1049,8313.4,1.612,0.0332,0.0534,0.05581031
173,3,高科技_4,high_tech,43049,0.0033,293,6372.9,1.221,0.0379,0.0463,0.05581031
173,4,高科技_5,high_tech,26963,0.0021,172,6377.6,0.628,0.0462,0.029,0.05581031
173,5,传统制造_1,traditional,51809,0.0038,441,4446.1,0.667,0.0836,0.0557,0.05581031
173,6,传统制造_2,traditional,59178,0.0063,425,5032.7,2.429,0.0262,0.0637,0.05581031
173,7,传统制造_3,traditional,60802,0.0051,559,4590.8,0.883,0.0741,0.0654,0.05581031
173,8,传统制造_4,traditional,56091,0.0063,716,4974.1,1.313,0.046,0.0604,0.05581031
173,9,传统制造_5,traditional,74681,0.0157,1088,3433.7,1.056,0.0761,0.0804,0.05581031
173,10,传统制造_6,traditional,62367,0.0056,926,4904.8,1.149,0.0584,0.0671,0.05581031
173,11,传统制造_7,traditional,64623,0.0117,903,3235.9,1.103,0.0631,0.0695,0.05581031
173,12,传统制造_8,traditional,48109,0.0018,394,4113.5,1.044,0.0496,0.0518,0.05581031
173,13,传统制造_9,traditional,39340,0.0023,196,4942.5,2.466,0.0172,0.0423,0.05581031
173,14,传统制造_10,traditional,71972,0.0085,802,3858.0,3.354,0.0231,0.0774,0.05581031
173,15,服务产业_1,service,22359,0.001,259,5461.3,0.797,0.0302,0.0241,0.05581031
173,16,服务产业_2,service,27708,0.0046,582,5018.9,0.329,0.0906,0.0298,0.05581031
173,17,服务产业_3,service,29168,0.0024,166,4145.1,2.149,0.0146,0.0314,0.05581031
173,18,服务产业_4,service,30755,0.0043,345,5967.0,0.691,0.0479,0.0331,0.05581031
173,19,服务产业_5,service,26107,0.0025,171,5392.6,0.36,0.0779,0.0281,0.05581031
174,0,高科技_1,high_tech,37227,0.0021,277,7556.7,2.335,0.0178,0.0416,0.056616620000000006
174,1,高科技_2,high_tech,21583,0.0022,181,8040.2,0.279,0.0864,0.0241,0.056616620000000006
174,2,高科技_3,high_tech,36513,0.0019,298,7426.2,1.231,0.0332,0.0408,0.056616620000000006
174,3,高科技_4,high_tech,38739,0.0028,692,8971.7,1.141,0.0379,0.0433,0.056616620000000006
174,4,高科技_5,high_tech,47477,0.0022,405,9178.0,1.149,0.0462,0.0531,0.056616620000000006
174,5,传统制造_1,traditional,61604,0.0075,959,5053.7,0.824,0.0836,0.0688,0.056616620000000006
174,6,传统制造_2,traditional,67302,0.0062,341,3786.5,2.869,0.0262,0.0752,0.056616620000000006
174,7,传统制造_3,traditional,61950,0.012,883,3798.7,0.934,0.0741,0.0692,0.056616620000000006
174,8,传统制造_4,traditional,40206,0.002,1044,4427.9,0.978,0.046,0.0449,0.056616620000000006
174,9,传统制造_5,traditional,64300,0.0087,1069,3106.0,0.944,0.0761,0.0719,0.056616620000000006
174,10,传统制造_6,traditional,56475,0.0054,298,4464.3,1.081,0.0584,0.0631,0.056616620000000006
174,11,传统制造_7,traditional,77179,0.0044,1017,3998.8,1.368,0.0631,0.0863,0.056616620000000006
174,12,传统制造_8,traditional,39276,0.0033,280,3271.7,0.885,0.0496,0.0439,0.056616620000000006
174,13,传统制造_9,traditional,42664,0.0029,495,4208.4,2.778,0.0172,0.0477,0.056616620000000006
174,14,传统制造_10,traditional,63153,0.0049,1983,3594.0,3.057,0.0231,0.0706,0.056616620000000006
174,15,服务产业_1,service,36519,0.0025,1535,4261.7,1.352,0.0302,0.0408,0.056616620000000006
174,16,服务产业_2,service,25706,0.0016,241,5135.8,0.317,0.0906,0.0287,0.056616620000000006
174,17,服务产业_3,service,25741,0.0026,129,4882.9,1.97,0.0146,0.0288,0.056616620000000006
174,18,服务产业_4,service,27876,0.0009,388,4308.2,0.65,0.0479,0.0312,0.056616620000000006
174,19,服务产业_5,service,23295,0.0025,193,5624.3,0.334,0.0779,0.026,0.056616620000000006
175,0,高科技_1,high_tech,134825,0.0166,693,9014.9,3.064,0.0178,0.0546,0.05712203999999999
175,1,高科技_2,high_tech,101185,0.0108,1227,8384.4,0.474,0.0864,0.041,0.05712203999999999
175,2,高科技_3,high_tech,36476,0.0028,255,6883.8,0.446,0.0332,0.0148,0.05712203999999999
175,3,高科技_4,high_tech,96291,0.0123,577,8738.2,1.028,0.0379,0.039,0.05712203999999999
175,4,高科技_5,high_tech,77543,0.0068,436,6851.9,0.68,0.0462,0.0314,0.05712203999999999
175,5,传统制造_1,traditional,137639,0.0138,826,5182.2,0.667,0.0836,0.0557,0.05712203999999999
175,6,传统制造_2,traditional,176931,0.0162,947,3368.6,2.733,0.0262,0.0717,0.05712203999999999
175,7,传统制造_3,traditional,91437,0.0122,3969,5208.3,0.5,0.0741,0.037,0.05712203999999999
175,8,传统制造_4,traditional,141194,0.0073,1738,4750.9,1.244,0.046,0.0572,0.05712203999999999
175,9,传统制造_5,traditional,149617,0.0131,964,3528.1,0.796,0.0761,0.0606,0.05712203999999999
175,10,传统制造_6,traditional,185261,0.0273,954,4484.2,1.285,0.0584,0.075,0.05712203999999999
175,11,传统制造_7,traditional,232369,0.0161,1722,4160.5,1.492,0.0631,0.0941,0.05712203999999999
175,12,传统制造_8,traditional,95028,0.0044,1145,4240.7,0.776,0.0496,0.0385,0.05712203999999999
175,13,传统制造_9,traditional,167322,0.0129,2407,3929.1,3.948,0.0172,0.0678,0.05712203999999999
175,14,传统制造_10,traditional,152800,0.0162,2176,4598.1,2.68,0.0231,0.0619,0.05712203999999999
175,15,服务产业_1,service,94657,0.003,1281,5573.6,1.27,0.0302,0.0383,0.05712203999999999
175,16,服务产业_2,service,147369,0.0135,5085,5905.3,0.659,0.0906,0.0597,0.05712203999999999
175,17,服务产业_3,service,57831,0.0068,991,5566.3,1.604,0.0146,0.0234,0.05712203999999999
175,18,服务产业_4,service,75734,0.0098,681,5019.5,0.64,0.0479,0.0307,0.05712203999999999
175,19,服务产业_5,service,117554,0.0114,1038,5378.2,0.611,0.0779,0.0476,0.05712203999999999
176,0,高科技_1,high_tech,30866,0.0022,177,7514.6,1.582,0.0178,0.0282,0.058854659999999996
176,1,高科技_2,high_tech,42225,0.0053,1426,8048.6,0.446,0.0864,0.0386,0.058854659999999996
176,2,高科技_3,high_tech,32023,0.002,167,7555.1,0.882,0.0332,0.0293,0.058854659999999996
176,3,高科技_4,high_tech,47350,0.0008,289,6330.8,1.14,0.0379,0.0433,0.058854659999999996
176,4,高科技_5,high_tech,27434,0.0073,679,7079.0,0.543,0.0462,0.0251,0.058854659999999996
176,5,传统制造_1,traditional,81153,0.0044,529,3451.8,0.887,0.0836,0.0741,0.058854659999999996
176,6,传统制造_2,traditional,77386,0.0047,443,4638.8,2.696,0.0262,0.0707,0.058854659999999996
176,7,传统制造_3,traditional,73755,0.0038,461,3735.9,0.909,0.0741,0.0674,0.058854659999999996
176,8,传统制造_4,traditional,92424,0.0157,1050,4159.0,1.837,0.046,0.0844,0.058854659999999996
176,9,传统制造_5,traditional,78503,0.0083,1117,3821.6,0.943,0.0761,0.0717,0.058854659999999996
176,10,传统制造_6,traditional,78709,0.0093,3141,5010.4,1.231,0.0584,0.0719,0.058854659999999996
176,11,传统制造_7,traditional,80079,0.0097,1170,4935.3,1.16,0.0631,0.0732,0.058854659999999996
176,12,传统制造_8,traditional,74685,0.0048,738,4965.7,1.376,0.0496,0.0682,0.058854659999999996
176,13,传统制造_9,traditional,71423,0.0363,1243,4328.7,3.802,0.0172,0.0652,0.058854659999999996
176,14,传统制造_10,traditional,56503,0.0056,1119,4461.0,2.236,0.0231,0.0516,0.058854659999999996
176,15,服务产业_1,service,25153,0.0016,262,5455.2,0.761,0.0302,0.023,0.058854659999999996
176,16,服务产业_2,service,33413,0.0021,850,6085.7,0.337,0.0906,0.0305,0.058854659999999996
176,17,服务产业_3,service,34748,0.0015,593,6135.8,2.174,0.0146,0.0317,0.058854659999999996
176,18,服务产业_4,service,30290,0.0016,1307,5327.6,0.578,0.0479,0.0277,0.058854659999999996
176,19,服务产业_5,service,26525,0.0018,203,5175.6,0.311,0.0779,0.0242,0.058854659999999996
177,0,高科技_1,high_tech,161536,0.0086,1958,8757.6,2.348,0.0178,0.0418,0.05359930000000001
177,1,高科技_2,high_tech,145778,0.0082,1174,8888.6,0.437,0.0864,0.0378,0.05359930000000001
177,2,高科技_3,high_tech,242431,0.0082,1931,7571.9,1.894,0.0332,0.0628,0.05359930000000001
177,3,高科技_4,high_tech,122781,0.0068,1019,9361.8,0.838,0.0379,0.0318,0.05359930000000001
177,4,高科技_5,high_tech,256461,0.0349,1972,9518.1,1.438,0.0462,0.0664,0.05359930000000001
177,5,传统制造_1,traditional,143813,0.0116,767,4438.7,0.446,0.0836,0.0373,0.05359930000000001
177,6,传统制造_2,traditional,272675,0.0186,1855,3399.0,2.694,0.0262,0.0706,0.05359930000000001
177,7,传统制造_3,traditional,184157,0.0282,949,5293.2,0.644,0.0741,0.0477,0.05359930000000001
177,8,传统制造_4,traditional,182721,0.0115,2574,4206.1,1.03,0.046,0.0473,0.05359930000000001
177,9,传统制造_5,traditional,245090,0.024,1373,5214.3,0.835,0.0761,0.0635,0.05359930000000001
177,10,传统制造_6,traditional,268708,0.0237,2546,4754.5,1.192,0.0584,0.0696,0.05359930000000001
177,11,传统制造_7,traditional,258698,0.0078,4422,3504.1,1.063,0.0631,0.067,0.05359930000000001
177,12,传统制造_8,traditional,195963,0.0139,1029,4830.0,1.024,0.0496,0.0508,0.05359930000000001
177,13,传统制造_9,traditional,266468,0.0169,1720,5405.5,4.022,0.0172,0.069,0.05359930000000001
177,14,传统制造_10,traditional,189309,0.0092,2234,3717.0,2.124,0.0231,0.049,0.05359930000000001
177,15,服务产业_1,service,145266,0.003,919,6425.8,1.247,0.0302,0.0376,0.05359930000000001
177,16,服务产业_2,service,132710,0.0143,1682,4753.3,0.38,0.0906,0.0344,0.05359930000000001
177,17,服务产业_3,service,149259,0.0049,1276,5574.3,2.648,0.0146,0.0387,0.05359930000000001
177,18,服务产业_4,service,134082,0.005,697,5684.4,0.725,0.0479,0.0347,0.05359930000000001
177,19,服务产业_5,service,162032,0.0207,1189,5211.9,0.539,0.0779,0.042,0.05359930000000001
178,0,高科技_1,high_tech,8583,0.0013,47,7719.1,0.698,0.0178,0.0124,0.06067354
178,1,高科技_2,high_tech,15578,0.0016,266,8612.8,0.261,0.0864,0.0226,0.06067354
178,2,高科技_3,high_tech,23642,0.0022,220,6630.3,1.033,0.0332,0.0343,0.06067354
178,3,高科技_4,high_tech,21146,0.0013,155,7514.2,0.807,0.0379,0.0306,0.06067354
178,4,高科技_5,high_tech,25923,0.0011,895,6950.6,0.813,0.0462,0.0376,0.06067354
178,5,传统制造_1,traditional,40982,0.0024,244,3601.3,0.71,0.0836,0.0594,0.06067354
178,6,传统制造_2,traditional,44098,0.0037,388,4649.3,2.437,0.0262,0.0639,0.06067354
178,7,传统制造_3,traditional,45733,0.0088,348,3382.5,0.894,0.0741,0.0663,0.06067354
178,8,传统制造_4,traditional,45364,0.0038,263,3367.1,1.43,0.046,0.0657,0.06067354
178,9,传统制造_5,traditional,48896,0.0017,1246,4111.3,0.931,0.0761,0.0708,0.06067354
178,10,传统制造_6,traditional,55995,0.0041,1136,4444.6,1.389,0.0584,0.0811,0.06067354
178,11,传统制造_7,traditional,40328,0.0028,302,4701.3,0.926,0.0631,0.0584,0.06067354
178,12,传统制造_8,traditional,60284,0.0023,2036,4528.3,1.762,0.0496,0.0873,0.06067354
178,13,传统制造_9,traditional,47952,0.0041,483,3509.5,4.047,0.0172,0.0695,0.06067354
178,14,传统制造_10,traditional,59461,0.0032,836,4670.7,3.731,0.0231,0.0861,0.06067354
178,15,服务产业_1,service,19375,0.0011,147,6087.7,0.93,0.0302,0.0281,0.06067354
178,16,服务产业_2,service,16600,0.0037,304,5270.7,0.265,0.0906,0.024,0.06067354
178,17,服务产业_3,service,21614,0.0055,166,4496.5,2.144,0.0146,0.0313,0.06067354
178,18,服务产业_4,service,34771,0.0023,682,5101.0,1.051,0.0479,0.0504,0.06067354
178,19,服务产业_5,service,13957,0.0007,121,5314.9,0.259,0.0779,0.0202,0.06067354
179,0,高科技_1,high_tech,558432,0.027,5755,10178.4,4.793,0.0178,0.0854,0.05771793
179,1,高科技_2,high_tech,482646,0.0225,3674,9576.6,0.854,0.0864,0.0738,0.05771793
179,2,高科技_3,high_tech,460052,0.0319,2323,11464.3,2.123,0.0332,0.0704,0.05771793
179,3,高科技_4,high_tech,274558,0.0196,5187,10161.0,1.107,0.0379,0.042,0.05771793
179,4,高科技_5,high_tech,78778,0.0037,550,10866.2,0.261,0.0462,0.0121,0.05771793
179,5,传统制造_1,traditional,316773,0.0172,3399,4053.6,0.58,0.0836,0.0485,0.05771793
179,6,传统制造_2,traditional,263121,0.0287,1455,5607.7,1.535,0.0262,0.0402,0.05771793
179,7,传统制造_3,traditional,377854,0.0085,2554,4426.8,0.78,0.0741,0.0578,0.05771793
179,8,传统制造_4,traditional,239639,0.0178,1429,4462.6,0.798,0.046,0.0367,0.05771793
179,9,传统制造_5,traditional,263346,0.0481,2337,4444.6,0.529,0.0761,0.0403,0.05771793
179,10,传统制造_6,traditional,244567,0.0272,1700,5794.1,0.641,0.0584,0.0374,0.05771793
179,11,传统制造_7,traditional,332115,0.0189,10270,5794.8,0.806,0.0631,0.0508,0.05771793
179,12,传统制造_8,traditional,135412,0.0021,1436,6114.7,0.418,0.0496,0.0207,0.05771793
179,13,传统制造_9,traditional,282943,0.0151,5447,6016.7,2.522,0.0172,0.0433,0.05771793
179,14,传统制造_10,traditional,227943,0.0083,2341,4343.0,1.51,0.0231,0.0349,0.05771793
179,15,服务产业_1,service,381534,0.041,9163,7030.5,1.933,0.0302,0.0584,0.05771793
179,16,服务产业_2,service,520212,0.0843,8053,5810.8,0.878,0.0906,0.0796,0.05771793
179,17,服务产业_3,service,274179,0.0543,1383,6834.8,2.872,0.0146,0.0419,0.05771793
179,18,服务产业_4,service,272502,0.0162,1585,7078.2,0.87,0.0479,0.0417,0.05771793
179,19,服务产业_5,service,550737,0.0724,6633,7066.0,1.081,0.0779,0.0842,0.05771793
180,0,高科技_1,high_tech,46860,0.0063,1835,7252.2,2.602,0.0178,0.0464,0.055705599999999994
180,1,高科技_2,high_tech,41345,0.0018,1924,6747.7,0.473,0.0864,0.0409,0.055705599999999994
180,2,高科技_3,high_tech,45972,0.0021,956,6521.1,1.372,0.0332,0.0455,0.055705599999999994
180,3,高科技_4,high_tech,54756,0.0125,1816,6544.1,1.428,0.0379,0.0542,0.055705599999999994
180,4,高科技_5,high_tech,38865,0.0031,205,8962.4,0.832,0.0462,0.0385,0.055705599999999994
180,5,传统制造_1,traditional,57967,0.0037,854,3565.5,0.686,0.0836,0.0574,0.055705599999999994
180,6,传统制造_2,traditional,53193,0.004,552,3447.4,2.008,0.0262,0.0526,0.055705599999999994
180,7,传统制造_3,traditional,90982,0.0119,954,4382.6,1.215,0.0741,0.09,0.055705599999999994
180,8,传统制造_4,traditional,66786,0.0093,396,4205.2,1.438,0.046,0.0661,0.055705599999999994
180,9,传统制造_5,traditional,48927,0.0103,465,3777.8,0.636,0.0761,0.0484,0.055705599999999994
180,10,传统制造_6,traditional,85982,0.0109,712,4248.0,1.457,0.0584,0.0851,0.055705599999999994
180,11,传统制造_7,traditional,44319,0.0016,278,3625.2,0.695,0.0631,0.0439,0.055705599999999994
180,12,传统制造_8,traditional,46474,0.0056,573,3595.3,0.928,0.0496,0.046,0.055705599999999994
180,13,传统制造_9,traditional,63096,0.0104,520,5115.4,3.638,0.0172,0.0624,0.055705599999999994
180,14,传统制造_10,traditional,59986,0.011,364,3455.1,2.571,0.0231,0.0594,0.055705599999999994
180,15,服务产业_1,service,37451,0.0024,1333,4453.0,1.228,0.0302,0.0371,0.055705599999999994
180,16,服务产业_2,service,18010,0.0016,650,6108.4,0.197,0.0906,0.0178,0.055705599999999994
180,17,服务产业_3,service,37574,0.0026,310,4398.3,2.546,0.0146,0.0372,0.055705599999999994
180,18,服务产业_4,service,45845,0.0043,353,4534.5,0.947,0.0479,0.0454,0.055705599999999994
180,19,服务产业_5,service,26213,0.0013,143,4462.2,0.333,0.0779,0.0259,0.055705599999999994
181,0,高科技_1,high_tech,14305,0.0014,94,7975.2,3.63,0.0178,0.0647,0.05699625999999999
181,1,高科技_2,high_tech,10235,0.0005,126,7397.9,0.536,0.0864,0.0463,0.05699625999999999
181,2,高科技_3,high_tech,7005,0.0008,44,6793.7,0.955,0.0332,0.0317,0.05699625999999999
181,3,高科技_4,high_tech,6962,0.001,334,6870.4,0.83,0.0379,0.0315,0.05699625999999999
181,4,高科技_5,high_tech,7805,0.0007,131,8567.8,0.764,0.0462,0.0353,0.05699625999999999
181,5,传统制造_1,traditional,12547,0.0009,95,3369.9,0.679,0.0836,0.0567,0.05699625999999999
181,6,传统制造_2,traditional,15362,0.0013,187,3488.4,2.65,0.0262,0.0695,0.05699625999999999
181,7,传统制造_3,traditional,10043,0.0002,153,4214.0,0.613,0.0741,0.0454,0.05699625999999999
181,8,传统制造_4,traditional,12926,0.0008,68,4503.7,1.272,0.046,0.0585,0.05699625999999999
181,9,传统制造_5,traditional,18084,0.0035,100,3992.6,1.075,0.0761,0.0818,0.05699625999999999
181,10,传统制造_6,traditional,16255,0.0012,97,4115.6,1.259,0.0584,0.0735,0.05699625999999999
181,11,传统制造_7,traditional,16188,0.0011,132,5001.7,1.161,0.0631,0.0732,0.05699625999999999
181,12,传统制造_8,traditional,17425,0.0023,157,3968.5,1.589,0.0496,0.0788,0.05699625999999999
181,13,传统制造_9,traditional,13283,0.0008,287,4543.8,3.5,0.0172,0.0601,0.05699625999999999
181,14,传统制造_10,traditional,10263,0.0007,65,4205.7,2.01,0.0231,0.0464,0.05699625999999999
181,15,服务产业_1,service,6362,0.0009,95,5908.5,0.953,0.0302,0.0288,0.05699625999999999
181,16,服务产业_2,service,6757,0.0007,95,5893.7,0.337,0.0906,0.0306,0.05699625999999999
181,17,服务产业_3,service,8670,0.0008,101,4061.1,2.685,0.0146,0.0392,0.05699625999999999
181,18,服务产业_4,service,5002,0.0003,164,5851.3,0.472,0.0479,0.0226,0.05699625999999999
181,19,服务产业_5,service,5663,0.0003,33,5583.4,0.329,0.0779,0.0256,0.05699625999999999
182,0,高科技_1,high_tech,2700,0.0002,45,8687.7,0.429,0.0178,0.0077,0.061826210000000006
182,1,高科技_2,high_tech,9965,0.0007,54,6168.7,0.327,0.0864,0.0282,0.061826210000000006
182,2,高科技_3,high_tech,6678,0.001,34,6811.1,0.571,0.0332,0.0189,0.061826210000000006
182,3,高科技_4,high_tech,10863,0.0011,89,8389.6,0.811,0.0379,0.0308,0.061826210000000006
182,4,高科技_5,high_tech,10461,0.0008,112,7986.1,0.642,0.0462,0.0296,0.061826210000000006
182,5,传统制造_1,traditional,25367,0.0018,920,3475.0,0.86,0.0836,0.0719,0.061826210000000006
182,6,传统制造_2,traditional,25553,0.0008,132,4628.6,2.762,0.0262,0.0724,0.061826210000000006
182,7,传统制造_3,traditional,35134,0.0024,199,3965.8,1.343,0.0741,0.0995,0.061826210000000006
182,8,传统制造_4,traditional,26474,0.0039,294,3995.1,1.632,0.046,0.075,0.061826210000000006
182,9,传统制造_5,traditional,27783,0.0019,241,4249.9,1.035,0.0761,0.0787,0.061826210000000006
182,10,传统制造_6,traditional,17630,0.0025,176,3620.6,0.856,0.0584,0.05,0.061826210000000006
182,11,传统制造_7,traditional,22987,0.003,123,4692.7,1.033,0.0631,0.0651,0.061826210000000006
182,12,传统制造_8,traditional,19299,0.0014,277,4321.6,1.103,0.0496,0.0547,0.061826210000000006
182,13,传统制造_9,traditional,27586,0.0019,249,3068.0,4.554,0.0172,0.0782,0.061826210000000006
182,14,传统制造_10,traditional,24894,0.0012,372,3089.7,3.055,0.0231,0.0705,0.061826210000000006
182,15,服务产业_1,service,9473,0.0011,56,5201.2,0.889,0.0302,0.0268,0.061826210000000006
182,16,服务产业_2,service,12834,0.0026,156,5182.3,0.401,0.0906,0.0364,0.061826210000000006
182,17,服务产业_3,service,9660,0.0007,148,4160.7,1.874,0.0146,0.0274,0.061826210000000006
182,18,服务产业_4,service,13812,0.0005,89,4945.1,0.817,0.0479,0.0391,0.061826210000000006
182,19,服务产业_5,service,13778,0.0012,211,5260.7,0.501,0.0779,0.039,0.061826210000000006
183,0,高科技_1,high_tech,71954,0.0039,382,6588.4,2.284,0.0178,0.0407,0.056004540000000005
183,1,高科技_2,high_tech,56948,0.0042,388,6981.7,0.373,0.0864,0.0322,0.056004540000000005
183,2,高科技_3,high_tech,92309,0.0062,843,8794.2,1.575,0.0332,0.0522,0.056004540000000005
183,3,高科技_4,high_tech,61826,0.0026,393,7263.5,0.922,0.0379,0.035,0.056004540000000005
183,4,高科技_5,high_tech,59494,0.0082,498,8928.7,0.728,0.0462,0.0337,0.056004540000000005
183,5,传统制造_1,traditional,89440,0.0026,851,4978.0,0.605,0.0836,0.0506,0.056004540000000005
183,6,传统制造_2,traditional,86017,0.0077,1150,4761.2,1.856,0.0262,0.0487,0.056004540000000005
183,7,传统制造_3,traditional,94037,0.006,772,4940.7,0.718,0.0741,0.0532,0.056004540000000005
183,8,传统制造_4,traditional,133301,0.0144,771,4735.0,1.64,0.046,0.0754,0.056004540000000005
183,9,传统制造_5,traditional,149667,0.0067,1227,4524.4,1.113,0.0761,0.0847,0.056004540000000005
183,10,传统制造_6,traditional,147939,0.0081,2171,4841.8,1.433,0.0584,0.0837,0.056004540000000005
183,11,传统制造_7,traditional,122197,0.0066,2437,3741.4,1.096,0.0631,0.0691,0.056004540000000005
183,12,传统制造_8,traditional,94260,0.0074,620,4066.3,1.075,0.0496,0.0533,0.056004540000000005
183,13,传统制造_9,traditional,84188,0.0069,574,4296.3,2.775,0.0172,0.0476,0.056004540000000005
183,14,传统制造_10,traditional,116900,0.0092,1152,3356.7,2.864,0.0231,0.0661,0.056004540000000005
183,15,服务产业_1,service,41800,0.0021,509,6020.6,0.783,0.0302,0.0236,0.056004540000000005
183,16,服务产业_2,service,84027,0.0095,1864,4382.6,0.525,0.0906,0.0475,0.056004540000000005
183,17,服务产业_3,service,66529,0.0099,1032,4813.0,2.577,0.0146,0.0376,0.056004540000000005
183,18,服务产业_4,service,55909,0.0066,310,5578.7,0.66,0.0479,0.0316,0.056004540000000005
183,19,服务产业_5,service,59189,0.005,480,4667.9,0.43,0.0779,0.0335,0.056004540000000005
184,0,高科技_1,high_tech,33825,0.0051,332,7617.7,2.108,0.0178,0.0376,0.05813452999999998
184,1,高科技_2,high_tech,36534,0.0031,308,8168.2,0.469,0.0864,0.0406,0.05813452999999998
184,2,高科技_3,high_tech,22896,0.0029,174,8818.2,0.767,0.0332,0.0254,0.05813452999999998
184,3,高科技_4,high_tech,32864,0.0034,222,8959.9,0.962,0.0379,0.0365,0.05813452999999998
184,4,高科技_5,high_tech,27432,0.0031,156,8124.3,0.66,0.0462,0.0305,0.05813452999999998
184,5,传统制造_1,traditional,71359,0.0082,1363,3228.3,0.948,0.0836,0.0793,0.05813452999999998
184,6,传统制造_2,traditional,58011,0.007,2426,3365.1,2.457,0.0262,0.0644,0.05813452999999998
184,7,传统制造_3,traditional,51951,0.0029,1328,3134.9,0.778,0.0741,0.0577,0.05813452999999998
184,8,传统制造_4,traditional,47337,0.0026,313,3348.5,1.144,0.046,0.0526,0.05813452999999998
184,9,传统制造_5,traditional,69342,0.0078,740,3296.6,1.012,0.0761,0.077,0.05813452999999998
184,10,传统制造_6,traditional,70621,0.0014,2067,4258.7,1.343,0.0584,0.0784,0.05813452999999998
184,11,传统制造_7,traditional,81746,0.0045,509,3196.2,1.44,0.0631,0.0908,0.05813452999999998
184,12,传统制造_8,traditional,55233,0.0017,305,3594.7,1.237,0.0496,0.0613,0.05813452999999998
184,13,传统制造_9,traditional,47076,0.0024,247,4748.5,3.046,0.0172,0.0523,0.05813452999999998
184,14,传统制造_10,traditional,57549,0.0042,420,4268.6,2.768,0.0231,0.0639,0.05813452999999998
184,15,服务产业_1,service,21845,0.001,153,4948.2,0.804,0.0302,0.0243,0.05813452999999998
184,16,服务产业_2,service,22299,0.0014,603,6073.2,0.273,0.0906,0.0248,0.05813452999999998
184,17,服务产业_3,service,29599,0.0028,215,5423.1,2.251,0.0146,0.0329,0.05813452999999998
184,18,服务产业_4,service,33685,0.0021,376,6014.4,0.781,0.0479,0.0374,0.05813452999999998
184,19,服务产业_5,service,29194,0.0041,325,4238.8,0.416,0.0779,0.0324,0.05813452999999998
185,0,高科技_1,high_tech,67791,0.0056,351,8406.1,2.65,0.0178,0.0472,0.05694803
185,1,高科技_2,high_tech,49094,0.0028,419,6817.3,0.396,0.0864,0.0342,0.05694803
185,2,高科技_3,high_tech,60014,0.0089,456,9113.3,1.261,0.0332,0.0418,0.05694803
185,3,高科技_4,high_tech,46905,0.0076,314,8770.1,0.861,0.0379,0.0327,0.05694803
185,4,高科技_5,high_tech,70473,0.003,1231,8754.3,1.063,0.0462,0.0491,0.05694803
185,5,传统制造_1,traditional,74705,0.0035,512,3869.5,0.623,0.0836,0.052,0.05694803
185,6,传统制造_2,traditional,130974,0.01,1468,3549.4,3.481,0.0262,0.0913,0.05694803
185,7,传统制造_3,traditional,94541,0.0068,2055,5082.7,0.889,0.0741,0.0659,0.05694803
185,8,传统制造_4,traditional,78251,0.0049,584,4008.1,1.186,0.046,0.0545,0.05694803
185,9,传统制造_5,traditional,80953,0.0038,764,4836.8,0.741,0.0761,0.0564,0.05694803
185,10,传统制造_6,traditional,71833,0.0027,831,4146.1,0.857,0.0584,0.05,0.05694803
185,11,传统制造_7,traditional,108897,0.0034,1361,4122.6,1.203,0.0631,0.0759,0.05694803
185,12,传统制造_8,traditional,96039,0.0068,699,4173.7,1.35,0.0496,0.0669,0.05694803
185,13,传统制造_9,traditional,96095,0.0078,632,4143.0,3.901,0.0172,0.067,0.05694803
185,14,传统制造_10,traditional,97819,0.0084,576,5201.4,2.952,0.0231,0.0682,0.05694803
185,15,服务产业_1,service,39025,0.0079,416,4942.8,0.901,0.0302,0.0272,0.05694803
185,16,服务产业_2,service,44088,0.0028,1244,4945.6,0.339,0.0906,0.0307,0.05694803
185,17,服务产业_3,service,25689,0.0042,155,5685.6,1.226,0.0146,0.0179,0.05694803
185,18,服务产业_4,service,70689,0.0036,362,4556.0,1.028,0.0479,0.0493,0.05694803
185,19,服务产业_5,service,31399,0.0016,246,5530.6,0.281,0.0779,0.0219,0.05694803
186,0,高科技_1,high_tech,44462,0.0024,1407,6396.8,3.16,0.0178,0.0563,0.05563513
186,1,高科技_2,high_tech,39184,0.003,593,8737.6,0.574,0.0864,0.0496,0.05563513
186,2,高科技_3,high_tech,22734,0.0033,535,9146.4,0.868,0.0332,0.0288,0.05563513
186,3,高科技_4,high_tech,30257,0.0011,273,6313.9,1.01,0.0379,0.0383,0.05563513
186,4,高科技_5,high_tech,20828,0.0008,376,8109.5,0.571,0.0462,0.0264,0.05563513
186,5,传统制造_1,traditional,61992,0.005,1020,3563.5,0.939,0.0836,0.0785,0.05563513
186,6,传统制造_2,traditional,46231,0.0016,1158,3967.4,2.233,0.0262,0.0585,0.05563513
186,7,传统制造_3,traditional,34112,0.0028,1161,5000.8,0.583,0.0741,0.0432,0.05563513
186,8,传统制造_4,traditional,53048,0.0034,877,5109.9,1.462,0.046,0.0672,0.05563513
186,9,传统制造_5,traditional,63542,0.0046,581,3864.7,1.058,0.0761,0.0805,0.05563513
186,10,传统制造_6,traditional,37583,0.0019,646,4676.1,0.815,0.0584,0.0476,0.05563513
186,11,传统制造_7,traditional,50572,0.0016,453,4680.9,1.016,0.0631,0.064,0.05563513
186,12,传统制造_8,traditional,46117,0.0034,1342,3334.3,1.178,0.0496,0.0584,0.05563513
186,13,传统制造_9,traditional,62151,0.006,632,4564.1,4.586,0.0172,0.0787,0.05563513
186,14,传统制造_10,traditional,30633,0.0041,386,3213.4,1.68,0.0231,0.0388,0.05563513
186,15,服务产业_1,service,33212,0.002,1545,5944.9,1.393,0.0302,0.0421,0.05563513
186,16,服务产业_2,service,21310,0.0014,129,6233.0,0.298,0.0906,0.027,0.05563513
186,17,服务产业_3,service,24836,0.0016,231,4596.3,2.154,0.0146,0.0315,0.05563513
186,18,服务产业_4,service,31424,0.002,454,5177.7,0.831,0.0479,0.0398,0.05563513
186,19,服务产业_5,service,35436,0.0045,203,4642.5,0.576,0.0779,0.0449,0.05563513
187,0,高科技_1,high_tech,18058,0.0008,157,8701.6,1.133,0.0178,0.0202,0.05869068
187,1,高科技_2,high_tech,12481,0.0005,151,8487.8,0.161,0.0864,0.014,0.05869068
187,2,高科技_3,high_tech,38270,0.0017,246,8219.7,1.29,0.0332,0.0428,0.05869068
187,3,高科技_4,high_tech,42702,0.0017,742,8675.2,1.258,0.0379,0.0477,0.05869068
187,4,高科技_5,high_tech,40317,0.0041,385,7145.9,0.976,0.0462,0.0451,0.05869068
187,5,传统制造_1,traditional,72780,0.0073,420,4272.0,0.973,0.0836,0.0814,0.05869068
187,6,传统制造_2,traditional,48114,0.0034,245,3844.5,2.051,0.0262,0.0538,0.05869068
187,7,传统制造_3,traditional,63560,0.0051,712,3557.3,0.958,0.0741,0.071,0.05869068
187,8,传统制造_4,traditional,64882,0.0016,1333,4527.8,1.578,0.046,0.0725,0.05869068
187,9,传统制造_5,traditional,74206,0.0044,408,3567.0,1.09,0.0761,0.0829,0.05869068
187,10,传统制造_6,traditional,72452,0.0209,802,4954.0,1.387,0.0584,0.081,0.05869068
187,11,传统制造_7,traditional,69112,0.0049,670,5079.3,1.225,0.0631,0.0773,0.05869068
187,12,传统制造_8,traditional,53108,0.0032,430,4753.1,1.197,0.0496,0.0594,0.05869068
187,13,传统制造_9,traditional,38397,0.0026,427,3447.4,2.501,0.0172,0.0429,0.05869068
187,14,传统制造_10,traditional,35657,0.0017,224,3605.3,1.726,0.0231,0.0399,0.05869068
187,15,服务产业_1,service,31294,0.0037,260,5907.6,1.159,0.0302,0.035,0.05869068
187,16,服务产业_2,service,33350,0.0032,492,5443.2,0.411,0.0906,0.0373,0.05869068
187,17,服务产业_3,service,22546,0.0013,353,4326.0,1.726,0.0146,0.0252,0.05869068
187,18,服务产业_4,service,32225,0.0039,349,4166.6,0.752,0.0479,0.036,0.05869068
187,19,服务产业_5,service,31132,0.0054,294,4395.8,0.447,0.0779,0.0348,0.05869068
188,0,高科技_1,high_tech,17842,0.0019,107,7963.1,2.925,0.0178,0.0521,0.06027366999999999
188,1,高科技_2,high_tech,6186,0.0006,31,6068.0,0.209,0.0864,0.0181,0.06027366999999999
188,2,高科技_3,high_tech,13485,0.0006,162,8488.7,1.188,0.0332,0.0394,0.06027366999999999
188,3,高科技_4,high_tech,16299,0.0007,195,7661.3,1.255,0.0379,0.0476,0.06027366999999999
188,4,高科技_5,high_tech,13640,0.0017,104,7219.4,0.863,0.0462,0.0398,0.06027366999999999
188,5,传统制造_1,traditional,24665,0.0022,170,4073.6,0.862,0.0836,0.072,0.06027366999999999
188,6,传统制造_2,traditional,30130,0.0008,1485,3750.9,3.357,0.0262,0.088,0.06027366999999999
188,7,传统制造_3,traditional,21489,0.0019,288,3234.5,0.847,0.0741,0.0628,0.06027366999999999
188,8,传统制造_4,traditional,21640,0.0017,182,4163.6,1.375,0.046,0.0632,0.06027366999999999
188,9,传统制造_5,traditional,16170,0.0005,566,4590.9,0.621,0.0761,0.0472,0.06027366999999999
188,10,传统制造_6,traditional,27304,0.0023,165,3283.0,1.366,0.0584,0.0798,0.06027366999999999
188,11,传统制造_7,traditional,26770,0.001,165,3577.3,1.24,0.0631,0.0782,0.06027366999999999
188,12,传统制造_8,traditional,22696,0.0018,296,4212.5,1.337,0.0496,0.0663,0.06027366999999999
188,13,传统制造_9,traditional,21054,0.0015,212,3189.6,3.583,0.0172,0.0615,0.06027366999999999
188,14,传统制造_10,traditional,25393,0.0013,231,3323.3,3.213,0.0231,0.0742,0.06027366999999999
188,15,服务产业_1,service,11173,0.0004,83,5082.5,1.081,0.0302,0.0326,0.06027366999999999
188,16,服务产业_2,service,7644,0.001,67,5741.4,0.246,0.0906,0.0223,0.06027366999999999
188,17,服务产业_3,service,5602,0.0002,32,6023.2,1.121,0.0146,0.0164,0.06027366999999999
188,18,服务产业_4,service,6204,0.0004,56,4514.8,0.378,0.0479,0.0181,0.06027366999999999
188,19,服务产业_5,service,6946,0.0004,37,4220.4,0.26,0.0779,0.0203,0.06027366999999999
189,0,高科技_1,high_tech,3712,0.0001,28,8326.2,1.15,0.0178,0.0205,0.06065638000000001
189,1,高科技_2,high_tech,5524,0.0004,82,7485.7,0.353,0.0864,0.0305,0.06065638000000001
189,2,高科技_3,high_tech,8162,0.0013,63,6396.6,1.359,0.0332,0.045,0.06065638000000001
189,3,高科技_4,high_tech,7927,0.0005,40,8784.3,1.153,0.0379,0.0437,0.06065638000000001
189,4,高科技_5,high_tech,5612,0.0008,237,6640.2,0.67,0.0462,0.031,0.06065638000000001
189,5,传统制造_1,traditional,14203,0.0013,89,3229.8,0.938,0.0836,0.0784,0.06065638000000001
189,6,传统制造_2,traditional,12474,0.001,476,3384.5,2.626,0.0262,0.0688,0.06065638000000001
189,7,传统制造_3,traditional,15386,0.0009,447,4090.6,1.146,0.0741,0.0849,0.06065638000000001
189,8,传统制造_4,traditional,9037,0.0004,86,3056.8,1.085,0.046,0.0499,0.06065638000000001
189,9,传统制造_5,traditional,11541,0.0011,170,3377.4,0.837,0.0761,0.0637,0.06065638000000001
189,10,传统制造_6,traditional,10689,0.0006,64,4926.0,1.01,0.0584,0.059,0.06065638000000001
189,11,传统制造_7,traditional,12791,0.0007,86,3161.5,1.119,0.0631,0.0706,0.06065638000000001
189,12,传统制造_8,traditional,12647,0.0019,316,3608.1,1.408,0.0496,0.0698,0.06065638000000001
189,13,传统制造_9,traditional,11808,0.0013,121,3641.1,3.797,0.0172,0.0652,0.06065638000000001
189,14,传统制造_10,traditional,17130,0.0007,171,4490.7,4.095,0.0231,0.0945,0.06065638000000001
189,15,服务产业_1,service,3472,0.0003,33,4444.8,0.635,0.0302,0.0192,0.06065638000000001
189,16,服务产业_2,service,3828,0.0002,39,4740.8,0.233,0.0906,0.0211,0.06065638000000001
189,17,服务产业_3,service,6068,0.0008,84,5232.1,2.293,0.0146,0.0335,0.06065638000000001
189,18,服务产业_4,service,5349,0.0005,50,5798.4,0.616,0.0479,0.0295,0.06065638000000001
189,19,服务产业_5,service,3836,0.0002,20,4791.7,0.272,0.0779,0.0212,0.06065638000000001
190,0,高科技_1,high_tech,13500,0.0011,144,7985.3,2.089,0.0178,0.0372,0.06384795
190,1,高科技_2,high_tech,8445,0.0006,54,7430.0,0.269,0.0864,0.0233,0.06384795
190,2,高科技_3,high_tech,11326,0.0012,264,6192.0,0.942,0.0332,0.0312,0.06384795
190,3,高科技_4,high_tech,6870,0.0006,58,6628.5,0.499,0.0379,0.0189,0.06384795
190,4,高科技_5,high_tech,9942,0.0007,62,7668.3,0.593,0.0462,0.0274,0.06384795
190,5,传统制造_1,traditional,14366,0.0018,124,4432.4,0.474,0.0836,0.0396,0.06384795
190,6,传统制造_2,traditional,36845,0.0033,400,3855.9,3.875,0.0262,0.1016,0.06384795
190,7,传统制造_3,traditional,24973,0.0017,169,4339.8,0.929,0.0741,0.0689,0.06384795
190,8,传统制造_4,traditional,27781,0.0016,708,3781.9,1.667,0.046,0.0766,0.06384795
190,9,传统制造_5,traditional,20911,0.0013,197,4341.6,0.758,0.0761,0.0577,0.06384795
190,10,传统制造_6,traditional,27744,0.0036,216,4182.0,1.31,0.0584,0.0765,0.06384795
190,11,传统制造_7,traditional,28990,0.0007,799,3281.0,1.268,0.0631,0.0799,0.06384795
190,12,传统制造_8,traditional,29806,0.0026,209,4702.5,1.658,0.0496,0.0822,0.06384795
190,13,传统制造_9,traditional,24690,0.0026,702,3891.3,3.967,0.0172,0.0681,0.06384795
190,14,传统制造_10,traditional,30203,0.0033,514,4453.3,3.607,0.0231,0.0833,0.06384795
190,15,服务产业_1,service,9334,0.0004,103,4955.7,0.853,0.0302,0.0257,0.06384795
190,16,服务产业_2,service,12036,0.0007,181,5790.3,0.366,0.0906,0.0332,0.06384795
190,17,服务产业_3,service,11139,0.0014,77,4883.5,2.103,0.0146,0.0307,0.06384795
190,18,服务产业_4,service,7773,0.0002,65,4344.8,0.447,0.0479,0.0214,0.06384795
190,19,服务产业_5,service,5971,0.0004,33,5188.6,0.211,0.0779,0.0165,0.06384795
191,0,高科技_1,high_tech,72799,0.0074,450,7287.6,3.22,0.0178,0.0574,0.0554316
191,1,高科技_2,high_tech,22318,0.0021,147,8730.2,0.204,0.0864,0.0176,0.0554316
191,2,高科技_3,high_tech,41246,0.0035,206,8129.4,0.981,0.0332,0.0325,0.0554316
191,3,高科技_4,high_tech,54764,0.0037,711,7482.9,1.138,0.0379,0.0432,0.0554316
191,4,高科技_5,high_tech,70900,0.005,939,6503.4,1.21,0.0462,0.0559,0.0554316
191,5,传统制造_1,traditional,94183,0.007,711,4452.1,0.888,0.0836,0.0742,0.0554316
191,6,传统制造_2,traditional,63717,0.0027,335,4304.4,1.916,0.0262,0.0502,0.0554316
191,7,传统制造_3,traditional,87931,0.0075,732,4325.6,0.935,0.0741,0.0693,0.0554316
191,8,传统制造_4,traditional,98153,0.0104,764,4200.5,1.683,0.046,0.0774,0.0554316
191,9,传统制造_5,traditional,69278,0.0052,438,3706.0,0.718,0.0761,0.0546,0.0554316
191,10,传统制造_6,traditional,72024,0.0047,3155,3795.0,0.972,0.0584,0.0568,0.0554316
191,11,传统制造_7,traditional,74827,0.0028,782,4398.5,0.935,0.0631,0.059,0.0554316
191,12,传统制造_8,traditional,72385,0.0018,885,3176.7,1.151,0.0496,0.0571,0.0554316
191,13,传统制造_9,traditional,80647,0.0085,451,3663.3,3.704,0.0172,0.0636,0.0554316
191,14,传统制造_10,traditional,84112,0.0062,3477,3705.5,2.872,0.0231,0.0663,0.0554316
191,15,服务产业_1,service,46043,0.0046,258,5026.9,1.202,0.0302,0.0363,0.0554316
191,16,服务产业_2,service,51478,0.0061,490,5995.0,0.448,0.0906,0.0406,0.0554316
191,17,服务产业_3,service,42268,0.0068,1550,6162.6,2.282,0.0146,0.0333,0.0554316
191,18,服务产业_4,service,34150,0.0036,1481,4411.4,0.562,0.0479,0.0269,0.0554316
191,19,服务产业_5,service,35287,0.0032,618,5487.9,0.357,0.0779,0.0278,0.0554316
192,0,高科技_1,high_tech,44991,0.0016,321,8484.9,2.469,0.0178,0.044,0.05477107
192,1,高科技_2,high_tech,43401,0.002,602,7190.9,0.491,0.0864,0.0424,0.05477107
192,2,高科技_3,high_tech,56740,0.0014,330,7533.7,1.674,0.0332,0.0555,0.05477107
192,3,高科技_4,high_tech,49531,0.0015,252,7144.4,1.277,0.0379,0.0484,0.05477107
192,4,高科技_5,high_tech,38345,0.0048,287,7317.8,0.812,0.0462,0.0375,0.05477107
192,5,传统制造_1,traditional,63276,0.0069,953,4336.9,0.741,0.0836,0.0619,0.05477107
192,6,传统制造_2,traditional,51620,0.0021,640,4868.2,1.926,0.0262,0.0505,0.05477107
192,7,传统制造_3,traditional,88073,0.0098,530,3470.3,1.162,0.0741,0.0861,0.05477107
192,8,传统制造_4,traditional,50827,0.0041,464,3505.5,1.082,0.046,0.0497,0.05477107
192,9,传统制造_5,traditional,40447,0.0041,267,4989.3,0.52,0.0761,0.0396,0.05477107
192,10,传统制造_6,traditional,76216,0.0057,428,5054.7,1.277,0.0584,0.0745,0.05477107
192,11,传统制造_7,traditional,65714,0.0034,1992,4721.9,1.019,0.0631,0.0643,0.05477107
192,12,传统制造_8,traditional,68007,0.0059,422,4215.0,1.342,0.0496,0.0665,0.05477107
192,13,传统制造_9,traditional,67001,0.002,1682,4308.6,3.818,0.0172,0.0655,0.05477107
192,14,传统制造_10,traditional,50923,0.0032,422,5134.8,2.157,0.0231,0.0498,0.05477107
192,15,服务产业_1,service,33546,0.0016,222,4747.1,1.087,0.0302,0.0328,0.05477107
192,16,服务产业_2,service,28235,0.0018,316,5455.5,0.305,0.0906,0.0276,0.05477107
192,17,服务产业_3,service,27160,0.0025,289,5625.7,1.819,0.0146,0.0266,0.05477107
192,18,服务产业_4,service,41641,0.006,435,4235.6,0.85,0.0479,0.0407,0.05477107
192,19,服务产业_5,service,36788,0.0049,207,4274.6,0.462,0.0779,0.036,0.05477107
193,0,高科技_1,high_tech,5395,0.0004,44,8877.9,0.917,0.0178,0.0163,0.059193159999999995
193,1,高科技_2,high_tech,11086,0.0007,109,7957.8,0.389,0.0864,0.0336,0.059193159999999995
193,2,高科技_3,high_tech,8671,0.001,67,7196.1,0.792,0.0332,0.0263,0.059193159999999995
193,3,高科技_4,high_tech,9609,0.0005,81,8141.5,0.767,0.0379,0.0291,0.059193159999999995
193,4,高科技_5,high_tech,12586,0.0007,193,8943.4,0.825,0.0462,0.0381,0.059193159999999995
193,5,传统制造_1,traditional,25997,0.0011,937,3134.9,0.942,0.0836,0.0787,0.059193159999999995
193,6,传统制造_2,traditional,20927,0.002,264,4747.3,2.418,0.0262,0.0634,0.059193159999999995
193,7,传统制造_3,traditional,24122,0.0006,477,3755.7,0.986,0.0741,0.0731,0.059193159999999995
193,8,传统制造_4,traditional,21625,0.0008,299,4929.5,1.425,0.046,0.0655,0.059193159999999995
193,9,传统制造_5,traditional,26107,0.0019,229,4772.9,1.039,0.0761,0.0791,0.059193159999999995
193,10,传统制造_6,traditional,22842,0.0024,145,3870.4,1.185,0.0584,0.0692,0.059193159999999995
193,11,传统制造_7,traditional,18707,0.0007,141,4759.9,0.899,0.0631,0.0567,0.059193159999999995
193,12,传统制造_8,traditional,20508,0.0013,121,3486.3,1.253,0.0496,0.0621,0.059193159999999995
193,13,传统制造_9,traditional,22654,0.001,188,3903.5,3.998,0.0172,0.0686,0.059193159999999995
193,14,传统制造_10,traditional,27003,0.0037,217,4928.2,3.542,0.0231,0.0818,0.059193159999999995
193,15,服务产业_1,service,13777,0.0019,267,5710.3,1.382,0.0302,0.0417,0.059193159999999995
193,16,服务产业_2,service,8395,0.0018,121,4218.9,0.281,0.0906,0.0254,0.059193159999999995
193,17,服务产业_3,service,5608,0.0004,35,4535.4,1.163,0.0146,0.017,0.059193159999999995
193,18,服务产业_4,service,13124,0.0007,95,5413.0,0.83,0.0479,0.0398,0.059193159999999995
193,19,服务产业_5,service,11403,0.0008,62,5823.0,0.443,0.0779,0.0345,0.059193159999999995
194,0,高科技_1,high_tech,16617,0.0023,272,7443.9,1.616,0.0178,0.0288,0.05886766
194,1,高科技_2,high_tech,32480,0.0042,263,8016.9,0.651,0.0864,0.0563,0.05886766
194,2,高科技_3,high_tech,13792,0.0003,425,6244.5,0.721,0.0332,0.0239,0.05886766
194,3,高科技_4,high_tech,13183,0.0011,128,6802.4,0.602,0.0379,0.0228,0.05886766
194,4,高科技_5,high_tech,21634,0.0017,172,7431.1,0.812,0.0462,0.0375,0.05886766
194,5,传统制造_1,traditional,44909,0.0044,566,3458.0,0.931,0.0836,0.0778,0.05886766
194,6,传统制造_2,traditional,40518,0.0033,252,4853.6,2.678,0.0262,0.0702,0.05886766
194,7,传统制造_3,traditional,46148,0.0026,306,4934.3,1.079,0.0741,0.08,0.05886766
194,8,传统制造_4,traditional,39228,0.0014,1002,5133.9,1.479,0.046,0.068,0.05886766
194,9,传统制造_5,traditional,24951,0.0023,330,3157.8,0.568,0.0761,0.0432,0.05886766
194,10,传统制造_6,traditional,40806,0.0062,226,4070.9,1.211,0.0584,0.0707,0.05886766
194,11,传统制造_7,traditional,29522,0.0016,404,4690.2,0.811,0.0631,0.0512,0.05886766
194,12,传统制造_8,traditional,42450,0.002,236,4437.9,1.484,0.0496,0.0736,0.05886766
194,13,传统制造_9,traditional,31793,0.0024,1194,3106.5,3.21,0.0172,0.0551,0.05886766
194,14,传统制造_10,traditional,46813,0.0012,721,4131.2,3.513,0.0231,0.0811,0.05886766
194,15,服务产业_1,service,26828,0.0018,767,5387.6,1.54,0.0302,0.0465,0.05886766
194,16,服务产业_2,service,11378,0.0014,73,4154.9,0.218,0.0906,0.0197,0.05886766
194,17,服务产业_3,service,9810,0.0006,196,5093.0,1.164,0.0146,0.017,0.05886766
194,18,服务产业_4,service,18535,0.0026,111,4218.4,0.67,0.0479,0.0321,0.05886766
194,19,服务产业_5,service,25699,0.003,1101,5353.3,0.571,0.0779,0.0445,0.05886766
195,0,高科技_1,high_tech,40003,0.007,635,8321.6,2.537,0.0178,0.0452,0.05972769999999999
195,1,高科技_2,high_tech,38156,0.004,286,7215.3,0.499,0.0864,0.0431,0.05972769999999999
195,2,高科技_3,high_tech,24470,0.0022,199,8405.4,0.834,0.0332,0.0277,0.05972769999999999
195,3,高科技_4,high_tech,23875,0.0015,127,6855.7,0.711,0.0379,0.027,0.05972769999999999
195,4,高科技_5,high_tech,23152,0.0011,373,8829.7,0.567,0.0462,0.0262,0.05972769999999999
195,5,传统制造_1,traditional,53459,0.0015,1526,3604.2,0.723,0.0836,0.0604,0.05972769999999999
195,6,传统制造_2,traditional,50200,0.0076,1270,3510.7,2.164,0.0262,0.0567,0.05972769999999999
195,7,传统制造_3,traditional,67060,0.0076,404,4285.2,1.023,0.0741,0.0758,0.05972769999999999
195,8,传统制造_4,traditional,66141,0.0051,626,3427.1,1.627,0.046,0.0748,0.05972769999999999
195,9,传统制造_5,traditional,52986,0.0029,418,3468.8,0.787,0.0761,0.0599,0.05972769999999999
195,10,传统制造_6,traditional,61260,0.0057,346,3988.7,1.186,0.0584,0.0692,0.05972769999999999
195,11,传统制造_7,traditional,65073,0.0087,580,4684.8,1.167,0.0631,0.0736,0.05972769999999999
195,12,传统制造_8,traditional,79345,0.0179,663,4126.8,1.809,0.0496,0.0897,0.05972769999999999
195,13,传统制造_9,traditional,62804,0.0095,380,4114.2,4.136,0.0172,0.071,0.05972769999999999
195,14,传统制造_10,traditional,61122,0.0062,523,4811.8,2.993,0.0231,0.0691,0.05972769999999999
195,15,服务产业_1,service,10797,0.0009,169,4296.0,0.404,0.0302,0.0122,0.05972769999999999
195,16,服务产业_2,service,33982,0.0014,253,4305.2,0.424,0.0906,0.0384,0.05972769999999999
195,17,服务产业_3,service,27424,0.0035,142,5212.3,2.123,0.0146,0.031,0.05972769999999999
195,18,服务产业_4,service,21925,0.0016,135,5937.9,0.517,0.0479,0.0248,0.05972769999999999
195,19,服务产业_5,service,21407,0.0014,207,4405.8,0.311,0.0779,0.0242,0.05972769999999999
196,0,高科技_1,high_tech,17334,0.0007,91,7057.9,2.768,0.0178,0.0493,0.05796389999999999
196,1,高科技_2,high_tech,21805,0.0019,319,6626.9,0.718,0.0864,0.062,0.05796389999999999
196,2,高科技_3,high_tech,6122,0.0008,66,7317.5,0.525,0.0332,0.0174,0.05796389999999999
196,3,高科技_4,high_tech,15669,0.0016,79,6669.2,1.175,0.0379,0.0446,0.05796389999999999
196,4,高科技_5,high_tech,12950,0.0006,182,8072.0,0.798,0.0462,0.0369,0.05796389999999999
196,5,传统制造_1,traditional,21188,0.0012,280,4799.4,0.721,0.0836,0.0603,0.05796389999999999
196,6,传统制造_2,traditional,21976,0.0015,125,4285.9,2.385,0.0262,0.0625,0.05796389999999999
196,7,传统制造_3,traditional,19516,0.0012,122,3684.4,0.749,0.0741,0.0555,0.05796389999999999
196,8,传统制造_4,traditional,17485,0.002,112,3806.9,1.083,0.046,0.0498,0.05796389999999999
196,9,传统制造_5,traditional,25885,0.0017,440,3245.3,0.968,0.0761,0.0737,0.05796389999999999
196,10,传统制造_6,traditional,32605,0.003,252,4599.5,1.589,0.0584,0.0928,0.05796389999999999
196,11,传统制造_7,traditional,25728,0.0028,139,4569.2,1.161,0.0631,0.0732,0.05796389999999999
196,12,传统制造_8,traditional,24858,0.001,167,3529.0,1.427,0.0496,0.0707,0.05796389999999999
196,13,传统制造_9,traditional,21036,0.0013,130,3714.9,3.488,0.0172,0.0599,0.05796389999999999
196,14,传统制造_10,traditional,19561,0.0011,287,3795.8,2.411,0.0231,0.0557,0.05796389999999999
196,15,服务产业_1,service,10261,0.0005,154,4496.4,0.967,0.0302,0.0292,0.05796389999999999
196,16,服务产业_2,service,7580,0.0009,231,4639.2,0.238,0.0906,0.0216,0.05796389999999999
196,17,服务产业_3,service,13072,0.0008,107,5807.5,2.547,0.0146,0.0372,0.05796389999999999
196,18,服务产业_4,service,8732,0.0004,53,4793.3,0.519,0.0479,0.0248,0.05796389999999999
196,19,服务产业_5,service,8054,0.0003,46,4960.5,0.294,0.0779,0.0229,0.05796389999999999
197,0,高科技_1,high_tech,55163,0.0031,552,8018.9,3.215,0.0178,0.0573,0.05506711999999999
197,1,高科技_2,high_tech,57697,0.0045,1332,7557.5,0.693,0.0864,0.0599,0.05506711999999999
197,2,高科技_3,high_tech,32871,0.0038,304,7487.9,1.03,0.0332,0.0341,0.05506711999999999
197,3,高科技_4,high_tech,27155,0.0017,424,9127.2,0.743,0.0379,0.0282,0.05506711999999999
197,4,高科技_5,high_tech,44918,0.0031,239,8081.4,1.01,0.0462,0.0467,0.05506711999999999
197,5,传统制造_1,traditional,50280,0.0045,313,3271.0,0.625,0.0836,0.0522,0.05506711999999999
197,6,传统制造_2,traditional,64699,0.0048,1921,4920.8,2.563,0.0262,0.0672,0.05506711999999999
197,7,传统制造_3,traditional,52933,0.0032,315,4556.9,0.742,0.0741,0.055,0.05506711999999999
197,8,传统制造_4,traditional,59055,0.0043,1734,4996.8,1.335,0.046,0.0613,0.05506711999999999
197,9,传统制造_5,traditional,63229,0.0037,485,3408.2,0.863,0.0761,0.0657,0.05506711999999999
197,10,传统制造_6,traditional,58542,0.0026,1266,3252.7,1.041,0.0584,0.0608,0.05506711999999999
197,11,传统制造_7,traditional,74046,0.0059,418,4208.9,1.22,0.0631,0.0769,0.05506711999999999
197,12,传统制造_8,traditional,67593,0.01,838,4082.6,1.416,0.0496,0.0702,0.05506711999999999
197,13,传统制造_9,traditional,51938,0.0008,1362,4983.2,3.143,0.0172,0.0539,0.05506711999999999
197,14,传统制造_10,traditional,53076,0.007,428,4823.5,2.388,0.0231,0.0551,0.05506711999999999
197,15,服务产业_1,service,25451,0.0019,1166,4498.5,0.876,0.0302,0.0264,0.05506711999999999
197,16,服务产业_2,service,40225,0.0015,211,4926.9,0.461,0.0906,0.0418,0.05506711999999999
197,17,服务产业_3,service,35937,0.0016,184,5454.3,2.556,0.0146,0.0373,0.05506711999999999
197,18,服务产业_4,service,15286,0.0009,281,4218.7,0.331,0.0479,0.0159,0.05506711999999999
197,19,服务产业_5,service,32671,0.0042,236,6114.3,0.435,0.0779,0.0339,0.05506711999999999
198,0,高科技_1,high_tech,25217,0.0037,312,8779.5,2.249,0.0178,0.0401,0.057782209999999994
198,1,高科技_2,high_tech,20280,0.0042,382,8671.8,0.373,0.0864,0.0322,0.057782209999999994
198,2,高科技_3,high_tech,20730,0.0017,155,6972.5,0.994,0.0332,0.0329,0.057782209999999994
198,3,高科技_4,high_tech,26509,0.0025,588,8330.1,1.11,0.0379,0.0421,0.057782209999999994
198,4,高科技_5,high_tech,28559,0.0008,370,8894.0,0.983,0.0462,0.0454,0.057782209999999994
198,5,传统制造_1,traditional,48820,0.004,271,3641.9,0.928,0.0836,0.0776,0.057782209999999994
198,6,传统制造_2,traditional,39887,0.0021,241,3337.5,2.418,0.0262,0.0634,0.057782209999999994
198,7,传统制造_3,traditional,42531,0.0044,271,4218.7,0.912,0.0741,0.0676,0.057782209999999994
198,8,传统制造_4,traditional,36473,0.0031,667,3476.7,1.261,0.046,0.058,0.057782209999999994
198,9,传统制造_5,traditional,48038,0.0023,477,5057.2,1.003,0.0761,0.0763,0.057782209999999994
198,10,传统制造_6,traditional,33664,0.0025,384,4892.4,0.916,0.0584,0.0535,0.057782209999999994
198,11,传统制造_7,traditional,43352,0.0058,1254,5122.5,1.093,0.0631,0.0689,0.057782209999999994
198,12,传统制造_8,traditional,48805,0.0085,672,3427.9,1.565,0.0496,0.0776,0.057782209999999994
198,13,传统制造_9,traditional,42552,0.0097,298,3820.6,3.94,0.0172,0.0676,0.057782209999999994
198,14,传统制造_10,traditional,43998,0.0021,378,4285.6,3.029,0.0231,0.0699,0.057782209999999994
198,15,服务产业_1,service,17958,0.001,180,4129.1,0.946,0.0302,0.0285,0.057782209999999994
198,16,服务产业_2,service,10340,0.0003,230,5289.7,0.181,0.0906,0.0164,0.057782209999999994
198,17,服务产业_3,service,16027,0.0011,113,5169.0,1.744,0.0146,0.0255,0.057782209999999994
198,18,服务产业_4,service,19487,0.003,459,4547.3,0.646,0.0479,0.031,0.057782209999999994
198,19,服务产业_5,service,15953,0.0026,734,6119.5,0.325,0.0779,0.0254,0.057782209999999994
199,0,高科技_1,high_tech,11491,0.0006,128,6118.6,2.144,0.0178,0.0382,0.05766314
199,1,高科技_2,high_tech,8201,0.0011,59,8395.6,0.316,0.0864,0.0273,0.05766314
199,2,高科技_3,high_tech,11855,0.0003,148,7997.4,1.189,0.0332,0.0394,0.05766314
199,3,高科技_4,high_tech,12628,0.001,158,7858.5,1.107,0.0379,0.042,0.05766314
199,4,高科技_5,high_tech,16203,0.0011,501,8689.7,1.166,0.0462,0.0539,0.05766314
199,5,传统制造_1,traditional,13938,0.0014,201,5016.2,0.555,0.0836,0.0463,0.05766314
199,6,传统制造_2,traditional,22884,0.0015,171,3583.0,2.902,0.0262,0.0761,0.05766314
199,7,传统制造_3,traditional,17090,0.0023,486,4083.4,0.767,0.0741,0.0568,0.05766314
199,8,传统制造_4,traditional,24644,0.0023,193,4529.6,1.783,0.046,0.0819,0.05766314
199,9,传统制造_5,traditional,20296,0.0014,457,4482.3,0.887,0.0761,0.0675,0.05766314
199,10,传统制造_6,traditional,19465,0.0015,113,3997.3,1.109,0.0584,0.0647,0.05766314
199,11,传统制造_7,traditional,22531,0.0012,383,3917.9,1.188,0.0631,0.0749,0.05766314
199,12,传统制造_8,traditional,22620,0.0021,175,4422.1,1.517,0.0496,0.0752,0.05766314
199,13,传统制造_9,traditional,17515,0.0019,102,3329.7,3.394,0.0172,0.0582,0.05766314
199,14,传统制造_10,traditional,19312,0.0017,182,3835.6,2.781,0.0231,0.0642,0.05766314
199,15,服务产业_1,service,6749,0.0006,35,5683.1,0.743,0.0302,0.0224,0.05766314
199,16,服务产业_2,service,8226,0.0008,147,4055.5,0.302,0.0906,0.0274,0.05766314
199,17,服务产业_3,service,9791,0.0013,145,4308.7,2.229,0.0146,0.0326,0.05766314
199,18,服务产业_4,service,10989,0.0007,55,5755.1,0.763,0.0479,0.0365,0.05766314
199,19,服务产业_5,service,4303,0.0003,132,4321.0,0.184,0.0779,0.0143,0.05766314
