firm_id,city_id,industry_id,size_class,employees,revenue_million,profit_million,profit_margin,tfp,agglomeration_spillover,export_ratio,rd_ratio,supply_chain_distance,age,city_population
0,65,17,micro,16,0.0,0.0,0.076,1.389,0.258,0.098,0.019,5.0,35,576.08
1,161,1,large,252,0.01,0.01,0.487,1.34,0.189,0.098,0.073,11.7,12,326.06
2,149,9,medium,11,0.0,0.0,0.752,1.289,0.21,0.054,0.022,57.4,55,199.73
3,128,3,micro,24,0.0,0.0,0.286,0.764,0.129,0.08,0.065,18.5,17,163.96
4,179,16,small,6,0.0,0.0,0.62,1.243,0.383,0.267,0.04,81.4,2,1808.04
5,6,19,small,49,0.0,0.0,0.257,1.043,0.189,0.05,0.025,33.5,7,719.97
6,39,18,small,15,0.0,0.0,0.516,0.763,0.163,0.099,0.031,45.8,3,180.7
7,47,10,small,35,0.0,0.0,0.11,0.754,0.21,0.117,0.015,15.2,1,427.14
8,7,10,medium,60,0.01,0.0,0.256,1.266,0.129,0.143,0.032,23.6,9,319.72
9,125,18,large,74,0.0,0.0,0.146,1.673,0.292,0.147,0.034,86.6,4,1326.71
10,53,14,large,387,0.02,0.0,0.081,1.161,0.21,0.026,0.026,214.2,8,273.6
11,113,1,small,8,0.0,0.0,0.268,1.653,0.368,0.165,0.089,36.8,3,1742.79
12,141,2,small,53,0.01,0.0,0.048,1.553,0.244,0.173,0.064,63.4,1,548.48
13,125,19,micro,6,0.0,0.0,0.181,1.361,0.258,0.14,0.031,40.5,2,1326.71
14,70,7,micro,17,0.0,0.0,0.069,1.245,0.129,0.015,0.021,35.4,7,213.02
15,96,3,small,18,0.0,0.0,0.704,0.977,0.163,0.053,0.058,88.2,28,199.56
16,76,14,micro,18,0.0,0.0,0.357,1.218,0.163,0.109,0.014,69.8,2,161.91
17,174,17,small,12,0.0,0.0,0.456,1.552,0.129,0.108,0.019,0.6,6,195.72
18,98,4,micro,20,0.0,0.0,0.876,0.766,0.21,0.184,0.055,117.8,20,149.17
19,8,5,large,574,0.05,0.01,0.243,1.371,0.163,0.067,0.02,42.0,5,92.81
20,125,17,small,5,0.0,0.0,0.127,0.642,0.282,0.238,0.035,138.4,3,1326.71
21,50,0,micro,44,0.0,0.0,0.321,0.724,0.189,0.043,0.054,8.6,2,205.22
22,75,18,small,29,0.0,0.0,0.126,0.773,0.163,0.217,0.033,83.0,21,337.61
23,73,0,medium,42,0.0,0.0,0.388,1.537,0.21,0.232,0.067,114.5,3,709.56
24,12,1,micro,6,0.0,0.0,0.187,1.482,0.129,0.066,0.066,22.7,1,189.04
25,183,17,small,8,0.0,0.0,0.425,0.639,0.189,0.015,0.026,6.9,8,240.44
26,118,4,micro,1,0.0,0.0,0.121,0.902,0.189,0.087,0.068,9.0,7,465.37
27,35,4,large,244,0.02,0.0,0.237,0.969,0.129,0.13,0.067,18.4,9,43.78
28,119,16,micro,6,0.0,0.0,0.072,0.904,0.21,0.174,0.016,35.4,12,314.8
29,106,10,small,48,0.0,0.0,0.099,0.813,0.163,0.089,0.036,31.8,17,978.66
30,78,7,small,35,0.0,0.0,0.243,0.542,0.21,0.009,0.014,5.6,9,162.68
31,111,14,medium,6,0.0,0.0,0.541,0.736,0.163,0.076,0.029,43.1,3,144.53
32,138,16,micro,13,0.0,0.0,0.102,0.88,0.129,0.027,0.029,3.9,14,334.79
33,50,17,micro,1,0.0,0.0,0.214,0.759,0.129,0.15,0.018,9.1,6,205.22
34,115,2,micro,5,0.0,0.0,0.631,1.421,0.163,0.021,0.057,108.6,17,200.65
35,167,11,medium,7,0.0,0.0,0.695,1.361,0.282,0.157,0.025,10.9,16,989.1
36,55,13,small,20,0.0,0.0,0.129,1.036,0.163,0.039,0.021,15.8,4,376.64
37,113,2,large,168,0.01,0.0,0.493,1.065,0.387,0.199,0.07,45.0,2,1742.79
38,186,12,micro,7,0.0,0.0,0.144,1.406,0.21,0.042,0.015,63.8,7,238.23
39,164,0,micro,17,0.0,0.0,0.451,0.834,0.189,0.121,0.054,85.9,1,388.92
40,125,6,large,457,0.01,0.01,0.547,1.264,0.292,0.098,0.035,31.3,3,1326.71
41,156,3,small,10,0.0,0.0,0.396,0.663,0.292,0.202,0.078,52.5,2,958.89
42,113,11,micro,15,0.0,0.0,0.389,1.022,0.378,0.188,0.041,57.7,38,1742.79
43,194,3,micro,3,0.0,0.0,0.397,1.167,0.189,0.166,0.07,91.6,8,176.48
44,40,15,small,29,0.0,0.0,0.267,1.115,0.21,0.067,0.031,69.8,1,310.59
45,151,2,micro,3,0.0,0.0,0.112,1.223,0.129,0.136,0.054,115.8,2,209.86
46,1,15,small,31,0.0,0.0,0.205,1.146,0.163,0.181,0.025,0.6,20,129.25
47,31,1,medium,6,0.0,0.0,0.12,0.797,0.258,0.148,0.079,1.0,24,946.03
48,151,8,medium,21,0.0,0.0,0.318,0.982,0.129,0.026,0.026,158.5,7,209.86
49,156,13,small,11,0.0,0.0,0.193,1.474,0.282,0.145,0.026,10.7,20,958.89
50,6,3,medium,245,0.01,0.0,0.525,1.21,0.228,0.121,0.06,47.6,25,719.97
51,75,15,medium,26,0.0,0.0,0.342,1.068,0.189,0.04,0.028,26.9,1,337.61
52,30,19,small,12,0.0,0.0,0.406,0.489,0.163,0.008,0.013,33.8,29,81.31
53,179,7,small,12,0.0,0.0,0.278,1.73,0.368,0.194,0.047,11.9,57,1808.04
54,106,0,small,21,0.0,0.0,0.111,1.439,0.27,0.13,0.062,15.6,18,978.66
55,106,9,micro,7,0.0,0.0,0.328,1.276,0.292,0.22,0.035,94.6,13,978.66
56,167,18,medium,44,0.0,0.0,0.462,1.002,0.189,0.187,0.04,82.8,16,989.1
57,144,13,large,53,0.01,0.0,0.067,1.557,0.129,0.163,0.025,12.0,20,192.46
58,179,14,large,359,0.04,0.0,0.118,1.231,0.318,0.163,0.046,1.0,3,1808.04
59,179,15,medium,16,0.0,0.0,0.169,0.87,0.326,0.194,0.035,22.8,21,1808.04
60,73,18,medium,9,0.0,0.0,0.505,0.956,0.27,0.204,0.018,155.3,2,709.56
61,135,2,micro,7,0.0,0.0,0.061,1.106,0.292,0.048,0.076,27.4,25,699.2
62,118,11,medium,59,0.0,0.0,0.29,1.02,0.163,0.098,0.016,118.3,4,465.37
63,125,17,medium,169,0.0,0.0,0.183,1.108,0.282,0.095,0.036,134.7,1,1326.71
64,125,15,micro,12,0.0,0.0,0.189,1.297,0.333,0.265,0.034,106.4,17,1326.71
65,7,4,medium,27,0.0,0.0,0.158,0.606,0.163,0.06,0.067,49.9,3,319.72
66,179,17,medium,106,0.01,0.0,0.133,1.511,0.292,0.272,0.039,9.6,4,1808.04
67,31,5,small,18,0.0,0.0,0.306,1.633,0.163,0.238,0.037,67.5,1,946.03
68,101,8,micro,18,0.0,0.0,0.271,0.747,0.163,0.086,0.021,2.1,12,97.45
69,70,3,micro,9,0.0,0.0,0.091,0.99,0.163,0.062,0.06,2.5,18,213.02
70,119,17,micro,26,0.0,0.0,0.281,0.866,0.163,0.105,0.02,13.2,3,314.8
71,185,1,micro,4,0.0,0.0,0.36,0.785,0.21,0.031,0.058,16.0,5,303.08
72,96,19,micro,15,0.0,0.0,0.199,0.982,0.163,0.188,0.032,30.9,11,199.56
73,125,6,large,108,0.01,0.0,0.143,1.172,0.292,0.156,0.044,84.9,10,1326.71
74,31,14,small,66,0.01,0.0,0.347,1.386,0.258,0.078,0.031,42.1,4,946.03
75,107,2,small,18,0.0,0.0,0.258,1.09,0.129,0.138,0.065,189.8,1,176.72
76,179,9,medium,121,0.01,0.0,0.231,1.281,0.339,0.106,0.041,10.6,8,1808.04
77,179,0,medium,209,0.03,0.01,0.419,1.962,0.31,0.185,0.071,27.4,9,1808.04
78,118,17,small,7,0.0,0.0,0.498,1.348,0.189,0.201,0.02,81.4,13,465.37
79,159,8,small,3,0.0,0.0,0.616,1.201,0.163,0.155,0.026,21.3,2,286.16
80,0,14,medium,120,0.01,0.0,0.319,1.268,0.129,0.114,0.021,3.9,6,243.89
81,113,17,small,54,0.0,0.0,0.498,0.918,0.326,0.277,0.041,30.4,6,1742.79
82,155,1,medium,48,0.0,0.0,0.546,1.151,0.163,0.191,0.07,9.0,11,72.65
83,73,10,small,50,0.0,0.0,0.307,0.985,0.282,0.052,0.033,70.5,25,709.56
84,179,3,medium,141,0.01,0.0,0.122,1.55,0.352,0.118,0.078,50.7,10,1808.04
85,162,1,micro,1,0.0,0.0,0.361,1.299,0.21,0.057,0.072,24.7,14,472.76
86,159,12,micro,16,0.0,0.0,0.337,1.126,0.189,0.049,0.026,26.4,25,286.16
87,3,2,small,204,0.02,0.01,0.698,1.542,0.129,0.236,0.071,3.5,8,680.64
88,47,9,medium,83,0.0,0.0,0.301,0.763,0.163,0.158,0.027,0.6,11,427.14
89,149,3,micro,16,0.0,0.0,0.144,1.405,0.189,0.137,0.059,2.0,8,199.73
90,120,3,small,4,0.0,0.0,0.144,0.634,0.163,0.145,0.06,7.7,6,327.35
91,122,10,micro,6,0.0,0.0,0.049,0.87,0.228,0.222,0.024,25.3,5,603.53
92,3,11,micro,6,0.0,0.0,0.569,1.056,0.258,0.078,0.033,178.8,19,680.64
93,106,0,small,20,0.0,0.0,0.119,1.462,0.27,0.232,0.061,182.2,3,978.66
94,162,10,small,32,0.0,0.0,0.52,0.653,0.244,0.209,0.028,40.8,1,472.76
95,137,13,micro,3,0.0,0.0,0.472,1.11,0.129,0.2,0.027,7.6,17,107.55
96,122,13,medium,257,0.02,0.0,0.116,1.215,0.228,0.081,0.02,20.2,6,603.53
97,144,16,medium,19,0.0,0.0,0.165,1.711,0.189,0.114,0.026,73.0,7,192.46
98,173,17,micro,12,0.0,0.0,0.468,1.135,0.228,0.168,0.022,4.6,6,208.75
99,173,12,large,140,0.0,0.0,0.082,0.911,0.189,0.057,0.021,21.6,2,208.75
100,106,9,micro,4,0.0,0.0,0.144,1.154,0.292,0.108,0.023,54.5,11,978.66
101,71,4,micro,4,0.0,0.0,0.302,1.871,0.228,0.202,0.07,35.0,19,690.93
102,82,2,micro,21,0.0,0.0,0.294,0.711,0.163,0.067,0.063,10.7,34,650.6
103,113,12,micro,4,0.0,0.0,0.601,1.257,0.333,0.187,0.049,6.8,32,1742.79
104,20,18,micro,16,0.0,0.0,0.361,0.761,0.228,0.04,0.027,21.6,1,642.68
105,125,5,medium,61,0.0,0.0,0.229,0.831,0.318,0.269,0.042,0.6,1,1326.71
106,106,1,small,30,0.0,0.0,0.231,0.62,0.244,0.172,0.07,51.6,1,978.66
107,156,8,medium,37,0.0,0.0,0.463,1.467,0.282,0.235,0.027,95.0,3,958.89
108,67,0,micro,28,0.01,0.0,0.204,1.503,0.189,0.066,0.055,3.6,13,404.86
109,9,11,micro,2,0.0,0.0,0.308,0.916,0.163,0.178,0.023,29.3,11,255.33
110,179,0,small,78,0.0,0.0,0.378,1.067,0.31,0.221,0.085,52.3,16,1808.04
111,10,18,large,249,0.01,0.0,0.545,0.663,0.129,0.052,0.026,14.1,17,93.37
112,179,17,small,10,0.0,0.0,0.217,1.932,0.292,0.151,0.041,17.0,6,1808.04
113,113,2,micro,3,0.0,0.0,0.251,0.832,0.387,0.289,0.081,22.0,5,1742.79
114,7,2,small,49,0.0,0.0,0.119,0.936,0.189,0.197,0.069,13.0,1,319.72
115,31,19,medium,116,0.0,0.0,0.387,1.155,0.258,0.219,0.032,91.0,8,946.03
116,114,16,small,4,0.0,0.0,0.399,0.781,0.129,0.104,0.026,24.7,12,122.44
117,3,18,medium,19,0.0,0.0,0.133,2.089,0.258,0.043,0.031,14.5,18,680.64
118,179,6,small,35,0.0,0.0,0.244,1.29,0.292,0.235,0.035,70.8,8,1808.04
119,164,2,medium,68,0.0,0.0,0.163,1.143,0.129,0.164,0.067,1.6,20,388.92
120,113,12,small,39,0.0,0.0,0.084,0.772,0.333,0.173,0.04,72.9,8,1742.79
121,179,19,small,22,0.0,0.0,0.628,1.169,0.318,0.262,0.047,15.5,12,1808.04
122,65,2,small,23,0.0,0.0,0.36,0.945,0.189,0.124,0.057,54.8,18,576.08
123,174,16,micro,43,0.0,0.0,0.393,1.468,0.129,0.065,0.031,22.3,8,195.72
124,165,7,small,8,0.0,0.0,0.318,0.742,0.129,0.122,0.029,7.3,10,224.25
125,122,2,small,50,0.01,0.0,0.273,1.208,0.228,0.116,0.058,0.6,32,603.53
126,73,9,medium,74,0.0,0.0,0.781,0.586,0.27,0.07,0.018,25.0,11,709.56
127,119,9,micro,6,0.0,0.0,0.127,0.581,0.189,0.191,0.014,23.2,15,314.8
128,185,0,medium,42,0.01,0.0,0.231,0.926,0.129,0.129,0.062,68.0,2,303.08
129,20,9,micro,17,0.0,0.0,0.18,1.252,0.189,0.192,0.026,34.8,3,642.68
130,51,12,medium,55,0.0,0.0,0.278,1.343,0.163,0.118,0.025,12.6,13,100.98
131,134,15,micro,12,0.0,0.0,0.329,1.479,0.129,0.097,0.017,21.8,2,59.18
132,141,1,small,7,0.0,0.0,0.276,1.201,0.189,0.082,0.061,62.7,6,548.48
133,39,17,small,12,0.0,0.0,0.424,1.143,0.163,0.144,0.028,32.3,1,180.7
134,166,3,micro,3,0.0,0.0,0.204,0.747,0.189,0.124,0.06,22.2,9,337.67
135,179,13,small,50,0.01,0.0,0.387,1.956,0.346,0.296,0.048,59.3,3,1808.04
136,17,11,medium,63,0.01,0.01,0.45,0.714,0.163,0.148,0.021,2.6,3,203.21
137,191,17,large,21,0.0,0.0,0.687,1.138,0.244,0.147,0.032,85.3,4,349.46
138,67,0,large,110,0.0,0.0,0.258,0.883,0.189,0.043,0.061,44.2,9,404.86
139,71,3,medium,75,0.0,0.0,0.426,1.072,0.21,0.127,0.065,43.4,1,690.93
140,6,2,large,84,0.01,0.0,0.006,0.955,0.258,0.077,0.076,69.6,3,719.97
141,113,6,medium,135,0.01,0.0,0.358,1.998,0.31,0.121,0.049,17.7,15,1742.79
142,184,6,micro,3,0.0,0.0,0.301,1.068,0.129,0.089,0.018,57.0,1,118.69
143,38,1,medium,42,0.0,0.0,0.389,0.847,0.129,0.028,0.07,2.5,3,39.32
144,122,10,small,30,0.01,0.0,0.318,2.38,0.228,0.085,0.025,14.3,15,603.53
145,67,2,small,73,0.0,0.0,0.468,1.149,0.258,0.178,0.059,116.1,19,404.86
146,3,1,medium,45,0.01,0.0,0.499,1.893,0.163,0.233,0.069,39.5,5,680.64
147,194,0,medium,19,0.0,0.0,0.248,1.746,0.21,0.11,0.068,4.7,3,176.48
148,150,18,large,167,0.0,0.0,0.136,0.709,0.129,0.206,0.03,40.4,4,190.66
149,156,7,medium,109,0.02,0.0,0.19,1.754,0.258,0.132,0.03,113.5,38,958.89
150,136,5,micro,7,0.0,0.0,0.265,0.895,0.129,0.158,0.03,20.0,4,67.81
151,31,9,micro,18,0.0,0.0,0.521,0.603,0.282,0.22,0.038,6.7,4,946.03
152,53,3,small,14,0.0,0.0,0.447,1.46,0.163,0.192,0.065,69.4,6,273.6
153,87,8,small,9,0.0,0.0,0.503,0.782,0.163,0.046,0.027,7.3,2,206.18
154,197,3,micro,74,0.01,0.0,0.166,0.826,0.163,0.154,0.068,41.5,14,173.08
155,139,6,micro,134,0.02,0.0,0.218,1.508,0.129,0.086,0.026,10.2,2,43.34
156,106,18,micro,7,0.0,0.0,0.248,0.789,0.292,0.105,0.029,66.2,7,978.66
157,113,2,micro,15,0.0,0.0,0.373,1.38,0.387,0.18,0.074,35.4,5,1742.79
158,179,9,micro,13,0.0,0.0,0.25,1.839,0.339,0.249,0.038,44.1,2,1808.04
159,48,13,micro,16,0.0,0.0,0.551,2.043,0.163,0.189,0.025,109.0,6,209.27
160,73,18,micro,14,0.0,0.0,0.282,1.728,0.27,0.203,0.031,49.1,4,709.56
161,83,18,micro,4,0.0,0.0,0.333,0.947,0.129,0.108,0.021,11.1,14,88.39
162,179,4,micro,19,0.0,0.0,0.458,0.857,0.373,0.256,0.07,8.7,13,1808.04
163,161,18,small,129,0.02,0.01,0.448,1.9,0.163,0.103,0.024,5.7,18,326.06
164,125,6,small,11,0.0,0.0,0.316,1.05,0.292,0.128,0.036,29.0,6,1326.71
165,73,17,medium,19,0.0,0.0,0.238,1.227,0.21,0.133,0.019,33.1,10,709.56
166,51,1,small,23,0.0,0.0,0.417,1.444,0.189,0.145,0.062,5.7,6,100.98
167,73,3,small,12,0.0,0.0,0.177,1.038,0.27,0.118,0.061,31.2,1,709.56
168,179,1,small,310,0.05,0.02,0.485,2.282,0.352,0.149,0.082,60.3,2,1808.04
169,179,5,small,14,0.0,0.0,0.223,1.025,0.346,0.165,0.035,28.2,3,1808.04
170,99,17,large,111,0.01,0.0,0.225,1.164,0.189,0.079,0.013,16.8,2,117.38
171,73,3,micro,62,0.01,0.0,0.302,1.345,0.27,0.131,0.069,85.6,22,709.56
172,179,4,micro,3,0.0,0.0,0.401,1.107,0.373,0.239,0.071,5.8,6,1808.04
173,106,4,medium,66,0.01,0.0,0.423,1.191,0.258,0.117,0.079,49.5,1,978.66
174,6,5,medium,281,0.02,0.0,0.177,0.951,0.189,0.229,0.022,4.6,6,719.97
175,78,0,medium,17,0.0,0.0,0.124,1.21,0.189,0.146,0.054,57.1,29,162.68
176,125,8,medium,27,0.0,0.0,0.377,1.22,0.282,0.12,0.035,6.5,1,1326.71
177,180,19,micro,28,0.0,0.0,0.528,1.598,0.129,0.125,0.026,180.8,13,277.46
178,101,8,medium,49,0.0,0.0,0.079,0.595,0.163,0.137,0.028,52.6,5,97.45
179,59,16,small,75,0.01,0.0,0.199,1.395,0.189,0.199,0.031,58.4,27,393.68
180,87,11,medium,71,0.0,0.0,0.303,1.148,0.163,0.129,0.015,203.9,17,206.18
181,7,0,small,34,0.0,0.0,0.116,1.06,0.228,0.151,0.067,188.8,13,319.72
182,179,11,small,33,0.0,0.0,0.209,0.991,0.357,0.128,0.031,119.8,2,1808.04
183,5,18,small,5,0.0,0.0,0.435,0.891,0.129,0.034,0.03,43.6,16,117.43
184,0,11,micro,8,0.0,0.0,0.482,0.887,0.189,0.133,0.018,23.4,1,243.89
185,125,10,small,139,0.02,0.0,0.081,1.391,0.301,0.139,0.032,28.6,8,1326.71
186,34,13,small,5,0.0,0.0,0.203,0.985,0.228,0.201,0.027,15.2,12,337.83
187,71,17,micro,1,0.0,0.0,0.079,0.984,0.282,0.04,0.029,24.2,12,690.93
188,113,11,medium,142,0.0,0.0,0.147,0.829,0.378,0.246,0.033,12.5,1,1742.79
189,164,8,micro,23,0.0,0.0,0.457,0.797,0.189,0.142,0.028,9.3,9,388.92
190,88,0,small,71,0.01,0.0,0.534,1.228,0.129,0.201,0.065,171.2,1,87.38
191,185,2,micro,15,0.0,0.0,0.18,0.9,0.189,0.198,0.055,27.0,3,303.08
192,106,12,micro,21,0.0,0.0,0.451,1.298,0.228,0.162,0.025,96.2,2,978.66
193,179,12,small,2,0.0,0.0,0.759,1.059,0.318,0.203,0.05,4.6,3,1808.04
194,106,4,medium,7,0.0,0.0,0.045,1.406,0.258,0.209,0.072,58.8,27,978.66
195,113,14,large,938,0.05,0.01,0.315,0.938,0.326,0.141,0.029,1.5,3,1742.79
196,185,5,large,230,0.01,0.0,0.235,0.988,0.21,0.176,0.017,6.0,4,303.08
197,140,6,medium,45,0.0,0.0,0.319,1.128,0.21,0.067,0.021,49.9,4,186.32
198,34,1,micro,18,0.0,0.0,0.268,1.098,0.244,0.175,0.067,14.8,21,337.83
199,125,11,micro,13,0.0,0.0,0.185,1.081,0.339,0.129,0.041,23.6,11,1326.71
200,55,5,medium,706,0.04,0.01,0.29,1.368,0.163,0.162,0.027,43.6,3,376.64
201,71,16,medium,64,0.0,0.0,0.276,1.191,0.163,0.202,0.033,50.2,2,690.93
202,167,16,small,7,0.0,0.0,0.358,1.682,0.258,0.112,0.022,6.6,9,989.1
203,141,2,medium,48,0.0,0.0,0.282,1.118,0.244,0.151,0.075,0.3,4,548.48
204,68,3,medium,16,0.0,0.0,0.692,1.003,0.129,0.115,0.064,0.1,1,213.07
205,0,6,micro,8,0.0,0.0,0.453,1.571,0.163,0.188,0.029,64.3,1,243.89
206,113,11,small,17,0.0,0.0,0.042,0.774,0.378,0.27,0.029,21.4,22,1742.79
207,64,6,small,13,0.0,0.0,0.426,0.896,0.189,0.074,0.033,58.3,15,334.46
208,3,7,micro,10,0.0,0.0,0.727,0.644,0.21,0.224,0.021,14.5,16,680.64
209,9,2,micro,1,0.0,0.0,0.538,1.361,0.163,0.149,0.062,6.5,2,255.33
210,140,6,small,12,0.0,0.0,0.211,0.829,0.21,0.171,0.027,74.3,2,186.32
211,96,9,small,5,0.0,0.0,0.199,0.736,0.189,0.123,0.027,35.8,2,199.56
212,65,19,small,42,0.0,0.0,0.05,1.336,0.244,0.176,0.034,35.6,11,576.08
213,177,16,micro,6,0.0,0.0,0.191,0.939,0.189,0.075,0.026,123.3,20,634.94
214,167,15,micro,7,0.0,0.0,0.119,0.953,0.27,0.114,0.034,101.2,6,989.1
215,108,11,micro,14,0.0,0.0,0.387,1.257,0.129,0.139,0.023,101.8,10,192.01
216,67,7,small,109,0.01,0.0,0.246,0.612,0.163,0.149,0.034,65.4,7,404.86
217,113,17,medium,7,0.0,0.0,0.05,0.759,0.326,0.13,0.045,46.1,10,1742.79
218,156,6,large,136,0.01,0.0,0.488,0.983,0.21,0.138,0.027,87.9,2,958.89
219,2,11,micro,26,0.0,0.0,0.212,0.745,0.189,0.194,0.017,2.3,7,283.64
220,125,5,small,109,0.0,0.0,0.296,1.627,0.318,0.146,0.037,155.0,2,1326.71
221,148,15,medium,35,0.0,0.0,0.395,1.364,0.129,0.156,0.024,30.4,29,250.12
222,167,10,micro,7,0.0,0.0,0.215,1.058,0.301,0.23,0.036,5.5,3,989.1
223,54,17,small,5,0.0,0.0,0.533,1.133,0.189,0.09,0.024,30.8,3,416.13
224,52,11,large,143,0.01,0.0,0.167,0.792,0.163,0.061,0.017,21.6,11,75.42
225,54,3,medium,62,0.0,0.0,0.108,1.269,0.258,0.146,0.057,88.9,5,416.13
226,179,19,micro,1,0.0,0.0,0.499,1.443,0.318,0.236,0.035,64.1,8,1808.04
227,31,10,small,18,0.0,0.0,0.445,0.801,0.27,0.209,0.037,24.6,11,946.03
228,157,5,large,25,0.0,0.0,0.203,0.949,0.163,0.168,0.03,0.1,2,238.37
229,194,6,medium,23,0.0,0.0,0.429,1.057,0.163,0.083,0.026,0.3,31,176.48
230,181,2,small,45,0.0,0.0,0.196,0.657,0.129,0.086,0.054,66.5,11,62.98
231,94,1,medium,51,0.0,0.0,0.621,1.202,0.129,0.028,0.069,65.3,9,100.27
232,167,9,medium,116,0.01,0.0,0.28,1.407,0.292,0.205,0.029,26.5,5,989.1
233,138,19,micro,10,0.0,0.0,0.579,1.041,0.189,0.133,0.018,151.6,10,334.79
234,177,2,micro,6,0.0,0.0,0.463,1.431,0.301,0.061,0.06,2.3,2,634.94
235,39,18,small,8,0.0,0.0,0.513,0.86,0.163,0.062,0.017,26.3,2,180.7
236,158,15,micro,3,0.0,0.0,0.177,1.336,0.129,0.176,0.014,83.1,7,45.09
237,124,16,medium,183,0.01,0.0,0.148,1.374,0.163,0.043,0.028,16.2,5,266.9
238,116,14,large,82,0.0,0.0,0.319,0.97,0.129,0.167,0.03,31.7,7,143.35
239,154,11,medium,50,0.0,0.0,0.393,0.692,0.189,0.106,0.02,191.9,9,198.95
240,66,2,micro,12,0.0,0.0,0.19,1.287,0.129,0.051,0.061,18.8,1,138.1
241,13,11,small,12,0.0,0.0,0.375,1.016,0.163,0.01,0.025,173.6,3,21.91
242,113,7,small,51,0.0,0.0,0.184,1.319,0.31,0.223,0.03,46.4,2,1742.79
243,71,2,micro,3,0.0,0.0,0.117,0.676,0.163,0.119,0.063,15.5,3,690.93
244,64,16,large,192,0.06,0.04,0.705,2.188,0.228,0.036,0.014,39.0,14,334.46
245,198,10,small,15,0.0,0.0,0.483,0.781,0.129,0.096,0.031,11.6,6,157.31
246,50,14,micro,6,0.0,0.0,0.094,1.316,0.189,0.151,0.024,96.6,4,205.22
247,59,9,micro,1,0.0,0.0,0.145,1.1,0.189,0.185,0.027,3.1,6,393.68
248,75,11,small,11,0.0,0.0,0.233,0.895,0.163,0.212,0.032,4.8,5,337.61
249,113,14,small,8,0.0,0.0,0.133,1.208,0.326,0.217,0.031,84.1,4,1742.79
250,177,4,large,189,0.01,0.0,0.053,1.727,0.189,0.092,0.057,33.4,9,634.94
251,42,16,micro,3,0.0,0.0,0.135,1.412,0.189,0.179,0.028,54.5,7,132.2
252,125,8,micro,10,0.0,0.0,0.157,1.173,0.282,0.159,0.042,2.4,2,1326.71
253,82,14,large,584,0.03,0.01,0.335,1.336,0.129,0.104,0.027,34.4,12,650.6
254,164,6,medium,34,0.0,0.0,0.151,0.929,0.21,0.035,0.026,82.3,5,388.92
255,125,14,small,31,0.0,0.0,0.465,0.918,0.301,0.218,0.044,27.3,11,1326.71
256,164,0,micro,6,0.0,0.0,0.308,0.926,0.189,0.109,0.064,7.4,2,388.92
257,174,18,micro,4,0.0,0.0,0.358,0.946,0.228,0.029,0.017,8.3,2,195.72
258,179,15,large,465,0.02,0.01,0.471,0.826,0.326,0.225,0.039,8.9,1,1808.04
259,197,13,medium,112,0.0,0.0,0.057,1.243,0.129,0.083,0.027,21.7,14,173.08
260,125,6,micro,38,0.0,0.0,0.185,0.67,0.292,0.172,0.04,76.7,13,1326.71
261,131,16,small,10,0.0,0.0,0.186,0.676,0.163,0.141,0.027,16.5,10,158.95
262,31,15,medium,33,0.0,0.0,0.093,0.978,0.31,0.153,0.028,11.2,5,946.03
263,24,9,small,10,0.0,0.0,0.283,1.056,0.129,0.069,0.03,98.8,2,86.11
264,113,3,medium,27,0.0,0.0,0.495,1.261,0.318,0.268,0.079,19.7,24,1742.79
265,143,3,medium,80,0.0,0.0,0.39,1.259,0.163,0.113,0.055,12.5,35,178.51
266,62,9,small,25,0.0,0.0,0.079,0.897,0.129,0.095,0.025,162.5,33,49.09
267,73,15,small,9,0.0,0.0,0.265,0.852,0.244,0.206,0.023,40.6,48,709.56
268,145,14,medium,130,0.01,0.0,0.104,1.604,0.189,0.052,0.022,6.3,19,324.35
269,54,9,medium,73,0.0,0.0,0.415,0.599,0.228,0.118,0.025,72.1,11,416.13
270,113,4,small,64,0.01,0.0,0.487,0.997,0.326,0.183,0.078,6.1,1,1742.79
271,116,4,small,5,0.0,0.0,0.063,0.79,0.129,0.147,0.057,53.7,5,143.35
272,179,1,medium,29,0.0,0.0,0.134,2.729,0.352,0.12,0.073,34.2,11,1808.04
273,91,3,micro,9,0.0,0.0,0.272,0.512,0.129,0.16,0.057,52.1,16,390.98
274,54,0,large,57,0.0,0.0,0.191,2.09,0.228,0.131,0.062,92.9,2,416.13
275,41,13,small,13,0.0,0.0,0.473,1.14,0.189,0.208,0.016,77.8,22,176.16
276,71,11,small,58,0.0,0.0,0.438,1.528,0.189,0.084,0.035,138.8,4,690.93
277,67,19,medium,72,0.0,0.0,0.361,0.962,0.163,0.088,0.029,46.1,3,404.86
278,156,15,micro,16,0.0,0.0,0.477,1.492,0.21,0.177,0.026,25.9,1,958.89
279,125,4,small,25,0.01,0.0,0.398,1.602,0.228,0.237,0.069,76.9,6,1326.71
280,141,14,micro,32,0.0,0.0,0.411,1.152,0.189,0.051,0.032,44.2,21,548.48
281,128,0,small,11,0.0,0.0,0.197,1.059,0.129,0.056,0.058,81.1,14,163.96
282,113,19,micro,9,0.0,0.0,0.076,1.31,0.31,0.146,0.044,16.5,34,1742.79
283,179,12,small,14,0.0,0.0,0.221,1.062,0.318,0.133,0.036,2.8,1,1808.04
284,167,2,small,9,0.0,0.0,0.223,0.941,0.21,0.179,0.067,91.2,4,989.1
285,54,9,large,411,0.06,0.04,0.603,1.676,0.228,0.155,0.016,94.8,16,416.13
286,100,18,small,20,0.0,0.0,0.086,0.886,0.129,0.003,0.011,73.7,30,36.04
287,69,16,micro,1,0.0,0.0,0.506,1.171,0.129,0.107,0.019,37.6,31,77.86
288,156,5,micro,11,0.0,0.0,0.094,0.936,0.21,0.06,0.031,31.8,15,958.89
289,78,7,micro,22,0.0,0.0,0.459,1.06,0.21,0.205,0.028,26.0,5,162.68
290,133,17,micro,2,0.0,0.0,0.461,1.048,0.189,0.072,0.033,111.1,8,238.31
291,70,18,small,100,0.01,0.0,0.478,0.847,0.163,0.058,0.03,49.2,5,213.02
292,41,18,small,4,0.0,0.0,0.087,1.198,0.129,0.129,0.012,27.6,5,176.16
293,2,18,micro,71,0.0,0.0,0.432,1.084,0.163,0.079,0.024,38.7,3,283.64
294,197,10,small,5,0.0,0.0,0.663,0.808,0.129,0.077,0.026,17.1,11,173.08
295,55,17,micro,6,0.0,0.0,0.065,1.152,0.189,0.188,0.034,15.6,7,376.64
296,167,6,small,8,0.0,0.0,0.339,1.284,0.27,0.248,0.04,0.8,8,989.1
297,167,16,micro,86,0.01,0.0,0.134,1.448,0.258,0.109,0.032,109.9,3,989.1
298,59,6,large,106,0.01,0.0,0.251,1.135,0.228,0.216,0.032,2.8,5,393.68
299,97,12,small,12,0.0,0.0,0.142,1.295,0.163,0.117,0.021,0.9,4,192.68
300,167,9,small,6,0.0,0.0,0.277,0.676,0.292,0.068,0.039,99.2,2,989.1
301,141,17,medium,438,0.02,0.0,0.284,0.987,0.228,0.116,0.032,8.4,18,548.48
302,82,1,small,10,0.0,0.0,0.167,1.262,0.228,0.041,0.068,65.5,3,650.6
303,183,18,micro,5,0.0,0.0,0.205,1.288,0.163,0.201,0.028,0.4,13,240.44
304,77,9,small,47,0.0,0.0,0.007,0.98,0.163,0.138,0.025,70.3,18,110.06
305,54,9,small,16,0.0,0.0,0.182,0.885,0.228,0.158,0.016,6.9,28,416.13
306,32,16,small,25,0.0,0.0,0.275,1.217,0.129,0.163,0.018,12.3,13,146.42
307,145,13,micro,1,0.0,0.0,0.387,1.052,0.189,0.026,0.016,22.8,7,324.35
308,3,19,micro,13,0.0,0.0,0.155,1.301,0.258,0.083,0.037,94.1,3,680.64
309,172,10,medium,46,0.0,0.0,0.432,0.498,0.129,0.024,0.026,18.1,3,137.4
310,71,11,small,4,0.0,0.0,0.425,0.992,0.189,0.043,0.037,8.5,26,690.93
311,82,19,large,193,0.01,0.0,0.028,1.033,0.21,0.126,0.029,1.6,10,650.6
312,165,18,small,6,0.0,0.0,0.061,1.077,0.189,0.029,0.024,12.7,26,224.25
313,167,4,micro,3,0.0,0.0,0.338,1.245,0.244,0.241,0.064,15.9,8,989.1
314,91,6,large,501,0.01,0.0,0.266,1.158,0.163,0.093,0.031,22.1,3,390.98
315,119,12,medium,60,0.0,0.0,0.084,0.939,0.163,0.126,0.028,73.2,17,314.8
316,141,18,medium,43,0.0,0.0,0.493,1.139,0.163,0.149,0.025,42.3,11,548.48
317,141,11,small,3,0.0,0.0,0.458,1.005,0.27,0.137,0.034,60.9,4,548.48
318,115,14,small,5,0.0,0.0,0.163,1.71,0.189,0.1,0.025,37.8,19,200.65
319,171,1,micro,43,0.0,0.0,0.338,1.301,0.129,0.154,0.052,30.7,5,65.64
320,168,10,small,29,0.0,0.0,0.44,1.685,0.129,0.024,0.015,0.2,1,116.12
321,173,2,medium,66,0.0,0.0,0.044,0.678,0.129,0.065,0.066,2.3,4,208.75
322,65,5,small,2,0.0,0.0,0.346,0.72,0.244,0.221,0.023,9.9,8,576.08
323,65,3,small,10,0.0,0.0,0.407,0.869,0.21,0.14,0.066,19.4,6,576.08
324,31,3,micro,1,0.0,0.0,0.032,1.267,0.318,0.061,0.064,21.7,3,946.03
325,167,19,small,31,0.0,0.0,0.177,1.186,0.21,0.13,0.024,13.1,1,989.1
326,8,5,small,5,0.0,0.0,0.336,1.067,0.163,0.027,0.028,39.8,12,92.81
327,31,11,small,9,0.0,0.0,0.42,0.848,0.189,0.149,0.021,22.4,29,946.03
328,179,0,medium,84,0.0,0.0,0.094,1.522,0.31,0.258,0.078,0.6,15,1808.04
329,31,16,micro,7,0.0,0.0,0.334,1.137,0.27,0.097,0.04,28.3,18,946.03
330,31,13,medium,21,0.0,0.0,0.609,0.937,0.27,0.115,0.027,53.5,4,946.03
331,179,4,small,20,0.0,0.0,0.648,2.289,0.373,0.147,0.088,36.5,4,1808.04
332,71,0,small,24,0.0,0.0,0.229,1.216,0.163,0.132,0.061,13.4,7,690.93
333,177,5,large,1025,0.04,0.01,0.152,1.216,0.228,0.128,0.034,23.2,11,634.94
334,86,12,medium,38,0.0,0.0,0.389,1.599,0.129,0.149,0.026,51.8,2,370.7
335,85,0,small,26,0.0,0.0,0.416,1.631,0.129,0.139,0.064,3.0,5,89.86
336,31,1,medium,41,0.0,0.0,0.093,1.652,0.258,0.105,0.077,39.9,8,946.03
337,179,8,micro,17,0.0,0.0,0.201,1.244,0.31,0.105,0.04,26.3,12,1808.04
338,157,3,micro,3,0.0,0.0,0.3,1.107,0.189,0.053,0.067,88.0,14,238.37
339,55,12,medium,47,0.0,0.0,0.662,0.717,0.163,0.052,0.03,62.4,7,376.64
340,153,3,small,11,0.0,0.0,0.332,1.13,0.189,0.096,0.061,68.9,2,187.21
341,22,19,large,528,0.02,0.01,0.329,0.989,0.129,0.18,0.024,69.2,5,158.78
342,113,8,micro,23,0.0,0.0,0.407,1.394,0.333,0.194,0.046,4.8,16,1742.79
343,64,2,micro,2,0.0,0.0,0.349,0.773,0.163,0.123,0.068,23.6,27,334.46
344,173,1,micro,2,0.0,0.0,0.352,1.175,0.129,0.069,0.067,7.7,11,208.75
345,113,8,micro,5,0.0,0.0,0.085,1.226,0.333,0.124,0.035,28.3,6,1742.79
346,179,16,medium,38,0.0,0.0,0.401,1.382,0.383,0.268,0.041,3.4,35,1808.04
347,124,8,small,15,0.0,0.0,0.399,1.61,0.228,0.082,0.033,50.4,6,266.9
348,113,2,micro,69,0.0,0.0,0.157,1.435,0.387,0.123,0.078,9.8,16,1742.79
349,143,9,small,60,0.0,0.0,0.237,0.954,0.129,0.172,0.014,89.5,30,178.51
350,162,6,micro,3,0.0,0.0,0.214,0.923,0.228,0.033,0.029,1.3,7,472.76
351,3,10,small,13,0.0,0.0,0.25,1.15,0.228,0.058,0.032,34.8,7,680.64
352,113,7,medium,51,0.0,0.0,0.54,1.418,0.31,0.19,0.049,72.6,1,1742.79
353,161,12,large,209,0.01,0.0,0.234,0.708,0.163,0.211,0.019,26.0,14,326.06
354,93,16,medium,10,0.0,0.0,0.088,0.668,0.163,0.053,0.028,37.9,4,106.95
355,6,17,micro,6,0.0,0.0,0.312,1.09,0.189,0.093,0.025,59.1,31,719.97
356,3,14,micro,5,0.0,0.0,0.058,1.156,0.258,0.076,0.031,17.0,15,680.64
357,164,7,micro,8,0.0,0.0,0.276,1.192,0.21,0.204,0.025,24.4,18,388.92
358,50,8,micro,4,0.0,0.0,0.098,1.196,0.189,0.184,0.025,26.4,7,205.22
359,42,12,micro,46,0.0,0.0,0.245,0.943,0.163,0.029,0.026,9.9,5,132.2
360,70,4,small,19,0.0,0.0,0.393,1.692,0.129,0.142,0.06,10.9,3,213.02
361,22,14,micro,2,0.0,0.0,0.179,0.804,0.129,0.116,0.018,128.6,1,158.78
362,6,12,small,9,0.0,0.0,0.414,0.871,0.189,0.13,0.02,61.6,4,719.97
363,177,13,small,27,0.0,0.0,0.247,1.288,0.163,0.058,0.027,137.3,17,634.94
364,71,6,micro,38,0.0,0.0,0.742,1.22,0.21,0.21,0.02,8.3,31,690.93
365,123,12,small,35,0.0,0.0,0.59,0.988,0.129,0.078,0.011,18.6,6,36.53
366,175,3,micro,10,0.0,0.0,0.105,0.962,0.129,0.046,0.063,7.3,54,339.4
367,191,3,micro,24,0.0,0.0,0.312,0.792,0.21,0.209,0.058,87.6,31,349.46
368,141,15,medium,99,0.01,0.01,0.477,0.78,0.189,0.222,0.033,17.7,1,548.48
369,183,7,medium,28,0.0,0.0,0.107,0.957,0.189,0.084,0.031,2.1,28,240.44
370,99,10,micro,10,0.0,0.0,0.41,0.894,0.129,0.163,0.028,78.0,4,117.38
371,162,5,medium,145,0.03,0.01,0.243,1.217,0.189,0.035,0.021,43.3,6,472.76
372,179,4,large,412,0.03,0.01,0.303,1.233,0.373,0.292,0.07,12.9,23,1808.04
373,6,15,micro,2,0.0,0.0,0.279,1.05,0.228,0.067,0.031,114.2,23,719.97
374,73,15,small,15,0.0,0.0,0.458,1.2,0.244,0.056,0.024,10.3,79,709.56
375,156,16,large,55,0.0,0.0,0.423,1.371,0.189,0.227,0.022,42.6,8,958.89
376,73,17,micro,11,0.0,0.0,0.551,0.671,0.21,0.064,0.019,45.7,16,709.56
377,3,8,micro,14,0.0,0.0,0.114,0.807,0.228,0.231,0.026,36.4,15,680.64
378,166,16,small,45,0.0,0.0,0.181,1.17,0.189,0.205,0.026,2.3,7,337.67
379,40,6,micro,32,0.0,0.0,0.365,0.744,0.21,0.152,0.028,41.9,2,310.59
380,73,1,micro,8,0.0,0.0,0.255,1.301,0.27,0.189,0.072,78.0,14,709.56
381,179,13,small,39,0.0,0.0,0.034,1.361,0.346,0.171,0.04,5.7,6,1808.04
382,53,3,micro,2,0.0,0.0,0.335,1.637,0.163,0.122,0.072,6.4,6,273.6
383,179,9,medium,26,0.0,0.0,0.703,1.365,0.339,0.196,0.033,19.9,14,1808.04
384,99,3,medium,182,0.01,0.0,0.214,1.174,0.129,0.098,0.066,0.9,4,117.38
385,179,7,medium,58,0.01,0.0,0.096,1.747,0.368,0.28,0.031,66.2,4,1808.04
386,177,17,small,19,0.0,0.0,0.115,0.872,0.189,0.097,0.026,90.3,6,634.94
387,97,12,small,13,0.0,0.0,0.55,0.723,0.163,0.143,0.028,1.1,11,192.68
388,179,2,large,1165,0.05,0.01,0.115,1.202,0.318,0.125,0.087,7.9,1,1808.04
389,129,14,micro,4,0.0,0.0,0.359,0.829,0.129,0.009,0.027,108.7,17,89.7
390,112,16,small,11,0.0,0.0,0.557,1.108,0.129,0.135,0.014,2.7,12,157.63
391,113,3,large,57,0.0,0.0,0.139,0.901,0.318,0.211,0.086,25.8,10,1742.79
392,9,14,large,561,0.02,0.01,0.397,0.872,0.189,0.084,0.019,65.3,14,255.33
393,166,10,small,30,0.0,0.0,0.272,0.617,0.21,0.147,0.033,9.5,11,337.67
394,70,12,micro,8,0.0,0.0,0.501,2.043,0.129,0.072,0.025,15.6,3,213.02
395,65,18,medium,59,0.0,0.0,0.362,0.927,0.228,0.141,0.035,29.9,12,576.08
396,149,0,small,21,0.0,0.0,0.267,1.057,0.129,0.127,0.063,52.4,15,199.73
397,83,12,small,52,0.01,0.0,0.161,1.108,0.163,0.09,0.021,85.4,10,88.39
398,113,1,small,12,0.0,0.0,0.23,0.967,0.368,0.251,0.088,11.0,1,1742.79
399,99,15,small,14,0.0,0.0,0.699,1.061,0.189,0.143,0.026,17.6,17,117.38
400,113,17,medium,68,0.0,0.0,0.041,1.326,0.326,0.21,0.036,63.8,5,1742.79
401,55,1,small,28,0.0,0.0,0.019,0.854,0.228,0.054,0.072,120.9,3,376.64
402,179,0,micro,8,0.0,0.0,0.212,1.35,0.31,0.184,0.079,57.8,7,1808.04
403,125,19,micro,11,0.0,0.0,0.1,0.444,0.258,0.197,0.025,70.3,2,1326.71
404,58,18,medium,111,0.01,0.0,0.185,1.237,0.21,0.025,0.023,28.2,24,206.7
405,20,18,micro,17,0.0,0.0,0.077,1.818,0.228,0.044,0.021,30.1,10,642.68
406,115,18,small,108,0.0,0.0,0.206,0.61,0.129,0.182,0.027,1.7,15,200.65
407,108,10,medium,13,0.0,0.0,0.278,1.097,0.129,0.127,0.025,104.7,1,192.01
408,179,19,micro,1,0.0,0.0,0.157,1.849,0.318,0.21,0.031,39.2,1,1808.04
409,57,17,small,7,0.0,0.0,0.603,0.79,0.129,0.026,0.028,29.9,5,108.94
410,177,1,small,21,0.0,0.0,0.111,1.129,0.244,0.05,0.062,100.7,9,634.94
411,159,16,medium,33,0.0,0.0,0.149,1.461,0.189,0.131,0.014,25.2,9,286.16
412,112,14,micro,9,0.0,0.0,0.138,1.323,0.189,0.02,0.02,52.7,11,157.63
413,177,2,micro,9,0.0,0.0,0.314,0.288,0.301,0.046,0.066,58.5,42,634.94
414,175,14,small,7,0.0,0.0,0.343,0.863,0.163,0.214,0.022,42.7,66,339.4
415,149,9,small,128,0.0,0.0,0.63,0.573,0.21,0.096,0.015,104.4,9,199.73
416,22,17,medium,126,0.0,0.0,0.064,0.699,0.189,0.018,0.027,36.3,4,158.78
417,37,16,micro,62,0.0,0.0,0.025,0.974,0.129,0.137,0.028,47.7,2,20.91
418,125,18,micro,2,0.0,0.0,0.422,0.902,0.292,0.143,0.034,6.1,2,1326.71
419,60,1,small,25,0.0,0.0,0.063,1.466,0.129,0.135,0.059,4.1,4,91.91
420,118,14,small,10,0.0,0.0,0.285,1.462,0.21,0.179,0.035,36.3,15,465.37
421,120,7,micro,16,0.0,0.0,0.224,1.229,0.228,0.194,0.03,76.5,2,327.35
422,124,15,medium,36,0.0,0.0,0.393,1.16,0.129,0.142,0.029,8.0,24,266.9
423,122,12,medium,110,0.01,0.0,0.202,0.862,0.244,0.14,0.033,4.7,7,603.53
424,86,9,small,24,0.0,0.0,0.253,0.787,0.163,0.178,0.032,12.9,4,370.7
425,54,0,micro,6,0.0,0.0,0.212,1.254,0.228,0.197,0.062,71.9,9,416.13
426,113,12,medium,27,0.0,0.0,0.179,1.309,0.333,0.255,0.041,8.2,4,1742.79
427,113,8,small,7,0.0,0.0,0.736,1.371,0.333,0.265,0.03,18.1,19,1742.79
428,67,6,small,8,0.0,0.0,0.419,1.045,0.163,0.187,0.032,35.3,19,404.86
429,6,19,small,11,0.0,0.0,0.462,1.035,0.189,0.227,0.028,55.7,7,719.97
430,53,14,large,97,0.0,0.0,0.616,1.056,0.21,0.086,0.028,191.3,5,273.6
431,118,10,small,46,0.0,0.0,0.349,1.344,0.189,0.207,0.02,10.7,22,465.37
432,115,17,small,33,0.0,0.0,0.074,0.744,0.129,0.022,0.021,10.5,17,200.65
433,31,4,small,46,0.0,0.0,0.34,1.836,0.228,0.071,0.078,16.0,2,946.03
434,125,12,small,7,0.0,0.0,0.229,0.764,0.292,0.16,0.033,23.6,13,1326.71
435,99,17,medium,170,0.02,0.01,0.302,1.114,0.189,0.043,0.012,16.8,6,117.38
436,135,2,micro,20,0.0,0.0,0.206,1.056,0.292,0.203,0.076,19.6,11,699.2
437,179,4,medium,42,0.0,0.0,0.289,0.629,0.373,0.208,0.077,3.0,8,1808.04
438,71,1,micro,18,0.0,0.0,0.371,1.269,0.244,0.199,0.077,56.6,2,690.93
439,79,19,medium,91,0.01,0.0,0.159,1.136,0.129,0.174,0.025,9.6,17,20.34
440,140,11,small,173,0.01,0.0,0.249,1.692,0.129,0.202,0.013,90.2,13,186.32
441,183,9,small,1,0.0,0.0,0.098,0.739,0.129,0.145,0.03,4.6,13,240.44
442,113,6,micro,26,0.0,0.0,0.201,1.481,0.31,0.101,0.043,2.1,3,1742.79
443,40,8,small,4,0.0,0.0,0.411,0.813,0.189,0.02,0.03,11.0,26,310.59
444,179,15,small,22,0.0,0.0,0.414,1.049,0.326,0.163,0.037,24.1,2,1808.04
445,109,18,micro,37,0.0,0.0,0.142,1.277,0.163,0.191,0.024,35.8,15,137.77
446,106,2,small,28,0.0,0.0,0.226,1.086,0.189,0.057,0.078,11.5,18,978.66
447,116,5,small,51,0.01,0.0,0.562,2.117,0.163,0.122,0.027,224.5,38,143.35
448,64,3,micro,43,0.0,0.0,0.453,0.54,0.163,0.073,0.071,17.2,6,334.46
449,162,8,medium,65,0.0,0.0,0.227,0.769,0.163,0.141,0.029,96.4,8,472.76
450,133,10,medium,95,0.01,0.0,0.3,1.25,0.129,0.177,0.02,37.9,2,238.31
451,184,14,medium,10,0.0,0.0,0.418,1.027,0.163,0.157,0.027,41.3,12,118.69
452,52,17,small,18,0.0,0.0,0.035,1.198,0.129,0.137,0.02,54.1,2,75.42
453,125,10,large,25,0.0,0.0,0.212,1.237,0.301,0.11,0.043,20.9,10,1326.71
454,113,9,large,29,0.0,0.0,0.071,1.951,0.244,0.116,0.049,37.3,10,1742.79
455,179,11,large,23,0.0,0.0,0.11,1.427,0.357,0.237,0.038,19.4,4,1808.04
456,3,17,small,487,0.08,0.03,0.337,1.249,0.163,0.059,0.031,140.3,1,680.64
457,157,12,small,17,0.0,0.0,0.486,0.979,0.163,0.146,0.029,62.8,32,238.37
458,125,15,micro,2,0.0,0.0,0.36,1.301,0.333,0.08,0.036,19.2,4,1326.71
459,125,14,small,25,0.0,0.0,0.447,1.599,0.301,0.105,0.035,100.2,6,1326.71
460,177,18,small,13,0.0,0.0,0.157,1.321,0.258,0.085,0.037,18.9,2,634.94
461,125,16,micro,25,0.0,0.0,0.662,0.967,0.318,0.264,0.04,0.3,1,1326.71
462,150,6,micro,4,0.0,0.0,0.296,0.573,0.189,0.04,0.026,80.3,4,190.66
463,135,17,micro,20,0.0,0.0,0.48,0.9,0.163,0.158,0.037,26.9,3,699.2
464,11,9,small,19,0.0,0.0,0.121,0.842,0.163,0.196,0.019,153.6,38,93.16
465,27,16,micro,8,0.0,0.0,0.176,0.775,0.189,0.171,0.014,59.9,2,216.09
466,75,18,medium,124,0.02,0.0,0.139,1.185,0.163,0.214,0.029,55.3,45,337.61
467,140,13,small,14,0.0,0.0,0.444,0.849,0.163,0.19,0.031,98.7,9,186.32
468,3,14,small,8,0.0,0.0,0.29,1.385,0.258,0.221,0.034,74.9,11,680.64
469,161,2,small,104,0.01,0.0,0.353,2.129,0.129,0.043,0.067,45.3,19,326.06
470,52,6,medium,62,0.01,0.0,0.263,1.242,0.129,0.069,0.012,86.7,1,75.42
471,120,11,micro,3,0.0,0.0,0.29,0.727,0.163,0.109,0.017,13.0,9,327.35
472,51,0,micro,6,0.0,0.0,0.195,1.792,0.163,0.085,0.061,55.5,9,100.98
473,42,16,large,507,0.02,0.01,0.501,1.351,0.189,0.065,0.025,93.8,43,132.2
474,75,7,micro,2,0.0,0.0,0.16,1.732,0.163,0.117,0.028,48.3,29,337.61
475,179,14,medium,58,0.0,0.0,0.312,0.613,0.318,0.157,0.039,4.3,12,1808.04
476,59,15,medium,36,0.0,0.0,0.624,1.426,0.129,0.136,0.019,3.9,1,393.68
477,6,10,micro,5,0.0,0.0,0.428,1.108,0.21,0.087,0.019,9.3,10,719.97
478,178,15,small,19,0.0,0.0,0.282,1.077,0.163,0.114,0.022,4.5,10,113.9
479,106,13,large,387,0.05,0.03,0.527,1.199,0.292,0.245,0.032,48.1,10,978.66
480,125,7,small,17,0.0,0.0,0.308,0.8,0.31,0.231,0.029,33.6,1,1326.71
481,179,16,micro,7,0.0,0.0,0.359,1.513,0.383,0.169,0.043,40.9,10,1808.04
482,156,12,small,234,0.02,0.01,0.514,1.352,0.228,0.082,0.04,10.7,9,958.89
483,164,3,small,24,0.0,0.0,0.158,1.147,0.189,0.212,0.072,40.9,3,388.92
484,113,15,micro,9,0.0,0.0,0.212,1.092,0.339,0.261,0.032,8.1,3,1742.79
485,141,13,small,23,0.0,0.0,0.354,1.221,0.21,0.033,0.027,16.1,10,548.48
486,186,5,medium,23,0.0,0.0,0.497,0.798,0.129,0.1,0.02,184.4,3,238.23
487,179,16,small,8,0.0,0.0,0.027,1.011,0.383,0.163,0.037,41.2,3,1808.04
488,125,7,micro,17,0.0,0.0,0.311,1.166,0.31,0.191,0.027,132.6,2,1326.71
489,20,11,medium,62,0.0,0.0,0.383,0.91,0.189,0.127,0.022,11.1,36,642.68
490,191,6,large,86,0.01,0.0,0.116,1.066,0.189,0.033,0.014,22.4,23,349.46
491,55,14,small,59,0.01,0.01,0.49,1.224,0.163,0.021,0.016,36.6,19,376.64
492,82,11,small,8,0.0,0.0,0.15,1.339,0.244,0.078,0.03,22.5,2,650.6
493,31,9,small,124,0.0,0.0,0.402,0.779,0.282,0.169,0.03,26.0,12,946.03
494,40,0,medium,87,0.0,0.0,0.342,1.408,0.228,0.11,0.069,12.3,4,310.59
495,164,12,small,14,0.0,0.0,0.382,1.202,0.228,0.069,0.024,43.3,3,388.92
496,31,12,micro,20,0.0,0.0,0.541,0.891,0.189,0.156,0.023,0.7,2,946.03
497,47,3,small,12,0.0,0.0,0.526,0.95,0.228,0.043,0.063,159.9,7,427.14
498,41,6,small,3,0.0,0.0,0.545,0.806,0.129,0.114,0.019,41.6,15,176.16
499,82,17,small,24,0.0,0.0,0.402,0.655,0.244,0.12,0.019,107.7,12,650.6
500,144,10,medium,26,0.0,0.0,0.276,1.15,0.129,0.187,0.023,42.5,2,192.46
501,134,8,medium,432,0.02,0.0,0.133,0.792,0.129,0.168,0.012,59.4,2,59.18
502,152,18,micro,36,0.0,0.0,0.224,1.277,0.163,0.078,0.013,42.7,7,75.19
503,153,16,small,341,0.04,0.03,0.624,0.949,0.129,0.067,0.03,81.4,24,187.21
504,0,1,micro,17,0.0,0.0,0.396,0.911,0.129,0.15,0.068,47.3,5,243.89
505,141,17,micro,20,0.0,0.0,0.146,1.673,0.228,0.108,0.016,5.4,18,548.48
506,141,2,small,65,0.0,0.0,0.373,0.662,0.244,0.228,0.067,10.9,3,548.48
507,8,3,small,29,0.0,0.0,0.166,1.482,0.129,0.087,0.068,5.9,8,92.81
508,102,1,medium,18,0.0,0.0,0.057,1.052,0.129,0.144,0.055,24.5,7,105.35
509,17,9,medium,37,0.0,0.0,0.345,0.583,0.129,0.051,0.02,42.6,3,203.21
510,47,12,small,31,0.0,0.0,0.251,1.462,0.189,0.093,0.02,80.0,9,427.14
511,113,15,small,12,0.0,0.0,0.175,0.753,0.339,0.211,0.03,51.3,15,1742.79
512,2,0,medium,41,0.0,0.0,0.134,1.088,0.21,0.208,0.068,12.2,26,283.64
513,20,3,large,89,0.0,0.0,0.463,1.379,0.189,0.127,0.06,25.2,9,642.68
514,20,12,medium,179,0.01,0.0,0.215,1.409,0.228,0.229,0.036,14.0,20,642.68
515,31,10,large,392,0.05,0.01,0.174,1.514,0.27,0.242,0.022,24.6,12,946.03
516,6,1,small,10,0.0,0.0,0.223,1.403,0.282,0.142,0.075,40.7,8,719.97
517,125,18,micro,2,0.0,0.0,0.602,1.012,0.292,0.183,0.031,68.6,31,1326.71
518,43,15,small,25,0.0,0.0,0.26,0.988,0.163,0.134,0.019,19.1,2,109.83
519,175,7,medium,75,0.0,0.0,0.504,0.814,0.163,0.081,0.022,3.8,1,339.4
520,179,10,large,234,0.01,0.0,0.095,1.462,0.368,0.291,0.035,0.9,10,1808.04
521,143,7,large,98,0.01,0.0,0.116,0.69,0.163,0.059,0.012,48.0,10,178.51
522,9,9,medium,161,0.02,0.0,0.08,1.586,0.163,0.107,0.026,11.6,9,255.33
523,179,11,micro,1,0.0,0.0,0.121,0.858,0.357,0.146,0.04,15.9,7,1808.04
524,98,7,medium,142,0.01,0.0,0.072,1.047,0.163,0.081,0.019,16.0,10,149.17
525,46,12,medium,407,0.06,0.01,0.148,0.899,0.129,0.12,0.03,40.1,3,93.63
526,161,9,micro,27,0.0,0.0,0.353,1.285,0.129,0.066,0.014,31.1,1,326.06
527,78,13,micro,4,0.0,0.0,0.25,1.115,0.189,0.164,0.023,31.3,21,162.68
528,113,5,micro,9,0.0,0.0,0.109,1.008,0.339,0.174,0.044,5.4,5,1742.79
529,156,3,micro,8,0.0,0.0,0.193,1.37,0.292,0.068,0.077,18.6,4,958.89
530,21,0,small,26,0.0,0.0,0.241,1.049,0.163,0.174,0.065,144.3,2,118.42
531,40,12,large,395,0.03,0.01,0.422,0.935,0.189,0.186,0.025,15.8,20,310.59
532,187,19,small,14,0.0,0.0,0.303,0.442,0.129,0.026,0.022,37.0,7,137.99
533,149,8,small,22,0.0,0.0,0.231,1.795,0.163,0.032,0.018,112.5,29,199.73
534,58,4,small,19,0.0,0.0,0.292,0.948,0.129,0.086,0.065,21.4,1,206.7
535,122,0,medium,82,0.01,0.0,0.226,1.239,0.228,0.086,0.074,35.4,6,603.53
536,47,10,medium,111,0.01,0.0,0.127,1.437,0.21,0.079,0.015,4.6,8,427.14
537,176,19,small,6,0.0,0.0,0.213,1.041,0.189,0.04,0.012,14.7,15,150.36
538,106,19,small,17,0.0,0.0,0.081,0.849,0.282,0.253,0.033,13.1,5,978.66
539,166,2,large,1147,0.04,0.0,0.036,0.894,0.244,0.185,0.071,51.7,9,337.67
540,190,16,micro,17,0.0,0.0,0.337,1.057,0.129,0.033,0.016,18.2,9,94.96
541,192,3,small,14,0.0,0.0,0.244,0.593,0.129,0.015,0.061,20.0,1,183.85
542,31,16,medium,21,0.0,0.0,0.22,1.493,0.27,0.071,0.029,25.2,8,946.03
543,180,17,small,68,0.0,0.0,0.607,0.772,0.163,0.073,0.017,133.7,10,277.46
544,65,0,micro,5,0.0,0.0,0.298,0.523,0.228,0.214,0.063,25.0,12,576.08
545,82,4,small,59,0.01,0.0,0.385,0.894,0.228,0.076,0.058,53.5,2,650.6
546,9,1,medium,16,0.0,0.0,0.227,0.85,0.189,0.023,0.069,39.0,1,255.33
547,135,9,medium,16,0.0,0.0,0.075,0.732,0.228,0.206,0.034,28.7,8,699.2
548,134,0,large,284,0.02,0.01,0.428,0.721,0.129,0.18,0.059,78.8,11,59.18
549,161,12,small,5,0.0,0.0,0.106,0.769,0.163,0.217,0.032,24.2,23,326.06
550,181,11,small,25,0.0,0.0,0.478,0.992,0.163,0.009,0.029,4.6,24,62.98
551,103,7,micro,1,0.0,0.0,0.162,1.197,0.129,0.081,0.026,57.9,7,66.53
552,93,9,medium,212,0.01,0.0,0.29,1.316,0.129,0.205,0.029,79.2,3,106.95
553,133,19,small,33,0.0,0.0,0.103,0.844,0.189,0.015,0.014,19.6,11,238.31
554,138,3,small,9,0.0,0.0,0.182,0.843,0.189,0.105,0.061,141.5,1,334.79
555,106,14,medium,421,0.01,0.0,0.177,0.832,0.244,0.135,0.035,59.7,16,978.66
556,179,12,small,54,0.0,0.0,0.454,1.453,0.318,0.275,0.038,5.0,10,1808.04
557,6,13,micro,13,0.0,0.0,0.04,1.962,0.21,0.048,0.035,1.5,7,719.97
558,156,6,small,5,0.0,0.0,0.307,0.837,0.21,0.079,0.027,33.2,2,958.89
559,53,4,micro,7,0.0,0.0,0.064,1.02,0.189,0.192,0.067,91.4,8,273.6
560,113,13,medium,249,0.01,0.0,0.438,1.437,0.357,0.245,0.048,24.3,9,1742.79
561,173,18,small,20,0.0,0.0,0.466,1.916,0.129,0.104,0.026,6.7,22,208.75
562,73,19,small,58,0.0,0.0,0.106,1.04,0.21,0.091,0.028,6.8,1,709.56
563,179,9,small,129,0.01,0.01,0.462,1.133,0.339,0.133,0.047,1.3,6,1808.04
564,106,8,micro,4,0.0,0.0,0.243,0.868,0.258,0.14,0.04,37.7,7,978.66
565,145,6,large,239,0.02,0.01,0.552,1.605,0.189,0.087,0.031,124.8,14,324.35
566,151,16,medium,22,0.0,0.0,0.512,0.925,0.163,0.037,0.018,46.0,3,209.86
567,65,5,large,403,0.05,0.0,0.021,1.795,0.244,0.117,0.034,4.0,3,576.08
568,179,10,large,179,0.02,0.01,0.426,1.354,0.368,0.268,0.035,35.1,15,1808.04
569,31,6,medium,178,0.03,0.02,0.53,1.586,0.282,0.077,0.03,102.9,1,946.03
570,125,17,small,33,0.0,0.0,0.446,1.093,0.282,0.129,0.038,15.4,2,1326.71
571,179,5,large,773,0.08,0.03,0.322,1.661,0.346,0.179,0.035,7.4,10,1808.04
572,4,13,micro,6,0.0,0.0,0.123,1.01,0.163,0.016,0.018,7.1,3,117.43
573,113,11,small,8,0.0,0.0,0.204,0.896,0.378,0.189,0.039,13.0,16,1742.79
574,61,6,small,17,0.0,0.0,0.516,1.053,0.129,0.148,0.013,6.7,11,123.27
575,48,5,small,38,0.0,0.0,0.047,1.065,0.129,0.036,0.025,15.2,1,209.27
576,58,16,small,7,0.0,0.0,0.283,0.831,0.129,0.061,0.018,28.2,26,206.7
577,179,10,small,22,0.0,0.0,0.379,1.297,0.368,0.136,0.047,7.4,38,1808.04
578,101,12,micro,16,0.0,0.0,0.114,1.828,0.129,0.14,0.026,52.2,8,97.45
579,59,19,medium,11,0.0,0.0,0.709,0.742,0.163,0.082,0.026,2.5,6,393.68
580,179,7,micro,34,0.0,0.0,0.099,1.055,0.368,0.139,0.047,11.7,6,1808.04
581,73,16,small,5,0.0,0.0,0.07,1.237,0.228,0.047,0.032,16.4,17,709.56
582,151,12,micro,6,0.0,0.0,0.329,0.646,0.129,0.184,0.022,87.8,3,209.86
583,115,11,large,67,0.01,0.0,0.363,1.08,0.189,0.06,0.032,19.9,22,200.65
584,141,1,micro,71,0.0,0.0,0.232,0.759,0.189,0.154,0.075,0.2,37,548.48
585,47,18,micro,34,0.0,0.0,0.163,0.672,0.163,0.094,0.02,41.7,11,427.14
586,141,4,micro,4,0.0,0.0,0.313,0.732,0.21,0.124,0.07,117.1,2,548.48
587,179,9,small,51,0.01,0.0,0.445,1.559,0.339,0.247,0.034,5.8,5,1808.04
588,21,15,small,54,0.01,0.0,0.246,1.669,0.129,0.176,0.021,42.4,16,118.42
589,73,10,small,18,0.0,0.0,0.331,1.227,0.282,0.082,0.025,11.0,26,709.56
590,191,0,small,12,0.0,0.0,0.157,1.251,0.189,0.052,0.068,11.2,1,349.46
591,55,18,micro,7,0.0,0.0,0.016,1.142,0.21,0.058,0.028,88.0,3,376.64
592,7,0,micro,19,0.0,0.0,0.073,0.784,0.228,0.198,0.066,6.5,13,319.72
593,7,1,small,20,0.0,0.0,0.392,1.138,0.189,0.108,0.072,65.9,5,319.72
594,67,4,micro,5,0.0,0.0,0.293,0.891,0.129,0.077,0.062,7.9,14,404.86
595,113,11,small,18,0.0,0.0,0.4,1.077,0.378,0.24,0.046,48.1,4,1742.79
596,65,19,micro,16,0.0,0.0,0.74,1.174,0.244,0.092,0.02,50.6,4,576.08
597,67,18,micro,86,0.01,0.0,0.098,0.885,0.189,0.159,0.015,56.0,8,404.86
598,167,13,small,39,0.0,0.0,0.323,1.39,0.163,0.068,0.038,29.3,5,989.1
599,159,14,small,25,0.0,0.0,0.221,1.326,0.163,0.189,0.016,46.0,3,286.16
600,72,14,large,107,0.01,0.0,0.498,0.711,0.129,0.071,0.018,27.4,16,143.19
601,78,13,small,11,0.0,0.0,0.262,1.16,0.189,0.147,0.015,57.7,24,162.68
602,188,16,small,9,0.0,0.0,0.328,1.184,0.129,0.023,0.013,29.1,7,63.64
603,183,6,medium,40,0.0,0.0,0.193,1.498,0.129,0.088,0.022,89.3,14,240.44
604,191,4,large,287,0.02,0.0,0.074,1.358,0.244,0.081,0.063,50.9,9,349.46
605,179,6,medium,195,0.0,0.0,0.555,0.827,0.292,0.112,0.044,26.6,14,1808.04
606,127,0,micro,4,0.0,0.0,0.174,0.989,0.129,0.083,0.058,20.9,13,84.24
607,71,19,small,72,0.0,0.0,0.343,0.665,0.258,0.202,0.026,165.8,1,690.93
608,188,14,large,677,0.07,0.04,0.567,1.617,0.129,0.109,0.017,247.7,2,63.64
609,156,4,micro,10,0.0,0.0,0.101,0.706,0.282,0.221,0.075,14.9,17,958.89
610,148,5,small,9,0.0,0.0,0.23,0.99,0.129,0.213,0.022,49.4,1,250.12
611,164,19,small,22,0.0,0.0,0.408,0.838,0.189,0.111,0.032,3.3,2,388.92
612,125,15,micro,12,0.0,0.0,0.034,1.017,0.333,0.212,0.035,20.2,10,1326.71
613,124,8,large,2206,0.23,0.01,0.04,0.99,0.228,0.182,0.014,8.6,9,266.9
614,82,4,medium,17,0.0,0.0,0.568,1.368,0.228,0.12,0.07,75.7,4,650.6
615,34,0,medium,166,0.01,0.0,0.095,0.751,0.189,0.065,0.073,21.3,9,337.83
616,106,13,micro,70,0.0,0.0,0.126,1.194,0.292,0.094,0.03,12.6,1,978.66
617,113,15,micro,2,0.0,0.0,0.602,1.174,0.339,0.265,0.03,39.0,22,1742.79
618,177,2,micro,35,0.0,0.0,0.257,0.975,0.301,0.08,0.057,9.1,2,634.94
619,91,0,small,4,0.0,0.0,0.454,1.093,0.189,0.214,0.058,105.3,5,390.98
620,178,7,micro,10,0.0,0.0,0.314,0.77,0.129,0.108,0.028,28.2,2,113.9
621,73,13,small,36,0.0,0.0,0.214,0.851,0.228,0.039,0.036,65.5,4,709.56
622,180,18,micro,16,0.0,0.0,0.562,0.972,0.129,0.187,0.017,53.6,7,277.46
623,6,17,small,5,0.0,0.0,0.094,0.937,0.189,0.042,0.024,78.6,21,719.97
624,113,13,small,56,0.0,0.0,0.199,1.008,0.357,0.232,0.036,2.0,4,1742.79
625,73,16,small,8,0.0,0.0,0.221,1.145,0.228,0.069,0.018,128.2,16,709.56
626,71,7,medium,8,0.0,0.0,0.318,0.961,0.228,0.107,0.028,70.1,9,690.93
627,17,4,small,105,0.01,0.0,0.296,0.981,0.129,0.183,0.062,18.2,3,203.21
628,141,2,micro,2,0.0,0.0,0.202,0.74,0.244,0.085,0.072,63.0,7,548.48
629,89,3,small,13,0.0,0.0,0.123,1.285,0.189,0.128,0.058,29.6,5,247.96
630,183,19,micro,31,0.0,0.0,0.089,0.905,0.228,0.092,0.016,182.2,7,240.44
631,149,18,large,746,0.03,0.01,0.38,0.904,0.189,0.133,0.027,20.4,5,199.73
632,106,0,medium,62,0.0,0.0,0.239,0.727,0.27,0.114,0.064,17.8,3,978.66
633,126,9,small,29,0.0,0.0,0.238,0.943,0.129,0.182,0.023,25.8,10,55.12
634,9,7,micro,15,0.0,0.0,0.332,0.592,0.189,0.117,0.032,66.7,3,255.33
635,125,13,small,66,0.0,0.0,0.285,1.492,0.31,0.27,0.025,5.2,10,1326.71
636,138,6,medium,59,0.01,0.0,0.202,1.269,0.21,0.064,0.017,7.3,18,334.79
637,24,5,small,6,0.0,0.0,0.193,0.889,0.129,0.179,0.025,1.4,10,86.11
638,141,16,large,131,0.01,0.0,0.247,0.795,0.189,0.147,0.03,56.3,15,548.48
639,111,18,medium,352,0.03,0.01,0.296,2.116,0.163,0.045,0.03,68.3,1,144.53
640,113,4,micro,4,0.0,0.0,0.355,1.72,0.326,0.202,0.08,7.6,8,1742.79
641,152,4,micro,15,0.0,0.0,0.493,1.507,0.129,0.097,0.053,11.2,10,75.19
642,106,8,small,103,0.01,0.0,0.408,0.749,0.258,0.234,0.034,22.3,15,978.66
643,58,14,small,13,0.0,0.0,0.346,1.373,0.21,0.015,0.019,10.9,9,206.7
644,71,3,micro,4,0.0,0.0,0.167,1.373,0.21,0.168,0.059,17.4,2,690.93
645,156,9,micro,30,0.0,0.0,0.178,1.386,0.244,0.248,0.03,68.7,9,958.89
646,12,16,medium,13,0.0,0.0,0.483,1.549,0.163,0.185,0.025,34.5,8,189.04
647,168,4,medium,77,0.0,0.0,0.674,0.833,0.163,0.131,0.055,48.2,5,116.12
648,122,0,medium,50,0.0,0.0,0.255,0.823,0.228,0.173,0.066,7.8,8,603.53
649,153,18,small,41,0.0,0.0,0.341,0.958,0.163,0.057,0.029,22.3,25,187.21
650,77,15,small,20,0.0,0.0,0.584,1.202,0.129,0.199,0.015,105.6,2,110.06
651,55,13,small,8,0.0,0.0,0.37,0.878,0.163,0.202,0.026,29.6,6,376.64
652,165,1,small,10,0.0,0.0,0.144,2.281,0.163,0.183,0.071,151.0,2,224.25
653,22,17,medium,41,0.0,0.0,0.284,1.435,0.189,0.027,0.031,113.4,17,158.78
654,40,6,medium,57,0.0,0.0,0.234,1.461,0.21,0.064,0.02,55.6,6,310.59
655,68,4,medium,19,0.0,0.0,0.29,1.017,0.129,0.096,0.057,92.4,2,213.07
656,81,9,micro,1,0.0,0.0,0.117,1.359,0.129,0.102,0.025,36.6,5,212.11
657,52,18,micro,2,0.0,0.0,0.278,0.77,0.129,0.145,0.022,27.4,11,75.42
658,179,19,micro,8,0.0,0.0,0.325,1.059,0.318,0.161,0.037,46.3,32,1808.04
659,3,12,medium,168,0.01,0.0,0.038,0.794,0.21,0.082,0.02,75.0,22,680.64
660,165,19,micro,28,0.0,0.0,0.303,0.765,0.163,0.098,0.018,15.9,4,224.25
661,96,9,micro,4,0.0,0.0,0.329,0.911,0.189,0.021,0.019,23.7,7,199.56
662,167,0,small,5,0.0,0.0,0.095,0.766,0.292,0.15,0.077,37.4,15,989.1
663,164,5,large,410,0.02,0.01,0.31,1.289,0.244,0.181,0.027,14.0,5,388.92
664,31,6,micro,2,0.0,0.0,0.337,1.439,0.282,0.147,0.037,34.9,13,946.03
665,138,15,small,44,0.0,0.0,0.459,1.09,0.21,0.209,0.028,12.4,55,334.79
666,86,2,large,61,0.01,0.0,0.334,1.203,0.163,0.072,0.073,101.3,11,370.7
667,167,3,medium,56,0.0,0.0,0.351,1.463,0.244,0.064,0.064,13.2,9,989.1
668,173,12,medium,22,0.0,0.0,0.295,1.009,0.189,0.196,0.021,3.6,8,208.75
669,47,2,medium,26,0.0,0.0,0.341,1.46,0.163,0.152,0.07,17.3,46,427.14
670,113,9,micro,38,0.0,0.0,0.068,1.608,0.244,0.162,0.044,31.9,13,1742.79
671,125,0,small,8,0.0,0.0,0.051,1.141,0.27,0.245,0.082,63.1,4,1326.71
672,118,13,small,31,0.0,0.0,0.305,1.513,0.21,0.028,0.026,15.7,6,465.37
673,64,18,micro,11,0.0,0.0,0.314,1.214,0.163,0.023,0.032,42.7,19,334.46
674,66,17,micro,4,0.0,0.0,0.106,0.96,0.129,0.13,0.029,8.2,6,138.1
675,175,1,small,22,0.0,0.0,0.379,0.939,0.189,0.117,0.058,36.5,1,339.4
676,4,11,small,37,0.0,0.0,0.324,1.028,0.129,0.139,0.019,3.1,10,117.43
677,65,2,medium,13,0.0,0.0,0.755,0.652,0.189,0.054,0.06,22.6,17,576.08
678,55,1,medium,82,0.0,0.0,0.541,0.625,0.228,0.118,0.055,49.4,30,376.64
679,83,12,medium,25,0.0,0.0,0.143,1.232,0.163,0.175,0.019,82.3,4,88.39
680,141,11,micro,13,0.0,0.0,0.281,1.204,0.27,0.155,0.029,81.3,12,548.48
681,114,1,small,4,0.0,0.0,0.417,1.03,0.129,0.018,0.054,58.2,38,122.44
682,117,7,small,13,0.0,0.0,0.486,0.738,0.129,0.123,0.019,111.7,10,46.12
683,154,6,micro,17,0.0,0.0,0.044,1.759,0.129,0.115,0.014,38.5,7,198.95
684,166,6,medium,36,0.0,0.0,0.041,1.254,0.189,0.038,0.022,56.6,17,337.67
685,36,6,micro,25,0.0,0.0,0.747,0.632,0.163,0.044,0.024,28.2,3,182.89
686,25,16,micro,7,0.0,0.0,0.24,1.276,0.129,0.087,0.028,76.3,7,165.82
687,71,7,small,19,0.0,0.0,0.276,1.059,0.228,0.046,0.018,41.1,1,690.93
688,167,6,micro,13,0.0,0.0,0.068,0.693,0.27,0.069,0.023,2.4,5,989.1
689,118,0,medium,51,0.0,0.0,0.188,0.901,0.189,0.032,0.07,104.0,6,465.37
690,31,15,micro,2,0.0,0.0,0.422,1.305,0.31,0.16,0.027,41.7,4,946.03
691,39,13,small,12,0.0,0.0,0.499,0.71,0.189,0.198,0.018,30.8,2,180.7
692,179,6,small,151,0.01,0.0,0.276,1.208,0.292,0.206,0.039,19.5,6,1808.04
693,82,9,medium,102,0.01,0.0,0.056,1.372,0.244,0.152,0.02,110.1,6,650.6
694,64,15,micro,38,0.0,0.0,0.12,1.255,0.21,0.191,0.018,36.2,20,334.46
695,143,6,micro,2,0.0,0.0,0.257,0.935,0.163,0.198,0.021,5.6,15,178.51
696,175,9,medium,60,0.01,0.0,0.039,1.336,0.189,0.189,0.016,6.8,3,339.4
697,106,0,small,2,0.0,0.0,0.334,1.282,0.27,0.117,0.064,47.8,12,978.66
698,163,18,micro,6,0.0,0.0,0.089,0.77,0.129,0.12,0.02,41.4,1,65.32
699,104,7,small,73,0.01,0.0,0.538,0.789,0.129,0.199,0.014,46.9,1,126.31
700,143,5,small,34,0.0,0.0,0.155,0.887,0.163,0.137,0.021,2.9,8,178.51
701,122,12,small,46,0.0,0.0,0.546,0.808,0.244,0.069,0.023,20.3,15,603.53
702,179,10,micro,18,0.0,0.0,0.499,1.051,0.368,0.163,0.039,103.9,11,1808.04
703,73,8,small,81,0.01,0.0,0.248,1.182,0.228,0.069,0.018,213.9,11,709.56
704,159,18,small,11,0.0,0.0,0.264,0.984,0.163,0.171,0.018,21.3,1,286.16
705,141,7,small,12,0.0,0.0,0.522,1.197,0.129,0.15,0.018,4.4,15,548.48
706,167,19,large,104,0.01,0.0,0.158,1.547,0.21,0.237,0.038,16.1,5,989.1
707,125,15,medium,141,0.0,0.0,0.325,1.002,0.333,0.156,0.042,61.3,16,1326.71
708,106,18,small,27,0.0,0.0,0.199,0.533,0.292,0.127,0.034,75.5,16,978.66
709,6,5,small,14,0.0,0.0,0.307,1.081,0.189,0.113,0.029,8.1,15,719.97
710,167,1,micro,4,0.0,0.0,0.297,1.427,0.282,0.127,0.065,47.2,8,989.1
711,179,8,medium,20,0.0,0.0,0.226,0.591,0.31,0.109,0.031,5.6,1,1808.04
712,106,6,small,5,0.0,0.0,0.385,1.443,0.163,0.252,0.028,2.2,2,978.66
713,55,1,medium,51,0.0,0.0,0.264,0.693,0.228,0.046,0.056,33.2,5,376.64
714,135,1,medium,59,0.01,0.0,0.306,1.882,0.189,0.103,0.073,43.8,12,699.2
715,31,3,large,139,0.01,0.0,0.156,1.105,0.318,0.245,0.067,1.5,26,946.03
716,6,7,micro,33,0.0,0.0,0.462,0.862,0.228,0.057,0.027,57.5,1,719.97
717,70,18,micro,6,0.0,0.0,0.524,1.194,0.163,0.188,0.028,45.1,3,213.02
718,141,13,micro,2,0.0,0.0,0.313,1.264,0.21,0.104,0.022,127.4,6,548.48
719,167,7,medium,59,0.0,0.0,0.25,1.381,0.282,0.154,0.031,27.6,15,989.1
720,36,15,medium,20,0.0,0.0,0.22,1.361,0.129,0.117,0.017,23.7,1,182.89
721,181,11,small,14,0.0,0.0,0.322,1.293,0.163,0.035,0.014,59.4,2,62.98
722,118,8,large,147,0.01,0.01,0.397,0.879,0.228,0.209,0.033,113.1,22,465.37
723,179,2,small,1,0.0,0.0,0.288,0.633,0.318,0.153,0.078,5.3,4,1808.04
724,34,18,large,42,0.01,0.0,0.211,1.493,0.189,0.029,0.024,27.4,14,337.83
725,106,12,small,9,0.0,0.0,0.534,1.173,0.228,0.068,0.039,111.7,18,978.66
726,104,8,large,119,0.02,0.0,0.229,1.153,0.129,0.03,0.025,54.0,7,126.31
727,96,8,micro,13,0.0,0.0,0.193,0.819,0.129,0.038,0.016,32.1,6,199.56
728,179,15,micro,35,0.0,0.0,0.227,1.654,0.326,0.173,0.039,23.2,7,1808.04
729,173,3,small,21,0.0,0.0,0.311,0.543,0.129,0.136,0.072,34.9,4,208.75
730,164,8,small,23,0.0,0.0,0.537,0.976,0.189,0.154,0.024,47.8,19,388.92
731,68,1,small,143,0.01,0.0,0.496,1.45,0.129,0.161,0.061,33.0,9,213.07
732,76,1,large,396,0.07,0.03,0.414,1.075,0.129,0.077,0.068,16.2,2,161.91
733,65,10,micro,8,0.0,0.0,0.135,1.43,0.228,0.156,0.036,45.6,30,576.08
734,164,7,medium,35,0.0,0.0,0.514,1.065,0.21,0.198,0.018,152.3,43,388.92
735,89,14,small,40,0.0,0.0,0.317,0.715,0.163,0.061,0.022,65.0,8,247.96
736,191,19,medium,127,0.01,0.0,0.175,0.689,0.129,0.147,0.017,3.9,69,349.46
737,82,17,micro,8,0.0,0.0,0.399,1.099,0.244,0.059,0.027,26.5,8,650.6
738,40,8,small,5,0.0,0.0,0.042,1.003,0.189,0.161,0.028,18.7,2,310.59
739,179,7,large,273,0.02,0.0,0.138,1.228,0.368,0.286,0.036,33.8,2,1808.04
740,162,11,small,60,0.0,0.0,0.069,0.901,0.189,0.121,0.023,77.8,7,472.76
741,124,1,medium,70,0.01,0.0,0.215,1.033,0.189,0.132,0.058,51.8,5,266.9
742,175,19,micro,6,0.0,0.0,0.303,0.861,0.189,0.199,0.024,35.5,5,339.4
743,183,19,micro,22,0.0,0.0,0.052,0.892,0.228,0.026,0.024,20.6,9,240.44
744,175,18,small,11,0.0,0.0,0.246,1.157,0.189,0.128,0.021,111.5,8,339.4
745,179,13,large,279,0.06,0.02,0.355,1.25,0.346,0.172,0.048,4.1,24,1808.04
746,66,10,small,32,0.0,0.0,0.028,1.042,0.163,0.073,0.024,4.3,3,138.1
747,113,14,medium,49,0.0,0.0,0.345,1.065,0.326,0.194,0.039,14.6,1,1742.79
748,164,6,micro,12,0.0,0.0,0.328,1.447,0.21,0.16,0.022,5.4,1,388.92
749,113,17,medium,81,0.01,0.0,0.57,1.428,0.326,0.284,0.032,21.3,10,1742.79
750,133,2,large,36,0.0,0.0,0.233,1.73,0.189,0.177,0.053,68.6,2,238.31
751,179,16,medium,100,0.02,0.01,0.331,1.701,0.383,0.128,0.034,21.0,8,1808.04
752,71,17,small,39,0.0,0.0,0.473,0.927,0.282,0.123,0.024,39.3,1,690.93
753,116,3,small,208,0.01,0.01,0.538,0.983,0.163,0.014,0.062,179.5,14,143.35
754,120,9,small,4,0.0,0.0,0.526,0.854,0.163,0.039,0.019,14.0,8,327.35
755,82,17,micro,3,0.0,0.0,0.362,0.738,0.244,0.134,0.023,82.7,28,650.6
756,82,19,micro,28,0.0,0.0,0.148,1.294,0.21,0.23,0.032,3.6,22,650.6
757,159,16,large,321,0.01,0.0,0.389,0.575,0.189,0.181,0.014,27.7,18,286.16
758,179,18,small,18,0.0,0.0,0.127,1.145,0.301,0.111,0.032,10.9,3,1808.04
759,129,18,micro,4,0.0,0.0,0.021,1.624,0.129,0.063,0.027,33.3,1,89.7
760,113,19,micro,9,0.0,0.0,0.394,1.016,0.31,0.205,0.033,14.6,6,1742.79
761,156,8,micro,2,0.0,0.0,0.34,0.815,0.282,0.077,0.028,5.0,16,958.89
762,198,5,small,52,0.0,0.0,0.574,1.829,0.163,0.063,0.02,84.5,1,157.31
763,18,12,micro,47,0.01,0.0,0.069,1.34,0.129,0.011,0.025,3.5,11,59.86
764,135,3,medium,32,0.0,0.0,0.234,0.892,0.163,0.146,0.062,136.1,4,699.2
765,119,11,small,14,0.0,0.0,0.082,0.733,0.163,0.119,0.032,16.2,17,314.8
766,125,11,micro,10,0.0,0.0,0.38,1.271,0.339,0.127,0.039,25.2,7,1326.71
767,3,16,micro,57,0.0,0.0,0.164,0.51,0.228,0.151,0.018,4.8,35,680.64
768,185,7,small,26,0.0,0.0,0.336,0.703,0.129,0.134,0.033,17.9,1,303.08
769,20,12,micro,79,0.0,0.0,0.448,1.127,0.228,0.158,0.017,18.2,16,642.68
770,71,18,medium,90,0.0,0.0,0.706,1.623,0.21,0.208,0.021,42.9,3,690.93
771,71,8,small,53,0.0,0.0,0.435,1.173,0.21,0.16,0.03,112.2,3,690.93
772,155,11,small,8,0.0,0.0,0.689,1.163,0.129,0.146,0.017,16.3,3,72.65
773,138,15,large,132,0.01,0.0,0.083,0.983,0.21,0.1,0.033,23.8,2,334.79
774,8,4,large,67,0.01,0.0,0.465,0.971,0.129,0.044,0.066,1.1,6,92.81
775,34,2,large,92,0.01,0.0,0.079,0.691,0.21,0.083,0.068,74.9,9,337.83
776,73,13,micro,2,0.0,0.0,0.027,1.215,0.228,0.222,0.024,1.5,2,709.56
777,145,7,medium,134,0.01,0.0,0.089,1.33,0.163,0.029,0.034,137.7,1,324.35
778,179,7,small,51,0.0,0.0,0.069,0.904,0.368,0.116,0.045,16.6,22,1808.04
779,73,18,large,261,0.02,0.01,0.476,0.919,0.27,0.218,0.019,5.3,10,709.56
780,113,8,small,3,0.0,0.0,0.334,0.892,0.333,0.236,0.039,120.8,9,1742.79
781,84,19,small,11,0.0,0.0,0.286,0.857,0.129,0.19,0.024,35.5,2,66.12
782,122,2,micro,27,0.0,0.0,0.429,1.317,0.228,0.044,0.076,52.7,13,603.53
783,126,6,micro,12,0.0,0.0,0.246,0.885,0.163,0.095,0.025,102.7,16,55.12
784,113,13,small,35,0.01,0.0,0.381,1.528,0.357,0.291,0.048,53.9,1,1742.79
785,89,2,medium,15,0.0,0.0,0.401,0.751,0.129,0.102,0.068,3.3,25,247.96
786,177,7,small,139,0.0,0.0,0.182,0.609,0.21,0.069,0.026,3.0,2,634.94
787,165,17,small,7,0.0,0.0,0.346,1.593,0.189,0.023,0.027,37.4,11,224.25
788,198,15,small,8,0.0,0.0,0.122,1.313,0.129,0.104,0.015,62.9,7,157.31
789,96,5,medium,21,0.0,0.0,0.335,0.665,0.163,0.126,0.028,38.7,2,199.56
790,6,7,medium,127,0.0,0.0,0.397,0.71,0.228,0.06,0.022,25.4,2,719.97
791,135,10,micro,13,0.0,0.0,0.304,0.862,0.282,0.212,0.031,49.9,12,699.2
792,162,14,micro,12,0.0,0.0,0.151,0.941,0.163,0.143,0.023,8.4,3,472.76
793,179,3,small,8,0.0,0.0,0.789,2.266,0.352,0.156,0.079,10.3,13,1808.04
794,2,10,medium,57,0.01,0.0,0.287,1.109,0.129,0.122,0.031,23.9,26,283.64
795,177,1,medium,40,0.0,0.0,0.05,1.739,0.244,0.152,0.064,53.1,8,634.94
796,113,7,medium,94,0.0,0.0,0.17,0.998,0.31,0.189,0.043,35.8,3,1742.79
797,86,3,small,14,0.0,0.0,0.353,1.449,0.21,0.056,0.068,18.6,20,370.7
798,55,6,medium,514,0.03,0.01,0.189,1.49,0.189,0.206,0.034,5.1,8,376.64
799,167,6,small,28,0.0,0.0,0.03,1.271,0.27,0.094,0.033,26.0,5,989.1
800,82,15,micro,4,0.0,0.0,0.191,1.251,0.163,0.099,0.026,84.0,6,650.6
801,125,5,medium,99,0.0,0.0,0.179,0.745,0.318,0.117,0.042,34.9,9,1326.71
802,113,13,small,12,0.0,0.0,0.014,1.269,0.357,0.223,0.04,5.0,4,1742.79
803,65,10,small,8,0.0,0.0,0.412,1.344,0.228,0.107,0.028,50.6,5,576.08
804,162,16,small,27,0.0,0.0,0.271,1.677,0.244,0.122,0.016,128.4,7,472.76
805,71,6,large,701,0.1,0.02,0.226,1.454,0.21,0.186,0.033,65.9,4,690.93
806,162,19,micro,15,0.0,0.0,0.129,1.116,0.163,0.065,0.025,81.6,9,472.76
807,94,5,small,15,0.0,0.0,0.254,0.761,0.163,0.023,0.026,128.1,3,100.27
808,3,11,large,47,0.0,0.0,0.476,1.394,0.258,0.106,0.02,115.2,1,680.64
809,159,12,medium,30,0.0,0.0,0.312,1.063,0.189,0.211,0.018,3.4,2,286.16
810,179,10,small,8,0.0,0.0,0.195,1.0,0.368,0.202,0.042,46.2,23,1808.04
811,31,17,micro,11,0.0,0.0,0.166,0.986,0.244,0.155,0.037,145.6,12,946.03
812,124,2,micro,1,0.0,0.0,0.645,0.775,0.189,0.056,0.062,47.8,40,266.9
813,12,11,micro,14,0.0,0.0,0.301,1.464,0.189,0.167,0.025,65.3,17,189.04
814,167,10,micro,22,0.0,0.0,0.124,1.237,0.301,0.082,0.039,3.6,9,989.1
815,195,8,medium,53,0.01,0.0,0.044,1.813,0.21,0.156,0.023,20.5,16,218.18
816,113,6,micro,2,0.0,0.0,0.143,1.362,0.31,0.214,0.046,0.7,9,1742.79
817,73,3,micro,3,0.0,0.0,0.231,0.875,0.27,0.171,0.066,118.5,27,709.56
818,172,12,small,13,0.0,0.0,0.271,1.3,0.163,0.076,0.022,95.0,12,137.4
819,113,2,medium,75,0.01,0.0,0.233,1.807,0.387,0.225,0.084,23.1,3,1742.79
820,106,16,small,5,0.0,0.0,0.063,1.294,0.27,0.236,0.027,71.2,12,978.66
821,55,8,medium,280,0.01,0.0,0.081,1.014,0.163,0.202,0.033,12.7,5,376.64
822,125,12,medium,1157,0.07,0.03,0.495,0.669,0.292,0.253,0.029,65.0,23,1326.71
823,125,1,micro,10,0.0,0.0,0.093,1.348,0.258,0.124,0.083,24.6,10,1326.71
824,65,1,medium,105,0.01,0.0,0.302,0.798,0.163,0.124,0.074,65.8,3,576.08
825,54,4,small,93,0.01,0.0,0.13,1.912,0.189,0.066,0.065,91.3,14,416.13
826,106,15,small,6,0.0,0.0,0.274,1.109,0.27,0.138,0.038,1.8,1,978.66
827,106,9,micro,6,0.0,0.0,0.043,0.926,0.292,0.229,0.037,2.1,7,978.66
828,31,6,medium,55,0.01,0.0,0.254,1.196,0.282,0.204,0.034,3.7,3,946.03
829,67,16,small,12,0.0,0.0,0.323,1.058,0.129,0.026,0.033,21.7,10,404.86
830,37,3,small,37,0.0,0.0,0.207,1.147,0.129,0.134,0.051,18.4,8,20.91
831,179,5,micro,15,0.0,0.0,0.12,0.909,0.346,0.17,0.044,26.2,6,1808.04
832,12,15,micro,13,0.0,0.0,0.29,1.714,0.163,0.183,0.031,104.8,21,189.04
833,177,0,small,44,0.0,0.0,0.352,0.846,0.258,0.215,0.058,17.5,21,634.94
834,113,4,large,74,0.01,0.0,0.607,1.362,0.326,0.148,0.081,12.2,4,1742.79
835,138,10,small,10,0.0,0.0,0.6,0.867,0.189,0.039,0.03,5.5,3,334.79
836,179,18,large,329,0.07,0.02,0.307,1.254,0.301,0.143,0.036,1.4,10,1808.04
837,82,5,micro,6,0.0,0.0,0.419,1.756,0.189,0.073,0.024,112.7,7,650.6
838,145,4,medium,74,0.0,0.0,0.18,0.914,0.21,0.11,0.07,9.4,4,324.35
839,138,19,small,11,0.0,0.0,0.124,0.633,0.189,0.107,0.018,18.9,8,334.79
840,195,10,large,209,0.01,0.0,0.194,1.057,0.189,0.151,0.02,2.2,15,218.18
841,6,1,large,138,0.01,0.0,0.283,1.247,0.282,0.051,0.059,39.4,3,719.97
842,106,5,micro,3,0.0,0.0,0.016,1.226,0.228,0.245,0.025,12.9,25,978.66
843,195,10,small,25,0.0,0.0,0.711,1.555,0.189,0.054,0.018,139.9,1,218.18
844,73,1,large,1042,0.09,0.03,0.338,0.774,0.27,0.092,0.062,0.6,20,709.56
845,186,13,small,16,0.0,0.0,0.293,0.735,0.163,0.028,0.029,62.2,4,238.23
846,167,10,small,45,0.0,0.0,0.527,0.629,0.301,0.117,0.037,28.6,19,989.1
847,76,14,small,89,0.0,0.0,0.288,1.226,0.163,0.091,0.023,21.3,11,161.91
848,3,6,micro,15,0.0,0.0,0.03,1.624,0.27,0.197,0.032,61.6,3,680.64
849,67,8,medium,172,0.01,0.0,0.109,0.979,0.129,0.207,0.032,4.2,6,404.86
850,31,18,small,57,0.01,0.0,0.501,1.381,0.228,0.085,0.032,48.1,12,946.03
851,103,4,small,21,0.0,0.0,0.238,0.858,0.129,0.023,0.059,35.5,13,66.53
852,179,0,micro,13,0.0,0.0,0.252,0.674,0.31,0.296,0.073,101.2,14,1808.04
853,113,19,medium,44,0.0,0.0,0.171,1.153,0.31,0.191,0.042,20.3,1,1742.79
854,106,0,medium,149,0.0,0.0,0.608,0.775,0.27,0.116,0.066,4.9,1,978.66
855,54,17,medium,31,0.0,0.0,0.593,1.054,0.189,0.051,0.028,80.2,8,416.13
856,125,16,micro,27,0.0,0.0,0.376,0.979,0.318,0.243,0.032,18.6,2,1326.71
857,106,9,medium,79,0.0,0.0,0.279,0.733,0.292,0.162,0.022,10.7,4,978.66
858,161,14,micro,16,0.0,0.0,0.365,0.589,0.129,0.097,0.027,9.3,26,326.06
859,113,2,medium,7,0.0,0.0,0.128,1.683,0.387,0.273,0.083,71.2,22,1742.79
860,179,15,small,2,0.0,0.0,0.292,0.699,0.326,0.27,0.047,30.5,20,1808.04
861,162,15,micro,3,0.0,0.0,0.216,0.645,0.189,0.097,0.025,20.4,15,472.76
862,32,1,micro,16,0.0,0.0,0.673,1.442,0.129,0.076,0.057,120.4,1,146.42
863,31,9,small,10,0.0,0.0,0.229,1.273,0.282,0.111,0.023,23.3,5,946.03
864,3,18,large,287,0.01,0.0,0.102,0.648,0.258,0.118,0.019,95.7,2,680.64
865,82,19,micro,23,0.0,0.0,0.171,0.772,0.21,0.088,0.018,36.7,6,650.6
866,7,19,micro,24,0.0,0.0,0.048,1.041,0.129,0.061,0.032,1.9,10,319.72
867,106,13,micro,63,0.0,0.0,0.416,2.289,0.292,0.078,0.026,18.8,4,978.66
868,59,2,medium,100,0.0,0.0,0.279,1.386,0.163,0.116,0.069,2.6,13,393.68
869,113,8,micro,85,0.01,0.0,0.26,1.583,0.333,0.231,0.037,24.2,13,1742.79
870,36,14,small,19,0.0,0.0,0.23,1.749,0.189,0.16,0.028,77.9,27,182.89
871,118,5,micro,10,0.0,0.0,0.276,1.342,0.189,0.209,0.033,24.3,20,465.37
872,187,16,micro,13,0.0,0.0,0.351,1.753,0.129,0.06,0.028,2.5,3,137.99
873,131,17,micro,2,0.0,0.0,0.252,0.785,0.129,0.106,0.022,63.9,1,158.95
874,120,15,small,34,0.0,0.0,0.512,0.752,0.163,0.171,0.023,61.1,4,327.35
875,162,6,small,18,0.0,0.0,0.159,1.105,0.228,0.037,0.02,23.5,3,472.76
876,1,14,micro,42,0.0,0.0,0.54,1.051,0.163,0.074,0.025,14.1,3,129.25
877,67,1,micro,14,0.0,0.0,0.138,1.453,0.189,0.035,0.073,15.6,4,404.86
878,194,6,small,11,0.0,0.0,0.115,0.88,0.163,0.064,0.019,24.1,2,176.48
879,162,15,micro,3,0.0,0.0,0.425,1.062,0.189,0.031,0.027,1.9,5,472.76
880,20,15,small,26,0.0,0.0,0.231,0.954,0.228,0.188,0.034,4.8,43,642.68
881,73,6,small,204,0.0,0.0,0.257,0.621,0.163,0.225,0.034,56.3,1,709.56
882,106,19,micro,7,0.0,0.0,0.617,1.142,0.282,0.139,0.033,92.3,10,978.66
883,179,5,small,26,0.0,0.0,0.308,0.976,0.346,0.205,0.046,83.0,12,1808.04
884,124,13,micro,16,0.0,0.0,0.216,0.916,0.189,0.117,0.013,212.4,1,266.9
885,16,17,micro,1,0.0,0.0,0.374,1.079,0.129,0.106,0.019,4.9,1,53.9
886,113,11,small,43,0.01,0.0,0.173,1.295,0.378,0.266,0.049,4.2,4,1742.79
887,70,8,small,10,0.0,0.0,0.206,1.062,0.163,0.155,0.028,11.4,6,213.02
888,75,4,micro,16,0.0,0.0,0.425,2.016,0.163,0.121,0.057,2.0,1,337.61
889,27,3,large,167,0.01,0.0,0.215,0.845,0.129,0.19,0.061,37.6,17,216.09
890,106,3,small,46,0.0,0.0,0.144,1.272,0.27,0.108,0.069,6.9,13,978.66
891,138,8,medium,338,0.03,0.01,0.195,1.042,0.163,0.114,0.033,57.7,66,334.79
892,156,10,small,8,0.0,0.0,0.158,0.92,0.244,0.141,0.039,60.4,3,958.89
893,144,16,micro,5,0.0,0.0,0.505,0.965,0.189,0.076,0.031,1.9,1,192.46
894,135,4,large,397,0.06,0.01,0.116,1.46,0.163,0.112,0.073,10.5,6,699.2
895,177,15,medium,64,0.0,0.0,0.33,0.936,0.228,0.171,0.027,56.5,7,634.94
896,75,13,micro,25,0.0,0.0,0.337,1.137,0.163,0.061,0.023,55.5,17,337.61
897,54,12,large,342,0.04,0.02,0.392,0.799,0.21,0.158,0.034,16.9,27,416.13
898,20,6,micro,6,0.0,0.0,0.255,1.202,0.163,0.137,0.037,65.4,2,642.68
899,40,6,large,143,0.01,0.0,0.052,1.058,0.21,0.022,0.015,50.8,3,310.59
900,34,15,micro,6,0.0,0.0,0.591,0.86,0.129,0.053,0.03,94.7,32,337.83
901,179,5,small,5,0.0,0.0,0.227,0.646,0.346,0.145,0.034,17.6,1,1808.04
902,45,6,small,181,0.01,0.0,0.14,0.914,0.129,0.006,0.03,35.2,10,72.25
903,20,19,small,19,0.0,0.0,0.35,0.782,0.228,0.231,0.026,12.7,7,642.68
904,91,19,micro,5,0.0,0.0,0.131,1.423,0.244,0.085,0.02,238.3,6,390.98
905,40,0,small,270,0.02,0.0,0.236,1.679,0.228,0.027,0.067,39.6,2,310.59
906,31,13,small,38,0.0,0.0,0.371,0.76,0.27,0.172,0.035,10.9,6,946.03
907,82,10,micro,32,0.0,0.0,0.382,0.752,0.163,0.076,0.034,9.2,6,650.6
908,179,9,small,15,0.0,0.0,0.229,1.309,0.339,0.18,0.038,0.2,19,1808.04
909,3,5,medium,62,0.0,0.0,0.232,0.604,0.244,0.159,0.031,5.3,19,680.64
910,53,10,small,27,0.0,0.0,0.104,0.707,0.244,0.12,0.026,0.1,5,273.6
911,167,9,small,10,0.0,0.0,0.504,0.988,0.292,0.139,0.04,9.3,1,989.1
912,60,8,small,12,0.0,0.0,0.091,1.385,0.129,0.071,0.012,26.1,7,91.91
913,106,16,small,91,0.01,0.0,0.387,0.735,0.27,0.187,0.028,57.5,3,978.66
914,20,5,medium,10,0.0,0.0,0.66,1.033,0.21,0.127,0.037,12.0,2,642.68
915,164,11,small,101,0.03,0.0,0.059,1.854,0.163,0.183,0.018,57.0,9,388.92
916,156,17,small,57,0.01,0.0,0.076,0.667,0.258,0.221,0.023,67.8,5,958.89
917,31,19,small,31,0.0,0.0,0.311,0.899,0.258,0.114,0.022,74.8,8,946.03
918,183,12,large,425,0.01,0.0,0.159,1.363,0.129,0.049,0.02,16.6,14,240.44
919,125,10,small,6,0.0,0.0,0.179,1.074,0.301,0.126,0.041,92.5,15,1326.71
920,164,16,medium,10,0.0,0.0,0.68,1.4,0.163,0.089,0.022,31.9,7,388.92
921,157,3,large,60,0.01,0.0,0.42,1.514,0.189,0.062,0.063,35.4,24,238.37
922,113,12,micro,3,0.0,0.0,0.44,0.923,0.333,0.121,0.036,42.9,13,1742.79
923,156,1,small,5,0.0,0.0,0.351,1.081,0.292,0.135,0.069,2.5,14,958.89
924,59,13,medium,106,0.02,0.01,0.567,1.36,0.163,0.119,0.017,0.4,14,393.68
925,3,15,medium,49,0.0,0.0,0.058,0.897,0.228,0.077,0.025,41.4,5,680.64
926,77,1,small,42,0.0,0.0,0.402,0.757,0.129,0.201,0.063,58.8,5,110.06
927,34,16,small,35,0.0,0.0,0.144,1.274,0.163,0.148,0.02,34.9,11,337.83
928,192,2,large,104,0.02,0.01,0.458,1.193,0.163,0.144,0.055,55.9,7,183.85
929,179,3,large,550,0.06,0.01,0.23,0.906,0.352,0.226,0.081,24.6,3,1808.04
930,31,16,small,13,0.0,0.0,0.186,1.098,0.27,0.205,0.034,2.8,25,946.03
931,78,2,medium,48,0.0,0.0,0.334,0.84,0.129,0.158,0.071,27.6,1,162.68
932,113,13,large,159,0.02,0.0,0.204,1.18,0.357,0.194,0.039,32.4,2,1742.79
933,91,5,small,63,0.0,0.0,0.399,1.002,0.163,0.15,0.031,7.2,16,390.98
934,145,4,micro,2,0.0,0.0,0.354,0.852,0.21,0.163,0.056,62.2,18,324.35
935,113,13,micro,34,0.0,0.0,0.3,1.202,0.357,0.124,0.032,28.0,4,1742.79
936,120,2,medium,356,0.03,0.0,0.02,1.36,0.163,0.031,0.061,103.7,18,327.35
937,141,11,medium,58,0.01,0.0,0.557,1.28,0.27,0.064,0.028,55.8,11,548.48
938,3,18,micro,27,0.0,0.0,0.2,2.016,0.258,0.217,0.031,12.8,7,680.64
939,2,17,small,50,0.0,0.0,0.301,0.896,0.228,0.116,0.021,6.8,1,283.64
940,43,17,medium,36,0.0,0.0,0.138,0.733,0.163,0.179,0.022,16.6,9,109.83
941,150,6,small,25,0.0,0.0,0.264,1.402,0.189,0.041,0.025,12.6,1,190.66
942,59,14,medium,259,0.01,0.01,0.583,0.945,0.129,0.104,0.023,49.7,1,393.68
943,179,15,micro,4,0.0,0.0,0.395,0.928,0.326,0.26,0.032,47.4,23,1808.04
944,17,18,small,58,0.0,0.0,0.521,1.587,0.189,0.031,0.021,43.7,11,203.21
945,122,5,small,14,0.0,0.0,0.412,1.213,0.21,0.118,0.033,189.6,3,603.53
946,3,15,small,14,0.0,0.0,0.545,1.073,0.228,0.159,0.023,18.9,5,680.64
947,190,4,small,7,0.0,0.0,0.49,1.013,0.163,0.041,0.065,7.6,12,94.96
948,54,0,small,23,0.0,0.0,0.456,0.879,0.228,0.063,0.073,47.7,14,416.13
949,124,9,micro,3,0.0,0.0,0.409,1.136,0.163,0.203,0.017,3.0,15,266.9
950,184,15,small,2,0.0,0.0,0.243,0.884,0.129,0.107,0.021,21.0,12,118.69
951,3,4,small,59,0.0,0.0,0.082,0.949,0.163,0.043,0.068,0.7,10,680.64
952,113,0,small,37,0.0,0.0,0.138,1.157,0.282,0.114,0.08,4.4,21,1742.79
953,113,7,medium,157,0.02,0.01,0.38,1.972,0.31,0.282,0.048,47.5,12,1742.79
954,81,4,medium,3,0.0,0.0,0.053,0.848,0.189,0.183,0.064,87.7,6,212.11
955,135,7,small,12,0.0,0.0,0.115,0.805,0.189,0.232,0.033,12.9,4,699.2
956,118,18,small,28,0.0,0.0,0.148,0.862,0.189,0.058,0.02,119.1,4,465.37
957,63,14,small,21,0.0,0.0,0.579,1.045,0.129,0.141,0.012,25.7,17,44.87
958,146,7,large,870,0.06,0.02,0.268,1.406,0.129,0.16,0.013,133.4,1,43.08
959,108,6,medium,120,0.01,0.0,0.314,1.382,0.163,0.093,0.027,84.4,31,192.01
960,109,18,small,6,0.0,0.0,0.206,1.596,0.163,0.201,0.022,35.9,20,137.77
961,183,17,micro,13,0.0,0.0,0.493,0.741,0.189,0.143,0.028,47.6,9,240.44
962,115,12,micro,4,0.0,0.0,0.235,0.698,0.129,0.101,0.031,50.3,8,200.65
963,162,7,small,22,0.0,0.0,0.204,1.27,0.189,0.037,0.016,67.1,1,472.76
964,177,15,micro,5,0.0,0.0,0.099,2.223,0.228,0.163,0.022,180.6,17,634.94
965,122,13,small,4,0.0,0.0,0.124,1.548,0.228,0.097,0.028,10.8,23,603.53
966,162,11,small,35,0.0,0.0,0.213,1.236,0.189,0.101,0.027,51.8,34,472.76
967,71,14,micro,7,0.0,0.0,0.45,1.239,0.21,0.068,0.021,92.2,32,690.93
968,46,2,small,5,0.0,0.0,0.071,1.405,0.129,0.071,0.055,98.6,2,93.63
969,144,18,medium,31,0.01,0.0,0.198,1.596,0.129,0.078,0.013,36.9,5,192.46
970,179,19,large,102,0.0,0.0,0.18,1.176,0.318,0.223,0.043,28.7,2,1808.04
971,6,7,small,12,0.0,0.0,0.261,0.717,0.228,0.162,0.028,16.6,38,719.97
972,157,18,small,14,0.0,0.0,0.393,1.273,0.129,0.05,0.016,11.1,8,238.37
973,3,15,small,22,0.0,0.0,0.275,1.527,0.228,0.149,0.036,29.6,30,680.64
974,106,18,micro,33,0.0,0.0,0.214,0.998,0.292,0.058,0.031,22.5,16,978.66
975,141,18,small,27,0.0,0.0,0.446,0.998,0.163,0.227,0.029,37.3,3,548.48
976,91,4,micro,22,0.0,0.0,0.341,0.85,0.129,0.207,0.063,58.6,18,390.98
977,71,5,micro,23,0.0,0.0,0.368,0.649,0.21,0.081,0.021,14.5,41,690.93
978,47,5,large,335,0.02,0.01,0.245,1.303,0.21,0.056,0.029,113.2,11,427.14
979,191,1,medium,558,0.23,0.01,0.04,1.357,0.189,0.064,0.073,58.8,2,349.46
980,122,7,small,17,0.0,0.0,0.421,1.043,0.163,0.07,0.029,115.8,2,603.53
981,31,7,micro,16,0.0,0.0,0.186,1.001,0.258,0.142,0.028,20.3,5,946.03
982,6,6,small,4,0.0,0.0,0.189,0.805,0.244,0.042,0.03,89.9,2,719.97
983,59,6,medium,14,0.0,0.0,0.216,1.475,0.228,0.064,0.019,61.2,11,393.68
984,116,1,small,118,0.0,0.0,0.047,0.79,0.129,0.035,0.056,116.2,35,143.35
985,156,3,micro,10,0.0,0.0,0.663,0.528,0.292,0.249,0.077,20.1,1,958.89
986,192,5,large,545,0.03,0.01,0.489,0.8,0.129,0.052,0.031,3.7,17,183.85
987,167,17,small,122,0.01,0.0,0.34,1.225,0.189,0.239,0.03,22.6,5,989.1
988,125,18,large,411,0.04,0.01,0.224,1.2,0.292,0.08,0.03,114.0,4,1326.71
989,138,5,small,6,0.0,0.0,0.468,0.733,0.129,0.068,0.017,77.7,2,334.79
990,113,13,medium,107,0.04,0.0,0.018,2.255,0.357,0.238,0.047,43.0,5,1742.79
991,105,17,micro,19,0.0,0.0,0.211,0.784,0.189,0.166,0.018,25.1,4,222.31
992,162,10,medium,79,0.0,0.0,0.402,1.057,0.244,0.125,0.029,106.0,2,472.76
993,43,15,micro,23,0.0,0.0,0.514,0.753,0.163,0.134,0.019,6.6,5,109.83
994,75,19,small,19,0.0,0.0,0.148,0.731,0.21,0.123,0.016,44.2,9,337.61
995,191,3,large,507,0.03,0.0,0.11,1.075,0.21,0.063,0.054,42.9,4,349.46
996,122,1,large,735,0.02,0.0,0.134,1.314,0.228,0.119,0.061,67.2,15,603.53
997,113,12,small,27,0.0,0.0,0.065,0.917,0.333,0.212,0.042,67.6,12,1742.79
998,173,10,micro,65,0.01,0.0,0.217,0.704,0.129,0.066,0.023,65.8,9,208.75
999,157,5,small,14,0.0,0.0,0.414,0.983,0.163,0.037,0.03,0.3,1,238.37
1000,73,18,medium,150,0.02,0.0,0.237,1.989,0.27,0.173,0.032,10.5,10,709.56
1001,125,16,medium,23,0.0,0.0,0.04,1.271,0.318,0.081,0.042,23.6,9,1326.71
1002,47,5,medium,80,0.0,0.0,0.643,1.058,0.21,0.056,0.024,42.1,17,427.14
1003,6,15,micro,6,0.0,0.0,0.482,1.188,0.228,0.098,0.037,35.7,7,719.97
1004,195,16,medium,52,0.0,0.0,0.125,0.721,0.129,0.084,0.017,9.2,8,218.18
1005,156,6,micro,17,0.0,0.0,0.671,1.731,0.21,0.076,0.029,87.5,16,958.89
1006,179,1,small,16,0.0,0.0,0.397,1.624,0.352,0.21,0.074,10.5,5,1808.04
1007,167,17,small,13,0.0,0.0,0.303,0.923,0.189,0.15,0.037,4.1,5,989.1
1008,103,1,micro,19,0.0,0.0,0.123,1.038,0.129,0.017,0.055,50.4,4,66.53
1009,175,9,medium,311,0.02,0.0,0.273,0.904,0.189,0.039,0.03,40.1,5,339.4
1010,162,3,small,11,0.0,0.0,0.254,1.529,0.189,0.143,0.056,28.7,5,472.76
1011,65,18,micro,13,0.0,0.0,0.67,0.806,0.228,0.201,0.02,14.8,3,576.08
1012,125,2,small,23,0.0,0.0,0.122,1.028,0.244,0.183,0.073,28.9,12,1326.71
1013,71,2,micro,27,0.0,0.0,0.427,0.911,0.163,0.168,0.077,16.3,6,690.93
1014,58,14,micro,11,0.0,0.0,0.19,1.449,0.21,0.063,0.032,9.8,23,206.7
1015,18,4,small,10,0.0,0.0,0.46,1.455,0.129,0.13,0.061,82.4,4,59.86
1016,118,2,small,12,0.0,0.0,0.155,0.977,0.189,0.073,0.069,62.3,5,465.37
1017,89,3,micro,6,0.0,0.0,0.099,1.638,0.189,0.204,0.069,12.5,33,247.96
1018,20,11,small,14,0.0,0.0,0.351,0.854,0.189,0.191,0.026,79.2,11,642.68
1019,150,4,micro,9,0.0,0.0,0.51,0.862,0.129,0.013,0.054,67.5,1,190.66
1020,151,7,small,65,0.0,0.0,0.18,1.433,0.163,0.061,0.015,57.6,26,209.86
1021,59,16,large,569,0.02,0.01,0.415,1.012,0.189,0.214,0.026,11.4,17,393.68
1022,185,3,small,16,0.0,0.0,0.315,0.903,0.228,0.065,0.072,398.9,10,303.08
1023,161,16,large,150,0.01,0.0,0.359,0.864,0.189,0.121,0.03,55.2,16,326.06
1024,166,15,micro,63,0.0,0.0,0.388,0.681,0.163,0.056,0.024,24.2,11,337.67
1025,0,16,small,60,0.0,0.0,0.147,0.986,0.189,0.144,0.028,10.3,5,243.89
1026,191,6,medium,98,0.0,0.0,0.162,1.392,0.189,0.157,0.023,20.3,7,349.46
1027,195,9,medium,108,0.0,0.0,0.325,0.992,0.189,0.107,0.024,118.0,27,218.18
1028,113,14,small,30,0.0,0.0,0.191,0.792,0.326,0.196,0.039,92.9,19,1742.79
1029,194,0,medium,62,0.0,0.0,0.052,1.395,0.21,0.112,0.069,70.3,8,176.48
1030,125,13,small,28,0.0,0.0,0.335,0.781,0.31,0.155,0.028,10.0,2,1326.71
1031,31,2,micro,9,0.0,0.0,0.357,1.59,0.189,0.126,0.075,161.3,14,946.03
1032,167,5,micro,1,0.0,0.0,0.133,1.022,0.21,0.22,0.034,0.7,26,989.1
1033,119,16,micro,18,0.0,0.0,0.398,1.656,0.21,0.132,0.021,35.6,7,314.8
1034,77,12,medium,49,0.0,0.0,0.462,1.197,0.189,0.04,0.031,46.6,4,110.06
1035,59,12,small,16,0.0,0.0,0.151,1.083,0.129,0.143,0.025,96.6,6,393.68
1036,113,4,small,8,0.0,0.0,0.082,1.356,0.326,0.245,0.076,1.4,1,1742.79
1037,143,13,small,15,0.0,0.0,0.371,0.943,0.163,0.18,0.03,37.5,4,178.51
1038,177,2,medium,119,0.01,0.0,0.244,1.0,0.301,0.178,0.063,98.5,7,634.94
1039,125,19,micro,12,0.0,0.0,0.172,0.654,0.258,0.271,0.043,7.0,3,1326.71
1040,97,5,large,105,0.0,0.0,0.339,0.776,0.129,0.166,0.028,9.5,3,192.68
1041,128,16,micro,45,0.0,0.0,0.44,1.023,0.129,0.157,0.022,33.8,10,163.96
1042,113,18,micro,5,0.0,0.0,0.545,1.218,0.301,0.159,0.038,2.2,1,1742.79
1043,135,3,micro,4,0.0,0.0,0.534,0.636,0.163,0.226,0.066,9.3,22,699.2
1044,125,0,medium,114,0.01,0.0,0.205,1.297,0.27,0.272,0.081,96.0,2,1326.71
1045,191,17,micro,27,0.0,0.0,0.251,0.61,0.244,0.113,0.017,117.6,21,349.46
1046,125,15,micro,27,0.0,0.0,0.092,0.975,0.333,0.116,0.04,8.3,36,1326.71
1047,143,3,small,13,0.0,0.0,0.292,0.887,0.163,0.197,0.064,48.6,8,178.51
1048,179,16,small,5,0.0,0.0,0.152,1.23,0.383,0.232,0.045,3.7,15,1808.04
1049,179,16,small,10,0.0,0.0,0.397,1.663,0.383,0.201,0.047,74.4,5,1808.04
1050,31,9,small,2,0.0,0.0,0.56,0.718,0.282,0.244,0.029,44.1,1,946.03
1051,106,18,micro,7,0.0,0.0,0.644,1.171,0.292,0.217,0.025,8.4,10,978.66
1052,180,11,medium,50,0.01,0.0,0.215,1.448,0.163,0.083,0.025,2.9,27,277.46
1053,185,8,medium,16,0.0,0.0,0.089,0.927,0.163,0.185,0.028,67.7,6,303.08
1054,47,0,micro,6,0.0,0.0,0.016,0.597,0.189,0.17,0.073,42.7,6,427.14
1055,106,19,small,24,0.0,0.0,0.316,1.301,0.282,0.151,0.024,3.4,6,978.66
1056,67,2,large,113,0.0,0.0,0.475,0.836,0.258,0.108,0.056,26.1,3,404.86
1057,163,5,medium,91,0.0,0.0,0.103,1.353,0.163,0.024,0.023,9.2,3,65.32
1058,174,14,small,82,0.01,0.0,0.323,1.478,0.129,0.012,0.014,27.6,1,195.72
1059,108,0,small,17,0.0,0.0,0.147,0.919,0.189,0.075,0.062,55.3,15,192.01
1060,140,10,micro,15,0.0,0.0,0.15,0.866,0.163,0.152,0.015,30.3,5,186.32
1061,177,3,small,13,0.0,0.0,0.177,1.855,0.129,0.102,0.065,26.0,27,634.94
1062,148,0,large,174,0.0,0.0,0.067,0.847,0.163,0.153,0.061,3.1,2,250.12
1063,35,12,medium,28,0.0,0.0,0.199,0.966,0.129,0.11,0.017,158.5,1,43.78
1064,149,12,large,287,0.02,0.0,0.16,0.687,0.163,0.056,0.028,76.1,5,199.73
1065,36,14,micro,2,0.0,0.0,0.138,1.018,0.189,0.173,0.03,44.9,4,182.89
1066,135,12,small,29,0.0,0.0,0.299,0.634,0.163,0.222,0.02,78.6,9,699.2
1067,75,8,micro,52,0.0,0.0,0.258,1.272,0.189,0.173,0.033,7.6,1,337.61
1068,7,9,large,300,0.01,0.0,0.215,0.878,0.129,0.168,0.03,0.2,8,319.72
1069,55,4,small,10,0.0,0.0,0.145,1.04,0.189,0.192,0.06,45.1,62,376.64
1070,108,1,small,14,0.0,0.0,0.402,1.01,0.163,0.189,0.066,4.9,30,192.01
1071,197,17,micro,3,0.0,0.0,0.391,1.138,0.129,0.012,0.028,25.9,3,173.08
1072,64,13,micro,10,0.0,0.0,0.034,1.64,0.163,0.052,0.03,114.9,14,334.46
1073,191,2,small,11,0.0,0.0,0.05,1.266,0.189,0.203,0.069,20.6,3,349.46
1074,82,5,small,44,0.0,0.0,0.297,1.493,0.189,0.122,0.033,58.4,7,650.6
1075,185,17,small,9,0.0,0.0,0.199,1.177,0.189,0.197,0.03,51.2,19,303.08
1076,185,19,micro,12,0.0,0.0,0.15,1.484,0.21,0.067,0.015,51.9,1,303.08
1077,31,15,medium,60,0.0,0.0,0.592,1.551,0.31,0.231,0.029,35.1,7,946.03
1078,167,11,large,321,0.02,0.01,0.292,0.983,0.282,0.219,0.031,33.1,28,989.1
1079,113,17,micro,3,0.0,0.0,0.148,0.966,0.326,0.133,0.041,5.4,5,1742.79
1080,141,12,medium,30,0.0,0.0,0.57,1.408,0.21,0.221,0.021,51.5,30,548.48
1081,161,13,micro,13,0.0,0.0,0.125,1.057,0.129,0.059,0.024,20.8,18,326.06
1082,31,16,micro,13,0.0,0.0,0.373,2.754,0.27,0.124,0.029,36.3,2,946.03
1083,164,7,micro,13,0.0,0.0,0.231,0.847,0.21,0.214,0.023,20.3,2,388.92
1084,71,15,micro,20,0.0,0.0,0.277,0.855,0.228,0.193,0.032,132.5,12,690.93
1085,155,4,micro,19,0.0,0.0,0.39,0.775,0.129,0.192,0.061,60.8,2,72.65
1086,122,3,small,5,0.0,0.0,0.048,1.246,0.21,0.124,0.068,17.4,1,603.53
1087,141,16,small,20,0.0,0.0,0.199,1.039,0.189,0.194,0.03,26.7,22,548.48
1088,125,11,small,233,0.03,0.01,0.2,1.471,0.339,0.218,0.031,39.8,28,1326.71
1089,166,8,small,23,0.0,0.0,0.549,1.017,0.163,0.056,0.016,85.8,7,337.67
1090,179,10,small,2,0.0,0.0,0.324,1.047,0.368,0.142,0.033,132.1,1,1808.04
1091,106,19,medium,61,0.01,0.0,0.278,1.186,0.282,0.074,0.021,10.3,16,978.66
1092,89,17,medium,33,0.0,0.0,0.601,1.762,0.129,0.139,0.031,73.9,14,247.96
1093,59,10,small,15,0.0,0.0,0.576,0.897,0.21,0.028,0.025,106.6,33,393.68
1094,167,10,small,45,0.0,0.0,0.302,0.889,0.301,0.177,0.041,24.8,4,989.1
1095,187,12,medium,34,0.0,0.0,0.287,0.93,0.189,0.045,0.027,66.1,1,137.99
1096,48,15,micro,2,0.0,0.0,0.341,1.073,0.21,0.118,0.025,14.1,31,209.27
1097,106,17,small,21,0.0,0.0,0.62,1.069,0.27,0.088,0.04,16.0,1,978.66
1098,159,2,small,45,0.0,0.0,0.177,0.77,0.129,0.127,0.069,13.6,10,286.16
1099,131,12,micro,15,0.0,0.0,0.178,0.72,0.129,0.072,0.031,47.7,11,158.95
1100,167,4,small,30,0.0,0.0,0.527,0.981,0.244,0.128,0.077,64.8,6,989.1
1101,3,12,medium,54,0.0,0.0,0.308,1.207,0.21,0.2,0.021,12.9,6,680.64
1102,179,3,medium,70,0.0,0.0,0.349,1.304,0.352,0.293,0.083,54.5,11,1808.04
1103,8,16,medium,367,0.02,0.01,0.413,0.998,0.129,0.174,0.019,12.1,38,92.81
1104,106,13,small,25,0.0,0.0,0.171,1.045,0.292,0.161,0.022,53.4,10,978.66
1105,67,17,micro,13,0.0,0.0,0.297,1.134,0.189,0.175,0.026,6.2,6,404.86
1106,179,18,micro,5,0.0,0.0,0.312,1.318,0.301,0.154,0.03,69.9,1,1808.04
1107,67,18,medium,59,0.0,0.0,0.374,0.971,0.189,0.198,0.018,44.0,6,404.86
1108,85,2,small,3,0.0,0.0,0.061,1.148,0.129,0.142,0.053,9.9,9,89.86
1109,179,7,small,60,0.01,0.0,0.384,2.296,0.368,0.237,0.046,36.8,6,1808.04
1110,115,9,small,16,0.0,0.0,0.561,1.161,0.163,0.078,0.022,18.3,19,200.65
1111,179,15,small,22,0.0,0.0,0.129,1.277,0.326,0.14,0.042,42.3,3,1808.04
1112,135,0,medium,41,0.0,0.0,0.247,0.976,0.244,0.221,0.075,39.8,16,699.2
1113,17,18,micro,9,0.0,0.0,0.106,1.334,0.189,0.019,0.015,10.9,22,203.21
1114,105,8,medium,95,0.0,0.0,0.336,0.696,0.129,0.135,0.017,32.7,10,222.31
1115,42,12,small,28,0.0,0.0,0.135,0.879,0.163,0.158,0.018,57.3,34,132.2
1116,9,19,micro,9,0.0,0.0,0.343,2.023,0.129,0.085,0.019,29.7,7,255.33
1117,85,17,small,17,0.0,0.0,0.201,0.986,0.129,0.051,0.024,131.2,2,89.86
1118,179,7,small,16,0.0,0.0,0.042,0.671,0.368,0.236,0.034,7.8,1,1808.04
1119,29,9,small,27,0.0,0.0,0.433,1.144,0.163,0.068,0.029,21.1,2,110.86
1120,1,15,small,15,0.01,0.0,0.093,1.459,0.163,0.142,0.014,20.3,5,129.25
1121,179,14,small,76,0.01,0.01,0.454,1.355,0.318,0.285,0.038,12.0,5,1808.04
1122,113,14,micro,11,0.0,0.0,0.198,0.605,0.326,0.214,0.035,70.0,2,1742.79
1123,119,0,micro,3,0.0,0.0,0.3,1.188,0.163,0.195,0.07,63.3,19,314.8
1124,179,3,small,22,0.0,0.0,0.274,1.315,0.352,0.115,0.073,8.7,9,1808.04
1125,145,4,small,30,0.0,0.0,0.181,0.762,0.21,0.125,0.073,7.8,1,324.35
1126,167,5,micro,12,0.0,0.0,0.15,1.3,0.21,0.123,0.03,79.5,2,989.1
1127,159,1,small,70,0.01,0.0,0.268,1.075,0.189,0.211,0.072,31.4,21,286.16
1128,125,16,small,71,0.01,0.0,0.242,1.231,0.318,0.166,0.044,66.1,5,1326.71
1129,141,6,small,1,0.0,0.0,0.12,0.844,0.189,0.058,0.03,58.0,23,548.48
1130,120,15,medium,115,0.01,0.0,0.217,0.749,0.163,0.194,0.033,28.7,5,327.35
1131,82,18,micro,2,0.0,0.0,0.561,0.926,0.244,0.181,0.025,33.2,2,650.6
1132,68,6,medium,34,0.0,0.0,0.047,1.535,0.163,0.082,0.013,104.3,1,213.07
1133,42,9,small,54,0.0,0.0,0.467,0.883,0.189,0.14,0.013,95.5,7,132.2
1134,82,1,small,5,0.0,0.0,0.197,1.018,0.228,0.079,0.076,20.8,4,650.6
1135,122,5,small,15,0.0,0.0,0.095,1.087,0.21,0.208,0.031,50.2,8,603.53
1136,124,10,small,28,0.01,0.0,0.205,1.594,0.129,0.206,0.018,6.5,7,266.9
1137,141,3,small,37,0.0,0.0,0.428,0.923,0.189,0.144,0.056,173.8,4,548.48
1138,177,10,small,37,0.0,0.0,0.183,1.256,0.228,0.232,0.037,34.7,5,634.94
1139,135,6,medium,167,0.02,0.01,0.61,1.471,0.282,0.113,0.032,16.0,4,699.2
1140,40,19,medium,50,0.0,0.0,0.265,0.699,0.129,0.032,0.026,34.0,1,310.59
1141,3,7,micro,1,0.0,0.0,0.105,0.917,0.21,0.08,0.033,56.8,1,680.64
1142,50,0,medium,19,0.0,0.0,0.359,1.646,0.189,0.188,0.07,64.0,16,205.22
1143,179,9,small,15,0.0,0.0,0.546,1.752,0.339,0.269,0.037,22.6,2,1808.04
1144,122,6,small,4,0.0,0.0,0.448,1.703,0.228,0.125,0.029,78.1,7,603.53
1145,173,7,medium,47,0.0,0.0,0.177,1.166,0.189,0.12,0.023,37.8,9,208.75
1146,58,7,medium,69,0.01,0.0,0.053,1.225,0.163,0.189,0.014,3.6,37,206.7
1147,148,17,medium,74,0.0,0.0,0.413,0.927,0.163,0.195,0.021,36.0,16,250.12
1148,154,9,micro,1,0.0,0.0,0.069,1.465,0.163,0.161,0.022,64.8,16,198.95
1149,166,5,micro,13,0.0,0.0,0.043,0.663,0.21,0.059,0.022,69.5,12,337.67
1150,115,15,small,5,0.0,0.0,0.013,1.037,0.129,0.053,0.015,102.8,28,200.65
1151,164,8,medium,732,0.05,0.01,0.183,1.224,0.189,0.16,0.02,29.6,28,388.92
1152,179,2,large,34,0.0,0.0,0.177,1.27,0.318,0.107,0.086,7.4,2,1808.04
1153,185,19,small,21,0.0,0.0,0.439,0.618,0.21,0.1,0.023,37.3,4,303.08
1154,31,0,small,56,0.0,0.0,0.64,1.107,0.21,0.086,0.076,53.1,3,946.03
1155,125,14,medium,90,0.0,0.0,0.562,1.357,0.301,0.167,0.039,37.3,31,1326.71
1156,27,16,small,11,0.0,0.0,0.333,0.617,0.189,0.045,0.025,12.5,20,216.09
1157,179,7,small,70,0.0,0.0,0.45,1.46,0.368,0.128,0.034,7.7,2,1808.04
1158,185,3,micro,16,0.0,0.0,0.096,1.301,0.228,0.131,0.073,55.7,14,303.08
1159,113,8,medium,208,0.01,0.0,0.109,1.049,0.333,0.146,0.039,5.2,2,1742.79
1160,185,9,small,24,0.0,0.0,0.829,1.768,0.129,0.186,0.032,35.8,6,303.08
1161,159,19,medium,41,0.0,0.0,0.476,0.917,0.129,0.145,0.02,29.1,5,286.16
1162,144,0,large,166,0.02,0.0,0.239,1.262,0.163,0.093,0.053,52.6,3,192.46
1163,122,13,small,40,0.0,0.0,0.224,1.108,0.228,0.154,0.025,26.6,11,603.53
1164,93,16,medium,50,0.0,0.0,0.27,1.595,0.163,0.125,0.03,102.8,15,106.95
1165,186,12,small,23,0.0,0.0,0.414,2.192,0.21,0.147,0.026,27.3,5,238.23
1166,50,12,micro,9,0.0,0.0,0.141,0.977,0.163,0.018,0.03,8.9,8,205.22
1167,165,17,small,94,0.01,0.0,0.05,1.003,0.189,0.13,0.021,55.1,10,224.25
1168,82,11,micro,2,0.0,0.0,0.294,0.845,0.244,0.112,0.017,152.9,13,650.6
1169,156,17,micro,20,0.0,0.0,0.231,1.341,0.258,0.162,0.032,48.9,25,958.89
1170,39,4,medium,117,0.01,0.0,0.321,0.721,0.189,0.126,0.063,88.8,49,180.7
1171,85,10,large,110,0.01,0.0,0.276,1.373,0.129,0.045,0.027,102.7,20,89.86
1172,181,0,small,52,0.0,0.0,0.222,0.899,0.129,0.006,0.052,23.6,7,62.98
1173,119,16,medium,15,0.0,0.0,0.298,1.662,0.21,0.21,0.032,51.7,3,314.8
1174,113,15,micro,7,0.0,0.0,0.054,1.408,0.339,0.14,0.036,24.3,7,1742.79
1175,156,10,large,1035,0.09,0.05,0.587,0.688,0.244,0.242,0.031,10.9,2,958.89
1176,97,7,large,114,0.01,0.0,0.358,1.683,0.129,0.2,0.022,61.9,4,192.68
1177,113,7,small,18,0.0,0.0,0.289,1.664,0.31,0.152,0.037,34.5,5,1742.79
1178,120,4,small,31,0.0,0.0,0.392,1.21,0.21,0.141,0.073,6.9,34,327.35
1179,195,8,small,127,0.01,0.01,0.704,1.004,0.21,0.202,0.029,6.7,48,218.18
1180,166,6,large,534,0.02,0.0,0.254,0.935,0.189,0.095,0.017,35.4,7,337.67
1181,6,11,medium,66,0.01,0.0,0.173,2.007,0.163,0.174,0.018,12.6,2,719.97
1182,162,15,small,28,0.0,0.0,0.345,1.731,0.189,0.18,0.032,11.6,3,472.76
1183,113,13,small,58,0.0,0.0,0.184,1.27,0.357,0.237,0.034,38.4,35,1742.79
1184,57,10,small,23,0.0,0.0,0.336,0.562,0.163,0.162,0.014,101.9,39,108.94
1185,174,18,small,17,0.0,0.0,0.225,0.547,0.228,0.04,0.022,115.0,50,195.72
1186,65,3,large,774,0.04,0.01,0.157,1.024,0.21,0.072,0.056,53.9,4,576.08
1187,73,12,medium,102,0.0,0.0,0.122,0.806,0.21,0.091,0.023,9.6,12,709.56
1188,9,1,micro,5,0.0,0.0,0.255,0.645,0.189,0.155,0.069,19.5,13,255.33
1189,191,13,micro,12,0.0,0.0,0.299,1.615,0.189,0.106,0.023,10.6,27,349.46
1190,164,14,small,23,0.0,0.0,0.227,1.187,0.129,0.053,0.017,28.5,7,388.92
1191,33,15,small,11,0.0,0.0,0.446,0.889,0.129,0.12,0.023,96.4,1,51.54
1192,113,13,small,16,0.0,0.0,0.083,1.2,0.357,0.252,0.034,8.8,4,1742.79
1193,75,2,medium,39,0.0,0.0,0.303,1.039,0.21,0.208,0.069,15.1,2,337.61
1194,4,0,large,254,0.01,0.0,0.18,0.929,0.163,0.08,0.071,37.7,24,117.43
1195,179,14,micro,5,0.0,0.0,0.182,1.011,0.318,0.206,0.041,11.5,6,1808.04
1196,167,15,medium,72,0.0,0.0,0.365,0.716,0.27,0.251,0.039,40.6,13,989.1
1197,194,0,micro,11,0.0,0.0,0.358,0.748,0.21,0.063,0.059,31.4,4,176.48
1198,59,2,micro,26,0.0,0.0,0.132,1.577,0.163,0.196,0.072,3.2,14,393.68
1199,145,15,medium,26,0.0,0.0,0.157,1.532,0.189,0.19,0.014,15.2,6,324.35
1200,30,19,small,41,0.0,0.0,0.259,1.605,0.163,0.097,0.022,153.4,6,81.31
1201,105,10,small,54,0.0,0.0,0.185,1.894,0.21,0.194,0.02,86.5,2,222.31
1202,172,3,micro,4,0.0,0.0,0.353,1.718,0.163,0.076,0.069,0.7,15,137.4
1203,2,6,micro,9,0.0,0.0,0.149,1.399,0.129,0.121,0.016,60.7,5,283.64
1204,113,15,small,7,0.0,0.0,0.245,1.817,0.339,0.27,0.048,57.6,6,1742.79
1205,105,10,small,1,0.0,0.0,0.299,0.941,0.21,0.087,0.031,86.1,23,222.31
1206,143,1,small,42,0.0,0.0,0.266,1.205,0.163,0.097,0.058,42.0,15,178.51
1207,59,6,micro,26,0.0,0.0,0.034,2.049,0.228,0.129,0.02,124.5,1,393.68
1208,41,15,micro,7,0.0,0.0,0.179,1.25,0.163,0.122,0.028,48.4,1,176.16
1209,135,6,small,15,0.0,0.0,0.212,0.738,0.282,0.229,0.022,85.5,4,699.2
1210,133,8,micro,40,0.0,0.0,0.575,0.616,0.163,0.138,0.025,124.1,11,238.31
1211,156,18,small,19,0.0,0.0,0.527,0.837,0.228,0.097,0.021,35.5,14,958.89
1212,61,19,micro,8,0.0,0.0,0.45,1.188,0.129,0.077,0.012,36.1,6,123.27
1213,3,15,small,2,0.0,0.0,0.191,1.985,0.228,0.142,0.018,34.4,21,680.64
1214,177,4,small,4,0.0,0.0,0.412,1.185,0.189,0.043,0.066,13.2,1,634.94
1215,53,4,micro,1,0.0,0.0,0.241,0.756,0.189,0.15,0.07,9.9,19,273.6
1216,97,6,medium,12,0.0,0.0,0.103,1.243,0.129,0.075,0.028,94.8,17,192.68
1217,108,3,medium,15,0.0,0.0,0.195,1.04,0.163,0.108,0.068,103.4,11,192.01
1218,47,3,small,87,0.01,0.01,0.426,1.138,0.228,0.218,0.06,19.3,12,427.14
1219,113,5,micro,45,0.0,0.0,0.19,0.882,0.339,0.249,0.033,47.1,1,1742.79
1220,179,13,medium,139,0.01,0.0,0.019,1.211,0.346,0.136,0.033,6.5,3,1808.04
1221,66,12,medium,61,0.01,0.0,0.123,1.749,0.163,0.121,0.031,20.2,20,138.1
1222,113,6,small,46,0.01,0.0,0.034,1.123,0.31,0.217,0.037,63.9,13,1742.79
1223,71,3,small,39,0.02,0.01,0.328,2.271,0.21,0.236,0.07,8.3,17,690.93
1224,192,12,small,24,0.0,0.0,0.118,1.23,0.129,0.163,0.019,80.2,12,183.85
1225,55,2,medium,100,0.0,0.0,0.266,0.764,0.21,0.154,0.062,81.9,2,376.64
1226,25,2,micro,5,0.0,0.0,0.45,0.615,0.163,0.062,0.07,32.6,6,165.82
1227,31,7,medium,10,0.0,0.0,0.071,1.093,0.258,0.18,0.024,65.7,4,946.03
1228,82,11,small,16,0.0,0.0,0.408,1.132,0.244,0.056,0.02,147.3,19,650.6
1229,119,14,medium,86,0.01,0.0,0.12,0.651,0.129,0.024,0.023,32.2,1,314.8
1230,138,13,small,60,0.0,0.0,0.266,0.752,0.163,0.147,0.032,24.3,16,334.79
1231,120,7,small,30,0.0,0.0,0.221,0.98,0.228,0.025,0.026,90.3,21,327.35
1232,179,13,large,403,0.03,0.01,0.288,1.282,0.346,0.163,0.033,14.1,24,1808.04
1233,82,4,large,308,0.01,0.0,0.363,0.82,0.228,0.151,0.076,17.1,7,650.6
1234,149,9,micro,1,0.0,0.0,0.35,1.004,0.21,0.165,0.016,37.6,12,199.73
1235,65,12,small,22,0.0,0.0,0.32,0.941,0.228,0.164,0.019,73.0,33,576.08
1236,141,14,large,135,0.01,0.0,0.257,0.66,0.189,0.126,0.026,71.7,18,548.48
1237,179,1,micro,8,0.0,0.0,0.119,1.467,0.352,0.181,0.071,21.2,1,1808.04
1238,191,2,small,19,0.0,0.0,0.234,1.426,0.189,0.023,0.058,34.9,2,349.46
1239,154,1,medium,505,0.01,0.0,0.183,0.771,0.163,0.042,0.054,44.7,34,198.95
1240,180,10,small,4,0.0,0.0,0.445,1.018,0.21,0.086,0.021,93.5,4,277.46
1241,141,11,large,245,0.01,0.01,0.559,0.801,0.27,0.184,0.017,43.7,6,548.48
1242,186,0,small,33,0.0,0.0,0.218,1.36,0.163,0.102,0.067,2.1,3,238.23
1243,179,13,medium,33,0.0,0.0,0.489,0.789,0.346,0.269,0.033,30.9,5,1808.04
1244,25,15,small,13,0.0,0.0,0.655,0.782,0.129,0.04,0.028,29.9,17,165.82
1245,111,2,large,151,0.0,0.0,0.269,0.82,0.129,0.014,0.058,25.6,5,144.53
1246,80,6,micro,7,0.0,0.0,0.406,0.903,0.129,0.059,0.021,27.6,7,119.14
1247,3,16,medium,30,0.0,0.0,0.3,1.0,0.228,0.156,0.027,56.6,8,680.64
1248,108,13,small,11,0.0,0.0,0.138,1.185,0.163,0.08,0.031,22.9,5,192.01
1249,33,6,small,12,0.0,0.0,0.536,1.349,0.129,0.005,0.016,146.1,22,51.54
1250,6,14,micro,7,0.0,0.0,0.135,1.011,0.244,0.105,0.036,92.4,2,719.97
1251,106,17,micro,6,0.0,0.0,0.279,0.905,0.27,0.247,0.033,20.5,8,978.66
1252,58,6,small,22,0.0,0.0,0.48,0.973,0.129,0.065,0.027,71.5,20,206.7
1253,179,13,large,260,0.03,0.02,0.471,1.488,0.346,0.249,0.04,25.3,11,1808.04
1254,167,1,small,93,0.01,0.0,0.591,1.466,0.282,0.232,0.079,35.2,10,989.1
1255,185,1,small,53,0.0,0.0,0.044,1.142,0.21,0.054,0.065,20.0,4,303.08
1256,177,11,micro,13,0.0,0.0,0.548,1.152,0.163,0.231,0.022,3.4,8,634.94
1257,153,9,large,247,0.02,0.0,0.128,0.684,0.163,0.115,0.029,73.8,12,187.21
1258,125,16,micro,35,0.0,0.0,0.398,1.509,0.318,0.19,0.042,25.0,11,1326.71
1259,9,15,micro,3,0.0,0.0,0.078,0.989,0.163,0.081,0.022,70.5,11,255.33
1260,65,5,micro,41,0.0,0.0,0.259,0.849,0.244,0.171,0.029,61.8,12,576.08
1261,148,10,small,29,0.0,0.0,0.402,0.749,0.129,0.054,0.024,10.2,2,250.12
1262,91,15,micro,21,0.0,0.0,0.448,1.854,0.163,0.052,0.029,2.5,4,390.98
1263,73,5,small,22,0.0,0.0,0.364,0.83,0.21,0.177,0.03,63.7,12,709.56
1264,22,7,small,30,0.0,0.0,0.192,0.621,0.163,0.191,0.03,54.6,3,158.78
1265,11,1,small,48,0.0,0.0,0.104,0.851,0.129,0.034,0.06,129.8,28,93.16
1266,54,2,small,110,0.01,0.0,0.378,1.245,0.163,0.152,0.056,23.1,6,416.13
1267,167,12,small,4,0.0,0.0,0.093,0.948,0.244,0.233,0.04,53.2,11,989.1
1268,136,9,micro,3,0.0,0.0,0.148,0.693,0.129,0.026,0.021,19.8,7,67.81
1269,76,3,micro,12,0.0,0.0,0.329,0.746,0.129,0.107,0.067,44.0,21,161.91
1270,8,0,small,13,0.0,0.0,0.447,0.693,0.129,0.104,0.059,66.0,2,92.81
1271,47,3,medium,121,0.01,0.0,0.437,1.413,0.228,0.135,0.07,9.5,4,427.14
1272,106,14,small,7,0.0,0.0,0.245,0.736,0.244,0.073,0.04,288.2,21,978.66
1273,34,1,medium,9,0.0,0.0,0.202,0.838,0.244,0.162,0.063,14.7,6,337.83
1274,157,8,large,218,0.02,0.01,0.277,1.036,0.189,0.106,0.013,18.6,1,238.37
1275,162,4,medium,10,0.0,0.0,0.091,1.7,0.189,0.035,0.066,15.4,16,472.76
1276,31,10,small,2,0.0,0.0,0.141,1.279,0.27,0.141,0.023,19.0,17,946.03
1277,153,10,small,26,0.0,0.0,0.153,1.7,0.129,0.041,0.021,18.1,21,187.21
1278,113,19,micro,15,0.0,0.0,0.356,2.898,0.31,0.198,0.03,26.6,10,1742.79
1279,186,15,medium,85,0.0,0.0,0.072,0.769,0.163,0.208,0.016,48.2,2,238.23
1280,162,18,small,12,0.0,0.0,0.31,1.031,0.129,0.189,0.027,11.9,6,472.76
1281,124,11,medium,22,0.0,0.0,0.698,1.176,0.129,0.134,0.029,45.8,1,266.9
1282,125,14,large,601,0.04,0.01,0.15,1.103,0.301,0.165,0.037,26.9,3,1326.71
1283,43,17,small,24,0.0,0.0,0.04,1.108,0.163,0.087,0.016,28.7,2,109.83
1284,179,0,medium,91,0.01,0.0,0.14,2.014,0.31,0.192,0.078,6.9,9,1808.04
1285,120,18,micro,13,0.0,0.0,0.301,1.182,0.189,0.039,0.024,76.9,11,327.35
1286,122,4,small,10,0.0,0.0,0.23,1.089,0.163,0.209,0.063,11.0,39,603.53
1287,122,14,small,43,0.0,0.0,0.076,0.641,0.189,0.14,0.026,4.2,1,603.53
1288,67,15,small,24,0.0,0.0,0.421,0.786,0.163,0.04,0.015,132.8,1,404.86
1289,166,2,medium,638,0.04,0.01,0.351,1.037,0.244,0.13,0.055,25.6,8,337.67
1290,175,19,medium,227,0.01,0.0,0.312,0.591,0.189,0.111,0.029,33.0,16,339.4
1291,69,18,micro,51,0.01,0.0,0.127,0.98,0.129,0.063,0.031,9.0,25,77.86
1292,106,13,large,201,0.01,0.0,0.158,0.972,0.292,0.063,0.035,168.8,16,978.66
1293,44,3,small,8,0.0,0.0,0.186,0.708,0.129,0.037,0.058,55.5,8,33.83
1294,59,11,small,26,0.0,0.0,0.198,0.777,0.228,0.034,0.015,0.4,5,393.68
1295,75,6,small,118,0.02,0.0,0.13,1.672,0.21,0.081,0.033,175.7,10,337.61
1296,179,18,small,58,0.0,0.0,0.422,1.068,0.301,0.152,0.046,90.0,2,1808.04
1297,125,8,micro,10,0.0,0.0,0.213,1.342,0.282,0.087,0.04,7.2,13,1326.71
1298,124,13,micro,17,0.0,0.0,0.281,1.667,0.189,0.066,0.029,49.9,5,266.9
1299,181,12,micro,28,0.0,0.0,0.374,1.37,0.129,0.044,0.028,9.8,3,62.98
1300,163,5,small,70,0.0,0.0,0.38,0.863,0.163,0.027,0.012,69.4,40,65.32
1301,3,10,micro,21,0.0,0.0,0.324,0.948,0.228,0.086,0.026,28.4,9,680.64
1302,31,8,small,30,0.0,0.0,0.091,0.867,0.258,0.14,0.029,23.3,3,946.03
1303,61,7,medium,215,0.0,0.0,0.167,0.36,0.129,0.166,0.015,38.0,4,123.27
1304,71,17,medium,7,0.0,0.0,0.277,1.531,0.282,0.212,0.034,112.5,19,690.93
1305,167,2,micro,2,0.0,0.0,0.217,0.814,0.21,0.098,0.067,48.0,5,989.1
1306,159,8,small,37,0.0,0.0,0.617,1.041,0.163,0.159,0.026,21.1,1,286.16
1307,32,0,micro,5,0.0,0.0,0.318,0.766,0.163,0.06,0.071,54.7,1,146.42
1308,114,5,small,28,0.0,0.0,0.288,1.221,0.189,0.181,0.028,67.2,31,122.44
1309,25,12,micro,17,0.0,0.0,0.508,1.41,0.189,0.146,0.025,13.0,19,165.82
1310,41,1,large,41,0.0,0.0,0.351,1.0,0.129,0.018,0.063,19.4,50,176.16
1311,59,5,small,83,0.01,0.0,0.341,1.211,0.129,0.132,0.03,2.9,1,393.68
1312,179,17,large,339,0.01,0.0,0.253,0.683,0.292,0.227,0.046,47.1,14,1808.04
1313,82,13,medium,79,0.0,0.0,0.403,0.695,0.163,0.065,0.025,38.7,17,650.6
1314,179,1,small,21,0.0,0.0,0.482,1.539,0.352,0.251,0.083,72.2,9,1808.04
1315,156,19,micro,23,0.0,0.0,0.712,0.659,0.228,0.077,0.034,25.8,8,958.89
1316,156,18,large,370,0.04,0.02,0.573,0.935,0.228,0.231,0.033,8.9,12,958.89
1317,165,2,small,18,0.0,0.0,0.209,1.118,0.129,0.079,0.061,49.5,35,224.25
1318,20,18,small,60,0.0,0.0,0.2,1.021,0.228,0.115,0.029,163.0,1,642.68
1319,167,10,micro,3,0.0,0.0,0.271,1.21,0.301,0.211,0.04,26.2,7,989.1
1320,64,18,micro,6,0.0,0.0,0.151,1.173,0.163,0.019,0.014,38.6,1,334.46
1321,193,19,medium,117,0.01,0.0,0.21,1.159,0.163,0.156,0.016,5.1,23,42.7
1322,173,13,small,3,0.0,0.0,0.365,1.104,0.129,0.124,0.023,2.7,28,208.75
1323,198,5,large,502,0.03,0.0,0.028,0.88,0.163,0.029,0.016,6.9,7,157.31
1324,179,18,small,10,0.0,0.0,0.417,1.392,0.301,0.206,0.035,91.1,27,1808.04
1325,82,11,micro,12,0.0,0.0,0.704,1.162,0.244,0.178,0.018,4.5,2,650.6
1326,180,6,small,8,0.0,0.0,0.314,1.01,0.189,0.122,0.028,158.7,1,277.46
1327,73,9,small,32,0.0,0.0,0.325,1.072,0.27,0.224,0.02,27.9,9,709.56
1328,135,8,micro,13,0.0,0.0,0.212,1.086,0.163,0.143,0.03,10.2,13,699.2
1329,167,18,small,125,0.01,0.0,0.154,1.43,0.189,0.155,0.032,15.3,9,989.1
1330,86,16,medium,52,0.0,0.0,0.241,1.017,0.189,0.163,0.02,26.1,2,370.7
1331,52,0,micro,42,0.01,0.0,0.132,1.64,0.163,0.115,0.065,29.2,16,75.42
1332,179,0,micro,1,0.0,0.0,0.078,1.017,0.31,0.1,0.081,88.2,16,1808.04
1333,22,1,small,23,0.0,0.0,0.184,0.978,0.163,0.177,0.063,107.7,9,158.78
1334,82,12,small,12,0.0,0.0,0.28,1.058,0.189,0.095,0.028,38.1,3,650.6
1335,116,16,medium,199,0.01,0.0,0.394,0.822,0.129,0.088,0.031,14.1,3,143.35
1336,165,10,medium,23,0.0,0.0,0.479,0.887,0.163,0.171,0.022,30.1,2,224.25
1337,177,10,micro,2,0.0,0.0,0.034,0.981,0.228,0.184,0.027,52.2,6,634.94
1338,113,4,micro,7,0.0,0.0,0.538,2.138,0.326,0.241,0.074,35.2,13,1742.79
1339,122,9,micro,20,0.0,0.0,0.293,1.089,0.258,0.105,0.031,61.3,9,603.53
1340,174,5,medium,227,0.0,0.0,0.076,0.815,0.129,0.184,0.019,49.7,5,195.72
1341,108,5,large,585,0.02,0.01,0.322,0.852,0.129,0.043,0.018,19.9,6,192.01
1342,119,7,micro,16,0.0,0.0,0.168,0.739,0.21,0.198,0.017,149.9,24,314.8
1343,3,0,micro,7,0.0,0.0,0.328,1.292,0.228,0.206,0.069,2.2,6,680.64
1344,183,19,small,17,0.0,0.0,0.244,1.216,0.228,0.137,0.029,28.8,2,240.44
1345,121,18,large,199,0.02,0.01,0.346,1.236,0.129,0.084,0.02,24.6,22,59.78
1346,153,15,micro,7,0.0,0.0,0.235,0.928,0.129,0.153,0.026,48.6,15,187.21
1347,62,11,medium,52,0.0,0.0,0.194,0.966,0.129,0.128,0.023,43.0,1,49.09
1348,135,16,medium,59,0.01,0.0,0.408,1.13,0.189,0.081,0.022,27.1,2,699.2
1349,106,19,small,84,0.0,0.0,0.274,0.883,0.282,0.117,0.035,19.6,11,978.66
1350,27,5,small,14,0.0,0.0,0.054,1.104,0.129,0.124,0.025,6.4,2,216.09
1351,167,7,small,3,0.0,0.0,0.34,0.854,0.282,0.117,0.03,36.1,13,989.1
1352,167,14,micro,3,0.0,0.0,0.396,0.534,0.258,0.069,0.032,182.2,15,989.1
1353,9,12,small,3,0.0,0.0,0.376,1.18,0.129,0.053,0.03,106.4,13,255.33
1354,89,16,medium,107,0.0,0.0,0.353,0.801,0.129,0.04,0.021,14.3,27,247.96
1355,67,6,micro,5,0.0,0.0,0.395,1.044,0.163,0.073,0.033,137.5,5,404.86
1356,113,6,small,3,0.0,0.0,0.098,1.468,0.31,0.194,0.032,37.1,11,1742.79
1357,113,11,small,22,0.0,0.0,0.196,0.888,0.378,0.193,0.036,0.5,7,1742.79
1358,135,2,micro,4,0.0,0.0,0.523,1.119,0.292,0.133,0.07,149.6,15,699.2
1359,61,0,large,181,0.01,0.0,0.099,0.755,0.129,0.166,0.066,56.9,30,123.27
1360,55,4,micro,24,0.0,0.0,0.359,1.141,0.189,0.088,0.068,19.1,17,376.64
1361,151,3,medium,187,0.01,0.0,0.035,1.629,0.163,0.191,0.072,7.4,4,209.86
1362,191,0,medium,227,0.01,0.0,0.207,0.884,0.189,0.186,0.062,6.6,1,349.46
1363,181,15,medium,8,0.0,0.0,0.122,1.066,0.129,0.013,0.028,172.7,22,62.98
1364,164,10,small,63,0.01,0.0,0.229,1.227,0.21,0.089,0.017,364.6,2,388.92
1365,9,13,micro,13,0.0,0.0,0.258,1.144,0.189,0.156,0.032,66.8,7,255.33
1366,59,3,micro,6,0.0,0.0,0.146,0.806,0.163,0.149,0.058,36.9,3,393.68
1367,141,5,large,29,0.0,0.0,0.35,0.969,0.189,0.156,0.032,15.1,3,548.48
1368,71,1,small,91,0.01,0.0,0.026,1.062,0.244,0.131,0.069,24.0,16,690.93
1369,90,19,micro,35,0.0,0.0,0.021,0.841,0.189,0.096,0.027,0.5,10,163.54
1370,184,2,large,26,0.0,0.0,0.42,1.366,0.129,0.032,0.053,16.2,2,118.69
1371,20,1,medium,51,0.01,0.0,0.206,0.971,0.189,0.176,0.068,50.9,6,642.68
1372,175,12,micro,15,0.0,0.0,0.193,0.745,0.228,0.145,0.023,2.2,7,339.4
1373,6,6,small,32,0.0,0.0,0.245,1.609,0.244,0.134,0.019,53.6,15,719.97
1374,75,17,micro,10,0.0,0.0,0.467,0.7,0.129,0.187,0.017,49.6,19,337.61
1375,119,16,small,18,0.0,0.0,0.207,1.661,0.21,0.051,0.033,7.7,8,314.8
1376,82,17,micro,13,0.0,0.0,0.17,1.115,0.244,0.185,0.036,106.9,12,650.6
1377,185,14,micro,5,0.0,0.0,0.355,1.117,0.129,0.065,0.021,77.7,8,303.08
1378,113,2,small,54,0.0,0.0,0.519,1.002,0.387,0.1,0.086,2.8,16,1742.79
1379,156,1,small,19,0.0,0.0,0.229,1.453,0.292,0.066,0.065,1.5,9,958.89
1380,145,1,medium,34,0.0,0.0,0.43,0.823,0.163,0.061,0.06,4.1,8,324.35
1381,167,16,large,248,0.02,0.01,0.451,1.678,0.258,0.101,0.032,10.0,10,989.1
1382,176,13,small,12,0.0,0.0,0.475,1.221,0.129,0.096,0.013,42.1,29,150.36
1383,108,19,large,76,0.01,0.0,0.583,1.517,0.129,0.131,0.031,1.2,7,192.01
1384,175,12,micro,19,0.0,0.0,0.57,0.916,0.228,0.025,0.021,57.3,9,339.4
1385,135,4,micro,5,0.0,0.0,0.221,1.455,0.163,0.093,0.062,12.5,10,699.2
1386,141,1,small,45,0.0,0.0,0.153,1.239,0.189,0.107,0.074,90.4,1,548.48
1387,41,7,micro,6,0.0,0.0,0.141,1.121,0.129,0.068,0.015,3.9,12,176.16
1388,60,3,small,88,0.0,0.0,0.07,1.053,0.163,0.19,0.058,27.0,2,91.91
1389,141,12,medium,104,0.02,0.0,0.035,1.397,0.21,0.144,0.031,31.6,19,548.48
1390,65,1,small,69,0.0,0.0,0.299,0.753,0.163,0.114,0.063,30.9,8,576.08
1391,113,15,micro,25,0.0,0.0,0.053,1.57,0.339,0.163,0.04,7.1,1,1742.79
1392,113,13,micro,4,0.0,0.0,0.239,1.384,0.357,0.2,0.032,0.8,19,1742.79
1393,58,14,micro,3,0.0,0.0,0.393,1.105,0.21,0.095,0.018,54.0,17,206.7
1394,121,19,micro,11,0.0,0.0,0.249,0.822,0.129,0.041,0.028,84.3,10,59.78
1395,120,13,medium,7,0.0,0.0,0.21,1.461,0.163,0.071,0.031,38.9,8,327.35
1396,31,15,micro,12,0.0,0.0,0.413,0.978,0.31,0.151,0.038,23.9,2,946.03
1397,86,1,small,50,0.0,0.0,0.296,1.159,0.163,0.089,0.073,6.6,22,370.7
1398,82,18,micro,19,0.0,0.0,0.233,2.019,0.244,0.145,0.025,26.2,1,650.6
1399,120,4,medium,221,0.02,0.01,0.59,0.697,0.21,0.193,0.055,49.7,6,327.35
1400,156,9,medium,69,0.0,0.0,0.598,0.941,0.244,0.102,0.037,13.1,3,958.89
1401,3,19,large,376,0.03,0.01,0.332,2.082,0.258,0.21,0.035,19.5,12,680.64
1402,31,3,micro,9,0.0,0.0,0.443,0.702,0.318,0.129,0.07,87.4,1,946.03
1403,71,0,medium,35,0.0,0.0,0.097,0.845,0.163,0.18,0.066,76.7,7,690.93
1404,166,5,medium,57,0.0,0.0,0.422,0.65,0.21,0.053,0.032,27.9,3,337.67
1405,113,3,large,56,0.0,0.0,0.493,1.089,0.318,0.229,0.074,7.3,14,1742.79
1406,113,13,small,8,0.0,0.0,0.107,1.414,0.357,0.149,0.044,61.9,25,1742.79
1407,94,5,micro,3,0.0,0.0,0.511,0.756,0.163,0.087,0.018,141.1,11,100.27
1408,97,1,medium,13,0.0,0.0,0.074,0.531,0.129,0.024,0.068,2.9,20,192.68
1409,191,17,micro,289,0.02,0.01,0.449,0.574,0.244,0.061,0.015,12.9,7,349.46
1410,179,0,small,36,0.0,0.0,0.12,1.386,0.31,0.235,0.089,21.3,1,1808.04
1411,153,5,medium,173,0.01,0.0,0.385,0.705,0.129,0.136,0.017,65.1,12,187.21
1412,73,4,micro,4,0.0,0.0,0.129,1.503,0.163,0.114,0.064,54.6,10,709.56
1413,113,0,medium,137,0.0,0.0,0.164,0.709,0.282,0.099,0.07,39.8,3,1742.79
1414,141,3,small,5,0.0,0.0,0.319,1.135,0.189,0.13,0.062,57.8,1,548.48
1415,90,16,micro,7,0.0,0.0,0.061,1.433,0.163,0.093,0.024,61.7,13,163.54
1416,113,0,small,12,0.0,0.0,0.228,1.394,0.282,0.118,0.086,23.4,4,1742.79
1417,32,0,small,23,0.0,0.0,0.187,0.707,0.163,0.162,0.06,18.2,28,146.42
1418,20,12,micro,6,0.0,0.0,0.211,0.772,0.228,0.161,0.024,44.2,34,642.68
1419,40,1,medium,89,0.01,0.01,0.637,0.926,0.163,0.209,0.063,74.6,2,310.59
1420,156,7,medium,244,0.04,0.02,0.359,1.152,0.258,0.157,0.024,2.2,18,958.89
1421,47,0,medium,133,0.01,0.0,0.369,1.328,0.189,0.214,0.059,0.2,5,427.14
1422,179,7,micro,52,0.0,0.0,0.374,1.402,0.368,0.12,0.047,6.1,14,1808.04
1423,82,6,micro,1,0.0,0.0,0.187,0.934,0.258,0.083,0.022,75.8,14,650.6
1424,40,12,medium,28,0.0,0.0,0.203,1.454,0.189,0.065,0.021,66.8,3,310.59
1425,167,9,small,14,0.0,0.0,0.545,1.378,0.292,0.138,0.021,92.2,3,989.1
1426,106,13,small,8,0.0,0.0,0.51,1.374,0.292,0.166,0.036,57.2,35,978.66
1427,89,18,small,5,0.0,0.0,0.403,0.694,0.163,0.143,0.016,20.4,40,247.96
1428,73,15,large,50,0.0,0.0,0.047,0.839,0.244,0.134,0.037,10.8,20,709.56
1429,73,18,medium,34,0.0,0.0,0.217,0.938,0.27,0.167,0.024,10.8,8,709.56
1430,137,1,large,131,0.01,0.0,0.176,0.949,0.129,0.166,0.063,149.7,4,107.55
1431,117,19,micro,53,0.0,0.0,0.537,0.878,0.129,0.1,0.028,45.5,13,46.12
1432,108,6,micro,27,0.01,0.0,0.182,1.393,0.163,0.046,0.019,54.1,27,192.01
1433,106,5,large,86,0.0,0.0,0.053,1.448,0.228,0.173,0.04,2.0,2,978.66
1434,31,8,micro,9,0.0,0.0,0.346,0.725,0.258,0.123,0.033,1.4,7,946.03
1435,167,15,medium,180,0.01,0.01,0.526,1.158,0.27,0.177,0.026,137.8,4,989.1
1436,179,19,medium,522,0.06,0.03,0.489,2.061,0.318,0.132,0.039,25.3,4,1808.04
1437,165,11,small,23,0.0,0.0,0.268,0.613,0.129,0.202,0.016,47.5,18,224.25
1438,106,3,small,2,0.0,0.0,0.339,0.884,0.27,0.074,0.069,13.6,4,978.66
1439,191,4,large,410,0.1,0.03,0.345,1.335,0.244,0.065,0.067,118.3,31,349.46
1440,125,8,small,7,0.0,0.0,0.212,0.961,0.282,0.088,0.032,37.2,15,1326.71
1441,161,7,small,2,0.0,0.0,0.019,0.882,0.189,0.077,0.016,7.5,10,326.06
1442,156,4,small,4,0.0,0.0,0.175,1.045,0.282,0.151,0.077,38.7,2,958.89
1443,148,17,medium,108,0.0,0.0,0.103,0.806,0.163,0.118,0.029,55.3,6,250.12
1444,133,5,small,16,0.0,0.0,0.389,1.218,0.129,0.172,0.029,1.7,9,238.31
1445,54,11,medium,421,0.04,0.03,0.654,1.654,0.163,0.034,0.019,78.2,37,416.13
1446,71,9,medium,131,0.01,0.0,0.297,1.14,0.244,0.163,0.031,51.1,1,690.93
1447,179,18,large,54,0.0,0.0,0.246,1.291,0.301,0.101,0.044,104.8,2,1808.04
1448,45,12,medium,29,0.0,0.0,0.159,0.942,0.163,0.199,0.018,29.1,3,72.25
1449,34,6,small,11,0.0,0.0,0.134,1.35,0.189,0.076,0.03,33.6,9,337.83
1450,68,12,micro,7,0.0,0.0,0.369,1.396,0.129,0.142,0.032,47.1,8,213.07
1451,82,6,small,139,0.01,0.0,0.275,0.99,0.258,0.05,0.021,66.5,3,650.6
1452,119,1,small,3,0.0,0.0,0.29,1.538,0.163,0.02,0.055,1.9,2,314.8
1453,125,9,small,21,0.0,0.0,0.146,1.934,0.244,0.167,0.034,41.5,13,1326.71
1454,162,17,small,27,0.0,0.0,0.177,0.79,0.21,0.145,0.018,65.3,3,472.76
1455,12,18,micro,16,0.0,0.0,0.405,0.805,0.129,0.207,0.027,44.0,13,189.04
1456,53,10,micro,2,0.0,0.0,0.437,0.839,0.244,0.169,0.028,47.0,3,273.6
1457,113,13,small,23,0.0,0.0,0.529,1.7,0.357,0.243,0.045,16.2,10,1742.79
1458,64,12,medium,38,0.0,0.0,0.16,1.189,0.163,0.204,0.018,73.1,27,334.46
1459,177,16,small,27,0.0,0.0,0.214,1.15,0.189,0.146,0.037,2.1,15,634.94
1460,133,2,micro,5,0.0,0.0,0.579,1.372,0.189,0.18,0.057,15.2,16,238.31
1461,113,8,medium,33,0.0,0.0,0.611,0.699,0.333,0.165,0.043,25.1,16,1742.79
1462,0,5,medium,24,0.0,0.0,0.637,1.104,0.189,0.042,0.022,93.0,15,243.89
1463,175,0,medium,7,0.0,0.0,0.171,0.917,0.189,0.218,0.064,103.3,3,339.4
1464,106,16,medium,393,0.02,0.01,0.675,1.335,0.27,0.177,0.031,32.3,1,978.66
1465,113,2,micro,1,0.0,0.0,0.262,1.18,0.387,0.167,0.082,56.7,14,1742.79
1466,145,6,small,13,0.0,0.0,0.168,1.444,0.189,0.113,0.025,30.6,7,324.35
1467,179,17,small,18,0.0,0.0,0.366,1.547,0.292,0.286,0.049,12.8,3,1808.04
1468,36,14,micro,18,0.0,0.0,0.137,1.064,0.189,0.165,0.017,40.8,7,182.89
1469,12,11,small,7,0.0,0.0,0.066,1.766,0.189,0.176,0.028,28.3,17,189.04
1470,31,6,small,21,0.0,0.0,0.656,1.033,0.282,0.082,0.037,21.6,13,946.03
1471,156,10,medium,79,0.0,0.0,0.201,0.69,0.244,0.174,0.027,6.9,14,958.89
1472,31,1,small,125,0.01,0.0,0.162,0.936,0.258,0.221,0.067,58.0,3,946.03
1473,113,14,medium,219,0.01,0.0,0.27,0.916,0.326,0.214,0.045,63.3,3,1742.79
1474,148,4,micro,2,0.0,0.0,0.112,1.131,0.189,0.125,0.07,4.4,24,250.12
1475,149,9,small,6,0.0,0.0,0.004,1.093,0.21,0.116,0.028,166.0,11,199.73
1476,92,1,micro,7,0.0,0.0,0.02,1.38,0.129,0.182,0.056,3.8,14,73.55
1477,145,14,small,33,0.0,0.0,0.127,1.109,0.189,0.142,0.024,122.6,7,324.35
1478,183,17,micro,6,0.0,0.0,0.358,1.128,0.189,0.065,0.032,7.5,6,240.44
1479,3,9,small,26,0.0,0.0,0.449,1.011,0.228,0.115,0.03,174.2,14,680.64
1480,138,1,small,17,0.0,0.0,0.223,1.571,0.163,0.103,0.058,48.0,12,334.79
1481,113,18,medium,9,0.0,0.0,0.162,1.645,0.301,0.24,0.037,15.5,12,1742.79
1482,54,8,small,7,0.0,0.0,0.344,0.813,0.163,0.206,0.021,104.7,4,416.13
1483,71,1,micro,164,0.02,0.01,0.381,1.799,0.244,0.183,0.06,12.7,2,690.93
1484,167,3,small,65,0.0,0.0,0.078,1.159,0.244,0.226,0.064,90.4,4,989.1
1485,124,2,medium,37,0.0,0.0,0.097,0.928,0.189,0.054,0.065,26.9,2,266.9
1486,3,3,large,34,0.0,0.0,0.438,1.08,0.258,0.144,0.074,42.2,15,680.64
1487,186,3,small,5,0.0,0.0,0.555,0.531,0.163,0.03,0.06,83.0,12,238.23
1488,138,18,micro,36,0.0,0.0,0.43,1.352,0.228,0.213,0.028,18.0,3,334.79
1489,106,4,medium,37,0.0,0.0,0.041,1.14,0.258,0.079,0.077,31.1,5,978.66
1490,149,8,micro,2,0.0,0.0,0.31,1.032,0.163,0.122,0.02,39.0,11,199.73
1491,53,14,large,500,0.03,0.0,0.143,1.46,0.21,0.135,0.024,45.3,16,273.6
1492,65,13,micro,17,0.0,0.0,0.714,0.882,0.129,0.133,0.018,20.4,1,576.08
1493,34,19,micro,8,0.0,0.0,0.242,0.794,0.21,0.209,0.033,6.3,18,337.83
1494,91,19,small,50,0.0,0.0,0.304,1.96,0.244,0.07,0.024,19.8,21,390.98
1495,179,11,small,36,0.0,0.0,0.407,0.82,0.357,0.246,0.031,5.9,27,1808.04
1496,89,15,small,13,0.0,0.0,0.416,0.839,0.163,0.131,0.027,24.4,4,247.96
1497,69,7,micro,7,0.0,0.0,0.356,1.335,0.129,0.17,0.027,16.0,13,77.86
1498,145,8,medium,36,0.01,0.0,0.096,1.123,0.129,0.045,0.032,88.1,6,324.35
1499,177,2,medium,26,0.0,0.0,0.118,1.184,0.301,0.042,0.072,73.9,1,634.94
1500,60,13,medium,25,0.0,0.0,0.37,1.199,0.129,0.195,0.017,13.0,6,91.91
1501,166,5,large,313,0.02,0.01,0.419,1.141,0.21,0.142,0.014,26.4,42,337.67
1502,71,1,large,52,0.0,0.0,0.336,0.873,0.244,0.168,0.065,85.5,6,690.93
1503,61,1,medium,591,0.03,0.01,0.289,1.01,0.129,0.148,0.065,62.5,13,123.27
1504,111,14,large,156,0.01,0.0,0.298,1.021,0.163,0.177,0.012,36.3,3,144.53
1505,9,4,large,256,0.01,0.0,0.238,0.865,0.163,0.093,0.059,44.3,10,255.33
1506,175,15,small,6,0.0,0.0,0.366,1.187,0.163,0.074,0.018,39.6,1,339.4
1507,177,18,small,23,0.0,0.0,0.314,1.083,0.258,0.173,0.019,69.0,3,634.94
1508,141,6,micro,4,0.0,0.0,0.469,1.735,0.189,0.09,0.03,72.3,1,548.48
1509,71,15,large,51,0.01,0.0,0.414,1.505,0.228,0.123,0.031,26.6,13,690.93
1510,40,8,medium,12,0.0,0.0,0.131,1.483,0.189,0.178,0.027,77.0,11,310.59
1511,145,15,small,2,0.0,0.0,0.532,0.962,0.189,0.176,0.023,10.7,12,324.35
1512,22,6,medium,202,0.01,0.0,0.433,0.679,0.129,0.149,0.018,10.7,2,158.78
1513,96,18,large,206,0.01,0.0,0.403,1.049,0.163,0.086,0.02,0.3,12,199.56
1514,20,19,medium,69,0.0,0.0,0.4,0.888,0.228,0.056,0.032,38.2,12,642.68
1515,102,7,medium,44,0.0,0.0,0.323,1.147,0.163,0.202,0.027,29.1,7,105.35
1516,31,3,small,28,0.0,0.0,0.188,1.376,0.318,0.143,0.075,12.2,3,946.03
1517,4,13,small,5,0.0,0.0,0.143,0.792,0.163,0.162,0.02,11.8,2,117.43
1518,106,11,medium,38,0.0,0.0,0.455,1.041,0.27,0.058,0.025,26.8,2,978.66
1519,122,19,micro,9,0.0,0.0,0.448,0.9,0.228,0.139,0.033,30.1,2,603.53
1520,106,16,small,70,0.01,0.0,0.086,1.267,0.27,0.208,0.026,14.4,2,978.66
1521,42,16,medium,142,0.01,0.0,0.178,0.681,0.189,0.061,0.012,62.0,4,132.2
1522,17,14,small,12,0.0,0.0,0.21,0.813,0.189,0.048,0.028,191.2,8,203.21
1523,31,7,medium,139,0.01,0.0,0.437,0.791,0.258,0.086,0.026,129.1,1,946.03
1524,153,18,small,9,0.0,0.0,0.36,1.056,0.163,0.018,0.028,26.6,1,187.21
1525,3,9,medium,67,0.0,0.0,0.351,1.261,0.228,0.153,0.018,10.3,4,680.64
1526,176,7,micro,9,0.0,0.0,0.306,1.183,0.129,0.046,0.022,185.4,14,150.36
1527,168,3,medium,42,0.0,0.0,0.096,1.092,0.129,0.026,0.067,41.5,5,116.12
1528,177,6,micro,6,0.0,0.0,0.294,1.428,0.21,0.145,0.02,14.6,14,634.94
1529,177,0,micro,29,0.0,0.0,0.531,1.383,0.258,0.101,0.076,92.5,15,634.94
1530,138,13,small,1,0.0,0.0,0.203,0.77,0.163,0.099,0.016,56.2,19,334.79
1531,172,12,small,3,0.0,0.0,0.329,1.771,0.163,0.053,0.017,63.5,2,137.4
1532,154,8,micro,2,0.0,0.0,0.333,1.084,0.129,0.058,0.018,91.3,5,198.95
1533,71,19,small,5,0.0,0.0,0.241,1.022,0.258,0.06,0.032,50.5,21,690.93
1534,156,13,medium,79,0.01,0.0,0.21,1.134,0.282,0.173,0.029,66.1,4,958.89
1535,125,4,small,36,0.0,0.0,0.22,1.179,0.228,0.176,0.076,5.0,6,1326.71
1536,3,7,micro,19,0.0,0.0,0.377,0.94,0.21,0.169,0.021,8.2,11,680.64
1537,162,10,micro,36,0.0,0.0,0.144,1.004,0.244,0.137,0.025,14.9,10,472.76
1538,177,10,small,62,0.0,0.0,0.189,0.56,0.228,0.213,0.028,100.1,11,634.94
1539,113,5,micro,12,0.0,0.0,0.483,1.071,0.339,0.271,0.043,37.5,7,1742.79
1540,113,4,large,1431,0.11,0.05,0.43,1.185,0.326,0.266,0.082,144.1,6,1742.79
1541,102,5,small,7,0.0,0.0,0.425,1.216,0.163,0.04,0.02,34.3,7,105.35
1542,150,19,small,52,0.0,0.0,0.675,1.486,0.163,0.168,0.013,15.2,7,190.66
1543,54,7,large,231,0.02,0.0,0.317,0.854,0.189,0.06,0.019,52.4,21,416.13
1544,161,7,medium,108,0.0,0.0,0.119,1.227,0.189,0.213,0.015,113.9,3,326.06
1545,70,14,small,32,0.0,0.0,0.313,1.146,0.129,0.072,0.018,92.8,2,213.02
1546,65,3,small,20,0.0,0.0,0.356,1.116,0.21,0.172,0.067,66.0,9,576.08
1547,166,12,small,175,0.03,0.01,0.355,1.018,0.129,0.039,0.034,118.3,20,337.67
1548,41,13,small,11,0.0,0.0,0.099,1.092,0.189,0.189,0.014,77.6,15,176.16
1549,175,1,small,27,0.0,0.0,0.365,1.633,0.189,0.209,0.06,108.3,8,339.4
1550,191,3,micro,2,0.0,0.0,0.349,1.506,0.21,0.157,0.064,1.5,28,349.46
1551,73,9,small,21,0.0,0.0,0.532,1.062,0.27,0.04,0.028,4.6,10,709.56
1552,179,16,micro,6,0.0,0.0,0.303,1.241,0.383,0.25,0.034,13.4,4,1808.04
1553,121,14,large,176,0.02,0.01,0.371,1.406,0.129,0.035,0.02,78.5,15,59.78
1554,65,17,large,155,0.01,0.0,0.195,1.597,0.258,0.155,0.033,34.9,6,576.08
1555,106,17,small,25,0.0,0.0,0.251,1.07,0.27,0.247,0.023,17.7,10,978.66
1556,164,10,micro,29,0.0,0.0,0.244,1.193,0.21,0.086,0.02,62.9,9,388.92
1557,138,12,small,44,0.0,0.0,0.441,1.098,0.163,0.08,0.029,4.6,1,334.79
1558,113,18,small,101,0.01,0.0,0.44,1.365,0.301,0.28,0.036,28.7,1,1742.79
1559,65,14,micro,35,0.0,0.0,0.3,0.768,0.228,0.147,0.029,58.5,5,576.08
1560,153,7,micro,10,0.0,0.0,0.25,1.235,0.129,0.107,0.026,44.6,4,187.21
1561,73,7,small,4,0.0,0.0,0.189,1.154,0.189,0.232,0.022,18.6,6,709.56
1562,73,7,micro,6,0.0,0.0,0.158,1.325,0.189,0.051,0.027,96.2,12,709.56
1563,156,9,large,2090,0.08,0.05,0.575,1.022,0.244,0.082,0.029,4.5,19,958.89
1564,119,7,small,48,0.0,0.0,0.508,1.392,0.21,0.163,0.022,25.3,5,314.8
1565,47,3,micro,39,0.0,0.0,0.216,0.699,0.228,0.159,0.063,55.5,25,427.14
1566,141,11,micro,10,0.0,0.0,0.325,1.728,0.27,0.187,0.029,17.8,2,548.48
1567,65,17,large,1078,0.18,0.05,0.266,1.299,0.258,0.123,0.02,38.1,7,576.08
1568,157,9,medium,40,0.0,0.0,0.234,0.845,0.163,0.11,0.023,64.8,20,238.37
1569,113,4,micro,8,0.0,0.0,0.04,0.861,0.326,0.205,0.084,202.5,2,1742.79
1570,125,16,micro,8,0.0,0.0,0.138,0.848,0.318,0.159,0.038,9.1,10,1326.71
1571,125,15,medium,31,0.0,0.0,0.445,1.3,0.333,0.244,0.04,67.2,17,1326.71
1572,32,14,micro,25,0.0,0.0,0.523,1.297,0.129,0.113,0.015,91.5,6,146.42
1573,135,13,medium,125,0.0,0.0,0.239,1.048,0.189,0.178,0.035,124.1,13,699.2
1574,177,15,small,6,0.0,0.0,0.344,1.155,0.228,0.21,0.032,25.2,16,634.94
1575,179,16,micro,8,0.0,0.0,0.094,1.794,0.383,0.267,0.033,2.2,1,1808.04
1576,141,17,micro,14,0.0,0.0,0.754,1.618,0.228,0.079,0.028,13.8,2,548.48
1577,187,12,medium,15,0.0,0.0,0.263,1.391,0.189,0.201,0.018,2.0,1,137.99
1578,125,7,medium,41,0.0,0.0,0.265,0.992,0.31,0.216,0.039,17.4,11,1326.71
1579,64,1,micro,55,0.0,0.0,0.309,1.914,0.21,0.062,0.063,86.8,46,334.46
1580,135,14,small,13,0.0,0.0,0.278,1.35,0.189,0.085,0.022,20.1,1,699.2
1581,179,2,medium,68,0.0,0.0,0.237,0.939,0.318,0.103,0.085,86.7,23,1808.04
1582,82,17,small,11,0.0,0.0,0.377,1.147,0.244,0.223,0.025,11.0,7,650.6
1583,65,8,medium,27,0.0,0.0,0.49,0.914,0.21,0.138,0.034,51.1,4,576.08
1584,187,17,small,14,0.0,0.0,0.259,0.8,0.163,0.096,0.019,39.0,14,137.99
1585,159,10,small,177,0.01,0.0,0.222,1.012,0.129,0.206,0.017,32.2,9,286.16
1586,6,9,large,1780,0.1,0.04,0.458,0.891,0.163,0.156,0.02,4.6,33,719.97
1587,120,7,small,14,0.0,0.0,0.559,0.849,0.228,0.125,0.02,8.7,1,327.35
1588,58,1,micro,99,0.0,0.0,0.459,1.143,0.163,0.091,0.07,77.8,9,206.7
1589,68,0,small,30,0.0,0.0,0.233,0.883,0.129,0.044,0.062,10.2,42,213.07
1590,20,10,small,16,0.0,0.0,0.045,0.458,0.244,0.057,0.035,132.9,3,642.68
1591,58,18,large,41,0.0,0.0,0.26,1.157,0.21,0.093,0.017,18.9,5,206.7
1592,113,11,small,18,0.0,0.0,0.684,1.284,0.378,0.12,0.032,15.1,14,1742.79
1593,17,17,small,48,0.0,0.0,0.462,0.855,0.163,0.124,0.013,109.9,22,203.21
1594,179,19,micro,1,0.0,0.0,0.497,1.1,0.318,0.177,0.04,9.3,27,1808.04
1595,161,3,large,81,0.0,0.0,0.143,1.217,0.21,0.209,0.058,5.1,9,326.06
1596,86,13,small,19,0.0,0.0,0.035,1.479,0.163,0.073,0.023,15.9,9,370.7
1597,31,8,large,66,0.0,0.0,0.52,1.306,0.258,0.201,0.035,24.9,11,946.03
1598,197,4,small,3,0.0,0.0,0.283,1.528,0.163,0.184,0.055,35.8,5,173.08
1599,120,4,micro,1,0.0,0.0,0.18,1.374,0.21,0.179,0.072,68.3,8,327.35
1600,99,4,micro,37,0.0,0.0,0.401,1.736,0.129,0.176,0.064,17.7,3,117.38
1601,50,14,micro,7,0.0,0.0,0.438,1.879,0.189,0.037,0.03,12.0,5,205.22
1602,52,7,medium,79,0.01,0.0,0.684,0.805,0.163,0.199,0.024,3.3,8,75.42
1603,164,5,medium,78,0.01,0.0,0.369,1.219,0.244,0.032,0.019,166.6,16,388.92
1604,113,17,micro,2,0.0,0.0,0.097,1.101,0.326,0.243,0.047,56.1,4,1742.79
1605,193,0,medium,64,0.0,0.0,0.118,0.994,0.163,0.149,0.069,58.4,3,42.7
1606,184,14,small,11,0.0,0.0,0.073,1.192,0.163,0.016,0.018,106.8,2,118.69
1607,53,19,small,3,0.0,0.0,0.278,1.253,0.163,0.212,0.022,35.3,18,273.6
1608,199,12,small,13,0.0,0.0,0.162,0.6,0.129,0.11,0.012,10.9,4,47.32
1609,194,10,medium,23,0.0,0.0,0.144,1.087,0.129,0.201,0.029,31.4,2,176.48
1610,164,1,micro,6,0.0,0.0,0.711,1.318,0.163,0.177,0.066,18.8,5,388.92
1611,89,10,small,28,0.0,0.0,0.316,1.011,0.163,0.041,0.019,81.0,11,247.96
1612,55,7,medium,25,0.0,0.0,0.305,0.78,0.163,0.186,0.026,20.9,6,376.64
1613,22,15,medium,189,0.01,0.0,0.219,0.773,0.129,0.04,0.03,0.9,1,158.78
1614,6,16,small,2,0.0,0.0,0.141,1.026,0.189,0.217,0.022,3.8,4,719.97
1615,167,3,small,23,0.0,0.0,0.253,0.842,0.244,0.168,0.068,21.6,7,989.1
1616,180,10,micro,3,0.0,0.0,0.346,1.471,0.21,0.147,0.016,80.0,16,277.46
1617,161,17,micro,3,0.0,0.0,0.166,1.898,0.189,0.181,0.015,9.2,27,326.06
1618,156,12,small,91,0.0,0.0,0.446,0.787,0.228,0.073,0.039,70.2,5,958.89
1619,97,9,micro,14,0.0,0.0,0.667,1.497,0.129,0.029,0.019,9.2,10,192.68
1620,133,17,small,50,0.0,0.0,0.404,0.803,0.189,0.08,0.016,7.3,18,238.31
1621,138,19,micro,14,0.0,0.0,0.082,0.974,0.189,0.197,0.03,41.3,2,334.79
1622,65,4,small,11,0.0,0.0,0.4,0.811,0.244,0.154,0.064,125.9,5,576.08
1623,156,3,micro,4,0.0,0.0,0.131,1.607,0.292,0.115,0.071,21.5,1,958.89
1624,32,17,small,49,0.0,0.0,0.225,0.974,0.129,0.178,0.03,46.5,2,146.42
1625,71,4,large,365,0.01,0.0,0.204,1.21,0.228,0.076,0.073,98.0,8,690.93
1626,125,16,micro,8,0.0,0.0,0.212,1.99,0.318,0.101,0.035,34.5,42,1326.71
1627,116,6,small,4,0.0,0.0,0.236,0.969,0.163,0.093,0.015,17.8,7,143.35
1628,145,0,large,100,0.01,0.0,0.282,0.799,0.129,0.08,0.071,40.7,13,324.35
1629,124,8,small,32,0.0,0.0,0.459,1.518,0.228,0.133,0.02,15.4,1,266.9
1630,6,0,micro,34,0.0,0.0,0.453,0.926,0.21,0.144,0.06,18.8,2,719.97
1631,191,4,medium,30,0.0,0.0,0.169,1.052,0.244,0.195,0.063,25.0,16,349.46
1632,157,9,micro,15,0.0,0.0,0.17,1.796,0.163,0.212,0.027,26.6,3,238.37
1633,177,0,micro,4,0.0,0.0,0.418,1.261,0.258,0.128,0.073,27.1,2,634.94
1634,165,0,small,42,0.0,0.0,0.251,0.888,0.163,0.098,0.057,31.9,19,224.25
1635,54,3,large,873,0.05,0.01,0.106,0.691,0.258,0.145,0.066,22.4,16,416.13
1636,179,9,medium,56,0.01,0.0,0.328,1.301,0.339,0.23,0.031,14.3,1,1808.04
1637,193,19,medium,129,0.01,0.0,0.201,0.888,0.163,0.034,0.022,28.1,8,42.7
1638,17,1,small,23,0.0,0.0,0.439,1.079,0.163,0.03,0.067,20.8,12,203.21
1639,36,12,large,152,0.02,0.01,0.517,1.386,0.163,0.022,0.027,38.1,2,182.89
1640,195,9,medium,85,0.01,0.0,0.113,1.529,0.189,0.162,0.018,43.2,6,218.18
1641,71,1,small,14,0.0,0.0,0.285,0.637,0.244,0.171,0.076,40.7,5,690.93
1642,167,0,micro,2,0.0,0.0,0.383,1.051,0.292,0.102,0.076,6.9,37,989.1
1643,12,4,micro,1,0.0,0.0,0.502,1.124,0.129,0.049,0.054,32.7,4,189.04
1644,155,13,small,15,0.0,0.0,0.068,1.088,0.163,0.035,0.024,89.1,2,72.65
1645,145,19,medium,241,0.02,0.01,0.226,1.232,0.21,0.028,0.029,26.9,15,324.35
1646,179,11,small,22,0.0,0.0,0.392,1.02,0.357,0.263,0.044,19.5,17,1808.04
1647,154,0,small,5,0.0,0.0,0.381,1.504,0.189,0.12,0.061,3.1,36,198.95
1648,6,5,medium,17,0.0,0.0,0.231,0.847,0.189,0.066,0.02,10.5,2,719.97
1649,106,18,small,13,0.0,0.0,0.04,1.228,0.292,0.18,0.037,1.0,28,978.66
1650,80,0,medium,15,0.0,0.0,0.417,1.01,0.129,0.067,0.064,157.9,21,119.14
1651,122,12,medium,56,0.0,0.0,0.131,1.078,0.244,0.229,0.036,70.2,1,603.53
1652,103,3,micro,2,0.0,0.0,0.348,1.448,0.129,0.039,0.069,25.3,4,66.53
1653,67,1,micro,41,0.01,0.0,0.169,1.719,0.189,0.175,0.061,49.1,5,404.86
1654,135,5,micro,2,0.0,0.0,0.779,1.144,0.244,0.077,0.019,28.6,1,699.2
1655,72,18,small,13,0.0,0.0,0.123,1.156,0.163,0.152,0.014,20.3,6,143.19
1656,173,15,small,4,0.0,0.0,0.302,1.495,0.129,0.076,0.023,57.9,2,208.75
1657,73,3,micro,41,0.01,0.0,0.244,1.357,0.27,0.051,0.069,45.0,5,709.56
1658,113,1,small,24,0.0,0.0,0.248,1.477,0.368,0.246,0.071,14.0,5,1742.79
1659,167,9,small,23,0.0,0.0,0.193,0.793,0.292,0.254,0.027,37.8,32,989.1
1660,167,1,large,97,0.0,0.0,0.203,1.012,0.282,0.224,0.062,10.9,13,989.1
1661,124,8,medium,29,0.0,0.0,0.048,0.827,0.228,0.133,0.021,14.8,1,266.9
1662,86,16,large,113,0.0,0.0,0.539,0.674,0.189,0.035,0.033,41.8,27,370.7
1663,119,10,medium,123,0.01,0.0,0.283,1.054,0.129,0.131,0.023,15.2,8,314.8
1664,173,17,small,2,0.0,0.0,0.36,1.509,0.228,0.014,0.02,101.1,23,208.75
1665,54,15,small,68,0.01,0.0,0.523,0.903,0.189,0.073,0.021,19.7,27,416.13
1666,31,11,medium,42,0.0,0.0,0.296,0.812,0.189,0.057,0.024,24.3,5,946.03
1667,122,15,small,48,0.0,0.0,0.148,0.642,0.228,0.088,0.028,50.0,6,603.53
1668,122,1,small,23,0.0,0.0,0.301,1.071,0.228,0.063,0.07,41.7,12,603.53
1669,71,4,large,265,0.01,0.01,0.554,0.844,0.228,0.212,0.062,102.4,28,690.93
1670,105,14,micro,12,0.0,0.0,0.248,1.543,0.163,0.155,0.02,11.6,19,222.31
1671,20,0,large,276,0.03,0.01,0.168,1.091,0.189,0.113,0.077,90.1,52,642.68
1672,31,0,small,8,0.0,0.0,0.12,0.881,0.21,0.121,0.062,35.2,8,946.03
1673,167,7,small,4,0.0,0.0,0.186,1.024,0.282,0.231,0.03,0.2,28,989.1
1674,107,17,large,33,0.0,0.0,0.19,0.588,0.129,0.197,0.017,97.7,20,176.72
1675,21,19,medium,49,0.0,0.0,0.1,1.197,0.129,0.179,0.031,27.0,7,118.42
1676,186,12,small,6,0.0,0.0,0.637,2.39,0.21,0.121,0.024,13.3,6,238.23
1677,54,19,small,8,0.0,0.0,0.419,1.228,0.163,0.209,0.03,8.9,16,416.13
1678,73,16,small,7,0.0,0.0,0.121,1.406,0.228,0.121,0.025,145.8,26,709.56
1679,191,4,small,3,0.0,0.0,0.303,1.274,0.244,0.073,0.055,14.5,3,349.46
1680,46,8,medium,199,0.01,0.0,0.228,0.733,0.129,0.177,0.012,23.4,1,93.63
1681,187,12,small,18,0.0,0.0,0.295,1.184,0.189,0.027,0.029,29.4,2,137.99
1682,151,3,large,81,0.0,0.0,0.749,0.862,0.163,0.152,0.064,16.4,26,209.86
1683,102,6,medium,165,0.01,0.0,0.179,1.299,0.129,0.169,0.028,48.9,9,105.35
1684,125,15,small,25,0.0,0.0,0.176,1.473,0.333,0.15,0.031,16.0,7,1326.71
1685,113,6,small,33,0.0,0.0,0.263,1.219,0.31,0.129,0.032,109.5,29,1742.79
1686,165,18,small,53,0.0,0.0,0.413,1.024,0.189,0.13,0.019,2.8,33,224.25
1687,9,8,large,335,0.15,0.04,0.243,1.409,0.163,0.111,0.018,78.5,5,255.33
1688,167,4,micro,52,0.0,0.0,0.128,0.898,0.244,0.162,0.077,52.9,11,989.1
1689,190,4,micro,5,0.0,0.0,0.206,1.565,0.163,0.122,0.055,17.0,2,94.96
1690,104,13,small,12,0.0,0.0,0.109,0.905,0.129,0.175,0.023,25.5,17,126.31
1691,47,7,medium,79,0.01,0.0,0.503,1.249,0.189,0.158,0.032,2.2,10,427.14
1692,25,4,micro,5,0.0,0.0,0.512,0.873,0.129,0.141,0.066,32.0,5,165.82
1693,78,13,large,353,0.02,0.0,0.193,1.752,0.189,0.123,0.015,1.3,11,162.68
1694,31,8,small,7,0.0,0.0,0.042,1.375,0.258,0.085,0.035,90.6,36,946.03
1695,57,16,medium,47,0.0,0.0,0.047,1.244,0.129,0.081,0.02,48.2,24,108.94
1696,135,10,large,151,0.01,0.0,0.14,1.129,0.282,0.075,0.021,4.7,14,699.2
1697,97,19,small,10,0.0,0.0,0.202,0.574,0.163,0.02,0.014,26.5,12,192.68
1698,179,7,small,41,0.0,0.0,0.091,0.813,0.368,0.263,0.039,46.7,4,1808.04
1699,107,5,micro,3,0.0,0.0,0.168,1.243,0.163,0.196,0.016,21.4,3,176.72
1700,34,12,micro,48,0.0,0.0,0.401,0.808,0.129,0.212,0.031,97.8,2,337.83
1701,31,14,large,160,0.0,0.0,0.275,1.112,0.258,0.183,0.037,19.2,2,946.03
1702,143,0,small,6,0.0,0.0,0.513,1.03,0.129,0.085,0.054,41.2,14,178.51
1703,129,13,small,23,0.0,0.0,0.532,1.082,0.129,0.048,0.015,33.1,13,89.7
1704,148,3,small,15,0.0,0.0,0.184,0.903,0.129,0.08,0.054,122.6,1,250.12
1705,75,19,micro,6,0.0,0.0,0.908,1.434,0.21,0.21,0.025,81.9,6,337.61
1706,179,11,small,12,0.0,0.0,0.064,0.859,0.357,0.129,0.044,40.0,24,1808.04
1707,27,2,micro,11,0.0,0.0,0.518,0.989,0.129,0.025,0.06,7.5,7,216.09
1708,4,1,large,423,0.03,0.0,0.138,0.661,0.189,0.162,0.054,63.8,15,117.43
1709,156,17,medium,78,0.0,0.0,0.217,0.846,0.258,0.156,0.04,16.2,23,958.89
1710,141,17,micro,8,0.0,0.0,0.263,1.122,0.228,0.15,0.027,30.0,3,548.48
1711,113,8,micro,45,0.01,0.0,0.513,1.668,0.333,0.107,0.036,126.2,7,1742.79
1712,6,1,micro,3,0.0,0.0,0.301,1.321,0.282,0.14,0.069,38.1,3,719.97
1713,27,7,micro,21,0.0,0.0,0.228,2.061,0.163,0.022,0.013,31.3,11,216.09
1714,48,15,large,65,0.01,0.0,0.022,1.213,0.21,0.078,0.025,4.3,14,209.27
1715,133,13,medium,27,0.0,0.0,0.205,1.032,0.189,0.063,0.031,111.0,1,238.31
1716,136,17,medium,76,0.01,0.0,0.179,1.011,0.163,0.191,0.021,7.4,6,67.81
1717,141,15,micro,61,0.0,0.0,0.315,1.549,0.189,0.127,0.027,12.6,23,548.48
1718,165,6,large,317,0.02,0.0,0.041,0.786,0.163,0.027,0.017,66.7,1,224.25
1719,3,6,small,32,0.0,0.0,0.173,1.009,0.27,0.234,0.032,30.5,3,680.64
1720,133,12,medium,169,0.02,0.01,0.459,0.865,0.189,0.096,0.013,84.4,1,238.31
1721,64,6,small,24,0.0,0.0,0.204,1.37,0.189,0.032,0.033,16.2,10,334.46
1722,122,17,small,6,0.0,0.0,0.526,1.101,0.21,0.211,0.036,26.3,2,603.53
1723,156,6,small,8,0.0,0.0,0.553,0.566,0.21,0.186,0.023,11.6,4,958.89
1724,151,9,small,5,0.0,0.0,0.317,1.259,0.163,0.022,0.023,4.5,10,209.86
1725,69,0,micro,7,0.0,0.0,0.127,1.059,0.129,0.07,0.07,27.2,13,77.86
1726,82,2,large,212,0.01,0.0,0.098,1.08,0.163,0.099,0.064,4.1,32,650.6
1727,179,2,micro,103,0.0,0.0,0.093,0.628,0.318,0.187,0.072,15.5,6,1808.04
1728,173,6,small,32,0.0,0.0,0.36,0.802,0.163,0.141,0.015,0.3,10,208.75
1729,65,2,micro,15,0.0,0.0,0.4,1.269,0.189,0.154,0.059,15.6,51,576.08
1730,124,9,medium,266,0.01,0.01,0.471,0.987,0.163,0.152,0.032,43.6,1,266.9
1731,25,5,small,24,0.0,0.0,0.193,1.091,0.189,0.13,0.013,161.7,7,165.82
1732,135,5,medium,19,0.0,0.0,0.054,1.542,0.244,0.092,0.033,54.5,1,699.2
1733,125,8,medium,132,0.01,0.0,0.336,1.147,0.282,0.166,0.036,7.8,5,1326.71
1734,65,17,micro,13,0.0,0.0,0.492,1.359,0.258,0.203,0.026,122.3,4,576.08
1735,99,15,small,105,0.0,0.0,0.213,0.997,0.189,0.187,0.026,71.1,6,117.38
1736,162,17,medium,147,0.02,0.01,0.622,1.67,0.21,0.197,0.028,81.1,9,472.76
1737,64,19,small,50,0.0,0.0,0.236,1.689,0.163,0.179,0.019,130.4,4,334.46
1738,159,0,small,30,0.0,0.0,0.35,0.899,0.189,0.106,0.053,26.9,5,286.16
1739,73,13,large,654,0.04,0.01,0.177,1.21,0.228,0.054,0.026,6.3,4,709.56
1740,167,2,micro,39,0.0,0.0,0.422,1.473,0.21,0.211,0.075,9.5,19,989.1
1741,3,18,small,42,0.0,0.0,0.424,0.933,0.258,0.229,0.021,15.9,3,680.64
1742,65,4,micro,10,0.0,0.0,0.145,1.062,0.244,0.074,0.068,33.4,3,576.08
1743,43,6,micro,1,0.0,0.0,0.108,0.79,0.129,0.204,0.013,79.8,9,109.83
1744,179,19,micro,18,0.0,0.0,0.552,0.963,0.318,0.246,0.036,23.7,4,1808.04
1745,103,17,small,17,0.0,0.0,0.104,0.627,0.129,0.088,0.022,75.9,4,66.53
1746,118,0,medium,38,0.0,0.0,0.22,1.289,0.189,0.188,0.057,71.3,2,465.37
1747,59,0,medium,62,0.0,0.0,0.448,1.41,0.21,0.175,0.056,50.3,17,393.68
1748,31,16,small,28,0.0,0.0,0.225,0.717,0.27,0.237,0.03,28.0,8,946.03
1749,125,1,micro,33,0.0,0.0,0.411,1.669,0.258,0.26,0.074,51.9,3,1326.71
1750,68,17,small,71,0.0,0.0,0.811,0.862,0.129,0.107,0.027,49.6,14,213.07
1751,179,18,small,6,0.0,0.0,0.134,1.255,0.301,0.187,0.031,2.3,3,1808.04
1752,112,0,medium,37,0.0,0.0,0.159,0.867,0.163,0.189,0.07,4.2,2,157.63
1753,31,4,micro,4,0.0,0.0,0.068,0.725,0.228,0.094,0.068,14.3,18,946.03
1754,3,0,small,36,0.0,0.0,0.463,1.338,0.228,0.076,0.072,3.8,6,680.64
1755,58,1,micro,7,0.0,0.0,0.242,1.038,0.163,0.115,0.058,16.9,3,206.7
1756,73,10,small,13,0.0,0.0,0.184,1.181,0.282,0.138,0.036,56.6,7,709.56
1757,53,14,micro,3,0.0,0.0,0.155,1.431,0.21,0.204,0.016,13.9,43,273.6
1758,82,9,small,3,0.0,0.0,0.143,1.226,0.244,0.082,0.033,46.0,26,650.6
1759,177,7,small,9,0.0,0.0,0.379,1.082,0.21,0.102,0.018,22.1,8,634.94
1760,6,4,small,14,0.0,0.0,0.172,1.46,0.21,0.061,0.071,8.5,4,719.97
1761,165,4,small,64,0.0,0.0,0.57,1.305,0.129,0.203,0.054,43.3,2,224.25
1762,102,11,micro,36,0.0,0.0,0.26,0.781,0.163,0.06,0.023,109.4,13,105.35
1763,179,17,micro,5,0.0,0.0,0.589,0.756,0.292,0.151,0.044,8.5,1,1808.04
1764,138,8,small,38,0.0,0.0,0.214,1.263,0.163,0.177,0.023,31.1,17,334.79
1765,40,18,micro,69,0.0,0.0,0.402,0.545,0.163,0.167,0.019,0.7,1,310.59
1766,185,1,large,153,0.01,0.0,0.088,1.003,0.21,0.056,0.069,18.4,12,303.08
1767,34,16,medium,14,0.0,0.0,0.214,0.953,0.163,0.118,0.017,52.8,19,337.83
1768,75,6,small,60,0.01,0.0,0.232,1.46,0.21,0.212,0.014,59.4,4,337.61
1769,191,17,small,11,0.0,0.0,0.299,1.052,0.244,0.052,0.02,5.4,14,349.46
1770,54,18,micro,12,0.0,0.0,0.168,0.899,0.228,0.073,0.028,16.6,1,416.13
1771,128,14,medium,54,0.0,0.0,0.247,1.058,0.163,0.191,0.028,1.2,44,163.96
1772,191,7,large,34,0.0,0.0,0.601,0.755,0.129,0.214,0.03,38.1,17,349.46
1773,141,9,small,8,0.0,0.0,0.222,0.79,0.21,0.042,0.018,43.1,26,548.48
1774,136,11,small,10,0.0,0.0,0.431,0.871,0.163,0.14,0.017,105.5,3,67.81
1775,125,9,large,162,0.01,0.01,0.524,1.341,0.244,0.094,0.041,90.5,1,1326.71
1776,119,15,medium,29,0.0,0.0,0.064,0.879,0.189,0.118,0.024,7.5,9,314.8
1777,183,15,micro,6,0.0,0.0,0.32,0.787,0.163,0.103,0.022,10.7,19,240.44
1778,118,0,small,31,0.0,0.0,0.074,0.547,0.189,0.028,0.056,59.8,5,465.37
1779,137,3,small,42,0.0,0.0,0.211,1.154,0.129,0.11,0.068,61.5,2,107.55
1780,156,7,small,14,0.0,0.0,0.051,0.765,0.258,0.064,0.031,7.7,6,958.89
1781,113,13,large,32,0.0,0.0,0.192,1.789,0.357,0.197,0.041,21.4,14,1742.79
1782,179,4,medium,33,0.0,0.0,0.429,0.478,0.373,0.165,0.079,81.7,8,1808.04
1783,3,6,small,21,0.0,0.0,0.482,0.916,0.27,0.148,0.023,8.4,10,680.64
1784,90,9,medium,187,0.01,0.0,0.125,1.067,0.163,0.187,0.019,94.9,17,163.54
1785,125,11,small,14,0.0,0.0,0.237,0.505,0.339,0.242,0.031,21.0,2,1326.71
1786,3,18,small,18,0.0,0.0,0.299,1.156,0.258,0.059,0.02,0.5,13,680.64
1787,179,16,micro,6,0.0,0.0,0.376,2.131,0.383,0.224,0.043,11.3,4,1808.04
1788,167,7,medium,20,0.0,0.0,0.259,0.891,0.282,0.055,0.038,19.7,7,989.1
1789,54,15,micro,6,0.0,0.0,0.347,0.954,0.189,0.206,0.028,44.6,1,416.13
1790,75,16,small,162,0.0,0.0,0.538,1.37,0.21,0.207,0.023,47.0,6,337.61
1791,141,10,small,6,0.0,0.0,0.311,1.9,0.163,0.193,0.035,76.4,8,548.48
1792,76,5,micro,5,0.0,0.0,0.347,0.994,0.129,0.192,0.013,352.6,21,161.91
1793,175,18,micro,21,0.0,0.0,0.268,1.175,0.189,0.075,0.026,17.7,6,339.4
1794,62,19,micro,11,0.0,0.0,0.626,0.829,0.129,0.192,0.028,32.1,4,49.09
1795,167,4,micro,18,0.0,0.0,0.368,1.343,0.244,0.137,0.069,69.5,2,989.1
1796,107,15,micro,28,0.0,0.0,0.204,0.934,0.129,0.107,0.02,141.1,8,176.72
1797,106,0,medium,28,0.0,0.0,0.126,1.152,0.27,0.19,0.071,49.6,4,978.66
1798,40,0,micro,3,0.0,0.0,0.162,2.477,0.228,0.214,0.058,38.7,49,310.59
1799,192,7,micro,6,0.0,0.0,0.28,1.164,0.129,0.167,0.015,13.6,16,183.85
1800,78,9,micro,10,0.0,0.0,0.335,1.011,0.129,0.182,0.017,26.0,8,162.68
1801,53,10,medium,144,0.0,0.0,0.121,1.177,0.244,0.153,0.023,61.6,1,273.6
1802,4,7,large,3111,0.48,0.19,0.402,0.851,0.129,0.104,0.028,18.4,5,117.43
1803,113,2,small,4,0.0,0.0,0.274,1.12,0.387,0.147,0.088,200.2,2,1742.79
1804,4,6,micro,5,0.0,0.0,0.297,0.78,0.129,0.024,0.02,73.2,2,117.43
1805,106,16,micro,10,0.0,0.0,0.228,0.958,0.27,0.236,0.027,39.0,7,978.66
1806,179,6,large,1443,0.07,0.01,0.154,1.111,0.292,0.114,0.046,74.2,17,1808.04
1807,113,11,micro,12,0.0,0.0,0.125,0.9,0.378,0.126,0.048,45.1,29,1742.79
1808,6,13,medium,127,0.0,0.0,0.388,0.801,0.21,0.193,0.021,211.5,10,719.97
1809,65,14,medium,83,0.0,0.0,0.158,0.614,0.228,0.044,0.023,18.3,1,576.08
1810,6,9,micro,1,0.0,0.0,0.378,1.335,0.163,0.151,0.033,21.3,4,719.97
1811,177,2,small,34,0.0,0.0,0.155,1.567,0.301,0.235,0.069,26.1,15,634.94
1812,59,18,large,25,0.0,0.0,0.189,1.03,0.163,0.095,0.014,7.6,1,393.68
1813,9,5,micro,40,0.0,0.0,0.083,0.843,0.129,0.188,0.023,36.6,4,255.33
1814,186,6,small,37,0.0,0.0,0.394,1.65,0.163,0.11,0.032,14.6,2,238.23
1815,113,15,micro,14,0.0,0.0,0.63,1.164,0.339,0.161,0.047,7.2,16,1742.79
1816,92,15,micro,11,0.0,0.0,0.069,1.54,0.129,0.006,0.021,23.8,10,73.55
1817,179,17,micro,20,0.0,0.0,0.46,0.838,0.292,0.248,0.036,15.9,1,1808.04
1818,113,0,small,12,0.0,0.0,0.693,1.812,0.282,0.216,0.078,25.1,7,1742.79
1819,67,17,small,39,0.0,0.0,0.54,0.909,0.189,0.045,0.032,64.1,3,404.86
1820,164,15,small,13,0.0,0.0,0.051,0.679,0.129,0.022,0.017,17.0,8,388.92
1821,66,10,medium,331,0.01,0.0,0.182,0.859,0.163,0.175,0.021,113.9,6,138.1
1822,106,3,medium,70,0.0,0.0,0.171,0.995,0.27,0.218,0.061,56.6,1,978.66
1823,165,10,large,46,0.0,0.0,0.3,1.316,0.163,0.134,0.032,14.1,5,224.25
1824,179,3,small,54,0.0,0.0,0.359,1.099,0.352,0.278,0.078,79.8,9,1808.04
1825,125,19,micro,37,0.0,0.0,0.061,1.036,0.258,0.099,0.039,8.8,6,1326.71
1826,113,14,large,282,0.02,0.01,0.483,1.445,0.326,0.165,0.034,0.5,6,1742.79
1827,15,11,medium,25,0.0,0.0,0.175,1.314,0.129,0.175,0.024,15.2,13,84.58
1828,125,16,medium,65,0.0,0.0,0.522,1.083,0.318,0.255,0.041,64.2,36,1326.71
1829,73,10,micro,20,0.0,0.0,0.211,1.064,0.282,0.187,0.024,49.9,6,709.56
1830,113,1,small,14,0.0,0.0,0.268,1.607,0.368,0.187,0.083,41.5,23,1742.79
1831,156,5,small,20,0.0,0.0,0.441,1.33,0.21,0.064,0.024,66.3,18,958.89
1832,133,19,micro,5,0.0,0.0,0.069,1.061,0.189,0.154,0.02,44.3,11,238.31
1833,20,17,micro,4,0.0,0.0,0.197,0.985,0.228,0.053,0.023,10.4,4,642.68
1834,91,18,medium,74,0.0,0.0,0.027,0.868,0.21,0.12,0.017,112.3,7,390.98
1835,50,1,micro,14,0.0,0.0,0.475,1.042,0.163,0.135,0.071,131.0,5,205.22
1836,34,4,medium,52,0.0,0.0,0.208,0.948,0.189,0.138,0.067,1.0,40,337.83
1837,55,1,micro,5,0.0,0.0,0.371,1.753,0.228,0.104,0.057,15.9,35,376.64
1838,179,16,small,7,0.0,0.0,0.498,1.658,0.383,0.201,0.033,10.7,8,1808.04
1839,149,3,micro,9,0.0,0.0,0.538,1.598,0.189,0.116,0.065,143.8,15,199.73
1840,179,8,medium,134,0.01,0.0,0.187,1.706,0.31,0.201,0.034,9.3,40,1808.04
1841,113,5,micro,7,0.0,0.0,0.181,1.183,0.339,0.22,0.044,8.8,2,1742.79
1842,0,18,medium,16,0.0,0.0,0.114,1.085,0.163,0.198,0.024,36.5,7,243.89
1843,5,12,micro,8,0.0,0.0,0.15,1.173,0.129,0.043,0.027,15.9,4,117.43
1844,31,15,small,57,0.01,0.0,0.199,0.992,0.31,0.075,0.026,33.3,2,946.03
1845,162,12,medium,65,0.0,0.0,0.194,1.173,0.129,0.182,0.034,12.1,17,472.76
1846,51,12,large,596,0.01,0.0,0.177,0.844,0.163,0.02,0.012,14.8,8,100.98
1847,22,7,small,10,0.0,0.0,0.228,1.853,0.163,0.017,0.028,21.4,4,158.78
1848,175,4,medium,32,0.0,0.0,0.149,1.092,0.129,0.067,0.064,11.4,76,339.4
1849,56,6,small,21,0.0,0.0,0.149,0.665,0.129,0.029,0.022,9.7,8,64.12
1850,113,5,large,132,0.0,0.0,0.302,1.153,0.339,0.17,0.048,101.1,10,1742.79
1851,76,13,large,98,0.01,0.0,0.171,0.872,0.129,0.157,0.025,64.4,2,161.91
1852,179,8,medium,94,0.01,0.0,0.077,1.633,0.31,0.166,0.039,61.9,3,1808.04
1853,145,11,micro,12,0.0,0.0,0.216,1.781,0.21,0.078,0.014,62.1,1,324.35
1854,106,15,medium,110,0.01,0.0,0.121,1.117,0.27,0.177,0.028,9.8,17,978.66
1855,175,5,medium,49,0.0,0.0,0.149,0.887,0.129,0.105,0.014,13.6,3,339.4
1856,153,8,medium,20,0.0,0.0,0.364,1.361,0.163,0.033,0.014,23.0,6,187.21
1857,166,10,small,107,0.01,0.0,0.284,1.787,0.21,0.15,0.025,2.9,2,337.67
1858,191,1,micro,7,0.0,0.0,0.359,0.832,0.189,0.138,0.061,39.6,10,349.46
1859,52,3,micro,4,0.0,0.0,0.442,0.705,0.129,0.155,0.062,103.4,27,75.42
1860,51,1,medium,52,0.0,0.0,0.073,1.116,0.189,0.179,0.066,51.7,3,100.98
1861,119,15,small,11,0.0,0.0,0.435,1.252,0.189,0.185,0.02,91.8,11,314.8
1862,114,5,small,19,0.0,0.0,0.408,0.815,0.189,0.174,0.021,8.5,3,122.44
1863,177,8,medium,342,0.03,0.0,0.145,0.932,0.163,0.176,0.029,74.4,10,634.94
1864,34,13,micro,23,0.0,0.0,0.248,1.12,0.228,0.086,0.021,1.7,3,337.83
1865,101,19,medium,54,0.0,0.0,0.08,2.081,0.129,0.006,0.016,34.8,2,97.45
1866,113,16,medium,128,0.03,0.01,0.414,1.318,0.258,0.223,0.031,12.0,23,1742.79
1867,107,1,micro,10,0.0,0.0,0.448,0.611,0.163,0.145,0.065,51.8,4,176.72
1868,9,6,small,91,0.0,0.0,0.276,0.684,0.163,0.101,0.027,13.1,27,255.33
1869,33,0,large,234,0.02,0.0,0.196,1.226,0.163,0.174,0.057,188.4,2,51.54
1870,34,1,medium,55,0.01,0.0,0.241,0.984,0.244,0.025,0.058,210.1,9,337.83
1871,125,2,medium,25,0.0,0.0,0.128,1.295,0.244,0.089,0.073,29.9,2,1326.71
1872,104,6,small,6,0.0,0.0,0.161,1.304,0.129,0.119,0.016,29.1,7,126.31
1873,43,4,small,54,0.01,0.01,0.608,0.911,0.163,0.1,0.058,12.0,2,109.83
1874,156,7,micro,3,0.0,0.0,0.187,1.078,0.258,0.085,0.03,5.5,6,958.89
1875,165,16,micro,41,0.0,0.0,0.259,1.28,0.163,0.109,0.022,65.1,36,224.25
1876,54,15,micro,13,0.0,0.0,0.473,0.955,0.189,0.151,0.033,73.1,13,416.13
1877,151,7,medium,189,0.01,0.0,0.321,1.115,0.163,0.061,0.024,39.4,2,209.86
1878,9,13,small,30,0.0,0.0,0.402,1.049,0.189,0.169,0.019,6.2,7,255.33
1879,175,7,small,40,0.0,0.0,0.429,1.068,0.163,0.208,0.014,16.1,2,339.4
1880,186,7,small,11,0.0,0.0,0.303,0.963,0.129,0.026,0.027,59.6,3,238.23
1881,34,13,medium,124,0.01,0.0,0.112,0.762,0.228,0.21,0.029,194.4,21,337.83
1882,162,7,small,10,0.0,0.0,0.058,1.119,0.189,0.028,0.03,66.2,2,472.76
1883,20,10,large,1259,0.03,0.0,0.149,1.074,0.244,0.099,0.022,44.2,2,642.68
1884,185,2,small,44,0.0,0.0,0.133,1.356,0.189,0.075,0.06,98.7,2,303.08
1885,106,10,large,101,0.01,0.0,0.189,0.867,0.163,0.235,0.023,32.7,18,978.66
1886,115,14,small,38,0.0,0.0,0.334,0.922,0.189,0.084,0.027,128.7,9,200.65
1887,157,17,micro,52,0.0,0.0,0.137,1.091,0.163,0.162,0.017,5.2,10,238.37
1888,63,2,large,620,0.02,0.01,0.421,0.65,0.129,0.071,0.065,97.9,11,44.87
1889,91,8,medium,707,0.04,0.01,0.192,1.234,0.129,0.042,0.015,22.0,37,390.98
1890,11,9,large,879,0.05,0.02,0.338,0.738,0.163,0.191,0.025,17.2,9,93.16
1891,125,18,micro,16,0.0,0.0,0.708,1.162,0.292,0.187,0.035,107.5,11,1326.71
1892,164,5,small,15,0.0,0.0,0.196,1.02,0.244,0.025,0.021,125.8,11,388.92
1893,174,3,small,64,0.0,0.0,0.269,0.977,0.129,0.075,0.053,34.4,54,195.72
1894,115,2,small,62,0.0,0.0,0.474,1.001,0.163,0.152,0.056,319.8,8,200.65
1895,159,3,micro,11,0.0,0.0,0.075,0.969,0.163,0.171,0.064,22.3,5,286.16
1896,34,17,small,32,0.0,0.0,0.398,0.737,0.129,0.108,0.03,71.2,6,337.83
1897,156,12,small,24,0.0,0.0,0.276,2.195,0.228,0.113,0.035,15.1,3,958.89
1898,0,8,small,8,0.0,0.0,0.047,0.816,0.189,0.186,0.018,55.4,6,243.89
1899,48,17,micro,2,0.0,0.0,0.087,0.737,0.129,0.115,0.013,9.3,11,209.27
1900,131,5,small,15,0.0,0.0,0.191,0.93,0.129,0.176,0.016,6.6,19,158.95
1901,73,18,small,23,0.0,0.0,0.637,1.269,0.27,0.168,0.023,34.6,3,709.56
1902,95,15,small,26,0.0,0.0,0.201,1.164,0.129,0.04,0.017,56.6,13,34.35
1903,167,0,medium,135,0.01,0.0,0.321,0.975,0.292,0.203,0.078,15.4,7,989.1
1904,122,9,large,199,0.01,0.0,0.126,1.124,0.258,0.098,0.024,27.0,2,603.53
1905,91,16,small,5,0.0,0.0,0.379,1.336,0.163,0.155,0.029,33.5,3,390.98
1906,108,7,large,405,0.01,0.01,0.364,0.707,0.129,0.119,0.031,62.5,7,192.01
1907,173,19,medium,64,0.0,0.0,0.081,1.196,0.129,0.047,0.025,63.9,6,208.75
1908,113,16,small,32,0.0,0.0,0.166,1.077,0.258,0.159,0.039,79.0,2,1742.79
1909,177,15,medium,32,0.0,0.0,0.055,1.085,0.228,0.123,0.027,39.9,2,634.94
1910,61,2,small,7,0.0,0.0,0.276,1.17,0.21,0.201,0.066,14.6,1,123.27
1911,114,2,micro,18,0.0,0.0,0.114,1.176,0.163,0.044,0.054,316.6,15,122.44
1912,82,12,micro,13,0.0,0.0,0.698,1.257,0.189,0.124,0.028,25.7,7,650.6
1913,125,13,large,81,0.01,0.0,0.409,1.438,0.31,0.261,0.036,138.9,6,1326.71
1914,122,2,small,13,0.0,0.0,0.122,0.993,0.228,0.218,0.074,77.5,16,603.53
1915,122,17,small,39,0.0,0.0,0.573,0.8,0.21,0.181,0.019,18.3,24,603.53
1916,113,17,small,45,0.0,0.0,0.082,0.757,0.326,0.229,0.034,48.6,2,1742.79
1917,106,8,medium,71,0.0,0.0,0.453,1.14,0.258,0.087,0.032,2.3,6,978.66
1918,179,12,small,76,0.01,0.0,0.389,0.761,0.318,0.261,0.039,293.5,15,1808.04
1919,65,10,small,16,0.0,0.0,0.165,0.812,0.228,0.198,0.023,50.1,20,576.08
1920,105,0,micro,17,0.0,0.0,0.229,1.092,0.163,0.191,0.067,144.1,21,222.31
1921,54,1,medium,74,0.0,0.0,0.212,0.896,0.129,0.169,0.058,16.3,6,416.13
1922,75,15,small,5,0.0,0.0,0.352,1.05,0.189,0.06,0.016,14.0,21,337.61
1923,63,9,medium,46,0.01,0.0,0.558,1.295,0.129,0.076,0.02,22.1,9,44.87
1924,138,12,micro,5,0.0,0.0,0.13,1.034,0.163,0.17,0.019,39.3,17,334.79
1925,148,12,micro,8,0.0,0.0,0.353,0.885,0.163,0.178,0.023,13.8,2,250.12
1926,67,7,micro,25,0.0,0.0,0.648,1.425,0.163,0.105,0.018,10.1,4,404.86
1927,193,0,micro,12,0.0,0.0,0.118,1.574,0.163,0.037,0.052,3.3,8,42.7
1928,68,15,small,33,0.0,0.0,0.605,1.046,0.163,0.037,0.026,4.1,17,213.07
1929,167,9,large,206,0.01,0.0,0.073,0.727,0.292,0.253,0.036,25.4,21,989.1
1930,70,2,small,12,0.0,0.0,0.094,1.102,0.129,0.196,0.072,4.6,1,213.02
1931,96,0,medium,15,0.0,0.0,0.06,1.363,0.189,0.114,0.053,69.7,5,199.56
1932,137,0,micro,2,0.0,0.0,0.366,1.335,0.129,0.172,0.058,97.9,21,107.55
1933,119,0,small,21,0.0,0.0,0.19,0.747,0.163,0.072,0.06,7.7,9,314.8
1934,113,3,micro,28,0.0,0.0,0.215,1.504,0.318,0.187,0.074,8.1,45,1742.79
1935,164,4,micro,14,0.0,0.0,0.159,1.125,0.189,0.199,0.074,0.1,4,388.92
1936,148,4,large,412,0.01,0.0,0.133,0.697,0.189,0.17,0.064,13.5,11,250.12
1937,179,12,medium,16,0.0,0.0,0.406,1.643,0.318,0.122,0.043,1.0,2,1808.04
1938,57,4,small,19,0.0,0.0,0.613,1.918,0.163,0.192,0.055,87.8,3,108.94
1939,3,13,small,47,0.0,0.0,0.357,1.304,0.189,0.194,0.034,110.4,1,680.64
1940,199,16,medium,38,0.0,0.0,0.278,0.903,0.129,0.028,0.022,0.5,4,47.32
1941,68,7,micro,34,0.0,0.0,0.102,0.978,0.129,0.184,0.029,9.1,6,213.07
1942,6,14,micro,14,0.0,0.0,0.31,1.039,0.244,0.205,0.025,3.1,2,719.97
1943,61,2,medium,21,0.0,0.0,0.459,0.896,0.21,0.122,0.069,30.6,56,123.27
1944,138,6,large,568,0.06,0.02,0.258,1.453,0.21,0.118,0.032,4.5,15,334.79
1945,124,13,small,36,0.0,0.0,0.318,0.974,0.189,0.17,0.016,189.2,2,266.9
1946,53,18,small,7,0.0,0.0,0.425,1.307,0.163,0.161,0.015,60.6,18,273.6
1947,47,12,micro,11,0.0,0.0,0.46,1.095,0.189,0.105,0.015,7.4,8,427.14
1948,106,7,small,67,0.0,0.0,0.539,1.287,0.189,0.117,0.024,3.8,20,978.66
1949,3,6,small,14,0.0,0.0,0.512,1.397,0.27,0.039,0.02,46.2,7,680.64
1950,0,7,micro,2,0.0,0.0,0.049,1.25,0.163,0.088,0.021,34.8,1,243.89
1951,125,13,medium,120,0.01,0.0,0.249,1.162,0.31,0.161,0.038,5.6,2,1326.71
1952,73,6,medium,21,0.0,0.0,0.221,1.323,0.163,0.164,0.019,23.1,2,709.56
1953,3,9,medium,59,0.0,0.0,0.222,1.152,0.228,0.135,0.025,22.6,7,680.64
1954,106,15,large,80,0.0,0.0,0.348,0.513,0.27,0.176,0.021,3.4,40,978.66
1955,179,4,small,4,0.0,0.0,0.229,1.244,0.373,0.152,0.085,1.8,1,1808.04
1956,64,14,micro,25,0.0,0.0,0.196,0.743,0.163,0.195,0.032,19.1,33,334.46
1957,64,15,small,17,0.0,0.0,0.012,0.835,0.21,0.128,0.018,102.7,24,334.46
1958,108,17,medium,99,0.01,0.0,0.409,0.907,0.163,0.025,0.016,130.4,15,192.01
1959,33,0,small,3,0.0,0.0,0.34,1.281,0.163,0.173,0.065,16.2,3,51.54
1960,132,2,micro,23,0.0,0.0,0.416,1.275,0.129,0.127,0.057,6.8,10,51.3
1961,167,19,small,19,0.0,0.0,0.213,1.222,0.21,0.234,0.024,0.8,10,989.1
1962,48,2,small,3,0.0,0.0,0.351,1.684,0.129,0.134,0.065,30.2,14,209.27
1963,135,9,small,8,0.0,0.0,0.316,0.908,0.228,0.048,0.028,20.2,15,699.2
1964,179,3,small,16,0.0,0.0,0.337,1.0,0.352,0.178,0.074,23.5,15,1808.04
1965,179,16,micro,17,0.0,0.0,0.341,0.927,0.383,0.177,0.041,29.2,16,1808.04
1966,119,1,micro,36,0.0,0.0,0.405,0.842,0.163,0.086,0.06,56.6,20,314.8
1967,34,1,large,776,0.04,0.01,0.198,0.693,0.244,0.217,0.061,3.6,13,337.83
1968,135,10,micro,6,0.0,0.0,0.299,0.963,0.282,0.054,0.033,55.3,21,699.2
1969,156,4,small,46,0.0,0.0,0.258,1.042,0.282,0.133,0.077,113.9,16,958.89
1970,156,13,medium,100,0.0,0.0,0.331,0.738,0.282,0.253,0.025,16.2,10,958.89
1971,179,13,small,20,0.0,0.0,0.164,1.261,0.346,0.191,0.048,3.0,9,1808.04
1972,125,11,small,27,0.0,0.0,0.178,0.88,0.339,0.1,0.034,13.0,8,1326.71
1973,108,16,small,24,0.0,0.0,0.199,0.979,0.129,0.091,0.023,22.4,5,192.01
1974,113,13,medium,216,0.02,0.01,0.285,1.167,0.357,0.109,0.042,9.9,28,1742.79
1975,73,3,small,44,0.0,0.0,0.47,1.175,0.27,0.235,0.06,65.1,7,709.56
1976,7,1,medium,12,0.0,0.0,0.19,0.961,0.189,0.071,0.069,75.8,13,319.72
1977,150,14,small,251,0.01,0.0,0.113,0.682,0.129,0.121,0.021,53.5,33,190.66
1978,3,14,small,15,0.0,0.0,0.182,0.797,0.258,0.207,0.029,40.5,1,680.64
1979,9,17,large,69,0.0,0.0,0.087,0.963,0.163,0.037,0.022,35.6,8,255.33
1980,75,4,small,14,0.0,0.0,0.431,0.977,0.163,0.159,0.057,16.8,16,337.61
1981,179,4,micro,12,0.0,0.0,0.352,1.146,0.373,0.129,0.088,10.1,5,1808.04
1982,113,11,micro,5,0.0,0.0,0.3,1.879,0.378,0.278,0.042,24.9,8,1742.79
1983,54,3,small,45,0.0,0.0,0.208,1.019,0.258,0.053,0.057,33.9,22,416.13
1984,179,5,micro,2,0.0,0.0,0.434,1.235,0.346,0.101,0.039,17.7,7,1808.04
1985,122,16,small,46,0.0,0.0,0.467,1.144,0.189,0.073,0.036,4.0,1,603.53
1986,82,6,small,7,0.0,0.0,0.09,0.814,0.258,0.071,0.028,2.0,15,650.6
1987,150,0,micro,4,0.0,0.0,0.219,0.998,0.129,0.044,0.07,20.5,4,190.66
1988,106,13,medium,125,0.0,0.0,0.267,0.988,0.292,0.063,0.028,50.5,25,978.66
1989,154,3,small,1,0.0,0.0,0.127,1.823,0.163,0.157,0.068,12.8,11,198.95
1990,54,3,small,25,0.0,0.0,0.516,0.964,0.258,0.219,0.07,80.8,9,416.13
1991,34,0,micro,8,0.0,0.0,0.267,1.748,0.189,0.145,0.055,22.2,3,337.83
1992,106,11,medium,26,0.0,0.0,0.17,1.23,0.27,0.24,0.032,41.9,5,978.66
1993,73,11,medium,92,0.01,0.0,0.663,1.37,0.244,0.182,0.02,40.8,6,709.56
1994,125,1,small,7,0.0,0.0,0.085,1.075,0.258,0.243,0.081,63.1,22,1326.71
1995,162,1,small,54,0.0,0.0,0.209,1.11,0.21,0.155,0.073,50.1,4,472.76
1996,179,9,large,366,0.03,0.0,0.054,1.32,0.339,0.285,0.046,12.0,22,1808.04
1997,157,15,micro,6,0.0,0.0,0.339,0.982,0.163,0.098,0.032,11.4,3,238.37
1998,76,19,micro,10,0.0,0.0,0.169,0.716,0.21,0.099,0.017,0.1,23,161.91
1999,153,1,small,11,0.0,0.0,0.069,0.943,0.163,0.025,0.063,48.6,9,187.21
2000,113,14,micro,9,0.0,0.0,0.459,1.033,0.326,0.276,0.048,78.7,16,1742.79
2001,179,3,micro,2,0.0,0.0,0.151,0.904,0.352,0.236,0.078,38.8,11,1808.04
2002,148,0,small,13,0.0,0.0,0.127,1.223,0.163,0.124,0.055,39.1,7,250.12
2003,34,6,small,93,0.0,0.0,0.177,0.725,0.189,0.212,0.019,11.4,7,337.83
2004,17,11,medium,257,0.03,0.01,0.205,1.089,0.163,0.186,0.015,70.7,19,203.21
2005,118,12,medium,102,0.01,0.0,0.082,0.981,0.129,0.16,0.034,154.4,20,465.37
2006,82,0,micro,2,0.0,0.0,0.48,1.121,0.21,0.104,0.069,37.9,5,650.6
2007,40,18,medium,69,0.01,0.0,0.026,1.479,0.163,0.184,0.03,5.5,18,310.59
2008,164,1,medium,260,0.02,0.01,0.409,1.267,0.163,0.152,0.064,14.1,10,388.92
2009,86,4,medium,94,0.0,0.0,0.286,0.907,0.189,0.066,0.063,42.0,11,370.7
2010,20,8,small,29,0.0,0.0,0.076,1.522,0.163,0.129,0.033,48.8,9,642.68
2011,65,18,small,30,0.0,0.0,0.581,0.804,0.228,0.085,0.036,5.0,12,576.08
2012,141,19,small,32,0.0,0.0,0.089,1.538,0.163,0.115,0.017,22.4,6,548.48
2013,135,0,micro,20,0.0,0.0,0.217,1.0,0.244,0.12,0.072,51.7,14,699.2
2014,65,4,small,53,0.0,0.0,0.114,1.053,0.244,0.173,0.061,50.3,35,576.08
2015,76,10,small,27,0.0,0.0,0.347,0.487,0.129,0.13,0.014,10.6,2,161.91
2016,6,13,micro,2,0.0,0.0,0.72,1.354,0.21,0.186,0.037,13.3,11,719.97
2017,184,13,small,9,0.0,0.0,0.354,0.574,0.129,0.127,0.023,40.6,6,118.69
2018,73,5,medium,85,0.0,0.0,0.075,0.627,0.21,0.114,0.024,39.3,10,709.56
2019,179,3,small,53,0.0,0.0,0.118,1.339,0.352,0.196,0.083,27.1,2,1808.04
2020,167,0,micro,3,0.0,0.0,0.483,0.755,0.292,0.198,0.07,1.7,13,989.1
2021,75,16,medium,75,0.01,0.0,0.188,0.745,0.21,0.129,0.027,27.6,6,337.61
2022,144,7,micro,5,0.0,0.0,0.427,0.797,0.163,0.115,0.018,2.9,9,192.46
2023,111,17,small,25,0.0,0.0,0.345,0.892,0.129,0.168,0.031,35.9,1,144.53
2024,191,6,large,65,0.0,0.0,0.484,1.24,0.189,0.033,0.015,61.4,3,349.46
2025,133,15,large,135,0.0,0.0,0.145,0.499,0.163,0.069,0.029,33.1,16,238.31
2026,113,1,medium,76,0.01,0.0,0.477,1.297,0.368,0.137,0.082,3.2,17,1742.79
2027,132,16,small,19,0.0,0.0,0.119,1.18,0.129,0.048,0.022,25.0,7,51.3
2028,55,17,medium,22,0.0,0.0,0.123,0.843,0.189,0.068,0.02,9.7,23,376.64
2029,71,5,small,45,0.0,0.0,0.205,1.014,0.21,0.175,0.022,22.9,2,690.93
2030,149,2,micro,8,0.0,0.0,0.394,1.283,0.129,0.168,0.052,54.9,6,199.73
2031,20,3,large,1250,0.36,0.22,0.61,1.643,0.189,0.157,0.071,4.1,2,642.68
2032,71,17,large,43,0.0,0.0,0.512,1.276,0.282,0.143,0.027,30.8,1,690.93
2033,125,5,medium,50,0.0,0.0,0.058,1.086,0.318,0.122,0.033,27.7,19,1326.71
2034,197,4,medium,72,0.01,0.0,0.292,1.622,0.163,0.068,0.054,0.3,4,173.08
2035,179,19,micro,32,0.0,0.0,0.045,1.276,0.318,0.286,0.034,30.0,7,1808.04
2036,167,13,medium,451,0.03,0.0,0.152,1.669,0.163,0.246,0.041,50.4,9,989.1
2037,113,16,small,17,0.0,0.0,0.595,0.689,0.258,0.248,0.047,5.8,14,1742.79
2038,165,14,large,543,0.01,0.0,0.091,1.016,0.129,0.058,0.015,30.2,3,224.25
2039,119,7,micro,77,0.0,0.0,0.193,1.74,0.21,0.184,0.026,2.9,15,314.8
2040,106,17,small,52,0.0,0.0,0.151,1.5,0.27,0.144,0.027,6.6,7,978.66
2041,55,11,large,906,0.05,0.01,0.192,1.327,0.163,0.137,0.016,9.8,3,376.64
2042,183,13,micro,5,0.0,0.0,0.285,0.991,0.129,0.175,0.013,65.3,7,240.44
2043,125,6,micro,5,0.0,0.0,0.268,1.319,0.292,0.247,0.035,69.5,16,1326.71
2044,140,19,micro,28,0.0,0.0,0.201,1.263,0.129,0.084,0.02,20.4,4,186.32
2045,31,17,micro,17,0.0,0.0,0.458,0.929,0.244,0.113,0.035,11.4,9,946.03
2046,104,2,medium,719,0.29,0.09,0.315,1.426,0.129,0.175,0.07,8.2,4,126.31
2047,186,4,large,47,0.0,0.0,0.509,1.272,0.163,0.126,0.067,11.1,38,238.23
2048,156,14,small,12,0.0,0.0,0.463,0.841,0.258,0.073,0.035,88.4,21,958.89
2049,178,0,micro,3,0.0,0.0,0.239,1.208,0.189,0.097,0.064,18.9,15,113.9
2050,90,6,medium,113,0.01,0.0,0.271,0.772,0.129,0.011,0.025,72.8,16,163.54
2051,9,10,large,119,0.01,0.0,0.134,1.074,0.129,0.181,0.024,36.9,10,255.33
2052,81,4,small,24,0.0,0.0,0.027,0.795,0.189,0.087,0.054,8.2,3,212.11
2053,86,17,small,11,0.0,0.0,0.079,1.053,0.163,0.048,0.015,3.5,3,370.7
2054,71,17,medium,18,0.0,0.0,0.282,1.721,0.282,0.115,0.021,18.8,1,690.93
2055,113,19,small,6,0.0,0.0,0.42,0.948,0.31,0.148,0.034,74.0,1,1742.79
2056,47,2,micro,8,0.0,0.0,0.333,1.268,0.163,0.173,0.072,13.5,1,427.14
2057,179,1,micro,42,0.0,0.0,0.156,0.713,0.352,0.236,0.084,42.4,20,1808.04
2058,179,11,medium,76,0.01,0.0,0.14,1.453,0.357,0.17,0.043,83.8,9,1808.04
2059,65,15,large,170,0.01,0.0,0.227,1.39,0.244,0.117,0.03,26.1,15,576.08
2060,135,5,small,56,0.0,0.0,0.876,0.913,0.244,0.237,0.032,20.4,9,699.2
2061,113,4,medium,89,0.03,0.01,0.235,1.614,0.326,0.164,0.075,5.6,55,1742.79
2062,64,10,large,216,0.01,0.0,0.312,0.743,0.163,0.1,0.027,116.5,24,334.46
2063,179,9,medium,179,0.0,0.0,0.309,0.836,0.339,0.296,0.034,89.6,37,1808.04
2064,58,9,large,100,0.01,0.0,0.192,1.528,0.129,0.198,0.025,72.6,17,206.7
2065,125,8,micro,3,0.0,0.0,0.458,1.008,0.282,0.163,0.033,67.0,4,1326.71
2066,75,14,medium,34,0.0,0.0,0.495,0.681,0.189,0.068,0.029,40.5,37,337.61
2067,167,12,small,16,0.0,0.0,0.428,1.213,0.244,0.146,0.032,51.7,10,989.1
2068,125,9,small,91,0.0,0.0,0.298,1.038,0.244,0.101,0.029,87.1,1,1326.71
2069,167,14,micro,1,0.0,0.0,0.373,1.209,0.258,0.208,0.031,4.0,12,989.1
2070,80,5,small,24,0.0,0.0,0.273,1.042,0.163,0.174,0.031,171.9,6,119.14
2071,2,17,micro,29,0.0,0.0,0.74,0.774,0.228,0.187,0.022,58.6,2,283.64
2072,55,7,medium,306,0.02,0.0,0.229,0.936,0.163,0.188,0.025,46.9,6,376.64
2073,167,6,large,484,0.02,0.0,0.177,0.712,0.27,0.188,0.021,70.0,8,989.1
2074,73,10,micro,1,0.0,0.0,0.104,0.88,0.282,0.237,0.037,251.2,7,709.56
2075,73,5,micro,13,0.0,0.0,0.226,1.412,0.21,0.111,0.033,42.1,3,709.56
2076,106,5,small,60,0.0,0.0,0.168,1.117,0.228,0.08,0.024,15.1,10,978.66
2077,67,1,medium,70,0.0,0.0,0.529,1.301,0.189,0.144,0.066,23.9,6,404.86
2078,166,13,small,133,0.0,0.0,0.063,1.354,0.163,0.033,0.015,16.1,1,337.67
2079,73,18,small,15,0.0,0.0,0.169,0.772,0.27,0.152,0.025,27.3,9,709.56
2080,125,13,small,18,0.0,0.0,0.391,0.919,0.31,0.127,0.029,31.6,12,1326.71
2081,106,11,small,20,0.0,0.0,0.282,0.888,0.27,0.123,0.024,17.1,14,978.66
2082,69,14,small,51,0.0,0.0,0.116,0.657,0.129,0.052,0.027,9.9,34,77.86
2083,65,19,micro,14,0.0,0.0,0.284,1.668,0.244,0.189,0.033,16.5,1,576.08
2084,113,6,medium,40,0.0,0.0,0.62,0.823,0.31,0.099,0.034,37.0,13,1742.79
2085,54,8,small,94,0.0,0.0,0.096,0.786,0.163,0.109,0.018,10.1,13,416.13
2086,78,5,medium,299,0.01,0.0,0.188,0.997,0.163,0.021,0.03,9.5,10,162.68
2087,6,0,small,21,0.0,0.0,0.183,1.178,0.21,0.189,0.07,23.8,8,719.97
2088,162,6,small,16,0.0,0.0,0.465,0.923,0.228,0.223,0.027,7.9,16,472.76
2089,6,1,small,10,0.0,0.0,0.039,1.084,0.282,0.078,0.062,3.7,1,719.97
2090,177,17,micro,92,0.01,0.0,0.15,1.644,0.189,0.042,0.021,37.9,1,634.94
2091,6,14,micro,27,0.0,0.0,0.085,1.63,0.244,0.151,0.031,12.7,5,719.97
2092,173,6,small,45,0.0,0.0,0.356,1.595,0.163,0.046,0.029,41.8,10,208.75
2093,134,6,small,22,0.0,0.0,0.202,1.472,0.129,0.044,0.015,25.5,12,59.18
2094,113,11,small,34,0.0,0.0,0.031,1.417,0.378,0.22,0.037,34.7,10,1742.79
2095,32,15,small,46,0.0,0.0,0.518,1.425,0.129,0.084,0.026,185.2,10,146.42
2096,65,14,medium,122,0.0,0.0,0.095,0.75,0.228,0.096,0.017,27.8,26,576.08
2097,141,0,small,11,0.0,0.0,0.388,2.05,0.21,0.042,0.072,20.9,11,548.48
2098,113,15,micro,4,0.0,0.0,0.397,1.663,0.339,0.224,0.047,46.1,6,1742.79
2099,113,17,micro,7,0.0,0.0,0.454,0.804,0.326,0.279,0.036,35.9,7,1742.79
2100,31,1,medium,24,0.0,0.0,0.118,1.335,0.258,0.103,0.072,59.8,18,946.03
2101,112,15,small,39,0.0,0.0,0.223,1.844,0.163,0.083,0.018,84.2,26,157.63
2102,125,5,medium,163,0.0,0.0,0.495,1.163,0.318,0.205,0.041,175.1,3,1326.71
2103,31,3,medium,87,0.0,0.0,0.403,1.244,0.318,0.16,0.075,84.0,2,946.03
2104,191,10,micro,7,0.0,0.0,0.311,0.84,0.189,0.16,0.021,89.2,5,349.46
2105,167,11,small,21,0.0,0.0,0.303,1.116,0.282,0.088,0.04,54.9,4,989.1
2106,73,9,small,2,0.0,0.0,0.218,0.587,0.27,0.112,0.029,115.1,36,709.56
2107,120,18,medium,53,0.0,0.0,0.095,1.09,0.189,0.188,0.016,12.4,2,327.35
2108,119,4,medium,95,0.0,0.0,0.255,0.67,0.129,0.177,0.059,0.7,16,314.8
2109,25,12,small,31,0.0,0.0,0.247,0.993,0.189,0.099,0.015,71.1,22,165.82
2110,106,8,medium,63,0.0,0.0,0.204,1.223,0.258,0.115,0.021,34.4,9,978.66
2111,53,17,medium,46,0.0,0.0,0.289,0.817,0.129,0.154,0.015,12.0,1,273.6
2112,75,2,micro,20,0.0,0.0,0.575,0.848,0.21,0.085,0.061,4.7,4,337.61
2113,180,1,medium,42,0.0,0.0,0.376,0.779,0.129,0.21,0.059,52.6,3,277.46
2114,118,19,small,26,0.0,0.0,0.357,1.449,0.163,0.081,0.019,26.4,6,465.37
2115,9,11,small,16,0.0,0.0,0.312,0.82,0.163,0.036,0.022,150.6,8,255.33
2116,138,18,large,221,0.02,0.01,0.433,1.023,0.228,0.027,0.027,89.5,12,334.79
2117,198,8,large,67,0.01,0.0,0.15,1.46,0.129,0.055,0.03,138.7,10,157.31
2118,40,12,small,2,0.0,0.0,0.328,0.763,0.189,0.075,0.02,12.7,14,310.59
2119,141,13,small,122,0.0,0.0,0.474,0.991,0.21,0.209,0.017,26.2,1,548.48
2120,167,19,small,38,0.0,0.0,0.267,1.18,0.21,0.116,0.024,23.7,13,989.1
2121,171,2,medium,28,0.01,0.0,0.352,2.0,0.163,0.193,0.065,19.8,70,65.64
2122,148,2,micro,25,0.0,0.0,0.184,1.162,0.189,0.11,0.066,22.4,15,250.12
2123,179,10,small,10,0.0,0.0,0.379,0.932,0.368,0.111,0.049,76.9,3,1808.04
2124,4,1,small,5,0.0,0.0,0.013,1.064,0.189,0.182,0.056,15.5,2,117.43
2125,9,14,small,40,0.0,0.0,0.142,2.032,0.189,0.154,0.016,50.5,2,255.33
2126,31,19,small,5,0.0,0.0,0.121,1.012,0.258,0.166,0.028,22.6,5,946.03
2127,6,16,small,21,0.0,0.0,0.142,1.107,0.189,0.091,0.024,17.2,3,719.97
2128,31,5,micro,13,0.0,0.0,0.299,1.234,0.163,0.206,0.038,44.1,19,946.03
2129,167,15,micro,35,0.0,0.0,0.242,0.689,0.27,0.133,0.041,154.3,7,989.1
2130,179,12,small,25,0.0,0.0,0.202,1.976,0.318,0.108,0.047,46.4,13,1808.04
2131,75,2,small,51,0.0,0.0,0.191,0.998,0.21,0.095,0.07,23.9,29,337.61
2132,185,11,medium,57,0.0,0.0,0.468,1.239,0.163,0.059,0.033,52.1,3,303.08
2133,97,17,micro,15,0.0,0.0,0.36,0.878,0.129,0.118,0.024,58.1,26,192.68
2134,41,5,micro,1,0.0,0.0,0.181,0.828,0.163,0.02,0.018,28.3,2,176.16
2135,141,13,small,10,0.0,0.0,0.276,0.958,0.21,0.095,0.026,22.1,1,548.48
2136,98,0,micro,92,0.01,0.0,0.398,1.026,0.163,0.148,0.065,13.0,2,149.17
2137,3,16,small,24,0.0,0.0,0.179,0.859,0.228,0.232,0.027,57.4,7,680.64
2138,186,4,micro,8,0.0,0.0,0.315,0.967,0.163,0.019,0.072,3.0,4,238.23
2139,125,12,small,45,0.01,0.0,0.159,0.848,0.292,0.101,0.044,14.5,11,1326.71
2140,125,10,large,203,0.02,0.0,0.169,1.545,0.301,0.165,0.038,41.5,2,1326.71
2141,192,10,small,24,0.0,0.0,0.33,0.995,0.189,0.187,0.016,68.8,9,183.85
2142,167,5,medium,85,0.0,0.0,0.085,0.972,0.21,0.163,0.031,63.8,6,989.1
2143,82,11,micro,18,0.0,0.0,0.144,0.975,0.244,0.127,0.027,24.6,5,650.6
2144,6,12,small,6,0.0,0.0,0.195,1.827,0.189,0.094,0.025,14.9,14,719.97
2145,55,8,micro,6,0.0,0.0,0.58,0.753,0.163,0.135,0.034,21.1,14,376.64
2146,81,12,medium,97,0.01,0.0,0.169,0.677,0.129,0.049,0.028,42.7,5,212.11
2147,185,3,micro,8,0.0,0.0,0.244,1.15,0.228,0.018,0.07,27.2,21,303.08
2148,179,10,small,2,0.0,0.0,0.404,0.499,0.368,0.219,0.048,41.3,5,1808.04
2149,3,14,medium,130,0.01,0.0,0.044,0.738,0.258,0.097,0.03,79.0,1,680.64
2150,194,7,small,35,0.0,0.0,0.32,1.047,0.129,0.126,0.016,50.0,3,176.48
2151,65,8,micro,32,0.0,0.0,0.394,0.682,0.21,0.049,0.036,4.2,26,576.08
2152,161,3,large,214,0.0,0.0,0.213,0.841,0.21,0.217,0.059,184.6,12,326.06
2153,29,12,small,29,0.0,0.0,0.0,1.296,0.163,0.025,0.017,0.5,6,110.86
2154,55,2,large,548,0.06,0.04,0.6,1.41,0.21,0.157,0.056,29.5,3,376.64
2155,113,10,medium,112,0.01,0.0,0.149,1.172,0.301,0.237,0.048,58.5,5,1742.79
2156,145,4,small,13,0.0,0.0,0.536,0.997,0.21,0.043,0.057,4.0,2,324.35
2157,78,3,medium,26,0.0,0.0,0.11,1.02,0.163,0.192,0.053,43.0,22,162.68
2158,177,1,medium,74,0.0,0.0,0.242,0.68,0.244,0.066,0.07,64.6,15,634.94
2159,180,7,medium,202,0.01,0.0,0.216,0.988,0.163,0.137,0.031,10.9,54,277.46
2160,31,17,micro,4,0.0,0.0,0.5,2.459,0.244,0.141,0.03,1.5,12,946.03
2161,150,12,small,34,0.0,0.0,0.435,0.946,0.163,0.162,0.025,47.2,14,190.66
2162,31,15,small,4,0.0,0.0,0.436,0.994,0.31,0.235,0.039,7.0,17,946.03
2163,76,2,small,11,0.0,0.0,0.256,1.512,0.129,0.082,0.07,2.2,16,161.91
2164,167,6,small,8,0.0,0.0,0.265,1.54,0.27,0.219,0.033,10.0,19,989.1
2165,75,7,micro,13,0.0,0.0,0.337,0.956,0.163,0.093,0.031,39.8,1,337.61
2166,179,17,small,11,0.0,0.0,0.547,1.47,0.292,0.193,0.036,88.5,2,1808.04
2167,96,13,small,54,0.0,0.0,0.326,0.969,0.129,0.11,0.03,70.2,12,199.56
2168,71,9,large,715,0.06,0.02,0.322,1.209,0.244,0.079,0.031,16.1,4,690.93
2169,195,6,small,81,0.0,0.0,0.307,0.811,0.163,0.08,0.022,40.4,6,218.18
2170,106,15,large,219,0.02,0.01,0.309,1.018,0.27,0.217,0.032,48.9,1,978.66
2171,156,17,micro,1,0.0,0.0,0.568,1.176,0.258,0.076,0.039,45.1,10,958.89
2172,125,10,small,9,0.0,0.0,0.095,1.048,0.301,0.141,0.044,37.8,5,1326.71
2173,51,0,micro,10,0.0,0.0,0.362,1.241,0.163,0.091,0.07,67.0,17,100.98
2174,113,5,small,29,0.0,0.0,0.323,1.805,0.339,0.207,0.033,7.1,4,1742.79
2175,17,14,micro,3,0.0,0.0,0.042,0.955,0.189,0.043,0.013,21.0,7,203.21
2176,148,7,medium,101,0.0,0.0,0.192,0.663,0.129,0.211,0.013,38.5,12,250.12
2177,113,12,small,102,0.01,0.0,0.35,1.098,0.333,0.258,0.037,39.8,3,1742.79
2178,31,10,small,6,0.0,0.0,0.255,0.895,0.27,0.123,0.036,13.6,6,946.03
2179,159,18,medium,53,0.0,0.0,0.454,0.757,0.163,0.138,0.03,65.1,40,286.16
2180,165,6,small,53,0.0,0.0,0.192,0.896,0.163,0.136,0.018,13.7,4,224.25
2181,156,8,micro,15,0.0,0.0,0.255,1.19,0.282,0.101,0.025,5.8,13,958.89
2182,73,1,micro,58,0.01,0.0,0.414,1.315,0.27,0.047,0.077,2.1,7,709.56
2183,151,16,medium,30,0.0,0.0,0.313,1.163,0.163,0.077,0.029,4.3,11,209.86
2184,122,6,small,8,0.0,0.0,0.428,2.001,0.228,0.072,0.021,23.3,7,603.53
2185,118,14,small,105,0.01,0.0,0.097,1.336,0.21,0.099,0.024,43.3,6,465.37
2186,135,0,medium,7,0.0,0.0,0.413,0.814,0.244,0.164,0.058,51.4,23,699.2
2187,128,17,small,5,0.0,0.0,0.592,1.36,0.163,0.149,0.018,1.4,16,163.96
2188,164,19,micro,67,0.02,0.0,0.29,1.494,0.189,0.073,0.022,94.1,3,388.92
2189,194,9,medium,17,0.0,0.0,0.255,1.587,0.163,0.15,0.03,47.6,11,176.48
2190,153,9,small,2,0.0,0.0,0.075,0.354,0.163,0.058,0.029,22.2,10,187.21
2191,106,12,medium,252,0.01,0.0,0.181,1.692,0.228,0.235,0.029,28.0,14,978.66
2192,106,19,micro,36,0.01,0.0,0.117,1.559,0.282,0.096,0.038,30.8,7,978.66
2193,3,11,large,189,0.01,0.0,0.105,0.923,0.258,0.227,0.02,27.8,16,680.64
2194,36,1,medium,30,0.0,0.0,0.612,1.064,0.163,0.081,0.07,39.2,10,182.89
2195,56,11,small,9,0.0,0.0,0.503,0.836,0.163,0.004,0.017,28.0,1,64.12
2196,195,8,small,16,0.0,0.0,0.138,1.092,0.21,0.132,0.032,179.4,5,218.18
2197,157,15,medium,20,0.0,0.0,0.606,0.992,0.163,0.024,0.02,53.6,22,238.37
2198,31,6,micro,6,0.0,0.0,0.543,1.02,0.282,0.184,0.037,39.0,26,946.03
2199,113,18,small,12,0.0,0.0,0.513,1.001,0.301,0.122,0.037,28.9,8,1742.79
2200,54,16,small,41,0.0,0.0,0.039,1.151,0.163,0.096,0.016,75.0,6,416.13
2201,71,6,small,117,0.0,0.0,0.54,1.443,0.21,0.059,0.03,11.3,4,690.93
2202,125,7,medium,33,0.0,0.0,0.394,0.827,0.31,0.194,0.043,30.4,7,1326.71
2203,125,10,medium,20,0.0,0.0,0.251,1.197,0.301,0.105,0.036,31.7,14,1326.71
2204,177,1,micro,4,0.0,0.0,0.38,1.215,0.244,0.177,0.065,35.4,18,634.94
2205,40,13,small,2,0.0,0.0,0.317,1.685,0.129,0.018,0.014,29.8,5,310.59
2206,113,12,micro,13,0.0,0.0,0.462,0.802,0.333,0.17,0.033,48.8,14,1742.79
2207,125,6,micro,2,0.0,0.0,0.474,1.067,0.292,0.144,0.043,11.1,3,1326.71
2208,179,12,small,39,0.0,0.0,0.059,1.332,0.318,0.124,0.032,5.6,15,1808.04
2209,113,1,medium,39,0.0,0.0,0.135,1.155,0.368,0.265,0.07,59.7,35,1742.79
2210,76,19,small,51,0.0,0.0,0.218,0.909,0.21,0.094,0.031,83.2,2,161.91
2211,70,1,micro,41,0.0,0.0,0.11,2.152,0.163,0.018,0.058,134.2,8,213.02
2212,54,6,large,109,0.01,0.0,0.261,0.963,0.163,0.123,0.03,40.3,3,416.13
2213,186,19,small,9,0.0,0.0,0.686,1.069,0.129,0.031,0.02,61.1,9,238.23
2214,125,7,micro,4,0.0,0.0,0.348,1.028,0.31,0.195,0.041,44.8,2,1326.71
2215,71,17,micro,1,0.0,0.0,0.051,0.769,0.282,0.101,0.032,21.3,3,690.93
2216,156,3,small,34,0.0,0.0,0.137,0.961,0.292,0.131,0.072,6.6,5,958.89
2217,70,1,small,18,0.0,0.0,0.422,0.991,0.163,0.096,0.053,135.8,15,213.02
2218,113,2,small,39,0.0,0.0,0.139,1.577,0.387,0.242,0.078,10.4,26,1742.79
2219,3,19,large,158,0.01,0.0,0.414,1.14,0.258,0.157,0.035,13.1,26,680.64
2220,172,1,large,431,0.01,0.0,0.472,0.639,0.129,0.113,0.053,111.1,2,137.4
2221,185,13,medium,45,0.0,0.0,0.169,0.591,0.129,0.074,0.033,5.7,3,303.08
2222,176,8,small,4,0.0,0.0,0.453,1.326,0.129,0.156,0.013,116.1,4,150.36
2223,40,17,small,32,0.0,0.0,0.278,0.939,0.129,0.049,0.019,99.2,3,310.59
2224,167,5,micro,21,0.0,0.0,0.1,0.765,0.21,0.154,0.04,22.4,1,989.1
2225,78,0,micro,29,0.0,0.0,0.431,0.661,0.189,0.048,0.057,61.4,47,162.68
2226,179,14,micro,22,0.0,0.0,0.265,1.189,0.318,0.148,0.043,11.2,18,1808.04
2227,71,11,small,11,0.0,0.0,0.42,1.44,0.189,0.15,0.021,64.1,2,690.93
2228,20,8,micro,10,0.0,0.0,0.185,1.535,0.163,0.088,0.031,22.4,34,642.68
2229,174,6,small,13,0.0,0.0,0.397,1.391,0.163,0.083,0.013,52.1,12,195.72
2230,29,17,small,6,0.0,0.0,0.579,1.316,0.129,0.037,0.012,66.1,8,110.86
2231,118,2,micro,9,0.0,0.0,0.307,0.995,0.189,0.208,0.068,84.7,18,465.37
2232,86,2,small,35,0.0,0.0,0.34,1.075,0.163,0.027,0.06,23.8,3,370.7
2233,156,0,large,449,0.03,0.01,0.214,0.697,0.244,0.094,0.075,47.8,37,958.89
2234,156,1,large,315,0.03,0.0,0.166,1.157,0.292,0.127,0.077,158.4,7,958.89
2235,161,17,micro,16,0.0,0.0,0.637,1.193,0.189,0.212,0.03,4.8,14,326.06
2236,9,15,micro,9,0.0,0.0,0.378,1.09,0.163,0.17,0.023,20.2,2,255.33
2237,175,2,micro,16,0.0,0.0,0.195,1.025,0.129,0.074,0.065,56.7,6,339.4
2238,108,15,medium,30,0.0,0.0,0.234,1.79,0.163,0.203,0.023,6.3,4,192.01
2239,54,12,small,9,0.0,0.0,0.317,1.041,0.21,0.046,0.028,62.1,15,416.13
2240,71,7,small,8,0.0,0.0,0.394,0.812,0.228,0.126,0.037,10.7,3,690.93
2241,179,1,micro,9,0.0,0.0,0.587,0.927,0.352,0.154,0.083,70.1,3,1808.04
2242,1,12,micro,8,0.0,0.0,0.146,0.688,0.129,0.039,0.016,11.0,10,129.25
2243,165,16,medium,171,0.01,0.0,0.559,0.831,0.163,0.13,0.017,0.2,4,224.25
2244,179,8,micro,16,0.0,0.0,0.298,1.28,0.31,0.269,0.043,39.9,5,1808.04
2245,64,8,small,73,0.0,0.0,0.191,0.789,0.129,0.07,0.019,46.0,26,334.46
2246,167,16,micro,5,0.0,0.0,0.712,0.627,0.258,0.216,0.033,13.3,5,989.1
2247,39,4,large,204,0.03,0.0,0.044,2.23,0.189,0.178,0.053,7.2,14,180.7
2248,3,3,medium,45,0.0,0.0,0.511,1.322,0.258,0.192,0.071,73.4,6,680.64
2249,125,13,micro,23,0.0,0.0,0.239,0.944,0.31,0.21,0.031,111.6,1,1326.71
2250,135,13,medium,12,0.0,0.0,0.162,1.767,0.189,0.104,0.027,3.6,1,699.2
2251,34,18,medium,73,0.0,0.0,0.445,1.042,0.189,0.21,0.018,9.5,3,337.83
2252,113,6,micro,14,0.0,0.0,0.234,0.899,0.31,0.211,0.036,37.3,32,1742.79
2253,87,4,micro,30,0.01,0.0,0.252,1.49,0.129,0.041,0.059,52.6,27,206.18
2254,15,8,medium,39,0.0,0.0,0.218,0.709,0.129,0.128,0.031,13.8,10,84.58
2255,113,7,micro,34,0.0,0.0,0.114,1.102,0.31,0.138,0.042,105.5,10,1742.79
2256,124,18,medium,79,0.0,0.0,0.151,1.072,0.129,0.098,0.019,27.9,7,266.9
2257,54,18,small,9,0.0,0.0,0.346,0.683,0.228,0.157,0.033,13.2,6,416.13
2258,156,8,micro,1,0.0,0.0,0.125,1.304,0.282,0.155,0.032,25.0,1,958.89
2259,12,8,small,6,0.0,0.0,0.637,0.795,0.163,0.137,0.02,49.2,18,189.04
2260,118,8,small,51,0.0,0.0,0.224,0.921,0.228,0.223,0.019,150.1,1,465.37
2261,71,14,small,32,0.0,0.0,0.351,0.783,0.21,0.162,0.036,4.3,7,690.93
2262,106,11,micro,5,0.0,0.0,0.324,0.885,0.27,0.145,0.037,75.5,7,978.66
2263,179,5,medium,35,0.0,0.0,0.398,0.942,0.346,0.143,0.031,61.5,3,1808.04
2264,138,15,micro,29,0.0,0.0,0.351,1.446,0.21,0.047,0.016,6.6,44,334.79
2265,34,18,medium,46,0.0,0.0,0.074,0.9,0.189,0.031,0.027,70.0,3,337.83
2266,179,14,large,162,0.03,0.0,0.124,1.085,0.318,0.137,0.048,17.4,21,1808.04
2267,85,3,medium,23,0.0,0.0,0.153,0.941,0.129,0.113,0.056,42.4,4,89.86
2268,76,15,small,4,0.0,0.0,0.411,0.992,0.163,0.08,0.028,181.6,3,161.91
2269,113,19,medium,105,0.01,0.0,0.285,0.922,0.31,0.262,0.045,50.5,6,1742.79
2270,53,13,large,32,0.0,0.0,0.401,1.051,0.189,0.135,0.022,10.1,7,273.6
2271,179,4,small,1,0.0,0.0,0.497,1.64,0.373,0.186,0.078,9.1,3,1808.04
2272,108,0,small,24,0.0,0.0,0.262,1.511,0.189,0.113,0.063,38.9,15,192.01
2273,90,7,small,14,0.0,0.0,0.315,0.906,0.129,0.119,0.031,73.5,6,163.54
2274,40,9,small,25,0.0,0.0,0.439,0.824,0.21,0.183,0.024,46.4,9,310.59
2275,165,18,small,56,0.0,0.0,0.352,1.19,0.189,0.095,0.015,43.7,3,224.25
2276,184,12,large,267,0.01,0.0,0.363,0.945,0.129,0.061,0.027,4.0,2,118.69
2277,177,5,small,30,0.0,0.0,0.043,1.029,0.228,0.081,0.024,22.4,5,634.94
2278,39,13,micro,2,0.0,0.0,0.423,0.959,0.189,0.022,0.02,78.4,14,180.7
2279,156,1,medium,222,0.01,0.0,0.355,0.963,0.292,0.061,0.076,43.0,3,958.89
2280,53,4,medium,45,0.0,0.0,0.548,0.552,0.189,0.1,0.072,27.1,13,273.6
2281,6,14,large,29,0.0,0.0,0.146,0.705,0.244,0.167,0.02,69.1,18,719.97
2282,113,5,medium,35,0.0,0.0,0.359,0.917,0.339,0.165,0.045,29.9,21,1742.79
2283,138,0,medium,341,0.01,0.0,0.16,0.945,0.163,0.066,0.065,4.5,12,334.79
2284,31,9,small,9,0.0,0.0,0.372,1.176,0.282,0.188,0.032,59.4,5,946.03
2285,125,13,small,23,0.0,0.0,0.334,0.963,0.31,0.228,0.041,45.9,2,1326.71
2286,170,15,small,23,0.0,0.0,0.538,0.771,0.163,0.148,0.022,116.7,5,60.98
2287,53,6,medium,35,0.0,0.0,0.185,0.955,0.129,0.153,0.026,113.3,2,273.6
2288,103,8,micro,1,0.0,0.0,0.452,0.95,0.129,0.028,0.011,9.2,4,66.53
2289,113,11,small,3,0.0,0.0,0.33,1.52,0.378,0.278,0.043,44.2,5,1742.79
2290,167,1,small,31,0.0,0.0,0.58,1.129,0.282,0.16,0.063,20.7,7,989.1
2291,159,3,micro,11,0.0,0.0,0.229,0.847,0.163,0.106,0.069,16.9,21,286.16
2292,159,7,medium,197,0.01,0.0,0.232,0.943,0.129,0.166,0.019,4.9,4,286.16
2293,141,5,small,43,0.0,0.0,0.301,1.075,0.189,0.204,0.017,30.2,7,548.48
2294,125,9,medium,23,0.0,0.0,0.591,1.124,0.244,0.242,0.043,110.1,2,1326.71
2295,113,13,small,16,0.0,0.0,0.372,0.555,0.357,0.254,0.039,13.0,7,1742.79
2296,82,10,medium,88,0.01,0.0,0.371,1.401,0.163,0.197,0.018,27.2,1,650.6
2297,113,15,medium,311,0.01,0.0,0.366,0.965,0.339,0.104,0.034,3.3,16,1742.79
2298,174,12,small,24,0.0,0.0,0.204,1.649,0.163,0.042,0.026,15.1,6,195.72
2299,122,5,micro,8,0.0,0.0,0.34,0.8,0.21,0.06,0.017,97.5,2,603.53
2300,194,2,micro,24,0.0,0.0,0.169,0.764,0.163,0.166,0.072,97.1,20,176.48
2301,31,12,micro,6,0.0,0.0,0.079,1.728,0.189,0.093,0.034,11.8,12,946.03
2302,106,4,micro,17,0.0,0.0,0.543,0.867,0.258,0.246,0.072,69.0,3,978.66
2303,50,6,small,52,0.01,0.0,0.477,1.49,0.163,0.062,0.024,5.0,2,205.22
2304,82,15,small,19,0.0,0.0,0.853,1.109,0.163,0.222,0.022,24.6,11,650.6
2305,162,4,small,10,0.0,0.0,0.525,0.802,0.189,0.155,0.062,0.7,6,472.76
2306,167,10,small,16,0.0,0.0,0.369,1.167,0.301,0.236,0.025,6.2,6,989.1
2307,4,1,medium,583,0.03,0.0,0.085,1.198,0.189,0.047,0.054,43.5,1,117.43
2308,184,8,large,435,0.01,0.0,0.305,0.592,0.129,0.125,0.028,12.4,2,118.69
2309,177,19,medium,25,0.0,0.0,0.109,1.278,0.129,0.055,0.028,21.3,2,634.94
2310,179,19,small,66,0.0,0.0,0.353,0.821,0.318,0.133,0.044,73.5,20,1808.04
2311,86,18,medium,39,0.01,0.0,0.188,1.429,0.228,0.044,0.02,57.1,1,370.7
2312,113,11,small,52,0.0,0.0,0.401,1.547,0.378,0.141,0.029,11.7,3,1742.79
2313,40,5,medium,288,0.01,0.0,0.423,0.516,0.129,0.082,0.025,15.7,9,310.59
2314,91,7,micro,9,0.0,0.0,0.367,1.597,0.163,0.133,0.015,59.2,51,390.98
2315,31,4,medium,197,0.01,0.0,0.179,1.09,0.228,0.098,0.073,19.9,6,946.03
2316,176,1,medium,21,0.0,0.0,0.067,0.907,0.163,0.081,0.065,86.7,4,150.36
2317,122,3,micro,24,0.0,0.0,0.695,0.855,0.21,0.197,0.075,3.2,19,603.53
2318,31,9,small,13,0.0,0.0,0.28,0.784,0.282,0.082,0.035,22.8,23,946.03
2319,177,0,large,73,0.01,0.0,0.151,1.171,0.258,0.072,0.074,86.0,6,634.94
2320,17,18,medium,79,0.01,0.0,0.402,0.989,0.189,0.2,0.03,135.9,2,203.21
2321,179,11,medium,99,0.02,0.0,0.227,1.604,0.357,0.149,0.048,9.0,6,1808.04
2322,24,3,small,79,0.0,0.0,0.169,1.002,0.129,0.032,0.055,30.2,1,86.11
2323,150,8,large,181,0.0,0.0,0.214,1.337,0.129,0.194,0.028,10.2,7,190.66
2324,135,7,micro,31,0.0,0.0,0.038,1.191,0.189,0.094,0.021,99.9,9,699.2
2325,162,16,large,43,0.0,0.0,0.679,0.854,0.244,0.039,0.028,19.4,36,472.76
2326,120,2,micro,15,0.0,0.0,0.229,1.1,0.163,0.074,0.06,28.1,22,327.35
2327,81,8,small,8,0.0,0.0,0.4,0.783,0.163,0.055,0.014,2.3,14,212.11
2328,67,14,small,3,0.0,0.0,0.08,0.612,0.21,0.077,0.021,99.9,14,404.86
2329,180,7,small,16,0.0,0.0,0.184,0.751,0.163,0.131,0.02,39.0,5,277.46
2330,106,7,micro,37,0.01,0.0,0.19,1.746,0.189,0.163,0.037,97.7,4,978.66
2331,169,6,medium,21,0.0,0.0,0.441,0.949,0.129,0.023,0.02,26.0,4,69.84
2332,151,15,micro,10,0.0,0.0,0.216,1.004,0.129,0.195,0.02,143.2,1,209.86
2333,135,2,micro,15,0.0,0.0,0.3,1.055,0.292,0.116,0.059,38.1,3,699.2
2334,190,17,small,8,0.0,0.0,0.305,1.013,0.129,0.077,0.012,2.5,13,94.96
2335,120,1,small,28,0.0,0.0,0.241,0.89,0.129,0.062,0.066,4.4,2,327.35
2336,155,6,small,25,0.0,0.0,0.254,1.775,0.129,0.204,0.015,26.2,10,72.65
2337,173,7,small,45,0.0,0.0,0.505,1.053,0.189,0.019,0.018,38.4,15,208.75
2338,6,7,medium,48,0.01,0.0,0.556,1.355,0.228,0.223,0.038,59.1,1,719.97
2339,198,3,medium,189,0.0,0.0,0.484,0.544,0.163,0.021,0.071,39.7,18,157.31
2340,65,12,medium,110,0.01,0.0,0.318,1.004,0.228,0.127,0.028,44.5,6,576.08
2341,145,9,small,83,0.0,0.0,0.157,1.058,0.189,0.042,0.017,8.7,40,324.35
2342,184,11,micro,43,0.0,0.0,0.53,1.406,0.129,0.108,0.026,68.7,16,118.69
2343,157,12,medium,77,0.01,0.0,0.038,0.868,0.163,0.126,0.014,5.7,3,238.37
2344,57,3,medium,99,0.01,0.0,0.175,1.015,0.163,0.03,0.052,28.3,4,108.94
2345,82,18,large,167,0.01,0.0,0.073,1.461,0.244,0.132,0.02,110.8,23,650.6
2346,96,16,medium,63,0.0,0.0,0.305,1.251,0.129,0.102,0.022,76.9,3,199.56
2347,124,16,micro,12,0.0,0.0,0.319,1.115,0.163,0.021,0.026,38.4,5,266.9
2348,125,10,micro,4,0.0,0.0,0.477,1.249,0.301,0.256,0.025,56.8,14,1326.71
2349,162,16,medium,54,0.01,0.0,0.578,1.44,0.244,0.069,0.018,104.2,9,472.76
2350,175,12,micro,3,0.0,0.0,0.368,0.998,0.228,0.149,0.025,35.4,4,339.4
2351,20,9,small,20,0.0,0.0,0.297,0.964,0.189,0.149,0.023,35.0,32,642.68
2352,66,15,micro,20,0.0,0.0,0.226,1.081,0.129,0.093,0.023,40.7,12,138.1
2353,77,11,medium,231,0.01,0.0,0.375,1.098,0.129,0.095,0.021,73.8,13,110.06
2354,2,0,small,10,0.0,0.0,0.348,1.406,0.21,0.216,0.069,26.2,3,283.64
2355,97,19,medium,64,0.01,0.0,0.633,1.429,0.163,0.148,0.029,11.3,15,192.68
2356,82,8,micro,1,0.0,0.0,0.148,1.541,0.189,0.087,0.035,19.2,11,650.6
2357,113,11,small,93,0.01,0.0,0.515,1.265,0.378,0.265,0.032,10.8,1,1742.79
2358,21,8,small,14,0.0,0.0,0.482,1.076,0.163,0.053,0.03,149.2,15,118.42
2359,96,2,small,39,0.0,0.0,0.287,1.361,0.163,0.191,0.068,37.3,1,199.56
2360,125,16,micro,28,0.0,0.0,0.129,1.075,0.318,0.148,0.037,7.0,35,1326.71
2361,165,13,micro,8,0.0,0.0,0.085,1.125,0.163,0.151,0.022,0.1,3,224.25
2362,159,16,small,14,0.0,0.0,0.453,1.066,0.189,0.102,0.025,36.3,8,286.16
2363,91,9,small,10,0.0,0.0,0.71,1.476,0.163,0.163,0.026,33.4,2,390.98
2364,89,15,small,2,0.0,0.0,0.442,1.832,0.163,0.033,0.031,100.6,28,247.96
2365,6,15,medium,158,0.01,0.0,0.245,1.122,0.228,0.168,0.023,16.1,10,719.97
2366,19,6,medium,37,0.0,0.0,0.522,0.997,0.129,0.142,0.022,73.3,6,36.15
2367,177,0,medium,119,0.0,0.0,0.196,0.836,0.258,0.063,0.059,120.0,13,634.94
2368,166,17,micro,35,0.0,0.0,0.331,1.068,0.129,0.161,0.014,54.2,1,337.67
2369,3,3,micro,8,0.0,0.0,0.038,1.107,0.258,0.1,0.062,26.7,13,680.64
2370,178,17,small,19,0.0,0.0,0.126,1.484,0.163,0.076,0.012,41.0,12,113.9
2371,125,12,micro,9,0.0,0.0,0.19,1.015,0.292,0.143,0.035,54.2,5,1326.71
2372,165,12,medium,37,0.0,0.0,0.124,1.59,0.163,0.056,0.031,27.0,1,224.25
2373,113,4,medium,207,0.01,0.01,0.437,1.136,0.326,0.127,0.082,38.8,10,1742.79
2374,34,8,micro,2,0.0,0.0,0.144,1.612,0.129,0.114,0.027,0.2,14,337.83
2375,82,6,micro,7,0.0,0.0,0.434,1.248,0.258,0.145,0.018,43.1,22,650.6
2376,106,3,small,29,0.0,0.0,0.162,1.094,0.27,0.212,0.062,9.3,1,978.66
2377,156,14,small,115,0.01,0.0,0.079,0.942,0.258,0.168,0.033,55.0,1,958.89
2378,167,1,micro,34,0.0,0.0,0.161,0.509,0.282,0.111,0.067,23.5,4,989.1
2379,156,10,small,20,0.0,0.0,0.357,1.048,0.244,0.077,0.031,79.0,16,958.89
2380,112,10,small,4,0.0,0.0,0.205,0.91,0.129,0.196,0.024,58.2,1,157.63
2381,137,19,small,30,0.0,0.0,0.474,1.125,0.163,0.018,0.03,6.1,12,107.55
2382,71,17,micro,1,0.0,0.0,0.169,1.15,0.282,0.123,0.021,114.5,6,690.93
2383,195,9,small,3,0.0,0.0,0.236,0.872,0.189,0.155,0.031,4.3,12,218.18
2384,40,16,medium,147,0.02,0.0,0.234,1.182,0.129,0.042,0.021,90.1,2,310.59
2385,152,15,small,23,0.0,0.0,0.578,1.152,0.129,0.01,0.018,24.9,15,75.19
2386,34,0,small,12,0.0,0.0,0.272,1.314,0.189,0.021,0.064,23.6,5,337.83
2387,67,18,micro,4,0.0,0.0,0.032,0.829,0.189,0.159,0.025,25.6,8,404.86
2388,156,13,micro,12,0.0,0.0,0.508,2.092,0.282,0.076,0.022,57.4,7,958.89
2389,154,13,micro,9,0.0,0.0,0.293,1.387,0.129,0.033,0.021,96.7,4,198.95
2390,31,14,medium,48,0.0,0.0,0.173,0.837,0.258,0.208,0.026,19.1,9,946.03
2391,141,4,micro,6,0.0,0.0,0.371,1.026,0.21,0.216,0.072,7.3,4,548.48
2392,52,0,medium,245,0.01,0.0,0.063,1.114,0.163,0.135,0.054,70.9,8,75.42
2393,191,4,small,7,0.0,0.0,0.251,1.138,0.244,0.156,0.064,29.7,7,349.46
2394,125,15,small,5,0.0,0.0,0.23,1.164,0.333,0.129,0.026,21.3,6,1326.71
2395,0,11,micro,5,0.0,0.0,0.196,1.226,0.189,0.197,0.024,112.3,4,243.89
2396,53,7,small,20,0.0,0.0,0.389,1.881,0.129,0.115,0.027,52.1,4,273.6
2397,57,4,medium,140,0.01,0.0,0.061,0.916,0.163,0.172,0.056,48.5,6,108.94
2398,61,15,small,194,0.01,0.0,0.309,1.272,0.163,0.166,0.026,2.2,2,123.27
2399,119,9,small,10,0.0,0.0,0.233,0.8,0.189,0.082,0.023,53.7,21,314.8
2400,53,12,medium,192,0.01,0.0,0.347,1.252,0.129,0.124,0.03,31.1,2,273.6
2401,96,0,small,53,0.0,0.0,0.309,1.106,0.189,0.204,0.071,40.0,11,199.56
2402,41,8,small,10,0.0,0.0,0.104,0.793,0.129,0.097,0.022,18.3,1,176.16
2403,138,0,medium,41,0.0,0.0,0.372,0.883,0.163,0.088,0.064,112.4,1,334.79
2404,122,15,small,15,0.0,0.0,0.111,1.226,0.228,0.178,0.022,32.6,24,603.53
2405,127,4,micro,11,0.0,0.0,0.273,0.772,0.129,0.052,0.059,25.0,5,84.24
2406,187,3,small,18,0.0,0.0,0.214,1.345,0.163,0.017,0.068,23.4,15,137.99
2407,91,18,small,11,0.0,0.0,0.509,1.102,0.21,0.084,0.02,41.3,28,390.98
2408,54,0,micro,10,0.0,0.0,0.538,0.668,0.228,0.094,0.063,21.1,1,416.13
2409,198,3,small,7,0.0,0.0,0.419,0.776,0.163,0.115,0.057,7.9,2,157.31
2410,7,4,micro,8,0.0,0.0,0.676,1.143,0.163,0.197,0.066,7.3,14,319.72
2411,166,16,micro,11,0.0,0.0,0.81,0.852,0.189,0.067,0.016,46.5,2,337.67
2412,39,14,small,39,0.0,0.0,0.44,1.615,0.129,0.074,0.021,92.9,7,180.7
2413,137,19,micro,19,0.0,0.0,0.311,1.453,0.163,0.01,0.016,15.7,15,107.55
2414,111,13,small,60,0.0,0.0,0.119,0.652,0.163,0.064,0.028,11.3,4,144.53
2415,167,4,small,65,0.01,0.0,0.267,1.143,0.244,0.058,0.074,5.3,3,989.1
2416,154,3,micro,10,0.0,0.0,0.666,1.037,0.163,0.15,0.054,19.3,11,198.95
2417,41,15,micro,7,0.0,0.0,0.289,0.659,0.163,0.128,0.021,66.7,20,176.16
2418,138,18,micro,40,0.0,0.0,0.163,1.394,0.228,0.201,0.029,42.6,5,334.79
2419,54,18,small,9,0.0,0.0,0.293,1.394,0.228,0.221,0.023,104.0,1,416.13
2420,40,15,medium,498,0.01,0.0,0.261,0.592,0.21,0.061,0.029,57.6,8,310.59
2421,20,15,small,42,0.0,0.0,0.413,1.395,0.228,0.078,0.036,21.1,8,642.68
2422,27,13,small,129,0.0,0.0,0.075,1.274,0.129,0.044,0.028,111.1,6,216.09
2423,145,14,small,28,0.0,0.0,0.45,0.776,0.189,0.045,0.024,96.0,2,324.35
2424,196,2,micro,2,0.0,0.0,0.22,1.386,0.129,0.138,0.07,6.5,5,61.32
2425,140,6,small,12,0.0,0.0,0.184,2.027,0.21,0.011,0.013,16.2,3,186.32
2426,148,9,small,11,0.0,0.0,0.335,1.488,0.163,0.184,0.024,72.0,1,250.12
2427,162,13,micro,1,0.0,0.0,0.366,1.364,0.189,0.088,0.029,44.9,10,472.76
2428,179,8,small,8,0.0,0.0,0.446,1.397,0.31,0.223,0.037,46.8,3,1808.04
2429,65,7,large,2506,0.05,0.02,0.452,0.483,0.189,0.033,0.027,33.3,5,576.08
2430,125,11,micro,9,0.0,0.0,0.339,1.764,0.339,0.161,0.025,15.3,6,1326.71
2431,54,7,small,13,0.0,0.0,0.345,0.653,0.189,0.208,0.028,63.1,13,416.13
2432,113,1,micro,3,0.0,0.0,0.705,1.215,0.368,0.167,0.081,26.4,2,1742.79
2433,53,19,medium,95,0.01,0.0,0.218,0.71,0.163,0.096,0.024,267.2,3,273.6
2434,9,18,medium,19,0.0,0.0,0.269,1.191,0.163,0.157,0.016,19.2,3,255.33
2435,20,0,medium,77,0.0,0.0,0.216,1.391,0.189,0.154,0.074,89.5,2,642.68
2436,191,10,small,9,0.0,0.0,0.238,0.881,0.189,0.08,0.016,3.0,60,349.46
2437,1,14,small,11,0.0,0.0,0.228,1.041,0.163,0.189,0.024,60.9,26,129.25
2438,141,12,medium,151,0.01,0.0,0.255,1.429,0.21,0.114,0.032,33.7,1,548.48
2439,179,7,small,4,0.0,0.0,0.193,1.396,0.368,0.103,0.037,6.6,6,1808.04
2440,90,16,micro,9,0.0,0.0,0.132,1.044,0.163,0.131,0.031,10.0,3,163.54
2441,148,12,large,100,0.0,0.0,0.15,0.843,0.163,0.202,0.027,182.5,17,250.12
2442,80,4,small,9,0.0,0.0,0.536,0.961,0.129,0.163,0.055,21.7,12,119.14
2443,113,12,medium,39,0.0,0.0,0.153,1.53,0.333,0.232,0.043,24.2,1,1742.79
2444,179,5,micro,8,0.0,0.0,0.149,0.951,0.346,0.3,0.036,42.5,2,1808.04
2445,6,11,micro,5,0.0,0.0,0.08,0.937,0.163,0.142,0.029,42.0,11,719.97
2446,65,15,small,128,0.0,0.0,0.653,1.052,0.244,0.168,0.017,17.0,16,576.08
2447,24,6,medium,67,0.01,0.0,0.137,1.227,0.129,0.07,0.012,15.5,7,86.11
2448,113,5,small,36,0.0,0.0,0.825,1.978,0.339,0.164,0.042,18.6,10,1742.79
2449,159,14,small,13,0.0,0.0,0.215,0.915,0.163,0.041,0.017,134.7,4,286.16
2450,191,10,small,111,0.01,0.0,0.2,0.717,0.189,0.116,0.029,150.0,3,349.46
2451,34,2,micro,27,0.0,0.0,0.689,0.908,0.21,0.057,0.055,103.3,3,337.83
2452,6,10,micro,5,0.0,0.0,0.35,0.657,0.21,0.143,0.026,4.6,14,719.97
2453,31,13,small,46,0.0,0.0,0.099,0.884,0.27,0.251,0.031,74.3,7,946.03
2454,187,9,small,6,0.0,0.0,0.337,1.512,0.163,0.207,0.015,6.5,5,137.99
2455,73,12,small,19,0.0,0.0,0.138,1.916,0.21,0.07,0.023,53.7,1,709.56
2456,65,7,small,57,0.0,0.0,0.265,0.865,0.189,0.101,0.02,34.2,3,576.08
2457,156,17,medium,66,0.0,0.0,0.219,0.911,0.258,0.223,0.03,52.7,3,958.89
2458,31,4,large,546,0.07,0.03,0.35,1.698,0.228,0.233,0.063,11.9,8,946.03
2459,80,5,micro,2,0.0,0.0,0.165,1.232,0.163,0.069,0.023,15.7,32,119.14
2460,31,15,micro,13,0.0,0.0,0.549,0.874,0.31,0.232,0.024,34.7,16,946.03
2461,191,1,medium,103,0.01,0.0,0.741,0.848,0.189,0.042,0.073,9.5,11,349.46
2462,68,19,micro,29,0.0,0.0,0.226,1.526,0.163,0.031,0.017,65.6,13,213.07
2463,65,12,medium,9,0.0,0.0,0.407,0.74,0.228,0.217,0.034,10.3,10,576.08
2464,130,16,small,6,0.0,0.0,0.3,2.094,0.129,0.041,0.014,55.8,22,31.48
2465,3,11,medium,133,0.0,0.0,0.193,0.686,0.258,0.153,0.018,58.3,3,680.64
2466,135,15,small,7,0.0,0.0,0.492,1.241,0.189,0.127,0.027,22.9,3,699.2
2467,106,8,small,115,0.0,0.0,0.063,0.892,0.258,0.146,0.034,1.3,9,978.66
2468,47,11,small,30,0.0,0.0,0.244,0.612,0.21,0.169,0.03,0.9,29,427.14
2469,113,13,micro,19,0.0,0.0,0.184,1.161,0.357,0.197,0.047,11.1,10,1742.79
2470,198,18,small,27,0.0,0.0,0.32,1.386,0.129,0.143,0.016,13.9,32,157.31
2471,167,0,small,13,0.0,0.0,0.264,1.899,0.292,0.231,0.062,59.6,6,989.1
2472,191,2,micro,8,0.0,0.0,0.071,1.192,0.189,0.171,0.059,58.0,2,349.46
2473,179,13,micro,3,0.0,0.0,0.302,1.848,0.346,0.244,0.033,6.9,4,1808.04
2474,167,6,micro,4,0.0,0.0,0.296,1.286,0.27,0.124,0.036,230.4,20,989.1
2475,75,13,small,84,0.01,0.0,0.171,1.204,0.163,0.041,0.026,42.6,2,337.61
2476,154,4,micro,3,0.0,0.0,0.354,0.565,0.129,0.04,0.067,38.3,1,198.95
2477,89,12,micro,1,0.0,0.0,0.69,0.703,0.129,0.056,0.018,4.6,8,247.96
2478,104,9,small,33,0.0,0.0,0.559,0.995,0.163,0.183,0.023,30.4,48,126.31
2479,177,2,micro,37,0.0,0.0,0.15,1.729,0.301,0.166,0.06,2.0,4,634.94
2480,53,18,small,45,0.0,0.0,0.153,1.402,0.163,0.195,0.022,113.5,14,273.6
2481,71,15,micro,4,0.0,0.0,0.127,0.965,0.228,0.184,0.018,61.1,2,690.93
2482,179,15,large,35,0.0,0.0,0.209,1.934,0.326,0.158,0.03,85.6,3,1808.04
2483,145,13,small,30,0.0,0.0,0.03,1.392,0.189,0.21,0.023,7.2,19,324.35
2484,9,0,micro,50,0.01,0.0,0.043,1.116,0.21,0.174,0.057,59.5,1,255.33
2485,31,10,micro,53,0.0,0.0,0.101,0.692,0.27,0.234,0.028,11.4,13,946.03
2486,122,15,small,5,0.0,0.0,0.288,1.422,0.228,0.132,0.031,5.1,3,603.53
2487,164,4,small,20,0.0,0.0,0.052,1.055,0.189,0.057,0.069,3.0,8,388.92
2488,164,12,micro,4,0.0,0.0,0.164,0.76,0.228,0.024,0.02,14.7,40,388.92
2489,101,18,micro,3,0.0,0.0,0.4,1.327,0.129,0.125,0.014,48.6,36,97.45
2490,65,15,small,4,0.0,0.0,0.192,1.168,0.244,0.128,0.035,51.9,10,576.08
2491,162,10,small,6,0.0,0.0,0.461,0.803,0.244,0.057,0.034,40.2,14,472.76
2492,180,6,small,5,0.0,0.0,0.161,1.039,0.189,0.057,0.016,45.8,1,277.46
2493,106,12,small,8,0.0,0.0,0.54,1.249,0.228,0.113,0.037,8.2,11,978.66
2494,31,14,large,40,0.0,0.0,0.4,1.279,0.258,0.192,0.022,20.2,20,946.03
2495,125,12,small,56,0.0,0.0,0.45,1.152,0.292,0.107,0.038,29.9,15,1326.71
2496,12,15,small,8,0.0,0.0,0.246,1.348,0.163,0.024,0.032,281.8,2,189.04
2497,125,5,small,5,0.0,0.0,0.479,1.227,0.318,0.205,0.026,105.9,1,1326.71
2498,41,10,small,4,0.0,0.0,0.298,1.178,0.129,0.197,0.014,39.2,6,176.16
2499,113,10,small,28,0.0,0.0,0.083,1.646,0.301,0.165,0.036,0.9,27,1742.79
2500,125,1,small,108,0.0,0.0,0.472,1.124,0.258,0.26,0.072,34.7,12,1326.71
2501,106,3,small,29,0.0,0.0,0.32,1.031,0.27,0.152,0.063,64.9,8,978.66
2502,167,6,micro,8,0.0,0.0,0.191,1.093,0.27,0.111,0.039,35.5,22,989.1
2503,86,0,large,94,0.0,0.0,0.397,1.348,0.21,0.1,0.068,84.2,2,370.7
2504,34,4,medium,69,0.0,0.0,0.161,1.219,0.189,0.029,0.065,1.1,25,337.83
2505,107,10,micro,22,0.0,0.0,0.503,1.886,0.163,0.016,0.021,57.6,4,176.72
2506,186,10,medium,252,0.01,0.0,0.568,0.953,0.129,0.113,0.024,8.5,4,238.23
2507,177,4,small,3,0.0,0.0,0.397,1.958,0.189,0.139,0.073,29.6,4,634.94
2508,72,18,micro,2,0.0,0.0,0.127,1.387,0.163,0.199,0.022,40.3,4,143.19
2509,59,9,small,5,0.0,0.0,0.383,1.078,0.189,0.219,0.02,2.5,21,393.68
2510,113,12,micro,3,0.0,0.0,0.269,0.617,0.333,0.189,0.033,65.6,11,1742.79
2511,135,0,small,24,0.0,0.0,0.32,1.167,0.244,0.179,0.069,13.9,15,699.2
2512,179,7,small,8,0.0,0.0,0.101,1.441,0.368,0.271,0.04,152.4,4,1808.04
2513,125,10,medium,196,0.01,0.0,0.207,1.452,0.301,0.271,0.038,5.6,8,1326.71
2514,167,6,small,18,0.0,0.0,0.275,1.44,0.27,0.094,0.04,18.5,14,989.1
2515,144,3,small,49,0.0,0.0,0.468,0.863,0.163,0.096,0.058,46.7,2,192.46
2516,22,4,large,118,0.0,0.0,0.264,1.204,0.129,0.079,0.068,54.4,2,158.78
2517,179,9,large,12,0.0,0.0,0.315,0.973,0.339,0.272,0.033,31.8,6,1808.04
2518,50,1,small,9,0.0,0.0,0.023,1.186,0.163,0.194,0.053,31.2,9,205.22
2519,82,4,micro,3,0.0,0.0,0.253,1.34,0.228,0.053,0.076,20.7,15,650.6
2520,168,14,small,76,0.0,0.0,0.303,1.062,0.163,0.188,0.016,30.9,3,116.12
2521,191,4,small,5,0.0,0.0,0.114,1.44,0.244,0.107,0.069,72.3,5,349.46
2522,72,2,small,8,0.0,0.0,0.324,0.733,0.129,0.106,0.054,35.0,4,143.19
2523,87,1,small,137,0.01,0.0,0.216,0.885,0.163,0.125,0.065,63.7,3,206.18
2524,113,19,small,42,0.0,0.0,0.401,0.701,0.31,0.242,0.045,45.6,20,1742.79
2525,113,1,medium,64,0.0,0.0,0.404,1.736,0.368,0.273,0.07,97.0,20,1742.79
2526,156,8,small,61,0.01,0.0,0.453,1.312,0.282,0.216,0.03,11.4,5,958.89
2527,167,10,small,28,0.0,0.0,0.17,0.803,0.301,0.185,0.021,24.0,35,989.1
2528,195,19,large,627,0.09,0.02,0.251,1.828,0.163,0.153,0.014,2.3,8,218.18
2529,165,17,small,83,0.0,0.0,0.132,0.865,0.189,0.066,0.013,22.0,1,224.25
2530,71,4,large,352,0.01,0.0,0.303,0.746,0.228,0.082,0.062,108.2,7,690.93
2531,82,1,small,45,0.0,0.0,0.267,2.054,0.228,0.206,0.063,44.7,2,650.6
2532,125,8,micro,8,0.0,0.0,0.247,1.344,0.282,0.128,0.034,43.7,1,1326.71
2533,141,2,small,15,0.0,0.0,0.108,0.958,0.244,0.128,0.061,90.6,7,548.48
2534,20,17,micro,4,0.0,0.0,0.555,1.323,0.228,0.235,0.033,49.0,18,642.68
2535,77,14,large,1221,0.11,0.03,0.274,1.662,0.129,0.08,0.03,43.5,4,110.06
2536,51,18,small,5,0.0,0.0,0.243,1.165,0.129,0.174,0.015,54.4,5,100.98
2537,113,11,small,31,0.0,0.0,0.138,1.922,0.378,0.155,0.047,24.4,31,1742.79
2538,40,7,micro,8,0.0,0.0,0.621,1.17,0.129,0.2,0.022,27.6,1,310.59
2539,122,10,small,6,0.0,0.0,0.072,2.152,0.228,0.081,0.035,28.4,11,603.53
2540,108,3,small,15,0.0,0.0,0.183,0.772,0.163,0.118,0.055,27.4,3,192.01
2541,91,9,micro,3,0.0,0.0,0.124,0.845,0.163,0.092,0.022,0.6,30,390.98
2542,135,19,small,10,0.0,0.0,0.485,1.084,0.129,0.14,0.026,41.4,15,699.2
2543,97,13,micro,3,0.0,0.0,0.555,0.936,0.129,0.175,0.02,30.2,46,192.68
2544,91,1,small,22,0.0,0.0,0.36,0.945,0.129,0.085,0.061,66.9,2,390.98
2545,135,14,small,9,0.0,0.0,0.066,0.997,0.189,0.179,0.034,3.7,16,699.2
2546,7,2,micro,3,0.0,0.0,0.18,0.562,0.189,0.119,0.054,43.9,12,319.72
2547,105,7,micro,61,0.0,0.0,0.162,1.135,0.163,0.076,0.02,3.6,6,222.31
2548,48,15,micro,15,0.0,0.0,0.596,0.752,0.21,0.169,0.025,140.1,9,209.27
2549,6,2,medium,189,0.01,0.01,0.373,1.615,0.258,0.106,0.074,74.9,2,719.97
2550,5,5,small,17,0.0,0.0,0.424,0.749,0.129,0.19,0.029,54.1,1,117.43
2551,40,3,small,97,0.02,0.0,0.223,1.786,0.163,0.048,0.069,44.4,5,310.59
2552,105,17,small,31,0.0,0.0,0.084,1.066,0.189,0.035,0.027,108.5,16,222.31
2553,121,2,small,19,0.0,0.0,0.182,0.962,0.129,0.052,0.07,17.2,26,59.78
2554,164,10,micro,3,0.0,0.0,0.257,1.034,0.21,0.145,0.024,36.2,11,388.92
2555,125,5,small,15,0.0,0.0,0.317,0.919,0.318,0.083,0.025,19.9,25,1326.71
2556,113,10,small,8,0.0,0.0,0.122,1.375,0.301,0.165,0.037,6.8,2,1742.79
2557,6,3,medium,303,0.03,0.0,0.118,1.325,0.228,0.074,0.068,12.8,9,719.97
2558,71,15,micro,14,0.0,0.0,0.127,1.098,0.228,0.085,0.029,86.0,17,690.93
2559,143,12,micro,35,0.0,0.0,0.129,0.895,0.163,0.191,0.017,280.2,7,178.51
2560,65,0,micro,4,0.0,0.0,0.111,1.442,0.228,0.102,0.058,121.0,27,576.08
2561,125,18,small,5,0.0,0.0,0.11,1.381,0.292,0.181,0.031,81.9,5,1326.71
2562,125,17,medium,36,0.0,0.0,0.058,1.351,0.282,0.25,0.033,111.7,7,1326.71
2563,71,5,medium,53,0.0,0.0,0.12,1.139,0.21,0.072,0.029,0.5,12,690.93
2564,122,5,large,718,0.04,0.0,0.024,1.002,0.21,0.061,0.035,19.3,6,603.53
2565,27,9,small,15,0.0,0.0,0.251,0.943,0.129,0.064,0.02,58.7,10,216.09
2566,153,12,small,4,0.0,0.0,0.205,1.84,0.163,0.095,0.026,22.6,1,187.21
2567,3,5,micro,21,0.0,0.0,0.469,1.092,0.244,0.23,0.035,41.4,1,680.64
2568,6,15,micro,9,0.0,0.0,0.244,1.273,0.228,0.092,0.03,54.1,4,719.97
2569,177,1,small,26,0.0,0.0,0.091,0.982,0.244,0.219,0.069,19.9,5,634.94
2570,122,7,micro,23,0.0,0.0,0.167,1.227,0.163,0.088,0.023,229.9,7,603.53
2571,39,11,small,20,0.0,0.0,0.207,0.843,0.163,0.205,0.013,1.7,4,180.7
2572,125,15,small,34,0.0,0.0,0.239,1.139,0.333,0.095,0.034,24.2,14,1326.71
2573,82,17,small,93,0.01,0.0,0.209,1.611,0.244,0.211,0.029,4.5,21,650.6
2574,65,4,micro,14,0.0,0.0,0.156,0.705,0.244,0.198,0.073,47.2,13,576.08
2575,166,4,small,12,0.0,0.0,0.218,1.437,0.21,0.094,0.072,57.5,5,337.67
2576,112,7,micro,7,0.0,0.0,0.371,1.189,0.129,0.152,0.022,20.8,10,157.63
2577,71,8,large,357,0.02,0.01,0.376,1.356,0.21,0.081,0.032,26.4,1,690.93
2578,180,16,micro,6,0.0,0.0,0.035,1.49,0.163,0.195,0.016,22.9,4,277.46
2579,40,0,small,23,0.0,0.0,0.387,1.906,0.228,0.118,0.06,57.5,1,310.59
2580,31,13,small,55,0.01,0.0,0.155,1.119,0.27,0.06,0.029,24.4,20,946.03
2581,20,4,large,312,0.01,0.01,0.423,0.847,0.163,0.05,0.057,144.9,20,642.68
2582,31,17,large,140,0.01,0.0,0.401,1.158,0.244,0.076,0.023,45.5,1,946.03
2583,64,6,small,3,0.0,0.0,0.358,1.027,0.189,0.178,0.02,24.0,6,334.46
2584,145,10,small,55,0.0,0.0,0.027,0.903,0.163,0.181,0.019,81.7,6,324.35
2585,138,6,medium,13,0.0,0.0,0.258,0.816,0.21,0.105,0.015,19.9,17,334.79
2586,157,8,micro,3,0.0,0.0,0.255,1.314,0.189,0.206,0.025,65.7,22,238.37
2587,122,10,micro,29,0.0,0.0,0.372,1.145,0.228,0.088,0.024,59.9,3,603.53
2588,113,14,small,23,0.0,0.0,0.445,0.769,0.326,0.23,0.03,3.3,5,1742.79
2589,105,2,small,53,0.0,0.0,0.438,0.697,0.129,0.052,0.054,31.2,3,222.31
2590,177,7,small,92,0.0,0.0,0.282,1.127,0.21,0.231,0.021,1.6,12,634.94
2591,77,12,small,61,0.0,0.0,0.696,0.62,0.189,0.121,0.029,16.3,4,110.06
2592,179,11,medium,70,0.0,0.0,0.505,1.148,0.357,0.171,0.049,3.2,4,1808.04
2593,67,15,micro,7,0.0,0.0,0.098,1.242,0.163,0.062,0.029,16.4,4,404.86
2594,36,17,medium,68,0.0,0.0,0.051,0.808,0.129,0.117,0.023,56.5,16,182.89
2595,64,1,small,9,0.0,0.0,0.414,1.082,0.21,0.112,0.055,16.3,1,334.46
2596,113,14,micro,2,0.0,0.0,0.549,1.897,0.326,0.137,0.039,8.4,21,1742.79
2597,179,5,small,15,0.0,0.0,0.297,0.952,0.346,0.142,0.035,55.6,2,1808.04
2598,43,9,small,6,0.0,0.0,0.165,1.457,0.129,0.111,0.018,5.9,2,109.83
2599,122,12,micro,20,0.0,0.0,0.286,1.206,0.244,0.061,0.036,5.3,12,603.53
2600,54,3,medium,201,0.01,0.0,0.448,0.833,0.258,0.213,0.069,67.0,13,416.13
2601,141,6,medium,205,0.02,0.01,0.289,1.298,0.189,0.213,0.028,103.3,8,548.48
2602,107,19,large,248,0.01,0.0,0.336,1.238,0.129,0.132,0.014,129.8,1,176.72
2603,155,2,medium,187,0.02,0.0,0.101,1.525,0.129,0.05,0.053,26.4,17,72.65
2604,175,1,medium,97,0.0,0.0,0.397,0.896,0.189,0.109,0.06,50.8,17,339.4
2605,75,16,micro,2,0.0,0.0,0.096,0.77,0.21,0.133,0.029,119.5,22,337.61
2606,179,8,micro,98,0.0,0.0,0.217,1.087,0.31,0.2,0.046,84.5,12,1808.04
2607,108,13,small,23,0.0,0.0,0.176,1.137,0.163,0.193,0.031,99.2,6,192.01
2608,179,6,large,585,0.04,0.0,0.039,1.33,0.292,0.206,0.04,99.8,18,1808.04
2609,57,3,micro,6,0.0,0.0,0.498,1.953,0.163,0.079,0.062,105.6,6,108.94
2610,179,4,small,85,0.01,0.0,0.091,1.194,0.373,0.251,0.085,30.9,5,1808.04
2611,75,3,small,37,0.0,0.0,0.206,0.787,0.163,0.103,0.055,10.3,1,337.61
2612,156,4,micro,15,0.0,0.0,0.278,1.227,0.282,0.084,0.068,52.3,14,958.89
2613,187,4,small,5,0.0,0.0,0.442,1.28,0.163,0.117,0.07,37.8,12,137.99
2614,179,16,small,8,0.0,0.0,0.124,0.919,0.383,0.28,0.037,7.4,3,1808.04
2615,107,10,medium,265,0.01,0.0,0.165,1.042,0.163,0.074,0.014,47.3,14,176.72
2616,78,5,small,3,0.0,0.0,0.178,1.469,0.163,0.039,0.017,73.2,10,162.68
2617,125,6,micro,16,0.0,0.0,0.233,0.981,0.292,0.164,0.026,20.8,16,1326.71
2618,147,19,small,34,0.0,0.0,0.176,1.5,0.129,0.058,0.014,29.5,21,39.63
2619,116,3,small,38,0.01,0.0,0.174,1.432,0.163,0.121,0.061,111.2,24,143.35
2620,173,17,large,58,0.0,0.0,0.285,0.67,0.228,0.084,0.019,58.2,3,208.75
2621,7,14,small,27,0.0,0.0,0.256,0.919,0.163,0.093,0.015,0.8,10,319.72
2622,125,12,small,32,0.0,0.0,0.361,1.165,0.292,0.261,0.029,24.7,5,1326.71
2623,113,12,small,17,0.0,0.0,0.364,0.871,0.333,0.116,0.042,11.0,11,1742.79
2624,6,8,small,3,0.0,0.0,0.025,1.229,0.189,0.069,0.022,33.3,6,719.97
2625,2,8,small,4,0.0,0.0,0.294,0.795,0.21,0.182,0.026,9.8,18,283.64
2626,125,15,small,8,0.0,0.0,0.224,0.87,0.333,0.11,0.042,42.0,6,1326.71
2627,30,16,small,21,0.0,0.0,0.084,0.869,0.129,0.19,0.03,2.0,8,81.31
2628,159,11,small,23,0.0,0.0,0.041,0.957,0.129,0.019,0.03,36.8,19,286.16
2629,183,15,small,14,0.0,0.0,0.439,0.952,0.163,0.154,0.021,64.6,3,240.44
2630,43,16,small,8,0.0,0.0,0.445,0.574,0.129,0.03,0.02,16.9,35,109.83
2631,164,6,micro,5,0.0,0.0,0.043,1.903,0.21,0.036,0.021,42.6,45,388.92
2632,125,12,small,16,0.0,0.0,0.352,1.798,0.292,0.184,0.033,59.6,16,1326.71
2633,106,8,medium,11,0.0,0.0,0.192,0.972,0.258,0.242,0.04,12.3,1,978.66
2634,135,1,small,56,0.0,0.0,0.29,1.352,0.189,0.131,0.064,59.4,5,699.2
2635,165,12,medium,27,0.0,0.0,0.014,0.694,0.163,0.085,0.027,99.5,1,224.25
2636,190,11,small,25,0.0,0.0,0.02,0.931,0.129,0.155,0.031,71.0,18,94.96
2637,135,2,micro,10,0.0,0.0,0.163,1.306,0.292,0.073,0.071,78.2,10,699.2
2638,156,1,micro,3,0.0,0.0,0.111,1.302,0.292,0.15,0.067,13.7,45,958.89
2639,125,4,micro,3,0.0,0.0,0.459,1.762,0.228,0.258,0.072,131.5,1,1326.71
2640,120,16,micro,6,0.0,0.0,0.447,0.681,0.129,0.09,0.018,24.6,37,327.35
2641,9,1,large,125,0.01,0.0,0.428,0.787,0.189,0.139,0.069,53.0,3,255.33
2642,34,9,micro,5,0.0,0.0,0.194,0.922,0.163,0.217,0.033,28.0,12,337.83
2643,86,3,small,40,0.01,0.0,0.383,1.195,0.21,0.12,0.067,22.1,3,370.7
2644,135,5,small,40,0.0,0.0,0.422,0.629,0.244,0.142,0.031,86.1,1,699.2
2645,15,15,small,4,0.0,0.0,0.293,2.858,0.129,0.187,0.025,49.1,3,84.58
2646,118,17,large,118,0.01,0.0,0.154,1.052,0.189,0.108,0.034,47.9,4,465.37
2647,2,11,small,7,0.0,0.0,0.076,1.029,0.189,0.178,0.018,133.1,4,283.64
2648,159,17,medium,42,0.0,0.0,0.243,1.076,0.163,0.167,0.019,26.1,1,286.16
2649,138,17,micro,18,0.0,0.0,0.092,0.904,0.163,0.083,0.029,39.7,9,334.79
2650,113,4,medium,9,0.0,0.0,0.212,1.279,0.326,0.122,0.08,18.7,6,1742.79
2651,122,12,small,5,0.0,0.0,0.114,0.922,0.244,0.05,0.035,38.6,27,603.53
2652,179,15,large,170,0.04,0.01,0.155,2.965,0.326,0.136,0.035,41.2,1,1808.04
2653,179,11,small,11,0.0,0.0,0.55,1.813,0.357,0.286,0.037,48.2,12,1808.04
2654,164,16,small,56,0.0,0.0,0.592,0.976,0.163,0.161,0.033,59.2,3,388.92
2655,75,12,micro,11,0.0,0.0,0.349,0.835,0.129,0.147,0.019,15.1,6,337.61
2656,25,5,micro,21,0.0,0.0,0.067,0.603,0.189,0.128,0.026,17.6,6,165.82
2657,73,13,medium,46,0.0,0.0,0.48,1.307,0.228,0.051,0.033,31.0,8,709.56
2658,156,11,small,53,0.0,0.0,0.228,1.483,0.228,0.241,0.023,48.3,3,958.89
2659,125,12,large,271,0.02,0.01,0.366,1.046,0.292,0.117,0.026,19.0,17,1326.71
2660,146,1,small,2,0.0,0.0,0.265,0.502,0.129,0.198,0.053,8.6,9,43.08
2661,24,2,small,11,0.0,0.0,0.309,1.14,0.163,0.201,0.058,21.2,6,86.11
2662,36,16,small,45,0.0,0.0,0.115,0.899,0.129,0.14,0.013,79.3,11,182.89
2663,137,8,medium,14,0.0,0.0,0.158,0.876,0.129,0.051,0.017,80.3,7,107.55
2664,84,4,small,3,0.0,0.0,0.237,0.991,0.129,0.128,0.07,35.9,16,66.12
2665,82,1,micro,12,0.0,0.0,0.306,0.787,0.228,0.077,0.072,49.1,2,650.6
2666,89,5,micro,15,0.0,0.0,0.447,1.132,0.163,0.122,0.022,42.3,2,247.96
2667,164,5,micro,12,0.0,0.0,0.203,1.911,0.244,0.101,0.031,19.8,14,388.92
2668,145,19,micro,2,0.0,0.0,0.498,0.958,0.21,0.193,0.015,28.9,1,324.35
2669,24,16,small,64,0.01,0.0,0.509,1.68,0.129,0.126,0.011,50.5,13,86.11
2670,78,1,medium,322,0.02,0.02,0.644,1.102,0.129,0.081,0.067,39.6,28,162.68
2671,140,14,medium,51,0.0,0.0,0.223,0.526,0.129,0.188,0.017,49.9,71,186.32
2672,191,11,small,11,0.0,0.0,0.611,1.287,0.129,0.152,0.034,65.5,6,349.46
2673,179,4,large,255,0.02,0.0,0.219,1.22,0.373,0.125,0.07,41.8,1,1808.04
2674,62,14,medium,58,0.01,0.0,0.454,1.022,0.129,0.064,0.015,63.1,12,49.09
2675,9,0,small,45,0.0,0.0,0.123,1.463,0.21,0.086,0.071,116.7,15,255.33
2676,122,14,micro,15,0.0,0.0,0.302,1.43,0.189,0.169,0.025,3.3,6,603.53
2677,92,17,large,41,0.0,0.0,0.679,0.877,0.163,0.12,0.023,30.3,1,73.55
2678,47,17,medium,33,0.0,0.0,0.538,1.602,0.129,0.216,0.027,9.7,1,427.14
2679,135,15,micro,11,0.0,0.0,0.138,0.805,0.189,0.146,0.038,100.3,3,699.2
2680,37,18,medium,295,0.06,0.02,0.305,1.217,0.129,0.08,0.026,63.0,4,20.91
2681,81,14,micro,1,0.0,0.0,0.122,1.512,0.21,0.031,0.018,18.6,2,212.11
2682,164,13,small,39,0.0,0.0,0.756,1.115,0.163,0.152,0.024,11.2,19,388.92
2683,141,0,micro,18,0.0,0.0,0.063,0.95,0.21,0.055,0.06,52.8,18,548.48
2684,125,3,small,6,0.0,0.0,0.164,0.544,0.163,0.226,0.078,68.4,1,1326.71
2685,179,15,micro,20,0.0,0.0,0.171,0.65,0.326,0.279,0.033,52.4,45,1808.04
2686,31,19,medium,478,0.04,0.01,0.165,1.891,0.258,0.103,0.031,7.4,4,946.03
2687,143,14,small,20,0.0,0.0,0.127,0.725,0.163,0.063,0.016,174.0,11,178.51
2688,29,11,micro,17,0.0,0.0,0.411,0.752,0.129,0.071,0.012,195.4,2,110.86
2689,31,3,medium,16,0.0,0.0,0.259,0.529,0.318,0.18,0.078,2.2,11,946.03
2690,113,18,small,29,0.0,0.0,0.515,1.504,0.301,0.257,0.034,6.0,9,1742.79
2691,3,12,small,7,0.0,0.0,0.067,1.016,0.21,0.152,0.018,36.8,3,680.64
2692,113,9,micro,12,0.0,0.0,0.084,1.35,0.244,0.202,0.041,3.2,5,1742.79
2693,2,17,small,42,0.0,0.0,0.068,0.963,0.228,0.207,0.022,3.2,15,283.64
2694,125,19,micro,12,0.0,0.0,0.124,0.942,0.258,0.087,0.028,48.8,11,1326.71
2695,72,7,micro,17,0.0,0.0,0.19,0.777,0.189,0.199,0.03,43.8,3,143.19
2696,20,10,large,75,0.01,0.0,0.228,1.661,0.244,0.094,0.035,8.8,29,642.68
2697,162,2,small,8,0.0,0.0,0.108,1.7,0.189,0.081,0.068,48.1,3,472.76
2698,89,19,large,210,0.02,0.01,0.296,1.71,0.163,0.096,0.017,12.3,1,247.96
2699,106,2,small,12,0.0,0.0,0.158,0.839,0.189,0.156,0.063,1.1,5,978.66
2700,86,18,small,12,0.0,0.0,0.369,1.825,0.228,0.022,0.015,11.6,2,370.7
2701,20,3,micro,40,0.0,0.0,0.149,1.263,0.189,0.131,0.062,33.5,2,642.68
2702,106,18,small,32,0.0,0.0,0.329,0.736,0.292,0.138,0.021,36.3,10,978.66
2703,138,9,medium,96,0.01,0.0,0.354,1.242,0.129,0.2,0.015,116.7,2,334.79
2704,179,11,small,42,0.0,0.0,0.113,1.139,0.357,0.253,0.041,64.9,20,1808.04
2705,157,0,small,17,0.0,0.0,0.326,0.953,0.129,0.177,0.059,3.2,9,238.37
2706,17,7,medium,264,0.02,0.0,0.084,1.709,0.129,0.2,0.032,23.5,3,203.21
2707,40,9,medium,179,0.01,0.0,0.093,1.351,0.21,0.086,0.029,28.6,10,310.59
2708,6,0,medium,35,0.0,0.0,0.359,1.394,0.21,0.042,0.062,45.7,8,719.97
2709,31,13,small,134,0.01,0.0,0.584,0.925,0.27,0.124,0.026,97.0,6,946.03
2710,113,16,micro,3,0.0,0.0,0.575,0.688,0.258,0.19,0.04,5.3,6,1742.79
2711,55,0,small,6,0.0,0.0,0.141,0.922,0.189,0.216,0.059,31.8,34,376.64
2712,135,9,small,23,0.0,0.0,0.491,0.985,0.228,0.067,0.037,58.8,15,699.2
2713,4,0,small,5,0.0,0.0,0.247,0.843,0.163,0.174,0.054,7.4,2,117.43
2714,175,17,medium,31,0.0,0.0,0.245,0.736,0.189,0.167,0.016,51.6,6,339.4
2715,141,3,micro,18,0.0,0.0,0.184,1.279,0.189,0.112,0.058,20.3,5,548.48
2716,188,1,micro,19,0.0,0.0,0.266,1.116,0.129,0.05,0.053,22.6,21,63.64
2717,184,17,small,11,0.0,0.0,0.349,0.892,0.163,0.101,0.017,14.1,12,118.69
2718,143,8,medium,359,0.04,0.01,0.266,1.565,0.129,0.064,0.021,29.1,16,178.51
2719,36,1,large,130,0.0,0.0,0.09,0.63,0.163,0.2,0.061,0.5,2,182.89
2720,55,12,small,12,0.0,0.0,0.45,0.794,0.163,0.154,0.018,4.9,36,376.64
2721,67,14,micro,9,0.0,0.0,0.035,0.8,0.21,0.15,0.015,43.1,14,404.86
2722,102,11,micro,7,0.0,0.0,0.324,0.82,0.163,0.061,0.021,1.3,6,105.35
2723,122,6,small,11,0.0,0.0,0.084,0.473,0.228,0.233,0.017,92.2,16,603.53
2724,141,8,micro,12,0.0,0.0,0.308,1.366,0.163,0.196,0.033,0.1,24,548.48
2725,15,19,medium,67,0.01,0.0,0.252,0.628,0.129,0.203,0.023,26.0,5,84.58
2726,125,10,medium,104,0.0,0.0,0.357,0.949,0.301,0.185,0.044,39.4,13,1326.71
2727,7,7,medium,15,0.0,0.0,0.133,0.786,0.163,0.193,0.023,66.5,19,319.72
2728,167,14,micro,16,0.0,0.0,0.151,1.11,0.258,0.227,0.04,6.6,8,989.1
2729,6,1,large,98,0.01,0.01,0.389,0.872,0.282,0.197,0.073,21.4,16,719.97
2730,89,5,medium,62,0.0,0.0,0.428,1.593,0.163,0.193,0.026,171.6,5,247.96
2731,98,4,small,82,0.0,0.0,0.173,0.723,0.21,0.014,0.064,75.7,4,149.17
2732,122,13,small,79,0.0,0.0,0.29,1.349,0.228,0.123,0.033,140.5,17,603.53
2733,20,12,medium,91,0.0,0.0,0.169,0.898,0.228,0.201,0.029,0.8,3,642.68
2734,179,15,small,10,0.0,0.0,0.181,1.773,0.326,0.119,0.047,5.7,5,1808.04
2735,87,8,micro,2,0.0,0.0,0.525,1.068,0.163,0.13,0.019,85.3,8,206.18
2736,90,3,micro,13,0.0,0.0,0.296,1.032,0.129,0.052,0.061,37.8,37,163.54
2737,59,3,large,63,0.0,0.0,0.002,1.052,0.163,0.178,0.066,16.2,1,393.68
2738,162,17,small,6,0.0,0.0,0.108,1.946,0.21,0.08,0.02,87.1,8,472.76
2739,2,1,small,9,0.0,0.0,0.336,0.747,0.163,0.02,0.065,80.3,2,283.64
2740,24,11,small,14,0.0,0.0,0.195,1.938,0.129,0.194,0.015,6.2,19,86.11
2741,109,4,micro,42,0.0,0.0,0.191,0.935,0.129,0.204,0.068,18.8,2,137.77
2742,187,4,micro,12,0.0,0.0,0.305,1.159,0.163,0.134,0.064,5.8,26,137.99
2743,6,1,micro,31,0.0,0.0,0.187,1.414,0.282,0.049,0.069,6.5,5,719.97
2744,8,19,medium,14,0.0,0.0,0.679,0.962,0.129,0.061,0.014,39.8,7,92.81
2745,149,1,small,42,0.0,0.0,0.345,0.976,0.163,0.153,0.055,24.7,20,199.73
2746,156,2,small,103,0.01,0.0,0.501,1.642,0.189,0.122,0.077,39.2,3,958.89
2747,179,7,medium,58,0.0,0.0,0.466,1.119,0.368,0.285,0.048,14.8,5,1808.04
2748,122,9,micro,18,0.0,0.0,0.06,0.874,0.258,0.167,0.033,156.3,6,603.53
2749,91,19,medium,126,0.01,0.0,0.341,1.09,0.244,0.037,0.023,7.3,1,390.98
2750,106,4,large,109,0.01,0.0,0.134,1.66,0.258,0.119,0.065,12.9,2,978.66
2751,105,14,micro,5,0.0,0.0,0.166,0.772,0.163,0.019,0.028,70.3,12,222.31
2752,191,13,small,10,0.0,0.0,0.268,0.86,0.189,0.192,0.029,13.3,1,349.46
2753,86,10,large,128,0.0,0.0,0.172,0.633,0.21,0.046,0.028,100.7,27,370.7
2754,20,5,small,19,0.0,0.0,0.225,1.043,0.21,0.227,0.023,61.2,19,642.68
2755,70,3,medium,48,0.0,0.0,0.317,0.856,0.163,0.038,0.062,60.8,5,213.02
2756,185,3,micro,40,0.0,0.0,0.246,0.797,0.228,0.216,0.07,5.5,4,303.08
2757,103,6,micro,36,0.0,0.0,0.535,0.895,0.129,0.057,0.021,6.0,10,66.53
2758,73,2,medium,73,0.0,0.0,0.531,1.306,0.189,0.131,0.06,68.5,7,709.56
2759,72,19,medium,33,0.0,0.0,0.332,1.178,0.129,0.044,0.031,13.0,8,143.19
2760,2,8,small,11,0.0,0.0,0.34,1.34,0.21,0.105,0.015,11.5,1,283.64
2761,129,10,small,4,0.0,0.0,0.156,0.713,0.163,0.071,0.021,8.9,1,89.7
2762,152,12,micro,12,0.0,0.0,0.218,0.815,0.129,0.128,0.025,8.2,5,75.19
2763,81,3,micro,9,0.0,0.0,0.117,1.06,0.129,0.186,0.055,17.8,15,212.11
2764,177,9,medium,231,0.0,0.0,0.237,1.145,0.244,0.045,0.018,58.3,6,634.94
2765,156,1,small,7,0.0,0.0,0.276,0.732,0.292,0.154,0.077,99.0,2,958.89
2766,125,19,small,20,0.0,0.0,0.037,1.092,0.258,0.075,0.027,26.3,17,1326.71
2767,145,9,medium,123,0.01,0.01,0.56,1.502,0.189,0.139,0.026,125.2,7,324.35
2768,159,0,micro,10,0.0,0.0,0.449,0.831,0.189,0.147,0.056,16.3,10,286.16
2769,113,11,micro,3,0.0,0.0,0.173,1.49,0.378,0.178,0.044,13.8,14,1742.79
2770,91,2,large,171,0.01,0.0,0.297,0.772,0.189,0.101,0.065,14.1,2,390.98
2771,31,15,small,75,0.0,0.0,0.104,1.954,0.31,0.089,0.031,14.8,9,946.03
2772,91,19,medium,2,0.0,0.0,0.38,1.079,0.244,0.209,0.029,83.9,6,390.98
2773,118,18,small,29,0.0,0.0,0.176,1.121,0.189,0.043,0.018,91.7,3,465.37
2774,183,8,micro,19,0.0,0.0,0.17,1.402,0.163,0.089,0.029,49.9,22,240.44
2775,34,14,micro,8,0.0,0.0,0.288,1.123,0.129,0.093,0.019,9.4,8,337.83
2776,156,3,micro,1,0.0,0.0,0.142,0.775,0.292,0.155,0.065,21.3,8,958.89
2777,59,1,micro,18,0.0,0.0,0.173,1.187,0.163,0.029,0.056,47.6,6,393.68
2778,185,16,small,14,0.0,0.0,0.387,0.989,0.129,0.065,0.015,50.2,9,303.08
2779,125,13,small,29,0.0,0.0,0.623,1.133,0.31,0.24,0.027,66.7,11,1326.71
2780,105,18,medium,75,0.0,0.0,0.687,0.907,0.129,0.208,0.013,6.9,8,222.31
2781,78,18,small,40,0.01,0.0,0.264,1.574,0.129,0.171,0.027,55.8,5,162.68
2782,51,6,small,72,0.0,0.0,0.267,0.689,0.129,0.194,0.025,81.0,9,100.98
2783,149,6,small,83,0.0,0.0,0.505,1.048,0.129,0.201,0.029,29.2,6,199.73
2784,131,8,medium,289,0.01,0.0,0.474,0.642,0.129,0.187,0.022,137.1,9,158.95
2785,179,13,micro,7,0.0,0.0,0.039,1.048,0.346,0.225,0.036,15.1,3,1808.04
2786,125,0,small,98,0.0,0.0,0.285,1.008,0.27,0.179,0.084,25.2,5,1326.71
2787,40,10,large,150,0.01,0.0,0.526,1.162,0.189,0.103,0.017,24.1,2,310.59
2788,141,0,micro,6,0.0,0.0,0.206,0.686,0.21,0.162,0.064,22.0,5,548.48
2789,177,9,small,41,0.0,0.0,0.24,1.532,0.244,0.147,0.032,45.4,1,634.94
2790,195,1,medium,133,0.01,0.0,0.176,0.966,0.129,0.067,0.063,43.2,4,218.18
2791,141,11,micro,8,0.0,0.0,0.425,0.68,0.27,0.213,0.019,3.0,6,548.48
2792,70,6,small,15,0.0,0.0,0.355,1.033,0.129,0.144,0.02,49.2,6,213.02
2793,120,9,medium,117,0.01,0.0,0.116,1.418,0.163,0.111,0.019,3.3,5,327.35
2794,113,19,small,7,0.0,0.0,0.14,1.445,0.31,0.181,0.042,4.7,10,1742.79
2795,113,6,small,16,0.0,0.0,0.435,1.276,0.31,0.236,0.038,1.6,7,1742.79
2796,17,14,small,34,0.0,0.0,0.516,1.769,0.189,0.141,0.03,17.2,19,203.21
2797,48,13,small,6,0.0,0.0,0.441,1.189,0.163,0.071,0.014,12.2,35,209.27
2798,113,17,small,10,0.0,0.0,0.28,1.366,0.326,0.238,0.038,27.8,1,1742.79
2799,164,6,micro,20,0.0,0.0,0.288,1.32,0.21,0.025,0.014,85.2,39,388.92
2800,46,1,medium,6,0.0,0.0,0.063,1.086,0.129,0.099,0.056,12.0,37,93.63
2801,39,19,small,37,0.0,0.0,0.057,0.929,0.129,0.033,0.029,63.9,4,180.7
2802,157,7,small,38,0.0,0.0,0.038,1.616,0.163,0.097,0.015,2.4,9,238.37
2803,142,3,medium,20,0.0,0.0,0.182,0.848,0.129,0.023,0.06,9.7,3,29.74
2804,113,18,medium,50,0.0,0.0,0.414,1.06,0.301,0.153,0.031,47.3,3,1742.79
2805,6,3,micro,14,0.0,0.0,0.439,0.874,0.228,0.058,0.065,3.6,3,719.97
2806,111,10,micro,13,0.0,0.0,0.029,0.969,0.129,0.047,0.026,53.9,23,144.53
2807,167,15,large,272,0.02,0.01,0.389,0.957,0.27,0.129,0.03,75.6,11,989.1
2808,2,14,small,7,0.0,0.0,0.239,0.742,0.163,0.166,0.021,73.7,21,283.64
2809,22,0,medium,24,0.0,0.0,0.64,0.968,0.129,0.2,0.064,81.9,21,158.78
2810,166,4,small,51,0.01,0.0,0.242,1.134,0.21,0.184,0.06,17.5,1,337.67
2811,113,17,medium,25,0.0,0.0,0.211,0.942,0.326,0.284,0.044,42.8,1,1742.79
2812,136,11,small,8,0.0,0.0,0.13,0.703,0.163,0.006,0.018,22.7,8,67.81
2813,156,13,large,26,0.0,0.0,0.441,0.91,0.282,0.072,0.03,19.6,11,958.89
2814,71,8,small,9,0.0,0.0,0.428,0.861,0.21,0.223,0.031,107.6,1,690.93
2815,71,14,small,8,0.0,0.0,0.185,0.895,0.21,0.132,0.022,210.7,15,690.93
2816,65,5,micro,46,0.0,0.0,0.497,0.763,0.244,0.163,0.017,11.5,1,576.08
2817,40,4,medium,42,0.0,0.0,0.184,1.309,0.129,0.019,0.066,2.5,6,310.59
2818,71,19,large,134,0.03,0.0,0.128,1.648,0.258,0.076,0.018,18.4,7,690.93
2819,184,3,micro,17,0.0,0.0,0.623,1.147,0.129,0.107,0.055,97.2,11,118.69
2820,20,19,small,5,0.0,0.0,0.274,1.237,0.228,0.067,0.019,77.5,7,642.68
2821,59,18,micro,6,0.0,0.0,0.113,0.734,0.163,0.166,0.016,68.0,1,393.68
2822,73,14,large,168,0.0,0.0,0.172,0.709,0.189,0.132,0.02,75.4,20,709.56
2823,34,11,large,193,0.02,0.0,0.197,0.878,0.189,0.076,0.025,33.8,7,337.83
2824,17,0,micro,7,0.0,0.0,0.327,0.846,0.129,0.192,0.053,157.1,9,203.21
2825,39,12,large,87,0.01,0.0,0.37,1.191,0.129,0.195,0.025,68.7,3,180.7
2826,113,15,small,3,0.0,0.0,0.37,1.753,0.339,0.206,0.047,4.6,3,1742.79
2827,125,14,small,16,0.0,0.0,0.273,0.932,0.301,0.251,0.044,71.6,8,1326.71
2828,54,3,small,11,0.0,0.0,0.436,1.012,0.258,0.058,0.055,7.0,7,416.13
2829,113,10,medium,55,0.0,0.0,0.155,0.995,0.301,0.164,0.04,1.9,13,1742.79
2830,1,11,medium,206,0.03,0.0,0.175,1.836,0.129,0.164,0.018,36.0,27,129.25
2831,125,13,large,107,0.01,0.0,0.251,1.473,0.31,0.26,0.038,17.9,12,1326.71
2832,0,16,medium,71,0.01,0.0,0.413,1.586,0.189,0.155,0.025,358.2,19,243.89
2833,133,13,small,10,0.0,0.0,0.173,1.242,0.189,0.164,0.018,36.5,20,238.31
2834,113,2,medium,240,0.02,0.0,0.125,0.998,0.387,0.276,0.083,96.3,9,1742.79
2835,25,0,micro,2,0.0,0.0,0.292,1.312,0.129,0.022,0.057,16.0,9,165.82
2836,20,2,large,13,0.0,0.0,0.276,2.301,0.21,0.227,0.066,19.2,1,642.68
2837,1,0,micro,40,0.0,0.0,0.302,0.513,0.129,0.031,0.068,33.4,10,129.25
2838,118,8,medium,109,0.01,0.0,0.511,1.173,0.228,0.216,0.024,11.9,4,465.37
2839,166,5,micro,2,0.0,0.0,0.541,1.611,0.21,0.091,0.024,35.2,15,337.67
2840,175,0,small,78,0.0,0.0,0.12,1.488,0.189,0.136,0.071,84.8,4,339.4
2841,122,1,small,7,0.0,0.0,0.072,0.672,0.228,0.074,0.065,0.9,6,603.53
2842,179,7,small,19,0.0,0.0,0.339,1.296,0.368,0.29,0.039,1.1,11,1808.04
2843,175,18,micro,5,0.0,0.0,0.151,0.92,0.189,0.155,0.024,90.5,5,339.4
2844,145,19,small,8,0.0,0.0,0.159,1.364,0.21,0.187,0.016,83.3,2,324.35
2845,82,1,small,13,0.0,0.0,0.064,1.268,0.228,0.112,0.068,20.4,14,650.6
2846,167,16,large,373,0.05,0.01,0.317,1.663,0.258,0.123,0.025,20.0,6,989.1
2847,89,9,micro,96,0.01,0.0,0.15,0.989,0.163,0.089,0.026,31.1,10,247.96
2848,91,12,small,58,0.0,0.0,0.107,1.189,0.129,0.049,0.029,7.9,16,390.98
2849,141,10,small,55,0.0,0.0,0.31,0.999,0.163,0.191,0.034,59.5,4,548.48
2850,179,18,micro,121,0.0,0.0,0.169,0.691,0.301,0.271,0.032,63.8,1,1808.04
2851,113,9,medium,52,0.0,0.0,0.113,0.758,0.244,0.133,0.04,20.0,8,1742.79
2852,43,3,small,18,0.0,0.0,0.219,1.07,0.129,0.074,0.053,165.6,3,109.83
2853,31,15,medium,15,0.0,0.0,0.473,2.004,0.31,0.248,0.037,19.0,4,946.03
2854,71,10,small,14,0.0,0.0,0.61,1.019,0.129,0.058,0.036,30.4,10,690.93
2855,106,2,micro,10,0.0,0.0,0.173,0.59,0.189,0.159,0.064,82.6,5,978.66
2856,71,9,small,23,0.0,0.0,0.521,0.97,0.244,0.06,0.033,7.0,32,690.93
2857,149,13,small,4,0.0,0.0,0.365,1.088,0.129,0.184,0.03,59.0,1,199.73
2858,118,5,medium,101,0.01,0.0,0.066,0.848,0.189,0.2,0.034,59.1,3,465.37
2859,93,18,medium,32,0.0,0.0,0.176,0.907,0.129,0.014,0.021,111.9,4,106.95
2860,54,16,micro,20,0.0,0.0,0.242,1.621,0.163,0.186,0.024,61.0,26,416.13
2861,125,11,medium,162,0.02,0.0,0.162,1.205,0.339,0.15,0.029,44.3,2,1326.71
2862,140,1,micro,1,0.0,0.0,0.161,1.246,0.129,0.173,0.067,84.0,2,186.32
2863,162,11,small,10,0.0,0.0,0.548,1.036,0.189,0.055,0.019,2.8,20,472.76
2864,195,8,small,9,0.0,0.0,0.168,1.607,0.21,0.192,0.025,36.5,10,218.18
2865,58,14,small,71,0.0,0.0,0.276,0.829,0.21,0.121,0.03,47.5,20,206.7
2866,3,5,small,59,0.01,0.0,0.442,1.853,0.244,0.119,0.031,9.2,16,680.64
2867,113,12,small,5,0.0,0.0,0.649,0.773,0.333,0.117,0.041,34.7,4,1742.79
2868,179,11,large,83,0.0,0.0,0.352,0.725,0.357,0.226,0.035,8.8,9,1808.04
2869,63,10,large,520,0.02,0.01,0.419,1.228,0.129,0.075,0.019,18.5,26,44.87
2870,156,2,small,52,0.0,0.0,0.152,1.063,0.189,0.193,0.079,40.8,1,958.89
2871,73,9,micro,15,0.0,0.0,0.252,1.087,0.27,0.044,0.032,3.4,11,709.56
2872,89,11,micro,3,0.0,0.0,0.224,1.272,0.129,0.151,0.014,17.3,7,247.96
2873,182,18,small,15,0.0,0.0,0.283,1.085,0.129,0.123,0.028,47.0,5,50.86
2874,106,9,medium,25,0.0,0.0,0.309,1.335,0.292,0.084,0.027,12.8,4,978.66
2875,153,12,small,9,0.0,0.0,0.106,0.684,0.163,0.207,0.019,122.6,5,187.21
2876,118,11,small,21,0.0,0.0,0.059,0.678,0.163,0.201,0.023,66.9,6,465.37
2877,157,3,large,73,0.01,0.0,0.085,1.545,0.189,0.189,0.072,23.6,6,238.37
2878,73,3,small,56,0.0,0.0,0.234,0.973,0.27,0.238,0.068,107.3,19,709.56
2879,177,14,micro,36,0.0,0.0,0.351,0.582,0.228,0.111,0.034,24.1,35,634.94
2880,118,10,micro,1,0.0,0.0,0.056,1.003,0.189,0.107,0.017,14.6,2,465.37
2881,71,17,micro,3,0.0,0.0,0.368,1.743,0.282,0.18,0.03,42.8,17,690.93
2882,6,18,micro,9,0.0,0.0,0.133,0.776,0.189,0.173,0.029,11.2,8,719.97
2883,2,5,micro,23,0.0,0.0,0.145,1.049,0.129,0.188,0.019,96.9,40,283.64
2884,81,2,small,40,0.0,0.0,0.221,0.785,0.129,0.012,0.065,42.1,8,212.11
2885,54,6,micro,7,0.0,0.0,0.329,0.811,0.163,0.025,0.018,15.2,66,416.13
2886,6,1,micro,2,0.0,0.0,0.587,1.53,0.282,0.078,0.073,22.8,3,719.97
2887,119,15,medium,67,0.0,0.0,0.247,0.651,0.189,0.077,0.028,102.6,5,314.8
2888,195,2,small,13,0.0,0.0,0.269,0.997,0.129,0.136,0.055,81.2,7,218.18
2889,99,17,small,27,0.0,0.0,0.724,0.647,0.189,0.024,0.013,65.1,7,117.38
2890,118,8,small,37,0.0,0.0,0.311,0.507,0.228,0.209,0.016,16.6,27,465.37
2891,55,5,micro,52,0.0,0.0,0.217,0.985,0.163,0.139,0.023,130.4,4,376.64
2892,53,10,small,16,0.0,0.0,0.299,1.041,0.244,0.205,0.022,20.6,11,273.6
2893,73,12,large,179,0.01,0.0,0.193,0.961,0.21,0.157,0.019,24.4,15,709.56
2894,167,14,micro,4,0.0,0.0,0.575,0.847,0.258,0.162,0.032,84.4,9,989.1
2895,185,6,medium,93,0.0,0.0,0.235,1.028,0.129,0.019,0.025,132.8,2,303.08
2896,156,19,small,13,0.0,0.0,0.167,0.906,0.228,0.249,0.037,34.2,31,958.89
2897,3,8,medium,14,0.0,0.0,0.046,0.508,0.228,0.129,0.026,54.3,14,680.64
2898,106,16,micro,2,0.0,0.0,0.312,0.981,0.27,0.08,0.026,42.2,6,978.66
2899,98,0,small,16,0.0,0.0,0.303,1.231,0.163,0.019,0.058,30.3,34,149.17
2900,179,15,micro,27,0.0,0.0,0.239,1.748,0.326,0.183,0.032,2.0,26,1808.04
2901,156,11,micro,23,0.0,0.0,0.198,0.963,0.228,0.055,0.022,80.3,2,958.89
2902,149,12,small,14,0.0,0.0,0.421,0.744,0.163,0.086,0.018,21.8,5,199.73
2903,120,7,small,65,0.0,0.0,0.144,0.621,0.228,0.107,0.017,160.1,21,327.35
2904,135,10,large,623,0.09,0.01,0.163,0.764,0.282,0.073,0.033,25.7,11,699.2
2905,145,18,small,40,0.0,0.0,0.211,1.089,0.129,0.204,0.031,13.1,11,324.35
2906,119,7,micro,32,0.0,0.0,0.205,1.364,0.21,0.039,0.028,167.7,24,314.8
2907,171,2,micro,5,0.0,0.0,0.107,0.723,0.163,0.028,0.06,108.7,4,65.64
2908,6,14,small,89,0.01,0.0,0.273,0.826,0.244,0.135,0.027,46.9,14,719.97
2909,180,10,small,8,0.0,0.0,0.477,1.345,0.21,0.104,0.027,23.0,4,277.46
2910,161,8,small,20,0.0,0.0,0.196,1.279,0.21,0.16,0.024,31.4,10,326.06
2911,113,15,medium,137,0.01,0.0,0.264,1.288,0.339,0.27,0.047,18.9,6,1742.79
2912,175,11,micro,3,0.0,0.0,0.333,1.628,0.21,0.069,0.033,43.0,18,339.4
2913,167,12,large,49,0.0,0.0,0.428,0.947,0.244,0.182,0.029,146.1,5,989.1
2914,98,18,small,15,0.0,0.0,0.295,1.066,0.189,0.051,0.026,37.4,5,149.17
2915,167,1,medium,141,0.0,0.0,0.229,1.191,0.282,0.25,0.074,11.8,30,989.1
2916,47,5,large,234,0.01,0.0,0.416,1.395,0.21,0.184,0.029,148.5,2,427.14
2917,108,17,small,19,0.0,0.0,0.121,1.274,0.163,0.058,0.029,7.4,14,192.01
2918,58,15,micro,12,0.0,0.0,0.423,1.491,0.129,0.172,0.018,24.8,14,206.7
2919,31,3,medium,22,0.0,0.0,0.321,0.904,0.318,0.216,0.07,38.7,8,946.03
2920,179,3,small,52,0.0,0.0,0.277,0.887,0.352,0.207,0.076,31.6,16,1808.04
2921,82,16,medium,6,0.0,0.0,0.413,1.043,0.189,0.105,0.023,226.6,20,650.6
2922,141,11,medium,58,0.0,0.0,0.277,0.913,0.27,0.119,0.019,2.1,3,548.48
2923,86,17,micro,6,0.0,0.0,0.68,1.494,0.163,0.189,0.026,22.0,5,370.7
2924,118,18,small,13,0.0,0.0,0.2,1.435,0.189,0.22,0.029,0.8,33,465.37
2925,80,1,small,31,0.0,0.0,0.275,0.835,0.129,0.131,0.059,175.3,3,119.14
2926,156,19,medium,119,0.0,0.0,0.473,0.968,0.228,0.143,0.04,66.2,27,958.89
2927,162,14,small,11,0.0,0.0,0.381,1.261,0.163,0.116,0.033,38.9,8,472.76
2928,104,16,small,25,0.0,0.0,0.388,1.449,0.163,0.126,0.018,37.0,1,126.31
2929,175,12,small,37,0.0,0.0,0.268,0.918,0.228,0.078,0.024,224.9,6,339.4
2930,82,6,small,55,0.02,0.0,0.263,1.816,0.258,0.038,0.026,5.1,6,650.6
2931,157,11,small,99,0.01,0.0,0.226,1.365,0.163,0.159,0.018,98.7,19,238.37
2932,135,10,small,11,0.0,0.0,0.061,1.695,0.282,0.127,0.037,92.8,13,699.2
2933,106,18,large,161,0.01,0.0,0.318,1.001,0.292,0.163,0.024,7.4,9,978.66
2934,179,11,micro,21,0.0,0.0,0.063,1.283,0.357,0.212,0.042,30.4,19,1808.04
2935,122,0,micro,1,0.0,0.0,0.396,1.442,0.228,0.226,0.062,34.2,7,603.53
2936,168,13,small,4,0.0,0.0,0.02,1.176,0.129,0.179,0.016,72.2,17,116.12
2937,155,1,medium,82,0.01,0.0,0.335,1.514,0.163,0.114,0.068,23.5,3,72.65
2938,114,18,small,8,0.0,0.0,0.452,0.902,0.163,0.173,0.028,5.3,9,122.44
2939,73,9,medium,176,0.01,0.0,0.035,0.643,0.27,0.108,0.035,39.3,6,709.56
2940,183,19,small,99,0.01,0.0,0.182,1.101,0.228,0.158,0.03,36.3,2,240.44
2941,7,0,micro,8,0.0,0.0,0.255,1.177,0.228,0.126,0.066,34.3,3,319.72
2942,179,10,micro,7,0.0,0.0,0.412,1.275,0.368,0.219,0.031,8.5,3,1808.04
2943,113,4,medium,556,0.01,0.0,0.192,1.108,0.326,0.163,0.083,14.7,23,1742.79
2944,156,12,small,28,0.0,0.0,0.312,0.947,0.228,0.207,0.035,5.2,8,958.89
2945,75,9,small,18,0.0,0.0,0.052,1.713,0.129,0.03,0.026,11.2,5,337.61
2946,87,11,micro,3,0.0,0.0,0.23,1.162,0.163,0.106,0.031,230.0,8,206.18
2947,47,7,micro,15,0.0,0.0,0.074,1.529,0.189,0.052,0.024,0.4,6,427.14
2948,184,1,micro,2,0.0,0.0,0.162,0.831,0.129,0.174,0.051,80.8,13,118.69
2949,6,2,micro,4,0.0,0.0,0.348,0.868,0.258,0.176,0.068,73.3,7,719.97
2950,88,17,medium,45,0.0,0.0,0.242,1.077,0.163,0.043,0.024,31.0,3,87.38
2951,75,14,micro,10,0.0,0.0,0.094,1.109,0.189,0.151,0.025,76.4,24,337.61
2952,167,15,medium,425,0.01,0.0,0.444,0.808,0.27,0.186,0.033,95.8,9,989.1
2953,113,2,medium,770,0.07,0.01,0.227,1.17,0.387,0.195,0.077,30.4,11,1742.79
2954,40,0,micro,15,0.0,0.0,0.235,1.23,0.228,0.029,0.066,26.8,12,310.59
2955,113,0,micro,34,0.0,0.0,0.321,1.345,0.282,0.254,0.086,37.9,1,1742.79
2956,59,10,micro,7,0.0,0.0,0.475,1.395,0.21,0.106,0.023,7.6,2,393.68
2957,3,10,small,27,0.0,0.0,0.042,0.956,0.228,0.069,0.036,55.0,36,680.64
2958,118,2,micro,8,0.0,0.0,0.241,1.023,0.189,0.205,0.073,150.4,10,465.37
2959,82,6,small,16,0.0,0.0,0.063,0.966,0.258,0.077,0.021,32.2,26,650.6
2960,59,10,micro,13,0.0,0.0,0.486,0.963,0.21,0.087,0.024,32.0,7,393.68
2961,41,13,small,53,0.0,0.0,0.284,0.924,0.189,0.132,0.023,8.6,11,176.16
2962,106,16,micro,12,0.0,0.0,0.222,0.872,0.27,0.181,0.032,18.4,7,978.66
2963,177,12,small,8,0.0,0.0,0.52,0.725,0.129,0.215,0.026,45.8,3,634.94
2964,156,0,small,145,0.02,0.0,0.215,1.858,0.244,0.217,0.066,50.9,3,958.89
2965,0,11,micro,35,0.0,0.0,0.269,1.059,0.189,0.032,0.019,41.9,2,243.89
2966,154,1,small,3,0.0,0.0,0.105,1.045,0.163,0.113,0.061,81.0,5,198.95
2967,12,11,large,392,0.02,0.01,0.341,0.584,0.189,0.078,0.022,25.7,4,189.04
2968,118,7,medium,28,0.0,0.0,0.148,1.014,0.228,0.132,0.034,2.4,12,465.37
2969,162,5,micro,22,0.0,0.0,0.185,0.548,0.189,0.194,0.027,19.4,2,472.76
2970,106,9,small,217,0.01,0.0,0.103,1.153,0.292,0.059,0.031,9.7,50,978.66
2971,86,7,small,20,0.0,0.0,0.027,0.802,0.189,0.028,0.015,89.7,5,370.7
2972,179,16,large,99,0.01,0.0,0.569,1.707,0.383,0.166,0.044,13.6,1,1808.04
2973,3,4,small,55,0.0,0.0,0.351,0.857,0.163,0.045,0.058,109.2,23,680.64
2974,24,2,medium,37,0.0,0.0,0.264,0.922,0.163,0.202,0.067,8.2,23,86.11
2975,177,16,small,15,0.0,0.0,0.291,0.881,0.189,0.056,0.026,55.2,1,634.94
2976,179,4,small,19,0.0,0.0,0.619,1.327,0.373,0.209,0.085,23.5,5,1808.04
2977,84,0,micro,8,0.0,0.0,0.049,1.381,0.129,0.073,0.054,9.3,5,66.12
2978,116,7,micro,12,0.0,0.0,0.156,1.355,0.163,0.076,0.018,104.5,6,143.35
2979,39,16,small,95,0.0,0.0,0.057,1.108,0.163,0.121,0.024,49.3,5,180.7
2980,179,8,small,64,0.0,0.0,0.15,0.993,0.31,0.168,0.043,101.4,64,1808.04
2981,108,9,small,6,0.0,0.0,0.398,1.892,0.129,0.138,0.028,41.6,5,192.01
2982,120,0,small,11,0.0,0.0,0.5,0.823,0.163,0.037,0.056,25.3,1,327.35
2983,30,14,small,26,0.0,0.0,0.522,1.094,0.129,0.017,0.015,34.9,1,81.31
2984,125,6,medium,46,0.0,0.0,0.288,1.219,0.292,0.2,0.029,0.2,8,1326.71
2985,144,14,small,39,0.0,0.0,0.344,0.878,0.189,0.163,0.023,40.4,2,192.46
2986,71,8,medium,142,0.01,0.0,0.335,0.823,0.21,0.081,0.027,102.5,8,690.93
2987,179,10,micro,7,0.0,0.0,0.329,1.656,0.368,0.263,0.05,94.0,2,1808.04
2988,52,11,medium,39,0.0,0.0,0.354,0.99,0.163,0.067,0.022,56.3,8,75.42
2989,179,3,small,7,0.0,0.0,0.646,1.729,0.352,0.24,0.076,25.0,10,1808.04
2990,145,5,medium,40,0.0,0.0,0.51,1.192,0.129,0.212,0.029,62.9,2,324.35
2991,167,11,small,3,0.0,0.0,0.21,1.395,0.282,0.123,0.032,2.7,4,989.1
2992,145,16,small,24,0.0,0.0,0.138,1.584,0.129,0.118,0.016,29.3,10,324.35
2993,103,19,small,11,0.0,0.0,0.412,1.266,0.129,0.069,0.017,127.2,6,66.53
2994,75,10,large,159,0.01,0.0,0.087,1.073,0.129,0.135,0.02,14.2,20,337.61
2995,156,1,large,202,0.03,0.01,0.376,1.98,0.292,0.232,0.064,11.2,15,958.89
2996,71,19,medium,143,0.01,0.0,0.381,0.851,0.258,0.2,0.023,8.6,5,690.93
2997,8,8,small,3,0.0,0.0,0.177,0.905,0.163,0.064,0.015,39.4,7,92.81
2998,61,2,small,2,0.0,0.0,0.433,0.978,0.21,0.094,0.06,51.2,1,123.27
2999,156,19,large,320,0.01,0.0,0.093,0.963,0.228,0.087,0.023,7.1,9,958.89
3000,164,5,large,121,0.02,0.0,0.19,0.917,0.244,0.042,0.02,51.9,7,388.92
3001,67,13,small,30,0.01,0.0,0.377,1.663,0.21,0.067,0.016,204.0,7,404.86
3002,73,2,small,56,0.0,0.0,0.227,0.83,0.189,0.171,0.071,11.6,8,709.56
3003,118,14,micro,11,0.0,0.0,0.348,1.003,0.21,0.045,0.034,26.6,5,465.37
3004,65,19,small,7,0.0,0.0,0.093,2.752,0.244,0.102,0.028,80.3,3,576.08
3005,125,19,small,25,0.0,0.0,0.181,1.397,0.258,0.121,0.034,14.1,4,1326.71
3006,67,2,micro,11,0.0,0.0,0.207,1.537,0.258,0.167,0.066,129.6,1,404.86
3007,31,15,large,241,0.01,0.0,0.36,1.151,0.31,0.16,0.033,2.4,11,946.03
3008,34,13,small,13,0.0,0.0,0.337,1.204,0.228,0.168,0.026,171.1,2,337.83
3009,64,16,medium,88,0.0,0.0,0.541,0.997,0.228,0.167,0.029,8.9,6,334.46
3010,40,6,small,139,0.01,0.0,0.163,0.926,0.21,0.117,0.025,27.7,8,310.59
3011,191,8,medium,295,0.03,0.01,0.161,0.695,0.189,0.18,0.025,66.9,22,349.46
3012,135,6,small,20,0.0,0.0,0.357,0.862,0.282,0.128,0.025,82.8,1,699.2
3013,44,15,medium,83,0.01,0.0,0.113,0.952,0.129,0.175,0.024,20.3,20,33.83
3014,100,16,micro,6,0.0,0.0,0.23,1.345,0.129,0.05,0.03,0.1,7,36.04
3015,65,4,micro,25,0.0,0.0,0.176,0.969,0.244,0.171,0.073,16.2,1,576.08
3016,141,11,small,2,0.0,0.0,0.22,0.797,0.27,0.132,0.017,268.6,9,548.48
3017,177,2,micro,10,0.0,0.0,0.378,0.915,0.301,0.115,0.066,44.3,13,634.94
3018,91,0,small,11,0.0,0.0,0.168,1.187,0.189,0.155,0.054,49.3,2,390.98
3019,104,12,large,151,0.0,0.0,0.075,0.531,0.129,0.007,0.02,107.9,12,126.31
3020,91,16,medium,61,0.0,0.0,0.195,1.194,0.163,0.059,0.019,13.1,5,390.98
3021,106,18,small,16,0.0,0.0,0.359,1.241,0.292,0.118,0.034,7.9,7,978.66
3022,6,12,small,17,0.0,0.0,0.484,1.703,0.189,0.13,0.031,79.8,16,719.97
3023,125,16,large,121,0.01,0.0,0.171,1.267,0.318,0.265,0.044,19.4,30,1326.71
3024,183,8,small,7,0.0,0.0,0.51,1.203,0.163,0.118,0.025,126.9,5,240.44
3025,162,17,micro,24,0.0,0.0,0.42,0.825,0.21,0.224,0.021,147.6,26,472.76
3026,175,15,large,125,0.02,0.0,0.214,1.026,0.163,0.041,0.014,73.9,5,339.4
3027,57,6,small,42,0.0,0.0,0.546,0.889,0.129,0.161,0.029,26.5,23,108.94
3028,125,11,micro,6,0.0,0.0,0.335,0.725,0.339,0.179,0.038,52.3,16,1326.71
3029,179,1,small,5,0.0,0.0,0.174,0.933,0.352,0.156,0.087,7.0,16,1808.04
3030,10,2,medium,44,0.0,0.0,0.194,1.067,0.129,0.165,0.056,6.5,7,93.37
3031,177,18,small,9,0.0,0.0,0.078,2.273,0.258,0.214,0.021,39.2,26,634.94
3032,9,0,micro,7,0.0,0.0,0.342,0.975,0.21,0.047,0.053,7.3,9,255.33
3033,192,4,large,203,0.01,0.0,0.256,1.091,0.129,0.192,0.06,1.3,21,183.85
3034,20,2,small,1,0.0,0.0,0.031,1.215,0.21,0.174,0.059,109.2,2,642.68
3035,82,13,small,33,0.0,0.0,0.449,1.203,0.163,0.208,0.027,53.9,12,650.6
3036,7,2,micro,2,0.0,0.0,0.353,0.969,0.189,0.042,0.07,2.2,9,319.72
3037,7,0,micro,3,0.0,0.0,0.451,1.172,0.228,0.19,0.062,13.9,11,319.72
3038,177,18,medium,89,0.0,0.0,0.566,0.666,0.258,0.039,0.02,39.8,4,634.94
3039,9,17,small,61,0.0,0.0,0.174,1.234,0.163,0.16,0.021,33.1,2,255.33
3040,164,7,micro,7,0.0,0.0,0.287,0.819,0.21,0.191,0.025,15.8,9,388.92
3041,179,2,micro,10,0.0,0.0,0.551,0.771,0.318,0.162,0.071,24.2,1,1808.04
3042,179,13,small,21,0.0,0.0,0.284,1.507,0.346,0.275,0.037,1.4,24,1808.04
3043,176,17,small,122,0.01,0.0,0.167,0.857,0.129,0.107,0.018,25.1,12,150.36
3044,185,19,micro,2,0.0,0.0,0.173,1.285,0.21,0.071,0.025,7.4,9,303.08
3045,6,2,medium,67,0.0,0.0,0.251,1.975,0.258,0.044,0.062,2.4,8,719.97
3046,198,12,small,42,0.0,0.0,0.121,1.193,0.129,0.049,0.026,112.5,21,157.31
3047,3,8,micro,7,0.0,0.0,0.01,1.322,0.228,0.085,0.036,52.6,2,680.64
3048,40,3,medium,91,0.0,0.0,0.225,1.082,0.163,0.179,0.058,3.6,34,310.59
3049,17,16,micro,11,0.0,0.0,0.115,1.011,0.129,0.132,0.025,34.8,3,203.21
3050,156,15,small,46,0.0,0.0,0.425,0.938,0.21,0.185,0.022,93.8,22,958.89
3051,20,19,micro,13,0.0,0.0,0.568,0.49,0.228,0.039,0.017,85.1,5,642.68
3052,71,1,small,18,0.0,0.0,0.057,1.591,0.244,0.2,0.073,148.5,1,690.93
3053,132,4,large,212,0.02,0.0,0.172,1.008,0.129,0.127,0.06,16.1,4,51.3
3054,113,16,small,34,0.0,0.0,0.09,1.773,0.258,0.246,0.042,0.9,18,1742.79
3055,31,7,micro,14,0.0,0.0,0.081,0.825,0.258,0.202,0.04,17.5,10,946.03
3056,113,9,large,105,0.0,0.0,0.273,1.279,0.244,0.156,0.034,20.0,63,1742.79
3057,76,12,large,358,0.02,0.0,0.259,0.802,0.129,0.069,0.015,16.8,22,161.91
3058,124,8,large,44,0.0,0.0,0.159,0.934,0.228,0.03,0.019,47.3,10,266.9
3059,116,0,medium,19,0.0,0.0,0.716,1.23,0.129,0.087,0.066,58.0,8,143.35
3060,195,12,small,17,0.0,0.0,0.576,1.136,0.129,0.064,0.03,157.2,12,218.18
3061,176,4,small,90,0.01,0.0,0.327,1.079,0.129,0.185,0.054,35.6,15,150.36
3062,0,19,medium,96,0.0,0.0,0.237,1.118,0.129,0.195,0.031,59.7,3,243.89
3063,42,13,micro,3,0.0,0.0,0.151,0.89,0.129,0.134,0.03,77.6,17,132.2
3064,179,16,large,198,0.02,0.0,0.137,1.542,0.383,0.207,0.041,82.4,8,1808.04
3065,116,19,medium,90,0.01,0.0,0.097,0.887,0.129,0.026,0.029,70.7,3,143.35
3066,156,1,micro,6,0.0,0.0,0.176,0.707,0.292,0.189,0.071,132.7,15,958.89
3067,113,2,small,4,0.0,0.0,0.423,2.343,0.387,0.14,0.075,95.2,1,1742.79
3068,162,16,small,2,0.0,0.0,0.561,1.059,0.244,0.061,0.018,31.1,17,472.76
3069,31,17,micro,24,0.0,0.0,0.083,0.978,0.244,0.209,0.027,33.9,20,946.03
3070,156,0,micro,36,0.0,0.0,0.394,0.85,0.244,0.124,0.067,19.7,12,958.89
3071,177,18,micro,14,0.0,0.0,0.25,1.666,0.258,0.086,0.021,123.6,32,634.94
3072,65,9,small,15,0.0,0.0,0.431,1.318,0.163,0.224,0.025,15.6,3,576.08
3073,82,9,micro,5,0.0,0.0,0.018,1.883,0.244,0.188,0.034,4.5,5,650.6
3074,125,17,micro,11,0.0,0.0,0.139,1.508,0.282,0.167,0.033,11.9,34,1326.71
3075,177,5,small,13,0.0,0.0,0.104,1.862,0.228,0.233,0.017,29.2,6,634.94
3076,179,11,medium,49,0.0,0.0,0.123,1.028,0.357,0.109,0.03,19.0,2,1808.04
3077,115,6,small,19,0.0,0.0,0.185,0.759,0.129,0.086,0.023,32.8,3,200.65
3078,135,2,micro,1,0.0,0.0,0.2,1.093,0.292,0.143,0.067,8.6,39,699.2
3079,177,7,small,43,0.0,0.0,0.191,1.074,0.21,0.234,0.022,15.7,1,634.94
3080,58,3,micro,57,0.0,0.0,0.436,0.77,0.129,0.167,0.064,62.1,2,206.7
3081,167,10,small,33,0.0,0.0,0.708,0.978,0.301,0.211,0.024,3.7,10,989.1
3082,65,10,micro,12,0.0,0.0,0.154,0.882,0.228,0.216,0.017,11.1,8,576.08
3083,122,8,micro,7,0.0,0.0,0.313,1.952,0.163,0.103,0.022,16.2,1,603.53
3084,179,3,small,16,0.0,0.0,0.285,1.883,0.352,0.12,0.081,17.1,23,1808.04
3085,113,2,micro,1,0.0,0.0,0.407,1.354,0.387,0.116,0.086,6.8,1,1742.79
3086,20,2,micro,18,0.0,0.0,0.345,0.786,0.21,0.135,0.075,132.7,21,642.68
3087,179,2,large,196,0.01,0.0,0.053,1.212,0.318,0.222,0.081,138.6,5,1808.04
3088,124,5,medium,202,0.02,0.0,0.039,1.272,0.163,0.04,0.028,56.7,7,266.9
3089,12,0,small,58,0.01,0.0,0.117,1.504,0.129,0.013,0.054,12.0,17,189.04
3090,2,1,medium,53,0.01,0.0,0.177,1.074,0.163,0.175,0.066,46.3,23,283.64
3091,65,9,small,18,0.0,0.0,0.34,0.625,0.163,0.132,0.024,36.3,24,576.08
3092,31,3,medium,50,0.0,0.0,0.093,1.371,0.318,0.205,0.074,40.2,1,946.03
3093,127,5,small,11,0.0,0.0,0.114,0.927,0.129,0.146,0.023,77.3,26,84.24
3094,125,7,medium,176,0.0,0.0,0.341,1.096,0.31,0.261,0.038,30.4,12,1326.71
3095,168,0,small,9,0.0,0.0,0.436,0.64,0.163,0.203,0.056,63.0,51,116.12
3096,113,4,large,117,0.0,0.0,0.377,0.881,0.326,0.098,0.078,45.2,17,1742.79
3097,64,15,small,6,0.0,0.0,0.439,0.812,0.21,0.181,0.016,112.4,39,334.46
3098,6,6,micro,13,0.0,0.0,0.154,1.225,0.244,0.122,0.034,24.4,5,719.97
3099,2,3,micro,225,0.01,0.01,0.471,1.504,0.129,0.182,0.056,4.7,18,283.64
3100,179,3,small,19,0.0,0.0,0.315,1.067,0.352,0.278,0.077,46.5,11,1808.04
3101,31,19,micro,3,0.0,0.0,0.376,0.913,0.258,0.14,0.037,3.9,19,946.03
3102,113,2,medium,36,0.0,0.0,0.256,1.361,0.387,0.16,0.075,54.1,14,1742.79
3103,164,18,medium,48,0.0,0.0,0.068,0.612,0.189,0.097,0.028,61.3,13,388.92
3104,179,1,micro,5,0.0,0.0,0.386,0.731,0.352,0.288,0.071,30.4,5,1808.04
3105,51,17,small,74,0.01,0.01,0.477,1.217,0.129,0.013,0.013,8.0,9,100.98
3106,58,10,small,2,0.0,0.0,0.352,1.27,0.129,0.149,0.024,90.0,9,206.7
3107,45,12,small,41,0.0,0.0,0.554,1.061,0.163,0.053,0.029,6.9,42,72.25
3108,36,4,micro,13,0.0,0.0,0.106,1.184,0.129,0.144,0.058,154.3,7,182.89
3109,106,17,small,31,0.0,0.0,0.627,0.96,0.27,0.252,0.021,63.2,5,978.66
3110,131,11,medium,42,0.0,0.0,0.475,1.671,0.129,0.101,0.016,68.9,7,158.95
3111,147,13,small,10,0.0,0.0,0.143,1.66,0.129,0.055,0.029,30.7,21,39.63
3112,73,11,small,2,0.0,0.0,0.336,0.894,0.244,0.201,0.035,128.4,1,709.56
3113,125,2,medium,279,0.02,0.01,0.442,0.95,0.244,0.154,0.079,87.6,12,1326.71
3114,0,16,micro,41,0.0,0.0,0.052,0.54,0.189,0.081,0.031,15.5,7,243.89
3115,179,3,small,34,0.0,0.0,0.069,1.595,0.352,0.128,0.076,34.6,20,1808.04
3116,177,5,medium,165,0.0,0.0,0.111,0.653,0.228,0.185,0.037,3.6,2,634.94
3117,118,13,micro,1,0.0,0.0,0.044,1.391,0.21,0.172,0.023,42.0,5,465.37
3118,59,1,large,275,0.01,0.0,0.27,1.311,0.163,0.083,0.058,4.1,5,393.68
3119,191,18,micro,1,0.0,0.0,0.164,1.136,0.189,0.132,0.027,4.3,9,349.46
3120,166,2,micro,6,0.0,0.0,0.036,1.055,0.244,0.142,0.069,89.0,46,337.67
3121,3,13,small,16,0.0,0.0,0.205,0.814,0.189,0.114,0.018,144.2,1,680.64
3122,109,12,micro,19,0.0,0.0,0.228,0.805,0.163,0.01,0.028,25.7,1,137.77
3123,22,13,medium,76,0.01,0.0,0.321,1.269,0.129,0.087,0.02,68.5,4,158.78
3124,31,8,large,1257,0.15,0.08,0.509,1.255,0.258,0.226,0.021,142.6,14,946.03
3125,0,7,small,16,0.0,0.0,0.135,1.0,0.163,0.1,0.02,16.4,18,243.89
3126,141,19,micro,12,0.0,0.0,0.127,0.972,0.163,0.177,0.03,55.0,19,548.48
3127,64,16,micro,7,0.0,0.0,0.462,0.9,0.228,0.097,0.017,13.4,4,334.46
3128,71,9,micro,24,0.0,0.0,0.527,1.309,0.244,0.154,0.02,30.6,12,690.93
3129,6,3,small,6,0.0,0.0,0.86,0.79,0.228,0.189,0.067,4.3,7,719.97
3130,2,17,medium,705,0.05,0.03,0.527,0.694,0.228,0.195,0.022,158.0,3,283.64
3131,164,12,micro,10,0.0,0.0,0.56,0.962,0.228,0.094,0.028,5.7,4,388.92
3132,135,2,small,21,0.0,0.0,0.356,1.129,0.292,0.1,0.063,100.4,14,699.2
3133,86,3,small,10,0.0,0.0,0.549,0.924,0.21,0.039,0.063,106.6,2,370.7
3134,11,10,small,56,0.0,0.0,0.089,1.335,0.129,0.089,0.016,54.3,15,93.16
3135,161,10,large,84,0.01,0.0,0.218,1.207,0.189,0.143,0.027,205.2,1,326.06
3136,179,8,small,24,0.0,0.0,0.131,1.185,0.31,0.235,0.047,8.4,3,1808.04
3137,113,8,micro,6,0.0,0.0,0.669,1.392,0.333,0.235,0.044,61.4,4,1742.79
3138,31,3,small,12,0.0,0.0,0.124,1.666,0.318,0.164,0.065,2.4,5,946.03
3139,135,5,micro,50,0.0,0.0,0.418,1.31,0.244,0.156,0.03,90.3,1,699.2
3140,12,9,large,485,0.05,0.02,0.411,1.043,0.129,0.197,0.025,37.9,9,189.04
3141,40,1,small,23,0.0,0.0,0.266,0.971,0.163,0.108,0.069,5.7,4,310.59
3142,109,7,micro,1,0.0,0.0,0.182,0.766,0.129,0.069,0.029,29.1,11,137.77
3143,63,4,micro,1,0.0,0.0,0.21,0.849,0.129,0.187,0.064,11.1,2,44.87
3144,179,3,small,51,0.0,0.0,0.194,0.995,0.352,0.197,0.082,30.3,10,1808.04
3145,166,2,large,71,0.0,0.0,0.228,0.767,0.244,0.133,0.055,38.6,3,337.67
3146,67,2,small,21,0.0,0.0,0.144,0.726,0.258,0.176,0.055,37.5,19,404.86
3147,186,3,medium,442,0.04,0.03,0.64,1.449,0.163,0.085,0.07,23.4,3,238.23
3148,86,7,small,27,0.0,0.0,0.276,0.994,0.189,0.172,0.026,157.0,18,370.7
3149,122,2,micro,11,0.0,0.0,0.425,1.599,0.228,0.097,0.075,24.0,14,603.53
3150,120,17,micro,10,0.0,0.0,0.228,0.775,0.163,0.075,0.02,113.4,1,327.35
3151,135,9,micro,4,0.0,0.0,0.564,1.387,0.228,0.083,0.021,25.5,29,699.2
3152,59,10,large,96,0.01,0.0,0.273,0.928,0.21,0.175,0.018,23.8,9,393.68
3153,179,4,micro,13,0.0,0.0,0.33,1.181,0.373,0.253,0.077,191.5,24,1808.04
3154,65,17,small,3,0.0,0.0,0.511,1.838,0.258,0.192,0.027,81.4,3,576.08
3155,137,16,small,15,0.0,0.0,0.204,1.135,0.129,0.201,0.012,38.1,3,107.55
3156,159,0,large,662,0.06,0.03,0.569,1.346,0.189,0.025,0.064,66.9,42,286.16
3157,177,14,medium,88,0.01,0.0,0.169,2.303,0.228,0.207,0.023,97.0,8,634.94
3158,106,3,micro,4,0.0,0.0,0.103,1.642,0.27,0.07,0.066,38.7,7,978.66
3159,149,11,small,6,0.0,0.0,0.459,1.151,0.189,0.195,0.03,55.7,25,199.73
3160,20,17,micro,4,0.0,0.0,0.091,1.152,0.228,0.182,0.026,23.3,20,642.68
3161,161,18,medium,22,0.01,0.0,0.123,1.393,0.163,0.188,0.019,76.7,29,326.06
3162,156,3,medium,72,0.0,0.0,0.351,0.809,0.292,0.161,0.076,13.1,1,958.89
3163,95,18,large,258,0.01,0.0,0.383,0.838,0.129,0.012,0.017,75.3,15,34.35
3164,73,1,small,69,0.01,0.0,0.623,1.143,0.27,0.173,0.067,181.1,2,709.56
3165,86,18,small,17,0.0,0.0,0.531,1.411,0.228,0.209,0.029,46.6,22,370.7
3166,20,15,small,42,0.0,0.0,0.22,1.157,0.228,0.148,0.036,14.9,35,642.68
3167,132,18,medium,122,0.01,0.0,0.076,0.768,0.129,0.141,0.012,10.2,6,51.3
3168,179,7,small,4,0.0,0.0,0.119,1.156,0.368,0.118,0.042,16.9,6,1808.04
3169,138,18,small,24,0.0,0.0,0.396,0.845,0.228,0.174,0.016,6.0,3,334.79
3170,122,16,medium,94,0.01,0.0,0.195,1.225,0.189,0.207,0.026,131.5,14,603.53
3171,195,6,small,7,0.0,0.0,0.322,1.304,0.163,0.157,0.013,55.3,29,218.18
3172,118,6,small,7,0.0,0.0,0.274,1.895,0.21,0.083,0.033,32.7,26,465.37
3173,78,7,micro,6,0.0,0.0,0.418,0.823,0.21,0.206,0.022,2.2,2,162.68
3174,145,11,medium,37,0.0,0.0,0.52,0.736,0.21,0.115,0.026,6.8,3,324.35
3175,113,3,small,6,0.0,0.0,0.466,1.222,0.318,0.16,0.084,28.1,1,1742.79
3176,191,8,micro,1,0.0,0.0,0.097,1.504,0.189,0.135,0.03,5.8,8,349.46
3177,179,1,small,11,0.0,0.0,0.315,1.02,0.352,0.118,0.075,52.9,11,1808.04
3178,181,7,micro,29,0.0,0.0,0.269,0.97,0.129,0.085,0.018,8.9,26,62.98
3179,0,13,micro,40,0.0,0.0,0.278,0.865,0.163,0.152,0.026,38.3,4,243.89
3180,75,11,medium,41,0.0,0.0,0.131,1.216,0.163,0.134,0.032,9.2,1,337.61
3181,126,6,medium,12,0.0,0.0,0.179,1.016,0.163,0.189,0.012,104.2,5,55.12
3182,71,5,micro,25,0.0,0.0,0.214,0.905,0.21,0.082,0.022,80.1,23,690.93
3183,135,6,small,3,0.0,0.0,0.057,0.89,0.282,0.155,0.028,5.9,7,699.2
3184,149,1,micro,30,0.0,0.0,0.191,1.237,0.163,0.179,0.058,207.6,1,199.73
3185,125,5,medium,30,0.0,0.0,0.291,1.301,0.318,0.173,0.043,9.5,21,1326.71
3186,106,14,medium,64,0.0,0.0,0.343,0.842,0.244,0.085,0.037,2.9,2,978.66
3187,144,3,medium,285,0.02,0.0,0.239,0.741,0.163,0.096,0.071,3.9,16,192.46
3188,162,2,small,38,0.0,0.0,0.11,1.145,0.189,0.161,0.074,0.6,8,472.76
3189,144,16,small,18,0.0,0.0,0.408,1.298,0.189,0.143,0.028,19.9,5,192.46
3190,166,4,small,7,0.0,0.0,0.441,0.729,0.21,0.182,0.073,322.8,6,337.67
3191,182,5,small,7,0.0,0.0,0.164,1.684,0.129,0.199,0.024,10.4,24,50.86
3192,22,9,micro,5,0.0,0.0,0.515,2.009,0.129,0.076,0.012,30.9,6,158.78
3193,179,9,micro,3,0.0,0.0,0.108,1.042,0.339,0.257,0.031,25.9,7,1808.04
3194,67,3,small,10,0.0,0.0,0.384,1.06,0.129,0.209,0.056,37.3,3,404.86
3195,120,11,small,32,0.0,0.0,0.113,1.218,0.163,0.144,0.03,27.5,22,327.35
3196,180,13,large,32,0.0,0.0,0.323,0.776,0.189,0.187,0.033,41.0,1,277.46
3197,125,9,small,22,0.0,0.0,0.316,1.579,0.244,0.163,0.042,49.7,7,1326.71
3198,20,17,medium,83,0.0,0.0,0.298,1.161,0.228,0.198,0.018,148.7,11,642.68
3199,113,19,micro,13,0.0,0.0,0.347,0.911,0.31,0.133,0.031,42.1,6,1742.79
3200,179,10,medium,154,0.01,0.0,0.07,1.586,0.368,0.24,0.034,15.1,1,1808.04
3201,96,19,small,11,0.0,0.0,0.549,0.997,0.163,0.137,0.023,214.8,9,199.56
3202,173,12,small,220,0.02,0.01,0.327,1.039,0.189,0.188,0.012,36.3,9,208.75
3203,164,10,micro,26,0.0,0.0,0.255,1.095,0.21,0.123,0.022,24.2,3,388.92
3204,179,17,small,67,0.01,0.0,0.233,0.968,0.292,0.26,0.032,4.6,1,1808.04
3205,65,19,small,3,0.0,0.0,0.176,1.587,0.244,0.211,0.021,15.2,4,576.08
3206,113,19,small,9,0.0,0.0,0.688,1.821,0.31,0.207,0.033,92.7,7,1742.79
3207,75,15,small,64,0.0,0.0,0.393,1.02,0.189,0.151,0.032,36.0,3,337.61
3208,115,9,small,17,0.0,0.0,0.121,0.632,0.163,0.207,0.016,143.8,27,200.65
3209,3,5,small,30,0.0,0.0,0.197,0.801,0.244,0.152,0.031,42.8,3,680.64
3210,59,11,small,52,0.0,0.0,0.304,0.737,0.228,0.193,0.028,104.1,4,393.68
3211,191,15,large,453,0.01,0.0,0.266,1.005,0.129,0.209,0.027,8.5,1,349.46
3212,125,0,medium,175,0.01,0.0,0.102,0.861,0.27,0.22,0.082,12.7,14,1326.71
3213,41,5,micro,4,0.0,0.0,0.264,0.779,0.163,0.033,0.028,41.0,8,176.16
3214,113,7,small,7,0.0,0.0,0.198,1.377,0.31,0.212,0.037,2.4,35,1742.79
3215,145,15,micro,26,0.0,0.0,0.059,1.767,0.189,0.213,0.02,27.3,22,324.35
3216,125,12,medium,63,0.0,0.0,0.326,1.023,0.292,0.087,0.025,38.1,2,1326.71
3217,113,8,small,23,0.0,0.0,0.11,0.824,0.333,0.242,0.034,20.3,1,1742.79
3218,140,18,small,1,0.0,0.0,0.386,1.423,0.163,0.025,0.017,5.3,1,186.32
3219,40,10,micro,38,0.0,0.0,0.269,0.847,0.189,0.2,0.027,2.2,4,310.59
3220,106,14,small,40,0.0,0.0,0.181,0.898,0.244,0.16,0.03,5.9,16,978.66
3221,156,13,small,32,0.0,0.0,0.187,1.034,0.282,0.099,0.025,134.7,6,958.89
3222,122,17,small,45,0.0,0.0,0.081,0.818,0.21,0.172,0.027,104.9,1,603.53
3223,179,16,medium,113,0.0,0.0,0.361,0.791,0.383,0.269,0.033,95.3,2,1808.04
3224,106,19,medium,45,0.0,0.0,0.199,1.23,0.282,0.168,0.022,0.5,6,978.66
3225,31,7,micro,32,0.0,0.0,0.204,2.391,0.258,0.231,0.035,54.6,2,946.03
3226,6,3,micro,18,0.0,0.0,0.052,0.859,0.228,0.073,0.075,7.1,16,719.97
3227,112,15,small,10,0.0,0.0,0.197,0.744,0.163,0.054,0.013,116.5,20,157.63
3228,106,17,micro,1,0.0,0.0,0.127,0.602,0.27,0.112,0.039,14.1,25,978.66
3229,64,1,micro,2,0.0,0.0,0.138,1.363,0.21,0.102,0.062,38.0,11,334.46
3230,125,6,micro,7,0.0,0.0,0.661,1.122,0.292,0.155,0.03,19.0,2,1326.71
3231,64,16,micro,5,0.0,0.0,0.402,0.827,0.228,0.182,0.025,393.4,5,334.46
3232,54,13,medium,98,0.01,0.0,0.344,0.991,0.163,0.174,0.032,65.9,5,416.13
3233,125,15,micro,5,0.0,0.0,0.086,1.236,0.333,0.201,0.03,122.9,2,1326.71
3234,180,10,micro,29,0.0,0.0,0.059,1.255,0.21,0.17,0.016,20.4,5,277.46
3235,52,7,micro,1,0.0,0.0,0.22,1.138,0.163,0.061,0.021,73.8,25,75.42
3236,47,16,large,72,0.0,0.0,0.36,0.993,0.163,0.184,0.032,103.0,21,427.14
3237,113,11,medium,17,0.0,0.0,0.121,1.069,0.378,0.109,0.035,6.6,7,1742.79
3238,31,10,micro,65,0.0,0.0,0.394,1.411,0.27,0.112,0.022,3.0,7,946.03
3239,71,14,medium,71,0.01,0.0,0.261,1.556,0.21,0.142,0.024,26.6,19,690.93
3240,195,3,small,12,0.0,0.0,0.631,0.955,0.129,0.071,0.057,68.8,11,218.18
3241,168,11,micro,1,0.0,0.0,0.247,0.716,0.129,0.034,0.018,8.6,5,116.12
3242,147,6,micro,2,0.0,0.0,0.189,1.081,0.129,0.049,0.021,32.8,5,39.63
3243,3,0,small,11,0.0,0.0,0.272,1.616,0.228,0.117,0.071,92.3,2,680.64
3244,65,14,small,20,0.0,0.0,0.529,1.355,0.228,0.131,0.02,71.2,14,576.08
3245,122,9,medium,424,0.02,0.01,0.454,1.348,0.258,0.079,0.023,10.2,2,603.53
3246,148,18,small,7,0.0,0.0,0.211,0.935,0.129,0.152,0.02,6.9,14,250.12
3247,138,10,micro,27,0.0,0.0,0.349,0.853,0.189,0.116,0.016,241.9,5,334.79
3248,47,0,medium,632,0.06,0.01,0.176,1.466,0.189,0.201,0.068,14.0,17,427.14
3249,108,8,small,25,0.0,0.0,0.22,1.136,0.129,0.133,0.029,0.9,10,192.01
3250,50,3,medium,93,0.0,0.0,0.25,0.691,0.129,0.106,0.07,128.6,2,205.22
3251,179,18,small,23,0.0,0.0,0.744,1.042,0.301,0.274,0.032,28.0,4,1808.04
3252,119,8,medium,92,0.01,0.0,0.692,1.46,0.163,0.101,0.03,27.6,7,314.8
3253,89,10,small,55,0.01,0.0,0.09,1.137,0.163,0.021,0.029,57.9,7,247.96
3254,179,7,micro,49,0.0,0.0,0.209,1.146,0.368,0.298,0.034,3.4,9,1808.04
3255,179,10,small,89,0.01,0.0,0.13,0.898,0.368,0.158,0.043,1.9,9,1808.04
3256,113,1,micro,3,0.0,0.0,0.067,1.645,0.368,0.204,0.083,16.4,53,1742.79
3257,141,9,micro,4,0.0,0.0,0.298,1.366,0.21,0.138,0.033,50.3,3,548.48
3258,73,13,large,159,0.01,0.0,0.396,1.197,0.228,0.091,0.032,21.0,14,709.56
3259,71,7,small,137,0.02,0.01,0.417,1.307,0.228,0.115,0.018,27.7,32,690.93
3260,118,7,small,53,0.0,0.0,0.355,0.684,0.228,0.085,0.035,17.0,10,465.37
3261,172,16,medium,26,0.0,0.0,0.115,0.936,0.129,0.05,0.028,56.1,4,137.4
3262,125,10,medium,3,0.0,0.0,0.403,1.23,0.301,0.199,0.042,10.4,2,1326.71
3263,106,11,large,252,0.01,0.01,0.477,1.428,0.27,0.075,0.031,30.1,24,978.66
3264,137,5,large,103,0.0,0.0,0.278,0.936,0.129,0.089,0.021,41.7,11,107.55
3265,166,9,small,10,0.0,0.0,0.766,1.175,0.189,0.03,0.033,15.5,7,337.67
3266,162,1,micro,6,0.0,0.0,0.616,0.665,0.21,0.151,0.066,18.5,3,472.76
3267,83,8,micro,9,0.0,0.0,0.083,0.881,0.129,0.024,0.017,6.2,7,88.39
3268,179,16,micro,5,0.0,0.0,0.495,1.048,0.383,0.234,0.048,88.2,3,1808.04
3269,3,3,small,34,0.0,0.0,0.186,0.913,0.258,0.075,0.062,60.2,11,680.64
3270,106,15,micro,5,0.0,0.0,0.198,1.43,0.27,0.145,0.036,5.9,5,978.66
3271,179,7,micro,3,0.0,0.0,0.092,1.071,0.368,0.121,0.047,42.1,2,1808.04
3272,144,0,small,8,0.0,0.0,0.231,1.627,0.163,0.16,0.069,50.8,1,192.46
3273,145,19,small,97,0.01,0.0,0.186,0.973,0.21,0.203,0.024,57.2,17,324.35
3274,35,3,small,49,0.0,0.0,0.095,0.864,0.129,0.112,0.054,60.5,4,43.78
3275,122,6,micro,10,0.0,0.0,0.231,1.002,0.228,0.171,0.035,152.0,9,603.53
3276,187,9,small,46,0.0,0.0,0.296,0.899,0.163,0.061,0.029,18.3,8,137.99
3277,54,18,micro,8,0.0,0.0,0.138,1.406,0.228,0.1,0.015,10.8,2,416.13
3278,73,11,medium,47,0.0,0.0,0.35,1.136,0.244,0.191,0.018,46.0,2,709.56
3279,89,18,small,11,0.0,0.0,0.13,0.949,0.163,0.079,0.017,41.3,40,247.96
3280,82,11,small,21,0.0,0.0,0.3,1.412,0.244,0.205,0.036,30.1,4,650.6
3281,125,4,small,9,0.0,0.0,0.223,1.131,0.228,0.226,0.066,4.4,28,1326.71
3282,58,11,medium,87,0.01,0.0,0.031,1.014,0.129,0.083,0.029,31.4,9,206.7
3283,113,2,medium,100,0.01,0.0,0.394,1.458,0.387,0.193,0.088,11.7,3,1742.79
3284,91,2,small,23,0.0,0.0,0.334,0.94,0.189,0.134,0.064,1.4,5,390.98
3285,135,2,small,139,0.01,0.01,0.611,1.233,0.292,0.071,0.067,45.2,29,699.2
3286,59,0,medium,98,0.01,0.0,0.41,0.882,0.21,0.151,0.063,28.4,21,393.68
3287,119,3,micro,5,0.0,0.0,0.16,1.652,0.163,0.043,0.058,26.5,5,314.8
3288,156,7,small,27,0.0,0.0,0.514,1.175,0.258,0.117,0.034,4.1,18,958.89
3289,143,1,micro,16,0.0,0.0,0.306,0.981,0.163,0.068,0.059,22.9,33,178.51
3290,167,0,micro,2,0.0,0.0,0.288,1.097,0.292,0.119,0.065,21.2,8,989.1
3291,185,2,large,70,0.01,0.0,0.228,1.207,0.189,0.122,0.07,79.8,22,303.08
3292,174,18,micro,127,0.02,0.0,0.27,1.223,0.228,0.153,0.018,36.7,23,195.72
3293,179,10,medium,340,0.01,0.01,0.596,0.75,0.368,0.161,0.043,23.3,21,1808.04
3294,3,8,large,42,0.0,0.0,0.481,0.722,0.228,0.06,0.021,5.4,10,680.64
3295,127,9,medium,4,0.0,0.0,0.362,1.047,0.129,0.075,0.023,33.8,2,84.24
3296,65,11,medium,36,0.0,0.0,0.253,0.98,0.189,0.198,0.025,7.5,1,576.08
3297,166,2,medium,291,0.1,0.01,0.096,1.411,0.244,0.033,0.057,16.8,2,337.67
3298,167,11,large,19,0.0,0.0,0.383,0.778,0.282,0.252,0.025,68.0,82,989.1
3299,6,16,micro,29,0.0,0.0,0.199,1.424,0.189,0.111,0.021,19.9,23,719.97
3300,125,11,micro,14,0.0,0.0,0.244,1.167,0.339,0.19,0.034,23.2,8,1326.71
3301,173,17,small,22,0.0,0.0,0.143,1.486,0.228,0.11,0.018,34.9,1,208.75
3302,124,2,small,96,0.0,0.0,0.023,0.691,0.189,0.11,0.057,23.8,3,266.9
3303,101,16,medium,14,0.0,0.0,0.529,0.978,0.129,0.129,0.023,28.0,8,97.45
3304,16,13,small,38,0.0,0.0,0.295,1.003,0.129,0.025,0.018,142.5,2,53.9
3305,154,12,small,33,0.0,0.0,0.259,0.885,0.163,0.155,0.027,22.4,5,198.95
3306,13,11,micro,6,0.0,0.0,0.233,1.049,0.163,0.121,0.013,4.2,1,21.91
3307,125,2,micro,18,0.0,0.0,0.252,1.08,0.244,0.129,0.069,21.5,22,1326.71
3308,179,12,medium,108,0.01,0.0,0.471,1.256,0.318,0.269,0.05,110.7,11,1808.04
3309,98,7,small,9,0.0,0.0,0.288,0.972,0.163,0.079,0.021,22.0,2,149.17
3310,159,1,medium,71,0.0,0.0,0.202,1.005,0.189,0.149,0.056,7.4,3,286.16
3311,164,4,medium,173,0.03,0.0,0.142,2.242,0.189,0.06,0.06,13.1,16,388.92
3312,2,8,small,21,0.0,0.0,0.171,0.783,0.21,0.035,0.03,7.0,14,283.64
3313,179,19,small,19,0.0,0.0,0.244,1.058,0.318,0.272,0.041,5.0,15,1808.04
3314,47,8,micro,4,0.0,0.0,0.215,0.969,0.163,0.15,0.016,43.3,7,427.14
3315,67,2,small,48,0.0,0.0,0.322,0.733,0.258,0.035,0.073,45.9,5,404.86
3316,177,18,small,10,0.0,0.0,0.185,1.016,0.258,0.183,0.027,111.3,1,634.94
3317,141,0,large,134,0.0,0.0,0.263,0.548,0.21,0.202,0.066,142.5,4,548.48
3318,84,2,medium,43,0.0,0.0,0.093,0.783,0.129,0.15,0.054,56.7,5,66.12
3319,20,9,small,8,0.0,0.0,0.364,1.478,0.189,0.143,0.03,19.5,6,642.68
3320,87,1,small,52,0.0,0.0,0.156,1.109,0.163,0.081,0.056,49.3,32,206.18
3321,186,11,medium,53,0.0,0.0,0.187,0.979,0.129,0.206,0.02,43.2,5,238.23
3322,23,3,micro,8,0.0,0.0,0.196,1.345,0.129,0.16,0.064,71.5,6,35.7
3323,172,13,small,16,0.0,0.0,0.204,1.605,0.129,0.087,0.023,7.0,10,137.4
3324,73,2,small,31,0.0,0.0,0.414,1.098,0.189,0.052,0.07,4.2,2,709.56
3325,135,16,micro,14,0.0,0.0,0.157,1.398,0.189,0.064,0.026,16.1,14,699.2
3326,128,14,micro,5,0.0,0.0,0.175,0.952,0.163,0.034,0.025,2.2,3,163.96
3327,73,18,small,31,0.0,0.0,0.485,1.023,0.27,0.19,0.033,92.9,15,709.56
3328,7,1,micro,5,0.0,0.0,0.348,0.63,0.189,0.206,0.064,38.8,21,319.72
3329,34,11,micro,2,0.0,0.0,0.433,1.004,0.189,0.176,0.017,38.7,3,337.83
3330,120,14,micro,1,0.0,0.0,0.264,1.177,0.21,0.067,0.028,76.3,8,327.35
3331,183,18,micro,5,0.0,0.0,0.252,1.142,0.163,0.032,0.029,49.8,25,240.44
3332,179,9,small,32,0.0,0.0,0.436,1.082,0.339,0.204,0.031,51.6,12,1808.04
3333,27,19,large,243,0.01,0.01,0.794,0.872,0.129,0.195,0.013,1.5,15,216.09
3334,177,2,micro,4,0.0,0.0,0.228,1.502,0.301,0.073,0.067,15.6,6,634.94
3335,58,8,micro,18,0.0,0.0,0.242,0.95,0.163,0.039,0.029,79.7,18,206.7
3336,179,5,small,29,0.0,0.0,0.16,1.135,0.346,0.277,0.039,55.8,17,1808.04
3337,156,3,small,33,0.0,0.0,0.135,1.524,0.292,0.249,0.075,262.2,2,958.89
3338,185,5,large,110,0.01,0.0,0.511,0.901,0.21,0.077,0.027,19.4,17,303.08
3339,106,13,small,6,0.0,0.0,0.101,1.034,0.292,0.118,0.028,5.2,2,978.66
3340,154,9,micro,3,0.0,0.0,0.036,1.387,0.163,0.115,0.015,30.4,3,198.95
3341,156,3,medium,43,0.0,0.0,0.43,1.147,0.292,0.129,0.08,67.9,3,958.89
3342,113,0,small,112,0.02,0.0,0.125,1.207,0.282,0.119,0.07,26.3,7,1742.79
3343,191,18,large,325,0.03,0.01,0.33,1.247,0.189,0.082,0.018,52.2,20,349.46
3344,59,6,large,66,0.01,0.0,0.15,0.895,0.228,0.203,0.016,20.9,1,393.68
3345,194,2,medium,124,0.02,0.0,0.217,1.433,0.163,0.206,0.062,137.3,6,176.48
3346,166,2,micro,4,0.0,0.0,0.501,0.567,0.244,0.142,0.066,10.5,29,337.67
3347,125,5,small,6,0.0,0.0,0.133,0.896,0.318,0.229,0.041,7.7,2,1326.71
3348,15,4,large,100,0.01,0.0,0.231,1.171,0.129,0.078,0.063,128.6,6,84.58
3349,65,5,small,35,0.0,0.0,0.187,1.199,0.244,0.135,0.036,46.0,15,576.08
3350,168,4,micro,42,0.0,0.0,0.175,1.049,0.163,0.098,0.06,41.5,13,116.12
3351,153,8,medium,48,0.0,0.0,0.245,1.34,0.163,0.089,0.018,2.3,5,187.21
3352,186,15,micro,9,0.0,0.0,0.36,1.531,0.163,0.185,0.031,11.8,11,238.23
3353,91,0,small,49,0.0,0.0,0.685,0.931,0.189,0.04,0.06,2.5,9,390.98
3354,179,3,small,8,0.0,0.0,0.136,0.791,0.352,0.269,0.073,48.0,4,1808.04
3355,175,14,medium,153,0.01,0.0,0.044,2.249,0.163,0.204,0.034,101.9,13,339.4
3356,186,2,small,29,0.0,0.0,0.227,1.684,0.163,0.032,0.06,11.2,1,238.23
3357,66,14,micro,4,0.0,0.0,0.447,0.896,0.129,0.072,0.027,3.7,8,138.1
3358,113,10,micro,14,0.0,0.0,0.448,1.707,0.301,0.292,0.044,30.3,17,1742.79
3359,17,17,micro,13,0.0,0.0,0.219,1.183,0.163,0.165,0.028,12.8,16,203.21
3360,125,0,micro,1,0.0,0.0,0.079,0.921,0.27,0.08,0.07,6.3,3,1326.71
3361,154,15,small,23,0.0,0.0,0.22,0.942,0.163,0.196,0.028,41.1,2,198.95
3362,59,11,medium,155,0.01,0.01,0.403,1.049,0.228,0.042,0.031,3.4,8,393.68
3363,40,9,medium,150,0.01,0.0,0.071,1.907,0.21,0.022,0.015,54.5,1,310.59
3364,133,2,small,62,0.02,0.01,0.388,1.907,0.189,0.024,0.063,44.7,9,238.31
3365,89,4,micro,3,0.0,0.0,0.405,0.999,0.129,0.037,0.06,110.2,18,247.96
3366,102,15,large,130,0.02,0.0,0.14,1.352,0.129,0.173,0.02,74.0,8,105.35
3367,109,2,micro,9,0.0,0.0,0.336,0.933,0.129,0.095,0.067,70.3,5,137.77
3368,113,10,micro,19,0.0,0.0,0.371,1.108,0.301,0.116,0.034,2.0,21,1742.79
3369,48,4,medium,226,0.01,0.01,0.414,1.413,0.129,0.097,0.057,63.6,1,209.27
3370,122,9,small,15,0.0,0.0,0.258,0.901,0.258,0.136,0.034,71.4,39,603.53
3371,10,5,micro,2,0.0,0.0,0.27,1.032,0.129,0.028,0.023,86.8,23,93.37
3372,27,7,small,68,0.01,0.0,0.522,1.036,0.163,0.151,0.028,27.2,23,216.09
3373,149,16,micro,16,0.0,0.0,0.095,0.734,0.163,0.073,0.016,9.5,16,199.73
3374,154,0,small,17,0.0,0.0,0.111,1.945,0.189,0.027,0.069,36.6,1,198.95
3375,65,18,small,92,0.0,0.0,0.695,1.477,0.228,0.146,0.026,132.7,4,576.08
3376,47,6,small,10,0.0,0.0,0.492,1.517,0.129,0.114,0.027,119.7,15,427.14
3377,7,11,small,16,0.0,0.0,0.345,0.642,0.129,0.027,0.031,128.6,43,319.72
3378,98,4,small,11,0.0,0.0,0.038,1.531,0.21,0.179,0.053,68.1,2,149.17
3379,113,7,large,139,0.01,0.0,0.281,1.382,0.31,0.276,0.044,4.7,1,1742.79
3380,179,9,small,27,0.0,0.0,0.13,1.479,0.339,0.13,0.05,8.0,4,1808.04
3381,0,13,small,2,0.0,0.0,0.292,0.858,0.163,0.197,0.017,15.6,17,243.89
3382,92,17,medium,75,0.01,0.0,0.347,1.235,0.163,0.013,0.029,11.9,14,73.55
3383,98,17,small,43,0.01,0.0,0.11,1.602,0.129,0.175,0.024,28.1,2,149.17
3384,179,6,micro,2,0.0,0.0,0.207,1.046,0.292,0.197,0.032,31.0,10,1808.04
3385,48,1,medium,17,0.0,0.0,0.49,0.762,0.129,0.103,0.07,62.6,5,209.27
3386,9,18,small,27,0.0,0.0,0.092,0.953,0.163,0.146,0.032,177.2,21,255.33
3387,86,0,medium,41,0.0,0.0,0.268,1.054,0.21,0.054,0.074,29.5,26,370.7
3388,125,17,small,239,0.01,0.0,0.341,1.353,0.282,0.145,0.026,66.5,7,1326.71
3389,175,0,small,31,0.0,0.0,0.25,1.453,0.189,0.147,0.057,36.8,12,339.4
3390,65,19,medium,442,0.08,0.01,0.092,2.106,0.244,0.056,0.032,76.1,35,576.08
3391,64,0,small,40,0.0,0.0,0.361,1.033,0.129,0.183,0.072,24.2,7,334.46
3392,73,0,micro,2,0.0,0.0,0.365,1.152,0.21,0.201,0.071,8.0,9,709.56
3393,30,10,medium,91,0.01,0.0,0.243,1.238,0.129,0.105,0.02,70.6,7,81.31
3394,191,13,large,246,0.01,0.01,0.426,1.311,0.189,0.125,0.017,18.5,3,349.46
3395,116,7,small,7,0.0,0.0,0.395,1.163,0.163,0.193,0.025,25.9,5,143.35
3396,66,12,medium,65,0.01,0.0,0.305,1.405,0.163,0.024,0.028,2.8,29,138.1
3397,82,16,small,14,0.0,0.0,0.015,1.553,0.189,0.136,0.027,13.1,2,650.6
3398,176,15,small,32,0.0,0.0,0.133,1.477,0.129,0.196,0.023,113.2,3,150.36
3399,140,17,micro,6,0.0,0.0,0.195,1.159,0.129,0.029,0.014,29.0,4,186.32
3400,119,3,small,52,0.01,0.0,0.417,1.552,0.163,0.153,0.06,88.8,5,314.8
3401,153,4,small,16,0.0,0.0,0.246,0.86,0.129,0.184,0.064,50.6,31,187.21
3402,156,11,medium,100,0.0,0.0,0.071,0.807,0.228,0.148,0.026,1.9,4,958.89
3403,48,14,medium,156,0.01,0.0,0.413,0.67,0.189,0.038,0.03,34.3,4,209.27
3404,36,2,medium,41,0.0,0.0,0.194,0.783,0.129,0.03,0.064,39.3,18,182.89
3405,187,3,small,12,0.0,0.0,0.186,1.957,0.163,0.117,0.052,6.7,10,137.99
3406,47,18,small,47,0.01,0.0,0.143,1.371,0.163,0.126,0.02,72.1,2,427.14
3407,107,0,medium,65,0.0,0.0,0.414,1.611,0.129,0.091,0.063,49.8,3,176.72
3408,192,8,small,87,0.0,0.0,0.671,1.008,0.129,0.051,0.015,83.7,1,183.85
3409,97,4,large,2182,0.1,0.03,0.284,0.784,0.129,0.18,0.062,34.7,23,192.68
3410,113,15,micro,16,0.0,0.0,0.378,0.702,0.339,0.137,0.033,37.4,8,1742.79
3411,164,17,small,29,0.0,0.0,0.383,1.132,0.129,0.061,0.017,70.8,3,388.92
3412,76,4,micro,7,0.0,0.0,0.223,0.592,0.129,0.152,0.068,2.6,14,161.91
3413,105,11,medium,26,0.0,0.0,0.134,2.212,0.129,0.035,0.018,40.9,26,222.31
3414,75,16,large,222,0.01,0.0,0.057,1.488,0.21,0.094,0.027,62.1,8,337.61
3415,69,11,small,7,0.0,0.0,0.195,1.502,0.129,0.192,0.018,55.0,18,77.86
3416,109,12,large,242,0.02,0.0,0.194,0.929,0.163,0.188,0.021,9.8,3,137.77
3417,156,8,micro,21,0.0,0.0,0.555,1.228,0.282,0.225,0.033,149.1,14,958.89
3418,177,13,small,8,0.0,0.0,0.229,1.168,0.163,0.039,0.022,88.1,4,634.94
3419,109,19,small,25,0.0,0.0,0.414,1.042,0.129,0.012,0.018,18.0,1,137.77
3420,73,5,small,3,0.0,0.0,0.545,1.632,0.21,0.04,0.034,29.9,4,709.56
3421,179,4,small,16,0.0,0.0,0.336,0.898,0.373,0.255,0.075,9.1,13,1808.04
3422,75,19,small,11,0.0,0.0,0.165,1.029,0.21,0.212,0.023,46.0,5,337.61
3423,161,1,medium,120,0.0,0.0,0.161,0.92,0.189,0.096,0.066,3.2,1,326.06
3424,156,16,micro,5,0.0,0.0,0.288,0.931,0.189,0.17,0.038,26.3,5,958.89
3425,6,18,small,79,0.0,0.0,0.362,0.677,0.189,0.214,0.021,21.5,10,719.97
3426,43,4,small,21,0.0,0.0,0.303,1.442,0.163,0.059,0.055,43.3,1,109.83
3427,122,8,large,83,0.0,0.0,0.473,0.618,0.163,0.16,0.024,37.9,22,603.53
3428,177,2,large,205,0.01,0.0,0.328,1.374,0.301,0.122,0.071,24.6,26,634.94
3429,125,7,small,9,0.0,0.0,0.426,0.666,0.31,0.172,0.037,9.4,41,1326.71
3430,156,9,small,30,0.0,0.0,0.181,1.483,0.244,0.223,0.028,8.4,1,958.89
3431,156,10,small,3,0.0,0.0,0.616,0.908,0.244,0.208,0.034,1.1,9,958.89
3432,113,2,micro,46,0.0,0.0,0.478,1.021,0.387,0.126,0.087,40.4,51,1742.79
3433,120,8,small,6,0.0,0.0,0.183,1.216,0.163,0.096,0.019,3.0,20,327.35
3434,12,12,micro,2,0.0,0.0,0.629,1.271,0.129,0.14,0.02,90.1,11,189.04
3435,179,10,small,73,0.0,0.0,0.591,0.727,0.368,0.105,0.048,106.5,13,1808.04
3436,140,16,medium,89,0.01,0.0,0.599,1.352,0.129,0.109,0.017,51.7,15,186.32
3437,34,19,small,29,0.0,0.0,0.206,1.529,0.21,0.02,0.015,5.0,6,337.83
3438,59,16,small,17,0.0,0.0,0.405,0.724,0.189,0.167,0.021,169.5,2,393.68
3439,0,0,micro,13,0.0,0.0,0.14,0.997,0.129,0.031,0.067,50.1,9,243.89
3440,65,4,small,52,0.0,0.0,0.301,0.986,0.244,0.174,0.067,46.1,28,576.08
3441,73,1,small,8,0.0,0.0,0.597,0.641,0.27,0.106,0.073,6.5,13,709.56
3442,141,8,small,11,0.0,0.0,0.208,1.033,0.163,0.06,0.02,5.8,1,548.48
3443,112,14,large,125,0.0,0.0,0.377,0.621,0.189,0.061,0.017,9.7,6,157.63
3444,169,0,small,38,0.0,0.0,0.547,1.195,0.163,0.09,0.056,133.8,5,69.84
3445,20,5,micro,3,0.0,0.0,0.534,1.183,0.21,0.042,0.025,85.9,13,642.68
3446,148,1,medium,75,0.0,0.0,0.179,0.833,0.129,0.177,0.058,42.4,3,250.12
3447,177,8,micro,9,0.0,0.0,0.385,0.802,0.163,0.099,0.028,99.7,2,634.94
3448,98,18,micro,3,0.0,0.0,0.505,0.818,0.189,0.021,0.024,11.8,11,149.17
3449,70,8,small,1,0.0,0.0,0.579,0.876,0.163,0.107,0.012,20.7,6,213.02
3450,106,12,small,19,0.0,0.0,0.191,0.957,0.228,0.135,0.036,14.8,1,978.66
3451,162,7,large,44,0.0,0.0,0.261,1.485,0.189,0.145,0.018,12.5,2,472.76
3452,179,14,small,39,0.0,0.0,0.212,1.558,0.318,0.286,0.046,9.5,4,1808.04
3453,9,14,small,30,0.0,0.0,0.448,1.156,0.189,0.211,0.026,9.4,1,255.33
3454,113,2,large,291,0.01,0.0,0.27,0.523,0.387,0.207,0.08,3.8,7,1742.79
3455,133,13,small,30,0.01,0.0,0.499,1.739,0.189,0.114,0.016,8.4,7,238.31
3456,3,7,medium,153,0.01,0.0,0.262,1.084,0.21,0.116,0.021,14.7,12,680.64
3457,46,17,medium,83,0.0,0.0,0.048,1.064,0.129,0.17,0.018,30.6,19,93.63
3458,9,3,small,25,0.0,0.0,0.398,0.915,0.129,0.165,0.059,70.5,6,255.33
3459,70,17,small,28,0.0,0.0,0.749,1.265,0.163,0.178,0.022,2.5,38,213.02
3460,53,10,micro,4,0.0,0.0,0.024,1.924,0.244,0.186,0.018,3.1,5,273.6
3461,113,5,medium,26,0.0,0.0,0.467,1.177,0.339,0.182,0.049,13.8,4,1742.79
3462,135,6,micro,9,0.0,0.0,0.434,1.74,0.282,0.121,0.02,36.6,12,699.2
3463,169,0,micro,23,0.0,0.0,0.399,0.937,0.163,0.014,0.056,1.6,48,69.84
3464,71,18,micro,1,0.0,0.0,0.374,1.348,0.21,0.162,0.032,13.8,5,690.93
3465,6,4,small,13,0.0,0.0,0.387,1.264,0.21,0.106,0.06,18.5,5,719.97
3466,0,18,medium,213,0.03,0.01,0.416,1.34,0.163,0.123,0.022,56.3,16,243.89
3467,171,17,medium,63,0.01,0.01,0.566,1.2,0.129,0.065,0.014,2.4,6,65.64
3468,177,6,small,95,0.01,0.0,0.3,1.086,0.21,0.042,0.02,31.7,38,634.94
3469,21,4,micro,7,0.0,0.0,0.583,0.74,0.129,0.169,0.068,27.8,35,118.42
3470,2,8,medium,138,0.02,0.0,0.206,1.325,0.21,0.021,0.017,9.6,5,283.64
3471,164,18,micro,5,0.0,0.0,0.097,0.993,0.189,0.1,0.018,252.7,8,388.92
3472,133,17,micro,4,0.0,0.0,0.185,1.25,0.189,0.166,0.023,23.9,12,238.31
3473,119,9,small,59,0.01,0.0,0.402,1.169,0.189,0.145,0.033,6.0,12,314.8
3474,114,10,micro,12,0.0,0.0,0.13,1.164,0.129,0.188,0.022,10.3,1,122.44
3475,161,8,small,13,0.0,0.0,0.25,0.805,0.21,0.151,0.031,34.8,15,326.06
3476,71,18,large,381,0.04,0.01,0.398,0.715,0.21,0.168,0.019,126.6,6,690.93
3477,89,19,micro,22,0.0,0.0,0.018,1.16,0.163,0.184,0.016,89.1,1,247.96
3478,17,5,micro,33,0.0,0.0,0.55,0.723,0.129,0.14,0.012,102.0,6,203.21
3479,120,18,small,27,0.0,0.0,0.385,0.917,0.189,0.183,0.021,26.8,2,327.35
3480,185,19,small,49,0.01,0.0,0.396,0.903,0.21,0.177,0.013,20.3,47,303.08
3481,68,9,large,178,0.03,0.01,0.37,2.013,0.129,0.108,0.023,21.8,4,213.07
3482,179,8,small,76,0.01,0.0,0.3,1.361,0.31,0.181,0.048,6.4,6,1808.04
3483,154,17,small,35,0.0,0.0,0.21,0.78,0.129,0.175,0.025,4.9,6,198.95
3484,58,18,small,17,0.0,0.0,0.472,0.93,0.21,0.157,0.019,5.0,16,206.7
3485,136,8,small,20,0.0,0.0,0.288,1.136,0.129,0.097,0.029,61.5,39,67.81
3486,82,9,small,107,0.01,0.0,0.149,0.925,0.244,0.075,0.034,149.2,8,650.6
3487,31,6,micro,5,0.0,0.0,0.277,0.645,0.282,0.138,0.035,218.5,27,946.03
3488,20,4,small,42,0.0,0.0,0.343,0.909,0.163,0.084,0.067,8.2,14,642.68
3489,3,19,medium,39,0.0,0.0,0.426,1.2,0.258,0.119,0.028,17.1,6,680.64
3490,164,3,small,84,0.0,0.0,0.523,1.007,0.189,0.151,0.059,9.0,12,388.92
3491,179,16,small,19,0.0,0.0,0.067,1.198,0.383,0.139,0.035,2.4,3,1808.04
3492,113,8,small,8,0.0,0.0,0.263,1.202,0.333,0.159,0.032,62.5,4,1742.79
3493,113,1,micro,3,0.0,0.0,0.292,0.999,0.368,0.192,0.079,35.3,1,1742.79
3494,143,6,small,10,0.0,0.0,0.025,0.523,0.163,0.034,0.025,66.9,12,178.51
3495,145,1,micro,7,0.0,0.0,0.224,1.057,0.163,0.078,0.062,48.0,10,324.35
3496,73,19,micro,17,0.0,0.0,0.481,0.449,0.21,0.121,0.025,6.9,11,709.56
3497,36,5,medium,44,0.0,0.0,0.136,0.787,0.163,0.161,0.027,12.5,4,182.89
3498,104,14,micro,2,0.0,0.0,0.105,1.59,0.129,0.023,0.02,45.5,11,126.31
3499,144,8,small,22,0.0,0.0,0.596,0.874,0.129,0.142,0.029,141.2,6,192.46
3500,165,13,small,6,0.0,0.0,0.576,1.358,0.163,0.044,0.027,2.6,16,224.25
3501,20,5,large,115,0.0,0.0,0.234,1.269,0.21,0.176,0.028,20.7,5,642.68
3502,124,1,medium,259,0.03,0.01,0.486,0.753,0.189,0.175,0.068,9.2,12,266.9
3503,7,16,micro,1,0.0,0.0,0.601,1.491,0.129,0.05,0.017,29.1,8,319.72
3504,167,14,small,66,0.01,0.0,0.276,1.858,0.258,0.058,0.038,9.9,30,989.1
3505,138,2,small,67,0.01,0.0,0.201,1.351,0.129,0.157,0.067,29.8,10,334.79
3506,144,14,small,10,0.0,0.0,0.24,0.997,0.189,0.177,0.026,44.2,9,192.46
3507,157,11,small,9,0.0,0.0,0.501,1.078,0.163,0.03,0.024,49.5,4,238.37
3508,113,3,small,8,0.0,0.0,0.093,0.796,0.318,0.184,0.08,102.8,5,1742.79
3509,71,16,small,26,0.0,0.0,0.138,1.603,0.163,0.054,0.026,8.6,4,690.93
3510,162,13,large,140,0.0,0.0,0.091,0.778,0.189,0.078,0.017,70.0,9,472.76
3511,161,10,micro,7,0.0,0.0,0.361,0.744,0.189,0.172,0.023,12.9,14,326.06
3512,31,3,medium,195,0.01,0.0,0.105,1.309,0.318,0.197,0.074,137.3,2,946.03
3513,179,10,large,101,0.0,0.0,0.476,0.949,0.368,0.29,0.037,23.0,1,1808.04
3514,55,3,small,52,0.0,0.0,0.257,0.653,0.129,0.185,0.059,18.9,8,376.64
3515,71,3,small,31,0.0,0.0,0.32,1.185,0.21,0.052,0.077,194.7,4,690.93
3516,54,4,small,23,0.0,0.0,0.39,0.954,0.189,0.088,0.066,63.8,3,416.13
3517,186,13,small,63,0.0,0.0,0.166,0.92,0.163,0.034,0.029,63.8,4,238.23
3518,71,13,micro,8,0.0,0.0,0.13,1.303,0.189,0.106,0.036,42.5,12,690.93
3519,190,1,small,9,0.0,0.0,0.217,1.206,0.129,0.176,0.058,26.2,15,94.96
3520,132,13,small,13,0.0,0.0,0.184,0.946,0.129,0.035,0.012,54.8,3,51.3
3521,42,0,small,19,0.0,0.0,0.445,0.989,0.129,0.154,0.069,45.6,12,132.2
3522,119,18,small,34,0.0,0.0,0.442,1.093,0.129,0.052,0.017,35.3,5,314.8
3523,178,15,large,183,0.01,0.0,0.254,1.805,0.163,0.154,0.019,216.0,10,113.9
3524,120,14,small,16,0.0,0.0,0.166,0.561,0.21,0.076,0.032,3.0,27,327.35
3525,31,4,small,13,0.0,0.0,0.222,0.985,0.228,0.134,0.064,60.0,5,946.03
3526,68,19,small,3,0.0,0.0,0.165,0.687,0.163,0.211,0.024,29.4,3,213.07
3527,55,18,small,16,0.0,0.0,0.748,1.638,0.21,0.09,0.022,62.1,6,376.64
3528,31,9,large,314,0.03,0.01,0.407,1.446,0.282,0.119,0.026,45.6,1,946.03
3529,73,0,large,391,0.01,0.0,0.38,0.914,0.21,0.231,0.061,32.0,4,709.56
3530,135,10,small,6,0.0,0.0,0.231,1.102,0.282,0.104,0.031,200.3,7,699.2
3531,86,3,small,5,0.0,0.0,0.122,1.065,0.21,0.054,0.059,2.7,16,370.7
3532,106,11,small,13,0.0,0.0,0.36,1.976,0.27,0.102,0.022,4.2,19,978.66
3533,73,19,medium,129,0.01,0.01,0.729,1.286,0.21,0.131,0.038,160.3,15,709.56
3534,197,15,micro,7,0.0,0.0,0.229,1.228,0.129,0.132,0.018,61.4,12,173.08
3535,124,6,small,49,0.0,0.0,0.342,1.344,0.129,0.17,0.022,117.6,1,266.9
3536,167,7,micro,16,0.0,0.0,0.374,1.208,0.282,0.201,0.027,21.0,1,989.1
3537,106,18,small,5,0.0,0.0,0.198,1.375,0.292,0.075,0.022,74.9,3,978.66
3538,40,2,medium,70,0.0,0.0,0.394,0.738,0.129,0.215,0.058,31.8,3,310.59
3539,172,17,micro,12,0.0,0.0,0.32,0.874,0.129,0.174,0.022,183.6,3,137.4
3540,157,1,small,61,0.0,0.0,0.092,0.896,0.129,0.17,0.065,8.4,10,238.37
3541,73,8,micro,3,0.0,0.0,0.301,0.978,0.228,0.076,0.023,66.7,23,709.56
3542,125,14,small,17,0.0,0.0,0.253,0.913,0.301,0.094,0.04,5.5,7,1326.71
3543,20,7,medium,135,0.01,0.0,0.145,1.384,0.129,0.109,0.024,136.7,2,642.68
3544,3,11,small,170,0.01,0.0,0.172,1.1,0.258,0.058,0.022,1.0,22,680.64
3545,167,9,small,38,0.0,0.0,0.081,1.586,0.292,0.135,0.025,72.7,14,989.1
3546,180,12,medium,74,0.0,0.0,0.296,0.815,0.129,0.121,0.023,36.7,14,277.46
3547,78,3,small,22,0.0,0.0,0.14,1.36,0.163,0.193,0.064,91.9,1,162.68
3548,125,11,medium,658,0.02,0.0,0.173,0.776,0.339,0.263,0.029,15.2,21,1326.71
3549,150,19,small,58,0.0,0.0,0.28,0.74,0.163,0.098,0.02,2.9,23,190.66
3550,156,3,medium,366,0.03,0.0,0.068,1.619,0.292,0.185,0.066,95.8,20,958.89
3551,113,1,medium,118,0.01,0.0,0.383,1.244,0.368,0.146,0.089,27.8,2,1742.79
3552,125,7,medium,39,0.0,0.0,0.194,1.828,0.31,0.118,0.041,64.6,17,1326.71
3553,135,7,micro,10,0.0,0.0,0.48,0.746,0.189,0.227,0.024,1.2,38,699.2
3554,22,2,micro,9,0.0,0.0,0.145,1.042,0.163,0.185,0.056,10.0,2,158.78
3555,135,11,micro,19,0.0,0.0,0.218,1.383,0.163,0.06,0.036,43.3,7,699.2
3556,113,8,micro,11,0.0,0.0,0.124,2.601,0.333,0.265,0.042,51.6,5,1742.79
3557,86,16,micro,4,0.0,0.0,0.571,0.866,0.189,0.058,0.034,74.9,22,370.7
3558,65,8,micro,4,0.0,0.0,0.1,0.956,0.21,0.128,0.034,80.0,1,576.08
3559,132,19,micro,12,0.0,0.0,0.616,0.912,0.129,0.02,0.023,32.5,17,51.3
3560,40,15,micro,27,0.0,0.0,0.3,1.339,0.21,0.122,0.019,29.6,3,310.59
3561,166,9,micro,22,0.0,0.0,0.128,1.093,0.189,0.19,0.033,2.3,7,337.67
3562,41,11,medium,7,0.0,0.0,0.145,1.863,0.129,0.129,0.017,7.2,12,176.16
3563,160,17,micro,65,0.0,0.0,0.257,0.837,0.129,0.126,0.024,149.0,7,56.0
3564,167,15,small,15,0.0,0.0,0.451,1.343,0.27,0.178,0.024,46.1,31,989.1
3565,179,13,large,352,0.02,0.0,0.072,2.547,0.346,0.236,0.047,1.2,34,1808.04
3566,107,5,medium,11,0.0,0.0,0.286,1.105,0.163,0.048,0.02,67.8,12,176.72
3567,9,8,micro,7,0.0,0.0,0.03,1.07,0.163,0.036,0.022,4.3,2,255.33
3568,141,15,medium,187,0.03,0.01,0.412,1.391,0.189,0.094,0.035,34.6,34,548.48
3569,67,12,small,19,0.0,0.0,0.335,1.334,0.163,0.156,0.017,16.6,23,404.86
3570,20,19,micro,2,0.0,0.0,0.049,0.957,0.228,0.111,0.035,25.1,3,642.68
3571,175,17,micro,6,0.0,0.0,0.284,0.771,0.189,0.034,0.027,115.4,1,339.4
3572,31,8,micro,27,0.0,0.0,0.111,0.942,0.258,0.138,0.027,85.7,16,946.03
3573,113,5,large,31,0.0,0.0,0.347,1.505,0.339,0.199,0.043,57.3,7,1742.79
3574,162,2,medium,43,0.0,0.0,0.324,0.768,0.189,0.142,0.057,17.6,4,472.76
3575,50,8,medium,68,0.0,0.0,0.571,1.042,0.189,0.115,0.029,59.7,3,205.22
3576,179,4,small,5,0.0,0.0,0.283,1.326,0.373,0.238,0.079,2.1,25,1808.04
3577,75,0,micro,27,0.0,0.0,0.274,1.058,0.189,0.082,0.056,117.0,1,337.61
3578,90,2,micro,1,0.0,0.0,0.612,1.174,0.129,0.191,0.054,125.9,7,163.54
3579,31,9,micro,3,0.0,0.0,0.063,1.48,0.282,0.136,0.036,9.9,29,946.03
3580,135,17,micro,13,0.0,0.0,0.181,1.089,0.163,0.157,0.028,45.8,26,699.2
3581,113,6,small,68,0.01,0.0,0.186,1.389,0.31,0.199,0.044,59.5,2,1742.79
3582,191,8,micro,22,0.0,0.0,0.505,1.081,0.189,0.149,0.017,89.5,3,349.46
3583,145,7,small,13,0.0,0.0,0.393,1.101,0.163,0.125,0.017,36.1,10,324.35
3584,156,7,small,23,0.0,0.0,0.269,0.707,0.258,0.193,0.036,66.0,9,958.89
3585,50,14,small,22,0.0,0.0,0.69,0.672,0.189,0.123,0.028,18.1,7,205.22
3586,149,10,micro,13,0.0,0.0,0.247,1.347,0.129,0.047,0.028,94.6,12,199.73
3587,119,8,micro,11,0.0,0.0,0.07,1.305,0.163,0.177,0.032,29.4,4,314.8
3588,91,18,small,9,0.0,0.0,0.27,1.222,0.21,0.144,0.015,1.2,21,390.98
3589,162,5,micro,6,0.0,0.0,0.169,1.74,0.189,0.146,0.031,5.3,5,472.76
3590,191,16,small,60,0.0,0.0,0.426,1.355,0.129,0.117,0.022,29.8,7,349.46
3591,20,10,micro,7,0.0,0.0,0.208,0.909,0.244,0.197,0.032,61.2,19,642.68
3592,162,8,large,219,0.02,0.0,0.259,1.363,0.163,0.07,0.035,62.3,13,472.76
3593,179,1,small,13,0.0,0.0,0.37,1.074,0.352,0.204,0.076,55.7,12,1808.04
3594,73,17,large,193,0.01,0.0,0.198,0.861,0.21,0.123,0.019,5.8,2,709.56
3595,82,5,small,27,0.0,0.0,0.195,1.082,0.189,0.233,0.024,19.8,4,650.6
3596,164,13,medium,97,0.01,0.0,0.318,1.101,0.163,0.06,0.024,1.6,3,388.92
3597,184,17,small,7,0.0,0.0,0.349,0.917,0.163,0.15,0.021,84.9,4,118.69
3598,179,10,small,5,0.0,0.0,0.279,2.066,0.368,0.271,0.047,10.8,8,1808.04
3599,7,12,micro,7,0.0,0.0,0.375,0.795,0.163,0.103,0.022,71.0,4,319.72
3600,177,6,small,23,0.0,0.0,0.393,0.775,0.21,0.061,0.018,10.2,1,634.94
3601,124,14,small,48,0.0,0.0,0.531,0.799,0.129,0.124,0.013,32.9,10,266.9
3602,98,13,micro,12,0.0,0.0,0.053,0.67,0.163,0.082,0.019,91.1,1,149.17
3603,172,8,small,8,0.0,0.0,0.113,1.878,0.129,0.162,0.028,56.3,15,137.4
3604,164,12,micro,11,0.0,0.0,0.328,0.796,0.228,0.06,0.02,80.9,60,388.92
3605,113,5,small,43,0.0,0.0,0.266,1.263,0.339,0.21,0.047,44.2,15,1742.79
3606,95,13,micro,6,0.0,0.0,0.493,1.331,0.129,0.184,0.028,123.2,3,34.35
3607,111,13,medium,217,0.02,0.01,0.703,1.566,0.163,0.064,0.021,75.5,4,144.53
3608,73,8,medium,83,0.0,0.0,0.318,1.183,0.228,0.156,0.038,4.8,33,709.56
3609,141,4,small,30,0.0,0.0,0.103,0.875,0.21,0.181,0.063,3.5,29,548.48
3610,179,16,micro,15,0.0,0.0,0.591,0.583,0.383,0.205,0.042,67.6,4,1808.04
3611,64,15,micro,14,0.0,0.0,0.422,1.078,0.21,0.101,0.014,80.9,5,334.46
3612,167,1,small,10,0.0,0.0,0.25,1.34,0.282,0.131,0.061,30.6,1,989.1
3613,82,9,small,58,0.0,0.0,0.47,0.595,0.244,0.172,0.029,17.1,45,650.6
3614,31,1,medium,32,0.0,0.0,0.198,1.207,0.258,0.241,0.072,78.2,20,946.03
3615,6,6,micro,9,0.0,0.0,0.335,0.866,0.244,0.085,0.032,5.4,15,719.97
3616,113,8,small,17,0.0,0.0,0.456,1.789,0.333,0.152,0.038,20.1,2,1742.79
3617,122,3,micro,1,0.0,0.0,0.346,0.942,0.21,0.205,0.071,23.2,4,603.53
3618,1,9,small,5,0.0,0.0,0.168,1.301,0.129,0.176,0.02,1.4,2,129.25
3619,135,14,small,21,0.0,0.0,0.486,1.956,0.189,0.055,0.037,3.2,5,699.2
3620,113,8,medium,103,0.0,0.0,0.171,1.583,0.333,0.235,0.041,9.7,20,1742.79
3621,198,4,small,13,0.0,0.0,0.514,1.316,0.129,0.149,0.058,51.1,9,157.31
3622,23,8,small,44,0.0,0.0,0.175,0.986,0.129,0.035,0.025,194.2,3,35.7
3623,145,11,small,5,0.0,0.0,0.163,1.045,0.21,0.214,0.024,63.1,3,324.35
3624,54,18,micro,2,0.0,0.0,0.279,0.888,0.228,0.178,0.019,34.2,12,416.13
3625,53,9,small,15,0.0,0.0,0.725,0.722,0.129,0.179,0.017,29.6,12,273.6
3626,3,17,small,11,0.0,0.0,0.335,0.98,0.163,0.235,0.029,180.3,8,680.64
3627,1,19,small,35,0.0,0.0,0.202,1.441,0.129,0.11,0.015,27.3,5,129.25
3628,47,11,micro,26,0.0,0.0,0.154,0.778,0.21,0.209,0.025,62.2,13,427.14
3629,42,2,small,16,0.0,0.0,0.091,1.247,0.129,0.143,0.066,19.9,24,132.2
3630,0,17,micro,22,0.0,0.0,0.426,1.375,0.129,0.099,0.023,52.5,6,243.89
3631,150,17,small,12,0.0,0.0,0.349,1.468,0.129,0.047,0.023,51.6,7,190.66
3632,113,17,small,54,0.0,0.0,0.296,0.969,0.326,0.12,0.047,11.3,8,1742.79
3633,90,19,micro,5,0.0,0.0,0.088,0.779,0.189,0.126,0.026,29.0,30,163.54
3634,22,5,micro,4,0.0,0.0,0.2,0.913,0.129,0.205,0.024,48.4,28,158.78
3635,75,6,micro,2,0.0,0.0,0.388,0.772,0.21,0.123,0.033,7.1,2,337.61
3636,109,13,small,41,0.0,0.0,0.027,0.817,0.129,0.064,0.027,3.9,13,137.77
3637,198,11,medium,94,0.01,0.0,0.608,1.103,0.163,0.184,0.031,10.0,10,157.31
3638,113,17,large,348,0.05,0.01,0.254,1.224,0.326,0.185,0.046,11.6,3,1742.79
3639,3,5,medium,47,0.0,0.0,0.136,1.333,0.244,0.043,0.023,10.1,1,680.64
3640,53,13,medium,224,0.01,0.0,0.22,0.664,0.189,0.162,0.018,84.6,35,273.6
3641,82,18,micro,5,0.0,0.0,0.211,1.097,0.244,0.235,0.034,112.3,12,650.6
3642,106,4,small,136,0.01,0.0,0.18,1.229,0.258,0.196,0.071,97.2,14,978.66
3643,140,6,micro,11,0.0,0.0,0.084,1.182,0.21,0.127,0.02,112.5,32,186.32
3644,125,8,medium,68,0.0,0.0,0.549,1.4,0.282,0.253,0.025,95.6,3,1326.71
3645,113,1,medium,31,0.0,0.0,0.457,0.826,0.368,0.23,0.089,153.9,7,1742.79
3646,167,3,medium,56,0.0,0.0,0.179,1.153,0.244,0.189,0.061,17.0,1,989.1
3647,48,7,small,12,0.0,0.0,0.076,1.291,0.163,0.028,0.013,8.4,4,209.27
3648,17,1,medium,51,0.0,0.0,0.528,0.89,0.163,0.203,0.064,64.7,2,203.21
3649,167,7,small,62,0.0,0.0,0.071,0.821,0.282,0.239,0.032,21.3,7,989.1
3650,106,4,small,67,0.0,0.0,0.321,0.898,0.258,0.23,0.073,127.9,5,978.66
3651,119,17,small,25,0.0,0.0,0.681,1.461,0.163,0.126,0.016,18.1,15,314.8
3652,167,12,large,354,0.03,0.01,0.34,1.91,0.244,0.254,0.03,7.4,8,989.1
3653,180,17,small,9,0.0,0.0,0.116,1.248,0.163,0.159,0.016,29.1,9,277.46
3654,118,4,large,167,0.01,0.0,0.341,1.383,0.189,0.072,0.071,28.3,15,465.37
3655,166,1,small,4,0.0,0.0,0.361,1.477,0.129,0.04,0.066,37.0,6,337.67
3656,118,7,medium,114,0.01,0.0,0.484,0.675,0.228,0.042,0.02,101.9,11,465.37
3657,5,1,large,178,0.0,0.0,0.067,0.926,0.129,0.165,0.056,172.3,16,117.43
3658,185,17,small,12,0.0,0.0,0.258,0.615,0.189,0.077,0.021,33.2,3,303.08
3659,167,3,micro,28,0.0,0.0,0.311,0.95,0.244,0.202,0.069,36.5,13,989.1
3660,156,2,micro,2,0.0,0.0,0.535,1.274,0.189,0.078,0.064,6.4,5,958.89
3661,106,15,small,12,0.0,0.0,0.288,0.98,0.27,0.249,0.022,76.3,6,978.66
3662,180,14,small,6,0.0,0.0,0.154,1.474,0.163,0.017,0.028,27.5,9,277.46
3663,113,1,medium,250,0.04,0.01,0.262,1.433,0.368,0.251,0.079,50.6,4,1742.79
3664,151,10,micro,2,0.0,0.0,0.239,1.8,0.129,0.012,0.021,28.7,3,209.86
3665,21,8,medium,72,0.0,0.0,0.249,0.804,0.163,0.202,0.029,104.8,2,118.42
3666,54,7,micro,56,0.0,0.0,0.818,0.987,0.189,0.203,0.021,50.4,36,416.13
3667,101,2,small,9,0.0,0.0,0.277,0.818,0.129,0.031,0.069,32.5,14,97.45
3668,122,15,small,18,0.0,0.0,0.29,1.491,0.228,0.088,0.018,25.5,27,603.53
3669,166,4,small,4,0.0,0.0,0.612,1.51,0.21,0.035,0.068,67.3,2,337.67
3670,59,9,micro,32,0.0,0.0,0.134,0.963,0.189,0.167,0.027,26.7,5,393.68
3671,161,17,medium,104,0.0,0.0,0.31,1.032,0.189,0.122,0.019,28.0,4,326.06
3672,179,6,small,38,0.0,0.0,0.177,1.456,0.292,0.158,0.032,46.5,5,1808.04
3673,167,0,small,18,0.0,0.0,0.283,1.169,0.292,0.082,0.063,3.3,7,989.1
3674,125,17,micro,4,0.0,0.0,0.16,1.227,0.282,0.201,0.042,1.7,13,1326.71
3675,166,9,medium,74,0.01,0.0,0.498,1.846,0.189,0.033,0.02,10.2,17,337.67
3676,177,9,small,66,0.01,0.0,0.326,1.357,0.244,0.05,0.023,1.2,21,634.94
3677,119,11,small,89,0.01,0.0,0.267,1.154,0.163,0.133,0.031,68.3,22,314.8
3678,166,3,micro,31,0.0,0.0,0.421,0.701,0.189,0.16,0.056,58.9,2,337.67
3679,98,14,large,444,0.01,0.0,0.119,0.981,0.129,0.155,0.014,63.6,2,149.17
3680,113,4,micro,4,0.0,0.0,0.182,1.666,0.326,0.247,0.072,9.3,16,1742.79
3681,6,6,small,20,0.0,0.0,0.222,0.762,0.244,0.135,0.036,3.2,1,719.97
3682,178,12,small,18,0.0,0.0,0.294,0.841,0.129,0.179,0.019,0.6,8,113.9
3683,31,14,micro,12,0.0,0.0,0.304,1.068,0.258,0.097,0.032,32.1,2,946.03
3684,67,14,large,604,0.04,0.01,0.316,0.802,0.21,0.071,0.025,80.1,10,404.86
3685,73,1,micro,6,0.0,0.0,0.105,1.273,0.27,0.078,0.076,1.9,14,709.56
3686,29,15,medium,52,0.0,0.0,0.489,1.237,0.129,0.189,0.012,6.9,68,110.86
3687,179,13,small,15,0.0,0.0,0.235,0.966,0.346,0.285,0.05,58.4,8,1808.04
3688,189,12,micro,12,0.0,0.0,0.233,0.868,0.129,0.043,0.026,60.7,8,32.63
3689,176,19,small,22,0.0,0.0,0.448,0.974,0.189,0.083,0.02,9.1,11,150.36
3690,78,6,medium,52,0.01,0.0,0.112,1.717,0.129,0.139,0.016,11.4,1,162.68
3691,7,13,small,15,0.0,0.0,0.179,0.793,0.129,0.037,0.019,72.4,8,319.72
3692,47,11,micro,8,0.0,0.0,0.375,1.344,0.21,0.153,0.03,9.2,8,427.14
3693,160,7,micro,3,0.0,0.0,0.403,1.032,0.129,0.065,0.03,23.4,5,56.0
3694,68,15,small,4,0.0,0.0,0.062,0.958,0.163,0.207,0.015,80.4,11,213.07
3695,179,8,medium,12,0.0,0.0,0.253,0.816,0.31,0.275,0.038,82.7,1,1808.04
3696,167,11,micro,41,0.0,0.0,0.177,1.133,0.282,0.241,0.033,3.9,6,989.1
3697,59,11,small,29,0.0,0.0,0.31,1.14,0.228,0.127,0.026,22.6,1,393.68
3698,143,10,small,4,0.0,0.0,0.426,1.383,0.163,0.104,0.03,70.3,2,178.51
3699,106,9,large,960,0.02,0.01,0.481,0.886,0.292,0.193,0.033,17.4,26,978.66
3700,54,3,small,9,0.0,0.0,0.183,1.241,0.258,0.171,0.06,7.6,5,416.13
3701,125,4,micro,59,0.0,0.0,0.63,0.946,0.228,0.207,0.066,65.7,2,1326.71
3702,167,2,small,6,0.0,0.0,0.483,1.33,0.21,0.233,0.068,19.9,7,989.1
3703,179,14,medium,73,0.0,0.0,0.38,1.147,0.318,0.122,0.048,66.4,14,1808.04
3704,7,14,micro,20,0.0,0.0,0.56,1.05,0.163,0.192,0.03,24.9,3,319.72
3705,98,12,small,18,0.0,0.0,0.397,1.911,0.129,0.068,0.015,28.1,6,149.17
3706,125,18,medium,26,0.0,0.0,0.088,1.024,0.292,0.176,0.034,34.5,2,1326.71
3707,75,5,medium,85,0.01,0.0,0.102,1.253,0.163,0.042,0.032,8.0,1,337.61
3708,73,16,large,919,0.03,0.01,0.458,0.924,0.228,0.116,0.036,72.5,8,709.56
3709,160,3,micro,3,0.0,0.0,0.222,1.37,0.129,0.089,0.054,11.2,4,56.0
3710,162,1,small,19,0.0,0.0,0.033,0.842,0.21,0.044,0.056,9.3,9,472.76
3711,154,0,medium,177,0.0,0.0,0.281,0.736,0.189,0.023,0.063,71.6,11,198.95
3712,179,11,small,20,0.0,0.0,0.242,0.899,0.357,0.107,0.04,37.3,5,1808.04
3713,113,15,large,271,0.01,0.0,0.154,0.691,0.339,0.15,0.043,20.9,9,1742.79
3714,162,16,small,30,0.0,0.0,0.408,0.971,0.244,0.12,0.029,31.7,3,472.76
3715,2,9,small,33,0.0,0.0,0.192,0.604,0.129,0.069,0.028,28.6,3,283.64
3716,194,1,micro,2,0.0,0.0,0.404,0.856,0.129,0.058,0.066,70.8,3,176.48
3717,179,0,micro,13,0.0,0.0,0.16,1.159,0.31,0.299,0.089,76.1,1,1808.04
3718,168,18,micro,18,0.0,0.0,0.049,1.142,0.129,0.134,0.026,75.6,2,116.12
3719,124,1,small,6,0.0,0.0,0.243,1.312,0.189,0.101,0.071,31.9,14,266.9
3720,118,15,medium,127,0.01,0.0,0.365,1.514,0.163,0.189,0.025,60.3,20,465.37
3721,34,1,micro,19,0.0,0.0,0.092,0.841,0.244,0.126,0.069,0.3,9,337.83
3722,7,3,micro,33,0.0,0.0,0.254,1.585,0.129,0.114,0.055,5.2,4,319.72
3723,64,3,large,104,0.0,0.0,0.142,0.867,0.163,0.205,0.054,65.3,1,334.46
3724,34,5,micro,30,0.0,0.0,0.468,0.962,0.129,0.027,0.031,25.1,15,337.83
3725,120,8,small,52,0.0,0.0,0.258,1.224,0.163,0.211,0.021,1.6,2,327.35
3726,75,2,medium,53,0.0,0.0,0.051,1.029,0.21,0.18,0.069,68.7,9,337.61
3727,88,19,small,79,0.01,0.0,0.216,0.92,0.129,0.162,0.013,5.7,20,87.38
3728,3,0,small,12,0.0,0.0,0.013,0.63,0.228,0.207,0.058,67.4,3,680.64
3729,118,15,small,29,0.0,0.0,0.22,1.264,0.163,0.157,0.029,5.8,17,465.37
3730,135,10,micro,5,0.0,0.0,0.722,0.991,0.282,0.136,0.025,27.4,7,699.2
3731,75,1,large,53,0.0,0.0,0.677,1.415,0.163,0.179,0.06,60.9,1,337.61
3732,31,2,small,16,0.0,0.0,0.096,1.935,0.189,0.224,0.061,72.5,1,946.03
3733,145,11,medium,100,0.0,0.0,0.309,0.764,0.21,0.098,0.019,2.7,6,324.35
3734,31,6,small,31,0.0,0.0,0.405,1.92,0.282,0.149,0.038,32.5,11,946.03
3735,167,9,medium,31,0.0,0.0,0.688,1.169,0.292,0.196,0.032,56.8,6,989.1
3736,118,10,micro,20,0.0,0.0,0.044,0.853,0.189,0.055,0.022,79.1,13,465.37
3737,59,11,medium,34,0.0,0.0,0.275,1.228,0.228,0.036,0.024,69.0,7,393.68
3738,179,11,micro,29,0.0,0.0,0.55,1.557,0.357,0.199,0.042,12.6,2,1808.04
3739,31,1,micro,42,0.0,0.0,0.412,1.816,0.258,0.096,0.063,46.5,3,946.03
3740,125,14,small,8,0.0,0.0,0.165,0.706,0.301,0.199,0.038,47.1,8,1326.71
3741,125,5,micro,10,0.0,0.0,0.441,1.808,0.318,0.209,0.042,59.5,21,1326.71
3742,6,2,large,398,0.02,0.01,0.266,1.269,0.258,0.124,0.074,2.3,3,719.97
3743,125,2,small,3,0.0,0.0,0.317,0.702,0.244,0.076,0.076,78.6,14,1326.71
3744,144,4,small,17,0.0,0.0,0.336,1.024,0.129,0.057,0.054,6.5,29,192.46
3745,179,12,micro,7,0.0,0.0,0.206,1.528,0.318,0.251,0.046,63.7,6,1808.04
3746,148,9,micro,44,0.01,0.0,0.354,1.187,0.163,0.096,0.016,58.0,8,250.12
3747,113,2,micro,19,0.0,0.0,0.379,0.932,0.387,0.161,0.07,19.7,5,1742.79
3748,174,0,medium,32,0.0,0.0,0.342,1.783,0.163,0.112,0.056,142.3,3,195.72
3749,82,0,medium,18,0.0,0.0,0.129,1.078,0.21,0.137,0.074,207.6,12,650.6
3750,174,8,small,40,0.0,0.0,0.292,2.088,0.129,0.035,0.027,34.3,1,195.72
3751,170,15,micro,1,0.0,0.0,0.25,0.675,0.163,0.106,0.02,190.4,23,60.98
3752,125,11,micro,5,0.0,0.0,0.25,0.895,0.339,0.258,0.025,0.3,36,1326.71
3753,78,16,small,2,0.0,0.0,0.419,0.806,0.129,0.077,0.02,219.8,16,162.68
3754,125,6,small,10,0.0,0.0,0.108,0.986,0.292,0.179,0.032,46.8,12,1326.71
3755,179,2,medium,28,0.0,0.0,0.3,1.103,0.318,0.217,0.082,51.5,64,1808.04
3756,131,16,large,462,0.05,0.01,0.218,1.572,0.163,0.198,0.028,24.6,15,158.95
3757,168,14,micro,3,0.0,0.0,0.571,1.136,0.163,0.148,0.018,12.0,1,116.12
3758,78,11,small,3,0.0,0.0,0.071,1.355,0.129,0.174,0.027,35.0,16,162.68
3759,70,17,micro,10,0.0,0.0,0.415,0.654,0.163,0.126,0.024,26.6,3,213.02
3760,64,12,micro,8,0.0,0.0,0.029,0.659,0.163,0.16,0.014,11.2,3,334.46
3761,113,10,small,67,0.01,0.0,0.175,1.07,0.301,0.157,0.039,68.5,15,1742.79
3762,105,10,small,82,0.01,0.0,0.528,1.036,0.21,0.148,0.016,33.5,4,222.31
3763,174,12,small,4,0.0,0.0,0.275,0.988,0.163,0.147,0.02,80.7,1,195.72
3764,27,10,micro,31,0.0,0.0,0.314,0.961,0.129,0.119,0.015,21.6,21,216.09
3765,119,5,large,595,0.03,0.02,0.52,1.234,0.129,0.152,0.025,66.1,23,314.8
3766,91,19,micro,6,0.0,0.0,0.067,1.36,0.244,0.093,0.022,79.0,8,390.98
3767,179,19,large,63,0.01,0.0,0.261,1.978,0.318,0.149,0.037,2.1,9,1808.04
3768,162,3,small,30,0.0,0.0,0.181,1.278,0.189,0.08,0.059,37.5,10,472.76
3769,105,10,micro,4,0.0,0.0,0.595,1.072,0.21,0.075,0.024,83.9,47,222.31
3770,133,15,medium,121,0.01,0.0,0.186,2.372,0.163,0.048,0.014,9.5,5,238.31
3771,156,1,micro,4,0.0,0.0,0.037,0.88,0.292,0.125,0.063,55.1,20,958.89
3772,12,2,small,5,0.0,0.0,0.515,1.01,0.129,0.053,0.068,76.0,15,189.04
3773,140,10,micro,9,0.0,0.0,0.466,0.815,0.163,0.059,0.024,2.0,15,186.32
3774,31,0,micro,3,0.0,0.0,0.075,1.018,0.21,0.142,0.066,15.2,11,946.03
3775,47,16,medium,60,0.0,0.0,0.1,0.887,0.163,0.108,0.03,2.2,8,427.14
3776,106,17,small,92,0.01,0.0,0.333,1.184,0.27,0.06,0.033,16.8,4,978.66
3777,191,14,small,23,0.0,0.0,0.345,1.031,0.129,0.107,0.017,9.3,5,349.46
3778,183,16,micro,2,0.0,0.0,0.09,0.858,0.129,0.057,0.016,28.9,9,240.44
3779,179,13,micro,31,0.0,0.0,0.343,1.371,0.346,0.227,0.04,29.2,15,1808.04
3780,5,2,large,59,0.0,0.0,0.136,0.943,0.129,0.111,0.063,21.8,13,117.43
3781,174,0,medium,15,0.0,0.0,0.407,1.125,0.163,0.075,0.055,62.9,7,195.72
3782,161,16,small,14,0.0,0.0,0.056,1.41,0.189,0.2,0.026,131.8,2,326.06
3783,113,14,small,10,0.0,0.0,0.323,1.305,0.326,0.271,0.034,24.2,3,1742.79
3784,73,7,large,54,0.0,0.0,0.277,0.658,0.189,0.21,0.028,25.3,3,709.56
3785,156,15,small,219,0.01,0.0,0.067,0.613,0.21,0.097,0.03,24.3,12,958.89
3786,25,1,medium,207,0.01,0.0,0.04,1.576,0.129,0.085,0.068,42.0,6,165.82
3787,135,6,micro,2,0.0,0.0,0.208,0.938,0.282,0.083,0.022,76.8,9,699.2
3788,138,6,small,34,0.0,0.0,0.223,1.299,0.21,0.151,0.017,47.7,7,334.79
3789,119,2,medium,36,0.0,0.0,0.077,1.213,0.129,0.103,0.06,13.7,3,314.8
3790,177,14,medium,70,0.0,0.0,0.552,1.563,0.228,0.214,0.037,149.1,3,634.94
3791,73,15,small,88,0.0,0.0,0.247,1.644,0.244,0.079,0.026,19.5,3,709.56
3792,113,11,micro,9,0.0,0.0,0.395,1.239,0.378,0.292,0.045,7.5,7,1742.79
3793,156,8,small,26,0.0,0.0,0.505,0.617,0.282,0.138,0.039,2.0,16,958.89
3794,150,12,medium,31,0.0,0.0,0.549,0.993,0.163,0.149,0.019,22.3,14,190.66
3795,120,17,medium,92,0.01,0.0,0.108,0.667,0.163,0.203,0.016,44.8,4,327.35
3796,66,7,small,54,0.0,0.0,0.158,1.279,0.163,0.07,0.02,59.5,3,138.1
3797,71,6,micro,20,0.0,0.0,0.312,1.077,0.21,0.071,0.036,92.0,11,690.93
3798,156,12,micro,11,0.0,0.0,0.393,1.63,0.228,0.084,0.022,16.2,2,958.89
3799,1,13,micro,27,0.0,0.0,0.351,1.296,0.129,0.171,0.024,58.9,6,129.25
3800,135,9,small,3,0.0,0.0,0.571,0.954,0.228,0.05,0.022,31.6,1,699.2
3801,62,17,small,136,0.01,0.0,0.339,0.945,0.129,0.175,0.026,41.4,6,49.09
3802,139,7,micro,2,0.0,0.0,0.282,1.24,0.129,0.154,0.014,13.0,29,43.34
3803,47,12,large,1157,0.04,0.02,0.37,0.429,0.189,0.21,0.033,115.9,2,427.14
3804,86,13,small,8,0.0,0.0,0.522,1.187,0.163,0.03,0.018,71.0,1,370.7
3805,156,5,micro,18,0.0,0.0,0.435,1.456,0.21,0.146,0.021,0.2,46,958.89
3806,156,0,micro,6,0.0,0.0,0.535,1.292,0.244,0.158,0.063,35.3,5,958.89
3807,53,16,micro,22,0.0,0.0,0.337,1.175,0.129,0.063,0.024,40.4,8,273.6
3808,86,9,small,26,0.0,0.0,0.309,0.724,0.163,0.039,0.015,69.9,22,370.7
3809,113,1,medium,91,0.01,0.0,0.336,1.008,0.368,0.18,0.08,40.9,6,1742.79
3810,124,19,micro,5,0.0,0.0,0.254,0.996,0.129,0.058,0.016,72.2,6,266.9
3811,156,5,micro,9,0.0,0.0,0.336,0.576,0.21,0.183,0.031,109.3,20,958.89
3812,3,9,micro,37,0.0,0.0,0.117,1.757,0.228,0.062,0.037,50.4,4,680.64
3813,28,9,small,51,0.0,0.0,0.29,0.769,0.129,0.064,0.022,88.2,21,81.4
3814,36,7,small,21,0.0,0.0,0.262,1.291,0.129,0.024,0.019,125.3,15,182.89
3815,47,3,small,115,0.0,0.0,0.244,0.925,0.228,0.207,0.057,13.7,7,427.14
3816,3,14,micro,11,0.0,0.0,0.15,1.512,0.258,0.109,0.031,3.7,7,680.64
3817,179,3,micro,26,0.0,0.0,0.259,1.891,0.352,0.292,0.085,0.3,7,1808.04
3818,39,13,large,144,0.01,0.0,0.362,0.862,0.189,0.057,0.027,44.9,34,180.7
3819,12,16,small,7,0.0,0.0,0.197,0.991,0.163,0.164,0.02,0.4,9,189.04
3820,109,0,small,37,0.0,0.0,0.19,1.816,0.129,0.163,0.055,55.9,2,137.77
3821,180,14,medium,134,0.01,0.0,0.434,1.19,0.163,0.191,0.022,42.7,12,277.46
3822,186,12,medium,110,0.01,0.0,0.085,1.592,0.21,0.094,0.023,2.2,59,238.23
3823,140,3,small,3,0.0,0.0,0.358,1.149,0.129,0.072,0.062,77.4,10,186.32
3824,43,12,micro,13,0.0,0.0,0.23,0.929,0.163,0.016,0.018,62.1,13,109.83
3825,0,8,large,274,0.02,0.0,0.071,0.983,0.189,0.019,0.018,12.8,6,243.89
3826,75,1,micro,3,0.0,0.0,0.279,0.896,0.163,0.186,0.06,28.4,5,337.61
3827,31,10,large,175,0.01,0.0,0.295,0.961,0.27,0.218,0.039,26.7,11,946.03
3828,156,19,medium,223,0.01,0.0,0.117,1.113,0.228,0.128,0.027,9.4,2,958.89
3829,188,12,small,79,0.01,0.0,0.342,1.652,0.129,0.083,0.028,85.0,3,63.64
3830,20,6,micro,1,0.0,0.0,0.297,1.465,0.163,0.147,0.027,42.9,53,642.68
3831,91,11,micro,9,0.0,0.0,0.18,1.3,0.189,0.153,0.016,48.5,4,390.98
3832,179,14,small,23,0.0,0.0,0.463,0.842,0.318,0.135,0.039,86.9,6,1808.04
3833,153,3,micro,1,0.0,0.0,0.372,0.969,0.189,0.141,0.068,29.6,40,187.21
3834,177,10,small,7,0.0,0.0,0.189,1.292,0.228,0.167,0.036,86.9,3,634.94
3835,179,10,small,16,0.0,0.0,0.137,0.869,0.368,0.206,0.049,63.2,7,1808.04
3836,96,7,large,9,0.0,0.0,0.447,1.264,0.129,0.055,0.019,103.0,3,199.56
3837,143,14,medium,62,0.01,0.0,0.518,1.493,0.163,0.16,0.019,44.8,2,178.51
3838,148,11,small,20,0.0,0.0,0.28,0.559,0.129,0.053,0.029,113.3,9,250.12
3839,128,13,small,7,0.0,0.0,0.377,0.908,0.129,0.207,0.019,8.1,6,163.96
3840,73,11,micro,36,0.0,0.0,0.218,0.64,0.244,0.227,0.029,36.5,1,709.56
3841,167,15,large,653,0.04,0.03,0.702,1.14,0.27,0.115,0.034,101.2,1,989.1
3842,159,12,medium,35,0.0,0.0,0.237,1.053,0.189,0.159,0.024,12.1,24,286.16
3843,106,13,small,19,0.0,0.0,0.161,1.364,0.292,0.233,0.04,25.5,23,978.66
3844,98,4,micro,2,0.0,0.0,0.215,0.989,0.21,0.121,0.066,16.2,12,149.17
3845,2,16,medium,47,0.0,0.0,0.29,1.124,0.129,0.211,0.029,49.6,5,283.64
3846,170,3,large,113,0.02,0.0,0.15,1.085,0.129,0.151,0.068,132.2,38,60.98
3847,68,6,micro,56,0.0,0.0,0.132,1.077,0.163,0.139,0.016,12.3,7,213.07
3848,109,17,medium,162,0.01,0.0,0.096,0.898,0.163,0.143,0.012,20.4,5,137.77
3849,96,2,medium,8,0.0,0.0,0.221,0.863,0.163,0.131,0.067,59.2,7,199.56
3850,141,17,small,96,0.01,0.0,0.149,1.407,0.228,0.111,0.027,17.6,15,548.48
3851,89,9,large,467,0.03,0.02,0.571,1.005,0.163,0.078,0.028,64.4,2,247.96
3852,45,3,micro,31,0.0,0.0,0.088,1.038,0.129,0.177,0.057,44.1,27,72.25
3853,177,14,small,13,0.0,0.0,0.416,1.145,0.228,0.165,0.031,7.7,4,634.94
3854,47,5,medium,119,0.01,0.0,0.725,0.725,0.21,0.206,0.019,18.5,5,427.14
3855,3,13,medium,134,0.01,0.0,0.228,1.559,0.189,0.068,0.024,29.7,8,680.64
3856,48,15,micro,5,0.0,0.0,0.414,1.15,0.21,0.146,0.016,24.9,13,209.27
3857,106,11,micro,14,0.0,0.0,0.175,0.783,0.27,0.159,0.023,122.7,5,978.66
3858,99,15,medium,110,0.01,0.0,0.005,0.712,0.189,0.08,0.012,24.6,3,117.38
3859,164,18,medium,128,0.0,0.0,0.299,1.3,0.189,0.11,0.017,31.9,1,388.92
3860,48,11,medium,45,0.0,0.0,0.318,0.889,0.129,0.182,0.018,41.4,2,209.27
3861,161,3,micro,12,0.0,0.0,0.548,1.266,0.21,0.066,0.07,3.5,4,326.06
3862,20,14,small,12,0.0,0.0,0.498,0.985,0.189,0.149,0.018,170.5,7,642.68
3863,111,8,small,14,0.0,0.0,0.455,1.261,0.163,0.044,0.016,28.2,5,144.53
3864,176,10,micro,3,0.0,0.0,0.132,0.854,0.163,0.032,0.016,11.4,2,150.36
3865,96,12,small,3,0.0,0.0,0.458,0.536,0.129,0.015,0.027,17.1,1,199.56
3866,186,14,small,1,0.0,0.0,0.257,0.923,0.163,0.173,0.031,62.6,5,238.23
3867,128,12,large,611,0.09,0.05,0.558,1.258,0.129,0.067,0.02,42.1,4,163.96
3868,156,4,micro,15,0.0,0.0,0.541,0.914,0.282,0.088,0.072,34.4,2,958.89
3869,113,14,small,139,0.01,0.0,0.557,1.134,0.326,0.172,0.041,61.0,24,1742.79
3870,104,16,large,124,0.01,0.0,0.122,1.142,0.163,0.047,0.025,20.2,4,126.31
3871,20,0,micro,3,0.0,0.0,0.278,0.783,0.189,0.042,0.069,38.8,21,642.68
3872,31,6,micro,42,0.0,0.0,0.28,1.235,0.282,0.123,0.023,35.4,22,946.03
3873,122,19,small,8,0.0,0.0,0.107,0.786,0.228,0.201,0.029,13.9,14,603.53
3874,125,3,micro,32,0.0,0.0,0.394,1.293,0.163,0.133,0.079,2.9,11,1326.71
3875,194,3,large,118,0.01,0.0,0.327,0.853,0.189,0.076,0.054,17.7,6,176.48
3876,175,11,small,26,0.0,0.0,0.384,0.696,0.21,0.206,0.028,27.4,22,339.4
3877,171,6,micro,10,0.0,0.0,0.045,0.711,0.129,0.12,0.012,0.2,16,65.64
3878,68,13,micro,35,0.0,0.0,0.303,1.377,0.129,0.03,0.021,1.9,5,213.07
3879,96,5,small,5,0.0,0.0,0.235,0.964,0.163,0.101,0.018,9.4,13,199.56
3880,22,8,small,53,0.0,0.0,0.203,0.614,0.129,0.095,0.028,47.2,12,158.78
3881,122,19,micro,27,0.0,0.0,0.182,1.144,0.228,0.117,0.023,23.4,11,603.53
3882,11,7,small,20,0.0,0.0,0.418,0.653,0.129,0.089,0.027,7.7,1,93.16
3883,106,1,small,11,0.0,0.0,0.249,1.413,0.244,0.21,0.078,123.7,13,978.66
3884,120,14,micro,2,0.0,0.0,0.332,0.41,0.21,0.175,0.026,4.3,4,327.35
3885,56,11,small,27,0.0,0.0,0.59,1.583,0.163,0.034,0.018,47.2,1,64.12
3886,161,8,small,25,0.0,0.0,0.439,1.095,0.21,0.123,0.017,41.0,8,326.06
3887,140,18,small,10,0.0,0.0,0.169,0.903,0.163,0.079,0.018,6.5,8,186.32
3888,33,2,small,27,0.0,0.0,0.096,1.335,0.163,0.007,0.067,23.5,6,51.54
3889,193,9,small,106,0.01,0.0,0.259,0.709,0.129,0.023,0.03,100.7,1,42.7
3890,118,3,small,200,0.01,0.0,0.478,1.165,0.163,0.129,0.061,12.6,13,465.37
3891,3,1,small,32,0.0,0.0,0.352,0.965,0.163,0.154,0.073,31.9,10,680.64
3892,81,8,micro,8,0.0,0.0,0.438,1.103,0.163,0.12,0.02,57.3,3,212.11
3893,191,18,small,85,0.01,0.0,0.075,1.014,0.189,0.181,0.027,149.4,26,349.46
3894,179,14,small,61,0.0,0.0,0.117,0.944,0.318,0.163,0.045,31.0,1,1808.04
3895,34,4,large,418,0.01,0.01,0.416,1.168,0.189,0.166,0.061,0.1,1,337.83
3896,174,9,micro,11,0.0,0.0,0.143,1.01,0.129,0.026,0.014,13.7,2,195.72
3897,125,15,micro,32,0.0,0.0,0.246,1.231,0.333,0.08,0.026,102.7,5,1326.71
3898,3,3,micro,39,0.0,0.0,0.549,0.919,0.258,0.061,0.07,45.1,7,680.64
3899,156,4,micro,2,0.0,0.0,0.585,0.767,0.282,0.187,0.076,9.9,4,958.89
3900,96,3,large,168,0.01,0.0,0.052,1.028,0.163,0.113,0.06,19.1,15,199.56
3901,90,12,small,10,0.0,0.0,0.259,0.992,0.129,0.135,0.026,5.5,4,163.54
3902,87,0,small,27,0.0,0.0,0.082,0.442,0.129,0.13,0.053,11.9,3,206.18
3903,125,11,micro,37,0.0,0.0,0.221,1.221,0.339,0.09,0.025,22.8,11,1326.71
3904,149,16,medium,79,0.01,0.0,0.165,0.921,0.163,0.059,0.025,10.3,15,199.73
3905,135,15,medium,76,0.01,0.01,0.803,1.039,0.189,0.119,0.035,19.8,50,699.2
3906,59,13,small,21,0.0,0.0,0.396,1.736,0.163,0.123,0.02,21.2,29,393.68
3907,148,4,medium,40,0.0,0.0,0.299,0.948,0.189,0.152,0.063,25.9,5,250.12
3908,31,16,large,312,0.01,0.01,0.404,1.078,0.27,0.108,0.039,19.2,1,946.03
3909,190,19,micro,8,0.0,0.0,0.271,1.18,0.129,0.028,0.017,5.3,5,94.96
3910,111,3,medium,14,0.0,0.0,0.391,1.169,0.129,0.175,0.063,61.7,15,144.53
3911,20,18,small,28,0.0,0.0,0.639,0.852,0.228,0.227,0.023,8.8,3,642.68
3912,122,17,small,2,0.0,0.0,0.339,1.186,0.21,0.222,0.022,113.5,13,603.53
3913,122,19,micro,44,0.0,0.0,0.24,1.04,0.228,0.081,0.035,3.0,2,603.53
3914,6,6,small,95,0.01,0.0,0.477,1.905,0.244,0.152,0.026,5.6,6,719.97
3915,2,18,micro,11,0.0,0.0,0.559,1.366,0.163,0.063,0.028,40.7,16,283.64
3916,197,3,micro,36,0.0,0.0,0.493,1.367,0.163,0.086,0.061,72.9,8,173.08
3917,89,3,small,28,0.0,0.0,0.128,1.117,0.189,0.205,0.053,61.8,37,247.96
3918,60,2,micro,8,0.0,0.0,0.135,0.985,0.129,0.107,0.06,121.9,8,91.91
3919,118,8,small,2,0.0,0.0,0.254,0.808,0.228,0.147,0.017,8.1,3,465.37
3920,2,0,small,93,0.01,0.0,0.233,0.873,0.21,0.101,0.073,76.9,7,283.64
3921,2,7,medium,36,0.0,0.0,0.295,1.256,0.129,0.1,0.02,41.5,8,283.64
3922,27,12,small,101,0.0,0.0,0.098,1.335,0.129,0.151,0.016,225.3,3,216.09
3923,165,1,small,11,0.0,0.0,0.204,1.143,0.163,0.192,0.058,18.6,1,224.25
3924,62,16,medium,56,0.0,0.0,0.097,1.052,0.129,0.008,0.028,63.7,1,49.09
3925,113,5,small,5,0.0,0.0,0.24,1.319,0.339,0.263,0.044,13.7,12,1742.79
3926,55,0,micro,34,0.0,0.0,0.498,1.151,0.189,0.216,0.071,6.3,8,376.64
3927,118,7,micro,12,0.0,0.0,0.185,1.062,0.228,0.143,0.027,117.1,2,465.37
3928,113,2,medium,68,0.0,0.0,0.055,1.837,0.387,0.156,0.087,48.1,5,1742.79
3929,91,15,medium,55,0.0,0.0,0.269,1.038,0.163,0.215,0.027,16.4,16,390.98
3930,105,6,small,26,0.0,0.0,0.293,0.784,0.129,0.163,0.019,145.0,8,222.31
3931,135,2,medium,19,0.0,0.0,0.458,1.278,0.292,0.068,0.074,41.7,3,699.2
3932,169,9,medium,31,0.0,0.0,0.28,1.098,0.129,0.16,0.029,15.1,30,69.84
3933,73,9,micro,14,0.0,0.0,0.131,1.673,0.27,0.208,0.034,55.7,15,709.56
3934,114,5,micro,12,0.0,0.0,0.189,0.77,0.189,0.168,0.028,19.1,4,122.44
3935,174,6,medium,11,0.0,0.0,0.097,1.45,0.163,0.034,0.023,40.8,1,195.72
3936,40,15,micro,14,0.0,0.0,0.41,0.945,0.21,0.156,0.031,92.4,13,310.59
3937,191,12,medium,564,0.07,0.01,0.194,1.569,0.129,0.171,0.029,6.3,20,349.46
3938,156,4,medium,36,0.0,0.0,0.221,0.534,0.282,0.145,0.065,8.1,6,958.89
3939,82,18,small,15,0.0,0.0,0.081,1.012,0.244,0.058,0.036,104.0,27,650.6
3940,86,6,small,8,0.0,0.0,0.287,0.741,0.189,0.101,0.016,16.9,3,370.7
3941,53,10,large,274,0.02,0.0,0.179,1.365,0.244,0.185,0.024,5.0,1,273.6
3942,65,11,micro,4,0.0,0.0,0.195,0.643,0.189,0.142,0.032,220.7,6,576.08
3943,124,4,micro,14,0.0,0.0,0.387,1.08,0.129,0.154,0.055,28.4,24,266.9
3944,0,5,small,5,0.0,0.0,0.183,1.183,0.189,0.184,0.032,15.0,3,243.89
3945,3,9,micro,5,0.0,0.0,0.144,1.094,0.228,0.053,0.019,30.2,17,680.64
3946,194,5,small,31,0.0,0.0,0.258,0.781,0.129,0.08,0.028,44.3,6,176.48
3947,59,6,small,29,0.0,0.0,0.179,0.993,0.228,0.072,0.028,14.6,5,393.68
3948,167,12,small,12,0.0,0.0,0.159,1.207,0.244,0.22,0.029,40.2,6,989.1
3949,125,14,small,7,0.0,0.0,0.339,2.103,0.301,0.226,0.028,1.3,8,1326.71
3950,106,16,small,15,0.0,0.0,0.171,0.96,0.27,0.221,0.035,89.6,24,978.66
3951,154,2,medium,203,0.01,0.01,0.624,1.266,0.129,0.162,0.069,51.7,16,198.95
3952,6,14,micro,8,0.0,0.0,0.277,1.102,0.244,0.195,0.036,24.8,9,719.97
3953,156,18,small,34,0.0,0.0,0.425,1.24,0.228,0.089,0.029,12.7,4,958.89
3954,175,11,micro,2,0.0,0.0,0.319,0.879,0.21,0.12,0.028,1.1,1,339.4
3955,67,12,micro,10,0.0,0.0,0.074,0.912,0.163,0.052,0.023,15.6,7,404.86
3956,71,19,micro,12,0.0,0.0,0.397,1.386,0.258,0.15,0.031,67.3,24,690.93
3957,22,17,micro,7,0.0,0.0,0.641,1.318,0.189,0.124,0.029,35.1,24,158.78
3958,175,11,small,131,0.01,0.01,0.715,0.737,0.21,0.15,0.033,2.2,23,339.4
3959,166,15,small,20,0.0,0.0,0.229,1.081,0.163,0.211,0.021,108.3,2,337.67
3960,101,3,micro,1,0.0,0.0,0.561,1.518,0.189,0.076,0.053,93.9,5,97.45
3961,86,8,small,29,0.0,0.0,0.285,0.805,0.189,0.034,0.023,36.2,4,370.7
3962,102,14,micro,17,0.0,0.0,0.321,0.918,0.129,0.076,0.03,9.5,4,105.35
3963,98,5,micro,3,0.0,0.0,0.17,1.274,0.163,0.051,0.024,82.6,9,149.17
3964,104,9,small,18,0.0,0.0,0.274,0.804,0.163,0.153,0.015,9.5,16,126.31
3965,32,3,small,2,0.0,0.0,0.436,0.798,0.129,0.016,0.066,15.7,1,146.42
3966,2,17,medium,45,0.0,0.0,0.394,1.278,0.228,0.179,0.022,7.9,2,283.64
3967,157,17,small,29,0.0,0.0,0.271,0.768,0.163,0.022,0.014,183.8,15,238.37
3968,77,9,micro,1,0.0,0.0,0.264,1.23,0.163,0.194,0.023,115.8,20,110.06
3969,113,3,small,8,0.0,0.0,0.102,1.387,0.318,0.287,0.088,3.6,2,1742.79
3970,71,13,micro,19,0.0,0.0,0.165,0.539,0.189,0.149,0.03,5.5,1,690.93
3971,86,4,medium,61,0.0,0.0,0.492,0.606,0.189,0.183,0.074,8.6,9,370.7
3972,14,4,small,23,0.0,0.0,0.322,1.53,0.129,0.192,0.063,25.0,2,26.45
3973,83,19,micro,4,0.0,0.0,0.146,1.209,0.129,0.084,0.022,19.9,9,88.39
3974,107,1,micro,5,0.0,0.0,0.447,0.881,0.163,0.023,0.059,11.6,17,176.72
3975,167,7,large,347,0.03,0.01,0.293,1.189,0.282,0.097,0.036,56.0,16,989.1
3976,73,11,small,9,0.0,0.0,0.291,1.784,0.244,0.153,0.018,44.0,20,709.56
3977,20,2,small,51,0.0,0.0,0.377,1.183,0.21,0.137,0.073,13.3,20,642.68
3978,156,0,small,12,0.0,0.0,0.232,1.127,0.244,0.188,0.069,12.8,30,958.89
3979,86,10,micro,18,0.0,0.0,0.324,0.657,0.21,0.06,0.033,2.8,27,370.7
3980,179,2,micro,15,0.0,0.0,0.251,1.303,0.318,0.121,0.09,44.3,3,1808.04
3981,185,5,small,51,0.0,0.0,0.23,1.382,0.21,0.125,0.019,50.9,9,303.08
3982,177,9,large,427,0.03,0.01,0.412,1.056,0.244,0.169,0.034,10.4,19,634.94
3983,55,6,small,41,0.0,0.0,0.21,1.076,0.189,0.114,0.021,82.7,6,376.64
3984,64,14,micro,15,0.0,0.0,0.362,1.096,0.163,0.207,0.033,212.8,20,334.46
3985,164,19,small,9,0.0,0.0,0.328,0.872,0.189,0.111,0.021,29.6,2,388.92
3986,106,15,large,126,0.02,0.01,0.383,1.249,0.27,0.213,0.039,16.0,1,978.66
3987,71,19,small,20,0.0,0.0,0.388,0.847,0.258,0.131,0.033,0.7,21,690.93
3988,71,7,micro,7,0.0,0.0,0.119,1.17,0.228,0.22,0.037,22.0,5,690.93
3989,122,6,medium,445,0.02,0.0,0.181,0.839,0.228,0.231,0.026,22.6,13,603.53
3990,179,4,small,10,0.0,0.0,0.083,0.725,0.373,0.144,0.087,6.9,8,1808.04
3991,125,17,small,30,0.0,0.0,0.117,1.235,0.282,0.161,0.03,4.3,5,1326.71
3992,125,7,large,93,0.01,0.0,0.285,0.914,0.31,0.149,0.041,18.4,8,1326.71
3993,156,14,micro,4,0.0,0.0,0.235,1.036,0.258,0.106,0.034,2.9,4,958.89
3994,157,13,small,9,0.0,0.0,0.278,1.143,0.129,0.107,0.02,52.1,9,238.37
3995,179,1,medium,286,0.04,0.01,0.286,1.979,0.352,0.232,0.083,13.9,5,1808.04
3996,39,17,micro,15,0.0,0.0,0.352,1.178,0.163,0.127,0.026,45.8,7,180.7
3997,194,9,medium,154,0.01,0.0,0.158,1.297,0.163,0.038,0.017,110.8,5,176.48
3998,73,4,large,319,0.01,0.0,0.505,0.884,0.163,0.219,0.066,55.7,6,709.56
3999,67,19,medium,264,0.01,0.0,0.26,1.32,0.163,0.054,0.015,23.0,6,404.86
4000,113,15,micro,2,0.0,0.0,0.253,1.08,0.339,0.107,0.033,43.6,1,1742.79
4001,65,12,large,205,0.01,0.0,0.312,0.977,0.228,0.105,0.02,56.7,5,576.08
4002,58,19,medium,21,0.0,0.0,0.353,1.031,0.129,0.021,0.024,79.1,14,206.7
4003,187,15,large,41,0.01,0.0,0.443,0.9,0.129,0.02,0.014,28.6,1,137.99
4004,22,2,micro,9,0.0,0.0,0.334,1.512,0.163,0.038,0.07,65.1,1,158.78
4005,195,19,small,2,0.0,0.0,0.086,0.413,0.163,0.05,0.028,54.8,1,218.18
4006,125,11,micro,10,0.0,0.0,0.405,1.393,0.339,0.241,0.044,46.9,9,1326.71
4007,185,5,small,38,0.01,0.0,0.251,0.927,0.21,0.061,0.029,14.1,20,303.08
4008,179,16,micro,26,0.0,0.0,0.221,1.301,0.383,0.256,0.033,9.3,5,1808.04
4009,135,0,micro,26,0.0,0.0,0.093,1.024,0.244,0.185,0.075,56.5,4,699.2
4010,125,13,micro,15,0.0,0.0,0.408,0.884,0.31,0.255,0.044,42.5,1,1326.71
4011,196,3,small,19,0.0,0.0,0.103,1.176,0.163,0.126,0.066,48.9,1,61.32
4012,113,1,small,1,0.0,0.0,0.376,1.003,0.368,0.241,0.079,26.3,2,1742.79
4013,43,7,small,55,0.0,0.0,0.234,1.031,0.163,0.155,0.029,70.2,3,109.83
4014,197,7,small,4,0.0,0.0,0.283,0.573,0.129,0.161,0.032,48.5,2,173.08
4015,73,12,large,105,0.0,0.0,0.238,1.093,0.21,0.163,0.02,2.2,5,709.56
4016,20,11,micro,21,0.0,0.0,0.444,1.802,0.189,0.172,0.021,44.9,5,642.68
4017,150,13,micro,9,0.0,0.0,0.164,1.061,0.129,0.19,0.018,40.7,3,190.66
4018,106,3,micro,36,0.0,0.0,0.418,0.653,0.27,0.179,0.065,63.1,33,978.66
4019,88,17,large,256,0.01,0.0,0.353,0.905,0.163,0.071,0.014,45.5,5,87.38
4020,128,17,large,76,0.0,0.0,0.104,0.94,0.163,0.112,0.016,27.2,12,163.96
4021,6,4,medium,68,0.01,0.0,0.237,1.464,0.21,0.194,0.06,105.2,13,719.97
4022,145,9,micro,6,0.0,0.0,0.09,1.487,0.189,0.128,0.02,57.4,11,324.35
4023,113,9,micro,5,0.0,0.0,0.43,0.578,0.244,0.295,0.044,0.3,37,1742.79
4024,113,18,micro,4,0.0,0.0,0.353,0.945,0.301,0.15,0.041,39.3,10,1742.79
4025,179,18,micro,14,0.0,0.0,0.152,1.386,0.301,0.214,0.045,21.9,4,1808.04
4026,167,1,small,16,0.0,0.0,0.863,1.244,0.282,0.078,0.08,91.9,8,989.1
4027,113,19,medium,202,0.01,0.0,0.419,0.906,0.31,0.163,0.039,84.5,13,1742.79
4028,122,1,small,13,0.0,0.0,0.176,0.877,0.228,0.141,0.072,166.2,41,603.53
4029,166,10,small,41,0.0,0.0,0.271,1.526,0.21,0.031,0.031,16.9,8,337.67
4030,96,6,large,220,0.01,0.0,0.194,1.014,0.129,0.088,0.018,0.7,6,199.56
4031,138,7,small,26,0.0,0.0,0.171,0.746,0.129,0.035,0.034,71.2,40,334.79
4032,117,12,medium,400,0.02,0.01,0.45,0.906,0.129,0.116,0.025,43.4,1,46.12
4033,113,11,large,171,0.01,0.0,0.068,1.319,0.378,0.11,0.043,14.0,2,1742.79
4034,194,3,micro,8,0.0,0.0,0.215,0.614,0.189,0.179,0.072,52.6,3,176.48
4035,3,19,small,24,0.0,0.0,0.299,1.084,0.258,0.06,0.029,17.4,1,680.64
4036,96,0,medium,374,0.02,0.0,0.239,1.185,0.189,0.123,0.053,75.6,8,199.56
4037,179,6,medium,996,0.1,0.03,0.286,1.94,0.292,0.253,0.044,81.0,16,1808.04
4038,179,16,micro,35,0.0,0.0,0.509,0.79,0.383,0.114,0.038,10.8,19,1808.04
4039,156,17,medium,76,0.0,0.0,0.398,1.087,0.258,0.221,0.036,60.0,4,958.89
4040,125,15,small,19,0.0,0.0,0.329,0.884,0.333,0.105,0.025,56.0,25,1326.71
4041,143,7,small,29,0.0,0.0,0.357,1.162,0.163,0.063,0.031,31.9,11,178.51
4042,64,13,medium,176,0.01,0.0,0.298,0.929,0.163,0.19,0.022,6.2,14,334.46
4043,113,15,medium,45,0.0,0.0,0.394,1.109,0.339,0.278,0.046,24.8,9,1742.79
4044,115,11,medium,68,0.0,0.0,0.075,1.388,0.189,0.098,0.025,12.3,19,200.65
4045,9,13,small,19,0.0,0.0,0.312,0.653,0.189,0.187,0.029,35.3,27,255.33
4046,177,11,small,8,0.0,0.0,0.122,0.925,0.163,0.116,0.022,30.0,20,634.94
4047,106,1,micro,3,0.0,0.0,0.471,1.105,0.244,0.232,0.076,5.1,20,978.66
4048,179,5,micro,19,0.0,0.0,0.273,1.117,0.346,0.14,0.048,4.4,2,1808.04
4049,89,14,micro,3,0.0,0.0,0.425,0.895,0.163,0.19,0.023,12.6,4,247.96
4050,94,4,small,136,0.01,0.0,0.232,1.19,0.129,0.204,0.069,27.4,6,100.27
4051,60,9,small,31,0.0,0.0,0.116,1.256,0.129,0.088,0.029,3.3,5,91.91
4052,135,10,micro,67,0.0,0.0,0.267,0.922,0.282,0.073,0.03,5.4,2,699.2
4053,118,13,medium,24,0.0,0.0,0.169,1.382,0.21,0.129,0.035,41.5,13,465.37
4054,179,5,micro,7,0.0,0.0,0.307,1.577,0.346,0.299,0.049,7.9,5,1808.04
4055,104,11,small,39,0.01,0.0,0.074,1.358,0.129,0.183,0.02,30.9,32,126.31
4056,135,11,large,360,0.05,0.01,0.28,0.971,0.163,0.052,0.022,0.3,2,699.2
4057,148,16,small,2,0.0,0.0,0.091,1.009,0.129,0.181,0.017,20.1,11,250.12
4058,73,11,small,45,0.0,0.0,0.238,1.059,0.244,0.127,0.022,15.6,3,709.56
4059,177,5,micro,4,0.0,0.0,0.18,1.307,0.228,0.174,0.031,7.2,15,634.94
4060,86,10,micro,5,0.0,0.0,0.135,1.013,0.21,0.068,0.029,17.3,3,370.7
4061,131,2,large,47,0.0,0.0,0.361,1.014,0.129,0.094,0.056,70.4,2,158.95
4062,125,12,small,7,0.0,0.0,0.476,1.29,0.292,0.133,0.043,3.9,8,1326.71
4063,98,18,medium,74,0.01,0.0,0.381,1.414,0.189,0.087,0.021,46.2,20,149.17
4064,47,10,small,94,0.01,0.0,0.107,1.187,0.21,0.198,0.024,18.5,26,427.14
4065,125,5,small,12,0.0,0.0,0.447,1.287,0.318,0.216,0.026,52.1,3,1326.71
4066,86,8,medium,33,0.0,0.0,0.304,0.974,0.189,0.173,0.018,7.4,1,370.7
4067,86,18,medium,72,0.01,0.0,0.433,1.271,0.228,0.202,0.032,29.6,8,370.7
4068,113,16,small,24,0.0,0.0,0.238,0.795,0.258,0.221,0.041,18.5,14,1742.79
4069,141,16,medium,26,0.0,0.0,0.365,1.385,0.189,0.162,0.035,13.5,3,548.48
4070,154,11,micro,24,0.0,0.0,0.436,1.028,0.189,0.203,0.027,28.1,11,198.95
4071,102,7,small,19,0.0,0.0,0.25,0.899,0.163,0.08,0.028,25.8,48,105.35
4072,31,2,micro,6,0.0,0.0,0.141,1.893,0.189,0.131,0.07,3.0,45,946.03
4073,163,19,micro,12,0.0,0.0,0.219,1.13,0.129,0.049,0.019,107.7,5,65.32
4074,138,3,large,617,0.09,0.06,0.746,1.368,0.189,0.14,0.068,54.9,3,334.79
4075,165,5,small,35,0.0,0.0,0.713,0.678,0.129,0.063,0.014,44.9,14,224.25
4076,73,15,micro,14,0.0,0.0,0.521,1.121,0.244,0.199,0.027,31.1,18,709.56
4077,179,7,micro,13,0.0,0.0,0.515,0.984,0.368,0.142,0.038,6.7,4,1808.04
4078,65,11,micro,15,0.0,0.0,0.227,1.02,0.189,0.219,0.018,89.9,7,576.08
4079,70,15,medium,46,0.0,0.0,0.596,0.801,0.129,0.125,0.019,56.4,27,213.02
4080,115,11,large,1152,0.04,0.01,0.273,1.142,0.189,0.187,0.022,2.2,13,200.65
4081,198,9,medium,22,0.0,0.0,0.448,1.06,0.129,0.171,0.024,16.2,35,157.31
4082,51,1,medium,21,0.0,0.0,0.365,0.886,0.189,0.012,0.064,39.1,1,100.98
4083,167,9,medium,59,0.01,0.0,0.351,1.068,0.292,0.064,0.028,28.0,9,989.1
4084,0,9,medium,17,0.0,0.0,0.202,0.876,0.129,0.145,0.032,127.4,1,243.89
4085,59,17,small,42,0.0,0.0,0.025,1.492,0.129,0.112,0.021,16.1,11,393.68
4086,78,8,small,5,0.0,0.0,0.197,0.895,0.129,0.148,0.013,83.9,3,162.68
4087,135,12,small,2,0.0,0.0,0.299,0.884,0.163,0.234,0.026,41.7,2,699.2
4088,27,15,micro,9,0.0,0.0,0.371,0.833,0.129,0.042,0.03,39.3,4,216.09
4089,31,9,large,423,0.12,0.02,0.15,2.477,0.282,0.194,0.025,7.1,8,946.03
4090,32,5,micro,61,0.0,0.0,0.241,0.579,0.129,0.029,0.028,1.3,9,146.42
4091,136,17,medium,132,0.01,0.0,0.258,1.093,0.163,0.012,0.019,25.5,4,67.81
4092,28,17,large,130,0.01,0.0,0.126,0.863,0.129,0.017,0.013,27.0,3,81.4
4093,91,17,micro,2,0.0,0.0,0.148,1.776,0.129,0.197,0.015,29.4,21,390.98
4094,36,5,small,9,0.0,0.0,0.239,0.833,0.163,0.124,0.028,117.7,16,182.89
4095,86,6,medium,62,0.0,0.0,0.503,0.959,0.189,0.065,0.034,47.3,7,370.7
4096,149,18,large,246,0.01,0.0,0.015,1.369,0.189,0.185,0.014,143.1,3,199.73
4097,67,2,micro,22,0.0,0.0,0.341,0.985,0.258,0.205,0.056,56.8,7,404.86
4098,125,13,micro,1,0.0,0.0,0.231,1.008,0.31,0.217,0.034,28.3,8,1326.71
4099,62,5,micro,17,0.0,0.0,0.063,1.35,0.129,0.112,0.02,187.3,2,49.09
4100,156,14,micro,4,0.0,0.0,0.123,1.788,0.258,0.206,0.027,80.9,19,958.89
4101,161,16,micro,4,0.0,0.0,0.516,1.445,0.189,0.139,0.019,121.6,6,326.06
4102,72,8,medium,65,0.0,0.0,0.14,1.086,0.129,0.013,0.016,10.1,55,143.19
4103,3,3,large,718,0.06,0.02,0.28,1.003,0.258,0.075,0.063,3.1,5,680.64
4104,31,14,small,10,0.0,0.0,0.076,1.09,0.258,0.126,0.028,4.9,31,946.03
4105,113,1,small,8,0.0,0.0,0.382,1.495,0.368,0.222,0.078,40.1,18,1742.79
4106,86,0,large,951,0.08,0.02,0.254,1.437,0.21,0.068,0.058,17.9,4,370.7
4107,78,17,small,23,0.0,0.0,0.445,1.305,0.129,0.022,0.025,19.2,3,162.68
4108,122,16,small,29,0.0,0.0,0.153,1.825,0.189,0.222,0.028,65.0,2,603.53
4109,39,11,small,14,0.0,0.0,0.515,0.64,0.163,0.029,0.013,5.2,4,180.7
4110,106,13,medium,468,0.12,0.04,0.364,1.585,0.292,0.189,0.031,31.4,4,978.66
4111,52,19,small,39,0.0,0.0,0.161,0.45,0.129,0.081,0.015,82.9,3,75.42
4112,192,1,micro,6,0.0,0.0,0.132,1.22,0.129,0.133,0.069,55.3,1,183.85
4113,6,4,small,59,0.0,0.0,0.594,0.927,0.21,0.207,0.071,118.4,1,719.97
4114,3,14,small,16,0.0,0.0,0.12,0.908,0.258,0.089,0.02,23.9,4,680.64
4115,120,5,large,38,0.0,0.0,0.311,1.128,0.129,0.174,0.031,15.1,35,327.35
4116,9,4,medium,78,0.0,0.0,0.048,0.728,0.163,0.121,0.054,39.3,38,255.33
4117,166,8,small,95,0.01,0.0,0.14,1.286,0.163,0.043,0.018,59.0,2,337.67
4118,167,14,medium,34,0.0,0.0,0.148,0.707,0.258,0.189,0.035,2.0,3,989.1
4119,105,4,small,88,0.0,0.0,0.461,0.705,0.129,0.195,0.068,30.0,10,222.31
4120,167,8,small,5,0.0,0.0,0.107,1.145,0.163,0.218,0.031,50.8,2,989.1
4121,156,10,small,11,0.0,0.0,0.077,1.045,0.244,0.071,0.036,87.3,10,958.89
4122,31,3,micro,5,0.0,0.0,0.156,1.719,0.318,0.237,0.074,20.0,1,946.03
4123,175,9,medium,135,0.0,0.0,0.196,0.651,0.189,0.089,0.015,16.6,22,339.4
4124,177,17,medium,44,0.0,0.0,0.109,1.135,0.189,0.125,0.024,36.4,5,634.94
4125,73,14,micro,1,0.0,0.0,0.099,0.96,0.189,0.178,0.023,3.8,5,709.56
4126,161,10,small,8,0.0,0.0,0.219,1.389,0.189,0.104,0.024,70.5,3,326.06
4127,179,2,large,6,0.0,0.0,0.54,1.861,0.318,0.221,0.073,16.1,8,1808.04
4128,156,0,medium,34,0.0,0.0,0.269,1.047,0.244,0.217,0.08,95.0,2,958.89
4129,20,1,large,440,0.01,0.0,0.138,0.715,0.189,0.208,0.074,35.5,4,642.68
4130,20,15,medium,89,0.02,0.01,0.534,1.965,0.228,0.119,0.024,76.0,3,642.68
4131,192,14,large,1483,0.12,0.02,0.133,1.137,0.189,0.148,0.027,34.6,6,183.85
4132,118,14,small,14,0.0,0.0,0.083,1.861,0.21,0.116,0.02,50.1,24,465.37
4133,135,6,small,27,0.0,0.0,0.127,0.918,0.282,0.137,0.033,31.7,5,699.2
4134,179,1,micro,23,0.0,0.0,0.352,1.325,0.352,0.106,0.076,6.9,6,1808.04
4135,2,14,small,30,0.0,0.0,0.526,1.643,0.163,0.191,0.031,111.0,25,283.64
4136,102,18,medium,31,0.0,0.0,0.273,1.236,0.129,0.071,0.023,31.4,61,105.35
4137,121,9,medium,22,0.0,0.0,0.585,1.165,0.129,0.176,0.026,192.1,14,59.78
4138,0,15,micro,4,0.0,0.0,0.198,1.578,0.129,0.115,0.027,37.0,1,243.89
4139,125,14,small,47,0.0,0.0,0.211,1.075,0.301,0.098,0.035,51.8,11,1326.71
4140,173,17,medium,34,0.0,0.0,0.43,1.504,0.228,0.21,0.029,69.4,26,208.75
4141,7,0,large,97,0.01,0.0,0.194,0.995,0.228,0.06,0.057,24.8,8,319.72
4142,165,19,small,171,0.01,0.0,0.042,0.804,0.163,0.17,0.014,19.5,3,224.25
4143,191,17,small,18,0.0,0.0,0.242,1.103,0.244,0.047,0.033,39.9,14,349.46
4144,179,17,medium,8,0.0,0.0,0.33,0.661,0.292,0.128,0.032,42.9,11,1808.04
4145,115,19,small,5,0.0,0.0,0.303,0.959,0.129,0.106,0.014,5.6,3,200.65
4146,175,12,medium,26,0.0,0.0,0.039,0.784,0.228,0.168,0.019,15.0,7,339.4
4147,159,1,micro,9,0.0,0.0,0.287,1.171,0.189,0.021,0.06,94.0,2,286.16
4148,167,16,large,771,0.03,0.01,0.203,1.074,0.258,0.205,0.026,62.7,18,989.1
4149,91,2,small,4,0.0,0.0,0.209,0.99,0.189,0.049,0.072,49.1,3,390.98
4150,112,14,large,459,0.01,0.01,0.585,0.576,0.189,0.163,0.015,24.3,9,157.63
4151,59,8,micro,6,0.0,0.0,0.279,1.122,0.163,0.146,0.029,11.0,2,393.68
4152,6,0,micro,1,0.0,0.0,0.266,1.931,0.21,0.221,0.063,91.7,2,719.97
4153,125,8,small,132,0.0,0.0,0.523,0.787,0.282,0.22,0.036,27.4,8,1326.71
4154,71,15,medium,23,0.0,0.0,0.558,1.845,0.228,0.189,0.034,60.9,3,690.93
4155,113,1,micro,7,0.0,0.0,0.132,1.424,0.368,0.193,0.08,29.8,21,1742.79
4156,186,0,micro,13,0.0,0.0,0.206,0.824,0.163,0.094,0.063,218.6,7,238.23
4157,9,9,micro,18,0.0,0.0,0.188,1.891,0.163,0.089,0.016,121.3,4,255.33
4158,177,0,micro,6,0.0,0.0,0.178,0.551,0.258,0.187,0.062,34.4,21,634.94
4159,20,18,medium,77,0.0,0.0,0.13,1.215,0.228,0.19,0.026,58.4,1,642.68
4160,135,16,small,7,0.0,0.0,0.396,0.876,0.189,0.232,0.02,10.5,18,699.2
4161,77,12,small,65,0.01,0.0,0.613,0.968,0.189,0.057,0.028,30.1,1,110.06
4162,21,0,small,39,0.0,0.0,0.243,0.64,0.163,0.025,0.066,54.4,6,118.42
4163,156,11,small,18,0.0,0.0,0.255,0.947,0.228,0.229,0.025,68.6,10,958.89
4164,145,13,medium,24,0.0,0.0,0.237,0.654,0.189,0.126,0.021,57.7,55,324.35
4165,133,11,small,6,0.0,0.0,0.475,0.751,0.129,0.114,0.03,9.4,13,238.31
4166,186,18,small,17,0.0,0.0,0.226,0.951,0.129,0.087,0.031,39.8,5,238.23
4167,3,16,small,47,0.0,0.0,0.038,1.197,0.228,0.044,0.019,8.8,2,680.64
4168,105,7,medium,77,0.01,0.0,0.133,0.936,0.163,0.126,0.027,89.4,26,222.31
4169,120,13,small,45,0.0,0.0,0.265,1.079,0.163,0.074,0.025,51.6,64,327.35
4170,82,9,small,15,0.0,0.0,0.252,1.344,0.244,0.166,0.022,77.5,35,650.6
4171,138,18,medium,56,0.0,0.0,0.311,0.97,0.228,0.152,0.032,27.8,7,334.79
4172,179,12,micro,4,0.0,0.0,0.33,0.94,0.318,0.18,0.033,31.5,2,1808.04
4173,144,11,small,58,0.0,0.0,0.383,1.058,0.129,0.076,0.018,31.0,9,192.46
4174,122,10,small,33,0.0,0.0,0.38,1.411,0.228,0.152,0.029,13.7,4,603.53
4175,156,7,large,387,0.02,0.0,0.111,1.126,0.258,0.215,0.038,22.6,10,958.89
4176,26,2,micro,11,0.0,0.0,0.13,0.973,0.129,0.157,0.062,73.8,3,46.95
4177,128,5,medium,51,0.0,0.0,0.046,0.879,0.129,0.151,0.024,46.8,2,163.96
4178,93,6,micro,7,0.0,0.0,0.4,1.062,0.129,0.097,0.024,73.6,1,106.95
4179,73,3,small,2,0.0,0.0,0.369,1.237,0.27,0.053,0.075,118.8,29,709.56
4180,113,16,micro,24,0.0,0.0,0.117,1.297,0.258,0.266,0.044,0.2,9,1742.79
4181,165,0,micro,3,0.0,0.0,0.153,0.896,0.163,0.088,0.064,76.4,15,224.25
4182,96,18,micro,2,0.0,0.0,0.444,1.133,0.163,0.197,0.017,4.5,8,199.56
4183,145,2,small,43,0.0,0.0,0.767,1.213,0.189,0.134,0.072,81.8,9,324.35
4184,125,1,small,8,0.0,0.0,0.289,1.059,0.258,0.106,0.08,8.7,18,1326.71
4185,179,19,small,3,0.0,0.0,0.152,1.068,0.318,0.296,0.043,4.0,25,1808.04
4186,106,19,small,30,0.0,0.0,0.377,1.454,0.282,0.156,0.027,15.5,6,978.66
4187,167,3,micro,24,0.0,0.0,0.391,0.798,0.244,0.21,0.062,22.7,13,989.1
4188,169,2,small,49,0.0,0.0,0.516,0.933,0.129,0.16,0.053,76.7,19,69.84
4189,107,3,small,64,0.0,0.0,0.319,1.058,0.129,0.209,0.052,35.9,11,176.72
4190,113,10,small,1,0.0,0.0,0.643,1.622,0.301,0.205,0.049,15.6,1,1742.79
4191,75,6,micro,4,0.0,0.0,0.371,0.975,0.21,0.209,0.026,156.0,3,337.61
4192,113,6,micro,32,0.0,0.0,0.088,1.54,0.31,0.113,0.049,33.5,9,1742.79
4193,64,16,small,6,0.0,0.0,0.572,0.85,0.228,0.064,0.015,6.2,16,334.46
4194,175,17,large,182,0.02,0.0,0.15,1.208,0.189,0.086,0.019,36.9,7,339.4
4195,64,19,large,280,0.01,0.01,0.625,1.512,0.163,0.207,0.032,1.2,1,334.46
4196,65,10,medium,13,0.0,0.0,0.23,1.439,0.228,0.169,0.029,61.7,52,576.08
4197,179,4,medium,74,0.0,0.0,0.409,0.686,0.373,0.289,0.081,4.4,34,1808.04
4198,114,11,small,138,0.01,0.0,0.159,0.957,0.129,0.013,0.024,86.1,1,122.44
4199,24,17,small,4,0.0,0.0,0.349,1.337,0.129,0.069,0.016,32.3,9,86.11
4200,78,0,micro,7,0.0,0.0,0.149,1.314,0.189,0.056,0.06,9.5,7,162.68
4201,146,18,large,158,0.01,0.0,0.236,1.186,0.129,0.136,0.023,72.4,3,43.08
4202,92,4,micro,3,0.0,0.0,0.239,1.031,0.129,0.09,0.067,17.3,20,73.55
4203,99,6,medium,62,0.01,0.0,0.097,1.412,0.129,0.048,0.024,12.0,2,117.38
4204,113,7,small,8,0.0,0.0,0.192,1.47,0.31,0.2,0.041,59.8,2,1742.79
4205,55,18,medium,87,0.01,0.0,0.175,1.114,0.21,0.18,0.03,22.5,13,376.64
4206,101,3,small,160,0.01,0.0,0.509,1.095,0.189,0.156,0.065,89.2,3,97.45
4207,54,4,small,2,0.0,0.0,0.016,0.637,0.189,0.078,0.06,246.2,4,416.13
4208,81,14,medium,71,0.0,0.0,0.437,0.539,0.21,0.178,0.028,5.1,1,212.11
4209,114,18,small,45,0.0,0.0,0.222,1.157,0.163,0.143,0.012,33.9,6,122.44
4210,143,2,micro,8,0.0,0.0,0.098,0.772,0.129,0.12,0.071,24.2,21,178.51
4211,129,10,small,37,0.0,0.0,0.274,0.715,0.163,0.041,0.021,22.2,4,89.7
4212,122,18,small,12,0.0,0.0,0.69,0.606,0.163,0.194,0.02,84.8,2,603.53
4213,125,17,micro,10,0.0,0.0,0.348,1.281,0.282,0.15,0.037,42.7,19,1326.71
4214,113,18,small,50,0.0,0.0,0.264,0.997,0.301,0.229,0.042,15.2,8,1742.79
4215,125,18,small,4,0.0,0.0,0.161,1.005,0.292,0.153,0.043,28.9,25,1326.71
4216,86,6,small,19,0.0,0.0,0.444,1.055,0.189,0.123,0.024,12.7,1,370.7
4217,179,4,micro,2,0.0,0.0,0.417,0.935,0.373,0.102,0.074,42.1,10,1808.04
4218,125,18,medium,93,0.01,0.0,0.206,1.325,0.292,0.218,0.029,28.7,2,1326.71
4219,179,14,small,50,0.0,0.0,0.123,1.081,0.318,0.121,0.05,42.4,11,1808.04
4220,91,7,large,191,0.01,0.0,0.583,0.698,0.163,0.205,0.022,72.8,7,390.98
4221,90,14,small,16,0.0,0.0,0.37,0.938,0.129,0.135,0.027,11.0,3,163.54
4222,186,6,small,11,0.0,0.0,0.601,1.526,0.163,0.154,0.021,15.8,8,238.23
4223,154,11,micro,5,0.0,0.0,0.259,2.256,0.189,0.207,0.015,52.3,14,198.95
4224,113,4,small,8,0.0,0.0,0.15,0.853,0.326,0.287,0.074,14.3,4,1742.79
4225,150,11,small,85,0.0,0.0,0.356,0.644,0.129,0.093,0.03,41.8,6,190.66
4226,91,18,medium,473,0.04,0.0,0.134,1.139,0.21,0.043,0.019,128.5,7,390.98
4227,156,15,small,6,0.0,0.0,0.425,1.446,0.21,0.231,0.024,41.2,2,958.89
4228,53,13,medium,55,0.0,0.0,0.329,1.071,0.189,0.15,0.022,5.0,11,273.6
4229,183,4,large,164,0.01,0.0,0.195,0.662,0.163,0.07,0.053,18.3,9,240.44
4230,106,1,medium,36,0.0,0.0,0.151,0.503,0.244,0.231,0.072,51.5,6,978.66
4231,20,14,small,8,0.0,0.0,0.217,0.774,0.189,0.108,0.021,10.2,11,642.68
4232,171,11,micro,4,0.0,0.0,0.474,1.211,0.129,0.126,0.023,48.6,4,65.64
4233,179,4,micro,48,0.0,0.0,0.298,0.852,0.373,0.125,0.086,4.8,16,1808.04
4234,154,18,small,10,0.0,0.0,0.518,1.828,0.129,0.076,0.028,62.3,28,198.95
4235,128,11,micro,8,0.0,0.0,0.078,1.138,0.129,0.152,0.016,42.2,8,163.96
4236,179,11,small,165,0.01,0.0,0.342,0.741,0.357,0.153,0.031,106.4,5,1808.04
4237,125,5,small,59,0.01,0.0,0.269,0.904,0.318,0.117,0.033,179.8,4,1326.71
4238,163,17,large,418,0.01,0.0,0.1,1.35,0.129,0.127,0.026,45.6,13,65.32
4239,109,17,medium,29,0.0,0.0,0.165,0.872,0.163,0.205,0.013,44.5,12,137.77
4240,153,14,large,143,0.02,0.01,0.487,1.113,0.163,0.083,0.016,0.2,10,187.21
4241,198,1,small,26,0.0,0.0,0.129,0.843,0.129,0.162,0.071,15.0,7,157.31
4242,86,1,small,2,0.0,0.0,0.242,1.312,0.163,0.101,0.067,72.1,9,370.7
4243,151,9,medium,70,0.01,0.0,0.133,1.011,0.163,0.16,0.031,22.9,4,209.86
4244,34,2,micro,10,0.0,0.0,0.628,0.964,0.21,0.131,0.065,62.8,2,337.83
4245,131,6,large,82,0.01,0.0,0.292,1.485,0.129,0.042,0.023,32.6,6,158.95
4246,73,3,micro,2,0.0,0.0,0.853,1.962,0.27,0.238,0.06,21.5,8,709.56
4247,177,6,small,32,0.0,0.0,0.345,1.361,0.21,0.11,0.036,3.7,3,634.94
4248,82,18,large,356,0.03,0.01,0.325,0.959,0.244,0.146,0.024,37.9,28,650.6
4249,106,15,large,189,0.01,0.0,0.24,1.26,0.27,0.233,0.034,1.2,5,978.66
4250,192,2,micro,18,0.0,0.0,0.13,0.779,0.163,0.169,0.053,27.3,20,183.85
4251,54,13,micro,3,0.0,0.0,0.506,1.159,0.163,0.213,0.021,14.1,3,416.13
4252,120,0,small,11,0.0,0.0,0.381,0.979,0.163,0.027,0.073,14.7,1,327.35
4253,176,19,small,29,0.0,0.0,0.47,0.986,0.189,0.042,0.021,25.3,23,150.36
4254,73,10,medium,17,0.0,0.0,0.201,1.457,0.282,0.094,0.026,40.2,1,709.56
4255,3,10,medium,83,0.0,0.0,0.133,0.82,0.228,0.165,0.03,17.9,14,680.64
4256,179,4,medium,41,0.0,0.0,0.102,1.239,0.373,0.184,0.07,15.3,12,1808.04
4257,125,9,small,2,0.0,0.0,0.566,1.404,0.244,0.267,0.032,67.7,12,1326.71
4258,57,10,small,46,0.0,0.0,0.547,0.96,0.163,0.187,0.026,31.2,19,108.94
4259,67,13,small,48,0.0,0.0,0.43,1.896,0.21,0.215,0.034,98.4,24,404.86
4260,164,0,micro,19,0.0,0.0,0.11,0.762,0.189,0.078,0.073,59.4,3,388.92
4261,133,6,micro,7,0.0,0.0,0.481,0.837,0.129,0.179,0.018,38.7,4,238.31
4262,155,7,small,10,0.0,0.0,0.463,1.576,0.129,0.162,0.023,3.4,2,72.65
4263,122,2,micro,4,0.0,0.0,0.351,0.896,0.228,0.162,0.075,11.9,7,603.53
4264,162,4,small,11,0.0,0.0,0.19,1.403,0.189,0.079,0.058,42.3,7,472.76
4265,167,4,micro,11,0.0,0.0,0.287,0.946,0.244,0.099,0.068,25.5,24,989.1
4266,88,16,small,16,0.0,0.0,0.596,1.129,0.129,0.154,0.013,63.0,4,87.38
4267,179,13,medium,27,0.0,0.0,0.21,0.756,0.346,0.257,0.046,48.1,4,1808.04
4268,113,18,small,35,0.0,0.0,0.203,1.454,0.301,0.155,0.048,22.2,4,1742.79
4269,36,6,micro,29,0.0,0.0,0.306,1.574,0.163,0.102,0.019,47.3,13,182.89
4270,54,17,small,16,0.0,0.0,0.257,1.374,0.189,0.145,0.031,73.8,9,416.13
4271,156,17,medium,81,0.0,0.0,0.63,0.603,0.258,0.16,0.026,7.4,3,958.89
4272,86,8,medium,21,0.0,0.0,0.207,1.056,0.189,0.161,0.025,68.2,2,370.7
4273,65,12,small,38,0.0,0.0,0.172,0.898,0.228,0.095,0.021,46.4,4,576.08
4274,125,11,small,2,0.0,0.0,0.087,1.754,0.339,0.185,0.037,115.4,6,1326.71
4275,162,6,small,3,0.0,0.0,0.213,0.899,0.228,0.192,0.026,6.4,23,472.76
4276,25,5,small,12,0.0,0.0,0.284,1.625,0.189,0.203,0.025,94.9,3,165.82
4277,106,3,small,10,0.0,0.0,0.121,1.206,0.27,0.062,0.068,1.4,42,978.66
4278,160,16,medium,75,0.01,0.0,0.29,1.009,0.129,0.075,0.015,33.6,3,56.0
4279,179,10,micro,4,0.0,0.0,0.229,1.069,0.368,0.112,0.038,112.5,3,1808.04
4280,3,6,micro,9,0.0,0.0,0.169,1.376,0.27,0.163,0.028,2.7,12,680.64
4281,135,10,small,22,0.0,0.0,0.092,1.61,0.282,0.103,0.03,117.3,3,699.2
4282,125,1,medium,32,0.0,0.0,0.727,0.976,0.258,0.262,0.071,9.8,1,1326.71
4283,113,2,medium,1731,0.11,0.03,0.245,1.342,0.387,0.222,0.07,29.2,5,1742.79
4284,37,15,large,304,0.01,0.01,0.43,0.833,0.129,0.077,0.029,7.8,19,20.91
4285,156,18,medium,17,0.0,0.0,0.397,1.417,0.228,0.116,0.021,11.1,11,958.89
4286,89,6,small,30,0.0,0.0,0.153,1.001,0.129,0.107,0.02,1.7,19,247.96
4287,58,8,small,324,0.02,0.01,0.394,0.744,0.163,0.148,0.021,0.3,9,206.7
4288,173,7,small,3,0.0,0.0,0.73,1.473,0.189,0.105,0.015,124.8,8,208.75
4289,71,9,small,22,0.0,0.0,0.387,1.951,0.244,0.219,0.02,43.0,3,690.93
4290,50,8,medium,29,0.0,0.0,0.247,1.488,0.189,0.14,0.027,13.5,6,205.22
4291,72,7,micro,10,0.0,0.0,0.186,1.788,0.189,0.078,0.029,155.2,7,143.19
4292,46,13,micro,2,0.0,0.0,0.246,1.033,0.129,0.068,0.031,11.5,28,93.63
4293,161,5,medium,42,0.0,0.0,0.253,0.856,0.129,0.022,0.032,84.7,2,326.06
4294,46,18,small,33,0.0,0.0,0.306,0.724,0.163,0.157,0.013,56.9,2,93.63
4295,150,6,micro,14,0.0,0.0,0.339,0.885,0.189,0.054,0.012,7.2,9,190.66
4296,39,4,small,20,0.0,0.0,0.129,1.012,0.189,0.091,0.059,95.4,2,180.7
4297,55,19,large,120,0.01,0.0,0.2,1.31,0.189,0.085,0.027,41.7,17,376.64
4298,77,4,large,289,0.0,0.0,0.193,0.509,0.129,0.066,0.062,57.1,4,110.06
4299,183,10,medium,281,0.02,0.0,0.184,0.888,0.129,0.061,0.015,2.3,3,240.44
4300,179,6,micro,7,0.0,0.0,0.435,1.057,0.292,0.177,0.032,0.3,26,1808.04
4301,20,1,small,22,0.0,0.0,0.321,1.482,0.189,0.055,0.068,80.6,6,642.68
4302,75,19,small,24,0.0,0.0,0.2,0.811,0.21,0.207,0.021,128.3,1,337.61
4303,78,7,small,3,0.0,0.0,0.281,0.749,0.21,0.028,0.025,4.5,26,162.68
4304,54,12,micro,14,0.0,0.0,0.202,0.975,0.21,0.218,0.019,94.2,7,416.13
4305,106,17,medium,27,0.0,0.0,0.022,0.59,0.27,0.222,0.025,54.4,5,978.66
4306,156,11,small,63,0.01,0.0,0.446,2.429,0.228,0.205,0.025,63.5,1,958.89
4307,21,14,small,146,0.01,0.0,0.214,0.773,0.129,0.196,0.029,70.0,14,118.42
4308,138,15,small,4,0.0,0.0,0.164,0.662,0.21,0.083,0.032,12.4,7,334.79
4309,65,7,micro,7,0.0,0.0,0.122,1.12,0.189,0.165,0.036,62.5,15,576.08
4310,133,12,small,15,0.0,0.0,0.102,1.487,0.189,0.026,0.027,189.2,2,238.31
4311,141,4,large,21,0.0,0.0,0.093,0.674,0.21,0.135,0.062,34.9,10,548.48
4312,153,1,medium,110,0.02,0.0,0.089,1.2,0.163,0.18,0.056,55.5,1,187.21
4313,175,19,micro,71,0.0,0.0,0.512,0.94,0.189,0.154,0.03,38.4,20,339.4
4314,179,1,medium,216,0.01,0.0,0.076,0.919,0.352,0.191,0.078,7.3,9,1808.04
4315,156,8,small,2,0.0,0.0,0.476,1.028,0.282,0.061,0.04,5.1,2,958.89
4316,113,1,micro,7,0.0,0.0,0.154,1.085,0.368,0.238,0.072,27.8,4,1742.79
4317,6,18,micro,19,0.0,0.0,0.393,1.175,0.189,0.182,0.029,88.8,13,719.97
4318,179,2,small,26,0.01,0.0,0.378,1.95,0.318,0.156,0.078,16.3,1,1808.04
4319,125,15,micro,10,0.0,0.0,0.329,1.284,0.333,0.145,0.037,23.6,7,1326.71
4320,115,14,large,61,0.0,0.0,0.153,0.821,0.189,0.124,0.016,2.8,4,200.65
4321,59,0,large,195,0.01,0.0,0.219,1.218,0.21,0.051,0.059,4.0,26,393.68
4322,141,14,small,47,0.0,0.0,0.329,1.059,0.189,0.211,0.032,38.0,6,548.48
4323,197,19,large,422,0.02,0.01,0.478,1.083,0.129,0.137,0.012,151.7,11,173.08
4324,73,10,small,5,0.0,0.0,0.021,1.623,0.282,0.227,0.025,2.7,11,709.56
4325,164,5,small,9,0.0,0.0,0.3,1.117,0.244,0.112,0.021,8.1,10,388.92
4326,70,10,large,577,0.02,0.01,0.444,0.665,0.129,0.031,0.025,19.7,9,213.02
4327,113,2,small,26,0.0,0.0,0.072,0.896,0.387,0.289,0.074,6.1,37,1742.79
4328,54,19,micro,18,0.0,0.0,0.265,1.573,0.163,0.166,0.033,8.2,16,416.13
4329,113,7,small,99,0.01,0.0,0.656,1.466,0.31,0.262,0.046,131.6,5,1742.79
4330,106,9,small,12,0.0,0.0,0.325,1.815,0.292,0.241,0.039,37.6,4,978.66
4331,6,8,small,79,0.0,0.0,0.221,0.779,0.189,0.138,0.034,58.0,1,719.97
4332,86,0,small,15,0.0,0.0,0.225,1.069,0.21,0.023,0.06,7.1,2,370.7
4333,9,0,medium,163,0.0,0.0,0.42,0.859,0.21,0.121,0.067,56.6,23,255.33
4334,106,11,medium,87,0.01,0.0,0.571,1.41,0.27,0.254,0.027,45.2,4,978.66
4335,192,10,medium,70,0.01,0.0,0.187,1.031,0.189,0.061,0.028,133.6,13,183.85
4336,71,19,micro,3,0.0,0.0,0.321,0.755,0.258,0.215,0.02,23.6,1,690.93
4337,113,5,micro,18,0.0,0.0,0.061,1.111,0.339,0.213,0.048,47.5,7,1742.79
4338,31,7,micro,54,0.0,0.0,0.309,1.395,0.258,0.25,0.026,27.1,3,946.03
4339,34,19,medium,88,0.0,0.0,0.297,1.01,0.21,0.162,0.022,50.1,3,337.83
4340,82,0,large,861,0.11,0.05,0.523,1.264,0.21,0.201,0.068,32.9,8,650.6
4341,113,12,small,17,0.0,0.0,0.051,1.516,0.333,0.173,0.046,44.8,35,1742.79
4342,145,2,small,66,0.0,0.0,0.34,1.249,0.189,0.093,0.063,41.9,18,324.35
4343,106,18,micro,7,0.0,0.0,0.079,1.044,0.292,0.17,0.032,30.0,28,978.66
4344,3,5,small,12,0.0,0.0,0.215,1.557,0.244,0.155,0.02,1.1,10,680.64
4345,66,16,large,176,0.02,0.01,0.381,1.562,0.129,0.034,0.023,9.5,17,138.1
4346,3,18,small,18,0.0,0.0,0.21,0.82,0.258,0.223,0.024,79.1,11,680.64
4347,179,16,micro,5,0.0,0.0,0.248,0.581,0.383,0.269,0.045,3.0,8,1808.04
4348,3,11,small,8,0.0,0.0,0.158,0.727,0.258,0.181,0.03,113.4,3,680.64
4349,6,19,medium,19,0.0,0.0,0.181,0.932,0.189,0.162,0.026,11.5,17,719.97
4350,71,13,small,151,0.01,0.0,0.075,1.14,0.189,0.075,0.033,267.3,3,690.93
4351,128,15,micro,14,0.0,0.0,0.099,0.865,0.129,0.171,0.028,3.6,12,163.96
4352,82,4,small,5,0.0,0.0,0.209,0.982,0.228,0.182,0.069,283.5,1,650.6
4353,8,8,micro,16,0.0,0.0,0.382,1.189,0.163,0.136,0.012,30.9,13,92.81
4354,167,11,medium,58,0.0,0.0,0.296,0.948,0.282,0.217,0.024,84.9,10,989.1
4355,145,2,medium,130,0.01,0.0,0.209,1.488,0.189,0.119,0.055,95.5,5,324.35
4356,90,19,medium,52,0.0,0.0,0.268,1.077,0.189,0.135,0.019,44.7,17,163.54
4357,141,2,micro,6,0.0,0.0,0.093,0.928,0.244,0.08,0.069,12.6,27,548.48
4358,67,14,small,15,0.0,0.0,0.119,0.904,0.21,0.112,0.018,32.1,4,404.86
4359,113,1,micro,8,0.0,0.0,0.479,0.865,0.368,0.24,0.084,59.4,6,1742.79
4360,177,2,medium,20,0.0,0.0,0.491,0.637,0.301,0.046,0.071,132.4,28,634.94
4361,25,12,medium,93,0.01,0.0,0.117,1.132,0.189,0.063,0.029,35.0,9,165.82
4362,172,9,medium,167,0.02,0.0,0.239,1.76,0.163,0.094,0.013,32.3,15,137.4
4363,162,0,large,429,0.04,0.01,0.131,1.403,0.129,0.081,0.07,6.6,9,472.76
4364,183,7,small,8,0.0,0.0,0.245,1.217,0.189,0.205,0.019,17.5,9,240.44
4365,113,5,micro,9,0.0,0.0,0.62,1.617,0.339,0.242,0.041,13.6,1,1742.79
4366,67,17,small,28,0.0,0.0,0.405,1.143,0.189,0.178,0.016,4.2,13,404.86
4367,81,14,micro,15,0.0,0.0,0.299,0.893,0.21,0.049,0.024,35.1,11,212.11
4368,133,14,micro,49,0.01,0.0,0.519,0.869,0.129,0.091,0.017,54.4,6,238.31
4369,31,19,micro,31,0.0,0.0,0.722,0.807,0.258,0.177,0.031,60.5,27,946.03
4370,81,14,micro,7,0.0,0.0,0.36,1.602,0.21,0.044,0.021,28.6,3,212.11
4371,153,3,micro,3,0.0,0.0,0.106,1.154,0.189,0.06,0.062,12.8,5,187.21
4372,122,18,medium,46,0.0,0.0,0.078,1.578,0.163,0.109,0.024,14.1,15,603.53
4373,9,2,micro,6,0.0,0.0,0.33,1.077,0.163,0.052,0.055,74.8,15,255.33
4374,113,3,small,19,0.0,0.0,0.196,0.912,0.318,0.163,0.075,10.6,6,1742.79
4375,113,5,medium,45,0.0,0.0,0.052,0.833,0.339,0.142,0.044,71.5,6,1742.79
4376,145,3,micro,29,0.0,0.0,0.562,0.904,0.129,0.215,0.058,109.7,16,324.35
4377,2,0,small,15,0.0,0.0,0.149,1.579,0.21,0.069,0.055,37.0,6,283.64
4378,103,9,large,167,0.0,0.0,0.063,1.379,0.129,0.086,0.014,88.5,4,66.53
4379,179,13,small,55,0.0,0.0,0.285,1.071,0.346,0.245,0.044,35.4,3,1808.04
4380,3,8,large,582,0.02,0.01,0.415,0.939,0.228,0.182,0.029,9.1,10,680.64
4381,138,4,medium,26,0.0,0.0,0.367,1.197,0.129,0.045,0.059,77.5,10,334.79
4382,55,17,small,6,0.0,0.0,0.289,1.424,0.189,0.055,0.018,20.4,12,376.64
4383,88,7,large,352,0.04,0.01,0.31,0.822,0.129,0.157,0.021,38.2,2,87.38
4384,179,16,large,130,0.01,0.0,0.401,1.088,0.383,0.233,0.05,131.5,19,1808.04
4385,82,3,small,45,0.0,0.0,0.323,1.341,0.163,0.196,0.061,29.4,5,650.6
4386,118,6,small,31,0.0,0.0,0.05,0.813,0.21,0.19,0.033,209.0,5,465.37
4387,20,16,small,63,0.0,0.0,0.268,0.998,0.129,0.202,0.035,10.0,3,642.68
4388,73,0,large,1812,0.12,0.04,0.37,1.116,0.21,0.238,0.062,63.4,1,709.56
4389,31,18,small,1,0.0,0.0,0.592,1.151,0.228,0.221,0.029,59.0,6,946.03
4390,120,7,large,329,0.0,0.0,0.531,0.858,0.228,0.126,0.033,204.7,8,327.35
4391,106,19,small,2,0.0,0.0,0.099,1.165,0.282,0.185,0.037,8.2,31,978.66
4392,65,14,large,92,0.01,0.0,0.449,1.125,0.228,0.15,0.032,48.1,11,576.08
4393,199,18,medium,216,0.02,0.01,0.338,1.65,0.129,0.156,0.022,65.2,20,47.32
4394,34,1,large,506,0.02,0.0,0.038,0.876,0.244,0.159,0.073,39.6,9,337.83
4395,167,14,small,10,0.0,0.0,0.322,1.37,0.258,0.241,0.034,94.4,9,989.1
4396,6,17,micro,4,0.0,0.0,0.165,0.846,0.189,0.154,0.023,50.6,22,719.97
4397,172,19,micro,24,0.0,0.0,0.292,0.554,0.163,0.097,0.017,103.0,23,137.4
4398,112,0,small,29,0.0,0.0,0.38,1.187,0.163,0.173,0.058,8.0,2,157.63
4399,167,1,medium,111,0.01,0.0,0.197,0.787,0.282,0.239,0.068,27.5,6,989.1
4400,156,14,small,21,0.0,0.0,0.492,1.439,0.258,0.224,0.032,17.6,4,958.89
4401,122,0,small,15,0.0,0.0,0.221,0.896,0.228,0.211,0.059,12.1,16,603.53
4402,83,0,micro,5,0.0,0.0,0.364,0.844,0.129,0.06,0.068,38.1,18,88.39
4403,138,10,micro,10,0.0,0.0,0.309,1.251,0.189,0.023,0.023,13.9,9,334.79
4404,167,10,medium,9,0.0,0.0,0.26,1.524,0.301,0.076,0.032,19.8,15,989.1
4405,113,12,small,19,0.0,0.0,0.496,1.114,0.333,0.253,0.035,6.2,9,1742.79
4406,97,0,small,49,0.0,0.0,0.351,0.762,0.129,0.154,0.071,82.1,16,192.68
4407,31,10,medium,206,0.02,0.01,0.677,1.558,0.27,0.202,0.029,30.3,1,946.03
4408,179,5,large,362,0.03,0.01,0.229,1.492,0.346,0.138,0.04,64.3,25,1808.04
4409,65,15,medium,107,0.02,0.01,0.4,1.508,0.244,0.114,0.026,25.9,65,576.08
4410,31,6,large,187,0.01,0.0,0.112,0.831,0.282,0.243,0.037,12.2,8,946.03
4411,9,7,micro,3,0.0,0.0,0.314,1.679,0.189,0.155,0.015,19.5,10,255.33
4412,156,13,small,24,0.0,0.0,0.329,0.994,0.282,0.084,0.033,50.3,5,958.89
4413,140,13,large,412,0.02,0.0,0.139,1.105,0.163,0.203,0.021,139.5,9,186.32
4414,31,1,micro,1,0.0,0.0,0.426,0.605,0.258,0.213,0.079,157.4,4,946.03
4415,113,12,micro,38,0.0,0.0,0.584,1.334,0.333,0.097,0.032,3.0,8,1742.79
4416,34,13,medium,26,0.0,0.0,0.033,1.516,0.228,0.195,0.03,140.5,13,337.83
4417,87,9,micro,2,0.0,0.0,0.192,1.149,0.129,0.152,0.021,10.4,6,206.18
4418,162,16,medium,115,0.0,0.0,0.518,0.741,0.244,0.202,0.027,21.7,15,472.76
4419,55,0,small,26,0.0,0.0,0.243,0.958,0.189,0.053,0.055,76.7,24,376.64
4420,3,19,micro,23,0.0,0.0,0.359,1.04,0.258,0.224,0.025,85.0,6,680.64
4421,48,7,small,11,0.0,0.0,0.352,0.864,0.163,0.188,0.028,0.7,6,209.27
4422,91,11,large,277,0.01,0.0,0.277,0.899,0.189,0.126,0.026,41.9,18,390.98
4423,59,0,small,166,0.01,0.0,0.24,1.776,0.21,0.153,0.07,53.6,18,393.68
4424,151,14,micro,7,0.0,0.0,0.286,1.157,0.129,0.015,0.026,29.7,13,209.86
4425,162,10,large,45,0.0,0.0,0.461,0.693,0.244,0.157,0.021,34.4,5,472.76
4426,59,19,small,22,0.0,0.0,0.171,1.357,0.163,0.03,0.027,199.2,12,393.68
4427,65,8,small,34,0.0,0.0,0.543,0.634,0.21,0.071,0.036,26.1,2,576.08
4428,120,14,micro,10,0.0,0.0,0.174,1.557,0.21,0.113,0.025,39.7,4,327.35
4429,156,1,medium,50,0.0,0.0,0.324,1.411,0.292,0.217,0.063,27.4,16,958.89
4430,185,1,medium,192,0.0,0.0,0.439,1.184,0.21,0.11,0.066,21.8,4,303.08
4431,71,18,micro,289,0.03,0.0,0.041,1.228,0.21,0.135,0.025,3.3,8,690.93
4432,179,5,small,11,0.0,0.0,0.267,1.801,0.346,0.137,0.043,26.7,20,1808.04
4433,46,18,medium,9,0.0,0.0,0.238,0.902,0.163,0.098,0.015,62.3,4,93.63
4434,6,1,small,26,0.0,0.0,0.075,1.047,0.282,0.074,0.059,54.1,27,719.97
4435,164,12,micro,6,0.0,0.0,0.05,0.762,0.228,0.097,0.033,10.0,27,388.92
4436,113,11,medium,525,0.03,0.01,0.276,2.057,0.378,0.12,0.032,13.4,5,1742.79
4437,16,19,large,70,0.0,0.0,0.131,0.563,0.129,0.151,0.019,14.3,1,53.9
4438,12,8,small,17,0.0,0.0,0.034,0.927,0.163,0.149,0.013,177.1,5,189.04
4439,3,0,micro,23,0.0,0.0,0.263,1.149,0.228,0.105,0.066,89.8,18,680.64
4440,71,9,large,91,0.01,0.0,0.115,1.27,0.244,0.174,0.022,4.2,3,690.93
4441,156,16,micro,5,0.0,0.0,0.765,1.036,0.189,0.102,0.036,5.7,31,958.89
4442,138,1,micro,314,0.03,0.0,0.055,0.872,0.163,0.121,0.06,46.3,3,334.79
4443,199,0,micro,5,0.0,0.0,0.103,1.194,0.129,0.011,0.053,3.6,16,47.32
4444,125,16,micro,4,0.0,0.0,0.051,0.998,0.318,0.191,0.036,20.1,7,1326.71
4445,27,16,micro,15,0.0,0.0,0.405,1.52,0.189,0.161,0.024,12.8,27,216.09
4446,191,3,micro,5,0.0,0.0,0.466,1.215,0.21,0.143,0.063,92.6,23,349.46
4447,143,13,medium,34,0.0,0.0,0.211,1.071,0.163,0.024,0.023,18.3,2,178.51
4448,85,1,micro,95,0.01,0.0,0.261,1.233,0.129,0.192,0.064,1.4,7,89.86
4449,61,15,medium,70,0.0,0.0,0.141,0.861,0.163,0.076,0.018,85.2,7,123.27
4450,55,6,small,38,0.0,0.0,0.161,1.106,0.189,0.186,0.028,10.4,6,376.64
4451,185,4,micro,23,0.0,0.0,0.679,0.823,0.129,0.09,0.071,31.0,10,303.08
4452,98,13,large,107,0.01,0.0,0.177,2.019,0.163,0.055,0.014,14.4,14,149.17
4453,113,18,small,64,0.01,0.0,0.147,1.445,0.301,0.241,0.049,13.3,9,1742.79
4454,167,0,small,14,0.0,0.0,0.675,0.709,0.292,0.121,0.067,7.3,24,989.1
4455,186,2,large,409,0.02,0.0,0.126,0.68,0.163,0.195,0.053,81.1,7,238.23
4456,0,5,micro,11,0.0,0.0,0.084,0.895,0.189,0.137,0.03,198.7,32,243.89
4457,195,18,micro,33,0.0,0.0,0.138,0.688,0.129,0.14,0.024,86.9,21,218.18
4458,15,17,micro,2,0.0,0.0,0.152,1.811,0.129,0.108,0.022,89.3,7,84.58
4459,167,18,small,45,0.0,0.0,0.442,0.996,0.189,0.136,0.025,39.9,6,989.1
4460,183,7,large,50,0.0,0.0,0.381,1.598,0.189,0.209,0.015,15.6,1,240.44
4461,120,4,medium,92,0.0,0.0,0.241,1.125,0.21,0.151,0.057,31.0,3,327.35
4462,118,3,small,4,0.0,0.0,0.444,0.639,0.163,0.104,0.055,35.8,8,465.37
4463,138,17,small,29,0.0,0.0,0.28,0.828,0.163,0.067,0.018,7.1,15,334.79
4464,81,4,medium,48,0.01,0.0,0.441,1.101,0.189,0.029,0.067,24.7,3,212.11
4465,40,10,small,41,0.01,0.0,0.202,0.939,0.189,0.132,0.019,13.9,3,310.59
4466,9,6,micro,3,0.0,0.0,0.243,1.159,0.163,0.019,0.015,26.9,7,255.33
4467,177,9,micro,22,0.0,0.0,0.134,0.879,0.244,0.041,0.021,10.3,1,634.94
4468,118,6,small,13,0.0,0.0,0.038,1.376,0.21,0.181,0.026,14.0,1,465.37
4469,143,5,small,33,0.0,0.0,0.373,0.98,0.163,0.158,0.027,1.6,9,178.51
4470,75,8,small,16,0.0,0.0,0.332,1.307,0.189,0.049,0.017,17.7,8,337.61
4471,166,6,small,31,0.0,0.0,0.438,0.732,0.189,0.057,0.026,30.1,18,337.67
4472,81,16,micro,6,0.0,0.0,0.5,0.608,0.129,0.19,0.028,54.6,5,212.11
4473,3,11,small,29,0.0,0.0,0.174,0.791,0.258,0.064,0.036,21.9,13,680.64
4474,75,3,small,28,0.0,0.0,0.378,1.238,0.163,0.101,0.065,1.9,4,337.61
4475,173,4,small,16,0.0,0.0,0.318,0.918,0.129,0.156,0.069,6.7,12,208.75
4476,177,1,small,11,0.0,0.0,0.012,0.815,0.244,0.044,0.062,65.5,4,634.94
4477,179,5,large,137,0.02,0.0,0.157,1.635,0.346,0.115,0.048,4.9,2,1808.04
4478,113,13,medium,118,0.01,0.0,0.251,1.17,0.357,0.257,0.035,18.7,1,1742.79
4479,185,3,micro,2,0.0,0.0,0.091,1.855,0.228,0.043,0.071,0.6,16,303.08
4480,113,1,small,17,0.0,0.0,0.617,1.243,0.368,0.215,0.083,18.5,23,1742.79
4481,34,6,small,15,0.0,0.0,0.378,1.116,0.189,0.066,0.015,122.0,6,337.83
4482,113,12,medium,22,0.0,0.0,0.346,1.416,0.333,0.26,0.048,19.3,5,1742.79
4483,177,9,micro,4,0.0,0.0,0.412,0.785,0.244,0.136,0.036,39.0,7,634.94
4484,162,6,micro,7,0.0,0.0,0.22,0.936,0.228,0.129,0.023,10.6,11,472.76
4485,105,17,large,142,0.01,0.0,0.316,1.271,0.189,0.038,0.03,118.8,10,222.31
4486,54,9,medium,22,0.0,0.0,0.158,0.609,0.228,0.172,0.032,48.2,28,416.13
4487,122,9,small,13,0.0,0.0,0.191,1.228,0.258,0.064,0.025,123.5,1,603.53
4488,179,0,small,265,0.02,0.01,0.402,1.401,0.31,0.155,0.081,0.3,2,1808.04
4489,43,12,micro,1,0.0,0.0,0.204,1.838,0.163,0.09,0.028,92.1,18,109.83
4490,167,9,small,68,0.01,0.0,0.143,1.933,0.292,0.088,0.04,30.5,4,989.1
4491,32,2,small,12,0.0,0.0,0.208,0.813,0.129,0.019,0.065,10.1,4,146.42
4492,179,4,small,130,0.01,0.01,0.515,1.919,0.373,0.283,0.079,7.4,18,1808.04
4493,143,4,small,50,0.0,0.0,0.2,0.909,0.129,0.099,0.053,51.7,4,178.51
4494,25,2,micro,4,0.0,0.0,0.103,0.949,0.163,0.187,0.068,25.5,19,165.82
4495,51,8,micro,21,0.0,0.0,0.471,1.403,0.129,0.071,0.015,151.9,11,100.98
4496,179,7,small,6,0.0,0.0,0.296,1.781,0.368,0.172,0.034,60.9,1,1808.04
4497,113,7,micro,16,0.0,0.0,0.152,1.481,0.31,0.257,0.044,18.6,14,1742.79
4498,106,5,micro,27,0.0,0.0,0.195,1.742,0.228,0.253,0.039,20.1,3,978.66
4499,7,8,medium,69,0.0,0.0,0.208,0.627,0.129,0.056,0.017,147.8,7,319.72
4500,20,10,small,2,0.0,0.0,0.124,0.925,0.244,0.205,0.021,9.5,10,642.68
4501,143,12,micro,4,0.0,0.0,0.286,1.214,0.163,0.184,0.03,70.8,5,178.51
4502,161,4,small,8,0.0,0.0,0.297,1.25,0.129,0.166,0.062,16.8,3,326.06
4503,177,14,small,8,0.0,0.0,0.19,1.304,0.228,0.147,0.032,14.0,8,634.94
4504,113,0,micro,4,0.0,0.0,0.53,1.159,0.282,0.142,0.072,10.3,9,1742.79
4505,73,15,small,8,0.0,0.0,0.407,1.405,0.244,0.239,0.036,82.9,11,709.56
4506,125,5,micro,3,0.0,0.0,0.669,0.446,0.318,0.206,0.032,0.7,2,1326.71
4507,125,7,small,17,0.0,0.0,0.141,0.794,0.31,0.125,0.034,33.7,1,1326.71
4508,5,11,medium,35,0.0,0.0,0.315,1.293,0.129,0.13,0.012,113.0,4,117.43
4509,179,12,small,55,0.0,0.0,0.542,1.19,0.318,0.179,0.045,34.6,2,1808.04
4510,133,8,small,51,0.01,0.0,0.207,1.503,0.163,0.101,0.02,90.0,2,238.31
4511,1,18,medium,35,0.0,0.0,0.11,0.98,0.129,0.132,0.018,18.7,5,129.25
4512,185,17,medium,23,0.0,0.0,0.211,0.966,0.189,0.066,0.021,102.5,22,303.08
4513,183,4,medium,18,0.0,0.0,0.519,1.014,0.163,0.097,0.067,11.6,11,240.44
4514,180,11,small,67,0.01,0.0,0.166,1.09,0.163,0.195,0.018,76.4,7,277.46
4515,179,14,micro,14,0.0,0.0,0.052,1.098,0.318,0.212,0.048,52.1,3,1808.04
4516,47,4,micro,11,0.0,0.0,0.347,1.255,0.163,0.128,0.067,37.9,7,427.14
4517,191,0,micro,43,0.0,0.0,0.186,1.232,0.189,0.166,0.06,6.1,21,349.46
4518,157,19,micro,7,0.0,0.0,0.437,0.979,0.129,0.088,0.032,94.7,15,238.37
4519,133,19,small,1,0.0,0.0,0.569,1.076,0.189,0.141,0.017,34.2,14,238.31
4520,180,6,medium,87,0.0,0.0,0.459,0.607,0.189,0.208,0.018,15.4,4,277.46
4521,86,4,small,12,0.0,0.0,0.454,1.189,0.189,0.213,0.062,5.0,9,370.7
4522,179,3,micro,23,0.0,0.0,0.221,1.011,0.352,0.189,0.082,18.9,13,1808.04
4523,125,13,micro,16,0.0,0.0,0.177,0.823,0.31,0.153,0.042,35.7,8,1326.71
4524,122,15,small,91,0.0,0.0,0.261,1.56,0.228,0.139,0.032,19.1,13,603.53
4525,135,8,medium,63,0.0,0.0,0.203,0.697,0.163,0.054,0.026,23.5,7,699.2
4526,156,4,micro,7,0.0,0.0,0.065,0.951,0.282,0.23,0.078,37.9,8,958.89
4527,106,8,small,8,0.0,0.0,0.552,0.817,0.258,0.246,0.022,42.5,8,978.66
4528,192,10,small,26,0.0,0.0,0.311,0.887,0.189,0.042,0.032,12.9,11,183.85
4529,20,10,medium,1146,0.33,0.13,0.398,3.002,0.244,0.044,0.026,110.9,3,642.68
4530,179,8,medium,40,0.0,0.0,0.231,1.109,0.31,0.241,0.031,101.6,52,1808.04
4531,135,0,medium,16,0.0,0.0,0.209,1.013,0.244,0.093,0.069,28.3,3,699.2
4532,179,9,medium,50,0.0,0.0,0.331,0.784,0.339,0.3,0.04,50.8,13,1808.04
4533,82,6,small,120,0.0,0.0,0.557,0.865,0.258,0.098,0.027,19.3,15,650.6
4534,167,11,large,370,0.01,0.0,0.369,0.867,0.282,0.125,0.039,103.7,25,989.1
4535,125,1,micro,63,0.0,0.0,0.211,1.053,0.258,0.165,0.065,37.7,53,1326.71
4536,167,17,medium,37,0.0,0.0,0.085,1.361,0.189,0.196,0.022,56.4,21,989.1
4537,73,17,small,57,0.01,0.0,0.144,0.979,0.21,0.164,0.032,11.0,10,709.56
4538,179,11,micro,4,0.0,0.0,0.187,0.853,0.357,0.185,0.043,8.3,6,1808.04
4539,179,14,small,131,0.01,0.0,0.368,1.559,0.318,0.129,0.036,9.0,25,1808.04
4540,111,8,small,12,0.0,0.0,0.238,1.104,0.163,0.156,0.018,18.7,15,144.53
4541,91,11,small,53,0.0,0.0,0.561,0.624,0.189,0.049,0.021,49.6,15,390.98
4542,122,12,small,17,0.0,0.0,0.536,1.428,0.244,0.199,0.02,97.1,5,603.53
4543,50,7,micro,35,0.0,0.0,0.332,1.125,0.129,0.08,0.023,0.2,12,205.22
4544,113,19,small,4,0.0,0.0,0.327,1.179,0.31,0.154,0.039,33.8,3,1742.79
4545,179,12,small,13,0.0,0.0,0.091,1.642,0.318,0.141,0.036,9.5,5,1808.04
4546,82,19,large,241,0.01,0.01,0.447,1.254,0.21,0.2,0.033,55.8,19,650.6
4547,156,8,medium,93,0.01,0.0,0.176,1.907,0.282,0.212,0.024,79.6,16,958.89
4548,125,0,medium,34,0.0,0.0,0.143,0.843,0.27,0.094,0.066,22.6,5,1326.71
4549,65,6,small,20,0.0,0.0,0.188,0.634,0.129,0.158,0.023,100.9,4,576.08
4550,114,13,small,29,0.0,0.0,0.135,0.943,0.129,0.093,0.026,262.7,31,122.44
4551,174,18,small,336,0.03,0.01,0.251,0.858,0.228,0.101,0.025,58.8,7,195.72
4552,119,12,medium,69,0.0,0.0,0.097,1.176,0.163,0.15,0.023,98.0,4,314.8
4553,144,9,large,275,0.01,0.0,0.07,0.825,0.129,0.048,0.025,5.1,4,192.46
4554,161,1,small,15,0.0,0.0,0.475,0.862,0.189,0.068,0.055,103.9,13,326.06
4555,6,2,micro,3,0.0,0.0,0.409,0.873,0.258,0.121,0.071,4.6,5,719.97
4556,6,1,large,585,0.06,0.02,0.264,0.819,0.282,0.151,0.067,43.1,6,719.97
4557,28,14,small,27,0.0,0.0,0.11,0.833,0.129,0.074,0.025,6.1,24,81.4
4558,39,16,micro,37,0.0,0.0,0.224,1.613,0.163,0.193,0.021,111.7,20,180.7
4559,166,3,micro,20,0.0,0.0,0.08,1.179,0.189,0.066,0.064,29.8,6,337.67
4560,106,6,micro,14,0.0,0.0,0.231,0.819,0.163,0.083,0.036,8.1,29,978.66
4561,47,9,small,12,0.0,0.0,0.347,0.93,0.163,0.026,0.017,9.5,11,427.14
4562,114,2,small,20,0.0,0.0,0.045,0.971,0.163,0.087,0.07,96.4,1,122.44
4563,157,8,small,5,0.0,0.0,0.402,0.828,0.189,0.207,0.028,21.5,11,238.37
4564,31,19,medium,37,0.0,0.0,0.145,1.019,0.258,0.101,0.023,4.5,6,946.03
4565,78,14,small,45,0.0,0.0,0.143,1.165,0.129,0.141,0.019,14.6,15,162.68
4566,48,3,medium,35,0.0,0.0,0.208,1.071,0.129,0.164,0.068,107.3,13,209.27
4567,135,1,large,185,0.01,0.0,0.087,1.218,0.189,0.084,0.061,28.4,4,699.2
4568,31,8,micro,5,0.0,0.0,0.129,1.431,0.258,0.082,0.035,3.3,16,946.03
4569,162,19,large,295,0.01,0.01,0.69,1.152,0.163,0.059,0.023,4.7,28,472.76
4570,53,15,small,33,0.0,0.0,0.3,0.877,0.129,0.066,0.031,13.5,18,273.6
4571,7,5,micro,16,0.0,0.0,0.148,0.657,0.129,0.181,0.026,54.0,1,319.72
4572,179,0,micro,23,0.0,0.0,0.158,0.767,0.31,0.178,0.082,6.1,5,1808.04
4573,75,8,small,15,0.0,0.0,0.292,1.2,0.189,0.052,0.017,138.1,9,337.61
4574,113,3,small,26,0.0,0.0,0.134,0.723,0.318,0.106,0.089,14.4,12,1742.79
4575,21,3,micro,36,0.0,0.0,0.073,2.136,0.129,0.108,0.059,75.4,1,118.42
4576,113,3,micro,3,0.0,0.0,0.504,0.818,0.318,0.235,0.087,41.3,12,1742.79
4577,55,14,large,759,0.03,0.0,0.131,0.814,0.163,0.088,0.018,19.9,2,376.64
4578,168,0,small,10,0.0,0.0,0.149,0.818,0.163,0.193,0.058,7.0,14,116.12
4579,149,11,micro,3,0.0,0.0,0.259,1.4,0.189,0.107,0.025,15.5,8,199.73
4580,137,15,small,33,0.0,0.0,0.37,1.097,0.129,0.091,0.026,12.3,4,107.55
4581,162,3,small,13,0.0,0.0,0.36,1.733,0.189,0.069,0.07,3.1,3,472.76
4582,71,17,medium,30,0.01,0.0,0.284,2.038,0.282,0.078,0.029,35.8,1,690.93
4583,106,1,small,6,0.0,0.0,0.758,2.711,0.244,0.207,0.073,19.0,1,978.66
4584,20,13,small,18,0.0,0.0,0.026,0.924,0.129,0.181,0.02,13.9,11,642.68
4585,10,3,medium,44,0.0,0.0,0.066,1.635,0.129,0.059,0.061,13.8,22,93.37
4586,73,16,large,147,0.01,0.0,0.046,1.303,0.228,0.191,0.022,10.4,1,709.56
4587,167,11,small,19,0.0,0.0,0.346,1.901,0.282,0.071,0.04,48.9,23,989.1
4588,125,11,medium,62,0.0,0.0,0.188,1.087,0.339,0.251,0.038,2.1,4,1326.71
4589,101,6,micro,27,0.0,0.0,0.269,0.947,0.129,0.154,0.027,78.9,12,97.45
4590,187,5,small,122,0.01,0.0,0.461,1.098,0.129,0.084,0.029,2.3,2,137.99
4591,106,9,small,29,0.0,0.0,0.243,0.586,0.292,0.253,0.03,43.7,8,978.66
4592,108,15,micro,5,0.0,0.0,0.474,1.284,0.163,0.024,0.031,7.0,13,192.01
4593,196,3,micro,11,0.0,0.0,0.268,0.573,0.163,0.105,0.055,4.7,23,61.32
4594,31,16,micro,21,0.0,0.0,0.247,1.702,0.27,0.24,0.04,10.9,4,946.03
4595,64,9,small,8,0.0,0.0,0.319,1.187,0.163,0.023,0.032,5.6,16,334.46
4596,106,9,small,7,0.0,0.0,0.305,0.683,0.292,0.07,0.031,28.9,14,978.66
4597,122,0,micro,90,0.01,0.0,0.172,1.192,0.228,0.061,0.06,126.3,11,603.53
4598,33,2,small,72,0.01,0.0,0.355,1.063,0.163,0.026,0.055,7.7,13,51.54
4599,73,8,micro,1,0.0,0.0,0.039,1.412,0.228,0.11,0.033,6.4,1,709.56
4600,55,19,medium,125,0.01,0.0,0.107,1.771,0.189,0.138,0.018,9.4,3,376.64
4601,173,5,medium,40,0.0,0.0,0.357,1.156,0.129,0.133,0.022,60.9,41,208.75
4602,167,0,small,28,0.0,0.0,0.461,1.613,0.292,0.172,0.062,85.2,1,989.1
4603,59,8,small,8,0.0,0.0,0.119,1.039,0.163,0.156,0.03,38.0,1,393.68
4604,105,0,small,6,0.0,0.0,0.247,1.136,0.163,0.038,0.064,147.1,3,222.31
4605,135,6,small,64,0.01,0.0,0.464,0.843,0.282,0.063,0.03,30.2,5,699.2
4606,6,7,small,32,0.0,0.0,0.573,0.904,0.228,0.069,0.025,170.1,2,719.97
4607,178,0,small,11,0.0,0.0,0.347,0.662,0.189,0.089,0.061,30.7,1,113.9
4608,113,15,micro,13,0.0,0.0,0.331,1.368,0.339,0.106,0.04,29.1,6,1742.79
4609,55,18,medium,19,0.0,0.0,0.532,0.731,0.21,0.135,0.033,14.1,18,376.64
4610,91,19,medium,10,0.0,0.0,0.438,1.016,0.244,0.074,0.024,53.7,4,390.98
4611,179,10,small,37,0.0,0.0,0.636,0.553,0.368,0.171,0.031,61.8,6,1808.04
4612,3,6,large,89,0.01,0.0,0.085,1.317,0.27,0.044,0.025,63.0,26,680.64
4613,31,14,small,17,0.0,0.0,0.453,0.825,0.258,0.164,0.033,46.6,26,946.03
4614,48,14,micro,19,0.0,0.0,0.123,0.968,0.189,0.068,0.03,112.4,17,209.27
4615,7,7,large,220,0.03,0.01,0.277,0.782,0.163,0.086,0.028,22.4,8,319.72
4616,55,11,large,542,0.04,0.03,0.706,1.178,0.163,0.068,0.025,41.1,2,376.64
4617,167,16,medium,44,0.0,0.0,0.268,0.739,0.258,0.123,0.023,49.3,24,989.1
4618,113,3,medium,71,0.01,0.0,0.247,1.396,0.318,0.291,0.07,89.2,2,1742.79
4619,125,0,small,11,0.0,0.0,0.367,1.743,0.27,0.268,0.072,107.7,12,1326.71
4620,34,10,large,12,0.0,0.0,0.113,1.38,0.129,0.178,0.026,13.2,17,337.83
4621,67,13,large,334,0.02,0.0,0.146,1.039,0.21,0.173,0.026,12.7,2,404.86
4622,179,11,large,300,0.01,0.0,0.298,0.913,0.357,0.131,0.039,186.1,5,1808.04
4623,54,11,small,35,0.0,0.0,0.298,1.833,0.163,0.188,0.024,11.8,6,416.13
4624,179,7,medium,27,0.0,0.0,0.388,1.591,0.368,0.204,0.05,3.3,24,1808.04
4625,136,13,small,21,0.0,0.0,0.408,0.79,0.129,0.104,0.011,68.2,9,67.81
4626,113,0,micro,1,0.0,0.0,0.102,1.759,0.282,0.207,0.076,12.9,3,1742.79
4627,41,3,small,52,0.0,0.0,0.301,0.879,0.129,0.113,0.057,4.8,13,176.16
4628,140,8,micro,22,0.0,0.0,0.454,0.736,0.129,0.055,0.014,80.8,12,186.32
4629,179,18,small,111,0.03,0.02,0.667,1.253,0.301,0.23,0.042,89.0,11,1808.04
4630,36,12,micro,14,0.0,0.0,0.323,0.725,0.163,0.024,0.027,83.1,3,182.89
4631,1,7,medium,10,0.0,0.0,0.42,1.007,0.129,0.082,0.028,53.5,4,129.25
4632,156,9,medium,109,0.01,0.0,0.526,1.125,0.244,0.121,0.026,13.6,7,958.89
4633,125,16,small,19,0.0,0.0,0.377,1.16,0.318,0.252,0.043,68.4,4,1326.71
4634,113,10,micro,5,0.0,0.0,0.177,1.35,0.301,0.159,0.032,32.3,9,1742.79
4635,106,0,small,3,0.0,0.0,0.528,1.129,0.27,0.157,0.061,67.6,13,978.66
4636,113,8,micro,9,0.0,0.0,0.12,0.919,0.333,0.282,0.037,10.0,17,1742.79
4637,86,7,small,26,0.0,0.0,0.411,0.912,0.189,0.198,0.024,100.2,3,370.7
4638,18,17,medium,28,0.0,0.0,0.485,1.607,0.129,0.021,0.011,133.0,29,59.86
4639,161,6,micro,11,0.0,0.0,0.275,1.279,0.129,0.055,0.026,64.4,9,326.06
4640,108,1,small,10,0.0,0.0,0.129,0.897,0.163,0.173,0.053,3.3,17,192.01
4641,167,7,small,23,0.0,0.0,0.138,1.259,0.282,0.235,0.041,33.7,1,989.1
4642,192,0,large,59,0.0,0.0,0.089,0.621,0.129,0.061,0.061,11.9,1,183.85
4643,41,16,small,11,0.0,0.0,0.183,0.752,0.129,0.142,0.027,86.3,1,176.16
4644,164,11,large,223,0.02,0.01,0.426,1.071,0.163,0.208,0.032,25.3,1,388.92
4645,191,9,medium,49,0.0,0.0,0.17,0.869,0.129,0.053,0.03,118.3,14,349.46
4646,152,7,micro,30,0.0,0.0,0.233,1.237,0.129,0.008,0.016,30.1,8,75.19
4647,61,8,small,19,0.0,0.0,0.086,0.894,0.129,0.122,0.025,22.4,10,123.27
4648,179,15,micro,6,0.0,0.0,0.327,1.273,0.326,0.297,0.045,10.5,17,1808.04
4649,164,3,medium,122,0.01,0.0,0.176,0.87,0.189,0.127,0.074,7.0,12,388.92
4650,106,1,medium,92,0.01,0.0,0.148,1.23,0.244,0.238,0.065,79.3,8,978.66
4651,122,11,micro,20,0.0,0.0,0.138,1.729,0.129,0.163,0.032,1.1,1,603.53
4652,151,17,medium,29,0.0,0.0,0.146,1.064,0.129,0.033,0.03,65.6,5,209.86
4653,31,11,micro,7,0.0,0.0,0.276,0.804,0.189,0.157,0.024,51.0,6,946.03
4654,179,15,medium,107,0.0,0.0,0.558,1.315,0.326,0.167,0.048,21.9,3,1808.04
4655,194,17,micro,5,0.0,0.0,0.251,0.775,0.129,0.119,0.021,4.2,3,176.48
4656,73,1,small,63,0.0,0.0,0.08,1.029,0.27,0.104,0.061,6.6,2,709.56
4657,149,11,medium,18,0.0,0.0,0.699,0.99,0.189,0.092,0.022,75.8,14,199.73
4658,98,16,medium,113,0.01,0.0,0.211,1.266,0.129,0.181,0.029,20.0,1,149.17
4659,3,12,small,6,0.0,0.0,0.064,1.929,0.21,0.149,0.025,72.4,14,680.64
4660,185,11,large,273,0.02,0.0,0.258,0.828,0.163,0.172,0.021,17.1,3,303.08
4661,31,15,small,14,0.0,0.0,0.519,1.156,0.31,0.081,0.033,87.3,19,946.03
4662,14,14,small,14,0.0,0.0,0.242,1.232,0.129,0.127,0.021,51.7,2,26.45
4663,167,10,micro,1,0.0,0.0,0.367,2.314,0.301,0.212,0.034,110.7,27,989.1
4664,5,0,small,2,0.0,0.0,0.212,0.826,0.129,0.139,0.052,61.9,10,117.43
4665,141,12,small,21,0.0,0.0,0.255,1.283,0.21,0.111,0.017,30.3,6,548.48
4666,179,4,small,9,0.0,0.0,0.382,1.438,0.373,0.152,0.074,7.5,4,1808.04
4667,92,5,medium,46,0.0,0.0,0.6,1.192,0.129,0.108,0.021,9.9,27,73.55
4668,10,13,small,14,0.0,0.0,0.243,1.247,0.129,0.116,0.028,15.1,4,93.37
4669,54,9,micro,16,0.0,0.0,0.329,1.228,0.228,0.058,0.015,22.4,12,416.13
4670,183,14,large,139,0.0,0.0,0.218,0.761,0.129,0.102,0.013,33.7,7,240.44
4671,107,7,small,38,0.0,0.0,0.268,1.617,0.129,0.042,0.028,2.9,2,176.72
4672,118,17,small,4,0.0,0.0,0.292,1.737,0.189,0.042,0.02,12.7,4,465.37
4673,35,8,micro,6,0.0,0.0,0.297,1.243,0.129,0.152,0.015,26.8,9,43.78
4674,179,9,micro,17,0.0,0.0,0.035,1.9,0.339,0.13,0.043,3.8,2,1808.04
4675,113,2,small,3,0.0,0.0,0.241,2.235,0.387,0.188,0.088,146.3,1,1742.79
4676,113,10,small,44,0.0,0.0,0.279,1.265,0.301,0.132,0.048,11.1,25,1742.79
4677,122,4,small,15,0.0,0.0,0.342,1.329,0.163,0.141,0.072,5.6,4,603.53
4678,159,15,small,32,0.0,0.0,0.304,1.138,0.163,0.176,0.015,6.4,8,286.16
4679,52,14,small,92,0.0,0.0,0.196,1.135,0.129,0.116,0.027,78.3,44,75.42
4680,180,0,micro,14,0.0,0.0,0.154,1.331,0.163,0.077,0.07,116.9,7,277.46
4681,42,9,small,15,0.0,0.0,0.197,0.971,0.189,0.043,0.015,2.4,15,132.2
4682,50,0,small,31,0.0,0.0,0.737,1.039,0.189,0.19,0.063,28.8,4,205.22
4683,2,11,medium,54,0.0,0.0,0.774,1.194,0.189,0.152,0.019,7.7,4,283.64
4684,3,18,micro,21,0.0,0.0,0.339,1.135,0.258,0.149,0.022,9.4,15,680.64
4685,104,17,micro,5,0.0,0.0,0.211,0.688,0.129,0.088,0.026,60.9,7,126.31
4686,47,4,small,49,0.0,0.0,0.119,0.781,0.163,0.175,0.071,22.8,1,427.14
4687,54,2,small,6,0.0,0.0,0.168,0.863,0.163,0.203,0.072,49.5,17,416.13
4688,195,15,medium,21,0.0,0.0,0.265,1.216,0.129,0.07,0.013,18.8,9,218.18
4689,179,10,small,11,0.0,0.0,0.427,1.432,0.368,0.172,0.048,12.0,9,1808.04
4690,73,8,small,24,0.0,0.0,0.278,1.053,0.228,0.138,0.019,41.5,7,709.56
4691,77,16,small,41,0.0,0.0,0.397,0.771,0.129,0.142,0.013,43.7,27,110.06
4692,70,5,large,113,0.0,0.0,0.282,0.834,0.129,0.08,0.012,41.3,34,213.02
4693,178,4,large,716,0.01,0.01,0.373,1.091,0.129,0.066,0.065,7.8,48,113.9
4694,20,12,medium,87,0.01,0.0,0.23,0.765,0.228,0.206,0.017,9.1,16,642.68
4695,124,5,medium,16,0.0,0.0,0.147,0.987,0.163,0.059,0.028,52.5,6,266.9
4696,47,8,large,148,0.01,0.0,0.092,1.081,0.163,0.211,0.018,14.7,1,427.14
4697,156,9,medium,71,0.01,0.0,0.084,1.188,0.244,0.197,0.025,64.3,9,958.89
4698,128,4,small,11,0.0,0.0,0.077,1.281,0.129,0.129,0.071,61.2,8,163.96
4699,88,1,small,7,0.0,0.0,0.197,1.46,0.129,0.165,0.056,45.2,1,87.38
4700,20,15,small,14,0.0,0.0,0.129,0.742,0.228,0.159,0.023,24.8,4,642.68
4701,159,15,medium,35,0.0,0.0,0.091,0.942,0.163,0.214,0.025,0.8,2,286.16
4702,16,11,small,32,0.0,0.0,0.068,0.716,0.129,0.192,0.011,31.7,6,53.9
4703,67,2,small,17,0.0,0.0,0.091,1.204,0.258,0.063,0.064,84.3,7,404.86
4704,64,9,small,14,0.0,0.0,0.214,0.772,0.163,0.075,0.027,40.1,1,334.46
4705,122,3,small,35,0.0,0.0,0.33,1.166,0.21,0.083,0.057,110.5,38,603.53
4706,113,17,large,65,0.02,0.01,0.496,1.47,0.326,0.121,0.038,43.8,1,1742.79
4707,67,13,small,55,0.01,0.0,0.336,0.893,0.21,0.055,0.015,20.6,5,404.86
4708,104,0,small,10,0.0,0.0,0.314,1.641,0.163,0.146,0.07,166.0,8,126.31
4709,106,0,medium,30,0.0,0.0,0.044,1.649,0.27,0.121,0.062,33.5,18,978.66
4710,122,19,medium,429,0.05,0.01,0.161,1.172,0.228,0.116,0.025,3.6,6,603.53
4711,179,0,small,9,0.0,0.0,0.466,1.766,0.31,0.173,0.071,52.9,29,1808.04
4712,31,17,small,28,0.0,0.0,0.182,1.684,0.244,0.181,0.036,10.1,9,946.03
4713,119,19,micro,75,0.01,0.0,0.03,0.954,0.129,0.047,0.018,34.1,4,314.8
4714,3,6,micro,22,0.0,0.0,0.642,1.03,0.27,0.101,0.027,75.4,5,680.64
4715,145,10,large,481,0.04,0.01,0.204,1.061,0.163,0.055,0.025,4.2,3,324.35
4716,133,12,small,64,0.0,0.0,0.111,1.131,0.189,0.127,0.03,142.7,5,238.31
4717,143,10,micro,3,0.0,0.0,0.208,0.519,0.163,0.079,0.016,23.1,7,178.51
4718,111,4,micro,9,0.0,0.0,0.052,1.295,0.129,0.088,0.061,100.5,6,144.53
4719,47,11,micro,62,0.0,0.0,0.249,1.191,0.21,0.178,0.027,32.5,9,427.14
4720,106,5,small,13,0.0,0.0,0.152,0.958,0.228,0.225,0.029,128.1,7,978.66
4721,3,3,large,98,0.02,0.0,0.198,1.375,0.258,0.19,0.068,203.9,11,680.64
4722,86,10,small,3,0.0,0.0,0.36,0.67,0.21,0.152,0.017,25.4,1,370.7
4723,167,7,micro,5,0.0,0.0,0.251,1.653,0.282,0.177,0.021,18.8,29,989.1
4724,75,0,small,26,0.0,0.0,0.143,0.891,0.189,0.114,0.074,7.7,2,337.61
4725,125,18,micro,9,0.0,0.0,0.47,0.806,0.292,0.12,0.033,45.5,14,1326.71
4726,65,0,micro,8,0.0,0.0,0.38,0.677,0.228,0.182,0.068,64.3,14,576.08
4727,31,18,small,7,0.0,0.0,0.367,0.847,0.228,0.221,0.022,29.1,6,946.03
4728,113,3,medium,65,0.0,0.0,0.078,1.658,0.318,0.224,0.076,11.4,4,1742.79
4729,6,2,micro,39,0.0,0.0,0.457,1.412,0.258,0.168,0.076,56.0,11,719.97
4730,179,1,small,37,0.0,0.0,0.144,1.666,0.352,0.199,0.088,45.4,9,1808.04
4731,161,8,medium,78,0.01,0.0,0.54,1.452,0.21,0.062,0.017,12.1,5,326.06
4732,198,11,small,16,0.0,0.0,0.226,0.916,0.163,0.144,0.023,30.0,10,157.31
4733,197,18,small,13,0.0,0.0,0.161,1.113,0.129,0.097,0.031,35.1,8,173.08
4734,154,15,medium,32,0.0,0.0,0.563,0.911,0.163,0.196,0.015,24.2,3,198.95
4735,161,3,medium,113,0.0,0.0,0.072,0.793,0.21,0.112,0.065,1.5,2,326.06
4736,113,3,small,13,0.0,0.0,0.677,1.401,0.318,0.194,0.07,57.0,14,1742.79
4737,54,0,medium,41,0.0,0.0,0.337,1.063,0.228,0.222,0.061,49.7,6,416.13
4738,166,13,large,73,0.0,0.0,0.272,0.684,0.163,0.026,0.014,22.5,5,337.67
4739,65,0,micro,22,0.0,0.0,0.179,1.057,0.228,0.121,0.062,103.6,1,576.08
4740,135,2,micro,16,0.0,0.0,0.116,0.787,0.292,0.219,0.074,34.3,1,699.2
4741,154,12,small,188,0.01,0.0,0.286,0.497,0.163,0.086,0.021,13.6,3,198.95
4742,120,3,micro,6,0.0,0.0,0.299,0.733,0.163,0.144,0.056,28.3,14,327.35
4743,136,3,medium,136,0.0,0.0,0.542,1.113,0.129,0.141,0.058,53.9,6,67.81
4744,71,4,micro,16,0.0,0.0,0.114,1.235,0.228,0.038,0.065,33.2,13,690.93
4745,157,7,small,10,0.0,0.0,0.429,1.096,0.163,0.185,0.02,51.1,23,238.37
4746,180,0,medium,72,0.0,0.0,0.198,0.515,0.163,0.061,0.062,75.8,7,277.46
4747,113,14,small,1,0.0,0.0,0.533,0.674,0.326,0.2,0.043,63.2,3,1742.79
4748,31,15,small,94,0.01,0.0,0.305,0.984,0.31,0.241,0.023,122.6,9,946.03
4749,125,7,micro,46,0.0,0.0,0.75,1.019,0.31,0.165,0.034,9.7,6,1326.71
4750,76,15,medium,81,0.01,0.0,0.151,1.075,0.163,0.192,0.031,41.8,3,161.91
4751,98,5,small,56,0.0,0.0,0.325,1.125,0.163,0.063,0.019,129.4,4,149.17
4752,34,19,medium,39,0.0,0.0,0.014,0.939,0.21,0.109,0.03,48.4,5,337.83
4753,125,7,small,30,0.0,0.0,0.623,1.364,0.31,0.136,0.039,99.0,14,1326.71
4754,162,13,large,435,0.01,0.0,0.127,0.849,0.189,0.095,0.033,61.1,5,472.76
4755,159,6,small,22,0.0,0.0,0.082,1.276,0.163,0.164,0.013,140.3,3,286.16
4756,197,9,small,4,0.0,0.0,0.213,1.077,0.129,0.079,0.02,3.8,6,173.08
4757,54,12,medium,32,0.0,0.0,0.329,1.265,0.21,0.042,0.02,45.1,8,416.13
4758,179,6,medium,99,0.0,0.0,0.199,1.154,0.292,0.114,0.03,0.8,6,1808.04
4759,155,13,large,112,0.0,0.0,0.773,0.922,0.163,0.103,0.027,1.8,2,72.65
4760,148,2,small,10,0.0,0.0,0.459,0.95,0.189,0.175,0.07,14.3,6,250.12
4761,141,9,large,53,0.0,0.0,0.313,1.895,0.21,0.172,0.02,12.4,16,548.48
4762,116,5,small,5,0.0,0.0,0.408,1.094,0.163,0.072,0.026,41.0,6,143.35
4763,86,18,large,374,0.02,0.01,0.229,0.96,0.228,0.218,0.024,29.0,4,370.7
4764,180,16,small,15,0.0,0.0,0.125,1.109,0.163,0.094,0.015,43.1,8,277.46
4765,34,9,small,36,0.0,0.0,0.462,1.244,0.163,0.153,0.024,66.5,10,337.83
4766,42,9,small,10,0.0,0.0,0.059,1.473,0.189,0.057,0.023,37.3,22,132.2
4767,3,16,micro,7,0.0,0.0,0.182,1.115,0.228,0.231,0.034,55.7,8,680.64
4768,156,13,medium,60,0.0,0.0,0.746,0.99,0.282,0.216,0.034,26.2,14,958.89
4769,179,13,large,41,0.0,0.0,0.433,1.28,0.346,0.131,0.044,0.7,8,1808.04
4770,47,10,small,5,0.0,0.0,0.029,0.75,0.21,0.04,0.032,39.4,3,427.14
4771,5,17,medium,98,0.01,0.0,0.563,0.864,0.129,0.128,0.019,45.4,4,117.43
4772,60,3,small,26,0.0,0.0,0.109,1.052,0.163,0.098,0.062,43.8,11,91.91
4773,178,17,small,6,0.0,0.0,0.126,0.537,0.163,0.027,0.017,10.2,1,113.9
4774,3,10,small,18,0.0,0.0,0.195,0.979,0.228,0.229,0.034,2.6,2,680.64
4775,21,12,micro,3,0.0,0.0,0.06,1.274,0.129,0.196,0.029,151.8,37,118.42
4776,3,19,micro,11,0.0,0.0,0.037,1.258,0.258,0.104,0.031,17.1,1,680.64
4777,180,8,small,5,0.0,0.0,0.288,0.745,0.129,0.21,0.014,21.7,45,277.46
4778,31,13,micro,8,0.0,0.0,0.104,0.956,0.27,0.252,0.028,25.6,1,946.03
4779,179,10,small,4,0.0,0.0,0.374,1.277,0.368,0.2,0.043,128.7,1,1808.04
4780,111,18,medium,52,0.0,0.0,0.147,0.778,0.163,0.091,0.024,146.5,4,144.53
4781,90,9,medium,6,0.0,0.0,0.396,1.068,0.163,0.107,0.028,44.0,1,163.54
4782,102,5,small,10,0.0,0.0,0.342,1.098,0.163,0.061,0.02,84.3,11,105.35
4783,98,9,small,20,0.0,0.0,0.29,1.535,0.129,0.179,0.025,31.5,6,149.17
4784,76,18,micro,3,0.0,0.0,0.578,0.958,0.129,0.201,0.018,1.8,4,161.91
4785,166,10,micro,22,0.0,0.0,0.189,0.859,0.21,0.038,0.027,28.6,19,337.67
4786,113,2,small,40,0.0,0.0,0.503,1.131,0.387,0.257,0.085,3.3,5,1742.79
4787,195,10,large,441,0.04,0.02,0.345,1.327,0.189,0.139,0.022,7.0,3,218.18
4788,113,7,micro,7,0.0,0.0,0.357,1.814,0.31,0.145,0.047,14.5,21,1742.79
4789,167,12,medium,29,0.0,0.0,0.427,1.454,0.244,0.099,0.025,72.2,14,989.1
4790,156,4,medium,65,0.0,0.0,0.25,1.018,0.282,0.248,0.073,54.5,41,958.89
4791,91,6,small,4,0.0,0.0,0.315,0.541,0.163,0.074,0.031,82.9,3,390.98
4792,162,10,small,4,0.0,0.0,0.13,1.172,0.244,0.197,0.035,1.4,1,472.76
4793,34,2,micro,10,0.0,0.0,0.464,1.214,0.21,0.063,0.06,7.2,10,337.83
4794,52,4,micro,19,0.0,0.0,0.297,0.978,0.129,0.191,0.066,88.3,9,75.42
4795,125,16,micro,15,0.0,0.0,0.882,1.13,0.318,0.132,0.037,17.4,7,1326.71
4796,149,18,small,33,0.0,0.0,0.237,1.534,0.189,0.037,0.014,14.4,5,199.73
4797,134,19,small,11,0.0,0.0,0.543,1.004,0.129,0.148,0.012,15.5,5,59.18
4798,113,18,micro,43,0.0,0.0,0.454,1.032,0.301,0.275,0.037,2.8,44,1742.79
4799,31,18,micro,13,0.0,0.0,0.141,0.874,0.228,0.056,0.032,25.7,7,946.03
4800,84,16,small,30,0.0,0.0,0.214,1.254,0.129,0.179,0.024,3.7,3,66.12
4801,125,14,large,121,0.02,0.01,0.35,1.016,0.301,0.266,0.039,62.5,2,1326.71
4802,55,4,small,30,0.0,0.0,0.036,1.475,0.189,0.026,0.07,39.4,2,376.64
4803,132,8,small,12,0.0,0.0,0.138,1.241,0.129,0.045,0.014,12.3,4,51.3
4804,58,7,small,18,0.0,0.0,0.116,0.845,0.163,0.173,0.027,32.6,28,206.7
4805,20,14,small,7,0.0,0.0,0.243,1.511,0.189,0.182,0.018,33.3,37,642.68
4806,73,9,small,9,0.0,0.0,0.162,1.539,0.27,0.122,0.036,86.3,7,709.56
4807,66,7,medium,31,0.0,0.0,0.062,1.9,0.163,0.123,0.022,30.5,1,138.1
4808,166,16,large,46,0.0,0.0,0.044,0.75,0.189,0.189,0.015,16.1,25,337.67
4809,113,14,medium,40,0.0,0.0,0.382,0.756,0.326,0.294,0.037,66.2,3,1742.79
4810,9,7,medium,71,0.01,0.0,0.286,1.289,0.189,0.189,0.032,8.4,13,255.33
4811,167,8,small,21,0.0,0.0,0.069,1.377,0.163,0.099,0.035,261.8,27,989.1
4812,65,17,small,47,0.0,0.0,0.403,1.334,0.258,0.195,0.019,116.1,6,576.08
4813,122,14,micro,29,0.0,0.0,0.156,1.442,0.189,0.075,0.018,77.0,10,603.53
4814,118,13,micro,12,0.0,0.0,0.201,1.06,0.21,0.153,0.018,58.2,11,465.37
4815,190,14,micro,17,0.0,0.0,0.46,0.844,0.129,0.101,0.018,32.2,11,94.96
4816,64,2,small,15,0.0,0.0,0.268,1.56,0.163,0.202,0.069,4.5,10,334.46
4817,32,11,micro,9,0.0,0.0,0.108,1.174,0.129,0.167,0.015,11.3,2,146.42
4818,65,5,small,58,0.0,0.0,0.504,1.099,0.244,0.041,0.017,7.1,8,576.08
4819,122,1,small,13,0.0,0.0,0.308,1.03,0.228,0.05,0.061,39.5,23,603.53
4820,54,14,large,585,0.03,0.0,0.183,1.371,0.129,0.111,0.027,27.6,9,416.13
4821,76,6,large,40,0.0,0.0,0.519,1.02,0.129,0.176,0.031,114.2,33,161.91
4822,135,6,medium,273,0.02,0.01,0.59,1.898,0.282,0.133,0.032,47.9,6,699.2
4823,29,12,micro,21,0.0,0.0,0.119,1.498,0.163,0.18,0.016,31.7,9,110.86
4824,180,13,small,14,0.0,0.0,0.194,0.754,0.189,0.115,0.015,2.1,7,277.46
4825,114,9,micro,1,0.0,0.0,0.494,1.053,0.129,0.173,0.029,130.3,1,122.44
4826,113,11,medium,93,0.01,0.0,0.011,0.969,0.378,0.244,0.032,29.1,8,1742.79
4827,82,16,small,11,0.0,0.0,0.402,1.075,0.189,0.166,0.033,77.1,26,650.6
4828,61,2,micro,2,0.0,0.0,0.095,1.08,0.21,0.073,0.067,149.2,14,123.27
4829,113,1,medium,33,0.0,0.0,0.402,1.273,0.368,0.24,0.076,44.3,14,1742.79
4830,113,13,micro,73,0.0,0.0,0.215,0.861,0.357,0.168,0.038,40.8,5,1742.79
4831,7,12,medium,39,0.0,0.0,0.432,1.523,0.163,0.146,0.025,51.6,7,319.72
4832,172,3,micro,21,0.0,0.0,0.13,0.857,0.163,0.143,0.06,75.0,17,137.4
4833,167,10,small,20,0.0,0.0,0.191,1.27,0.301,0.202,0.04,29.2,5,989.1
4834,106,14,micro,3,0.0,0.0,0.167,0.985,0.244,0.123,0.026,114.3,9,978.66
4835,75,14,micro,146,0.01,0.0,0.439,0.904,0.189,0.098,0.028,18.1,5,337.61
4836,113,11,large,41,0.0,0.0,0.113,1.139,0.378,0.16,0.029,13.3,27,1742.79
4837,55,2,medium,43,0.01,0.0,0.039,2.218,0.21,0.2,0.054,21.8,3,376.64
4838,0,6,large,376,0.04,0.01,0.214,1.418,0.163,0.154,0.028,156.0,4,243.89
4839,82,8,medium,130,0.02,0.0,0.135,1.12,0.189,0.199,0.027,155.9,4,650.6
4840,3,15,micro,7,0.0,0.0,0.018,1.834,0.228,0.219,0.026,59.8,15,680.64
4841,6,10,small,61,0.0,0.0,0.337,0.687,0.21,0.162,0.029,6.0,36,719.97
4842,3,14,micro,5,0.0,0.0,0.321,0.938,0.258,0.176,0.034,25.4,4,680.64
4843,177,18,medium,16,0.0,0.0,0.351,1.366,0.258,0.228,0.026,263.1,4,634.94
4844,31,12,small,9,0.0,0.0,0.243,0.784,0.189,0.159,0.029,6.7,15,946.03
4845,64,4,micro,8,0.0,0.0,0.278,0.831,0.129,0.045,0.073,72.6,36,334.46
4846,113,2,small,47,0.0,0.0,0.253,1.249,0.387,0.144,0.074,86.7,5,1742.79
4847,113,0,micro,19,0.0,0.0,0.078,1.516,0.282,0.254,0.081,63.2,22,1742.79
4848,31,3,medium,245,0.01,0.0,0.292,1.055,0.318,0.095,0.08,3.0,5,946.03
4849,179,5,small,41,0.0,0.0,0.256,1.627,0.346,0.256,0.043,14.1,18,1808.04
4850,58,5,micro,8,0.0,0.0,0.302,0.999,0.129,0.059,0.027,35.2,13,206.7
4851,180,13,large,82,0.01,0.0,0.225,1.058,0.189,0.204,0.02,5.1,5,277.46
4852,65,3,medium,60,0.0,0.0,0.159,1.5,0.21,0.119,0.067,51.2,6,576.08
4853,0,8,medium,91,0.01,0.0,0.242,0.82,0.189,0.201,0.027,60.4,25,243.89
4854,190,0,small,6,0.0,0.0,0.273,1.479,0.129,0.103,0.068,32.9,2,94.96
4855,113,5,micro,13,0.0,0.0,0.085,1.407,0.339,0.282,0.046,32.4,5,1742.79
4856,177,0,large,204,0.04,0.01,0.28,1.552,0.258,0.13,0.063,145.4,4,634.94
4857,156,14,small,16,0.0,0.0,0.245,0.936,0.258,0.179,0.024,5.3,2,958.89
4858,43,7,micro,99,0.01,0.01,0.506,1.258,0.163,0.153,0.027,164.4,26,109.83
4859,172,9,large,111,0.01,0.0,0.446,1.186,0.163,0.101,0.017,24.3,7,137.4
4860,6,15,small,4,0.0,0.0,0.206,0.936,0.228,0.161,0.03,270.6,6,719.97
4861,113,17,micro,44,0.0,0.0,0.661,0.983,0.326,0.155,0.034,47.3,1,1742.79
4862,64,10,large,1121,0.08,0.03,0.321,1.134,0.163,0.122,0.017,4.3,8,334.46
4863,82,12,small,34,0.0,0.0,0.29,1.165,0.189,0.171,0.035,23.5,13,650.6
4864,156,14,small,4,0.0,0.0,0.123,1.489,0.258,0.058,0.029,31.4,8,958.89
4865,141,5,large,416,0.05,0.02,0.429,0.608,0.189,0.043,0.023,21.8,2,548.48
4866,106,14,large,70,0.0,0.0,0.194,1.553,0.244,0.105,0.035,20.2,19,978.66
4867,6,13,small,16,0.0,0.0,0.294,1.367,0.21,0.071,0.033,72.5,8,719.97
4868,6,8,large,91,0.01,0.0,0.105,1.516,0.189,0.199,0.032,68.4,1,719.97
4869,145,6,micro,151,0.01,0.0,0.572,1.518,0.189,0.031,0.029,73.3,60,324.35
4870,183,19,micro,17,0.0,0.0,0.417,0.787,0.228,0.158,0.017,0.1,26,240.44
4871,172,19,medium,181,0.01,0.0,0.183,1.253,0.163,0.171,0.028,6.6,3,137.4
4872,31,13,micro,15,0.0,0.0,0.229,0.756,0.27,0.101,0.028,42.5,1,946.03
4873,31,7,micro,2,0.0,0.0,0.356,0.713,0.258,0.141,0.036,87.7,5,946.03
4874,125,15,micro,11,0.0,0.0,0.26,0.951,0.333,0.168,0.036,30.9,35,1326.71
4875,135,13,small,86,0.0,0.0,0.332,1.233,0.189,0.211,0.036,26.1,8,699.2
4876,125,10,micro,5,0.0,0.0,0.551,1.083,0.301,0.259,0.026,41.0,4,1326.71
4877,179,2,small,30,0.0,0.0,0.17,1.155,0.318,0.189,0.078,31.0,50,1808.04
4878,58,18,small,8,0.0,0.0,0.191,1.196,0.21,0.203,0.028,55.4,2,206.7
4879,41,4,micro,24,0.0,0.0,0.324,0.794,0.129,0.125,0.059,11.5,27,176.16
4880,179,7,micro,3,0.0,0.0,0.596,2.101,0.368,0.29,0.046,7.6,9,1808.04
4881,151,6,small,36,0.0,0.0,0.518,0.967,0.129,0.031,0.024,51.8,2,209.86
4882,149,3,medium,56,0.0,0.0,0.371,0.909,0.189,0.167,0.054,81.7,9,199.73
4883,75,0,small,16,0.0,0.0,0.225,0.802,0.189,0.041,0.071,113.6,5,337.61
4884,126,18,large,196,0.01,0.0,0.342,1.594,0.129,0.195,0.013,85.0,5,55.12
4885,153,14,medium,113,0.01,0.0,0.328,1.395,0.163,0.179,0.021,33.4,9,187.21
4886,125,0,medium,32,0.0,0.0,0.366,1.638,0.27,0.239,0.08,1.9,20,1326.71
4887,156,13,small,20,0.0,0.0,0.436,1.075,0.282,0.087,0.034,27.8,9,958.89
4888,125,2,medium,18,0.0,0.0,0.199,0.942,0.244,0.218,0.084,21.7,6,1326.71
4889,192,14,small,24,0.0,0.0,0.496,1.192,0.189,0.043,0.028,123.7,25,183.85
4890,113,10,large,71,0.01,0.0,0.204,1.23,0.301,0.257,0.047,44.3,9,1742.79
4891,2,19,micro,2,0.0,0.0,0.619,1.086,0.129,0.204,0.03,19.2,15,283.64
4892,39,8,small,7,0.0,0.0,0.077,1.199,0.129,0.14,0.031,5.9,3,180.7
4893,186,14,micro,14,0.0,0.0,0.221,0.506,0.163,0.137,0.019,69.0,11,238.23
4894,108,0,small,28,0.0,0.0,0.495,1.205,0.189,0.195,0.054,67.3,19,192.01
4895,31,18,small,47,0.0,0.0,0.19,1.526,0.228,0.173,0.035,8.5,20,946.03
4896,34,11,micro,6,0.0,0.0,0.076,1.186,0.189,0.112,0.018,3.1,33,337.83
4897,3,6,large,21,0.0,0.0,0.5,1.588,0.27,0.226,0.019,6.0,7,680.64
4898,55,2,large,400,0.07,0.03,0.406,1.321,0.21,0.069,0.07,1.6,15,376.64
4899,194,12,small,7,0.0,0.0,0.222,1.133,0.129,0.041,0.016,34.8,17,176.48
4900,73,14,micro,25,0.0,0.0,0.401,1.558,0.189,0.104,0.026,60.7,6,709.56
4901,64,1,small,31,0.0,0.0,0.086,0.988,0.21,0.194,0.062,191.9,5,334.46
4902,138,3,large,55,0.0,0.0,0.573,0.669,0.189,0.049,0.063,30.7,8,334.79
4903,140,7,micro,3,0.0,0.0,0.347,0.954,0.129,0.04,0.032,76.5,5,186.32
4904,187,17,medium,4,0.0,0.0,0.215,1.252,0.163,0.106,0.012,37.8,2,137.99
4905,154,19,micro,12,0.0,0.0,0.695,0.758,0.129,0.02,0.02,2.7,26,198.95
4906,26,14,small,11,0.0,0.0,0.367,0.897,0.129,0.01,0.023,42.2,11,46.95
4907,194,0,medium,17,0.0,0.0,0.494,1.148,0.21,0.191,0.056,88.0,1,176.48
4908,156,18,medium,181,0.01,0.0,0.381,1.092,0.228,0.209,0.031,45.2,10,958.89
4909,65,0,micro,48,0.0,0.0,0.345,0.833,0.228,0.186,0.059,17.2,4,576.08
4910,65,17,micro,7,0.0,0.0,0.035,1.113,0.258,0.055,0.022,38.7,1,576.08
4911,185,8,micro,2,0.0,0.0,0.154,1.005,0.163,0.13,0.02,95.1,20,303.08
4912,48,14,large,135,0.02,0.01,0.304,1.931,0.189,0.187,0.024,20.6,7,209.27
4913,55,1,micro,9,0.0,0.0,0.253,1.111,0.228,0.092,0.063,26.0,1,376.64
4914,82,3,micro,5,0.0,0.0,0.4,0.83,0.163,0.124,0.069,11.5,1,650.6
4915,141,9,small,6,0.0,0.0,0.64,1.25,0.21,0.133,0.023,13.6,7,548.48
4916,104,0,small,17,0.0,0.0,0.247,1.109,0.163,0.037,0.054,76.0,13,126.31
4917,72,7,medium,12,0.0,0.0,0.459,1.191,0.189,0.091,0.016,7.3,2,143.19
4918,65,15,small,9,0.0,0.0,0.12,0.935,0.244,0.125,0.031,55.6,23,576.08
4919,31,13,small,31,0.0,0.0,0.389,1.581,0.27,0.082,0.025,27.6,9,946.03
4920,118,7,micro,7,0.0,0.0,0.107,1.198,0.228,0.151,0.029,19.6,4,465.37
4921,67,0,small,125,0.0,0.0,0.178,1.261,0.189,0.113,0.059,10.5,6,404.86
4922,75,5,micro,12,0.0,0.0,0.209,1.644,0.163,0.18,0.025,148.0,11,337.61
4923,2,15,small,43,0.0,0.0,0.419,0.653,0.129,0.159,0.028,18.7,1,283.64
4924,113,6,micro,73,0.01,0.0,0.207,1.09,0.31,0.21,0.04,7.0,14,1742.79
4925,144,7,micro,38,0.0,0.0,0.437,0.708,0.163,0.107,0.03,38.6,11,192.46
4926,179,1,large,182,0.01,0.0,0.155,1.178,0.352,0.237,0.082,52.8,16,1808.04
4927,50,12,medium,33,0.0,0.0,0.289,1.068,0.163,0.075,0.014,48.5,39,205.22
4928,179,12,small,16,0.0,0.0,0.529,0.909,0.318,0.142,0.031,90.1,14,1808.04
4929,82,8,micro,3,0.0,0.0,0.556,1.233,0.189,0.051,0.02,14.1,4,650.6
4930,165,15,micro,52,0.0,0.0,0.614,1.117,0.129,0.185,0.014,39.4,4,224.25
4931,179,17,micro,19,0.0,0.0,0.568,1.032,0.292,0.264,0.031,13.3,7,1808.04
4932,185,15,medium,44,0.0,0.0,0.34,0.788,0.129,0.18,0.033,31.1,5,303.08
4933,73,10,large,108,0.01,0.0,0.364,1.358,0.282,0.217,0.023,24.2,1,709.56
4934,65,18,medium,143,0.02,0.01,0.566,1.867,0.228,0.033,0.029,12.0,2,576.08
4935,106,7,small,27,0.0,0.0,0.088,0.525,0.189,0.165,0.024,12.7,2,978.66
4936,119,13,micro,19,0.0,0.0,0.133,1.061,0.129,0.211,0.025,79.2,3,314.8
4937,143,11,large,34,0.0,0.0,0.416,0.873,0.129,0.064,0.031,11.6,10,178.51
4938,143,16,micro,6,0.0,0.0,0.164,1.207,0.129,0.034,0.03,16.2,14,178.51
4939,29,9,micro,11,0.0,0.0,0.213,1.03,0.163,0.032,0.024,164.0,9,110.86
4940,125,11,micro,6,0.0,0.0,0.079,1.27,0.339,0.233,0.04,11.8,15,1326.71
4941,40,9,micro,70,0.0,0.0,0.289,0.765,0.21,0.177,0.019,111.8,3,310.59
4942,148,2,micro,8,0.0,0.0,0.114,0.763,0.189,0.071,0.061,6.8,2,250.12
4943,191,17,medium,155,0.01,0.0,0.395,1.318,0.244,0.046,0.026,68.3,21,349.46
4944,159,17,small,4,0.0,0.0,0.435,1.003,0.163,0.184,0.028,17.6,1,286.16
4945,144,14,small,41,0.0,0.0,0.456,1.191,0.189,0.091,0.014,105.7,1,192.46
4946,17,6,medium,58,0.01,0.0,0.242,0.947,0.129,0.024,0.022,104.5,8,203.21
4947,47,7,small,10,0.0,0.0,0.418,0.743,0.189,0.095,0.018,4.3,15,427.14
4948,82,0,small,21,0.0,0.0,0.317,0.978,0.21,0.052,0.073,28.1,4,650.6
4949,179,1,small,30,0.0,0.0,0.335,1.191,0.352,0.282,0.07,2.1,5,1808.04
4950,73,10,micro,9,0.0,0.0,0.214,0.795,0.282,0.103,0.029,33.2,2,709.56
4951,167,0,small,4,0.0,0.0,0.352,1.733,0.292,0.104,0.066,9.3,8,989.1
4952,22,1,small,41,0.0,0.0,0.097,1.491,0.163,0.171,0.056,169.2,21,158.78
4953,135,5,small,46,0.0,0.0,0.183,0.43,0.244,0.168,0.033,87.3,13,699.2
4954,161,7,micro,8,0.0,0.0,0.325,0.841,0.189,0.127,0.021,6.6,5,326.06
4955,118,9,small,14,0.0,0.0,0.318,0.874,0.129,0.09,0.016,2.0,21,465.37
4956,159,6,micro,6,0.0,0.0,0.478,0.82,0.163,0.032,0.029,25.9,5,286.16
4957,152,18,small,39,0.0,0.0,0.177,1.032,0.163,0.169,0.017,39.1,17,75.19
4958,112,19,small,24,0.0,0.0,0.417,0.874,0.129,0.075,0.026,55.5,44,157.63
4959,176,1,micro,14,0.0,0.0,0.295,1.706,0.163,0.17,0.052,26.2,1,150.36
4960,76,19,small,37,0.0,0.0,0.452,1.474,0.21,0.162,0.02,125.7,5,161.91
4961,101,3,small,37,0.0,0.0,0.286,1.581,0.189,0.201,0.054,60.2,2,97.45
4962,116,6,small,7,0.0,0.0,0.487,1.501,0.163,0.184,0.016,67.4,1,143.35
4963,31,16,micro,7,0.0,0.0,0.812,0.826,0.27,0.066,0.035,9.6,11,946.03
4964,113,13,micro,50,0.01,0.0,0.385,1.525,0.357,0.15,0.04,1.5,3,1742.79
4965,73,1,micro,24,0.0,0.0,0.462,0.933,0.27,0.079,0.059,2.6,21,709.56
4966,65,15,small,25,0.0,0.0,0.207,1.529,0.244,0.213,0.024,13.2,7,576.08
4967,122,13,micro,9,0.0,0.0,0.186,0.772,0.228,0.221,0.029,15.6,9,603.53
4968,73,19,small,10,0.0,0.0,0.299,1.567,0.21,0.142,0.021,61.7,3,709.56
4969,174,18,large,1782,0.03,0.02,0.473,0.729,0.228,0.02,0.028,118.2,15,195.72
4970,94,19,medium,10,0.0,0.0,0.084,0.795,0.129,0.045,0.029,128.4,1,100.27
4971,96,9,small,9,0.0,0.0,0.493,1.077,0.189,0.162,0.028,7.2,2,199.56
4972,192,14,large,720,0.04,0.01,0.201,1.024,0.189,0.193,0.025,11.3,5,183.85
4973,76,19,small,34,0.0,0.0,0.632,0.819,0.21,0.115,0.019,13.7,1,161.91
4974,31,0,small,7,0.0,0.0,0.036,1.163,0.21,0.154,0.079,139.2,16,946.03
4975,177,15,medium,98,0.01,0.0,0.292,1.052,0.228,0.058,0.035,151.7,13,634.94
4976,179,1,medium,90,0.0,0.0,0.367,1.121,0.352,0.162,0.077,18.7,9,1808.04
4977,55,19,medium,65,0.01,0.0,0.417,0.997,0.189,0.057,0.033,107.2,5,376.64
4978,178,0,medium,45,0.0,0.0,0.155,0.648,0.189,0.111,0.058,44.5,3,113.9
4979,113,11,micro,7,0.0,0.0,0.491,0.618,0.378,0.246,0.034,54.8,4,1742.79
4980,6,10,small,6,0.0,0.0,0.102,1.305,0.21,0.194,0.027,83.6,4,719.97
4981,118,6,micro,27,0.0,0.0,0.152,0.909,0.21,0.095,0.028,132.0,20,465.37
4982,173,14,small,36,0.0,0.0,0.077,1.016,0.129,0.174,0.024,41.2,15,208.75
4983,91,5,medium,34,0.0,0.0,0.421,0.795,0.163,0.138,0.02,41.7,8,390.98
4984,118,5,micro,1,0.0,0.0,0.498,1.289,0.189,0.21,0.028,38.7,3,465.37
4985,31,3,small,22,0.0,0.0,0.607,0.719,0.318,0.122,0.07,55.9,43,946.03
4986,169,14,large,767,0.04,0.0,0.084,0.929,0.129,0.069,0.026,1.9,6,69.84
4987,25,3,medium,62,0.0,0.0,0.241,1.15,0.129,0.145,0.07,29.5,6,165.82
4988,20,17,large,231,0.01,0.0,0.348,1.564,0.228,0.157,0.027,7.5,18,642.68
4989,179,5,small,2,0.0,0.0,0.05,1.18,0.346,0.12,0.032,14.6,1,1808.04
4990,177,10,micro,16,0.0,0.0,0.179,0.872,0.228,0.067,0.031,5.5,33,634.94
4991,122,9,small,36,0.0,0.0,0.296,0.946,0.258,0.174,0.029,0.3,8,603.53
4992,24,14,micro,5,0.0,0.0,0.086,1.413,0.129,0.065,0.024,149.9,8,86.11
4993,118,4,micro,1,0.0,0.0,0.119,1.101,0.189,0.125,0.062,37.3,2,465.37
4994,179,16,large,254,0.02,0.0,0.203,0.6,0.383,0.265,0.045,44.5,5,1808.04
4995,125,14,large,35,0.0,0.0,0.199,1.101,0.301,0.139,0.026,58.4,1,1326.71
4996,50,6,medium,59,0.0,0.0,0.45,1.305,0.163,0.17,0.027,4.8,11,205.22
4997,179,2,small,16,0.0,0.0,0.392,1.354,0.318,0.224,0.082,31.5,4,1808.04
4998,176,10,medium,37,0.0,0.0,0.279,1.335,0.163,0.169,0.019,1.7,4,150.36
4999,118,19,small,4,0.0,0.0,0.107,0.932,0.163,0.06,0.029,85.4,1,465.37
