individual_id,city_id,age_group,age,education,monthly_income,monthly_rent,commute_minutes,commute_satisfaction,wechat_contacts,friends_met_weekly,loneliness_score,job_satisfaction,housing_satisfaction,life_satisfaction,well_being_score,city_population,pop_group
0,65,46-55,50,硕士,10520.4,2470.9,12.7,7.0,57,4.7,2.9,5.6,7.2,7.6,5.4,576.08,6
1,179,26-35,30,高中及以下,5339.4,4245.6,57.9,6.2,72,4.0,7.2,8.1,4.7,7.3,4.7,1808.04,9
2,133,46-55,50,本科,6377.1,886.4,19.6,7.9,22,3.9,3.0,4.4,6.0,5.9,4.2,238.31,3
3,73,36-45,40,大专,5170.1,2152.4,37.3,8.0,37,6.9,3.5,3.5,6.1,3.1,3.1,709.56,7
4,125,26-35,30,本科,11101.0,4183.8,50.9,7.0,79,4.4,4.1,7.1,5.9,6.4,5.0,1326.71,8
5,73,18-25,22,博士,17928.2,1902.8,26.8,9.2,33,4.6,5.0,5.7,6.6,6.1,4.5,709.56,7
6,34,46-55,50,大专,5897.3,1487.8,18.5,8.6,34,6.3,3.1,2.9,7.9,6.1,4.4,337.83,5
7,0,26-35,30,硕士,13624.9,1475.3,14.7,7.2,15,6.3,3.8,3.6,6.5,4.9,3.7,243.89,3
8,156,18-25,22,高中及以下,3712.3,2639.9,37.5,8.6,44,4.0,3.8,5.3,5.1,4.5,3.7,958.89,8
9,104,46-55,50,硕士,8615.0,403.9,17.6,9.8,18,5.8,3.2,5.1,7.3,5.5,4.7,126.31,1
10,168,55+,60,大专,5101.4,1048.8,19.7,8.6,35,6.1,3.3,5.2,7.8,6.2,5.0,116.12,1
11,164,26-35,30,本科,6136.1,1054.0,20.4,8.3,44,3.7,2.3,5.4,7.3,4.0,4.4,388.92,5
12,6,36-45,40,本科,9659.0,2462.1,35.0,6.4,14,4.2,3.9,4.4,5.9,6.0,4.1,719.97,7
13,113,26-35,30,大专,4998.6,5042.4,57.7,6.7,78,0.5,6.8,5.9,3.6,5.9,3.4,1742.79,9
14,73,26-35,30,高中及以下,3328.6,1400.6,27.0,7.9,46,4.5,3.0,2.4,3.4,3.9,2.3,709.56,7
15,179,46-55,50,高中及以下,5667.3,4243.0,48.3,7.0,65,1.4,7.5,2.7,5.6,7.2,3.4,1808.04,9
16,192,18-25,22,高中及以下,4098.1,276.7,13.0,9.3,25,4.8,1.6,5.0,9.1,6.4,5.6,183.85,2
17,57,26-35,30,硕士,10807.8,1016.3,13.7,7.8,22,4.8,2.6,4.7,6.8,6.5,4.8,108.94,1
18,50,26-35,30,本科,6232.2,1479.6,16.6,7.0,30,5.0,1.3,3.7,6.7,7.1,4.8,205.22,3
19,31,55+,60,大专,10113.0,3125.3,39.8,7.3,45,3.8,4.1,5.8,6.3,7.9,5.1,946.03,7
20,179,46-55,50,高中及以下,3899.9,5715.6,60.6,6.4,73,1.8,8.1,5.4,4.6,2.7,2.5,1808.04,9
21,101,46-55,50,硕士,11072.0,716.1,13.4,8.0,5,5.3,3.7,7.0,6.7,4.5,4.7,97.45,0
22,54,55+,60,大专,7311.5,1726.8,21.1,8.8,14,4.8,4.1,4.1,8.3,6.3,4.8,416.13,5
23,70,18-25,22,本科,7226.4,1587.4,21.1,10.0,42,4.1,2.7,4.9,7.9,6.3,5.1,213.02,3
24,89,36-45,40,博士,12957.2,980.1,21.1,8.7,24,6.4,3.3,5.2,7.3,4.3,4.3,247.96,3
25,193,46-55,50,大专,5364.8,1380.4,8.4,9.4,46,6.5,1.7,4.9,6.0,4.3,4.1,42.7,0
26,179,36-45,40,高中及以下,4162.6,5582.8,46.8,5.8,107,2.5,8.0,5.4,2.7,8.2,3.5,1808.04,9
27,110,26-35,30,硕士,8642.3,1532.4,9.8,8.5,37,6.5,3.7,5.4,9.9,4.5,5.1,21.79,0
28,175,46-55,50,高中及以下,2871.6,400.5,25.1,9.1,41,6.1,4.0,5.7,7.2,4.4,4.4,339.4,5
29,56,26-35,30,大专,5078.8,1824.2,12.5,8.7,47,6.2,1.7,2.7,4.4,4.3,3.0,64.12,0
30,113,46-55,50,硕士,15071.6,5285.2,56.6,4.6,44,2.4,8.6,5.7,4.4,7.6,3.8,1742.79,9
31,161,26-35,30,硕士,16843.2,1495.7,14.7,8.9,16,4.7,1.8,4.7,8.7,5.3,5.1,326.06,4
32,39,36-45,40,硕士,9701.3,1101.3,11.1,10.0,28,5.0,1.7,6.1,9.0,6.6,6.0,180.7,2
33,113,18-25,22,本科,10423.0,5326.1,48.7,5.1,63,1.0,5.5,6.8,5.1,4.6,3.9,1742.79,9
34,75,26-35,30,大专,3230.8,805.6,16.0,9.1,64,5.2,2.2,4.8,9.5,7.5,5.9,337.61,5
35,159,36-45,40,本科,6222.7,1417.0,12.5,6.8,20,5.2,2.0,5.7,8.0,8.1,5.9,286.16,4
36,174,26-35,30,硕士,12010.4,1094.2,11.0,8.3,34,5.8,3.8,5.6,8.2,6.7,5.3,195.72,2
37,31,36-45,40,本科,7717.2,2669.7,40.5,8.9,47,4.1,5.6,7.6,7.0,6.4,5.2,946.03,7
38,164,46-55,50,大专,3489.7,1523.9,14.5,10.0,25,5.7,2.7,4.3,9.0,6.2,5.2,388.92,5
39,133,36-45,40,本科,10517.3,628.3,13.8,9.0,28,5.1,4.1,4.9,5.7,7.4,4.6,238.31,3
40,198,46-55,50,本科,5914.2,2208.5,8.2,9.8,32,5.7,2.0,4.5,8.0,4.9,4.7,157.31,1
41,80,26-35,30,高中及以下,2274.0,1089.3,15.2,8.0,32,6.4,1.7,4.4,8.2,4.3,4.6,119.14,1
42,97,55+,60,硕士,10538.9,1136.4,5.6,8.1,5,4.7,4.3,4.2,10.0,3.6,4.5,192.68,2
43,115,26-35,30,硕士,9600.4,1121.5,18.8,9.8,15,3.6,4.8,7.2,7.7,4.4,4.8,200.65,2
44,162,18-25,22,高中及以下,3223.1,926.6,16.4,8.5,50,4.9,5.0,5.6,6.5,5.0,4.2,472.76,6
45,106,46-55,50,硕士,13597.1,3076.5,29.5,8.8,57,4.6,5.6,4.7,7.6,4.8,4.1,978.66,8
46,45,36-45,40,本科,5720.6,484.6,8.9,7.5,19,5.2,2.0,4.4,9.8,6.9,5.7,72.25,0
47,167,26-35,30,本科,12432.0,2111.0,35.8,6.3,35,4.1,5.7,7.5,4.0,5.8,4.1,989.1,8
48,53,36-45,40,博士,14273.9,1553.0,8.4,8.2,40,5.7,2.3,5.3,8.6,6.7,5.6,273.6,4
49,31,46-55,50,硕士,15111.7,2959.0,38.0,8.3,65,2.2,4.0,7.4,7.3,6.0,5.3,946.03,7
50,89,46-55,50,硕士,8892.2,1478.7,5.0,6.3,9,6.7,2.4,5.3,6.3,7.4,5.1,247.96,3
51,120,18-25,22,高中及以下,4283.2,2233.2,19.9,9.1,35,4.9,1.6,7.5,8.0,6.3,6.0,327.35,4
52,167,26-35,30,大专,6374.6,3870.3,35.3,7.1,60,4.9,5.5,8.9,9.1,5.2,5.8,989.1,8
53,37,26-35,30,高中及以下,3007.0,468.5,20.6,10.0,24,6.1,1.0,4.1,7.6,5.1,4.7,20.91,0
54,27,36-45,40,高中及以下,3458.9,1537.2,15.3,9.6,13,6.8,4.1,6.2,7.8,1.9,4.0,216.09,3
55,187,55+,60,本科,5212.8,339.7,15.4,8.3,14,4.4,4.0,7.3,9.4,7.5,6.3,137.99,1
56,159,18-25,22,高中及以下,3107.0,1815.8,18.9,8.4,5,4.4,3.0,5.3,10.0,5.6,5.5,286.16,4
57,91,26-35,30,大专,3339.9,1609.3,16.7,8.3,31,5.7,3.4,6.0,6.8,5.1,4.6,390.98,5
58,154,36-45,40,本科,6899.0,1289.2,10.4,8.5,48,5.4,3.4,3.0,7.2,4.2,3.6,198.95,2
59,34,55+,60,本科,9114.2,946.7,17.2,9.4,14,8.0,3.2,8.7,10.0,6.0,6.6,337.83,5
60,18,46-55,50,本科,7165.7,200.0,8.5,8.8,5,5.2,2.1,3.7,9.0,6.0,5.0,59.86,0
61,85,46-55,50,硕士,8965.5,1721.7,11.2,9.5,11,4.6,3.1,4.5,9.5,4.6,4.9,89.86,0
62,167,26-35,30,硕士,6388.8,2933.7,28.0,8.1,59,0.7,5.2,5.6,9.0,3.5,4.4,989.1,8
63,54,36-45,40,硕士,12746.7,2323.8,10.9,6.8,17,3.9,3.3,5.8,7.7,6.3,5.2,416.13,5
64,27,55+,60,大专,3647.7,1345.4,17.9,8.5,5,4.9,3.2,7.7,10.0,7.4,6.7,216.09,3
65,122,36-45,40,博士,10168.7,2194.8,23.8,9.3,39,6.0,3.2,5.2,6.5,6.4,4.7,603.53,6
66,187,46-55,50,博士,14161.3,200.0,14.7,9.6,28,6.6,2.0,2.8,5.7,5.2,3.6,137.99,1
67,61,36-45,40,大专,5032.3,1083.0,16.6,8.6,14,5.2,2.7,5.5,9.4,3.2,4.8,123.27,1
68,114,46-55,50,本科,7408.9,1631.4,13.6,10.0,34,6.5,4.4,6.2,9.1,5.8,5.4,122.44,1
69,154,18-25,22,本科,6715.0,1549.0,15.2,9.8,39,4.7,2.8,5.6,5.4,3.3,3.7,198.95,2
70,76,36-45,40,高中及以下,3882.3,1302.8,14.9,6.8,42,6.6,2.9,5.5,8.8,8.5,6.1,161.91,1
71,73,26-35,30,大专,7054.3,2807.3,29.7,7.3,60,4.7,4.2,3.1,8.0,4.5,3.9,709.56,7
72,135,26-35,30,高中及以下,2566.0,2299.2,21.9,8.6,49,5.6,2.8,4.8,7.8,5.8,4.9,699.2,7
73,102,18-25,22,硕士,6583.0,971.7,11.6,9.4,29,5.1,1.3,6.8,7.9,3.4,5.0,105.35,0
74,179,26-35,30,本科,8850.5,5709.5,50.0,5.3,56,3.3,4.8,6.9,6.7,6.0,4.9,1808.04,9
75,31,46-55,50,博士,23368.9,2928.7,26.5,8.5,53,5.0,4.4,4.3,5.2,5.9,3.8,946.03,7
76,82,36-45,40,博士,16810.3,1326.7,33.2,7.5,48,4.2,4.4,6.8,6.5,7.3,5.3,650.6,7
77,3,26-35,30,高中及以下,3578.4,2592.8,21.6,7.3,49,4.5,5.7,4.3,8.3,5.1,4.2,680.64,7
78,47,36-45,40,硕士,10798.8,607.4,23.0,8.3,25,5.0,2.1,6.8,9.1,6.3,6.0,427.14,6
79,93,46-55,50,高中及以下,2442.1,509.6,7.3,6.6,20,6.2,2.5,7.5,7.7,6.3,5.8,106.95,0
80,82,46-55,50,博士,21857.3,2267.8,19.5,9.2,39,3.1,6.2,5.5,8.1,3.4,4.0,650.6,7
81,73,26-35,30,博士,19457.7,2408.4,37.5,7.8,61,5.4,3.6,4.4,6.3,5.5,4.1,709.56,7
82,5,26-35,30,大专,4558.7,653.4,9.9,9.1,38,6.5,3.4,2.9,7.7,4.4,3.8,117.43,1
83,122,26-35,30,博士,18330.0,2126.8,24.6,8.7,40,6.1,3.2,5.9,6.6,5.1,4.6,603.53,6
84,178,26-35,30,硕士,11937.3,388.5,16.6,8.9,5,5.6,2.9,4.3,8.5,4.4,4.5,113.9,1
85,66,26-35,30,本科,7081.9,904.5,18.5,10.0,18,6.8,3.2,5.6,10.0,2.7,4.8,138.1,1
86,69,55+,60,高中及以下,2908.8,543.9,6.9,9.5,17,7.3,2.6,5.9,9.1,3.9,5.0,77.86,0
87,138,18-25,22,硕士,10351.3,1547.7,15.5,8.6,22,5.5,3.6,5.2,8.4,5.0,4.8,334.79,4
88,159,18-25,22,博士,11142.6,1773.1,17.4,7.9,32,5.6,5.0,5.9,7.1,4.8,4.4,286.16,4
89,179,46-55,50,硕士,16729.3,4318.5,57.4,7.7,91,2.6,5.9,9.6,1.6,5.0,3.8,1808.04,9
90,71,26-35,30,高中及以下,4490.0,2006.4,32.7,7.5,15,3.1,4.5,6.3,7.0,5.0,4.6,690.93,7
91,73,26-35,30,高中及以下,4571.0,2752.2,23.0,7.8,76,4.1,4.7,6.9,6.1,6.5,4.9,709.56,7
92,122,26-35,30,本科,6696.2,1422.8,17.4,8.1,10,4.1,3.5,5.0,5.4,6.5,4.3,603.53,6
93,60,55+,60,大专,3896.6,1458.6,13.6,7.5,40,6.9,2.4,6.3,10.0,5.7,5.9,91.91,0
94,52,26-35,30,本科,7977.2,461.3,9.6,7.6,18,6.9,4.0,4.8,6.4,4.5,3.9,75.42,0
95,76,46-55,50,大专,3890.0,200.0,9.2,7.3,15,5.4,2.6,5.5,8.4,4.0,4.7,161.91,1
96,48,55+,60,本科,8697.2,1470.2,15.1,9.2,30,6.2,2.2,5.4,8.6,4.2,4.9,209.27,3
97,34,18-25,22,硕士,7038.7,1661.0,19.9,7.9,21,6.1,4.8,5.2,6.7,3.9,3.8,337.83,5
98,157,26-35,30,本科,8659.3,668.5,18.3,9.5,20,5.0,4.3,1.1,6.6,2.7,2.4,238.37,3
99,167,26-35,30,本科,9576.0,2912.2,33.7,7.9,41,4.8,5.6,7.5,7.4,4.2,4.7,989.1,8
100,195,26-35,30,高中及以下,2761.8,1234.1,9.6,8.2,25,4.3,3.1,6.3,8.5,5.0,5.2,218.18,3
101,73,18-25,22,大专,5955.2,1960.9,28.8,9.4,16,5.2,3.2,3.9,6.7,5.5,4.1,709.56,7
102,167,36-45,40,高中及以下,5159.6,3365.2,31.8,7.0,53,3.9,6.0,5.8,8.0,6.9,5.1,989.1,8
103,11,26-35,30,本科,8375.4,1389.1,15.7,9.0,21,6.1,2.6,6.5,8.3,6.7,5.8,93.16,0
104,112,18-25,22,高中及以下,3252.8,1021.7,8.8,7.8,27,6.8,1.5,3.3,9.0,6.7,5.2,157.63,1
105,24,26-35,30,本科,6256.5,200.0,18.7,7.3,25,6.4,2.4,8.3,8.0,6.4,6.1,86.11,0
106,59,46-55,50,硕士,9996.5,1093.0,18.6,8.8,53,4.3,4.2,5.2,8.0,3.3,4.1,393.68,5
107,41,36-45,40,大专,6828.6,922.3,22.0,8.7,20,5.0,2.5,6.0,7.6,4.9,4.9,176.16,2
108,102,36-45,40,大专,3467.7,200.0,16.6,8.1,23,5.1,2.1,5.2,7.8,5.3,4.9,105.35,0
109,93,36-45,40,硕士,8337.0,200.0,15.0,8.7,21,5.0,2.5,2.5,6.6,5.1,3.7,106.95,0
110,93,26-35,30,大专,4549.3,1428.1,11.0,10.0,30,5.1,3.3,6.6,10.0,4.5,5.6,106.95,0
111,53,26-35,30,本科,8001.6,1852.5,15.1,9.3,18,7.0,1.0,7.8,5.0,2.8,4.3,273.6,4
112,167,26-35,30,本科,8144.3,3796.4,33.9,6.7,47,4.9,6.6,6.8,6.2,5.3,4.3,989.1,8
113,36,36-45,40,本科,6345.9,849.4,20.2,7.7,6,4.8,3.7,5.7,8.7,4.2,4.8,182.89,2
114,156,26-35,30,博士,27779.7,2881.6,25.0,6.4,49,5.1,5.4,7.1,6.4,6.1,4.8,958.89,8
115,179,46-55,50,大专,6123.8,5059.6,60.7,5.9,71,2.5,7.4,5.6,2.3,4.6,2.5,1808.04,9
116,75,26-35,30,大专,4257.2,853.2,14.6,7.0,25,6.6,4.2,4.4,7.1,6.3,4.5,337.61,5
117,141,36-45,40,硕士,11338.2,1977.5,22.8,7.2,32,4.5,3.7,8.9,6.1,8.0,6.0,548.48,6
118,156,18-25,22,博士,13453.1,3309.9,30.4,6.4,51,2.5,4.3,7.8,6.3,2.6,4.2,958.89,8
119,78,36-45,40,大专,4588.9,730.5,20.1,7.7,28,4.9,3.9,2.7,6.8,8.2,4.5,162.68,1
120,106,36-45,40,大专,7425.5,2714.1,42.3,7.7,56,4.9,4.2,5.3,5.8,5.4,4.1,978.66,8
121,3,46-55,50,硕士,8534.8,1953.3,19.9,7.1,38,5.9,2.3,5.7,7.5,4.7,4.8,680.64,7
122,51,46-55,50,硕士,11433.8,1120.9,15.8,8.6,26,6.4,4.3,4.0,4.9,6.3,3.7,100.98,0
123,113,18-25,22,本科,11693.9,4303.7,53.7,7.0,80,2.6,6.7,10.0,6.8,2.3,4.5,1742.79,9
124,55,46-55,50,本科,6774.9,1980.9,22.8,8.6,48,3.9,2.0,9.2,7.9,3.6,5.6,376.64,5
125,60,26-35,30,高中及以下,2642.3,309.6,11.0,8.4,5,5.4,2.5,4.3,6.8,8.2,5.2,91.91,0
126,78,36-45,40,大专,4396.0,430.3,11.8,10.0,50,5.6,2.6,6.7,7.6,8.3,6.1,162.68,1
127,133,26-35,30,高中及以下,3125.0,1036.2,19.0,10.0,34,6.2,4.0,7.4,8.3,4.2,5.1,238.31,3
128,113,18-25,22,硕士,20368.7,5038.6,55.2,5.5,75,2.8,7.0,7.4,5.7,4.6,4.1,1742.79,9
129,30,18-25,22,本科,6202.5,216.2,11.6,9.2,22,5.9,2.4,5.7,5.1,4.4,4.0,81.31,0
130,106,18-25,22,博士,23296.1,2376.0,27.9,8.5,28,2.9,3.5,4.0,8.0,4.3,4.2,978.66,8
131,31,36-45,40,本科,6467.9,2877.0,29.5,6.2,76,3.6,4.5,7.2,5.8,3.3,4.0,946.03,7
132,96,46-55,50,大专,4094.3,1276.7,22.0,8.3,22,6.0,3.3,1.9,8.1,5.4,3.9,199.56,2
133,179,55+,60,本科,15113.4,4450.6,48.9,6.2,77,1.6,5.6,6.8,4.5,3.7,3.5,1808.04,9
134,113,46-55,50,博士,22866.2,5391.9,57.4,6.8,68,3.6,6.9,6.7,3.9,6.5,3.9,1742.79,9
135,199,26-35,30,硕士,14412.8,841.7,14.9,8.2,19,5.4,2.3,6.5,8.3,3.6,4.9,47.32,0
136,82,55+,60,本科,5961.6,1338.4,22.9,6.5,30,5.7,5.1,4.9,5.6,4.8,3.6,650.6,7
137,40,18-25,22,本科,11230.5,1998.9,20.7,8.5,24,6.3,5.6,8.7,6.3,7.0,5.5,310.59,4
138,175,46-55,50,本科,8942.8,1228.0,14.0,7.3,6,4.3,3.3,6.2,6.2,3.4,4.0,339.4,5
139,45,26-35,30,大专,3902.6,1560.4,15.5,9.4,34,5.1,1.0,4.3,8.5,6.0,5.2,72.25,0
140,118,55+,60,硕士,10306.5,1340.4,24.5,8.9,9,6.3,2.6,7.5,8.1,6.5,5.9,465.37,6
141,91,46-55,50,本科,4829.2,769.4,16.8,7.7,15,5.2,2.8,5.8,6.5,8.6,5.6,390.98,5
142,183,46-55,50,硕士,9414.4,416.2,6.1,7.5,53,4.5,4.4,3.0,8.0,4.9,3.9,240.44,3
143,179,26-35,30,高中及以下,5477.7,4837.7,62.5,5.8,84,2.7,4.7,8.4,6.1,4.1,4.6,1808.04,9
144,135,18-25,22,硕士,10865.5,2171.9,17.2,6.5,28,5.3,2.1,5.6,5.1,2.3,3.4,699.2,7
145,175,26-35,30,高中及以下,3436.4,1343.0,12.4,9.9,35,4.8,2.7,5.8,10.0,7.2,6.2,339.4,5
146,54,36-45,40,硕士,12012.0,1075.0,15.6,8.8,47,5.4,2.1,9.8,5.5,5.4,5.6,416.13,5
147,106,55+,60,本科,7031.5,2328.7,31.8,9.3,51,4.9,4.2,4.3,8.0,3.2,3.8,978.66,8
148,187,46-55,50,高中及以下,4142.5,245.6,16.7,8.5,31,5.0,3.6,4.3,7.3,6.4,4.6,137.99,1
149,82,26-35,30,本科,6182.4,1861.5,27.6,6.3,5,5.8,4.0,5.8,7.3,5.4,4.7,650.6,7
150,131,18-25,22,博士,13710.8,342.8,17.2,9.4,43,3.8,2.6,2.6,6.4,7.2,4.3,158.95,1
151,61,46-55,50,博士,12003.8,200.0,16.0,8.1,41,5.2,2.5,3.4,8.8,5.6,4.7,123.27,1
152,120,55+,60,高中及以下,2572.1,1533.4,17.9,8.9,58,4.7,2.8,3.3,7.9,4.2,4.0,327.35,4
153,95,36-45,40,本科,8751.5,200.0,15.2,10.0,6,5.7,2.0,5.2,8.3,5.3,5.1,34.35,0
154,7,18-25,22,高中及以下,3105.4,376.0,21.0,8.7,31,6.5,4.8,5.9,10.0,5.4,5.4,319.72,4
155,149,18-25,22,硕士,8613.2,752.9,10.5,7.1,28,6.8,2.8,4.9,6.9,3.0,3.8,199.73,2
156,48,55+,60,博士,15319.9,1005.9,14.1,7.9,9,7.6,4.3,3.7,5.8,5.3,3.6,209.27,3
157,125,55+,60,本科,9716.4,4137.5,37.6,6.0,78,2.8,4.2,7.0,5.3,5.4,4.5,1326.71,8
158,127,18-25,22,硕士,8913.1,1148.5,17.6,8.2,17,6.4,1.9,3.1,8.5,6.4,4.9,84.24,0
159,154,36-45,40,大专,3976.9,506.8,18.0,10.0,51,5.6,4.1,3.8,6.3,5.5,3.9,198.95,2
160,107,18-25,22,硕士,9691.9,1125.4,13.1,8.2,28,5.8,3.4,2.9,8.2,5.2,4.2,176.72,2
161,167,26-35,30,博士,25866.5,3366.7,36.5,6.4,49,5.0,4.4,6.0,7.0,7.5,5.2,989.1,8
162,86,26-35,30,硕士,9087.9,1133.8,18.2,9.8,42,5.2,3.9,8.4,5.8,7.5,5.6,370.7,5
163,82,46-55,50,本科,9391.1,1767.6,28.9,6.6,51,6.5,4.6,5.3,6.8,7.7,5.0,650.6,7
164,99,55+,60,高中及以下,2626.5,1361.2,6.6,8.3,5,7.2,1.6,2.2,9.4,6.7,5.0,117.38,1
165,177,18-25,22,大专,4865.8,1399.8,37.4,8.9,50,4.0,4.4,4.3,6.2,5.9,4.1,634.94,6
166,151,36-45,40,高中及以下,3554.8,640.9,21.5,8.0,32,6.6,3.7,4.2,6.6,6.1,4.3,209.86,3
167,125,46-55,50,大专,7522.4,3369.9,41.1,4.8,84,3.4,6.4,6.4,3.0,7.2,3.8,1326.71,8
168,145,46-55,50,高中及以下,2448.3,2435.8,12.7,10.0,59,5.0,3.3,5.8,9.5,5.4,5.4,324.35,4
169,156,26-35,30,大专,4380.4,3317.4,26.1,7.4,55,2.9,4.4,4.9,6.8,6.4,4.5,958.89,8
170,128,36-45,40,高中及以下,2587.8,1238.2,17.0,10.0,5,5.5,1.8,1.0,7.3,8.1,4.4,163.96,2
171,106,46-55,50,本科,7282.7,3175.2,37.3,6.3,70,4.2,4.3,4.7,6.6,3.8,3.7,978.66,8
172,54,55+,60,高中及以下,3753.0,1637.6,19.7,7.3,13,6.8,3.4,5.0,7.4,4.3,4.3,416.13,5
173,179,46-55,50,本科,6741.7,5731.5,58.3,4.8,81,3.1,5.4,9.2,7.4,4.8,5.3,1808.04,9
174,149,46-55,50,高中及以下,2685.8,1372.1,14.4,7.9,17,5.4,3.4,5.3,8.6,5.9,5.2,199.73,2
175,58,46-55,50,高中及以下,3681.1,595.9,12.2,9.0,36,3.8,2.9,6.9,8.8,5.9,5.8,206.7,3
176,177,46-55,50,高中及以下,4197.5,2038.6,27.1,7.0,34,5.1,3.7,5.8,8.5,5.8,5.2,634.94,6
177,152,26-35,30,高中及以下,3445.8,505.3,10.7,8.5,21,5.9,2.4,5.2,9.9,4.7,5.3,75.19,0
178,125,46-55,50,硕士,11271.8,4130.8,47.6,7.9,69,4.3,5.9,6.9,2.4,4.6,3.1,1326.71,8
179,93,26-35,30,高中及以下,3292.4,200.0,14.2,8.5,16,4.7,2.9,4.9,7.0,7.1,5.0,106.95,0
180,106,26-35,30,本科,7197.3,3804.7,29.8,7.3,68,4.4,6.3,5.7,7.8,2.7,3.7,978.66,8
181,107,18-25,22,高中及以下,3091.4,1361.5,14.2,7.7,50,7.6,1.7,6.3,7.5,4.7,5.0,176.72,2
182,122,36-45,40,本科,9901.3,1564.7,21.6,8.8,33,4.9,2.2,5.3,7.2,8.3,5.6,603.53,6
183,76,26-35,30,本科,9632.3,245.0,11.6,6.6,15,6.8,3.2,7.5,9.5,7.6,6.6,161.91,1
184,94,26-35,30,高中及以下,2974.6,528.7,5.0,7.7,41,5.6,2.8,2.3,8.3,4.2,3.8,100.27,0
185,75,26-35,30,本科,9298.6,1542.6,14.3,8.2,49,5.6,2.7,3.3,7.3,4.4,3.9,337.61,5
186,191,36-45,40,大专,3960.9,2182.4,14.2,9.0,23,6.7,1.8,5.2,6.2,7.3,5.1,349.46,5
187,106,55+,60,博士,17919.1,1696.8,45.9,6.5,74,6.0,4.1,4.9,6.5,5.7,4.3,978.66,8
188,156,18-25,22,本科,7001.6,2152.1,36.3,8.4,45,5.7,4.2,7.0,7.0,4.8,4.8,958.89,8
189,96,26-35,30,高中及以下,2310.3,967.4,17.5,10.0,53,6.0,2.8,3.8,5.8,4.3,3.6,199.56,2
190,169,36-45,40,硕士,9627.4,881.1,11.8,10.0,14,6.8,1.3,4.7,7.7,6.4,5.2,69.84,0
191,71,26-35,30,大专,4418.9,2417.6,27.0,7.3,61,4.3,5.0,7.6,5.5,4.3,4.3,690.93,7
192,67,55+,60,本科,9572.5,1690.6,14.5,7.8,30,4.7,3.9,5.0,8.0,7.1,5.2,404.86,5
193,6,36-45,40,高中及以下,4594.0,2140.8,35.0,7.6,29,5.3,1.8,7.9,6.2,6.9,5.7,719.97,7
194,106,36-45,40,博士,15734.6,4082.0,36.0,7.7,56,3.6,5.6,6.7,6.9,5.2,4.6,978.66,8
195,156,55+,60,高中及以下,5459.7,2462.8,39.5,8.5,67,3.2,5.0,10.0,8.0,4.0,5.6,958.89,8
196,59,46-55,50,大专,7137.4,1648.9,12.5,9.0,5,6.1,3.3,8.3,4.6,4.6,4.5,393.68,5
197,75,26-35,30,大专,4381.4,1826.1,30.4,9.8,41,4.6,3.6,6.9,7.8,7.0,5.7,337.61,5
198,46,36-45,40,本科,4369.1,931.7,15.4,8.9,22,6.9,2.4,3.3,6.8,6.1,4.3,93.63,0
199,22,18-25,22,大专,4549.6,1543.9,5.0,8.4,6,6.7,3.2,4.2,10.0,5.4,5.1,158.78,1
200,177,36-45,40,硕士,10296.9,2180.5,23.0,6.3,51,3.8,2.1,5.6,7.6,8.4,5.9,634.94,6
201,120,46-55,50,本科,6476.4,1354.8,18.6,8.8,20,6.0,4.8,6.8,4.6,4.3,3.8,327.35,4
202,177,26-35,30,本科,8405.6,2281.4,18.2,9.0,45,4.5,4.1,5.1,9.5,6.6,5.5,634.94,6
203,3,46-55,50,硕士,11542.2,2924.5,19.6,6.3,69,4.6,3.5,7.7,7.4,5.6,5.4,680.64,7
204,1,18-25,22,硕士,9842.2,200.0,12.2,8.5,18,5.0,2.6,6.2,5.4,4.1,4.1,129.25,1
205,119,26-35,30,硕士,12493.8,656.7,24.0,8.3,33,6.6,2.8,6.4,8.2,5.8,5.4,314.8,4
206,113,36-45,40,本科,10958.6,5327.2,64.4,7.8,83,3.3,4.8,5.6,5.4,6.7,4.4,1742.79,9
207,73,46-55,50,硕士,12461.5,2175.4,30.1,8.3,17,4.5,5.3,5.2,8.8,5.5,4.8,709.56,7
208,85,36-45,40,本科,7112.4,745.8,7.6,9.8,9,4.3,3.0,4.3,7.8,5.7,4.7,89.86,0
209,3,26-35,30,高中及以下,3347.2,2157.3,34.9,8.5,28,4.1,3.3,5.8,5.7,2.8,3.6,680.64,7
210,159,18-25,22,大专,4629.3,1739.8,14.3,6.9,19,5.2,3.1,5.7,7.3,3.4,4.2,286.16,4
211,91,26-35,30,本科,5549.0,934.2,24.9,9.6,40,3.4,3.3,3.7,5.3,5.5,3.7,390.98,5
212,151,36-45,40,高中及以下,2697.0,1342.6,12.8,9.5,19,5.4,2.1,6.3,5.9,5.5,4.8,209.86,3
213,180,26-35,30,硕士,12432.2,1181.6,18.9,6.5,47,5.8,1.9,5.6,5.8,6.3,4.8,277.46,4
214,2,26-35,30,硕士,8223.1,999.7,25.4,8.9,17,5.9,2.7,6.3,7.2,4.0,4.6,283.64,4
215,154,36-45,40,高中及以下,3363.6,408.8,14.8,8.4,15,6.5,3.8,5.6,8.4,6.9,5.4,198.95,2
216,177,36-45,40,大专,6446.4,1858.8,27.3,7.7,53,4.1,3.1,8.1,6.7,4.8,5.2,634.94,6
217,174,46-55,50,高中及以下,2507.4,758.8,17.0,9.6,25,3.6,3.1,5.7,7.7,6.2,5.2,195.72,2
218,179,26-35,30,高中及以下,6298.4,4574.6,62.0,6.5,101,3.6,4.7,7.2,5.1,7.8,5.1,1808.04,9
219,40,26-35,30,大专,6490.3,1473.4,21.8,6.8,41,7.1,3.3,6.2,10.0,6.6,6.0,310.59,4
220,20,26-35,30,高中及以下,4685.0,1518.1,27.7,6.1,68,5.6,2.1,5.4,7.0,6.2,5.0,642.68,6
221,1,18-25,22,高中及以下,2741.5,200.0,19.4,9.6,6,6.4,2.6,5.0,7.5,8.2,5.5,129.25,1
222,119,26-35,30,本科,8378.6,950.2,18.2,10.0,56,6.4,3.4,4.6,7.3,4.8,4.3,314.8,4
223,167,36-45,40,大专,4436.6,2600.6,32.9,5.5,63,2.6,4.0,5.1,4.5,7.5,4.3,989.1,8
224,148,26-35,30,本科,8028.8,1310.6,21.0,8.6,11,7.1,4.3,4.3,7.0,6.1,4.4,250.12,4
225,156,36-45,40,硕士,16270.4,3432.9,32.7,6.4,50,5.3,4.5,7.5,6.9,7.5,5.6,958.89,8
226,65,18-25,22,本科,8008.5,2072.9,25.4,10.0,26,5.7,3.6,3.3,7.8,6.6,4.5,576.08,6
227,179,26-35,30,博士,18071.7,4850.8,53.9,6.7,82,3.6,7.6,8.1,1.3,4.1,2.8,1808.04,9
228,171,36-45,40,本科,8029.7,295.7,16.3,10.0,25,6.1,1.3,3.3,8.6,3.2,4.1,65.64,0
229,15,46-55,50,高中及以下,2227.6,200.0,13.3,8.7,14,3.1,4.0,6.7,8.0,6.4,5.5,84.58,0
230,172,26-35,30,大专,5288.8,1670.5,14.6,6.7,34,4.6,4.8,5.1,7.7,8.5,5.4,137.4,1
231,167,26-35,30,硕士,11228.1,3671.1,42.1,7.8,52,5.4,4.1,7.0,6.0,6.3,4.9,989.1,8
232,109,36-45,40,大专,4525.1,845.8,13.2,8.9,38,7.1,4.2,4.6,10.0,4.8,4.9,137.77,1
233,141,46-55,50,高中及以下,3133.9,1518.2,28.1,6.0,37,5.1,3.1,3.5,5.8,6.6,4.1,548.48,6
234,45,36-45,40,硕士,9784.3,1040.6,18.9,7.4,25,4.8,3.1,3.6,9.9,3.8,4.5,72.25,0
235,169,18-25,22,大专,7242.6,371.0,5.0,9.2,36,3.4,3.1,3.3,9.4,3.3,4.1,69.84,0
236,166,36-45,40,硕士,10681.0,1851.5,11.3,8.4,24,5.1,3.1,6.3,7.8,5.3,5.1,337.67,5
237,179,46-55,50,本科,14140.2,5512.9,60.8,6.1,95,0.5,8.0,9.3,5.5,4.4,4.3,1808.04,9
238,3,26-35,30,本科,8506.2,3605.3,22.3,8.0,51,1.7,4.9,5.2,8.0,5.9,4.8,680.64,7
239,167,55+,60,硕士,16785.1,2871.1,39.6,7.9,77,5.0,5.6,8.2,4.8,6.5,4.8,989.1,8
240,22,26-35,30,大专,6244.8,1343.1,10.8,8.8,29,5.3,2.4,4.9,10.0,7.1,5.9,158.78,1
241,54,46-55,50,硕士,13853.4,1459.2,19.3,5.5,36,6.3,2.4,4.3,8.1,6.8,5.1,416.13,5
242,6,18-25,22,硕士,11985.7,2594.0,23.0,7.0,41,2.9,4.3,5.3,7.3,5.1,4.4,719.97,7
243,31,36-45,40,大专,5922.5,3122.6,31.2,7.3,65,3.8,3.2,6.4,6.1,5.2,4.6,946.03,7
244,125,36-45,40,硕士,15301.4,4318.8,38.8,8.0,58,4.2,4.9,5.6,5.8,5.0,4.0,1326.71,8
245,39,36-45,40,高中及以下,2211.1,1583.4,16.8,9.2,58,5.3,1.5,6.4,7.3,3.8,4.8,180.7,2
246,167,26-35,30,本科,9894.5,3067.0,33.6,6.5,61,4.6,3.3,4.7,6.8,5.1,4.3,989.1,8
247,71,55+,60,本科,5186.7,2041.7,22.3,8.8,23,5.1,2.0,7.0,8.2,6.1,5.8,690.93,7
248,105,36-45,40,本科,8913.3,608.5,14.8,8.9,51,6.2,2.3,5.8,7.1,3.0,4.2,222.31,3
249,173,46-55,50,大专,4747.2,351.0,17.6,9.2,36,3.7,2.3,5.1,5.6,4.6,4.0,208.75,3
250,87,36-45,40,高中及以下,2967.3,1374.0,10.6,8.8,8,4.5,3.1,5.2,8.4,9.2,6.1,206.18,3
251,113,36-45,40,大专,5625.5,4475.7,58.8,3.7,73,3.8,5.7,8.2,5.4,3.0,3.9,1742.79,9
252,4,36-45,40,高中及以下,3596.2,335.0,10.5,8.8,5,5.6,4.7,3.6,7.2,3.2,3.3,117.43,1
253,81,46-55,50,高中及以下,2597.0,872.6,8.0,8.8,34,6.4,3.0,5.4,6.9,5.4,4.6,212.11,3
254,82,55+,60,硕士,12070.8,2123.2,24.9,8.0,33,3.4,4.8,5.7,5.7,3.5,3.6,650.6,7
255,167,46-55,50,高中及以下,3176.2,2728.2,36.5,7.3,60,4.7,6.3,7.1,7.6,3.7,4.4,989.1,8
256,20,36-45,40,大专,4334.7,2197.4,24.1,7.3,48,5.3,3.7,5.9,6.5,8.8,5.5,642.68,6
257,28,26-35,30,高中及以下,3121.8,753.3,18.4,8.4,39,6.0,1.8,3.7,5.9,5.1,3.9,81.4,0
258,150,26-35,30,本科,6415.0,482.5,10.4,8.1,8,5.4,3.2,3.3,9.0,4.3,4.3,190.66,2
259,156,26-35,30,本科,7631.5,1634.0,33.8,6.5,41,4.3,2.5,7.5,4.8,6.1,4.9,958.89,8
260,113,26-35,30,硕士,12562.2,4490.5,61.5,6.4,87,1.4,6.0,8.2,5.7,6.2,4.9,1742.79,9
261,75,55+,60,高中及以下,3537.9,1341.6,16.2,8.7,29,3.5,4.9,4.8,8.7,2.6,3.9,337.61,5
262,122,26-35,30,大专,5792.9,2010.4,26.1,7.1,40,4.9,4.4,7.5,7.1,6.0,5.3,603.53,6
263,144,36-45,40,大专,4011.6,1454.5,14.0,9.4,42,4.7,2.8,5.1,6.4,5.3,4.4,192.46,2
264,31,18-25,22,硕士,13348.3,2559.5,28.7,8.7,33,5.3,3.9,4.6,6.0,2.7,3.2,946.03,7
265,106,26-35,30,大专,5464.7,2856.1,39.2,5.5,37,4.2,5.2,8.0,8.0,4.9,5.2,978.66,8
266,152,46-55,50,本科,4569.0,449.9,14.1,9.6,8,5.1,1.7,3.3,7.9,2.6,3.7,75.19,0
267,62,55+,60,本科,6532.4,200.0,8.7,10.0,11,6.0,2.2,7.0,7.6,7.3,5.9,49.09,0
268,113,36-45,40,本科,10419.7,4308.0,47.7,5.3,74,3.4,6.7,7.5,6.2,7.3,5.0,1742.79,9
269,91,36-45,40,大专,5469.4,1459.4,22.8,7.2,22,5.7,2.2,5.4,10.0,7.2,6.1,390.98,5
270,22,18-25,22,高中及以下,2663.5,896.7,14.3,9.2,26,6.4,2.7,6.3,7.8,6.7,5.6,158.78,1
271,162,26-35,30,硕士,11940.0,1533.3,14.7,9.8,29,5.7,4.7,5.3,9.5,4.4,4.8,472.76,6
272,20,26-35,30,博士,17527.9,1943.2,32.0,6.4,42,6.1,5.1,5.1,7.7,6.5,4.8,642.68,6
273,115,36-45,40,高中及以下,3200.5,1028.9,18.5,7.1,22,6.1,2.2,5.0,5.6,3.1,3.6,200.65,2
274,6,36-45,40,硕士,12009.5,2141.9,32.3,6.3,42,3.9,3.5,6.7,4.4,8.4,5.1,719.97,7
275,69,46-55,50,大专,3431.7,269.2,9.9,8.2,17,6.2,1.9,4.8,8.1,4.7,4.8,77.86,0
276,0,18-25,22,硕士,11282.4,505.8,19.4,7.2,20,4.6,2.5,5.4,4.9,4.8,4.0,243.89,3
277,186,26-35,30,高中及以下,3004.4,706.8,17.7,7.8,22,5.1,4.3,4.7,10.0,6.1,5.3,238.23,3
278,73,26-35,30,大专,6885.4,1814.6,35.2,6.5,48,4.7,2.4,6.0,7.8,3.6,4.6,709.56,7
279,191,46-55,50,高中及以下,3044.1,1792.1,17.7,9.1,30,5.1,3.9,7.4,8.4,7.0,6.0,349.46,5
280,106,55+,60,本科,10248.7,2239.6,33.8,6.2,53,2.2,3.0,7.7,5.7,4.8,4.8,978.66,8
281,179,36-45,40,高中及以下,5168.5,6038.2,54.7,4.8,55,3.0,6.9,6.5,3.9,3.1,2.9,1808.04,9
282,45,46-55,50,博士,10044.9,206.7,6.1,8.2,42,6.6,3.0,3.0,8.7,7.9,5.2,72.25,0
283,6,55+,60,博士,14692.4,2381.1,28.9,9.3,36,5.0,4.9,5.4,5.4,5.8,4.0,719.97,7
284,41,36-45,40,高中及以下,4646.5,1158.8,12.1,5.7,22,5.1,2.0,7.8,7.6,3.4,5.1,176.16,2
285,125,36-45,40,高中及以下,5705.3,2934.6,44.3,6.6,56,3.3,5.6,6.1,7.0,4.5,4.2,1326.71,8
286,188,46-55,50,高中及以下,3449.7,1107.5,7.1,8.8,8,4.8,5.7,6.7,8.7,5.2,5.1,63.64,0
287,6,55+,60,硕士,14833.0,3054.6,25.1,8.7,60,4.9,4.4,7.0,7.2,4.0,4.6,719.97,7
288,135,46-55,50,本科,8822.6,1272.8,27.5,9.2,33,4.1,3.9,6.9,6.9,2.9,4.2,699.2,7
289,21,36-45,40,高中及以下,3779.4,390.8,9.6,9.8,21,5.2,3.4,5.5,6.7,6.2,4.8,118.42,1
290,113,26-35,30,本科,13058.6,4329.6,56.5,4.4,71,1.4,5.8,8.5,4.3,4.3,4.1,1742.79,9
291,135,36-45,40,硕士,14081.5,1489.2,25.1,8.3,39,5.8,4.6,6.3,6.6,6.4,4.9,699.2,7
292,118,36-45,40,博士,22929.7,1795.3,12.9,7.4,21,5.6,3.4,6.1,6.2,3.7,4.1,465.37,6
293,115,36-45,40,本科,7403.9,712.8,6.9,8.3,28,5.0,4.2,5.1,7.7,6.5,4.9,200.65,2
294,167,26-35,30,大专,5451.5,1530.5,36.3,9.0,56,4.4,4.9,5.0,6.8,6.6,4.6,989.1,8
295,102,26-35,30,本科,7447.2,1202.9,14.4,9.8,33,5.2,2.9,4.5,8.2,6.9,5.2,105.35,0
296,8,46-55,50,博士,14502.6,691.6,12.8,10.0,29,6.0,1.9,4.1,10.0,3.1,4.6,92.81,0
297,113,36-45,40,硕士,19083.5,5004.1,60.3,6.6,69,2.9,6.8,8.5,5.2,3.3,3.9,1742.79,9
298,112,46-55,50,硕士,11583.6,333.5,14.3,9.2,10,5.4,3.6,6.3,6.0,5.6,4.6,157.63,1
299,167,36-45,40,大专,4254.1,2093.8,32.7,7.8,51,5.0,6.1,4.3,8.1,4.8,4.0,989.1,8
300,183,55+,60,硕士,9067.8,466.5,21.1,9.1,26,7.0,2.5,8.0,7.6,5.3,5.6,240.44,3
301,179,36-45,40,博士,20656.6,5109.8,65.4,5.8,55,2.0,5.8,7.5,3.6,6.6,4.2,1808.04,9
302,174,18-25,22,本科,6239.9,1512.2,17.7,8.0,16,4.5,2.3,3.8,9.7,5.5,5.1,195.72,2
303,94,26-35,30,本科,7185.8,200.0,14.0,10.0,29,4.4,2.8,5.7,8.6,2.7,4.5,100.27,0
304,48,46-55,50,高中及以下,3206.3,984.3,13.4,9.0,23,4.9,3.5,5.6,7.5,2.6,4.0,209.27,3
305,40,46-55,50,高中及以下,2880.7,952.7,7.7,8.0,50,6.9,3.9,6.9,8.4,4.2,5.0,310.59,4
306,159,46-55,50,博士,15965.5,1118.9,21.2,8.1,28,4.8,4.1,2.7,9.1,7.0,4.8,286.16,4
307,185,36-45,40,硕士,7903.2,1326.0,18.1,7.9,45,4.4,3.8,3.0,5.7,4.7,3.3,303.08,4
308,156,26-35,30,大专,4369.7,2903.0,40.1,7.8,14,4.7,3.2,6.9,7.2,7.2,5.6,958.89,8
309,162,18-25,22,博士,25975.4,1343.9,11.1,8.8,21,3.2,3.6,5.0,5.9,4.2,3.8,472.76,6
310,188,26-35,30,硕士,12046.2,1701.2,8.5,6.7,15,7.0,1.7,2.9,9.7,3.9,4.5,63.64,0
311,180,36-45,40,博士,16439.2,1043.6,19.8,8.5,21,5.3,1.9,4.9,8.0,5.4,5.0,277.46,4
312,27,36-45,40,本科,7075.3,1410.3,20.0,9.3,16,6.5,1.3,4.7,6.8,8.1,5.4,216.09,3
313,175,26-35,30,本科,6673.4,2073.7,22.9,5.9,37,4.4,4.0,4.7,8.5,3.4,4.2,339.4,5
314,179,36-45,40,博士,19768.0,4337.8,55.9,5.0,77,4.1,5.5,5.3,5.6,6.5,4.2,1808.04,9
315,22,18-25,22,本科,5519.3,1115.6,15.3,9.8,20,6.1,4.3,6.7,7.0,5.2,4.8,158.78,1
316,177,46-55,50,本科,12982.7,2461.0,30.4,7.5,50,4.9,5.6,7.7,7.6,5.9,5.3,634.94,6
317,145,36-45,40,本科,8246.4,1411.6,27.7,7.4,8,7.4,1.4,8.2,7.6,3.9,5.4,324.35,4
318,149,18-25,22,高中及以下,4072.1,1344.7,12.6,8.0,13,4.7,2.4,7.0,8.1,5.6,5.6,199.73,2
319,187,18-25,22,本科,6039.7,405.2,8.4,10.0,45,5.9,2.2,4.1,7.9,5.7,4.7,137.99,1
320,82,46-55,50,本科,9641.0,1339.1,25.6,8.2,45,2.5,3.2,5.2,6.2,5.7,4.4,650.6,7
321,156,26-35,30,大专,6612.6,2194.9,36.5,6.6,51,1.5,3.6,5.5,6.2,5.6,4.4,958.89,8
322,152,26-35,30,本科,8418.1,200.0,15.4,8.0,29,5.5,1.0,6.4,9.9,6.4,6.3,75.19,0
323,156,26-35,30,硕士,10047.2,2332.7,39.9,8.9,33,3.2,3.5,4.6,7.9,7.7,5.3,958.89,8
324,113,26-35,30,高中及以下,4977.5,4493.2,43.9,6.7,77,3.8,8.0,7.4,3.3,5.4,3.5,1742.79,9
325,113,18-25,22,大专,7374.1,5119.1,53.6,5.8,64,2.4,7.1,6.9,8.7,4.7,4.8,1742.79,9
326,175,26-35,30,硕士,10264.1,630.5,19.9,8.4,64,4.8,2.3,5.6,7.7,6.5,5.3,339.4,5
327,53,18-25,22,大专,4709.2,1156.2,14.9,7.1,17,4.8,4.2,8.3,7.6,6.8,5.9,273.6,4
328,125,46-55,50,本科,10421.6,3670.5,42.9,7.3,61,3.1,5.6,6.7,6.3,3.1,3.8,1326.71,8
329,113,36-45,40,硕士,13196.2,4180.5,57.8,5.4,78,3.8,5.9,8.7,4.4,4.4,4.2,1742.79,9
330,91,26-35,30,高中及以下,2951.3,1162.2,19.7,9.1,34,4.4,5.0,6.9,9.6,4.7,5.3,390.98,5
331,178,26-35,30,本科,7925.2,717.6,20.8,9.5,38,5.4,2.7,4.2,8.3,6.1,4.9,113.9,1
332,6,36-45,40,本科,12148.3,2295.2,21.6,8.2,12,5.3,4.7,6.5,4.8,8.8,5.1,719.97,7
333,78,18-25,22,本科,7526.4,200.0,15.7,8.1,32,4.6,3.3,6.1,10.0,2.5,4.8,162.68,1
334,151,55+,60,大专,3511.6,1576.0,20.1,8.2,25,4.9,2.4,5.8,9.4,6.7,5.9,209.86,3
335,104,46-55,50,本科,9255.2,1050.1,14.8,8.3,43,6.1,4.3,3.4,5.8,5.9,3.7,126.31,1
336,162,26-35,30,高中及以下,2966.2,2169.9,24.3,8.5,5,3.0,3.7,7.5,8.7,4.9,5.5,472.76,6
337,111,46-55,50,本科,8121.5,972.2,21.8,10.0,5,5.8,1.4,1.8,6.7,5.7,3.9,144.53,1
338,32,36-45,40,大专,6607.1,520.0,13.4,6.4,5,6.3,5.4,6.2,8.7,4.2,4.7,146.42,1
339,130,46-55,50,高中及以下,2001.4,200.0,11.4,8.4,13,4.9,2.3,3.2,6.1,6.4,4.2,31.48,0
340,73,46-55,50,博士,22560.8,2368.1,26.3,6.1,66,5.4,4.3,6.0,7.0,3.4,4.1,709.56,7
341,35,36-45,40,本科,6808.9,298.3,6.9,8.2,21,5.0,3.7,3.6,7.6,7.4,4.8,43.78,0
342,125,36-45,40,硕士,13085.1,3665.4,31.2,6.9,63,5.1,5.0,7.1,8.0,3.8,4.7,1326.71,8
343,168,46-55,50,本科,5749.8,1079.1,21.3,9.5,44,7.1,2.5,5.3,9.7,5.6,5.5,116.12,1
344,97,36-45,40,硕士,9243.1,343.0,10.5,10.0,18,4.6,2.7,4.0,6.1,7.7,4.7,192.68,2
345,69,36-45,40,高中及以下,4475.9,774.1,11.4,9.2,10,4.3,2.5,5.8,9.1,6.4,5.7,77.86,0
346,186,46-55,50,大专,4178.2,903.9,10.5,7.6,50,5.5,2.4,1.5,8.3,6.5,4.3,238.23,3
347,141,26-35,30,硕士,15233.6,1166.2,29.0,6.7,28,4.6,4.3,6.6,9.4,6.8,5.9,548.48,6
348,82,36-45,40,硕士,11953.9,730.6,23.3,8.0,42,4.4,1.7,8.5,7.9,3.4,5.4,650.6,7
349,68,26-35,30,本科,8574.5,754.9,21.9,9.3,47,5.7,3.3,3.4,7.0,2.4,3.2,213.07,3
350,31,46-55,50,硕士,13016.5,2378.2,36.0,9.0,32,3.1,5.1,4.1,7.3,4.3,3.8,946.03,7
351,106,26-35,30,硕士,16129.5,2728.8,31.7,9.0,63,4.6,3.7,4.9,7.5,6.6,4.9,978.66,8
352,73,46-55,50,高中及以下,3154.1,1980.3,39.5,8.3,28,2.7,4.6,5.6,8.9,6.6,5.4,709.56,7
353,198,46-55,50,本科,5677.0,804.8,7.0,8.3,11,7.2,2.2,4.0,7.9,5.1,4.5,157.31,1
354,91,18-25,22,大专,7061.1,1716.6,18.4,7.2,36,4.8,3.0,7.3,5.6,5.5,4.8,390.98,5
355,39,46-55,50,高中及以下,3252.9,1217.8,14.2,9.3,30,4.7,1.4,3.9,8.1,7.3,5.3,180.7,2
356,65,36-45,40,高中及以下,4333.3,932.8,32.1,7.4,39,4.9,3.9,5.9,7.3,4.2,4.4,576.08,6
357,0,36-45,40,本科,6390.3,599.1,11.3,9.2,22,7.4,2.9,6.7,7.3,8.0,5.9,243.89,3
358,118,26-35,30,本科,6270.0,1671.3,17.5,7.1,19,5.9,4.8,5.8,8.4,6.6,5.3,465.37,6
359,179,46-55,50,博士,25768.7,4891.2,60.7,6.9,63,4.2,6.1,5.1,3.5,6.6,3.5,1808.04,9
360,124,18-25,22,本科,9191.3,1437.0,12.0,9.4,37,7.0,2.3,6.0,6.0,1.8,3.6,266.9,4
361,18,36-45,40,高中及以下,3761.0,200.0,10.4,8.2,5,6.0,3.8,5.2,6.4,7.1,4.8,59.86,0
362,159,26-35,30,本科,8116.3,554.5,16.2,7.7,5,6.8,3.5,5.5,8.5,4.6,4.8,286.16,4
363,39,46-55,50,本科,7211.2,1630.8,15.0,7.0,19,5.3,1.6,6.4,7.5,2.4,4.4,180.7,2
364,65,26-35,30,本科,9173.9,1899.9,32.9,8.2,35,5.5,3.9,5.6,7.1,9.0,5.6,576.08,6
365,48,18-25,22,本科,7554.5,1432.5,16.8,8.8,36,6.3,3.6,3.3,8.4,6.0,4.5,209.27,3
366,183,26-35,30,高中及以下,2924.9,1227.1,14.4,9.2,21,5.4,3.5,5.7,8.5,7.2,5.6,240.44,3
367,113,46-55,50,博士,21080.8,4607.6,55.2,5.9,59,4.8,6.3,5.0,3.2,3.8,2.5,1742.79,9
368,153,26-35,30,高中及以下,3574.2,480.9,13.2,7.0,31,6.0,3.4,6.1,10.0,3.6,5.1,187.21,2
369,164,18-25,22,高中及以下,3779.8,1103.3,25.7,7.3,35,5.1,2.1,6.8,7.6,7.2,5.9,388.92,5
370,113,46-55,50,硕士,14736.5,4969.8,56.7,5.6,69,2.0,7.4,6.7,6.4,4.9,4.1,1742.79,9
371,135,36-45,40,本科,6147.2,1825.5,22.3,7.2,65,4.0,3.0,5.0,5.1,3.3,3.4,699.2,7
372,66,36-45,40,博士,19120.4,1018.9,10.5,7.5,37,5.2,3.8,4.6,4.6,4.1,3.3,138.1,1
373,192,55+,60,大专,3908.7,1142.6,11.3,8.2,7,5.4,5.2,2.6,7.2,5.0,3.5,183.85,2
374,37,26-35,30,大专,3298.4,374.8,13.5,9.6,14,4.7,3.0,5.1,10.0,7.8,6.1,20.91,0
375,9,36-45,40,大专,4272.8,1724.2,16.4,8.5,20,5.3,3.6,5.0,7.4,5.5,4.6,255.33,4
376,73,26-35,30,本科,8065.3,2149.8,21.6,8.4,43,4.5,3.8,4.6,9.9,8.1,5.9,709.56,7
377,185,36-45,40,本科,9632.9,892.6,23.4,8.5,26,5.1,3.0,4.9,7.0,7.3,5.1,303.08,4
378,106,55+,60,硕士,15234.9,2525.7,35.5,8.0,72,3.1,4.5,8.0,6.3,3.0,4.3,978.66,8
379,11,18-25,22,高中及以下,3316.1,200.0,17.2,9.7,45,5.2,3.1,6.9,6.9,4.8,4.9,93.16,0
380,141,46-55,50,大专,5004.1,860.6,17.3,7.8,6,5.3,2.5,5.5,6.6,6.3,4.9,548.48,6
381,195,36-45,40,大专,5058.4,200.0,11.9,7.6,17,5.0,2.6,3.2,8.7,3.5,4.0,218.18,3
382,0,26-35,30,大专,4169.7,1208.9,16.4,7.4,35,5.5,2.9,5.7,7.4,7.5,5.5,243.89,3
383,106,26-35,30,硕士,16045.4,2956.2,25.2,7.5,36,4.1,5.6,4.9,7.7,6.3,4.6,978.66,8
384,162,26-35,30,大专,8046.2,1521.1,15.5,7.0,37,3.6,3.1,5.4,9.6,7.0,5.8,472.76,6
385,103,36-45,40,大专,4300.8,846.6,7.8,9.3,24,5.8,3.6,5.9,10.0,4.6,5.3,66.53,0
386,73,18-25,22,硕士,10151.1,2880.2,30.4,7.5,62,4.2,3.1,6.6,7.6,4.8,5.0,709.56,7
387,48,46-55,50,博士,17776.4,872.8,13.3,8.0,36,6.2,4.8,4.2,8.2,6.1,4.6,209.27,3
388,31,36-45,40,硕士,13073.6,2727.4,37.3,7.1,32,3.8,4.4,5.9,6.8,7.6,5.2,946.03,7
389,20,26-35,30,本科,8186.0,1652.7,27.4,10.0,40,4.1,3.1,3.6,5.4,4.2,3.3,642.68,6
390,159,26-35,30,硕士,10575.0,1502.7,16.8,8.1,13,5.0,2.1,6.4,8.9,3.0,4.9,286.16,4
391,71,36-45,40,本科,11164.9,2022.7,31.1,7.5,26,4.5,3.2,4.7,6.9,7.0,4.9,690.93,7
392,105,26-35,30,本科,7707.2,1532.1,13.3,7.6,40,5.3,3.4,7.7,6.6,7.1,5.6,222.31,3
393,169,46-55,50,硕士,18097.8,1694.9,16.0,6.9,51,4.6,3.8,3.8,8.5,4.1,4.1,69.84,0
394,87,26-35,30,大专,4533.0,200.0,16.0,8.0,26,5.1,1.9,4.4,8.9,4.8,4.9,206.18,3
395,12,46-55,50,博士,17274.2,770.3,9.4,10.0,33,5.6,4.4,4.2,8.1,6.9,4.9,189.04,2
396,91,36-45,40,本科,8907.8,1478.0,21.9,9.5,43,6.2,3.2,5.9,4.0,2.2,3.0,390.98,5
397,120,36-45,40,博士,12930.1,974.9,14.0,9.8,44,6.9,3.5,6.7,8.2,3.6,4.8,327.35,4
398,2,46-55,50,高中及以下,3837.6,468.9,17.0,8.5,40,6.3,3.3,5.7,7.5,7.4,5.4,283.64,4
399,122,36-45,40,硕士,13278.7,2586.5,25.3,7.9,39,4.4,4.4,5.8,8.0,6.0,5.0,603.53,6
400,32,55+,60,高中及以下,4538.7,200.0,19.5,8.2,5,6.3,5.2,6.2,5.7,5.5,4.2,146.42,1
401,25,36-45,40,硕士,11767.3,842.2,11.2,8.0,24,5.0,1.0,4.0,9.3,6.7,5.6,165.82,2
402,145,26-35,30,高中及以下,3024.5,1024.0,18.7,9.0,42,7.1,3.1,5.3,7.5,9.1,5.8,324.35,4
403,32,36-45,40,高中及以下,3763.1,1059.5,12.4,8.0,37,7.3,3.9,5.2,7.5,3.1,4.0,146.42,1
404,20,26-35,30,高中及以下,2919.5,1137.4,32.8,6.0,57,2.9,4.0,5.8,5.9,6.6,4.7,642.68,6
405,104,36-45,40,硕士,9210.6,1219.4,12.2,7.8,13,7.8,4.5,7.9,10.0,4.5,5.8,126.31,1
406,89,26-35,30,大专,4787.5,1194.4,19.2,9.2,9,5.0,1.0,5.3,8.7,5.9,5.5,247.96,3
407,135,46-55,50,本科,11424.7,2850.9,37.5,7.7,15,6.4,2.9,8.0,4.4,6.3,4.9,699.2,7
408,185,36-45,40,本科,8415.7,953.5,15.5,7.7,38,3.8,4.8,2.8,6.5,3.8,3.1,303.08,4
409,20,36-45,40,本科,6382.2,1855.5,26.1,7.7,57,4.7,4.2,4.9,6.2,5.0,4.0,642.68,6
410,181,26-35,30,大专,4445.5,948.1,5.0,9.7,13,7.2,3.1,6.1,7.4,4.7,4.8,62.98,0
411,154,36-45,40,大专,5836.9,613.9,18.0,6.7,30,5.9,3.5,4.5,7.8,6.0,4.7,198.95,2
412,65,55+,60,高中及以下,3445.0,2870.2,29.5,7.8,25,4.5,3.2,4.5,4.8,5.2,3.7,576.08,6
413,179,46-55,50,高中及以下,4233.4,4847.4,54.1,6.5,100,2.3,5.3,7.1,6.0,7.5,5.1,1808.04,9
414,6,26-35,30,博士,15575.3,2044.0,22.9,8.2,42,6.0,3.3,7.0,5.9,2.6,4.0,719.97,7
415,194,36-45,40,大专,4061.0,1585.3,21.1,6.6,51,7.0,3.6,8.2,10.0,7.8,6.9,176.48,2
416,159,18-25,22,博士,17202.8,584.8,13.6,9.5,22,6.0,5.1,4.8,7.8,1.9,3.4,286.16,4
417,73,46-55,50,本科,7254.1,1792.1,34.2,7.0,52,5.4,4.9,4.3,7.5,5.6,4.3,709.56,7
418,141,36-45,40,大专,6154.7,2514.5,17.1,8.3,41,6.2,2.5,4.8,8.8,6.8,5.5,548.48,6
419,191,36-45,40,硕士,11701.5,1726.6,15.4,10.0,40,7.4,3.4,3.2,6.9,5.9,4.1,349.46,5
420,75,36-45,40,本科,6878.5,1775.5,25.2,7.6,15,4.7,3.7,3.9,7.3,2.8,3.5,337.61,5
421,99,36-45,40,硕士,13582.6,1201.4,14.8,9.4,6,6.5,4.2,5.1,6.8,4.5,4.1,117.38,1
422,168,46-55,50,本科,7726.9,1004.5,10.9,8.2,17,6.4,1.9,8.4,9.3,6.6,6.7,116.12,1
423,102,46-55,50,大专,5087.6,1158.1,15.6,6.6,9,5.9,1.7,5.1,8.1,5.6,5.1,105.35,0
424,29,26-35,30,高中及以下,2596.1,450.2,18.1,9.0,33,6.3,3.2,4.2,7.3,4.1,4.0,110.86,1
425,135,26-35,30,高中及以下,3772.3,2172.7,26.7,9.1,28,3.6,4.5,3.7,6.6,5.6,3.9,699.2,7
426,75,55+,60,高中及以下,3878.1,1519.5,20.0,8.2,41,4.7,3.0,7.7,7.6,4.9,5.3,337.61,5
427,183,18-25,22,大专,4872.4,2158.1,12.6,6.9,5,5.4,3.6,5.3,8.6,6.2,5.2,240.44,3
428,22,26-35,30,高中及以下,2205.6,1220.3,16.4,10.0,17,6.1,2.8,6.1,8.4,4.1,4.9,158.78,1
429,110,36-45,40,硕士,9819.2,1175.4,14.9,9.6,15,5.7,2.7,5.2,10.0,3.4,4.9,21.79,0
430,154,46-55,50,高中及以下,4588.7,661.3,13.3,9.4,15,5.7,2.8,5.1,9.4,8.0,6.0,198.95,2
431,179,26-35,30,本科,14543.5,5161.6,57.2,5.0,70,1.8,6.6,5.0,6.1,6.5,4.1,1808.04,9
432,156,26-35,30,博士,18068.1,2897.9,35.8,6.4,66,5.3,5.1,6.4,9.1,7.0,5.7,958.89,8
433,180,26-35,30,硕士,7101.0,516.1,22.2,6.5,15,4.1,1.0,5.9,8.0,5.1,5.3,277.46,4
434,156,26-35,30,本科,6925.3,3019.8,34.1,5.8,38,5.4,5.3,4.5,3.5,7.4,3.6,958.89,8
435,69,26-35,30,大专,4018.8,1425.7,8.1,10.0,5,6.2,2.7,3.3,8.5,4.9,4.4,77.86,0
436,167,26-35,30,硕士,13974.4,3666.2,34.4,7.1,65,4.7,4.2,4.8,8.0,5.9,4.7,989.1,8
437,114,36-45,40,高中及以下,2747.0,543.9,19.4,8.9,5,6.9,3.6,3.7,8.8,5.1,4.5,122.44,1
438,145,36-45,40,本科,7366.0,1319.4,8.8,8.6,27,6.0,1.9,5.1,4.5,5.4,4.0,324.35,4
439,67,36-45,40,高中及以下,3804.5,567.0,14.3,8.0,20,5.4,4.9,3.6,5.2,5.1,3.3,404.86,5
440,194,26-35,30,大专,4878.4,747.5,10.2,9.9,21,4.6,1.4,2.2,10.0,3.9,4.4,176.48,2
441,125,26-35,30,高中及以下,4330.8,3729.6,45.4,5.0,70,3.9,6.4,6.4,6.0,6.3,4.4,1326.71,8
442,174,46-55,50,本科,5859.8,496.8,16.6,7.7,27,5.4,2.5,7.1,8.0,7.4,6.1,195.72,2
443,179,36-45,40,本科,10859.7,4752.7,52.6,4.3,75,2.2,7.3,4.3,6.4,8.3,4.4,1808.04,9
444,113,26-35,30,高中及以下,4939.2,4889.1,53.0,7.1,74,4.1,6.9,6.0,4.0,5.0,3.3,1742.79,9
445,156,26-35,30,大专,4438.0,2540.5,32.4,8.0,29,2.0,5.2,5.0,8.6,4.3,4.4,958.89,8
446,179,36-45,40,高中及以下,3533.2,5283.9,57.9,3.6,84,2.8,6.7,7.5,2.8,6.2,3.8,1808.04,9
447,60,36-45,40,高中及以下,3731.2,781.8,7.3,7.0,38,6.4,2.4,7.8,5.0,6.1,5.1,91.91,0
448,70,26-35,30,本科,8020.6,844.1,18.9,10.0,12,5.0,3.4,4.0,6.7,5.7,4.2,213.02,3
449,173,26-35,30,大专,3783.5,579.5,15.4,7.9,42,6.1,3.3,5.1,6.9,4.4,4.2,208.75,3
450,71,55+,60,大专,6256.0,2082.3,24.2,8.0,57,3.4,2.4,5.2,6.0,7.1,4.9,690.93,7
451,55,46-55,50,高中及以下,3943.5,1714.7,16.3,7.9,5,6.4,3.0,6.3,5.2,6.2,4.6,376.64,5
452,6,26-35,30,本科,9368.5,2870.0,26.4,7.8,56,5.2,4.6,3.9,7.9,7.6,4.9,719.97,7
453,86,26-35,30,硕士,9968.7,2043.2,25.8,9.1,22,4.8,3.5,8.0,7.3,5.7,5.5,370.7,5
454,177,46-55,50,本科,7927.6,2491.1,27.4,7.4,32,4.7,4.0,1.8,8.3,5.5,3.9,634.94,6
455,64,26-35,30,硕士,10684.6,1442.8,27.5,8.1,49,4.1,4.9,5.4,8.4,5.6,4.8,334.46,4
456,196,26-35,30,硕士,7194.5,990.1,9.9,8.0,9,7.5,2.7,4.6,5.6,4.7,3.9,61.32,0
457,3,18-25,22,大专,4637.2,2103.3,31.9,7.5,48,5.4,4.3,5.0,9.2,4.8,4.8,680.64,7
458,55,26-35,30,大专,4890.6,1551.8,21.4,7.1,49,5.3,3.7,7.4,7.5,5.5,5.3,376.64,5
459,120,26-35,30,高中及以下,2928.1,1828.3,14.9,8.5,21,4.5,4.1,7.3,4.8,7.2,4.9,327.35,4
460,162,46-55,50,高中及以下,3079.8,894.7,24.1,10.0,23,4.8,4.0,4.6,8.6,4.5,4.5,472.76,6
461,114,55+,60,本科,7685.5,685.5,12.9,7.8,42,6.3,3.0,4.2,8.8,6.2,5.1,122.44,1
462,8,55+,60,高中及以下,2307.6,1188.5,23.6,9.1,16,7.2,3.7,4.7,7.8,3.0,3.9,92.81,0
463,87,26-35,30,高中及以下,3628.5,1697.8,20.0,8.3,21,4.3,3.5,4.6,7.1,7.2,4.9,206.18,3
464,174,26-35,30,高中及以下,3854.0,1364.0,15.4,7.7,23,5.5,2.4,3.5,8.0,5.5,4.5,195.72,2
465,20,55+,60,本科,7860.7,2186.0,32.8,7.8,40,5.1,5.7,7.5,8.1,3.4,4.6,642.68,6
466,113,18-25,22,博士,20406.9,4042.4,55.2,6.7,61,2.9,7.6,4.3,4.8,4.1,2.7,1742.79,9
467,133,26-35,30,本科,6901.2,1288.4,16.6,8.0,25,5.9,2.6,6.5,8.4,7.8,6.1,238.31,3
468,198,36-45,40,高中及以下,3179.1,247.0,22.4,7.1,41,7.6,5.3,6.5,9.1,7.2,5.8,157.31,1
469,53,18-25,22,高中及以下,2563.2,257.8,22.8,9.8,40,7.0,1.6,4.3,6.8,4.2,4.1,273.6,4
470,183,26-35,30,大专,3734.2,1559.4,23.7,6.6,29,5.6,1.9,5.9,10.0,5.8,5.9,240.44,3
471,106,36-45,40,博士,18011.9,3580.9,37.1,7.3,44,4.0,5.6,6.2,5.0,6.0,4.1,978.66,8
472,7,46-55,50,高中及以下,2966.1,200.0,21.2,8.5,62,5.4,3.5,5.9,7.8,5.6,5.0,319.72,4
473,172,26-35,30,大专,4368.1,1186.5,7.3,9.0,35,7.1,2.7,6.2,6.6,5.5,4.8,137.4,1
474,20,46-55,50,硕士,13753.8,2307.2,28.7,5.9,37,3.9,4.1,6.2,3.5,4.1,3.4,642.68,6
475,20,36-45,40,本科,7013.3,1645.6,25.5,7.2,15,3.1,2.0,5.1,6.9,5.9,4.8,642.68,6
476,0,36-45,40,大专,5470.6,560.9,11.9,10.0,14,6.9,3.1,4.4,8.2,7.3,5.2,243.89,3
477,86,18-25,22,大专,6205.2,1473.8,21.3,9.5,24,7.5,4.2,5.5,7.6,4.7,4.5,370.7,5
478,49,26-35,30,硕士,7164.8,571.3,12.8,8.3,31,7.3,1.9,4.5,5.7,7.1,4.7,25.46,0
479,36,46-55,50,高中及以下,2970.5,958.3,5.0,9.5,7,4.9,2.2,3.7,8.6,2.2,3.8,182.89,2
480,174,36-45,40,硕士,11240.1,1452.2,11.6,10.0,21,6.8,2.5,4.4,8.7,4.6,4.7,195.72,2
481,106,36-45,40,高中及以下,4447.5,3328.7,45.9,7.7,33,3.9,3.4,5.7,7.3,6.2,5.0,978.66,8
482,103,26-35,30,大专,3310.8,292.1,8.4,8.2,6,4.9,3.2,7.1,10.0,4.8,5.8,66.53,0
483,164,55+,60,高中及以下,4838.4,905.8,20.2,7.2,16,5.4,4.0,7.5,8.7,5.8,5.7,388.92,5
484,94,26-35,30,本科,10244.2,806.0,15.9,8.8,32,3.7,2.7,3.5,8.6,4.4,4.3,100.27,0
485,31,26-35,30,硕士,9774.0,2489.2,32.4,6.5,36,3.1,4.6,6.5,4.8,5.1,4.0,946.03,7
486,21,46-55,50,高中及以下,3176.6,1138.2,11.2,8.6,34,5.8,2.1,5.5,9.7,2.5,4.8,118.42,1
487,73,26-35,30,高中及以下,3087.7,2616.1,33.9,8.0,63,4.2,4.8,6.7,8.3,7.4,5.7,709.56,7
488,153,46-55,50,本科,6530.3,397.9,18.7,7.8,5,5.4,3.7,7.3,7.1,5.4,5.1,187.21,2
489,125,26-35,30,博士,16127.7,4493.2,39.6,7.1,71,4.2,6.0,4.9,5.8,4.3,3.4,1326.71,8
490,177,36-45,40,博士,13559.1,2672.2,32.4,8.8,11,4.6,3.9,6.2,7.8,4.4,4.7,634.94,6
491,34,46-55,50,大专,5335.0,702.0,16.2,6.9,53,6.8,3.7,2.7,8.9,3.7,3.8,337.83,5
492,106,46-55,50,本科,8317.8,2688.9,34.5,8.7,48,3.5,6.5,6.6,8.7,4.2,4.6,978.66,8
493,167,36-45,40,本科,10103.0,3378.5,44.8,7.0,45,4.8,4.3,3.8,7.5,4.9,4.0,989.1,8
494,150,36-45,40,硕士,13711.1,1321.0,19.3,7.4,45,5.9,4.2,5.4,4.6,6.5,4.1,190.66,2
495,66,18-25,22,本科,6755.7,891.2,10.4,8.3,20,7.2,2.2,7.4,7.7,5.2,5.5,138.1,1
496,65,36-45,40,高中及以下,4420.6,2086.6,22.2,6.9,22,3.7,3.2,6.1,5.5,5.8,4.5,576.08,6
497,90,36-45,40,硕士,15235.8,1673.8,11.3,9.6,17,6.9,3.0,3.9,9.1,6.3,5.1,163.54,2
498,3,26-35,30,高中及以下,3699.7,1033.0,21.4,6.7,28,4.6,3.5,7.8,6.5,5.5,5.2,680.64,7
499,35,36-45,40,大专,4379.8,948.9,9.0,10.0,17,6.5,3.4,4.1,10.0,5.5,5.1,43.78,0
500,81,26-35,30,硕士,9591.8,497.4,10.7,7.3,22,5.1,2.0,5.0,6.6,5.7,4.7,212.11,3
501,150,26-35,30,高中及以下,3539.2,1432.3,9.5,7.9,11,6.1,1.2,7.4,5.1,2.7,4.2,190.66,2
502,128,55+,60,大专,5118.8,749.3,13.5,8.0,5,5.3,2.6,7.3,8.8,3.8,5.3,163.96,2
503,197,46-55,50,高中及以下,3366.5,1313.6,18.5,7.6,8,5.2,2.1,3.9,6.5,4.6,4.0,173.08,2
504,74,46-55,50,硕士,6965.7,560.5,17.1,10.0,5,5.2,3.8,4.9,6.9,5.5,4.4,20.09,0
505,173,46-55,50,本科,7357.4,1875.2,14.9,8.7,17,7.0,1.4,6.5,5.4,6.3,5.0,208.75,3
506,75,36-45,40,高中及以下,2985.1,200.0,18.3,7.9,25,3.7,1.8,3.7,7.1,6.9,4.8,337.61,5
507,59,55+,60,高中及以下,3733.3,1901.3,19.1,7.7,36,4.2,3.8,3.8,5.7,5.9,3.9,393.68,5
508,111,26-35,30,高中及以下,3403.0,1386.3,10.6,9.1,15,5.4,1.6,5.5,7.8,5.1,5.0,144.53,1
509,108,55+,60,本科,9838.9,550.9,22.7,8.6,42,6.7,4.3,6.4,7.5,6.1,5.1,192.01,2
510,71,26-35,30,大专,4998.4,2005.4,17.2,8.3,33,5.6,4.0,6.2,6.7,3.4,4.1,690.93,7
511,178,36-45,40,硕士,7388.9,1675.3,11.2,7.3,8,4.0,3.6,3.3,6.2,9.2,4.8,113.9,1
512,179,46-55,50,高中及以下,3893.5,4427.6,48.7,6.1,77,3.4,6.4,9.0,4.6,6.4,4.8,1808.04,9
513,113,36-45,40,硕士,15564.8,5839.2,44.5,8.8,92,2.3,4.9,4.3,3.3,6.6,3.4,1742.79,9
514,135,26-35,30,高中及以下,3910.5,1833.6,28.0,9.2,32,4.0,5.2,10.0,6.2,5.2,5.4,699.2,7
515,141,36-45,40,本科,6984.4,728.0,23.9,8.4,36,6.1,2.8,5.6,7.8,6.9,5.4,548.48,6
516,67,18-25,22,高中及以下,3151.8,2066.0,19.0,7.9,31,4.7,4.3,5.9,7.3,7.4,5.3,404.86,5
517,138,26-35,30,高中及以下,3097.6,1151.8,12.1,7.8,45,5.7,1.0,5.4,8.4,4.3,5.0,334.79,4
518,88,36-45,40,本科,7830.6,519.8,10.6,9.3,13,5.9,2.6,2.8,7.7,6.4,4.5,87.38,0
519,91,26-35,30,高中及以下,3740.2,836.3,14.6,10.0,42,5.2,1.4,4.0,8.2,2.4,4.0,390.98,5
520,177,46-55,50,大专,7152.7,2552.8,17.8,8.8,44,5.0,3.4,6.1,7.1,2.7,4.1,634.94,6
521,118,18-25,22,硕士,9277.4,1108.8,23.0,7.7,45,5.2,2.6,4.4,5.3,6.6,4.3,465.37,6
522,180,26-35,30,博士,15657.6,2291.2,6.9,8.0,11,4.6,5.1,4.5,7.4,5.5,4.2,277.46,4
523,151,26-35,30,大专,3505.4,1469.6,8.3,8.2,15,5.8,3.9,4.3,10.0,5.4,5.1,209.86,3
524,118,36-45,40,高中及以下,3986.5,1543.2,13.3,8.0,35,4.5,3.0,8.2,7.3,4.0,5.1,465.37,6
525,145,26-35,30,大专,5244.8,1480.0,12.7,6.7,20,4.5,2.7,6.6,8.1,9.1,6.4,324.35,4
526,73,55+,60,本科,5085.3,2921.8,36.3,8.2,70,5.4,3.8,4.9,9.5,5.9,5.3,709.56,7
527,106,18-25,22,本科,11644.4,2952.4,37.6,9.3,49,3.0,4.8,5.1,7.2,8.8,5.3,978.66,8
528,102,36-45,40,本科,6507.0,1062.2,9.6,9.2,42,6.2,2.8,5.6,7.6,4.2,4.6,105.35,0
529,167,26-35,30,本科,14023.6,2993.1,36.9,8.3,56,4.8,5.0,7.7,7.4,6.6,5.5,989.1,8
530,71,26-35,30,硕士,10847.7,2293.8,29.7,6.4,48,5.3,3.1,6.7,5.7,6.2,4.9,690.93,7
531,118,18-25,22,本科,9148.9,2288.9,18.2,8.5,46,4.9,3.9,6.8,6.5,5.6,4.8,465.37,6
532,95,26-35,30,本科,4628.7,501.5,6.9,7.4,20,5.8,1.4,6.1,8.7,3.1,4.9,34.35,0
533,183,46-55,50,本科,6103.6,1616.7,20.9,8.0,25,6.9,3.1,1.0,4.7,1.5,1.6,240.44,3
534,173,26-35,30,本科,7968.9,743.6,15.6,9.8,20,5.6,2.4,7.0,7.6,5.2,5.3,208.75,3
535,179,36-45,40,硕士,15889.0,4494.1,47.7,4.7,83,1.0,5.2,8.3,5.4,7.6,5.3,1808.04,9
536,98,46-55,50,本科,5478.6,717.2,20.2,9.5,50,4.9,3.9,4.9,5.5,4.7,3.8,149.17,1
537,86,46-55,50,本科,8912.4,1297.8,27.2,9.0,26,6.1,1.7,5.6,8.8,5.2,5.4,370.7,5
538,65,55+,60,高中及以下,3631.4,437.0,25.9,8.3,31,5.2,3.5,5.9,7.8,6.3,5.2,576.08,6
539,55,36-45,40,硕士,13772.2,1696.3,14.1,7.6,25,4.5,4.0,4.9,8.5,4.1,4.4,376.64,5
540,99,55+,60,大专,5519.4,1055.4,8.7,8.6,26,5.9,2.0,4.4,7.5,6.2,4.9,117.38,1
541,39,18-25,22,本科,4892.1,440.4,17.0,8.6,55,7.4,1.9,3.2,5.9,7.7,4.5,180.7,2
542,198,26-35,30,本科,7066.9,920.1,11.4,8.9,37,6.5,3.2,3.6,4.9,5.3,3.5,157.31,1
543,40,36-45,40,硕士,9684.4,1861.0,19.1,9.2,27,3.8,4.0,5.2,8.9,5.9,5.1,310.59,4
544,156,46-55,50,本科,6425.4,3290.4,36.4,7.0,60,5.3,5.1,5.5,5.2,6.6,4.2,958.89,8
545,167,46-55,50,硕士,17650.1,2533.6,40.8,6.6,75,1.3,5.9,8.7,7.4,3.7,4.8,989.1,8
546,186,26-35,30,高中及以下,3282.5,1103.4,19.2,6.9,5,6.2,3.1,4.1,5.9,4.2,3.6,238.23,3
547,69,55+,60,大专,4548.9,1078.1,14.6,8.6,24,6.8,1.1,5.7,6.6,6.0,5.1,77.86,0
548,177,55+,60,本科,10058.5,2150.4,35.9,6.8,54,4.2,4.0,6.2,6.5,4.3,4.3,634.94,6
549,67,26-35,30,本科,10670.6,1280.9,11.0,8.9,16,3.7,2.0,5.8,7.4,6.0,5.2,404.86,5
550,113,36-45,40,高中及以下,5675.2,4105.1,52.9,6.9,87,0.9,5.5,5.5,3.3,6.3,3.5,1742.79,9
551,122,36-45,40,高中及以下,3583.0,2686.9,22.3,9.5,38,3.8,3.6,6.9,4.9,6.5,4.7,603.53,6
552,113,55+,60,博士,24340.9,5218.7,51.3,5.9,68,3.2,6.9,7.8,4.5,5.9,4.2,1742.79,9
553,36,46-55,50,大专,4904.5,549.6,17.6,9.6,27,5.0,3.1,3.3,7.9,7.7,5.0,182.89,2
554,195,36-45,40,高中及以下,2442.5,1280.9,10.9,9.3,36,5.2,2.6,4.6,6.9,4.5,4.2,218.18,3
555,40,18-25,22,高中及以下,3608.1,1371.5,16.8,8.5,59,4.5,3.4,4.7,6.8,3.7,3.9,310.59,4
556,9,18-25,22,高中及以下,3297.7,922.0,15.5,8.2,7,5.1,4.0,8.1,9.1,8.3,6.7,255.33,4
557,0,26-35,30,硕士,10126.7,1603.4,19.0,8.4,5,5.0,4.6,7.9,7.7,4.5,5.1,243.89,3
558,156,46-55,50,博士,16123.3,2638.5,32.2,7.3,36,4.9,5.7,6.7,8.4,5.8,5.2,958.89,8
559,6,26-35,30,博士,16003.8,1921.7,27.8,7.7,43,4.2,3.7,7.8,5.3,6.8,5.2,719.97,7
560,54,18-25,22,大专,4748.3,2360.0,14.3,8.6,40,4.9,3.2,5.6,9.9,5.3,5.5,416.13,5
561,113,36-45,40,本科,9302.3,4723.7,50.8,7.2,77,0.6,5.7,6.1,5.6,5.9,4.2,1742.79,9
562,53,36-45,40,大专,4109.2,1070.3,10.6,10.0,35,5.0,3.2,4.5,8.8,4.2,4.5,273.6,4
563,167,55+,60,本科,9794.5,3016.4,30.9,6.8,51,3.3,2.7,7.2,5.8,5.9,5.0,989.1,8
564,106,55+,60,硕士,6690.8,3242.5,40.6,6.8,59,5.0,6.8,4.1,8.0,3.9,3.6,978.66,8
565,178,55+,60,大专,5678.4,1221.2,16.6,7.7,21,6.3,2.1,4.9,4.7,5.5,4.0,113.9,1
566,177,26-35,30,大专,5393.0,2223.8,21.1,10.0,18,4.1,2.3,5.2,4.3,7.8,4.6,634.94,6
567,106,26-35,30,硕士,11045.2,2435.0,40.3,5.9,64,4.3,4.6,5.5,6.1,5.5,4.2,978.66,8
568,53,55+,60,本科,7134.9,1851.5,17.0,8.4,25,6.0,3.1,5.1,8.6,7.7,5.7,273.6,4
569,81,55+,60,大专,6001.5,390.2,22.3,9.0,5,6.2,2.8,4.3,6.2,5.8,4.3,212.11,3
570,177,26-35,30,硕士,10019.0,2373.0,26.6,8.2,24,5.3,2.4,3.9,9.6,5.4,5.1,634.94,6
571,167,36-45,40,大专,5389.8,3348.7,40.4,7.8,78,5.5,5.9,7.2,8.4,5.3,5.1,989.1,8
572,56,36-45,40,本科,6051.1,1335.6,11.3,8.2,23,5.0,2.5,4.5,7.0,4.9,4.3,64.12,0
573,110,55+,60,本科,7191.2,200.0,5.0,9.9,6,6.8,4.0,3.2,8.9,3.7,3.9,21.79,0
574,153,18-25,22,本科,8763.4,1463.3,22.0,10.0,30,6.2,2.0,2.7,8.1,7.8,5.0,187.21,2
575,71,26-35,30,硕士,7490.9,1767.3,29.5,8.4,53,4.4,6.3,7.5,8.0,5.1,5.0,690.93,7
576,144,26-35,30,本科,10156.9,741.7,15.7,7.8,21,5.2,4.0,6.1,6.7,3.7,4.1,192.46,2
577,20,55+,60,高中及以下,3562.7,2189.5,20.2,9.1,46,5.4,3.6,7.1,5.4,6.2,4.8,642.68,6
578,113,26-35,30,硕士,14241.6,4684.5,59.8,4.5,72,2.0,6.3,10.0,4.2,5.8,4.8,1742.79,9
579,86,36-45,40,大专,4251.3,1033.1,26.8,8.7,18,6.0,4.1,7.6,4.6,6.7,4.8,370.7,5
580,9,36-45,40,大专,5601.6,1411.4,16.4,8.0,13,8.0,3.2,4.0,5.9,4.6,3.7,255.33,4
581,167,26-35,30,硕士,15981.3,2759.8,32.5,8.4,45,4.6,4.7,7.2,6.4,4.5,4.5,989.1,8
582,66,18-25,22,本科,8735.6,2144.7,16.4,8.6,14,4.2,1.4,5.6,9.5,3.1,5.0,138.1,1
583,46,18-25,22,硕士,9770.4,200.0,12.1,7.3,32,5.6,3.2,8.8,6.6,5.3,5.5,93.63,0
584,121,26-35,30,本科,6369.5,200.0,13.8,8.8,33,5.1,2.5,6.0,8.4,1.9,4.3,59.78,0
585,178,46-55,50,高中及以下,2644.6,1309.7,13.7,9.8,29,7.8,2.4,3.0,5.9,6.8,4.1,113.9,1
586,167,26-35,30,博士,16793.2,2388.7,30.0,8.9,41,3.9,5.6,5.2,5.7,4.7,3.7,989.1,8
587,31,26-35,30,高中及以下,3106.4,3049.4,35.2,5.4,39,2.4,3.7,6.8,4.9,6.0,4.5,946.03,7
588,91,55+,60,高中及以下,2974.7,1428.5,13.3,8.0,41,5.3,2.7,2.6,9.5,8.0,5.4,390.98,5
589,185,46-55,50,本科,8061.4,571.3,6.4,8.8,21,4.7,3.7,4.2,7.5,6.9,4.8,303.08,4
590,43,26-35,30,硕士,6924.9,1106.4,16.3,9.4,30,6.8,1.5,6.6,7.0,7.9,5.9,109.83,1
591,114,26-35,30,本科,7851.5,2132.7,18.0,9.0,5,7.6,4.1,4.4,8.1,4.4,4.2,122.44,1
592,1,36-45,40,博士,11128.7,1446.0,16.0,9.5,13,6.0,3.5,3.2,7.2,6.6,4.4,129.25,1
593,20,36-45,40,高中及以下,3123.2,2043.6,23.2,6.8,61,6.1,4.5,8.7,8.8,6.7,6.3,642.68,6
594,64,18-25,22,大专,4644.3,1279.0,16.8,9.8,29,5.3,2.8,4.5,5.1,7.1,4.4,334.46,4
595,57,18-25,22,硕士,10348.6,440.9,15.8,9.7,22,6.4,2.4,8.3,6.9,5.8,5.7,108.94,1
596,118,36-45,40,硕士,10963.4,2502.9,19.0,7.9,58,5.6,3.7,5.5,6.6,4.4,4.2,465.37,6
597,47,36-45,40,大专,7656.0,1853.1,17.0,9.7,31,5.4,2.7,9.5,9.6,4.4,6.3,427.14,6
598,125,46-55,50,硕士,13346.2,3641.8,44.0,6.9,51,2.3,6.4,5.6,6.7,4.3,3.8,1326.71,8
599,177,26-35,30,大专,4173.1,2528.0,11.7,7.8,5,4.6,4.4,5.4,7.3,4.6,4.3,634.94,6
600,166,26-35,30,硕士,12301.7,510.0,10.1,10.0,41,6.0,3.9,4.0,8.8,4.7,4.4,337.67,5
601,150,55+,60,大专,6436.5,1439.4,14.4,8.1,47,6.4,2.4,8.1,5.4,4.9,4.9,190.66,2
602,24,55+,60,高中及以下,3337.4,944.1,15.2,7.5,18,4.8,1.3,6.9,9.2,4.7,5.8,86.11,0
603,57,36-45,40,高中及以下,3136.9,601.2,20.7,9.8,28,5.4,3.3,6.5,8.2,5.3,5.2,108.94,1
604,73,46-55,50,大专,5759.0,2429.7,32.8,8.7,41,5.3,4.4,5.4,7.6,7.6,5.3,709.56,7
605,135,46-55,50,硕士,13591.1,1585.1,23.0,8.7,53,3.1,3.4,7.7,7.9,5.4,5.5,699.2,7
606,69,36-45,40,高中及以下,3231.8,217.2,9.9,7.4,7,6.8,5.0,8.5,10.0,5.4,6.1,77.86,0
607,3,55+,60,大专,6812.2,1934.7,30.5,6.6,44,5.3,4.3,6.1,6.2,5.9,4.6,680.64,7
608,159,26-35,30,高中及以下,4085.2,1444.2,34.3,9.5,51,5.5,2.6,3.8,5.0,6.0,3.9,286.16,4
609,179,26-35,30,本科,9958.3,5045.1,53.3,5.9,71,2.7,6.4,5.4,8.7,6.2,4.9,1808.04,9
610,143,36-45,40,高中及以下,2657.7,549.0,12.9,7.9,14,6.4,1.3,3.6,8.6,9.4,6.0,178.51,2
611,73,26-35,30,大专,4562.5,2550.4,28.1,6.7,34,3.8,3.3,3.4,6.3,6.8,4.2,709.56,7
612,133,36-45,40,本科,7920.2,1133.5,8.8,8.8,36,5.1,1.9,5.4,6.8,6.7,5.1,238.31,3
613,148,18-25,22,硕士,10479.6,1630.5,22.1,8.0,40,5.1,1.6,6.7,7.0,6.8,5.6,250.12,4
614,34,55+,60,本科,9043.7,882.1,14.0,8.1,27,7.0,3.6,6.2,8.3,6.6,5.5,337.83,5
615,167,36-45,40,硕士,13001.6,3228.8,35.4,7.8,5,2.7,5.5,6.2,3.9,5.4,3.6,989.1,8
616,154,46-55,50,高中及以下,4079.5,1093.2,6.4,8.8,25,6.7,4.3,5.7,7.1,8.6,5.5,198.95,2
617,113,36-45,40,博士,15350.9,5274.0,58.6,5.8,88,2.3,6.2,7.0,3.8,8.5,4.6,1742.79,9
618,31,26-35,30,大专,6704.3,2090.1,30.6,7.2,58,4.1,4.7,6.1,6.2,7.1,4.9,946.03,7
619,167,26-35,30,本科,7126.6,3123.6,44.6,9.0,66,4.0,4.9,2.9,9.5,6.7,4.8,989.1,8
620,76,18-25,22,本科,9008.7,1180.1,12.6,10.0,16,5.4,3.3,6.5,10.0,6.0,6.0,161.91,1
621,41,36-45,40,本科,7654.6,874.3,8.3,9.6,22,5.4,3.4,4.5,9.6,5.4,5.1,176.16,2
622,197,26-35,30,本科,6156.9,544.6,9.3,7.8,39,6.1,2.5,5.3,7.9,7.6,5.6,173.08,2
623,125,18-25,22,本科,13785.0,3963.4,38.4,7.0,63,1.9,3.3,4.9,2.7,5.2,3.2,1326.71,8
624,162,46-55,50,大专,5880.1,1328.2,21.0,7.9,56,5.0,6.7,8.3,7.5,6.4,5.4,472.76,6
625,31,46-55,50,本科,8383.5,3022.4,35.3,6.5,64,2.9,3.6,5.5,5.1,5.9,4.2,946.03,7
626,125,36-45,40,博士,23225.1,3348.8,46.6,6.5,50,1.7,5.1,6.2,4.3,6.1,4.0,1326.71,8
627,153,26-35,30,硕士,9381.4,1353.6,19.5,8.0,41,5.9,2.3,5.5,10.0,7.4,6.2,187.21,2
628,65,26-35,30,硕士,7779.4,2004.7,16.6,8.9,20,4.0,4.7,4.9,6.3,4.7,3.9,576.08,6
629,32,26-35,30,高中及以下,3389.6,1134.3,13.0,9.0,5,6.2,3.2,7.4,8.4,6.4,5.9,146.42,1
630,156,26-35,30,本科,10999.7,2704.8,28.5,6.6,79,3.6,4.0,5.1,6.6,6.5,4.6,958.89,8
631,65,36-45,40,大专,5242.0,2131.3,23.3,8.0,23,6.1,4.0,8.7,8.5,4.8,5.7,576.08,6
632,122,26-35,30,硕士,11778.1,2093.8,22.3,7.5,28,5.1,4.6,5.1,7.0,6.1,4.5,603.53,6
633,160,46-55,50,高中及以下,2831.4,1221.4,8.0,8.1,13,6.9,3.5,6.2,7.4,4.6,4.7,56.0,0
634,28,26-35,30,高中及以下,2722.9,405.9,15.0,9.5,23,7.2,4.4,5.1,10.0,6.5,5.5,81.4,0
635,113,18-25,22,硕士,13791.4,4251.3,56.7,6.9,69,2.1,5.5,8.0,7.1,4.4,4.8,1742.79,9
636,156,36-45,40,本科,9424.1,2586.4,33.1,8.2,71,4.3,4.2,2.8,5.3,6.5,3.6,958.89,8
637,32,36-45,40,大专,5414.5,1463.1,15.3,6.5,30,5.2,3.3,5.3,9.7,5.6,5.4,146.42,1
638,8,26-35,30,高中及以下,2939.0,200.0,16.4,9.8,41,5.3,3.0,5.6,9.5,5.5,5.5,92.81,0
639,73,36-45,40,本科,8322.0,3004.0,26.5,8.0,14,4.8,3.4,5.3,5.6,5.4,4.2,709.56,7
640,167,26-35,30,硕士,12831.4,2436.6,36.3,8.8,49,3.2,4.4,7.1,9.5,6.8,6.1,989.1,8
641,54,36-45,40,高中及以下,2484.2,1759.2,16.6,7.3,39,5.8,4.6,6.4,7.8,7.3,5.5,416.13,5
642,61,26-35,30,高中及以下,2942.2,557.5,18.6,7.2,9,5.0,2.5,4.9,5.3,5.0,4.0,123.27,1
643,7,18-25,22,高中及以下,3643.8,1888.1,13.9,6.5,37,3.9,3.0,6.4,9.3,3.2,5.0,319.72,4
644,60,46-55,50,大专,4749.8,738.1,14.8,9.9,25,5.3,2.6,3.3,7.7,6.2,4.5,91.91,0
645,114,36-45,40,本科,6298.1,1534.3,10.9,9.0,36,6.2,2.6,3.6,4.5,5.4,3.5,122.44,1
646,165,36-45,40,本科,6760.2,1240.3,18.0,7.9,8,5.7,2.0,5.4,8.2,6.7,5.5,224.25,3
647,41,18-25,22,大专,5253.8,895.2,11.7,9.0,28,6.1,1.0,4.8,8.2,5.3,5.1,176.16,2
648,67,26-35,30,硕士,12861.9,2075.4,20.3,8.3,30,5.1,4.4,7.2,8.5,5.9,5.5,404.86,5
649,65,26-35,30,本科,6952.1,2740.4,24.0,8.2,56,4.6,2.4,3.7,5.9,7.8,4.6,576.08,6
650,120,55+,60,硕士,11126.7,981.7,25.1,10.0,9,5.0,4.0,4.6,7.3,3.6,3.9,327.35,4
651,115,46-55,50,高中及以下,3281.2,866.5,13.8,8.5,8,6.4,1.6,3.4,10.0,5.8,5.3,200.65,2
652,82,18-25,22,本科,5565.5,1892.1,23.6,8.6,24,5.7,4.6,4.6,7.4,5.6,4.4,650.6,7
653,179,36-45,40,本科,11145.2,4261.5,44.1,6.3,82,1.6,5.4,6.6,4.6,5.1,3.9,1808.04,9
654,156,36-45,40,大专,9428.3,2720.7,25.2,5.3,79,5.6,4.1,7.8,7.4,4.0,4.9,958.89,8
655,113,26-35,30,硕士,16676.1,4658.1,42.7,6.8,79,3.5,7.4,3.8,7.6,5.5,3.8,1742.79,9
656,125,26-35,30,大专,10958.0,3031.0,41.9,7.5,79,4.0,4.4,5.5,5.8,3.8,3.7,1326.71,8
657,68,36-45,40,大专,4162.3,1212.6,21.1,8.1,20,5.8,2.6,6.3,9.3,8.4,6.5,213.07,3
658,191,36-45,40,高中及以下,2959.5,605.1,20.6,7.0,13,4.0,3.7,2.6,4.4,5.7,3.1,349.46,5
659,67,55+,60,本科,8091.0,1990.9,15.3,6.9,48,5.2,3.9,6.7,7.2,4.2,4.6,404.86,5
660,127,46-55,50,硕士,11847.2,1039.0,9.6,7.2,21,6.8,3.7,6.4,7.4,4.6,4.7,84.24,0
661,167,18-25,22,硕士,12645.2,3602.1,31.7,7.3,60,3.8,5.6,7.0,6.7,4.3,4.3,989.1,8
662,194,26-35,30,高中及以下,2334.8,736.1,19.4,10.0,10,5.2,3.7,4.4,8.4,2.9,4.0,176.48,2
663,156,36-45,40,大专,5761.7,3220.7,41.3,8.7,31,3.3,5.7,6.4,7.8,5.2,4.7,958.89,8
664,7,36-45,40,本科,9252.0,1755.5,13.9,8.8,45,5.8,4.3,7.5,7.9,6.0,5.5,319.72,4
665,47,36-45,40,大专,4035.5,1413.3,24.9,9.6,25,4.6,3.1,5.5,6.2,4.8,4.3,427.14,6
666,128,36-45,40,大专,3974.4,733.4,17.3,7.8,5,4.2,2.0,3.8,6.1,5.2,4.0,163.96,2
667,37,46-55,50,本科,6785.8,200.0,7.5,8.5,11,5.7,2.7,6.4,6.4,2.5,4.0,20.91,0
668,118,26-35,30,本科,7237.1,1539.1,22.9,10.0,21,5.7,3.0,5.3,5.9,7.6,4.9,465.37,6
669,149,46-55,50,本科,11195.7,1442.1,12.1,9.1,11,6.6,2.1,3.3,5.8,6.3,4.1,199.73,2
670,156,26-35,30,硕士,11382.2,3355.4,39.5,7.6,57,2.9,4.3,8.6,9.4,6.8,6.5,958.89,8
671,106,26-35,30,高中及以下,5529.8,3642.4,28.3,6.3,78,3.0,3.3,3.4,5.6,8.7,4.6,978.66,8
672,19,26-35,30,本科,7298.9,991.8,5.0,9.4,5,5.0,3.5,3.7,9.9,5.3,4.9,36.15,0
673,86,36-45,40,硕士,13205.6,991.8,22.2,9.0,11,4.8,1.3,6.2,6.9,6.0,5.3,370.7,5
674,58,26-35,30,本科,9047.7,1318.1,12.3,7.0,15,4.0,1.4,2.0,7.2,6.8,4.4,206.7,3
675,167,26-35,30,硕士,12023.8,3102.7,44.0,6.7,69,3.9,4.3,7.7,8.7,5.9,5.8,989.1,8
676,179,36-45,40,本科,12044.6,4913.4,57.6,5.5,80,1.8,5.4,7.6,3.7,6.4,4.3,1808.04,9
677,179,26-35,30,大专,6328.6,4791.7,55.5,7.0,65,1.7,5.7,8.9,4.4,5.3,4.5,1808.04,9
678,106,36-45,40,本科,6069.9,3409.4,42.4,5.5,62,4.3,2.8,4.9,6.1,6.5,4.6,978.66,8
679,71,36-45,40,本科,8307.7,1756.2,25.0,6.8,50,3.5,5.6,5.8,5.4,4.5,3.7,690.93,7
680,166,55+,60,本科,9084.3,1339.5,18.0,9.1,15,5.4,4.5,2.2,6.5,5.2,3.3,337.67,5
681,106,26-35,30,本科,13393.9,3200.2,31.8,7.8,78,3.7,4.9,8.1,5.2,7.3,5.2,978.66,8
682,156,55+,60,硕士,8881.3,3785.6,26.7,6.5,59,2.9,2.4,6.3,6.9,3.9,4.5,958.89,8
683,71,18-25,22,硕士,17307.0,2105.3,25.8,8.9,34,3.9,4.1,4.6,7.1,6.1,4.5,690.93,7
684,179,46-55,50,硕士,14862.5,4899.4,53.9,7.5,73,4.6,7.1,7.3,2.3,3.4,2.7,1808.04,9
685,180,46-55,50,大专,3584.9,1782.7,19.4,9.8,30,4.2,3.1,4.9,6.1,5.8,4.4,277.46,4
686,53,26-35,30,硕士,9732.4,1678.4,20.6,9.4,36,6.7,2.9,5.4,8.7,4.6,4.9,273.6,4
687,113,18-25,22,硕士,14503.4,4067.9,57.4,4.9,91,0.8,7.5,10.0,5.5,4.6,4.7,1742.79,9
688,141,26-35,30,博士,13110.6,1816.3,20.3,8.3,31,3.6,2.6,7.3,8.0,5.0,5.4,548.48,6
689,64,26-35,30,硕士,10409.2,1647.0,17.0,8.3,24,5.6,2.5,4.9,8.1,7.9,5.6,334.46,4
690,40,26-35,30,本科,6412.2,1118.7,9.4,8.6,12,4.0,1.5,6.5,6.6,3.6,4.6,310.59,4
691,53,36-45,40,高中及以下,2832.8,1090.5,10.4,6.8,30,6.5,3.1,5.0,7.3,4.8,4.4,273.6,4
692,167,36-45,40,高中及以下,4041.5,3331.1,41.6,8.6,77,5.2,6.0,7.3,8.9,5.5,5.3,989.1,8
693,71,46-55,50,本科,6925.4,3249.7,26.0,9.5,37,5.2,3.9,6.2,7.4,5.2,4.8,690.93,7
694,113,36-45,40,硕士,13442.3,4244.0,54.5,6.3,98,1.9,6.3,8.1,7.6,6.4,5.4,1742.79,9
695,3,18-25,22,高中及以下,3282.1,1864.1,16.8,6.9,30,4.4,4.7,6.2,8.9,5.1,5.1,680.64,7
696,58,46-55,50,大专,4902.2,1184.4,20.7,7.7,39,5.5,3.0,2.5,7.5,7.0,4.4,206.7,3
697,113,36-45,40,博士,34701.0,4653.1,52.1,6.7,84,2.2,6.4,7.2,7.3,4.3,4.5,1742.79,9
698,75,55+,60,硕士,12633.5,1479.5,18.6,8.5,54,5.0,4.0,2.3,10.0,7.7,5.1,337.61,5
699,177,26-35,30,高中及以下,3289.9,2401.1,29.3,7.8,59,4.7,4.6,5.3,6.9,3.9,3.9,634.94,6
700,113,26-35,30,博士,17133.5,5939.7,60.0,8.2,88,1.9,5.6,6.6,6.1,5.1,4.3,1742.79,9
701,154,26-35,30,博士,15330.7,1371.7,14.0,8.1,11,6.3,3.6,4.1,6.3,5.8,4.1,198.95,2
702,125,36-45,40,大专,5953.8,4270.6,45.4,6.1,66,2.5,6.2,4.9,5.5,4.8,3.5,1326.71,8
703,191,26-35,30,本科,9617.5,1412.9,18.1,8.2,53,5.0,3.2,4.6,7.5,5.8,4.7,349.46,5
704,106,26-35,30,硕士,11673.3,3456.7,42.8,6.9,37,4.1,3.4,3.5,4.2,4.6,3.0,978.66,8
705,59,26-35,30,本科,9253.3,692.7,26.6,9.8,16,3.6,4.0,6.5,7.2,6.1,5.1,393.68,5
706,25,26-35,30,高中及以下,3986.3,794.8,10.6,9.4,14,5.3,2.1,5.1,7.8,4.7,4.7,165.82,2
707,185,46-55,50,大专,4914.6,1632.3,19.0,10.0,40,5.6,3.4,5.6,6.0,5.3,4.3,303.08,4
708,9,26-35,30,博士,21529.6,1818.3,25.3,9.1,36,5.9,1.4,2.8,9.5,5.2,4.8,255.33,4
709,82,46-55,50,大专,5086.5,2055.7,27.6,7.7,51,2.7,2.6,5.6,7.8,6.7,5.4,650.6,7
710,7,26-35,30,高中及以下,3251.9,2184.5,20.4,7.8,42,4.7,4.0,2.5,4.4,3.7,2.5,319.72,4
711,111,46-55,50,高中及以下,3581.9,1259.0,14.0,7.6,37,4.7,2.0,4.9,5.7,1.4,3.1,144.53,1
712,20,46-55,50,大专,4530.1,1311.3,19.8,9.5,40,6.4,3.9,5.2,7.8,4.1,4.3,642.68,6
713,40,18-25,22,高中及以下,4183.0,1175.2,17.3,9.3,22,5.5,4.6,5.3,7.1,4.2,4.1,310.59,4
714,153,26-35,30,本科,8052.8,2465.3,21.0,9.1,20,6.2,4.2,6.6,7.3,2.7,4.1,187.21,2
715,10,26-35,30,大专,5752.9,200.0,13.7,7.5,5,5.8,3.1,4.0,5.6,6.5,4.2,93.37,0
716,133,36-45,40,高中及以下,3452.9,1408.1,18.4,8.9,39,4.2,3.2,6.4,5.0,4.1,4.0,238.31,3
717,179,36-45,40,本科,15242.4,5310.6,58.7,4.8,99,3.1,7.3,7.5,8.2,8.6,5.9,1808.04,9
718,167,36-45,40,本科,6269.6,3305.4,37.0,8.6,16,4.7,3.8,5.4,9.1,6.6,5.5,989.1,8
719,116,18-25,22,本科,7743.0,1596.6,19.4,10.0,13,6.5,3.7,4.7,9.1,1.6,3.9,143.35,1
720,3,55+,60,博士,12616.7,3745.5,25.9,6.7,39,4.9,4.6,5.3,6.8,6.2,4.6,680.64,7
721,185,36-45,40,高中及以下,3414.6,2445.4,17.3,7.8,51,4.7,2.3,3.2,6.2,2.2,3.0,303.08,4
722,48,36-45,40,高中及以下,2134.2,456.2,9.6,9.2,14,5.8,3.0,6.9,9.6,3.9,5.4,209.27,3
723,162,26-35,30,硕士,13225.0,2240.1,21.0,8.3,28,4.3,3.3,5.1,8.1,3.1,4.2,472.76,6
724,70,26-35,30,本科,8287.7,895.6,15.4,10.0,35,4.3,4.3,4.8,5.3,4.8,3.6,213.02,3
725,106,36-45,40,大专,7230.7,2049.0,34.6,6.7,66,3.6,3.7,4.8,8.6,6.3,5.1,978.66,8
726,91,46-55,50,本科,6613.5,1831.0,22.6,8.4,22,6.1,3.7,3.7,6.0,7.1,4.3,390.98,5
727,165,26-35,30,高中及以下,2490.2,1022.1,17.9,9.6,28,4.6,2.3,6.1,9.3,5.3,5.6,224.25,3
728,70,55+,60,高中及以下,3798.8,1468.6,14.0,8.2,30,5.7,5.2,6.1,10.0,3.9,5.0,213.02,3
729,39,26-35,30,硕士,11201.6,1003.9,13.8,10.0,35,5.1,3.0,6.1,8.3,4.6,5.0,180.7,2
730,0,36-45,40,博士,17654.9,800.7,13.5,8.3,31,7.1,5.0,5.0,5.9,5.9,4.1,243.89,3
731,8,26-35,30,高中及以下,3179.8,637.3,7.3,8.4,13,5.3,3.5,6.3,10.0,3.2,5.1,92.81,0
732,124,36-45,40,高中及以下,2634.8,2003.1,8.4,8.2,42,4.9,1.7,2.5,8.3,5.2,4.3,266.9,4
733,179,18-25,22,本科,10955.3,5180.0,57.2,5.4,81,2.9,6.1,5.6,5.6,5.1,3.8,1808.04,9
734,80,18-25,22,大专,6214.3,1399.9,19.5,9.4,13,5.5,2.9,5.9,9.3,5.7,5.6,119.14,1
735,82,46-55,50,硕士,13167.7,2215.7,25.3,8.6,33,5.9,2.6,5.5,4.7,6.3,4.3,650.6,7
736,81,46-55,50,硕士,12107.5,1576.2,13.0,8.3,15,4.4,1.8,4.4,6.9,6.8,4.9,212.11,3
737,152,36-45,40,高中及以下,3119.3,200.0,12.2,8.4,47,6.4,2.8,1.6,4.6,3.3,2.3,75.19,0
738,174,36-45,40,本科,9283.5,1187.4,22.6,8.4,44,6.0,1.8,4.8,8.5,6.9,5.5,195.72,2
739,54,18-25,22,硕士,12078.1,1566.3,13.5,8.7,5,4.1,4.7,3.8,8.0,7.6,4.9,416.13,5
740,75,46-55,50,硕士,12053.0,1796.3,19.9,8.4,17,5.1,4.4,6.4,8.0,4.3,4.7,337.61,5
741,57,46-55,50,本科,9480.9,200.0,12.1,7.9,39,6.9,4.0,4.5,9.8,6.1,5.3,108.94,1
742,151,46-55,50,硕士,6800.3,796.8,5.0,9.7,40,4.8,1.6,5.5,7.5,4.6,4.8,209.86,3
743,70,26-35,30,硕士,10618.0,371.1,20.5,9.0,24,5.1,3.6,6.0,8.3,8.9,6.1,213.02,3
744,76,36-45,40,本科,6770.5,1477.4,22.4,10.0,21,6.9,1.7,6.1,5.3,5.6,4.6,161.91,1
745,191,46-55,50,高中及以下,3398.9,1143.4,24.8,8.5,37,4.8,3.2,6.1,9.2,6.9,5.9,349.46,5
746,122,26-35,30,本科,7217.4,3090.0,26.0,7.1,60,4.7,4.9,4.4,7.1,4.8,4.0,603.53,6
747,106,46-55,50,高中及以下,6704.4,3092.2,33.9,6.9,39,4.7,5.5,7.9,5.0,5.5,4.5,978.66,8
748,60,36-45,40,大专,3396.0,896.3,20.7,9.8,15,4.9,2.4,4.9,7.8,6.4,5.1,91.91,0
749,81,26-35,30,本科,9774.3,1326.3,19.1,10.0,22,6.8,1.0,7.2,7.2,6.1,5.7,212.11,3
750,45,26-35,30,高中及以下,3168.8,214.3,5.0,7.8,5,5.9,1.3,6.0,8.2,6.7,5.8,72.25,0
751,48,46-55,50,本科,5206.9,1223.9,10.1,9.0,34,5.7,3.9,9.4,8.3,8.1,6.8,209.27,3
752,179,55+,60,硕士,14063.2,5106.8,58.1,6.5,63,3.8,7.2,5.5,3.8,3.1,2.5,1808.04,9
753,179,18-25,22,硕士,13291.7,4483.0,51.3,5.9,89,2.6,6.5,9.0,4.7,5.6,4.6,1808.04,9
754,179,18-25,22,硕士,24158.4,4809.2,52.4,5.4,88,1.9,5.7,5.4,4.4,5.7,3.6,1808.04,9
755,89,55+,60,本科,7183.0,1363.0,20.2,7.6,14,4.0,2.9,6.9,7.3,5.1,5.1,247.96,3
756,122,55+,60,本科,8392.2,1292.8,20.6,7.6,38,3.7,3.0,5.9,6.8,8.4,5.6,603.53,6
757,125,55+,60,本科,10089.9,3488.9,49.0,5.3,65,5.3,4.6,7.8,5.6,3.4,4.1,1326.71,8
758,113,55+,60,本科,12156.4,4355.8,46.8,8.1,77,3.7,6.2,5.9,9.2,4.9,4.8,1742.79,9
759,72,46-55,50,高中及以下,2622.0,200.0,13.8,8.9,11,7.7,2.8,3.9,9.5,4.0,4.6,143.19,1
760,73,18-25,22,硕士,17263.8,2644.5,25.5,7.7,29,3.8,5.3,4.7,6.5,6.5,4.3,709.56,7
761,190,36-45,40,高中及以下,2207.9,1228.8,9.0,8.1,30,4.9,3.7,5.5,7.6,2.4,3.9,94.96,0
762,167,36-45,40,本科,14747.5,3105.0,37.1,8.3,32,4.0,5.5,6.7,6.5,4.1,4.2,989.1,8
763,122,46-55,50,本科,8763.9,2192.7,33.5,8.3,31,4.7,2.9,7.1,4.1,7.7,5.0,603.53,6
764,20,46-55,50,大专,4787.6,1739.8,29.5,7.5,25,6.0,2.5,6.0,8.4,7.9,6.0,642.68,6
765,99,55+,60,本科,6141.3,200.0,12.2,8.5,32,6.1,3.4,4.5,9.9,6.2,5.4,117.38,1
766,94,18-25,22,博士,13348.2,1021.0,13.6,9.2,10,5.1,1.7,7.5,6.9,6.8,5.8,100.27,0
767,113,18-25,22,高中及以下,4476.5,4243.4,55.8,7.2,58,1.9,7.3,7.9,6.1,5.3,4.5,1742.79,9
768,76,55+,60,高中及以下,2199.5,1617.8,6.7,10.0,24,5.9,3.4,3.0,5.8,4.3,3.3,161.91,1
769,167,46-55,50,大专,8742.2,2347.8,35.0,7.5,54,5.0,4.3,5.6,6.5,3.2,3.8,989.1,8
770,113,46-55,50,硕士,11567.3,4248.6,42.4,5.1,63,2.0,6.7,4.7,5.7,7.6,4.2,1742.79,9
771,179,55+,60,硕士,16337.3,4842.9,60.7,4.9,77,1.2,7.1,9.3,5.7,1.8,3.8,1808.04,9
772,183,46-55,50,本科,8527.4,2168.5,22.3,7.9,23,5.7,3.7,4.5,7.8,5.7,4.6,240.44,3
773,96,36-45,40,高中及以下,2769.4,296.7,13.5,10.0,38,5.5,1.8,5.7,9.6,6.0,5.8,199.56,2
774,59,26-35,30,硕士,9945.0,1558.6,9.0,8.5,21,5.8,3.0,5.6,8.9,5.7,5.3,393.68,5
775,162,36-45,40,高中及以下,3491.9,1667.2,23.8,7.7,43,6.0,3.3,3.3,7.9,4.9,4.1,472.76,6
776,177,55+,60,本科,8267.7,2240.5,21.5,6.9,37,5.0,3.9,4.9,8.9,4.1,4.6,634.94,6
777,34,26-35,30,本科,6019.2,2361.3,22.9,8.4,20,4.6,3.2,7.2,5.6,5.3,4.7,337.83,5
778,113,26-35,30,本科,10135.4,4300.0,53.0,6.9,77,3.1,8.0,6.6,3.0,3.1,2.5,1742.79,9
779,2,18-25,22,硕士,12361.5,1610.3,22.6,8.7,17,7.7,3.7,5.4,7.6,5.5,4.8,283.64,4
780,60,36-45,40,高中及以下,2765.4,1382.9,14.1,9.3,27,4.6,3.9,7.6,10.0,5.2,6.0,91.91,0
781,173,26-35,30,本科,7184.3,673.8,12.9,9.2,46,5.8,3.3,6.8,4.2,1.8,3.2,208.75,3
782,125,46-55,50,大专,8796.2,2378.0,40.9,6.1,65,2.9,5.7,8.3,7.0,5.2,5.0,1326.71,8
783,106,46-55,50,本科,6794.4,3041.1,33.8,7.9,51,2.8,4.4,6.4,3.3,3.2,3.1,978.66,8
784,86,55+,60,硕士,8481.4,852.3,13.1,8.3,29,4.6,2.4,8.8,5.0,5.4,5.1,370.7,5
785,9,36-45,40,本科,8004.6,1572.5,14.0,9.9,47,6.8,4.8,7.5,9.1,2.1,4.7,255.33,4
786,113,26-35,30,博士,18631.2,4714.3,44.9,5.8,78,2.8,5.7,7.0,5.3,9.2,5.3,1742.79,9
787,179,46-55,50,硕士,17919.8,4054.7,52.4,5.8,57,1.5,6.4,7.2,5.4,6.9,4.7,1808.04,9
788,133,18-25,22,本科,7260.2,1935.5,11.7,7.6,30,3.9,2.4,6.7,8.3,6.6,5.8,238.31,3
789,81,46-55,50,高中及以下,4735.5,1064.2,10.6,9.2,23,6.1,3.1,7.5,9.2,6.8,6.3,212.11,3
790,148,36-45,40,本科,8155.6,1209.0,21.0,10.0,37,4.0,1.7,5.9,5.6,4.5,4.3,250.12,4
791,125,26-35,30,本科,7467.5,3807.6,45.1,6.6,43,4.8,5.3,6.7,4.6,5.9,4.2,1326.71,8
792,85,46-55,50,大专,4319.1,820.3,9.8,9.3,16,6.9,3.0,3.9,10.0,7.7,5.7,89.86,0
793,54,26-35,30,硕士,10275.0,1232.9,21.4,7.7,12,5.8,3.6,5.2,7.1,7.1,5.0,416.13,5
794,81,55+,60,本科,6114.0,1509.8,14.1,10.0,18,6.7,4.1,5.7,7.5,4.9,4.6,212.11,3
795,124,26-35,30,本科,10931.7,757.8,15.4,7.3,12,6.5,3.0,3.6,7.7,6.2,4.6,266.9,4
796,125,36-45,40,博士,18526.9,4039.6,43.2,5.1,24,3.2,5.1,8.7,4.8,3.6,4.2,1326.71,8
797,98,46-55,50,高中及以下,3194.8,454.5,10.9,9.7,55,6.1,2.2,6.5,7.2,6.5,5.5,149.17,1
798,108,26-35,30,本科,7109.7,1756.0,21.1,8.3,46,6.1,1.3,5.7,8.1,7.5,5.9,192.01,2
799,198,55+,60,高中及以下,2809.8,200.0,23.7,8.0,39,4.8,2.1,4.8,8.9,7.1,5.6,157.31,1
800,153,36-45,40,硕士,12761.4,1255.5,19.0,9.0,43,5.5,3.7,6.6,5.8,6.1,4.8,187.21,2
801,80,26-35,30,硕士,11458.8,200.0,14.4,8.3,29,6.4,2.3,4.6,9.3,6.1,5.4,119.14,1
802,119,26-35,30,本科,5720.1,866.7,11.8,7.8,47,4.7,5.0,5.0,9.2,4.7,4.7,314.8,4
803,179,18-25,22,高中及以下,3629.1,4759.0,56.4,6.4,81,2.0,4.9,7.1,6.8,3.6,4.3,1808.04,9
804,86,26-35,30,博士,14787.9,979.7,26.7,8.3,33,6.8,3.8,6.6,7.5,6.5,5.3,370.7,5
805,125,26-35,30,本科,9881.4,3807.5,44.9,8.4,75,5.2,6.3,6.8,4.6,7.3,4.4,1326.71,8
806,22,18-25,22,高中及以下,3739.1,309.6,5.0,8.0,37,5.4,2.2,6.4,9.6,7.3,6.3,158.78,1
807,139,55+,60,博士,17054.6,788.1,11.9,9.5,21,4.8,1.0,5.1,7.4,2.5,4.1,43.34,0
808,113,26-35,30,本科,9534.0,4931.9,57.5,5.8,66,2.5,6.9,6.1,2.8,5.7,3.2,1742.79,9
809,127,26-35,30,大专,4010.6,200.0,11.3,8.3,25,5.6,1.0,5.5,7.4,5.6,5.1,84.24,0
810,7,46-55,50,硕士,13412.2,1021.5,20.7,7.3,59,4.5,3.9,7.0,9.3,7.7,6.3,319.72,4
811,20,18-25,22,高中及以下,3272.8,2818.3,20.2,8.5,29,6.4,3.8,6.3,8.0,4.0,4.7,642.68,6
812,103,46-55,50,硕士,10565.0,607.5,5.0,9.1,45,6.8,4.4,4.1,7.7,7.8,5.0,66.53,0
813,55,46-55,50,高中及以下,3008.8,994.5,23.9,7.7,18,6.4,5.2,5.5,5.3,5.1,3.8,376.64,5
814,136,26-35,30,大专,3874.4,695.8,19.4,10.0,22,7.7,1.9,6.0,8.0,5.7,5.4,67.81,0
815,50,36-45,40,高中及以下,3742.0,490.3,12.4,8.2,31,4.6,5.4,3.5,4.7,4.9,3.0,205.22,3
816,42,26-35,30,硕士,14499.7,1146.3,17.7,9.6,16,6.1,1.0,6.5,8.1,6.1,5.8,132.2,1
817,148,36-45,40,本科,7715.5,915.6,28.8,9.4,18,5.1,1.0,8.1,9.2,7.3,6.9,250.12,4
818,18,26-35,30,本科,4987.3,351.5,7.9,8.9,5,5.0,1.3,4.7,5.3,6.8,4.6,59.86,0
819,39,26-35,30,本科,6061.0,363.7,19.4,8.7,24,5.5,3.9,7.5,7.3,2.9,4.5,180.7,2
820,27,36-45,40,本科,7125.2,1644.2,26.3,8.3,51,3.4,2.5,3.5,8.4,5.9,4.7,216.09,3
821,82,36-45,40,硕士,11377.1,2181.5,30.7,7.2,19,6.0,3.9,3.8,8.0,6.4,4.6,650.6,7
822,20,18-25,22,本科,11074.7,2551.3,27.4,7.0,18,5.6,4.6,7.3,7.1,4.0,4.6,642.68,6
823,125,36-45,40,本科,10990.5,4694.5,38.1,5.9,87,3.2,6.2,3.3,5.1,5.3,3.0,1326.71,8
824,180,18-25,22,大专,4789.6,1212.1,21.7,9.1,19,5.3,1.0,4.2,6.8,6.9,5.0,277.46,4
825,67,26-35,30,硕士,8034.1,1325.5,15.9,8.1,28,5.5,3.2,5.5,4.8,8.2,4.8,404.86,5
826,6,46-55,50,本科,10100.8,2984.9,28.3,8.4,14,4.0,4.6,4.2,10.0,7.1,5.4,719.97,7
827,131,18-25,22,硕士,9710.4,1299.1,12.7,7.9,5,6.3,3.8,4.2,9.1,6.9,5.2,158.95,1
828,73,26-35,30,本科,7895.9,2249.4,25.6,7.8,40,4.7,2.7,6.3,7.3,6.8,5.4,709.56,7
829,113,36-45,40,本科,7730.3,5981.2,49.0,5.7,71,4.1,6.8,8.0,7.3,4.2,4.6,1742.79,9
830,17,26-35,30,本科,10641.0,1090.0,10.9,7.0,39,6.3,2.9,6.4,7.8,6.4,5.5,203.21,3
831,82,36-45,40,高中及以下,3732.6,2830.2,33.2,7.3,59,5.0,5.2,6.9,8.7,4.7,5.1,650.6,7
832,174,36-45,40,高中及以下,3610.8,759.6,16.5,8.7,28,5.6,2.6,4.3,7.1,6.7,4.8,195.72,2
833,68,26-35,30,本科,7858.9,1217.4,18.1,9.1,36,6.5,2.6,6.2,7.7,3.7,4.7,213.07,3
834,135,46-55,50,硕士,20315.2,1743.8,23.3,6.9,34,5.4,4.7,5.7,7.4,3.3,4.0,699.2,7
835,154,26-35,30,硕士,14149.5,1035.3,7.8,9.3,43,5.4,4.7,5.1,8.1,7.1,5.1,198.95,2
836,66,36-45,40,本科,7325.2,547.4,9.0,7.8,34,6.1,1.0,2.7,7.5,5.6,4.4,138.1,1
837,156,36-45,40,硕士,18101.2,3733.1,30.9,7.6,61,3.1,3.5,6.5,7.2,5.6,5.0,958.89,8
838,113,46-55,50,硕士,17067.8,4454.2,54.1,6.6,63,2.9,6.4,7.7,5.1,5.7,4.4,1742.79,9
839,73,26-35,30,硕士,10125.5,3308.7,26.6,8.8,54,3.4,5.8,5.5,8.2,1.9,3.6,709.56,7
840,54,36-45,40,大专,4991.5,1231.6,19.7,9.1,28,5.3,4.0,4.9,7.1,4.2,4.1,416.13,5
841,61,36-45,40,高中及以下,2181.7,200.0,5.0,9.5,11,5.5,3.1,4.5,4.8,6.5,4.1,123.27,1
842,65,36-45,40,本科,8446.4,1925.8,26.2,8.0,40,4.5,3.9,5.2,5.1,8.2,4.7,576.08,6
843,81,26-35,30,本科,6580.5,505.2,18.1,7.7,27,4.6,3.7,6.1,7.6,6.6,5.3,212.11,3
844,166,46-55,50,本科,8267.6,1712.3,11.1,9.4,33,5.7,2.6,7.0,7.8,3.6,4.9,337.67,5
845,151,36-45,40,硕士,11559.3,929.4,22.7,7.8,40,6.6,4.3,5.4,9.1,6.5,5.4,209.86,3
846,177,26-35,30,博士,18715.7,2030.5,25.0,8.0,44,4.9,2.4,5.3,7.9,8.1,5.7,634.94,6
847,33,46-55,50,博士,13634.5,200.0,13.4,9.8,29,6.8,3.1,3.0,8.2,6.2,4.5,51.54,0
848,125,26-35,30,硕士,15245.8,4234.3,39.9,7.7,80,3.5,4.1,8.2,7.2,4.7,5.2,1326.71,8
849,73,26-35,30,本科,6301.8,2243.8,31.0,7.5,46,2.5,5.1,4.8,7.6,4.7,4.2,709.56,7
850,177,46-55,50,本科,9633.1,2023.7,29.7,7.2,28,5.7,3.7,7.0,4.7,3.3,3.8,634.94,6
851,71,26-35,30,高中及以下,4062.6,2110.1,22.6,6.8,47,4.9,3.6,4.9,6.5,8.3,5.1,690.93,7
852,164,26-35,30,大专,6542.8,1213.9,21.1,8.0,46,4.5,2.9,5.6,6.7,2.9,3.9,388.92,5
853,186,36-45,40,高中及以下,3135.9,1207.7,15.6,8.3,14,5.6,1.7,3.1,6.1,4.8,3.8,238.23,3
854,179,18-25,22,硕士,21184.8,5045.6,61.3,5.9,74,2.2,5.2,5.9,5.2,4.6,3.7,1808.04,9
855,179,26-35,30,硕士,19253.0,4834.7,57.3,6.2,61,2.9,6.0,7.8,7.6,5.0,5.0,1808.04,9
856,135,26-35,30,硕士,10262.8,2005.5,20.0,9.4,58,5.1,3.2,5.8,6.6,6.3,4.9,699.2,7
857,88,26-35,30,博士,13985.5,1171.4,8.4,8.7,12,6.9,3.1,4.4,7.3,7.0,4.9,87.38,0
858,73,36-45,40,大专,4160.2,2755.6,38.8,8.0,66,5.5,4.7,2.5,6.3,4.9,3.2,709.56,7
859,31,18-25,22,本科,8094.7,3049.0,23.7,9.3,52,2.8,3.5,7.6,7.4,6.5,5.6,946.03,7
860,41,26-35,30,本科,10724.0,1335.7,8.1,10.0,31,4.8,2.9,6.8,9.9,5.7,6.0,176.16,2
861,31,36-45,40,硕士,11265.5,2892.2,29.8,10.0,23,4.1,6.7,4.7,9.1,3.8,4.1,946.03,7
862,73,46-55,50,本科,6900.5,2126.1,31.9,6.3,15,3.3,3.4,7.3,7.4,6.7,5.6,709.56,7
863,115,46-55,50,高中及以下,2971.6,963.7,20.5,8.7,11,5.8,1.0,5.3,8.0,4.5,4.9,200.65,2
864,166,26-35,30,高中及以下,2381.6,780.5,15.5,8.6,28,2.7,2.4,7.5,8.1,3.9,5.2,337.67,5
865,62,26-35,30,硕士,8679.1,337.8,16.6,7.4,31,6.0,1.6,5.6,6.6,3.3,4.2,49.09,0
866,65,36-45,40,高中及以下,3166.4,1325.2,20.2,9.9,25,4.7,1.0,5.0,8.5,5.5,5.3,576.08,6
867,96,26-35,30,硕士,9492.6,1407.3,19.1,8.2,24,7.7,5.6,9.2,7.9,4.5,5.4,199.56,2
868,2,55+,60,本科,6494.5,999.8,14.1,8.9,42,6.5,3.5,3.7,8.4,8.9,5.5,283.64,4
869,34,26-35,30,大专,4951.0,1348.3,18.6,8.2,5,5.9,4.1,6.1,7.2,3.2,4.1,337.83,5
870,151,26-35,30,高中及以下,3162.3,1198.8,11.9,10.0,22,7.1,4.2,5.3,4.6,4.5,3.5,209.86,3
871,73,18-25,22,硕士,9304.9,2300.0,30.8,7.2,36,5.1,5.3,9.6,7.5,5.6,5.7,709.56,7
872,32,18-25,22,本科,9827.7,200.0,7.2,10.0,11,5.6,3.1,5.1,7.2,3.0,3.9,146.42,1
873,173,46-55,50,本科,8610.2,1318.3,6.3,8.7,32,6.5,1.0,9.0,6.8,3.2,5.3,208.75,3
874,138,46-55,50,高中及以下,3201.8,2067.2,18.1,8.2,43,7.2,2.0,6.3,8.7,7.5,6.1,334.79,4
875,65,18-25,22,本科,9367.0,1316.2,16.5,6.4,59,3.8,3.9,7.2,7.6,2.9,4.5,576.08,6
876,179,26-35,30,大专,7277.3,4613.5,55.8,5.8,94,2.4,5.6,5.2,8.0,3.5,4.0,1808.04,9
877,185,26-35,30,本科,11968.3,1191.7,8.5,6.3,10,6.0,4.0,6.5,10.0,3.5,5.1,303.08,4
878,53,26-35,30,硕士,8299.7,1073.1,19.2,8.5,39,6.1,3.0,5.8,9.1,4.5,5.1,273.6,4
879,175,26-35,30,高中及以下,4197.5,2474.5,15.6,8.8,45,6.9,2.3,5.1,7.4,4.7,4.6,339.4,5
880,61,46-55,50,高中及以下,2678.4,200.0,11.1,9.2,41,4.9,4.0,5.4,7.8,3.5,4.2,123.27,1
881,141,18-25,22,博士,12474.0,1760.0,21.2,8.7,44,4.8,4.2,5.5,5.5,4.6,3.9,548.48,6
882,65,36-45,40,高中及以下,2975.5,2801.0,27.5,9.2,63,4.2,2.7,5.8,10.0,3.4,5.1,576.08,6
883,167,26-35,30,硕士,23317.3,3094.9,48.0,6.9,39,4.5,4.2,8.0,7.2,4.5,5.0,989.1,8
884,53,36-45,40,本科,5104.0,1251.8,22.4,10.0,48,6.2,1.9,5.9,8.7,6.5,5.8,273.6,4
885,3,26-35,30,高中及以下,4853.7,1622.3,23.3,9.8,30,5.2,4.3,3.8,6.2,3.6,3.3,680.64,7
886,36,36-45,40,高中及以下,4239.1,1705.8,9.4,8.8,26,3.4,1.0,4.7,8.0,7.9,5.7,182.89,2
887,106,36-45,40,大专,6158.5,3282.3,35.3,7.7,34,4.9,6.4,4.3,6.3,4.2,3.3,978.66,8
888,40,26-35,30,本科,8520.0,1922.6,22.7,9.6,22,5.5,1.3,4.2,7.4,7.3,5.2,310.59,4
889,91,36-45,40,硕士,13380.5,1016.0,15.4,7.8,36,6.3,5.1,5.0,7.4,4.8,4.2,390.98,5
890,52,18-25,22,高中及以下,3539.3,200.0,12.8,8.7,7,5.2,2.3,4.7,9.6,6.1,5.5,75.42,0
891,71,55+,60,本科,7440.2,1330.8,30.5,7.6,24,3.1,4.5,4.2,10.0,4.0,4.6,690.93,7
892,185,55+,60,本科,7860.5,1559.4,19.0,8.4,36,6.9,2.7,5.3,8.4,7.3,5.6,303.08,4
893,17,55+,60,大专,4167.1,1591.0,17.3,6.9,55,4.4,3.0,3.9,7.8,6.6,4.8,203.21,3
894,109,36-45,40,高中及以下,4608.2,200.0,14.0,8.6,35,4.6,3.2,3.3,9.8,5.3,4.8,137.77,1
895,175,36-45,40,本科,7043.7,1784.9,18.4,8.3,38,4.0,2.7,4.3,10.0,7.8,5.9,339.4,5
896,85,55+,60,本科,7870.9,559.1,8.3,7.1,26,6.8,4.1,3.5,7.4,6.3,4.3,89.86,0
897,194,18-25,22,硕士,10757.8,558.9,12.1,9.6,5,6.9,3.1,3.6,8.8,5.9,4.8,176.48,2
898,41,36-45,40,本科,7055.2,1232.5,7.6,9.1,29,4.3,2.5,5.7,8.0,4.8,4.9,176.16,2
899,6,46-55,50,本科,9781.6,3164.1,30.9,8.3,75,3.9,3.0,7.3,6.3,6.3,5.3,719.97,7
900,6,36-45,40,硕士,13924.5,2926.7,30.8,7.2,38,4.6,4.7,5.1,5.4,5.4,3.9,719.97,7
901,125,46-55,50,高中及以下,4673.5,4253.5,47.0,6.6,50,3.6,6.1,5.0,6.9,5.1,4.0,1326.71,8
902,82,55+,60,本科,8771.8,2594.5,18.2,8.6,53,3.9,3.7,5.1,8.0,4.5,4.5,650.6,7
903,131,26-35,30,本科,6343.5,1324.5,14.4,10.0,21,6.1,2.6,5.4,9.5,2.4,4.6,158.95,1
904,180,26-35,30,高中及以下,3201.8,1003.2,15.3,8.7,32,4.5,3.9,5.2,8.6,5.4,4.9,277.46,4
905,144,55+,60,本科,6666.0,1595.4,26.5,8.1,55,6.2,1.9,3.1,9.2,4.9,4.6,192.46,2
906,165,26-35,30,硕士,9657.1,1915.0,17.9,9.0,45,5.2,3.9,6.7,6.5,6.7,5.1,224.25,3
907,58,36-45,40,博士,23084.8,562.1,19.9,8.8,58,5.7,3.3,4.1,7.5,7.8,5.1,206.7,3
908,67,26-35,30,硕士,10246.0,2576.7,24.1,8.7,35,4.7,3.4,7.3,7.1,6.8,5.6,404.86,5
909,106,26-35,30,本科,10390.9,2777.7,28.3,6.5,53,5.0,5.6,9.2,4.1,6.5,4.9,978.66,8
910,3,18-25,22,本科,10712.4,1537.6,21.2,9.5,12,3.8,5.2,4.9,5.9,3.4,3.3,680.64,7
911,106,36-45,40,高中及以下,4412.2,2917.4,39.0,7.2,40,4.2,4.7,7.1,6.6,4.6,4.6,978.66,8
912,156,26-35,30,本科,9700.4,2314.1,34.2,7.3,62,7.0,4.3,6.4,3.7,4.4,3.5,958.89,8
913,82,26-35,30,大专,4459.9,2416.6,26.7,7.2,9,3.9,4.0,6.4,5.3,6.2,4.5,650.6,7
914,133,36-45,40,高中及以下,2710.6,1251.8,20.4,9.7,35,5.3,3.4,5.5,9.1,5.8,5.3,238.31,3
915,57,55+,60,本科,5203.6,1044.2,5.2,9.4,19,5.3,2.7,6.5,7.5,4.8,5.0,108.94,1
916,113,26-35,30,本科,13441.3,5014.1,58.8,4.5,64,1.8,3.0,7.9,3.3,4.8,4.1,1742.79,9
917,113,26-35,30,本科,10757.3,4993.6,50.9,6.0,73,2.5,7.3,6.3,4.9,5.1,3.6,1742.79,9
918,106,26-35,30,高中及以下,3025.4,2139.7,48.0,8.0,64,5.9,3.7,4.9,5.7,7.0,4.5,978.66,8
919,135,36-45,40,硕士,16650.5,2609.5,30.9,8.4,31,3.7,3.2,6.5,6.7,6.8,5.3,699.2,7
920,177,36-45,40,本科,7922.8,2021.1,28.7,7.6,38,7.0,3.5,5.1,7.3,6.7,5.0,634.94,6
921,174,18-25,22,硕士,6943.0,1366.8,14.9,8.2,29,5.5,2.6,6.0,9.9,4.9,5.6,195.72,2
922,6,46-55,50,本科,9635.8,2417.5,34.8,7.4,36,6.9,4.7,5.5,7.3,4.6,4.3,719.97,7
923,7,36-45,40,本科,8463.4,510.2,20.6,9.7,26,4.6,3.4,4.5,7.9,5.9,4.7,319.72,4
924,25,26-35,30,大专,4758.3,1354.6,16.5,8.5,16,4.2,2.1,8.2,5.2,6.5,5.4,165.82,2
925,179,18-25,22,大专,4016.8,5366.3,56.3,7.4,46,1.7,5.2,8.6,5.4,5.0,4.7,1808.04,9
926,11,26-35,30,高中及以下,2187.3,259.1,5.0,8.3,28,4.5,2.8,2.9,9.1,5.7,4.7,93.16,0
927,122,26-35,30,高中及以下,4085.9,1941.8,22.7,8.9,44,3.7,4.5,6.0,9.0,5.7,5.3,603.53,6
928,129,36-45,40,高中及以下,2226.5,263.9,5.0,9.3,21,6.0,3.3,2.1,8.7,5.9,4.3,89.7,0
929,124,26-35,30,博士,15943.9,1324.8,17.6,9.5,28,5.9,5.0,5.2,10.0,6.4,5.5,266.9,4
930,153,18-25,22,本科,6611.8,1763.8,13.7,7.2,28,4.8,1.8,4.9,7.5,6.8,5.2,187.21,2
931,75,46-55,50,本科,7708.8,1984.4,28.5,7.5,26,6.2,3.3,4.9,7.7,4.7,4.5,337.61,5
932,148,36-45,40,本科,7021.3,1053.2,13.0,8.4,30,5.5,2.3,3.0,6.4,5.5,3.9,250.12,4
933,138,46-55,50,大专,4162.5,1898.6,10.3,8.5,31,5.5,5.9,2.4,8.0,5.2,3.6,334.79,4
934,36,26-35,30,高中及以下,2545.4,652.6,12.5,10.0,29,5.9,4.3,6.3,9.1,1.4,4.2,182.89,2
935,108,18-25,22,高中及以下,3728.8,200.0,24.7,8.3,43,6.6,3.0,4.0,8.0,8.7,5.5,192.01,2
936,166,18-25,22,本科,5738.6,346.5,5.1,8.0,22,5.1,3.0,7.5,4.9,6.7,5.0,337.67,5
937,108,26-35,30,硕士,14408.3,1364.1,23.6,9.3,16,4.9,1.6,3.9,7.6,4.7,4.4,192.01,2
938,113,36-45,40,博士,23567.3,3966.7,65.5,6.0,61,2.6,6.0,6.2,5.7,3.5,3.5,1742.79,9
939,190,36-45,40,本科,6990.5,289.9,17.5,9.0,45,4.8,2.5,6.1,8.6,4.4,5.1,94.96,0
940,57,46-55,50,高中及以下,3362.1,1430.1,9.9,6.7,43,4.9,2.1,6.1,5.2,5.2,4.4,108.94,1
941,147,36-45,40,大专,3147.5,1398.5,21.2,8.2,5,6.1,2.6,6.5,8.3,5.7,5.5,39.63,0
942,131,26-35,30,博士,12649.9,751.7,13.1,9.8,30,4.8,1.8,5.6,8.6,6.1,5.5,158.95,1
943,190,36-45,40,大专,3364.7,1172.1,21.7,8.7,28,4.8,4.0,4.6,6.6,5.6,4.2,94.96,0
944,120,26-35,30,高中及以下,2785.9,687.4,27.4,7.7,21,3.2,1.2,5.1,6.7,4.7,4.5,327.35,4
945,22,36-45,40,硕士,9004.1,1736.4,13.6,9.6,31,4.9,4.0,3.6,6.8,3.7,3.5,158.78,1
946,193,18-25,22,本科,8304.1,254.4,19.7,8.5,33,4.9,3.0,3.7,8.3,5.6,4.6,42.7,0
947,57,18-25,22,本科,5136.1,1370.3,8.6,8.3,31,4.4,2.8,7.7,9.5,4.9,5.9,108.94,1
948,67,46-55,50,本科,7081.7,2103.7,22.0,8.4,36,4.7,4.0,8.1,5.9,3.6,4.5,404.86,5
949,86,46-55,50,本科,9163.0,1431.6,19.6,8.8,61,5.3,3.5,5.2,5.8,4.5,3.9,370.7,5
950,161,36-45,40,博士,15495.2,431.7,25.2,9.0,34,7.7,3.7,5.8,7.9,4.3,4.6,326.06,4
951,1,26-35,30,硕士,14503.6,497.8,10.7,9.1,13,5.0,4.4,5.9,8.6,3.3,4.5,129.25,1
952,168,26-35,30,高中及以下,4437.7,647.9,11.1,10.0,6,6.0,2.5,6.3,8.7,3.1,4.8,116.12,1
953,187,26-35,30,硕士,11230.3,200.0,15.0,8.2,12,5.8,3.2,7.4,8.2,7.6,6.2,137.99,1
954,156,18-25,22,本科,7971.2,2559.8,35.7,8.4,63,2.9,5.8,5.7,3.5,6.4,3.6,958.89,8
955,2,36-45,40,博士,17397.7,324.3,16.8,9.0,24,6.4,2.6,4.1,8.0,9.2,5.7,283.64,4
956,186,36-45,40,高中及以下,2712.8,698.6,13.3,6.4,32,4.5,3.8,2.7,6.9,5.5,3.8,238.23,3
957,1,26-35,30,大专,4435.1,1039.5,10.9,6.1,31,5.1,5.2,4.1,8.6,6.4,4.7,129.25,1
958,138,18-25,22,大专,5153.2,1550.5,15.9,8.9,53,5.4,4.8,6.6,9.7,6.1,5.7,334.79,4
959,0,46-55,50,大专,2928.5,1177.7,19.8,8.6,5,5.3,3.8,6.7,9.6,4.7,5.5,243.89,3
960,70,46-55,50,高中及以下,3303.0,1277.8,21.6,9.4,17,5.1,2.2,9.0,8.5,7.2,6.7,213.02,3
961,156,36-45,40,大专,5565.9,2620.2,38.3,8.0,53,3.5,4.4,6.8,5.9,5.3,4.5,958.89,8
962,183,36-45,40,硕士,12404.8,778.0,24.6,10.0,40,7.1,1.1,3.7,9.5,6.2,5.4,240.44,3
963,3,46-55,50,本科,8516.9,1990.2,27.6,6.8,38,4.7,4.4,8.3,5.4,7.9,5.5,680.64,7
964,167,46-55,50,本科,5358.6,4009.8,33.0,8.5,44,4.4,4.7,6.1,5.1,3.0,3.4,989.1,8
965,106,46-55,50,大专,4225.0,2447.6,42.5,6.4,41,1.3,4.0,1.5,6.8,6.9,3.8,978.66,8
966,122,26-35,30,大专,5727.4,2036.5,18.3,7.7,16,4.2,4.1,8.7,7.1,6.2,5.7,603.53,6
967,89,18-25,22,本科,6677.1,527.4,16.9,8.6,37,4.8,2.3,5.1,8.0,4.0,4.6,247.96,3
968,73,18-25,22,大专,5271.1,1866.5,28.5,8.3,41,6.1,3.1,4.0,7.7,6.3,4.7,709.56,7
969,42,18-25,22,硕士,10665.6,638.5,13.5,8.2,13,6.7,2.5,8.7,5.6,5.8,5.4,132.2,1
970,80,46-55,50,本科,8417.2,254.1,7.7,8.1,35,6.2,3.4,3.6,8.6,7.0,5.0,119.14,1
971,178,36-45,40,本科,9167.0,307.4,13.0,10.0,29,5.8,2.4,3.5,7.7,5.4,4.4,113.9,1
972,20,26-35,30,高中及以下,2946.4,2461.8,25.6,7.6,50,4.4,3.6,6.6,7.7,5.9,5.3,642.68,6
973,188,26-35,30,大专,5080.9,1443.2,10.0,8.9,48,5.2,2.6,5.2,7.7,7.0,5.3,63.64,0
974,31,18-25,22,本科,6785.6,2593.5,28.9,8.6,52,3.3,4.1,6.6,4.3,5.4,4.1,946.03,7
975,6,26-35,30,本科,5464.2,2087.2,16.1,7.5,60,6.2,5.0,7.3,6.3,4.3,4.4,719.97,7
976,115,46-55,50,高中及以下,3146.3,1924.5,14.7,8.9,44,5.4,5.4,5.5,8.4,4.2,4.4,200.65,2
977,199,36-45,40,硕士,8356.7,200.0,6.5,9.0,10,5.7,2.4,4.5,8.2,4.1,4.5,47.32,0
978,162,26-35,30,高中及以下,3071.5,1780.5,18.7,10.0,33,5.5,3.8,5.5,7.9,6.1,5.0,472.76,6
979,91,36-45,40,硕士,11108.0,1855.6,21.4,7.1,56,5.7,2.1,4.6,6.6,6.4,4.7,390.98,5
980,162,36-45,40,本科,7693.0,2255.1,18.2,5.8,17,4.7,4.8,5.2,6.9,5.5,4.3,472.76,6
981,167,36-45,40,硕士,10260.6,3287.0,38.1,8.6,41,2.2,5.1,3.2,6.3,3.8,3.1,989.1,8
982,55,55+,60,高中及以下,4186.3,1384.4,23.0,7.8,16,5.4,3.9,7.4,7.2,7.3,5.7,376.64,5
983,6,18-25,22,本科,7514.2,2093.0,26.4,7.5,58,6.3,4.0,5.8,8.7,3.0,4.4,719.97,7
984,179,46-55,50,本科,13981.4,4478.3,55.8,5.7,81,3.0,6.4,9.9,5.8,5.9,5.3,1808.04,9
985,52,26-35,30,大专,4604.7,583.4,8.7,9.1,15,6.0,2.0,6.0,6.9,4.8,4.8,75.42,0
986,109,26-35,30,本科,9098.1,580.3,13.8,9.2,30,3.9,4.0,4.8,8.2,3.8,4.2,137.77,1
987,54,36-45,40,高中及以下,3186.5,1532.4,18.6,8.7,70,5.0,5.4,7.1,7.9,6.7,5.4,416.13,5
988,77,46-55,50,博士,14047.7,200.0,20.7,9.2,12,5.7,1.8,3.5,8.1,4.6,4.4,110.06,1
989,131,46-55,50,高中及以下,2350.5,763.4,13.3,7.0,22,6.5,2.5,4.1,7.7,7.1,5.0,158.95,1
990,116,36-45,40,硕士,11147.8,673.9,20.2,10.0,25,5.4,2.9,4.9,8.1,3.4,4.3,143.35,1
991,180,46-55,50,高中及以下,3775.1,1556.0,14.2,7.7,32,5.3,4.7,3.7,7.3,3.8,3.6,277.46,4
992,82,36-45,40,大专,5049.0,3189.4,20.8,8.8,19,5.1,3.6,3.5,8.8,6.4,4.8,650.6,7
993,99,55+,60,硕士,13179.7,564.1,17.6,7.6,26,7.1,1.8,5.0,9.5,4.8,5.3,117.38,1
994,1,36-45,40,本科,6618.2,1123.8,13.4,7.4,39,5.2,1.8,5.0,7.2,4.9,4.6,129.25,1
995,66,46-55,50,高中及以下,2989.4,625.6,11.3,7.9,44,7.4,2.0,4.2,7.1,4.7,4.3,138.1,1
996,150,18-25,22,硕士,11896.2,1818.1,19.6,8.5,5,6.5,3.4,3.2,10.0,7.0,5.3,190.66,2
997,148,26-35,30,硕士,10857.5,591.0,16.0,9.0,18,4.3,3.4,4.8,7.8,7.1,5.1,250.12,4
998,40,55+,60,大专,6332.1,1187.5,25.0,9.1,27,4.5,1.6,4.8,9.1,8.1,6.1,310.59,4
999,195,36-45,40,高中及以下,3439.8,997.9,19.6,7.0,27,5.6,3.7,4.1,8.0,6.1,4.7,218.18,3
1000,104,55+,60,本科,4871.8,1266.4,12.3,7.7,6,5.6,3.1,4.5,6.8,3.9,3.9,126.31,1
1001,61,18-25,22,高中及以下,3402.7,978.6,20.3,10.0,5,5.1,3.3,6.4,6.2,3.4,4.1,123.27,1
1002,151,36-45,40,高中及以下,4178.3,992.5,13.3,9.2,38,5.5,2.6,4.6,6.2,5.4,4.3,209.86,3
1003,125,46-55,50,大专,4803.9,3796.1,36.5,7.9,63,3.4,5.2,5.4,6.5,6.1,4.4,1326.71,8
1004,104,26-35,30,高中及以下,3138.9,361.2,17.6,9.2,21,4.9,2.1,5.5,6.9,3.1,4.1,126.31,1
1005,164,36-45,40,硕士,9193.5,2227.4,27.5,6.6,46,5.4,2.7,4.9,6.3,5.5,4.4,388.92,5
1006,125,26-35,30,硕士,12611.8,4842.1,47.6,8.1,93,5.4,5.6,7.8,6.0,5.0,4.6,1326.71,8
1007,190,26-35,30,高中及以下,2848.1,1478.7,14.9,9.6,15,6.1,2.9,5.1,6.1,8.2,5.1,94.96,0
1008,167,36-45,40,硕士,13462.7,3090.8,32.5,7.2,38,5.2,4.6,6.2,5.1,5.1,4.0,989.1,8
1009,116,36-45,40,大专,4203.2,200.0,13.3,9.1,11,5.9,1.5,3.6,8.6,5.5,4.8,143.35,1
1010,133,36-45,40,高中及以下,3185.1,726.8,22.3,10.0,13,5.5,4.1,5.2,9.9,7.6,5.9,238.31,3
1011,113,26-35,30,本科,10545.7,4609.9,56.4,5.9,71,1.1,6.2,8.0,4.0,6.3,4.3,1742.79,9
1012,104,55+,60,大专,3801.9,288.0,16.8,8.6,10,5.5,2.5,7.0,6.5,2.3,4.2,126.31,1
1013,137,46-55,50,本科,7354.9,753.1,8.6,7.9,44,7.2,3.0,4.1,8.7,5.4,4.8,107.55,1
1014,54,46-55,50,本科,7543.6,936.8,26.9,8.9,28,6.5,1.9,8.2,6.9,4.8,5.4,416.13,5
1015,66,36-45,40,本科,6304.5,764.9,8.1,8.5,17,4.6,3.3,6.9,7.8,2.1,4.3,138.1,1
1016,50,46-55,50,硕士,14570.4,1584.6,12.0,10.0,52,5.0,2.7,6.3,6.6,6.7,5.2,205.22,3
1017,122,36-45,40,本科,7888.2,2274.4,23.8,8.1,60,4.8,4.5,5.1,6.8,4.7,4.1,603.53,6
1018,179,46-55,50,高中及以下,4857.2,5058.1,63.8,7.0,54,3.5,6.3,6.7,5.0,7.1,4.5,1808.04,9
1019,187,55+,60,本科,7454.1,810.6,16.1,9.0,13,5.1,3.3,5.0,8.8,6.3,5.3,137.99,1
1020,44,18-25,22,硕士,13342.9,751.2,9.9,9.9,28,4.7,2.8,4.3,8.8,6.2,5.1,33.83,0
1021,54,46-55,50,大专,4826.0,1441.8,24.4,7.9,29,5.8,3.0,7.4,8.9,4.4,5.5,416.13,5
1022,106,26-35,30,大专,5908.6,2269.9,41.4,8.4,63,1.8,4.8,9.1,8.0,3.9,5.3,978.66,8
1023,124,26-35,30,本科,8277.7,1334.4,19.6,10.0,23,6.1,3.4,4.0,6.0,5.8,4.0,266.9,4
1024,111,18-25,22,高中及以下,3765.9,786.2,6.5,9.2,25,4.9,2.2,4.0,6.8,6.3,4.6,144.53,1
1025,68,55+,60,本科,8778.5,545.7,10.6,9.6,39,7.3,5.6,3.7,9.8,1.0,3.3,213.07,3
1026,145,46-55,50,高中及以下,3911.9,1006.6,19.6,7.5,37,4.7,4.4,5.7,7.3,5.1,4.5,324.35,4
1027,41,18-25,22,硕士,10769.3,1241.1,5.0,10.0,5,5.3,3.0,7.1,7.5,4.6,5.1,176.16,2
1028,20,36-45,40,硕士,12372.8,1771.4,20.8,8.1,16,3.3,2.9,5.2,6.6,6.6,4.8,642.68,6
1029,50,26-35,30,硕士,7071.0,860.4,13.3,8.8,20,5.4,2.2,2.6,9.2,3.9,4.2,205.22,3
1030,179,18-25,22,硕士,11729.2,4903.4,45.1,7.1,72,5.3,8.1,6.2,7.3,5.8,4.4,1808.04,9
1031,48,36-45,40,本科,8487.9,1016.4,16.5,8.7,52,5.5,1.0,3.0,8.5,4.0,4.3,209.27,3
1032,106,26-35,30,博士,29610.9,2933.1,33.7,8.3,24,4.0,3.6,4.7,7.9,5.9,4.8,978.66,8
1033,59,18-25,22,本科,7610.5,1881.6,14.7,8.9,28,5.3,2.1,7.3,6.1,6.1,5.3,393.68,5
1034,179,26-35,30,本科,8883.3,5167.3,59.0,5.0,91,3.9,6.2,10.0,4.4,5.3,4.7,1808.04,9
1035,164,26-35,30,大专,5724.8,1162.4,27.6,9.1,17,5.2,3.9,7.5,5.1,6.6,4.9,388.92,5
1036,82,46-55,50,本科,7882.9,2519.6,21.2,8.1,49,4.6,4.8,4.8,4.7,4.8,3.4,650.6,7
1037,165,46-55,50,本科,9568.4,1181.6,14.4,7.6,46,7.7,5.1,5.6,9.2,5.9,5.2,224.25,3
1038,191,46-55,50,本科,6878.2,764.6,10.7,9.1,42,4.0,4.4,8.4,7.5,5.5,5.5,349.46,5
1039,122,36-45,40,高中及以下,4169.5,1031.1,21.7,8.4,62,5.2,3.8,3.8,7.7,5.9,4.4,603.53,6
1040,53,36-45,40,本科,7083.6,1162.3,22.0,6.5,27,5.6,4.8,3.6,8.1,4.5,3.9,273.6,4
1041,75,46-55,50,博士,14614.9,942.5,19.3,8.2,47,7.1,2.4,5.0,7.0,5.2,4.6,337.61,5
1042,113,46-55,50,硕士,23203.4,4601.4,51.4,5.7,62,3.4,6.3,7.8,7.8,7.4,5.7,1742.79,9
1043,122,26-35,30,本科,5638.4,2712.5,24.3,6.5,52,7.1,3.0,5.9,8.0,4.0,4.7,603.53,6
1044,166,26-35,30,本科,8977.5,981.7,23.7,10.0,7,6.2,2.5,3.8,8.8,5.3,4.8,337.67,5
1045,106,26-35,30,本科,6289.8,2950.6,37.0,7.3,59,2.5,4.5,5.6,6.7,6.2,4.6,978.66,8
1046,6,46-55,50,博士,21772.6,2166.4,32.2,8.2,45,4.8,4.3,7.3,5.1,5.2,4.4,719.97,7
1047,9,26-35,30,高中及以下,2796.3,469.6,19.7,8.3,40,4.6,3.2,5.1,9.1,4.9,5.0,255.33,4
1048,179,46-55,50,大专,8632.8,5644.6,54.2,8.3,79,3.2,7.8,8.8,7.0,7.4,5.5,1808.04,9
1049,127,26-35,30,高中及以下,3544.5,200.0,5.0,7.7,18,6.4,2.9,6.1,8.0,4.1,4.8,84.24,0
1050,164,26-35,30,本科,7811.6,1738.6,14.4,9.3,35,4.3,4.0,5.3,6.6,4.6,4.1,388.92,5
1051,141,36-45,40,高中及以下,3121.9,1413.7,29.2,8.2,35,3.4,4.1,4.3,7.0,5.2,4.1,548.48,6
1052,179,46-55,50,硕士,12778.1,5531.6,61.6,6.8,75,2.7,6.1,7.5,6.9,6.9,5.2,1808.04,9
1053,3,26-35,30,硕士,15022.0,2178.3,19.8,7.6,71,4.6,4.1,6.8,4.6,6.2,4.4,680.64,7
1054,105,46-55,50,硕士,10907.3,258.3,16.0,7.2,45,6.1,3.3,7.4,8.3,5.7,5.6,222.31,3
1055,31,26-35,30,本科,10067.5,2681.5,31.6,7.5,63,3.5,3.9,8.3,8.0,7.3,6.2,946.03,7
1056,112,26-35,30,硕士,8909.9,525.0,16.8,9.5,20,5.2,1.5,9.8,6.9,4.3,5.8,157.63,1
1057,179,26-35,30,本科,8135.0,4875.6,50.8,7.7,95,1.9,6.7,6.0,6.5,4.2,3.8,1808.04,9
1058,87,26-35,30,本科,5916.0,542.8,18.2,10.0,27,6.1,2.0,5.6,7.5,6.7,5.4,206.18,3
1059,25,46-55,50,本科,6947.4,1048.8,20.2,7.5,21,7.0,2.5,7.6,10.0,5.2,6.2,165.82,2
1060,54,18-25,22,博士,12282.8,1124.8,19.4,7.9,37,3.7,4.3,7.7,7.6,4.7,5.1,416.13,5
1061,113,26-35,30,硕士,21350.7,4778.4,49.1,7.2,77,2.6,5.2,5.5,7.8,8.3,5.4,1742.79,9
1062,135,26-35,30,大专,4846.2,2477.5,27.9,6.5,28,5.0,1.8,4.8,6.0,7.1,4.9,699.2,7
1063,0,26-35,30,高中及以下,3243.9,1271.4,8.7,8.6,22,4.8,3.7,5.2,4.9,4.2,3.6,243.89,3
1064,85,36-45,40,高中及以下,4236.1,1313.3,8.4,6.9,17,4.4,2.2,4.2,9.3,6.8,5.5,89.86,0
1065,133,46-55,50,本科,8295.4,2136.4,24.4,7.7,24,5.9,2.3,6.4,9.7,4.2,5.5,238.31,3
1066,135,26-35,30,博士,17728.5,2269.8,21.4,7.0,29,5.6,2.8,5.8,8.2,5.2,5.1,699.2,7
1067,125,26-35,30,本科,9957.5,3083.2,41.3,7.1,54,4.0,7.0,5.6,6.8,4.0,3.7,1326.71,8
1068,3,55+,60,博士,23318.4,2851.3,30.6,6.7,34,4.2,5.0,7.5,7.1,3.2,4.4,680.64,7
1069,167,26-35,30,大专,6925.2,3130.7,37.0,5.5,43,3.7,3.3,5.3,6.7,3.9,4.1,989.1,8
1070,156,26-35,30,高中及以下,3066.1,2436.4,25.8,8.1,49,4.3,4.8,5.1,4.9,8.2,4.5,958.89,8
1071,56,18-25,22,高中及以下,2998.2,200.0,7.3,9.0,9,5.7,2.5,4.6,8.5,6.0,5.1,64.12,0
1072,105,18-25,22,本科,8183.8,519.2,20.1,9.0,27,5.7,1.5,8.2,9.8,7.6,7.1,222.31,3
1073,182,18-25,22,高中及以下,3162.3,200.0,9.2,9.6,36,5.4,2.4,6.1,7.7,2.8,4.4,50.86,0
1074,125,26-35,30,高中及以下,5351.1,3508.2,46.6,6.8,57,3.9,5.2,6.8,2.5,5.1,3.4,1326.71,8
1075,156,46-55,50,硕士,16086.5,3541.4,40.2,8.0,62,4.8,5.0,4.6,3.6,7.3,3.7,958.89,8
1076,151,36-45,40,高中及以下,3429.9,1037.3,7.8,9.5,16,5.2,1.5,2.6,8.5,3.8,4.0,209.86,3
1077,118,18-25,22,大专,3886.5,1221.7,14.9,8.6,51,6.2,3.2,5.8,7.8,4.8,4.8,465.37,6
1078,113,36-45,40,大专,7239.3,4730.2,62.2,4.3,72,2.0,5.5,6.4,2.4,3.4,2.7,1742.79,9
1079,179,36-45,40,博士,19864.1,4676.2,54.2,6.4,33,1.4,6.4,5.7,5.8,2.4,3.1,1808.04,9
1080,112,46-55,50,博士,17602.6,1002.7,8.6,8.5,29,3.8,3.2,5.4,10.0,2.1,4.5,157.63,1
1081,31,55+,60,硕士,12339.0,3595.6,33.2,7.4,45,5.7,4.2,6.5,9.2,7.7,6.1,946.03,7
1082,125,46-55,50,硕士,11534.9,4197.4,49.1,7.0,92,2.8,6.3,6.5,3.4,5.6,3.5,1326.71,8
1083,76,46-55,50,高中及以下,2840.6,1400.8,10.5,8.0,24,5.3,2.9,4.0,7.4,3.3,3.8,161.91,1
1084,6,26-35,30,高中及以下,2542.3,2082.0,28.3,8.0,44,4.2,3.7,7.9,7.4,3.8,4.9,719.97,7
1085,75,36-45,40,高中及以下,1999.9,1453.1,17.4,7.0,26,5.7,1.7,6.9,7.7,6.1,5.7,337.61,5
1086,190,36-45,40,本科,6745.3,1040.3,9.6,8.7,39,5.4,3.5,3.9,6.4,5.9,4.1,94.96,0
1087,148,26-35,30,本科,6990.1,925.0,19.9,8.0,34,5.9,3.8,3.7,5.9,6.5,4.1,250.12,4
1088,104,26-35,30,高中及以下,2684.6,200.0,16.2,8.6,24,5.8,2.3,7.9,8.2,6.2,6.0,126.31,1
1089,179,18-25,22,博士,18543.9,5025.5,52.5,5.1,84,2.2,5.6,7.0,1.9,7.3,3.8,1808.04,9
1090,91,18-25,22,本科,7923.4,1344.3,19.7,7.3,39,5.8,3.9,5.1,9.3,5.7,5.2,390.98,5
1091,148,26-35,30,本科,8055.1,1364.1,18.3,9.1,36,5.3,2.6,5.5,7.6,1.6,3.8,250.12,4
1092,182,55+,60,大专,5514.3,1066.5,15.4,6.8,25,4.5,3.6,4.8,10.0,5.7,5.3,50.86,0
1093,6,26-35,30,本科,9008.6,2343.6,37.0,7.9,20,5.3,3.0,4.0,7.0,6.6,4.6,719.97,7
1094,176,36-45,40,硕士,9112.8,1331.2,16.9,7.6,21,6.7,3.2,4.4,10.0,7.9,5.9,150.36,1
1095,67,18-25,22,高中及以下,2885.7,2264.0,12.8,7.8,33,5.9,3.5,3.8,5.6,2.3,2.8,404.86,5
1096,113,36-45,40,硕士,16702.3,5369.1,56.7,6.7,95,3.9,6.2,7.5,7.7,5.0,4.9,1742.79,9
1097,125,46-55,50,大专,5572.8,3647.4,46.6,5.0,75,4.2,5.4,6.4,5.5,6.6,4.5,1326.71,8
1098,89,46-55,50,大专,4554.9,675.5,17.9,9.9,41,5.1,2.7,5.7,7.5,4.6,4.7,247.96,3
1099,104,26-35,30,本科,7454.2,1000.3,6.6,7.1,5,9.4,1.0,2.5,7.5,7.9,5.0,126.31,1
1100,65,18-25,22,本科,8195.3,1974.0,20.9,8.6,21,4.8,3.9,4.2,8.6,7.3,5.2,576.08,6
1101,162,36-45,40,博士,21923.8,2229.2,10.1,6.1,47,5.7,2.2,4.8,8.3,5.3,4.9,472.76,6
1102,48,36-45,40,大专,6668.0,1093.1,16.5,8.9,25,5.6,3.6,6.6,10.0,6.9,6.2,209.27,3
1103,118,26-35,30,大专,4952.5,1234.1,16.2,8.1,36,5.2,2.5,5.3,5.9,6.1,4.6,465.37,6
1104,96,26-35,30,本科,9002.5,2392.4,14.1,8.5,24,6.4,1.9,4.9,6.5,5.3,4.5,199.56,2
1105,122,46-55,50,博士,16060.2,1419.7,21.1,9.7,36,5.2,4.0,4.1,8.3,7.6,5.1,603.53,6
1106,116,36-45,40,高中及以下,2916.4,974.4,7.5,7.4,27,5.2,2.6,5.3,6.5,8.8,5.5,143.35,1
1107,81,46-55,50,本科,9620.9,1575.4,13.1,9.1,31,4.6,3.0,5.9,7.8,3.6,4.5,212.11,3
1108,122,46-55,50,高中及以下,3433.6,1715.8,21.7,7.8,51,5.6,4.2,3.1,9.2,4.6,4.2,603.53,6
1109,71,46-55,50,本科,8021.7,2017.0,23.1,9.1,44,4.6,3.7,8.0,7.2,4.8,5.2,690.93,7
1110,73,26-35,30,本科,6357.0,2994.4,26.8,8.8,40,5.4,3.4,6.3,4.2,6.8,4.5,709.56,7
1111,113,18-25,22,硕士,15269.8,4894.8,49.8,6.8,54,2.6,6.6,7.7,3.6,8.4,4.7,1742.79,9
1112,93,26-35,30,本科,8033.9,896.8,12.6,9.6,46,4.6,3.2,5.8,7.9,5.1,4.9,106.95,0
1113,165,55+,60,硕士,10549.8,742.8,15.4,8.2,31,5.1,1.5,3.9,7.0,4.7,4.2,224.25,3
1114,141,36-45,40,本科,8544.3,2631.6,25.8,6.0,19,4.0,4.5,6.1,9.2,3.0,4.6,548.48,6
1115,17,55+,60,硕士,12231.7,459.4,5.5,8.6,5,5.8,2.7,4.5,8.7,4.6,4.7,203.21,3
1116,3,18-25,22,本科,8902.9,1522.5,31.9,9.3,50,5.3,3.7,6.0,9.3,7.5,6.0,680.64,7
1117,106,46-55,50,硕士,12672.8,2950.6,38.1,7.1,76,4.9,5.4,5.4,7.0,4.3,4.0,978.66,8
1118,85,36-45,40,本科,6740.5,745.2,19.1,8.6,33,4.6,4.2,7.2,8.3,6.1,5.6,89.86,0
1119,38,46-55,50,硕士,12534.7,1937.3,13.4,10.0,9,7.2,3.4,6.9,8.2,5.9,5.5,39.32,0
1120,47,36-45,40,大专,6867.8,978.1,18.1,6.9,5,5.1,3.8,5.5,5.9,4.0,3.9,427.14,6
1121,18,36-45,40,大专,4564.6,243.8,11.6,8.3,50,6.9,2.4,5.9,8.9,6.5,5.7,59.86,0
1122,1,36-45,40,高中及以下,3081.5,799.9,19.3,10.0,12,4.0,1.9,4.2,7.5,3.8,4.2,129.25,1
1123,125,55+,60,硕士,13769.2,4048.8,42.5,7.7,71,4.7,5.8,6.7,2.8,4.0,3.0,1326.71,8
1124,40,26-35,30,大专,4375.3,1524.6,21.4,8.3,40,4.6,4.6,5.1,7.6,6.2,4.7,310.59,4
1125,195,26-35,30,大专,4997.5,767.6,20.3,7.5,41,4.7,2.5,6.3,7.5,6.8,5.5,218.18,3
1126,75,18-25,22,高中及以下,3892.9,1483.7,14.1,7.7,16,6.3,3.3,5.9,8.0,3.2,4.4,337.61,5
1127,45,36-45,40,大专,6607.3,1008.4,20.8,8.1,5,6.0,3.7,4.8,10.0,9.6,6.4,72.25,0
1128,54,26-35,30,本科,11092.1,861.1,12.1,9.1,49,4.3,3.9,4.7,9.8,5.2,5.1,416.13,5
1129,135,36-45,40,硕士,12046.1,2493.0,27.8,7.7,35,5.0,5.4,4.8,5.9,5.6,3.9,699.2,7
1130,97,55+,60,高中及以下,2982.5,1395.6,6.6,9.5,21,6.6,4.3,7.0,7.3,8.0,5.8,192.68,2
1131,3,26-35,30,本科,9276.6,2235.9,25.5,8.0,76,4.4,2.3,5.5,5.9,4.2,4.1,680.64,7
1132,20,36-45,40,高中及以下,3639.6,1768.5,22.4,7.7,83,5.4,2.7,5.6,6.4,6.7,5.0,642.68,6
1133,72,26-35,30,硕士,9265.3,1840.0,17.5,7.5,10,6.7,3.7,6.2,8.0,4.3,4.8,143.19,1
1134,31,26-35,30,本科,9957.6,3415.3,32.1,9.4,56,3.9,4.2,4.7,6.3,5.0,4.0,946.03,7
1135,4,36-45,40,硕士,10113.7,1073.8,22.3,9.3,26,5.4,5.3,4.9,6.4,6.5,4.3,117.43,1
1136,179,26-35,30,大专,6399.0,5072.1,52.2,6.1,77,3.1,6.8,7.8,6.6,5.9,4.8,1808.04,9
1137,128,26-35,30,本科,7023.1,732.2,12.6,7.7,5,6.5,3.5,5.7,5.9,8.8,5.3,163.96,2
1138,82,46-55,50,大专,4655.4,1808.6,25.5,6.7,46,5.4,3.3,4.6,6.8,5.6,4.4,650.6,7
1139,195,46-55,50,硕士,8078.6,1408.6,10.1,7.3,49,6.9,3.3,3.5,8.7,4.5,4.3,218.18,3
1140,198,36-45,40,硕士,10788.0,309.6,7.1,10.0,33,6.2,2.6,5.2,3.8,6.1,3.9,157.31,1
1141,145,46-55,50,大专,5634.6,852.8,22.2,10.0,8,7.7,3.6,4.0,9.1,4.6,4.5,324.35,4
1142,113,36-45,40,本科,13331.1,5025.3,48.3,5.5,90,3.0,7.9,6.4,5.3,5.9,3.9,1742.79,9
1143,125,46-55,50,本科,8235.4,4091.3,56.3,6.7,50,3.9,4.3,4.9,3.0,2.1,2.2,1326.71,8
1144,125,55+,60,本科,10413.1,4065.4,43.8,6.0,80,2.8,4.4,7.4,6.8,4.9,4.8,1326.71,8
1145,62,26-35,30,本科,8000.6,517.1,7.0,8.7,11,5.1,2.6,6.0,6.6,6.1,5.0,49.09,0
1146,118,18-25,22,本科,9474.6,1971.4,21.3,7.8,50,4.9,4.6,5.0,8.0,4.9,4.5,465.37,6
1147,24,18-25,22,大专,4488.1,676.1,25.0,9.5,32,5.4,2.9,4.9,8.6,4.7,4.8,86.11,0
1148,12,26-35,30,本科,7453.9,1122.2,10.1,8.6,9,6.4,2.3,4.1,8.9,4.7,4.7,189.04,2
1149,67,46-55,50,本科,5327.5,1142.1,16.1,8.0,24,5.4,2.9,6.0,7.9,6.1,5.3,404.86,5
1150,65,18-25,22,大专,3869.3,1985.5,40.4,7.9,36,4.5,3.8,6.6,7.2,4.3,4.6,576.08,6
1151,162,26-35,30,本科,10354.6,1485.6,17.7,9.0,73,4.3,3.0,7.6,5.4,5.4,4.8,472.76,6
1152,9,46-55,50,高中及以下,3260.8,1726.4,14.0,10.0,33,5.4,3.2,6.4,9.1,4.3,5.2,255.33,4
1153,6,26-35,30,大专,4921.4,2383.8,22.2,7.9,48,4.3,5.2,5.0,5.9,5.2,3.9,719.97,7
1154,93,26-35,30,大专,3743.4,1539.8,8.8,9.2,44,5.1,3.3,4.8,8.2,6.7,5.2,106.95,0
1155,145,18-25,22,本科,6828.1,1400.8,20.7,9.0,23,6.0,4.2,7.0,7.5,2.5,4.3,324.35,4
1156,191,46-55,50,高中及以下,2550.7,1303.5,18.4,8.5,44,3.7,4.1,4.7,5.6,5.1,3.8,349.46,5
1157,67,36-45,40,高中及以下,3894.8,1992.2,7.9,10.0,51,5.1,4.3,5.2,9.1,6.0,5.2,404.86,5
1158,6,55+,60,本科,7425.1,1594.0,24.4,8.1,51,5.2,1.8,7.0,6.2,6.7,5.4,719.97,7
1159,167,36-45,40,本科,10509.3,2838.1,35.9,10.0,55,4.8,5.6,5.4,6.0,4.0,3.6,989.1,8
1160,128,26-35,30,本科,5869.1,753.1,19.5,8.3,38,5.3,3.0,6.2,8.8,5.1,5.3,163.96,2
1161,167,55+,60,本科,6264.7,3436.4,26.5,7.3,42,3.7,4.3,4.7,5.7,5.8,4.0,989.1,8
1162,7,26-35,30,本科,7920.6,1528.8,17.0,8.6,45,7.3,1.1,5.4,4.7,7.8,5.0,319.72,4
1163,49,36-45,40,大专,4510.0,200.0,7.8,9.0,26,4.7,4.8,5.4,6.5,6.4,4.5,25.46,0
1164,179,26-35,30,硕士,12890.1,4110.2,58.0,6.5,94,2.6,5.7,7.3,5.5,3.9,4.0,1808.04,9
1165,172,55+,60,本科,6345.2,950.9,9.3,8.3,24,4.8,1.0,6.8,5.2,8.2,5.6,137.4,1
1166,103,36-45,40,高中及以下,3915.1,662.0,9.9,8.8,6,5.8,1.9,4.4,7.8,5.6,4.8,66.53,0
1167,175,55+,60,本科,8525.0,1213.3,16.4,7.7,45,5.7,5.3,5.5,7.5,6.1,4.7,339.4,5
1168,152,26-35,30,博士,12258.6,948.9,19.4,6.6,14,5.7,1.3,4.3,10.0,3.4,4.9,75.19,0
1169,165,36-45,40,本科,7749.9,881.9,18.3,7.9,10,6.7,2.6,4.8,6.4,3.5,3.8,224.25,3
1170,55,36-45,40,本科,11390.6,1463.6,15.4,6.8,39,2.9,2.6,5.4,6.1,3.2,3.8,376.64,5
1171,64,46-55,50,高中及以下,4474.7,1908.4,9.2,7.9,59,5.3,1.9,4.7,7.7,9.0,5.8,334.46,4
1172,158,18-25,22,本科,6835.9,200.0,9.0,8.4,42,7.1,2.8,5.1,6.9,4.1,4.2,45.09,0
1173,173,46-55,50,高中及以下,3383.0,1573.1,8.0,8.3,5,5.8,3.3,4.9,7.6,6.9,5.1,208.75,3
1174,161,36-45,40,硕士,11716.2,1246.0,27.3,8.7,60,5.2,4.3,4.1,7.3,4.1,3.8,326.06,4
1175,47,18-25,22,博士,22098.8,1134.1,24.7,9.4,43,6.5,2.1,5.8,7.9,5.5,5.2,427.14,6
1176,179,26-35,30,博士,18675.3,4638.2,52.7,6.5,61,2.0,6.3,5.7,4.9,6.8,4.1,1808.04,9
1177,191,26-35,30,本科,7799.3,1590.3,12.5,8.7,25,6.9,2.6,5.3,7.6,2.9,4.1,349.46,5
1178,7,55+,60,大专,4415.9,1505.8,16.2,7.0,44,4.4,3.9,4.2,7.5,6.2,4.6,319.72,4
1179,178,26-35,30,本科,6945.7,1137.2,13.4,8.9,8,6.5,4.8,6.9,10.0,4.4,5.4,113.9,1
1180,156,26-35,30,本科,9761.0,2317.1,25.2,6.7,62,4.2,3.9,5.7,5.3,4.8,4.0,958.89,8
1181,47,36-45,40,本科,7638.1,538.1,23.6,8.9,36,5.5,3.0,5.9,8.2,6.1,5.3,427.14,6
1182,50,18-25,22,硕士,11920.6,1074.7,10.2,8.3,47,4.7,3.4,4.4,7.3,2.1,3.5,205.22,3
1183,58,36-45,40,大专,4711.2,1094.0,13.0,7.3,29,7.4,1.1,4.7,9.9,7.6,6.2,206.7,3
1184,6,26-35,30,高中及以下,4044.3,2154.5,35.1,6.8,56,3.6,4.0,7.4,5.9,4.6,4.5,719.97,7
1185,71,26-35,30,高中及以下,3402.3,1332.2,24.9,7.3,59,5.3,4.3,7.0,6.6,6.7,5.2,690.93,7
1186,165,18-25,22,硕士,9555.8,539.3,21.8,9.5,35,4.5,2.5,6.6,7.0,6.4,5.4,224.25,3
1187,52,36-45,40,硕士,10279.2,933.7,13.1,9.9,22,6.7,1.2,5.8,8.7,8.1,6.3,75.42,0
1188,55,36-45,40,大专,5130.9,1321.6,15.4,8.0,42,3.5,2.1,7.1,8.2,7.1,6.1,376.64,5
1189,150,36-45,40,大专,5060.7,1363.0,20.7,9.5,39,4.6,1.9,3.9,6.3,4.7,4.0,190.66,2
1190,152,36-45,40,本科,10339.9,846.9,7.1,7.7,14,4.8,1.7,5.0,7.2,4.7,4.6,75.19,0
1191,87,46-55,50,高中及以下,2769.5,396.1,11.5,9.9,17,5.6,4.1,4.1,6.9,7.5,4.7,206.18,3
1192,167,36-45,40,硕士,8841.1,2448.4,31.9,6.6,80,4.1,4.7,6.1,5.9,3.3,3.7,989.1,8
1193,81,26-35,30,本科,11029.1,1612.6,17.4,8.0,5,4.8,4.0,3.2,6.7,6.2,4.0,212.11,3
1194,54,46-55,50,大专,6427.0,1257.4,21.5,9.5,36,4.6,4.5,6.8,10.0,6.6,6.0,416.13,5
1195,57,26-35,30,高中及以下,3807.6,200.0,10.7,9.2,17,5.5,3.6,7.4,5.9,7.4,5.4,108.94,1
1196,59,18-25,22,硕士,10950.5,1319.1,21.2,7.9,43,6.6,4.5,4.9,9.2,3.5,4.4,393.68,5
1197,40,55+,60,硕士,9839.6,1089.4,16.4,6.9,29,5.1,2.9,4.2,7.2,7.3,4.9,310.59,4
1198,25,26-35,30,本科,6019.5,979.4,15.1,9.4,5,6.5,1.9,4.0,7.5,6.8,5.0,165.82,2
1199,31,18-25,22,高中及以下,3504.1,3089.8,43.4,6.0,40,3.2,3.8,8.9,8.8,4.6,5.8,946.03,7
1200,54,36-45,40,大专,4252.3,1520.5,29.8,8.3,25,5.5,4.4,3.5,6.8,6.9,4.3,416.13,5
1201,157,46-55,50,本科,10005.9,1920.6,14.0,7.8,28,5.1,5.1,5.5,8.2,6.4,5.0,238.37,3
1202,31,26-35,30,大专,6397.7,2940.7,24.4,6.9,46,4.2,4.3,7.2,8.5,7.0,5.9,946.03,7
1203,101,26-35,30,硕士,9787.4,200.0,7.6,8.1,20,4.5,2.2,6.6,10.0,5.0,5.9,97.45,0
1204,31,36-45,40,本科,9151.4,2796.6,31.5,8.0,59,4.3,4.3,5.6,5.8,4.7,4.0,946.03,7
1205,91,36-45,40,大专,6624.1,1942.8,21.3,8.0,58,5.6,2.7,5.1,6.4,5.8,4.6,390.98,5
1206,33,46-55,50,高中及以下,2934.1,486.3,12.5,8.5,11,7.6,3.1,5.1,7.3,3.8,4.2,51.54,0
1207,71,46-55,50,本科,7159.5,2045.1,24.5,6.4,66,4.8,1.7,6.2,8.1,5.8,5.5,690.93,7
1208,21,36-45,40,高中及以下,2641.2,699.4,5.0,10.0,16,6.6,3.8,4.1,7.4,7.4,4.9,118.42,1
1209,159,46-55,50,硕士,8949.8,541.6,15.9,8.5,41,4.2,2.4,4.8,10.0,4.2,5.1,286.16,4
1210,6,55+,60,博士,14002.6,1784.3,30.8,7.5,67,3.3,4.7,5.1,4.1,6.1,3.7,719.97,7
1211,179,46-55,50,本科,9329.6,5070.3,55.7,5.7,94,2.0,6.2,4.7,6.5,3.3,3.3,1808.04,9
1212,156,26-35,30,本科,8529.2,3407.8,40.1,7.7,74,5.6,3.8,8.3,6.0,3.8,4.6,958.89,8
1213,113,36-45,40,博士,20822.0,4318.5,57.9,5.7,90,1.8,6.3,4.5,5.2,4.3,3.1,1742.79,9
1214,59,26-35,30,本科,8702.4,339.7,27.7,9.6,52,5.0,1.9,6.8,6.4,5.6,5.1,393.68,5
1215,20,18-25,22,硕士,12475.0,2516.7,26.5,6.7,50,4.0,3.6,7.1,6.5,4.6,4.7,642.68,6
1216,166,26-35,30,本科,11229.5,1150.3,22.8,8.0,23,4.9,5.0,8.1,8.3,4.4,5.2,337.67,5
1217,122,46-55,50,高中及以下,3636.9,1799.3,27.2,7.8,41,4.9,3.9,4.7,6.9,9.3,5.4,603.53,6
1218,96,26-35,30,硕士,8194.4,346.0,15.8,9.5,12,6.1,3.5,7.1,8.0,6.3,5.6,199.56,2
1219,111,36-45,40,高中及以下,3810.5,361.6,6.3,8.5,13,5.9,1.5,3.7,9.7,6.4,5.4,144.53,1
1220,91,46-55,50,硕士,14317.7,1716.9,20.4,7.6,24,5.1,4.3,3.6,6.4,9.4,4.9,390.98,5
1221,104,46-55,50,高中及以下,2938.2,1025.2,16.1,9.8,5,7.1,3.4,5.9,6.6,3.7,4.1,126.31,1
1222,43,36-45,40,硕士,10940.1,409.4,14.3,8.6,20,6.8,4.0,6.1,5.1,4.8,4.0,109.83,1
1223,138,18-25,22,本科,7141.5,347.3,27.9,6.6,24,6.4,4.0,7.2,8.2,6.8,5.8,334.79,4
1224,64,36-45,40,高中及以下,4220.6,1819.3,22.6,7.9,22,4.8,2.6,5.1,5.4,2.5,3.3,334.46,4
1225,71,36-45,40,硕士,13775.8,2213.5,29.9,8.0,50,4.9,4.5,2.7,8.4,5.5,4.1,690.93,7
1226,109,26-35,30,高中及以下,2469.5,951.4,15.6,8.9,31,4.6,2.7,4.0,9.8,3.9,4.7,137.77,1
1227,195,36-45,40,大专,4880.7,2080.7,14.7,7.9,19,3.8,4.5,4.1,6.3,1.6,2.8,218.18,3
1228,102,46-55,50,硕士,8672.7,911.0,15.9,9.4,14,6.0,5.1,5.8,7.8,5.1,4.6,105.35,0
1229,40,55+,60,大专,4436.5,809.5,9.3,9.9,56,5.4,3.8,6.0,5.4,6.6,4.6,310.59,4
1230,135,36-45,40,高中及以下,3911.0,2768.2,20.6,7.3,46,3.2,3.0,3.2,6.9,6.2,4.2,699.2,7
1231,50,26-35,30,高中及以下,3565.4,631.3,9.5,8.1,28,5.3,1.0,3.0,7.5,6.3,4.7,205.22,3
1232,177,36-45,40,大专,4220.6,1891.2,31.1,7.0,37,6.2,4.8,6.0,7.4,3.4,4.1,634.94,6
1233,150,36-45,40,高中及以下,2947.5,910.9,12.9,8.3,21,5.2,1.6,3.5,6.6,4.1,3.8,190.66,2
1234,9,36-45,40,高中及以下,2485.2,2034.1,5.0,10.0,47,5.9,3.5,7.6,8.1,5.2,5.5,255.33,4
1235,65,46-55,50,高中及以下,4996.9,3137.8,18.3,8.4,51,4.5,3.2,6.4,7.6,7.6,5.7,576.08,6
1236,68,36-45,40,硕士,10556.2,513.9,25.8,7.9,31,5.6,2.8,5.9,7.2,7.6,5.5,213.07,3
1237,175,26-35,30,高中及以下,2630.9,1480.7,22.3,8.1,46,6.2,4.0,3.8,7.6,6.9,4.7,339.4,5
1238,167,26-35,30,硕士,16703.3,2999.7,38.0,8.8,23,2.4,6.4,4.6,7.1,6.7,4.3,989.1,8
1239,175,26-35,30,大专,4722.0,1203.1,20.1,9.0,39,5.3,3.8,2.7,3.5,5.5,2.8,339.4,5
1240,198,26-35,30,大专,4577.5,307.1,12.4,9.2,23,4.5,2.4,3.1,7.0,9.1,5.1,157.31,1
1241,119,26-35,30,本科,7396.9,902.4,22.1,8.4,34,4.0,2.8,6.6,8.0,2.6,4.5,314.8,4
1242,9,26-35,30,硕士,11373.2,534.5,6.0,8.5,7,6.9,3.6,3.3,10.0,5.2,4.8,255.33,4
1243,113,26-35,30,博士,20180.8,4880.9,43.3,6.0,63,3.6,6.5,5.0,6.1,4.1,3.4,1742.79,9
1244,113,18-25,22,高中及以下,4829.2,4409.5,56.6,6.4,75,1.3,6.5,6.2,3.6,6.1,3.6,1742.79,9
1245,106,36-45,40,硕士,12525.8,1660.0,37.7,9.4,22,3.5,3.6,5.7,8.9,6.1,5.4,978.66,8
1246,2,26-35,30,本科,6933.7,703.9,21.3,7.1,27,4.8,4.1,5.7,8.6,6.6,5.4,283.64,4
1247,31,36-45,40,硕士,13960.8,2995.1,35.4,6.8,65,4.9,4.7,6.0,4.5,6.3,4.1,946.03,7
1248,48,36-45,40,博士,19002.8,1477.4,13.8,8.2,5,6.0,1.8,2.4,8.3,6.8,4.7,209.27,3
1249,177,26-35,30,硕士,12310.6,1802.0,24.6,8.6,29,4.3,3.2,5.7,6.5,4.4,4.3,634.94,6
1250,29,26-35,30,高中及以下,2846.6,950.8,5.0,9.4,32,4.1,2.3,1.3,8.7,6.7,4.4,110.86,1
1251,98,46-55,50,高中及以下,3759.9,200.0,13.8,10.0,35,5.7,2.1,6.2,10.0,5.3,5.8,149.17,1
1252,125,46-55,50,博士,19352.4,3363.4,38.4,7.0,58,5.4,7.1,7.4,8.0,6.0,5.1,1326.71,8
1253,58,36-45,40,高中及以下,5030.8,1437.6,20.6,9.5,23,6.5,5.1,4.0,6.9,3.9,3.5,206.7,3
1254,65,18-25,22,博士,17987.3,1275.0,23.0,8.9,57,5.2,4.2,5.0,7.4,4.8,4.3,576.08,6
1255,153,26-35,30,高中及以下,5230.6,1627.8,15.6,9.6,32,4.3,2.2,2.2,8.6,4.2,4.0,187.21,2
1256,164,36-45,40,高中及以下,4273.7,1310.5,26.0,8.3,35,3.4,2.4,5.7,9.1,6.7,5.8,388.92,5
1257,145,26-35,30,本科,8058.9,1497.6,16.1,9.4,8,5.5,2.1,6.1,5.0,7.6,5.0,324.35,4
1258,185,36-45,40,高中及以下,3124.3,477.7,19.3,8.0,23,4.9,3.3,7.8,5.2,4.4,4.5,303.08,4
1259,66,26-35,30,本科,8511.3,1394.9,6.0,7.3,35,6.5,3.2,6.8,6.4,3.1,4.2,138.1,1
1260,199,55+,60,本科,4830.9,954.4,15.7,8.7,36,6.0,3.7,8.4,6.4,5.1,5.2,47.32,0
1261,8,36-45,40,本科,5045.3,1358.4,7.1,8.5,36,5.1,3.1,5.6,5.6,2.3,3.4,92.81,0
1262,65,18-25,22,大专,5490.4,1679.4,21.9,8.3,37,4.7,5.6,8.7,9.5,5.5,6.0,576.08,6
1263,113,26-35,30,硕士,9718.7,5295.0,56.7,6.5,72,2.8,6.2,8.2,6.6,5.5,4.9,1742.79,9
1264,75,26-35,30,硕士,13820.7,1331.2,24.8,8.2,27,6.0,5.0,5.3,8.5,1.3,3.6,337.61,5
1265,31,26-35,30,硕士,12594.7,2344.6,28.4,4.4,33,5.2,2.6,5.2,6.2,6.4,4.7,946.03,7
1266,159,18-25,22,高中及以下,3014.2,594.1,15.5,6.8,51,6.7,1.9,6.7,6.5,7.0,5.5,286.16,4
1267,62,46-55,50,高中及以下,5147.4,704.2,15.8,9.4,16,7.0,1.6,3.8,6.6,7.2,4.8,49.09,0
1268,129,36-45,40,大专,4245.8,1233.0,5.0,8.3,31,5.5,1.5,4.6,9.2,5.6,5.3,89.7,0
1269,145,36-45,40,高中及以下,2541.7,1494.1,19.7,9.3,25,5.0,4.2,8.2,8.9,5.4,5.8,324.35,4
1270,31,36-45,40,本科,7798.5,2640.2,32.1,7.5,63,3.7,3.6,5.3,6.8,4.4,4.2,946.03,7
1271,7,36-45,40,高中及以下,2377.0,1047.0,19.8,9.7,5,4.3,2.1,3.9,6.1,5.5,4.1,319.72,4
1272,191,46-55,50,大专,5058.0,1214.5,18.6,5.7,25,5.9,3.3,5.4,8.5,6.0,5.2,349.46,5
1273,161,46-55,50,高中及以下,2889.5,1313.2,20.8,9.7,31,6.5,3.0,3.2,6.6,5.1,3.8,326.06,4
1274,82,55+,60,大专,5364.2,2145.6,27.4,6.7,36,4.9,4.2,5.8,6.4,6.8,4.8,650.6,7
1275,150,18-25,22,本科,8521.5,547.4,5.0,8.2,52,6.2,3.1,4.9,5.2,5.9,4.1,190.66,2
1276,156,26-35,30,本科,8763.6,2489.1,32.4,9.6,63,2.4,5.5,4.1,5.9,6.5,3.9,958.89,8
1277,161,36-45,40,本科,7583.4,1849.2,14.3,7.0,5,3.7,3.5,4.0,8.0,5.5,4.5,326.06,4
1278,166,36-45,40,硕士,12110.7,969.2,11.6,8.4,26,4.6,2.5,7.9,7.2,6.8,5.9,337.67,5
1279,106,55+,60,硕士,12202.5,2409.0,34.6,7.7,40,2.9,4.7,6.8,8.0,4.5,4.8,978.66,8
1280,75,46-55,50,硕士,12972.8,1397.3,20.1,7.9,27,6.8,2.4,6.6,5.2,5.7,4.7,337.61,5
1281,82,46-55,50,本科,8200.1,1670.5,24.8,7.2,46,5.6,2.8,4.9,9.4,5.2,5.2,650.6,7
1282,105,26-35,30,硕士,10131.6,759.8,13.7,9.6,42,5.2,1.9,5.1,9.1,3.8,4.9,222.31,3
1283,71,26-35,30,大专,3715.8,2500.7,28.4,8.2,51,3.5,3.8,4.7,7.7,5.7,4.6,690.93,7
1284,47,36-45,40,硕士,12559.9,1467.2,23.3,7.8,44,5.2,3.1,5.4,5.5,4.3,3.9,427.14,6
1285,156,55+,60,博士,16306.8,1929.8,35.0,7.2,41,4.4,6.0,5.5,4.4,5.8,3.6,958.89,8
1286,177,26-35,30,大专,5290.1,2268.0,28.3,6.9,42,4.6,3.7,6.0,8.4,5.5,5.2,634.94,6
1287,177,55+,60,硕士,10540.1,2095.9,24.6,6.8,48,3.4,4.0,5.9,6.4,5.7,4.6,634.94,6
1288,68,55+,60,硕士,7994.4,1264.4,20.3,9.6,47,7.0,1.0,4.5,10.0,7.8,6.2,213.07,3
1289,31,36-45,40,本科,10898.1,2681.5,34.9,7.8,70,5.6,4.2,5.9,4.5,6.6,4.3,946.03,7
1290,106,46-55,50,大专,4754.9,2293.4,28.2,9.1,72,2.7,5.3,8.0,5.8,8.2,5.5,978.66,8
1291,54,26-35,30,高中及以下,3670.4,2549.5,21.6,8.6,21,3.5,2.5,4.2,8.2,6.1,4.9,416.13,5
1292,106,46-55,50,硕士,8607.6,2640.4,37.4,6.3,59,1.2,5.5,4.3,4.9,8.8,4.4,978.66,8
1293,122,46-55,50,高中及以下,2472.6,2234.6,25.3,9.3,34,5.6,4.5,5.3,5.6,4.5,3.8,603.53,6
1294,167,26-35,30,本科,10375.1,2945.3,38.2,7.2,46,2.8,5.2,5.6,4.0,3.9,3.1,989.1,8
1295,162,36-45,40,本科,5771.6,2259.3,20.3,8.2,65,5.5,4.2,3.6,9.1,3.6,4.1,472.76,6
1296,3,46-55,50,博士,18723.6,2293.7,27.2,8.7,49,4.5,2.6,6.9,7.9,4.3,5.1,680.64,7
1297,15,18-25,22,大专,3791.3,332.0,11.7,7.7,16,3.7,2.2,1.0,7.5,3.7,3.2,84.58,0
1298,191,18-25,22,高中及以下,3225.5,1548.5,22.2,7.6,46,3.7,3.1,3.8,8.8,4.5,4.4,349.46,5
1299,71,26-35,30,高中及以下,3628.9,2012.2,26.6,9.0,30,4.5,3.9,7.8,7.9,4.6,5.2,690.93,7
1300,177,26-35,30,本科,8387.2,2236.3,26.0,6.3,46,5.0,4.7,6.0,8.6,5.1,5.0,634.94,6
1301,48,36-45,40,高中及以下,2613.0,1827.6,19.8,9.7,43,5.8,3.2,2.7,8.2,5.7,4.3,209.27,3
1302,173,55+,60,硕士,21754.8,200.0,16.0,8.5,42,4.6,1.5,6.5,7.6,7.1,5.8,208.75,3
1303,9,26-35,30,硕士,9302.5,854.6,14.1,10.0,52,4.5,4.3,6.1,6.0,3.7,3.9,255.33,4
1304,34,26-35,30,硕士,10148.5,955.9,19.0,10.0,19,5.6,3.1,6.3,9.4,6.8,6.0,337.83,5
1305,165,46-55,50,本科,7994.0,1914.9,15.3,9.3,20,6.1,3.5,7.1,8.1,6.7,5.8,224.25,3
1306,177,18-25,22,大专,5456.4,1904.9,27.3,7.8,44,3.3,4.1,4.0,5.1,5.1,3.5,634.94,6
1307,112,46-55,50,大专,4376.2,551.0,13.2,8.0,38,5.3,3.0,3.4,10.0,5.0,4.8,157.63,1
1308,47,26-35,30,高中及以下,4444.9,1949.2,27.3,9.0,51,5.6,4.0,6.0,8.3,6.8,5.5,427.14,6
1309,148,18-25,22,本科,5961.7,1694.2,20.0,7.9,21,6.8,4.4,4.6,9.2,5.3,4.8,250.12,4
1310,27,36-45,40,高中及以下,2500.1,1469.1,23.5,10.0,38,6.4,1.9,5.0,7.6,4.3,4.6,216.09,3
1311,137,36-45,40,大专,4686.8,321.1,13.9,9.5,29,5.3,2.8,2.9,7.8,7.5,4.8,107.55,1
1312,127,26-35,30,博士,17826.4,200.0,13.3,9.7,28,6.6,2.5,5.5,5.9,6.8,4.8,84.24,0
1313,106,46-55,50,高中及以下,3181.0,3347.7,35.2,6.3,54,3.1,4.3,6.4,8.0,7.9,5.8,978.66,8
1314,125,26-35,30,大专,7628.9,4350.1,32.1,5.2,47,3.2,5.0,7.9,6.3,6.0,5.1,1326.71,8
1315,138,55+,60,大专,4346.6,842.4,10.5,7.7,47,5.6,4.6,6.0,7.9,3.8,4.4,334.79,4
1316,120,46-55,50,高中及以下,3738.8,723.3,20.8,7.3,43,4.9,2.2,5.7,7.9,1.9,4.1,327.35,4
1317,20,46-55,50,硕士,11470.7,2848.7,42.1,5.9,34,4.4,2.6,6.5,5.8,5.2,4.6,642.68,6
1318,10,26-35,30,大专,4476.2,257.9,14.2,8.8,24,3.8,3.7,2.4,6.6,6.5,3.9,93.37,0
1319,195,36-45,40,硕士,11149.7,1185.1,13.0,7.4,48,4.2,1.7,5.3,8.4,6.4,5.5,218.18,3
1320,166,36-45,40,本科,7182.2,1662.0,13.9,10.0,43,5.6,3.1,3.7,8.1,5.0,4.4,337.67,5
1321,82,26-35,30,本科,5909.9,2196.3,22.8,7.4,73,5.4,3.4,6.0,3.9,4.1,3.5,650.6,7
1322,156,36-45,40,高中及以下,3664.1,2489.5,37.4,7.2,60,3.7,4.3,5.6,6.8,7.9,5.2,958.89,8
1323,0,26-35,30,硕士,10782.2,2229.3,10.6,10.0,24,5.5,3.3,5.3,6.9,4.8,4.4,243.89,3
1324,112,26-35,30,大专,4382.3,1033.8,13.4,9.1,44,5.7,3.4,6.9,8.8,5.2,5.5,157.63,1
1325,0,26-35,30,本科,6044.4,1437.6,13.0,8.1,17,5.8,4.1,6.5,7.0,3.6,4.3,243.89,3
1326,105,26-35,30,本科,7041.4,485.7,13.7,8.0,40,6.2,3.2,6.5,8.9,6.4,5.8,222.31,3
1327,153,26-35,30,高中及以下,3620.5,1487.6,6.3,8.9,16,7.0,2.7,6.4,10.0,3.3,5.2,187.21,2
1328,114,36-45,40,硕士,10800.0,665.1,21.5,9.1,36,6.0,4.4,1.6,7.6,8.1,4.3,122.44,1
1329,71,46-55,50,本科,8421.2,2101.1,31.4,7.3,54,3.7,4.8,6.5,8.3,2.3,4.2,690.93,7
1330,161,55+,60,硕士,13127.2,240.0,15.6,8.0,21,5.4,4.3,6.5,8.7,6.0,5.4,326.06,4
1331,156,26-35,30,大专,5786.8,2326.0,32.1,6.6,58,3.2,4.7,7.1,5.0,7.5,4.9,958.89,8
1332,165,18-25,22,大专,4003.2,1247.4,14.5,8.5,5,6.3,3.4,5.8,7.2,4.5,4.5,224.25,3
1333,124,36-45,40,硕士,13724.0,1562.5,13.9,9.2,14,6.3,2.8,5.2,6.6,7.1,5.0,266.9,4
1334,153,55+,60,高中及以下,3045.5,1166.0,17.4,9.0,23,6.3,2.2,4.5,8.8,5.8,5.1,187.21,2
1335,167,36-45,40,硕士,10054.0,2425.2,28.3,7.9,51,5.3,3.5,5.1,8.0,5.9,4.9,989.1,8
1336,89,55+,60,硕士,9543.0,1441.4,13.8,9.6,62,5.5,2.9,7.8,9.3,4.3,5.7,247.96,3
1337,107,46-55,50,硕士,11040.0,1264.8,13.5,8.3,32,5.1,3.4,5.3,8.4,6.7,5.3,176.72,2
1338,125,36-45,40,本科,9045.2,3906.7,42.0,5.8,65,4.3,5.8,8.6,6.7,6.7,5.5,1326.71,8
1339,108,26-35,30,大专,4161.9,582.4,17.3,7.8,29,5.7,3.2,8.5,8.5,5.2,5.9,192.01,2
1340,25,18-25,22,本科,10074.4,1064.9,11.2,5.7,38,4.2,3.5,6.5,6.8,5.8,5.0,165.82,2
1341,197,46-55,50,高中及以下,2444.1,258.1,22.6,8.3,5,5.5,3.3,6.1,8.5,5.4,5.2,173.08,2
1342,177,26-35,30,本科,8566.5,2219.3,31.1,8.5,50,7.3,4.3,4.7,7.6,5.4,4.4,634.94,6
1343,167,26-35,30,高中及以下,4561.5,4564.9,36.0,8.2,57,2.9,4.4,6.3,4.4,5.7,4.1,989.1,8
1344,179,36-45,40,本科,16479.9,4914.8,58.1,6.9,92,4.6,5.6,6.2,8.7,7.2,5.5,1808.04,9
1345,59,55+,60,大专,6038.0,1445.6,14.8,7.8,42,4.9,2.2,5.9,6.4,7.0,5.2,393.68,5
1346,162,26-35,30,硕士,14946.4,1944.4,15.3,6.4,28,4.3,2.3,4.3,6.9,3.1,3.8,472.76,6
1347,64,18-25,22,本科,8052.2,1125.9,19.1,8.7,16,5.4,1.7,4.7,8.0,7.2,5.4,334.46,4
1348,177,46-55,50,博士,19546.7,2440.8,18.7,6.8,46,5.0,3.6,4.9,9.0,3.7,4.5,634.94,6
1349,36,46-55,50,高中及以下,2449.0,1116.2,17.5,10.0,40,5.6,2.5,7.2,5.9,5.7,5.0,182.89,2
1350,180,18-25,22,硕士,11344.4,797.4,14.1,7.3,10,7.4,4.3,7.9,7.8,4.2,5.1,277.46,4
1351,104,36-45,40,大专,3385.9,419.1,8.9,9.7,13,6.6,2.9,5.1,5.7,4.6,4.0,126.31,1
1352,71,26-35,30,大专,6700.0,1964.5,28.3,7.7,23,4.3,3.9,3.9,6.8,6.9,4.5,690.93,7
1353,179,46-55,50,大专,6059.3,5075.8,60.4,6.7,69,1.8,6.4,8.4,2.4,5.2,3.7,1808.04,9
1354,166,36-45,40,硕士,15211.0,1431.6,20.1,10.0,53,4.8,3.7,6.0,8.2,6.1,5.3,337.67,5
1355,148,18-25,22,硕士,10089.5,1648.5,16.5,8.1,29,5.0,3.4,5.9,6.5,6.2,4.8,250.12,4
1356,111,36-45,40,本科,5502.5,512.7,12.7,9.8,30,5.2,2.9,3.3,9.1,6.0,4.8,144.53,1
1357,71,26-35,30,本科,8548.8,2048.6,21.2,6.7,38,3.5,4.6,5.9,5.8,7.4,4.8,690.93,7
1358,34,26-35,30,硕士,8960.7,1645.2,21.5,9.3,19,5.3,3.5,3.9,8.6,3.1,4.0,337.83,5
1359,191,36-45,40,高中及以下,3753.0,1327.7,21.0,6.1,32,6.0,2.1,4.8,8.3,5.9,5.1,349.46,5
1360,106,26-35,30,高中及以下,3362.9,2396.0,31.7,7.7,44,5.2,6.0,4.2,5.1,2.7,2.6,978.66,8
1361,174,36-45,40,大专,4506.9,200.0,9.3,9.5,15,4.6,3.0,5.9,6.8,6.1,4.9,195.72,2
1362,107,36-45,40,大专,5473.3,1461.2,12.1,10.0,35,6.5,4.3,6.2,5.8,5.0,4.2,176.72,2
1363,118,55+,60,硕士,8715.4,2000.3,30.9,6.8,42,6.0,2.9,5.3,7.9,3.3,4.3,465.37,6
1364,106,26-35,30,高中及以下,5648.8,2958.0,37.3,8.6,52,3.4,3.2,5.5,6.6,7.7,5.2,978.66,8
1365,185,36-45,40,本科,8024.9,1932.2,22.8,8.2,37,6.7,4.1,5.9,7.1,5.8,4.8,303.08,4
1366,48,36-45,40,大专,5183.2,799.4,22.2,8.5,40,4.6,1.0,3.6,6.5,7.8,5.0,209.27,3
1367,6,26-35,30,大专,8179.6,2419.5,38.5,9.6,68,4.1,5.3,6.8,9.0,4.1,4.9,719.97,7
1368,122,36-45,40,硕士,7198.1,2481.0,28.5,8.1,39,5.4,2.5,7.8,6.9,2.4,4.5,603.53,6
1369,66,26-35,30,本科,6699.2,1493.0,19.3,9.4,38,6.8,4.0,6.6,6.3,5.6,4.7,138.1,1
1370,73,36-45,40,本科,6247.5,2403.1,28.6,8.8,31,4.6,5.2,6.6,6.1,5.6,4.5,709.56,7
1371,183,46-55,50,高中及以下,3288.6,1778.9,20.4,8.5,37,4.4,3.6,6.2,9.8,6.7,6.0,240.44,3
1372,179,18-25,22,高中及以下,4028.2,4745.7,63.1,8.5,80,2.6,6.1,6.4,4.4,4.1,3.4,1808.04,9
1373,12,18-25,22,大专,5597.0,1280.1,12.4,9.3,27,6.5,3.1,4.2,7.8,4.1,4.2,189.04,2
1374,195,18-25,22,本科,6265.8,1201.9,17.2,9.2,19,8.2,1.5,4.3,7.9,6.2,5.0,218.18,3
1375,65,36-45,40,高中及以下,3419.5,2117.6,35.5,7.8,33,2.9,2.6,5.9,6.3,5.4,4.7,576.08,6
1376,17,46-55,50,大专,7950.4,556.5,14.5,8.8,35,5.9,3.2,5.6,7.2,5.2,4.7,203.21,3
1377,50,18-25,22,硕士,7703.6,418.5,17.6,10.0,30,5.5,3.8,2.3,6.4,5.8,3.6,205.22,3
1378,170,18-25,22,本科,7714.7,465.0,15.8,7.8,23,4.9,2.4,3.3,6.6,6.1,4.2,60.98,0
1379,177,26-35,30,本科,7865.3,1308.1,18.6,8.0,25,4.9,4.6,5.3,6.3,4.4,3.9,634.94,6
1380,73,26-35,30,博士,19697.5,2778.2,22.6,9.1,46,4.1,4.6,4.8,6.3,2.9,3.3,709.56,7
1381,127,46-55,50,高中及以下,3284.3,1573.0,18.0,10.0,23,6.3,1.1,5.6,8.0,7.2,5.8,84.24,0
1382,52,26-35,30,本科,10244.2,566.9,12.3,8.5,5,5.2,2.2,5.6,7.2,5.5,4.9,75.42,0
1383,40,36-45,40,高中及以下,3199.3,642.8,15.5,8.2,26,5.6,4.2,6.8,9.0,4.7,5.3,310.59,4
1384,187,18-25,22,高中及以下,3465.6,1016.0,12.6,8.0,23,6.3,3.7,5.5,6.7,6.9,4.9,137.99,1
1385,172,26-35,30,本科,8650.7,1043.4,23.2,9.1,49,5.7,2.2,5.1,8.1,5.6,5.1,137.4,1
1386,179,18-25,22,本科,10378.8,4888.1,55.6,4.8,94,0.5,6.5,10.0,5.3,5.8,5.1,1808.04,9
1387,177,18-25,22,本科,6766.6,1730.8,26.2,8.9,50,4.5,6.4,6.7,7.4,7.6,5.3,634.94,6
1388,177,26-35,30,大专,5279.6,1419.5,32.5,8.0,35,4.5,2.8,2.4,6.3,7.0,4.1,634.94,6
1389,106,18-25,22,本科,8296.8,3107.1,29.9,7.4,64,5.3,5.1,3.8,5.1,3.8,2.9,978.66,8
1390,159,26-35,30,本科,6666.9,1447.3,13.6,9.2,40,5.0,4.0,6.0,6.5,6.5,4.9,286.16,4
1391,115,18-25,22,博士,12399.4,989.4,23.1,7.2,26,6.0,1.9,8.0,10.0,5.2,6.4,200.65,2
1392,7,36-45,40,硕士,10619.6,1536.0,21.1,7.1,28,3.9,4.3,5.6,7.3,8.3,5.4,319.72,4
1393,31,18-25,22,硕士,15252.5,3524.0,28.0,6.4,46,3.0,5.6,6.0,6.9,7.9,5.1,946.03,7
1394,81,46-55,50,本科,7445.9,1512.0,19.3,7.5,30,5.4,4.0,5.0,5.3,5.5,3.9,212.11,3
1395,71,26-35,30,高中及以下,3437.8,2082.3,25.5,8.0,36,4.3,4.6,3.1,6.5,4.1,3.3,690.93,7
1396,122,36-45,40,硕士,11451.4,1863.0,26.1,7.6,21,5.0,5.3,4.5,5.9,8.1,4.5,603.53,6
1397,75,36-45,40,本科,7357.8,1238.5,17.0,9.9,17,5.1,3.4,7.8,5.2,6.9,5.2,337.61,5
1398,104,18-25,22,高中及以下,3495.6,1860.9,13.7,9.4,20,4.5,3.2,3.2,8.2,4.6,4.1,126.31,1
1399,91,55+,60,本科,6358.7,1135.5,26.5,9.1,36,5.7,3.0,6.5,7.2,4.5,4.8,390.98,5
1400,86,36-45,40,硕士,17001.5,1906.9,16.9,8.4,51,3.9,3.7,4.5,7.9,6.7,4.9,370.7,5
1401,111,36-45,40,大专,5135.6,410.5,19.1,8.7,5,4.9,1.4,4.6,7.6,5.4,4.8,144.53,1
1402,168,46-55,50,大专,5132.2,200.0,16.7,8.6,36,5.2,3.2,5.6,6.4,5.0,4.4,116.12,1
1403,115,26-35,30,硕士,7739.7,348.8,10.9,9.3,17,5.3,4.1,6.9,8.0,7.7,5.9,200.65,2
1404,166,26-35,30,本科,7721.0,1566.7,16.2,9.4,16,5.5,3.7,5.4,7.3,7.1,5.1,337.67,5
1405,47,18-25,22,高中及以下,4232.6,1877.8,15.2,8.3,33,5.2,4.5,6.7,9.1,5.1,5.3,427.14,6
1406,115,26-35,30,本科,8536.2,505.8,23.7,8.8,42,5.6,1.4,6.0,6.2,2.6,4.0,200.65,2
1407,147,46-55,50,本科,6648.8,985.3,8.8,8.6,33,4.7,2.4,5.3,6.9,2.3,3.8,39.63,0
1408,82,46-55,50,高中及以下,3343.1,2413.7,20.8,8.3,44,3.6,2.9,5.7,4.2,4.7,3.8,650.6,7
1409,165,26-35,30,大专,6653.4,240.8,11.1,9.2,13,4.8,2.2,6.3,4.0,4.9,4.0,224.25,3
1410,125,36-45,40,本科,8338.5,3694.5,40.2,6.5,58,3.7,5.0,5.2,4.5,6.4,3.9,1326.71,8
1411,1,18-25,22,大专,5315.0,444.6,8.4,6.9,17,7.4,1.9,4.8,9.2,4.9,5.1,129.25,1
1412,166,46-55,50,本科,8615.7,1160.7,17.8,9.5,8,5.8,2.6,6.1,6.9,6.0,5.1,337.67,5
1413,40,18-25,22,硕士,16698.8,807.3,13.8,9.4,40,4.7,4.2,5.3,8.3,3.6,4.3,310.59,4
1414,173,46-55,50,本科,8214.8,1492.9,19.3,7.0,28,6.7,2.2,6.3,7.7,6.7,5.6,208.75,3
1415,154,26-35,30,本科,6023.6,1116.9,12.8,9.6,21,5.1,1.6,2.0,8.8,4.2,4.1,198.95,2
1416,145,46-55,50,高中及以下,3813.0,1969.1,11.2,10.0,36,7.6,3.3,4.7,7.7,5.3,4.6,324.35,4
1417,143,26-35,30,高中及以下,3286.9,712.6,21.0,9.1,47,3.4,3.0,6.6,7.4,7.9,5.8,178.51,2
1418,58,26-35,30,大专,5749.1,287.3,13.3,9.3,28,5.5,3.6,6.1,8.0,2.6,4.3,206.7,3
1419,195,26-35,30,大专,3143.0,1670.6,16.7,8.9,28,4.7,2.0,7.1,6.7,5.2,5.1,218.18,3
1420,122,26-35,30,博士,18331.5,2572.3,29.6,8.6,15,5.0,4.6,6.1,8.5,4.0,4.7,603.53,6
1421,120,36-45,40,大专,4786.4,2063.8,20.2,7.8,26,5.4,2.4,6.9,5.7,4.4,4.5,327.35,4
1422,164,26-35,30,硕士,13299.5,762.6,12.5,9.1,37,6.4,2.3,3.2,7.2,8.0,4.9,388.92,5
1423,27,18-25,22,硕士,9677.5,1028.1,11.5,7.2,9,5.8,2.1,7.3,7.9,5.1,5.5,216.09,3
1424,174,36-45,40,大专,4132.3,2030.3,10.1,8.5,17,6.3,3.6,5.8,5.7,4.1,3.9,195.72,2
1425,125,26-35,30,本科,11637.1,5343.1,40.4,6.0,56,2.9,5.1,6.9,7.5,3.5,4.4,1326.71,8
1426,16,36-45,40,博士,15308.0,664.5,14.2,7.9,15,5.9,1.5,3.7,9.7,6.8,5.6,53.9,0
1427,113,26-35,30,博士,16407.6,5773.1,55.2,7.1,102,1.9,6.8,7.4,4.0,4.5,3.6,1742.79,9
1428,177,26-35,30,高中及以下,3145.7,2155.7,26.8,8.1,48,4.8,5.0,9.3,6.7,4.7,5.2,634.94,6
1429,179,36-45,40,博士,16082.7,5549.0,62.5,4.7,98,3.7,6.7,5.7,2.8,6.8,3.4,1808.04,9
1430,128,26-35,30,大专,4325.2,699.6,13.3,7.8,33,5.9,3.2,8.8,7.5,6.6,6.1,163.96,2
1431,113,26-35,30,本科,6684.9,4434.2,57.8,6.5,79,3.4,6.9,8.9,6.7,4.8,4.8,1742.79,9
1432,113,26-35,30,博士,24284.8,4631.4,57.1,6.3,81,2.7,5.8,5.9,7.1,4.7,4.2,1742.79,9
1433,38,26-35,30,大专,4293.5,353.6,11.0,8.7,5,6.6,2.7,6.1,8.0,5.6,5.2,39.32,0
1434,42,26-35,30,博士,18678.5,1157.3,23.9,8.8,22,4.8,3.5,6.0,5.3,7.3,4.8,132.2,1
1435,145,36-45,40,高中及以下,2716.7,1896.3,20.9,7.1,9,5.5,4.4,4.1,8.5,8.4,5.4,324.35,4
1436,144,18-25,22,本科,5374.8,1303.5,9.0,9.5,27,6.7,4.0,3.6,7.5,6.8,4.5,192.46,2
1437,0,26-35,30,高中及以下,3883.4,555.9,21.2,8.0,28,5.8,2.8,5.1,6.3,6.1,4.6,243.89,3
1438,75,46-55,50,大专,3656.7,1850.0,15.5,8.8,5,5.4,2.7,6.0,4.7,5.7,4.3,337.61,5
1439,150,36-45,40,本科,7919.4,699.6,13.1,9.0,35,6.4,1.9,6.4,8.0,7.6,6.0,190.66,2
1440,31,55+,60,大专,6236.9,2502.7,32.4,9.1,67,5.4,5.1,3.7,9.2,4.3,4.2,946.03,7
1441,156,26-35,30,本科,7628.1,2631.1,36.4,5.9,43,3.4,3.9,7.0,4.9,6.4,4.7,958.89,8
1442,81,26-35,30,本科,8259.7,1014.9,16.1,7.7,39,5.0,4.5,6.8,7.4,6.4,5.2,212.11,3
1443,182,26-35,30,博士,11036.2,475.6,11.6,7.8,35,5.8,1.0,3.4,10.0,6.8,5.6,50.86,0
1444,179,26-35,30,硕士,15616.5,5142.6,58.1,6.1,79,3.4,8.2,8.0,2.5,5.3,3.3,1808.04,9
1445,47,18-25,22,本科,10935.3,1953.8,28.4,7.1,17,5.0,4.0,3.8,8.8,8.9,5.6,427.14,6
1446,166,26-35,30,高中及以下,3079.6,607.5,23.2,9.9,52,4.5,2.3,5.8,6.2,6.2,4.9,337.67,5
1447,73,18-25,22,高中及以下,3239.7,1804.2,24.0,7.4,47,6.0,2.4,6.3,4.2,6.7,4.6,709.56,7
1448,82,55+,60,本科,11948.5,1728.7,27.1,8.5,51,4.5,4.9,3.8,5.5,5.7,3.6,650.6,7
1449,173,55+,60,本科,9271.3,1704.1,19.5,9.0,44,5.3,3.0,6.5,8.3,7.1,5.8,208.75,3
1450,113,46-55,50,本科,9790.4,4040.3,52.1,6.6,74,3.7,5.8,8.8,4.8,4.6,4.4,1742.79,9
1451,149,36-45,40,硕士,6722.0,651.6,15.0,8.8,39,5.2,2.3,5.2,7.1,5.2,4.7,199.73,2
1452,71,18-25,22,硕士,10834.4,1450.8,33.3,8.1,34,4.5,3.7,7.6,8.4,6.9,6.0,690.93,7
1453,161,46-55,50,硕士,8558.1,1184.9,18.6,9.7,57,5.1,3.8,6.5,8.1,4.3,4.9,326.06,4
1454,151,36-45,40,高中及以下,2362.0,1096.8,19.1,8.3,27,5.3,3.6,4.3,7.5,4.6,4.2,209.86,3
1455,186,26-35,30,大专,3507.0,579.3,13.7,7.1,22,4.4,3.0,4.1,9.2,6.2,5.1,238.23,3
1456,45,46-55,50,本科,8122.3,200.0,13.3,7.3,13,7.7,1.6,3.8,8.3,5.1,4.7,72.25,0
1457,57,18-25,22,硕士,12078.3,200.0,6.8,9.9,19,6.0,2.9,4.2,7.7,4.6,4.3,108.94,1
1458,197,55+,60,大专,3908.5,392.5,14.2,9.5,21,5.2,3.4,5.5,5.6,6.3,4.5,173.08,2
1459,129,26-35,30,大专,3167.7,720.6,5.6,10.0,9,6.0,2.5,2.9,6.8,5.6,4.0,89.7,0
1460,31,55+,60,高中及以下,2812.3,3050.6,41.0,8.1,78,3.7,3.4,4.9,4.8,4.5,3.6,946.03,7
1461,153,26-35,30,高中及以下,3223.7,1369.6,10.9,6.7,45,4.9,1.7,5.6,6.8,6.1,5.0,187.21,2
1462,39,26-35,30,大专,4132.5,464.0,19.4,7.7,15,5.6,1.9,6.3,10.0,4.7,5.7,180.7,2
1463,113,55+,60,硕士,18071.3,5100.5,59.8,6.6,85,2.1,6.8,9.4,7.6,4.2,5.1,1742.79,9
1464,185,36-45,40,本科,7690.5,572.2,15.5,8.8,22,3.7,2.5,6.4,2.9,7.4,4.4,303.08,4
1465,113,55+,60,本科,10041.9,5286.8,49.2,6.0,100,2.5,7.1,5.0,5.9,9.2,4.7,1742.79,9
1466,125,36-45,40,硕士,11347.9,3987.8,43.1,7.6,58,4.3,5.7,6.3,7.7,5.2,4.7,1326.71,8
1467,94,55+,60,大专,4692.6,840.7,15.3,7.7,9,5.4,2.6,4.8,8.0,6.1,5.0,100.27,0
1468,165,36-45,40,博士,16635.6,765.3,18.5,8.6,28,4.9,2.9,6.3,9.4,7.3,6.2,224.25,3
1469,47,55+,60,大专,6372.1,1029.0,22.2,9.5,29,5.9,4.5,7.0,7.2,2.0,4.0,427.14,6
1470,113,46-55,50,本科,9717.3,4776.3,50.0,6.3,108,1.9,6.7,7.3,4.3,4.6,3.7,1742.79,9
1471,76,26-35,30,本科,7908.3,1649.0,22.9,8.7,39,5.5,3.7,6.4,5.1,5.3,4.3,161.91,1
1472,172,26-35,30,本科,10349.1,972.4,15.3,9.3,32,5.9,1.1,2.8,7.3,4.1,3.9,137.4,1
1473,105,46-55,50,本科,8689.7,1671.8,16.5,9.0,8,6.6,2.4,6.0,8.3,3.3,4.7,222.31,3
1474,54,36-45,40,高中及以下,4250.8,1492.3,31.0,8.7,27,6.9,3.5,6.7,5.6,5.2,4.5,416.13,5
1475,179,26-35,30,高中及以下,4370.9,4672.6,65.7,6.4,61,1.7,6.6,9.1,4.7,6.3,4.8,1808.04,9
1476,115,46-55,50,大专,3667.4,743.6,18.7,7.8,17,5.9,3.5,4.5,6.6,3.5,3.7,200.65,2
1477,167,26-35,30,本科,6310.4,3445.2,42.5,6.4,53,4.1,4.4,5.7,7.2,8.1,5.4,989.1,8
1478,82,36-45,40,硕士,12871.3,2252.9,16.3,8.0,37,5.1,3.4,6.4,8.4,1.2,4.1,650.6,7
1479,186,46-55,50,本科,8632.8,1363.5,16.0,7.6,18,6.0,4.0,4.6,9.0,4.1,4.5,238.23,3
1480,141,36-45,40,硕士,13220.7,2874.9,20.5,10.0,40,4.6,2.4,5.1,8.6,4.3,4.8,548.48,6
1481,185,18-25,22,大专,4851.9,2185.5,14.8,9.8,17,6.7,4.2,5.3,5.3,6.4,4.3,303.08,4
1482,65,18-25,22,高中及以下,4974.9,2744.4,24.9,9.4,42,5.9,5.5,5.3,6.7,3.1,3.5,576.08,6
1483,125,26-35,30,高中及以下,4315.6,3773.0,47.5,6.6,73,3.3,4.8,8.3,7.9,6.1,5.7,1326.71,8
1484,40,36-45,40,大专,7232.6,556.4,22.9,8.7,37,3.8,3.4,5.7,9.8,6.2,5.7,310.59,4
1485,6,46-55,50,高中及以下,4278.8,1685.0,19.9,8.2,70,5.0,3.8,5.5,6.7,7.9,5.2,719.97,7
1486,31,26-35,30,硕士,15800.7,2974.3,35.0,6.6,64,5.9,4.1,5.7,4.1,5.4,3.8,946.03,7
1487,153,36-45,40,高中及以下,3807.0,446.5,8.2,8.0,36,4.5,1.0,4.5,6.9,6.4,4.9,187.21,2
1488,175,26-35,30,本科,8064.2,1713.6,16.5,8.8,6,5.6,4.7,3.0,8.2,4.2,3.7,339.4,5
1489,9,46-55,50,大专,7492.0,500.4,23.8,8.8,30,4.2,1.2,5.0,9.3,5.6,5.5,255.33,4
1490,80,36-45,40,博士,15074.9,200.0,14.5,7.8,37,5.6,3.2,5.1,7.2,5.1,4.5,119.14,1
1491,113,18-25,22,硕士,17979.4,3619.1,55.2,5.6,66,1.9,5.5,6.1,3.8,5.5,3.6,1742.79,9
1492,105,46-55,50,高中及以下,1942.0,1147.2,13.7,8.2,49,7.3,1.6,4.2,8.8,4.3,4.7,222.31,3
1493,9,36-45,40,大专,4174.6,844.5,20.7,7.7,51,5.3,4.3,5.1,9.1,7.5,5.6,255.33,4
1494,65,46-55,50,高中及以下,2842.7,1766.0,27.9,8.9,10,6.8,3.7,7.4,6.8,2.7,4.3,576.08,6
1495,105,46-55,50,本科,10075.2,1035.9,14.6,9.1,11,5.3,3.0,3.5,6.8,2.8,3.3,222.31,3
1496,3,36-45,40,大专,5093.9,2136.6,28.1,7.5,27,4.2,4.4,7.1,7.1,4.7,4.8,680.64,7
1497,119,26-35,30,大专,3841.5,1169.6,10.5,10.0,11,4.5,4.0,4.8,4.8,5.5,3.7,314.8,4
1498,153,26-35,30,大专,4571.6,1227.7,16.4,7.9,5,6.4,3.0,5.0,6.8,6.9,4.9,187.21,2
1499,48,55+,60,硕士,9457.5,601.2,9.9,8.4,27,3.8,3.0,3.9,8.1,6.3,4.8,209.27,3
1500,106,46-55,50,硕士,13141.8,2112.1,35.8,6.7,43,3.6,5.3,4.4,3.6,3.3,2.5,978.66,8
1501,96,55+,60,高中及以下,3006.3,502.8,7.8,8.1,34,6.5,3.2,2.7,7.3,8.4,4.8,199.56,2
1502,73,26-35,30,高中及以下,2586.9,2075.0,25.0,7.2,37,5.9,3.8,6.1,9.6,7.9,6.2,709.56,7
1503,145,36-45,40,硕士,17287.2,1277.6,14.2,8.6,21,6.7,1.0,5.7,8.0,4.7,5.1,324.35,4
1504,156,18-25,22,硕士,11000.2,3389.4,45.2,7.9,71,3.8,2.3,6.1,8.0,4.9,5.1,958.89,8
1505,61,26-35,30,高中及以下,3793.9,548.6,22.1,9.4,18,5.7,2.7,5.1,6.8,4.9,4.4,123.27,1
1506,195,46-55,50,高中及以下,3604.3,1251.0,13.7,8.9,21,4.4,2.8,5.1,8.5,8.4,5.9,218.18,3
1507,106,46-55,50,本科,10252.7,3251.3,29.1,7.1,37,3.7,4.8,6.6,6.9,5.4,4.7,978.66,8
1508,187,26-35,30,高中及以下,2197.9,985.8,12.9,8.9,45,5.6,2.7,1.7,7.1,5.3,3.6,137.99,1
1509,20,26-35,30,本科,5742.9,2013.2,29.8,8.5,39,6.1,4.3,2.8,7.6,7.4,4.5,642.68,6
1510,167,36-45,40,高中及以下,3023.7,2988.6,30.5,8.6,56,3.9,5.5,4.0,6.3,7.4,4.3,989.1,8
1511,122,26-35,30,本科,5142.8,1945.3,24.9,8.0,69,5.0,2.8,5.5,6.4,4.3,4.2,603.53,6
1512,186,26-35,30,本科,9251.5,1580.3,21.6,8.6,35,5.2,1.8,8.0,8.6,7.3,6.6,238.23,3
1513,134,46-55,50,本科,5732.1,1261.7,10.4,8.8,5,4.9,2.4,3.6,8.6,6.3,4.9,59.18,0
1514,141,26-35,30,高中及以下,3873.2,2014.8,22.1,6.9,38,4.9,3.9,6.5,4.6,5.3,4.1,548.48,6
1515,133,26-35,30,大专,4745.9,956.1,17.5,7.5,5,6.7,3.7,6.1,6.1,5.0,4.4,238.31,3
1516,39,36-45,40,本科,9775.8,940.1,16.1,7.1,30,4.8,3.2,5.4,7.0,6.2,4.9,180.7,2
1517,125,26-35,30,本科,8731.0,3368.3,41.2,7.7,56,5.0,4.1,7.5,4.4,5.9,4.5,1326.71,8
1518,89,46-55,50,本科,5706.8,1021.4,7.0,9.0,14,4.8,3.3,5.7,9.6,7.6,6.1,247.96,3
1519,150,26-35,30,大专,3779.1,1597.4,14.3,10.0,19,5.2,3.6,3.7,5.8,6.5,4.1,190.66,2
1520,73,26-35,30,硕士,13306.9,1865.9,22.5,8.5,38,4.9,5.8,8.6,7.9,5.9,5.6,709.56,7
1521,156,36-45,40,硕士,14711.6,3118.3,32.2,9.1,53,5.4,4.3,10.0,7.1,5.0,5.7,958.89,8
1522,186,46-55,50,本科,6382.7,849.0,11.3,8.5,23,5.2,3.5,4.3,5.8,4.4,3.6,238.23,3
1523,27,55+,60,高中及以下,3096.3,1259.1,15.5,10.0,27,7.3,3.6,5.1,8.5,5.8,5.0,216.09,3
1524,113,46-55,50,大专,6106.8,5008.3,50.2,5.6,91,3.9,5.2,7.5,5.9,5.7,4.7,1742.79,9
1525,135,26-35,30,博士,14523.2,2817.1,24.9,7.9,51,5.6,2.3,5.5,7.3,3.4,4.3,699.2,7
1526,90,36-45,40,本科,8853.9,330.9,17.4,9.3,31,5.8,1.5,6.4,8.3,5.4,5.5,163.54,2
1527,165,18-25,22,高中及以下,3391.2,572.9,16.0,7.9,16,3.6,4.6,5.9,9.5,2.9,4.6,224.25,3
1528,177,46-55,50,高中及以下,3953.3,1935.5,23.3,7.8,43,2.9,4.3,4.9,5.5,4.3,3.6,634.94,6
1529,113,36-45,40,本科,12349.4,5430.9,50.4,6.2,42,0.8,6.1,8.1,4.0,5.0,4.0,1742.79,9
1530,103,26-35,30,硕士,13102.5,1130.9,8.7,8.4,17,5.8,1.0,2.8,8.0,5.5,4.5,66.53,0
1531,153,36-45,40,大专,4867.2,1402.8,15.4,7.7,44,6.2,2.8,4.8,7.8,4.3,4.4,187.21,2
1532,27,26-35,30,本科,7291.2,1480.4,9.6,7.7,18,4.4,1.7,7.1,7.1,4.0,5.0,216.09,3
1533,125,46-55,50,大专,6135.2,3570.9,32.7,7.6,56,2.8,3.5,7.2,6.5,6.0,5.1,1326.71,8
1534,59,26-35,30,高中及以下,3623.8,1999.1,14.5,9.2,31,4.4,2.9,5.2,6.8,6.6,4.9,393.68,5
1535,185,26-35,30,高中及以下,2283.9,1626.1,37.4,6.3,47,6.7,3.3,5.8,8.4,7.4,5.7,303.08,4
1536,122,46-55,50,本科,8589.3,2209.3,28.3,6.8,55,6.5,4.6,5.2,7.3,8.2,5.3,603.53,6
1537,177,55+,60,高中及以下,3644.4,2013.4,28.2,7.8,11,4.1,4.4,4.1,6.2,7.2,4.4,634.94,6
1538,67,18-25,22,硕士,7354.1,1391.1,23.2,8.6,31,5.4,3.1,5.1,5.6,5.7,4.2,404.86,5
1539,113,46-55,50,博士,30020.4,4122.0,57.6,7.4,46,1.2,6.0,7.5,4.2,4.7,3.8,1742.79,9
1540,53,36-45,40,博士,15441.7,1120.3,16.1,8.5,27,6.7,3.7,2.0,6.8,4.5,3.3,273.6,4
1541,161,36-45,40,大专,4735.4,820.2,8.9,8.4,13,5.9,3.7,4.2,9.3,6.4,5.2,326.06,4
1542,106,26-35,30,硕士,13688.3,2883.9,34.6,8.8,31,4.0,4.1,6.7,5.9,4.7,4.4,978.66,8
1543,31,26-35,30,高中及以下,3603.4,2042.5,35.0,8.6,70,3.7,4.8,7.8,6.3,7.9,5.6,946.03,7
1544,40,46-55,50,大专,5199.1,729.8,22.2,7.5,42,4.3,5.0,7.3,7.6,5.9,5.2,310.59,4
1545,159,26-35,30,高中及以下,4276.3,1977.1,15.6,8.6,45,5.6,3.9,7.7,8.3,2.7,4.8,286.16,4
1546,20,55+,60,大专,4770.9,2523.2,17.7,7.7,41,2.8,4.0,5.0,9.3,6.5,5.4,642.68,6
1547,106,26-35,30,本科,8795.0,4065.6,35.6,7.7,57,3.5,6.4,5.5,5.8,6.5,4.2,978.66,8
1548,61,36-45,40,本科,6353.2,444.9,21.7,8.2,49,7.0,2.0,2.5,5.7,7.1,4.1,123.27,1
1549,179,26-35,30,大专,5504.3,4793.1,50.9,6.4,77,2.7,8.0,8.6,4.5,6.3,4.4,1808.04,9
1550,55,26-35,30,本科,6399.0,1497.7,21.6,8.1,50,6.5,2.7,9.6,7.5,3.3,5.4,376.64,5
1551,39,36-45,40,高中及以下,2492.1,810.9,18.1,8.8,43,6.7,2.5,5.5,5.7,5.2,4.3,180.7,2
1552,103,55+,60,大专,4119.9,830.6,21.5,9.2,36,4.3,2.6,4.8,7.5,4.6,4.5,66.53,0
1553,138,55+,60,高中及以下,3220.0,791.5,23.1,8.2,22,4.4,3.0,4.6,7.7,7.7,5.3,334.79,4
1554,141,55+,60,本科,6482.9,1222.8,16.0,7.5,52,4.9,3.7,4.9,10.0,5.6,5.3,548.48,6
1555,133,18-25,22,博士,12696.2,643.3,11.9,7.5,35,5.0,2.6,8.8,6.8,6.7,6.0,238.31,3
1556,71,36-45,40,硕士,13046.0,2292.0,21.8,6.1,48,3.7,5.6,5.9,7.3,4.3,4.2,690.93,7
1557,3,55+,60,本科,9676.5,2319.3,23.6,8.3,51,4.4,2.9,4.1,5.4,6.5,4.2,680.64,7
1558,135,26-35,30,本科,11048.7,2629.7,31.4,8.6,56,6.3,4.0,4.9,6.8,6.4,4.6,699.2,7
1559,179,36-45,40,本科,11037.6,4913.7,59.1,5.2,84,3.7,6.5,6.7,6.5,3.8,3.9,1808.04,9
1560,71,36-45,40,硕士,11484.1,2363.8,32.3,7.7,25,4.6,6.4,5.0,6.2,5.9,4.0,690.93,7
1561,33,26-35,30,博士,13151.8,1068.1,13.2,10.0,20,6.7,1.0,3.3,7.4,6.3,4.7,51.54,0
1562,68,26-35,30,高中及以下,3393.2,958.7,5.9,8.2,29,5.2,4.4,5.5,9.9,4.4,5.0,213.07,3
1563,118,26-35,30,高中及以下,2765.6,2089.2,24.0,9.3,19,5.0,2.9,4.8,5.3,4.8,3.8,465.37,6
1564,157,46-55,50,大专,4849.3,546.6,11.5,9.6,18,6.2,3.1,6.4,8.0,3.2,4.6,238.37,3
1565,140,36-45,40,硕士,10802.9,1585.5,14.3,7.9,51,7.6,4.5,6.7,7.5,6.2,5.2,186.32,2
1566,119,36-45,40,高中及以下,4749.1,2156.1,18.5,6.9,34,6.2,4.0,7.2,6.0,4.6,4.5,314.8,4
1567,177,18-25,22,大专,4626.4,2970.2,34.6,7.6,55,5.2,3.6,6.2,4.2,4.8,3.8,634.94,6
1568,157,36-45,40,博士,20725.7,200.0,24.8,9.0,31,4.9,2.6,2.9,5.5,5.7,3.7,238.37,3
1569,47,18-25,22,硕士,7788.9,1581.9,25.3,7.5,59,4.6,5.5,5.3,9.6,5.0,4.9,427.14,6
1570,153,18-25,22,高中及以下,2678.3,868.6,18.6,8.2,24,4.5,1.2,4.5,9.7,6.5,5.7,187.21,2
1571,61,36-45,40,大专,5600.7,406.1,10.8,9.4,13,4.6,2.8,6.1,8.2,5.3,5.2,123.27,1
1572,195,55+,60,硕士,13684.0,591.5,12.8,7.8,19,5.8,1.0,4.2,6.0,4.5,4.1,218.18,3
1573,65,26-35,30,本科,8657.5,1724.2,19.1,6.6,36,6.2,3.9,9.8,9.8,4.1,6.2,576.08,6
1574,11,36-45,40,高中及以下,3608.1,1303.8,7.8,7.9,34,4.9,4.1,8.3,10.0,6.7,6.6,93.16,0
1575,129,26-35,30,本科,6942.7,267.8,8.8,8.8,16,6.2,1.7,5.5,7.2,5.8,5.0,89.7,0
1576,125,26-35,30,本科,8839.7,3827.4,35.6,6.9,45,3.6,4.5,6.7,5.4,4.2,4.0,1326.71,8
1577,156,26-35,30,硕士,8263.2,2165.9,30.8,5.4,56,5.3,4.2,6.2,9.2,4.7,5.1,958.89,8
1578,165,46-55,50,高中及以下,3063.1,973.1,20.0,9.4,60,5.4,3.7,3.7,6.4,7.0,4.4,224.25,3
1579,191,26-35,30,硕士,13195.8,947.0,18.4,7.1,33,5.4,4.7,3.8,7.0,3.9,3.5,349.46,5
1580,156,46-55,50,硕士,18093.0,2386.9,31.6,6.0,28,3.8,4.4,8.6,5.7,6.5,5.3,958.89,8
1581,173,46-55,50,本科,6560.2,812.0,19.7,8.9,29,5.0,2.9,7.0,8.4,5.5,5.6,208.75,3
1582,180,36-45,40,硕士,11425.8,1120.5,20.4,8.9,31,7.8,2.3,3.9,8.3,4.1,4.3,277.46,4
1583,60,36-45,40,高中及以下,4114.8,1397.5,16.1,10.0,23,4.9,2.5,5.8,9.5,7.5,6.2,91.91,0
1584,43,36-45,40,大专,5699.4,701.6,9.6,8.1,21,5.5,1.8,5.3,8.5,4.5,5.0,109.83,1
1585,116,26-35,30,硕士,7738.9,992.9,15.4,7.7,16,5.2,1.0,4.1,9.2,4.4,4.9,143.35,1
1586,80,36-45,40,博士,21412.4,1069.5,8.7,8.3,25,4.5,6.3,5.3,9.5,2.2,4.0,119.14,1
1587,6,46-55,50,硕士,12242.7,2813.0,32.1,7.5,54,4.0,4.4,3.3,8.2,4.1,3.8,719.97,7
1588,166,36-45,40,大专,4465.5,1674.0,20.9,8.2,5,5.8,2.5,4.2,6.8,6.6,4.7,337.67,5
1589,54,55+,60,博士,26783.7,938.6,21.7,9.2,18,6.7,4.6,4.6,8.6,4.7,4.5,416.13,5
1590,103,36-45,40,本科,6118.3,386.7,5.0,9.3,42,5.8,2.0,6.8,9.5,6.7,6.3,66.53,0
1591,159,36-45,40,硕士,10929.1,1537.9,14.4,8.0,45,5.9,3.7,4.6,7.1,4.6,4.1,286.16,4
1592,122,55+,60,硕士,8560.2,1636.2,16.6,8.2,50,4.9,3.9,4.4,5.6,6.0,4.0,603.53,6
1593,192,36-45,40,本科,8640.0,1372.4,16.8,7.6,5,6.1,3.5,6.6,7.2,2.4,4.1,183.85,2
1594,167,55+,60,本科,8971.4,2647.7,24.7,6.3,27,4.7,5.3,5.2,5.3,4.6,3.6,989.1,8
1595,167,36-45,40,高中及以下,3595.5,4202.3,46.6,8.6,50,3.1,3.7,6.8,4.8,4.2,4.0,989.1,8
1596,162,36-45,40,本科,6245.4,2121.6,27.7,9.2,16,4.6,2.7,5.7,7.6,3.1,4.3,472.76,6
1597,156,36-45,40,本科,9247.5,2931.4,26.0,8.0,53,4.1,4.2,2.0,5.9,4.1,2.8,958.89,8
1598,122,26-35,30,大专,6257.9,1474.5,22.2,7.7,35,6.1,3.2,6.5,9.8,6.8,6.1,603.53,6
1599,159,18-25,22,本科,7536.0,1087.1,20.9,6.6,25,5.2,2.5,7.1,7.5,5.0,5.2,286.16,4
1600,125,18-25,22,本科,6893.6,3430.1,39.0,7.0,56,3.1,6.6,7.3,8.0,4.3,4.7,1326.71,8
1601,96,46-55,50,大专,5905.2,2702.5,18.5,8.9,43,5.2,3.3,4.0,10.0,3.9,4.6,199.56,2
1602,113,36-45,40,硕士,14039.7,5098.9,57.6,5.5,76,2.8,5.6,5.6,6.9,5.9,4.5,1742.79,9
1603,115,46-55,50,硕士,12900.7,1086.5,18.7,9.3,35,6.3,3.1,3.3,9.0,7.9,5.3,200.65,2
1604,194,26-35,30,本科,6742.9,955.1,20.6,9.9,5,5.3,2.0,4.0,6.2,6.3,4.4,176.48,2
1605,108,46-55,50,高中及以下,3248.9,519.2,18.4,8.8,5,6.1,3.6,7.0,6.5,3.9,4.5,192.01,2
1606,157,55+,60,高中及以下,3810.6,756.7,16.8,9.2,13,6.0,2.7,5.7,6.1,6.5,4.8,238.37,3
1607,124,26-35,30,本科,6214.8,657.5,14.1,5.6,42,6.2,1.9,4.8,8.4,6.8,5.4,266.9,4
1608,106,26-35,30,硕士,18168.2,2877.5,37.2,7.9,49,3.5,4.0,7.8,6.8,3.8,4.7,978.66,8
1609,177,36-45,40,高中及以下,3121.2,2192.7,28.0,7.4,42,4.0,4.4,3.3,7.5,5.0,3.9,634.94,6
1610,135,26-35,30,大专,3508.2,1783.2,32.7,7.8,51,3.6,4.1,8.1,9.5,7.5,6.6,699.2,7
1611,168,46-55,50,高中及以下,2540.4,1283.4,12.6,9.2,5,4.8,1.3,6.5,6.8,5.6,5.2,116.12,1
1612,179,36-45,40,本科,9176.8,5618.5,53.3,6.9,80,2.6,6.0,7.3,5.1,6.3,4.5,1808.04,9
1613,144,18-25,22,高中及以下,4085.0,791.7,11.0,7.2,30,5.4,2.8,5.0,8.4,6.4,5.3,192.46,2
1614,47,18-25,22,本科,7951.5,2810.0,18.0,9.4,25,4.4,1.4,6.0,9.3,6.9,6.1,427.14,6
1615,173,46-55,50,博士,15407.5,887.6,12.0,7.8,27,5.6,2.8,3.2,6.9,5.0,3.9,208.75,3
1616,20,18-25,22,硕士,10293.0,1263.9,22.7,6.7,49,4.5,1.7,4.2,7.5,8.3,5.5,642.68,6
1617,29,26-35,30,大专,5977.9,200.0,15.0,9.0,9,3.4,1.9,3.8,5.5,5.7,4.0,110.86,1
1618,96,36-45,40,本科,7568.1,200.0,21.2,10.0,52,6.4,2.4,4.1,9.5,7.4,5.7,199.56,2
1619,6,46-55,50,大专,3408.9,2597.1,29.4,9.3,65,4.4,2.6,6.5,6.3,4.0,4.4,719.97,7
1620,6,55+,60,大专,6075.2,1601.4,28.5,8.8,53,4.5,4.4,5.2,6.5,3.5,3.7,719.97,7
1621,197,18-25,22,本科,8613.5,317.8,5.0,9.4,32,5.5,1.9,4.2,5.0,3.7,3.4,173.08,2
1622,145,55+,60,大专,5154.2,1248.7,19.4,9.2,5,5.2,2.1,5.2,8.7,4.8,5.0,324.35,4
1623,160,26-35,30,本科,8528.5,812.7,10.1,9.2,18,5.6,3.6,5.0,8.6,3.6,4.4,56.0,0
1624,175,18-25,22,本科,9869.5,1829.1,17.5,5.6,27,5.1,2.0,5.5,7.9,8.5,6.0,339.4,5
1625,6,36-45,40,硕士,11924.8,1131.7,19.2,9.2,38,4.4,3.8,5.5,9.3,4.6,5.0,719.97,7
1626,93,55+,60,本科,5476.5,688.5,13.8,9.9,46,7.4,1.7,4.3,7.7,8.7,5.7,106.95,0
1627,172,36-45,40,大专,4205.5,1015.1,9.4,8.4,52,5.4,4.2,3.1,10.0,5.1,4.6,137.4,1
1628,156,46-55,50,本科,7684.3,2752.6,31.7,5.9,41,3.7,4.5,5.2,5.8,7.4,4.6,958.89,8
1629,29,26-35,30,高中及以下,3614.5,825.2,17.5,10.0,11,5.8,2.2,4.3,6.4,6.1,4.5,110.86,1
1630,181,26-35,30,大专,4878.1,517.6,17.3,8.3,27,5.0,1.8,5.7,7.6,5.5,5.1,62.98,0
1631,167,18-25,22,本科,10697.6,2895.0,30.8,8.0,58,2.7,5.1,9.3,6.6,6.6,5.7,989.1,8
1632,87,26-35,30,本科,6388.2,1878.3,22.7,8.3,43,6.9,2.0,3.4,8.2,4.7,4.4,206.18,3
1633,180,26-35,30,大专,3775.4,842.8,19.5,7.7,54,5.5,4.1,5.7,7.9,6.9,5.3,277.46,4
1634,165,26-35,30,硕士,12064.4,1151.3,17.8,9.0,22,4.3,1.6,4.2,6.6,5.0,4.3,224.25,3
1635,31,26-35,30,本科,9016.4,2872.1,33.6,7.6,53,6.1,4.7,5.9,4.1,3.5,3.2,946.03,7
1636,82,46-55,50,本科,10039.7,2645.7,33.3,8.9,12,5.4,4.4,5.5,8.4,4.7,4.7,650.6,7
1637,84,36-45,40,本科,7148.0,1059.7,11.1,8.0,27,6.5,2.7,5.0,7.1,4.1,4.2,66.12,0
1638,180,26-35,30,高中及以下,3576.8,2006.7,16.7,7.5,29,4.5,3.1,7.5,7.2,3.5,4.8,277.46,4
1639,106,46-55,50,本科,7049.5,3661.5,30.7,9.1,66,5.8,2.3,7.4,6.0,7.4,5.6,978.66,8
1640,113,26-35,30,本科,11244.4,4541.8,51.5,6.5,80,3.5,6.0,7.4,3.2,5.4,3.7,1742.79,9
1641,36,26-35,30,大专,4039.4,1410.9,16.7,10.0,20,5.7,3.0,5.1,5.7,4.9,4.1,182.89,2
1642,64,46-55,50,本科,8240.0,1569.2,14.7,8.5,38,4.1,3.5,5.5,7.8,7.8,5.5,334.46,4
1643,65,55+,60,本科,7315.7,1692.9,26.7,7.5,54,2.5,3.2,6.6,7.0,3.6,4.5,576.08,6
1644,167,55+,60,博士,18004.2,2988.8,40.0,9.0,30,2.7,4.7,5.4,6.4,3.7,3.8,989.1,8
1645,87,46-55,50,本科,7477.5,595.4,9.3,8.8,18,5.9,2.2,5.4,4.2,2.5,3.1,206.18,3
1646,82,55+,60,大专,4812.3,2458.2,33.6,9.3,49,3.6,3.0,5.6,4.8,5.4,4.1,650.6,7
1647,118,46-55,50,大专,6217.4,1629.6,20.1,8.3,27,4.0,3.4,3.6,7.8,6.2,4.5,465.37,6
1648,59,26-35,30,大专,6299.6,1068.9,21.9,8.3,9,4.9,3.3,4.6,9.2,5.0,4.9,393.68,5
1649,6,55+,60,本科,11034.4,2485.8,35.6,9.8,42,5.4,2.8,8.1,8.1,6.9,6.2,719.97,7
1650,116,46-55,50,硕士,7190.7,856.1,14.6,8.9,37,6.3,4.5,2.4,8.4,8.8,5.0,143.35,1
1651,82,26-35,30,高中及以下,3186.6,1923.9,24.0,9.0,27,4.0,4.1,8.6,9.1,6.3,6.3,650.6,7
1652,106,36-45,40,博士,23571.7,3528.2,40.7,8.8,74,5.1,5.2,7.2,4.3,6.2,4.3,978.66,8
1653,135,18-25,22,硕士,14038.0,1676.4,27.6,6.7,60,5.1,5.0,6.7,6.3,6.2,4.8,699.2,7
1654,176,36-45,40,硕士,10726.3,814.1,11.5,10.0,9,4.9,3.4,5.9,8.2,7.9,5.8,150.36,1
1655,72,36-45,40,本科,5355.9,1108.7,19.4,8.3,38,6.2,4.2,6.1,7.8,5.5,4.9,143.19,1
1656,177,46-55,50,本科,9170.9,1608.4,29.0,7.9,33,5.3,5.0,3.8,8.1,3.7,3.7,634.94,6
1657,128,46-55,50,本科,5446.9,447.3,28.2,8.7,29,6.1,2.1,4.2,6.6,3.2,3.7,163.96,2
1658,182,36-45,40,高中及以下,3166.2,360.9,16.1,9.2,43,5.3,3.3,5.2,6.4,6.1,4.6,50.86,0
1659,118,46-55,50,硕士,12084.9,1916.1,29.2,8.8,20,4.7,4.4,4.9,7.1,5.6,4.4,465.37,6
1660,156,55+,60,高中及以下,3875.3,2429.5,31.4,5.8,41,4.2,4.1,6.8,8.0,5.5,5.2,958.89,8
1661,6,26-35,30,硕士,12820.4,2598.9,25.2,6.4,40,3.8,4.1,5.6,5.8,5.8,4.3,719.97,7
1662,7,46-55,50,本科,8586.4,1421.1,19.1,8.5,28,6.2,3.1,2.4,5.6,5.4,3.4,319.72,4
1663,19,26-35,30,硕士,7548.7,801.1,8.2,10.0,5,6.6,5.2,8.8,9.1,6.8,6.3,36.15,0
1664,175,26-35,30,高中及以下,2968.0,1222.9,15.4,5.7,15,4.9,4.7,3.9,7.5,3.7,3.6,339.4,5
1665,39,18-25,22,本科,7304.7,933.4,15.8,8.4,26,4.7,3.1,6.6,6.6,2.3,4.0,180.7,2
1666,47,36-45,40,高中及以下,4049.5,1564.5,15.9,8.3,17,7.5,3.5,8.5,4.3,4.3,4.4,427.14,6
1667,9,36-45,40,高中及以下,2670.8,1403.8,13.6,9.6,51,5.2,1.1,5.9,4.9,5.2,4.4,255.33,4
1668,175,26-35,30,本科,8090.2,1245.0,17.5,7.8,20,4.8,3.8,3.0,7.3,6.1,4.1,339.4,5
1669,19,36-45,40,大专,5038.0,533.0,8.9,8.2,20,5.7,1.6,3.8,6.9,4.0,4.0,36.15,0
1670,140,46-55,50,高中及以下,3111.5,900.1,10.2,9.3,43,5.9,3.0,3.7,6.4,3.1,3.3,186.32,2
1671,78,26-35,30,本科,8647.5,884.3,23.9,9.1,5,6.9,2.2,5.6,7.9,6.2,5.3,162.68,1
1672,67,26-35,30,高中及以下,3394.8,2307.9,17.9,9.7,45,5.9,3.9,5.5,7.8,5.2,4.7,404.86,5
1673,167,55+,60,高中及以下,4029.9,3637.3,31.6,7.1,69,5.3,5.6,7.4,6.7,3.7,4.3,989.1,8
1674,78,36-45,40,硕士,8523.7,380.1,14.5,10.0,33,5.6,4.1,5.6,7.7,6.1,5.0,162.68,1
1675,3,46-55,50,硕士,10987.5,2173.7,28.4,7.4,35,5.8,4.4,4.8,6.1,5.7,4.1,680.64,7
1676,48,55+,60,本科,6720.3,861.4,12.6,8.1,21,5.2,2.4,5.3,6.7,5.1,4.5,209.27,3
1677,93,36-45,40,本科,7569.5,949.2,15.8,8.9,17,6.1,3.3,4.5,4.7,6.1,3.9,106.95,0
1678,23,46-55,50,高中及以下,3445.2,1152.5,12.7,10.0,5,4.6,2.8,6.0,8.6,6.4,5.6,35.7,0
1679,22,46-55,50,高中及以下,2648.5,849.4,15.0,10.0,32,5.1,1.1,4.9,10.0,8.1,6.4,158.78,1
1680,50,26-35,30,本科,5099.9,443.8,14.8,10.0,5,6.6,4.7,6.7,8.0,5.0,5.0,205.22,3
1681,114,26-35,30,本科,9672.3,328.4,13.4,9.5,42,4.5,1.3,5.4,10.0,6.1,6.0,122.44,1
1682,145,36-45,40,硕士,9554.3,846.4,14.2,8.4,56,5.3,5.4,5.3,7.8,5.4,4.5,324.35,4
1683,135,36-45,40,大专,4094.3,1785.4,25.7,8.9,31,4.8,2.8,6.9,7.7,7.8,6.0,699.2,7
1684,0,46-55,50,硕士,6729.6,725.6,11.1,8.1,31,5.3,2.3,5.3,5.9,3.5,3.9,243.89,3
1685,102,55+,60,本科,6894.0,384.6,13.1,8.4,5,5.6,2.3,4.6,5.7,6.0,4.3,105.35,0
1686,97,36-45,40,本科,9265.1,636.2,21.0,6.7,15,5.7,3.6,6.7,8.4,2.9,4.6,192.68,2
1687,54,55+,60,大专,4357.9,1038.7,20.0,8.6,25,6.9,4.7,5.1,7.7,2.7,3.8,416.13,5
1688,124,26-35,30,本科,7425.6,1535.5,21.7,6.9,15,4.0,1.6,2.5,6.4,5.6,3.9,266.9,4
1689,60,26-35,30,大专,4722.1,1038.2,12.3,8.6,21,4.8,3.5,4.9,9.8,8.1,6.0,91.91,0
1690,195,18-25,22,本科,8747.5,411.9,18.5,9.5,7,5.4,3.6,5.9,7.3,7.0,5.3,218.18,3
1691,142,26-35,30,本科,7231.3,807.7,12.8,9.5,29,5.7,2.1,6.0,8.0,4.4,5.0,29.74,0
1692,179,46-55,50,大专,8356.2,4989.1,56.7,5.7,76,1.9,5.4,7.7,4.4,5.5,4.3,1808.04,9
1693,7,36-45,40,本科,10790.1,1284.8,13.3,7.7,18,6.2,3.4,8.3,2.3,7.2,4.6,319.72,4
1694,82,26-35,30,高中及以下,3513.6,2379.5,21.9,7.8,64,4.2,4.6,4.1,7.9,7.5,4.9,650.6,7
1695,17,46-55,50,博士,11031.2,715.4,9.9,9.8,43,4.6,1.3,8.0,10.0,4.1,6.1,203.21,3
1696,128,46-55,50,大专,5310.3,675.0,16.7,9.0,28,6.3,2.3,1.6,6.6,4.9,3.4,163.96,2
1697,32,18-25,22,高中及以下,4489.2,200.0,13.9,10.0,5,5.4,3.4,6.7,7.9,3.4,4.7,146.42,1
1698,66,46-55,50,高中及以下,2535.4,1402.7,11.6,8.8,20,6.8,3.4,6.1,8.4,4.4,4.9,138.1,1
1699,113,26-35,30,本科,8826.0,5288.8,53.2,6.7,85,2.6,7.0,5.5,6.0,3.4,3.3,1742.79,9
1700,184,26-35,30,硕士,9800.3,1345.7,19.6,8.2,10,4.4,2.3,4.5,9.2,5.9,5.3,118.69,1
1701,183,36-45,40,大专,5858.2,1831.9,11.9,8.4,12,5.7,2.7,5.5,7.1,9.5,5.9,240.44,3
1702,108,18-25,22,高中及以下,3844.0,1369.7,13.4,7.9,24,5.0,2.6,6.5,6.4,5.4,4.9,192.01,2
1703,86,55+,60,大专,3265.6,1851.9,23.6,7.6,41,4.3,2.6,4.9,9.4,5.7,5.3,370.7,5
1704,73,46-55,50,大专,6848.9,2427.2,25.5,7.6,51,4.2,3.1,5.0,10.0,5.9,5.5,709.56,7
1705,186,26-35,30,本科,7327.4,200.0,17.3,9.3,47,5.3,5.1,6.0,10.0,5.0,5.3,238.23,3
1706,156,36-45,40,本科,7076.4,2988.5,24.2,5.6,56,3.9,4.3,7.1,5.6,3.7,4.1,958.89,8
1707,118,55+,60,高中及以下,3204.3,911.0,13.7,10.0,51,5.1,5.3,5.3,5.7,7.3,4.5,465.37,6
1708,20,46-55,50,本科,6288.3,2476.4,29.8,5.2,39,4.3,4.1,3.0,8.7,8.6,5.2,642.68,6
1709,32,26-35,30,博士,14704.5,200.0,6.3,8.8,35,4.5,2.6,6.8,8.1,5.6,5.5,146.42,1
1710,173,36-45,40,硕士,8923.8,1263.1,18.9,7.5,28,6.8,1.6,5.7,9.6,8.5,6.6,208.75,3
1711,187,46-55,50,大专,4820.3,627.4,5.0,10.0,25,6.2,3.0,5.8,8.1,3.4,4.5,137.99,1
1712,165,18-25,22,本科,6730.1,1217.0,9.8,10.0,32,5.8,3.0,7.6,5.9,5.5,5.0,224.25,3
1713,96,36-45,40,本科,6544.7,883.7,21.0,10.0,41,6.4,4.0,3.0,5.8,3.5,2.9,199.56,2
1714,57,46-55,50,硕士,10610.2,1685.0,9.1,7.8,25,6.6,1.0,6.1,7.8,4.3,5.1,108.94,1
1715,31,18-25,22,博士,14980.4,3534.7,34.2,7.5,36,3.1,4.9,9.2,4.5,4.9,4.6,946.03,7
1716,32,26-35,30,大专,4417.0,789.2,13.9,8.0,11,6.4,2.3,7.0,7.4,7.7,6.0,146.42,1
1717,81,36-45,40,大专,6228.8,427.8,18.8,8.9,46,6.2,4.1,7.6,6.8,6.7,5.4,212.11,3
1718,156,36-45,40,高中及以下,5514.8,1788.2,32.2,7.4,49,6.9,4.3,5.1,4.5,2.5,2.8,958.89,8
1719,149,55+,60,大专,3544.7,546.1,18.7,9.0,15,6.3,2.9,4.5,8.2,5.9,4.9,199.73,2
1720,99,46-55,50,大专,4114.6,770.7,15.9,8.0,27,3.8,1.7,4.2,8.4,7.3,5.4,117.38,1
1721,82,46-55,50,本科,9997.6,1791.8,18.0,8.7,36,5.6,4.4,5.0,7.3,7.5,5.0,650.6,7
1722,86,26-35,30,大专,3473.8,1143.3,22.2,7.3,38,5.0,2.4,6.0,8.0,7.7,5.9,370.7,5
1723,164,55+,60,硕士,13860.7,1177.6,23.9,8.6,38,5.9,1.7,5.1,6.8,6.0,4.9,388.92,5
1724,31,46-55,50,硕士,17019.3,1554.6,30.8,8.0,47,3.6,4.4,4.9,6.3,8.6,5.0,946.03,7
1725,31,36-45,40,高中及以下,3997.8,3339.1,35.0,8.0,42,3.4,4.9,9.0,8.5,7.2,6.4,946.03,7
1726,22,46-55,50,大专,4829.2,1082.6,10.9,9.0,33,5.6,1.8,4.1,7.6,5.7,4.7,158.78,1
1727,179,36-45,40,本科,10592.3,5895.9,61.2,7.7,53,4.3,6.1,7.7,8.5,6.0,5.5,1808.04,9
1728,9,36-45,40,大专,3885.7,1008.0,25.6,8.6,26,5.1,3.0,6.4,8.1,5.8,5.4,255.33,4
1729,141,18-25,22,本科,8605.6,1619.6,28.4,5.8,30,6.3,4.9,5.4,5.5,4.3,3.6,548.48,6
1730,106,36-45,40,高中及以下,3788.1,3700.3,33.5,8.0,73,5.1,4.6,5.9,5.4,5.9,4.3,978.66,8
1731,30,46-55,50,本科,5238.8,314.9,9.3,8.9,5,6.2,3.2,4.6,10.0,7.4,5.8,81.31,0
1732,98,18-25,22,大专,5914.2,1780.7,15.8,7.7,23,5.5,3.2,4.5,8.4,3.3,4.2,149.17,1
1733,67,55+,60,高中及以下,2939.6,1763.6,20.4,7.9,46,4.0,2.9,4.1,4.3,4.5,3.3,404.86,5
1734,105,46-55,50,本科,8155.3,1055.4,16.9,7.4,28,7.7,3.2,6.1,7.0,7.7,5.5,222.31,3
1735,179,36-45,40,本科,9415.2,4617.1,48.3,5.1,57,3.0,6.8,6.4,8.0,3.4,4.1,1808.04,9
1736,47,46-55,50,本科,8155.4,2075.8,17.3,8.7,37,5.1,4.3,6.3,6.7,4.9,4.5,427.14,6
1737,67,26-35,30,博士,13448.8,1540.2,27.4,8.8,40,6.4,3.9,5.6,6.5,4.6,4.2,404.86,5
1738,167,36-45,40,本科,8957.8,2926.0,32.5,6.6,52,3.9,2.8,5.3,6.4,5.7,4.6,989.1,8
1739,125,36-45,40,硕士,13991.5,3907.2,46.8,7.6,53,2.2,4.0,6.0,7.8,4.1,4.5,1326.71,8
1740,40,18-25,22,高中及以下,3274.4,1062.9,13.9,10.0,43,4.9,3.7,8.0,10.0,4.5,5.9,310.59,4
1741,179,26-35,30,博士,38347.4,4717.9,52.4,8.1,71,2.5,4.7,9.5,3.8,6.6,5.0,1808.04,9
1742,108,46-55,50,大专,5107.5,1284.2,16.8,10.0,26,5.9,4.0,6.2,8.8,4.8,5.1,192.01,2
1743,184,46-55,50,高中及以下,3132.1,1062.4,13.4,8.4,29,5.5,4.5,2.3,8.1,3.6,3.4,118.69,1
1744,3,46-55,50,高中及以下,3023.7,2021.7,24.4,7.8,54,4.4,5.2,5.4,6.4,3.4,3.6,680.64,7
1745,91,18-25,22,本科,8552.8,975.2,22.0,7.3,38,7.1,3.7,5.1,7.8,2.7,3.9,390.98,5
1746,96,26-35,30,高中及以下,3249.8,1572.1,14.2,9.7,33,4.2,3.9,4.0,8.4,3.1,3.9,199.56,2
1747,71,36-45,40,高中及以下,3713.7,2690.6,23.0,8.4,32,5.6,5.3,4.9,5.8,3.3,3.2,690.93,7
1748,62,18-25,22,本科,7736.3,558.9,9.8,7.5,15,6.7,3.2,8.9,10.0,5.3,6.5,49.09,0
1749,50,26-35,30,本科,7140.3,1041.9,10.0,9.1,56,6.7,2.6,2.8,8.1,5.4,4.3,205.22,3
1750,125,26-35,30,硕士,9139.0,3908.3,42.3,7.0,51,2.3,5.5,5.1,4.9,3.4,3.0,1326.71,8
1751,183,46-55,50,本科,5302.4,1481.0,18.2,7.7,5,7.3,3.6,4.6,6.8,4.5,4.0,240.44,3
1752,154,55+,60,本科,8970.7,1129.1,23.3,7.8,24,5.4,3.0,5.4,6.6,5.5,4.6,198.95,2
1753,65,26-35,30,大专,5030.7,2683.0,26.4,8.3,32,5.3,4.9,7.3,7.1,5.9,5.1,576.08,6
1754,119,36-45,40,本科,9065.0,1583.2,26.5,9.2,33,5.7,5.0,5.8,8.3,7.2,5.4,314.8,4
1755,141,36-45,40,博士,13716.7,1237.4,20.4,10.0,20,6.1,3.9,7.6,8.4,6.7,5.9,548.48,6
1756,113,55+,60,本科,6308.0,5365.4,54.7,7.4,69,4.6,5.3,4.4,4.6,5.8,3.5,1742.79,9
1757,124,55+,60,本科,8286.0,1833.4,20.6,7.5,48,6.4,5.3,5.9,5.8,5.7,4.2,266.9,4
1758,122,36-45,40,本科,7049.3,2001.5,27.3,8.0,28,5.5,2.5,6.5,7.6,6.7,5.6,603.53,6
1759,143,36-45,40,博士,16861.0,200.0,16.6,9.4,33,5.2,2.5,4.4,8.5,7.9,5.6,178.51,2
1760,97,18-25,22,硕士,14099.7,897.0,8.4,8.0,14,7.4,3.1,5.7,9.8,5.1,5.4,192.68,2
1761,150,26-35,30,博士,15282.6,1073.1,17.7,9.2,21,4.4,3.3,6.1,7.8,2.1,4.1,190.66,2
1762,177,36-45,40,大专,3891.9,1964.6,32.0,8.2,40,5.9,4.2,6.4,3.4,5.6,3.8,634.94,6
1763,65,18-25,22,硕士,10087.8,2201.2,24.5,7.9,17,6.0,2.4,5.2,6.0,3.9,4.0,576.08,6
1764,70,18-25,22,本科,10005.3,1313.3,21.2,8.6,21,4.7,3.4,3.9,6.5,6.4,4.3,213.02,3
1765,82,36-45,40,大专,6892.8,1928.3,33.9,6.2,61,4.9,4.1,6.9,6.2,6.8,5.1,650.6,7
1766,48,46-55,50,大专,4488.2,911.9,17.9,7.8,23,6.1,2.4,4.5,8.2,4.6,4.6,209.27,3
1767,189,55+,60,高中及以下,4157.8,885.0,14.0,10.0,23,5.9,5.0,7.0,8.8,4.7,5.1,32.63,0
1768,109,18-25,22,高中及以下,2854.5,932.7,15.7,8.5,53,4.8,3.9,2.8,7.7,3.3,3.4,137.77,1
1769,70,26-35,30,硕士,11441.0,875.0,15.5,7.7,13,5.1,3.9,4.1,6.2,7.0,4.4,213.02,3
1770,125,46-55,50,本科,8963.7,3769.6,41.9,6.3,75,2.7,4.7,4.7,6.4,6.4,4.3,1326.71,8
1771,159,46-55,50,本科,9759.0,1274.2,20.6,6.5,38,7.1,2.7,5.0,6.5,5.5,4.5,286.16,4
1772,73,18-25,22,本科,11586.5,1946.4,37.5,7.6,30,4.1,5.2,6.7,6.5,5.3,4.5,709.56,7
1773,40,26-35,30,大专,3021.9,1212.1,19.8,8.9,40,4.9,3.3,4.0,6.7,6.4,4.4,310.59,4
1774,185,18-25,22,大专,5593.1,1428.2,27.5,9.6,21,6.3,3.5,8.2,7.4,4.0,5.1,303.08,4
1775,197,36-45,40,本科,9873.1,1221.6,24.5,7.9,53,5.2,3.6,6.3,10.0,6.1,5.9,173.08,2
1776,65,36-45,40,高中及以下,3954.3,1890.8,20.3,9.1,32,4.4,4.9,6.6,7.7,4.1,4.6,576.08,6
1777,107,18-25,22,硕士,10941.3,633.1,10.3,9.4,25,4.3,1.5,6.4,9.2,6.6,6.1,176.72,2
1778,3,26-35,30,博士,20786.7,2421.8,23.5,7.2,39,3.7,2.5,6.3,7.4,2.8,4.4,680.64,7
1779,166,26-35,30,本科,6076.9,1327.9,16.8,7.6,17,3.2,2.3,3.1,10.0,4.9,4.8,337.67,5
1780,6,46-55,50,硕士,10839.9,1886.5,17.3,7.1,44,4.7,3.7,6.3,5.2,6.0,4.5,719.97,7
1781,157,55+,60,硕士,10774.6,533.1,18.3,9.1,5,4.8,2.1,6.5,9.2,2.9,5.0,238.37,3
1782,65,26-35,30,高中及以下,4438.7,1709.1,27.6,7.2,42,4.4,4.5,6.1,9.3,5.1,5.2,576.08,6
1783,180,26-35,30,硕士,8482.6,1274.0,17.0,9.5,26,4.9,3.4,4.9,8.9,4.5,4.7,277.46,4
1784,59,46-55,50,博士,17830.3,2510.8,18.5,8.8,60,4.8,2.3,6.7,5.5,5.1,4.6,393.68,5
1785,199,55+,60,高中及以下,2263.6,343.4,9.4,9.2,61,5.6,4.3,3.3,9.4,5.9,4.7,47.32,0
1786,31,26-35,30,本科,7903.7,3375.9,41.4,8.4,75,5.2,6.2,6.5,4.7,6.2,4.1,946.03,7
1787,179,18-25,22,博士,24997.6,4611.5,53.5,5.9,88,2.4,5.7,5.1,5.1,6.3,3.9,1808.04,9
1788,36,46-55,50,本科,7487.3,337.9,12.7,8.9,21,5.8,2.8,3.3,6.0,7.0,4.3,182.89,2
1789,167,46-55,50,高中及以下,3674.0,3151.9,30.9,7.3,68,4.7,3.5,5.9,5.3,8.1,5.0,989.1,8
1790,67,26-35,30,高中及以下,4387.8,2060.0,20.9,9.9,13,4.7,5.0,4.8,6.6,4.9,3.9,404.86,5
1791,100,36-45,40,本科,5770.2,200.0,5.0,8.6,33,3.7,2.0,2.9,6.8,6.9,4.5,36.04,0
1792,113,18-25,22,硕士,13002.9,4812.1,57.8,7.0,99,1.8,5.7,6.5,5.4,6.6,4.5,1742.79,9
1793,179,36-45,40,高中及以下,4188.9,4857.4,51.3,6.7,93,3.7,5.6,8.7,6.3,2.8,4.3,1808.04,9
1794,39,46-55,50,硕士,8934.3,1021.8,9.1,10.0,9,5.0,1.2,7.1,7.4,5.4,5.5,180.7,2
1795,184,26-35,30,大专,3758.7,1263.0,10.8,8.1,5,7.3,2.1,5.9,9.3,5.1,5.5,118.69,1
1796,52,46-55,50,大专,5556.6,487.9,16.6,10.0,27,4.5,2.1,6.0,6.5,4.4,4.5,75.42,0
1797,135,18-25,22,本科,6545.9,1879.1,28.9,6.9,63,4.0,3.8,6.8,5.9,7.6,5.3,699.2,7
1798,145,46-55,50,博士,16255.1,380.0,20.4,7.7,33,4.7,3.8,4.4,9.1,6.3,5.1,324.35,4
1799,167,46-55,50,高中及以下,3354.9,3689.2,31.4,7.5,80,4.9,2.9,5.9,6.7,4.3,4.4,989.1,8
1800,192,18-25,22,大专,3750.5,2342.6,15.9,9.1,34,4.4,4.3,5.0,6.9,6.2,4.6,183.85,2
1801,8,46-55,50,本科,4751.2,995.4,16.9,7.8,18,6.3,1.4,6.8,8.5,5.8,5.8,92.81,0
1802,161,46-55,50,本科,8922.3,1521.0,23.0,7.6,43,3.8,3.5,3.8,5.6,5.6,3.8,326.06,4
1803,82,26-35,30,本科,8349.4,937.1,29.6,8.6,65,5.4,2.5,3.5,8.4,8.3,5.4,650.6,7
1804,144,18-25,22,本科,8513.0,1002.6,23.5,10.0,35,5.9,2.9,3.3,7.4,5.2,4.1,192.46,2
1805,65,55+,60,硕士,9338.7,1737.4,22.3,7.1,19,3.6,4.4,4.5,5.9,7.8,4.6,576.08,6
1806,183,26-35,30,本科,6263.3,200.0,13.2,9.1,51,6.5,2.8,5.1,8.3,3.6,4.5,240.44,3
1807,156,36-45,40,硕士,11717.7,2689.8,33.8,8.4,43,3.9,5.2,7.7,6.1,4.8,4.6,958.89,8
1808,90,26-35,30,硕士,9460.2,782.2,19.3,10.0,24,7.7,1.2,4.0,7.0,7.4,5.1,163.54,2
1809,188,55+,60,高中及以下,2763.0,1259.0,5.8,8.5,5,5.1,2.2,6.8,7.5,6.1,5.5,63.64,0
1810,161,26-35,30,大专,3514.2,1922.6,15.9,8.5,32,5.2,1.8,4.6,9.2,5.1,5.1,326.06,4
1811,148,26-35,30,高中及以下,4005.7,453.8,13.7,6.9,27,7.5,4.5,5.3,7.4,8.3,5.4,250.12,4
1812,167,46-55,50,大专,5300.8,2308.4,38.9,7.2,49,3.5,6.5,7.2,6.2,3.3,3.8,989.1,8
1813,135,18-25,22,本科,8505.7,2546.6,33.6,5.8,42,6.7,1.6,5.3,8.0,5.1,5.0,699.2,7
1814,106,46-55,50,本科,10356.5,3409.8,38.9,8.4,71,3.2,6.0,3.4,7.3,5.5,3.8,978.66,8
1815,66,26-35,30,硕士,14744.2,1261.6,10.0,10.0,38,5.1,2.6,5.1,6.0,4.5,4.1,138.1,1
1816,22,36-45,40,本科,7068.7,1628.0,5.0,8.5,22,5.3,2.3,3.3,6.9,7.6,4.8,158.78,1
1817,89,26-35,30,博士,13936.5,1388.3,20.8,9.5,29,6.5,1.8,4.7,7.3,5.8,4.8,247.96,3
1818,106,26-35,30,本科,7074.2,3319.5,36.5,6.4,51,5.3,5.4,6.8,6.3,7.1,5.0,978.66,8
1819,183,46-55,50,高中及以下,3056.6,1436.8,26.7,8.0,36,5.3,2.2,4.5,8.1,6.5,5.1,240.44,3
1820,125,46-55,50,本科,9386.5,3890.9,37.7,5.6,35,2.2,5.3,5.4,7.0,5.1,4.2,1326.71,8
1821,6,26-35,30,博士,17431.5,2834.7,27.4,9.8,61,4.4,3.0,3.8,6.3,4.6,3.8,719.97,7
1822,3,18-25,22,硕士,15352.8,3076.2,27.1,9.5,71,5.8,4.9,5.9,7.6,5.0,4.6,680.64,7
1823,167,26-35,30,博士,18966.5,2327.9,35.3,7.0,47,3.0,6.5,6.6,6.9,4.6,4.2,989.1,8
1824,124,36-45,40,大专,5759.9,999.7,12.1,7.7,20,5.8,3.2,7.3,9.6,4.6,5.7,266.9,4
1825,119,18-25,22,高中及以下,3661.5,1528.7,17.1,10.0,7,3.9,1.1,4.9,7.5,3.5,4.4,314.8,4
1826,77,46-55,50,高中及以下,3613.1,243.2,19.7,9.5,23,6.8,3.9,4.9,10.0,4.9,5.1,110.06,1
1827,149,55+,60,大专,5666.4,1372.0,16.1,6.3,31,7.2,3.7,7.0,5.7,4.0,4.2,199.73,2
1828,167,46-55,50,硕士,13747.3,2899.6,38.8,7.9,48,5.1,3.3,4.4,5.5,6.0,4.1,989.1,8
1829,179,36-45,40,本科,13879.6,5219.4,60.1,6.3,95,3.2,5.5,6.9,4.0,6.9,4.3,1808.04,9
1830,99,36-45,40,博士,14980.5,706.9,9.7,9.3,35,6.1,2.4,5.9,4.4,5.4,4.1,117.38,1
1831,17,18-25,22,本科,7517.9,1024.1,6.5,9.8,17,6.1,3.3,4.4,6.0,3.3,3.4,203.21,3
1832,175,46-55,50,本科,9881.7,1232.3,16.1,8.6,16,5.5,3.4,7.4,6.0,3.8,4.4,339.4,5
1833,141,26-35,30,大专,5239.1,2073.3,23.8,8.2,38,4.6,3.3,5.8,7.9,5.2,4.9,548.48,6
1834,148,26-35,30,本科,7244.1,1084.9,17.3,9.8,24,5.3,3.4,5.0,7.3,6.4,4.9,250.12,4
1835,183,26-35,30,本科,10947.1,723.9,14.3,9.3,49,6.3,4.5,6.4,6.7,6.9,5.1,240.44,3
1836,54,18-25,22,本科,9840.2,1238.4,15.5,9.0,31,3.7,3.1,4.9,6.9,2.7,3.7,416.13,5
1837,165,36-45,40,高中及以下,2990.7,1235.4,10.3,7.2,25,6.8,5.0,4.6,6.9,2.3,3.2,224.25,3
1838,96,46-55,50,硕士,8744.0,1609.7,15.8,7.9,32,6.3,4.4,5.9,6.8,4.5,4.3,199.56,2
1839,181,46-55,50,大专,4665.4,1269.0,14.9,8.1,5,6.1,2.5,3.2,9.0,4.6,4.4,62.98,0
1840,73,46-55,50,硕士,14175.4,2123.5,35.0,7.9,71,5.9,4.4,2.7,6.8,6.8,4.0,709.56,7
1841,121,18-25,22,高中及以下,2072.0,1448.7,10.3,9.4,45,5.4,2.5,5.4,9.2,5.2,5.3,59.78,0
1842,135,55+,60,硕士,11771.4,2056.4,21.1,7.4,82,3.3,3.3,5.3,6.9,6.7,4.9,699.2,7
1843,6,46-55,50,硕士,13194.6,2047.1,31.4,6.4,67,3.8,3.3,4.1,5.6,4.4,3.6,719.97,7
1844,133,18-25,22,大专,5740.8,690.0,21.7,9.2,31,3.1,3.1,5.1,7.8,6.2,5.0,238.31,3
1845,141,18-25,22,博士,18447.6,1624.8,26.6,8.6,31,5.7,4.6,4.1,7.5,5.3,4.2,548.48,6
1846,167,46-55,50,博士,21475.5,2977.8,27.6,8.1,38,3.3,4.7,5.4,4.5,6.4,4.0,989.1,8
1847,73,55+,60,硕士,12389.5,2926.5,30.5,6.8,35,4.2,3.4,6.2,5.7,7.3,5.0,709.56,7
1848,149,36-45,40,本科,7834.9,1517.4,9.6,10.0,27,4.2,3.0,5.0,7.5,4.6,4.5,199.73,2
1849,167,26-35,30,博士,19776.2,2913.7,38.7,9.1,37,4.2,4.2,5.9,5.9,4.6,4.1,989.1,8
1850,166,46-55,50,硕士,8083.3,1442.0,15.1,7.1,44,3.9,5.0,7.9,6.1,5.4,4.8,337.67,5
1851,56,46-55,50,硕士,9877.5,716.4,5.0,10.0,27,7.1,1.8,5.2,7.7,3.4,4.4,64.12,0
1852,185,36-45,40,高中及以下,3736.2,1149.4,23.2,9.8,27,5.5,4.1,6.3,8.9,3.5,4.8,303.08,4
1853,151,46-55,50,本科,6254.1,1209.1,8.6,10.0,7,4.8,4.5,6.0,6.5,5.3,4.4,209.86,3
1854,141,36-45,40,本科,6740.2,2068.3,15.2,6.0,41,3.9,4.6,6.6,6.9,6.4,5.0,548.48,6
1855,165,26-35,30,硕士,10167.4,1305.3,19.9,9.7,20,5.0,4.6,6.2,6.6,7.0,5.0,224.25,3
1856,161,46-55,50,本科,5798.6,1125.1,21.9,7.0,37,6.6,4.9,5.1,7.7,3.8,4.0,326.06,4
1857,51,36-45,40,大专,4043.8,281.4,12.7,10.0,5,4.8,3.4,3.0,9.8,5.1,4.6,100.98,0
1858,125,36-45,40,高中及以下,3084.9,3820.2,47.3,6.0,67,5.4,5.1,6.9,4.8,8.1,4.9,1326.71,8
1859,166,36-45,40,大专,4778.5,1354.7,16.8,8.6,66,5.4,4.1,5.7,6.5,4.5,4.2,337.67,5
1860,138,36-45,40,本科,10507.4,1222.9,29.8,7.3,39,4.8,2.8,4.1,9.0,9.3,6.0,334.79,4
1861,122,36-45,40,本科,5788.1,1821.1,26.4,7.0,8,4.9,4.6,5.4,9.1,6.1,5.2,603.53,6
1862,65,26-35,30,大专,6831.8,1584.3,22.6,8.0,31,6.2,6.2,4.3,7.1,4.2,3.6,576.08,6
1863,159,26-35,30,本科,7391.1,908.6,13.5,10.0,29,5.5,1.6,5.0,6.9,6.4,5.0,286.16,4
1864,7,26-35,30,本科,5855.0,375.6,21.7,9.6,44,4.0,3.1,5.3,7.5,6.5,5.1,319.72,4
1865,141,55+,60,硕士,12321.0,1918.7,21.6,8.8,38,4.9,3.6,5.2,5.5,5.8,4.2,548.48,6
1866,157,55+,60,高中及以下,3103.5,1093.8,17.5,8.2,17,4.9,4.9,6.8,8.7,5.0,5.2,238.37,3
1867,179,55+,60,高中及以下,3544.1,4587.7,52.5,7.2,102,1.2,5.0,6.2,5.0,8.7,5.0,1808.04,9
1868,154,55+,60,本科,8352.4,749.5,18.0,9.1,22,7.4,3.3,6.2,6.8,5.1,4.7,198.95,2
1869,113,18-25,22,高中及以下,3683.2,4720.9,52.8,6.5,86,1.9,8.1,9.1,5.4,5.3,4.5,1742.79,9
1870,47,26-35,30,本科,7536.2,1384.8,32.9,8.3,52,8.0,3.4,8.2,5.6,4.1,4.6,427.14,6
1871,87,55+,60,硕士,9474.5,356.9,5.4,9.5,60,6.9,3.3,4.3,9.5,6.2,5.2,206.18,3
1872,20,26-35,30,大专,4413.0,1947.7,25.2,7.0,46,4.4,3.9,8.1,7.2,4.7,5.2,642.68,6
1873,98,55+,60,硕士,9003.0,393.2,5.0,7.7,26,6.0,4.6,6.4,8.6,5.7,5.3,149.17,1
1874,32,55+,60,大专,3226.4,255.1,8.7,10.0,38,7.3,2.6,3.8,4.8,6.8,4.0,146.42,1
1875,34,55+,60,本科,8218.3,1158.9,23.4,8.2,19,5.3,2.6,5.0,6.8,3.9,4.1,337.83,5
1876,47,36-45,40,大专,6488.9,1911.3,18.8,8.0,37,3.8,4.1,5.6,9.5,4.7,5.1,427.14,6
1877,144,36-45,40,高中及以下,3163.2,1265.5,6.0,9.2,33,6.2,3.7,4.4,6.8,4.1,3.8,192.46,2
1878,67,55+,60,本科,9628.4,1183.4,13.7,8.3,46,3.7,5.2,2.1,6.2,2.6,2.4,404.86,5
1879,140,36-45,40,本科,6103.1,539.8,13.0,8.7,6,5.2,1.9,5.5,8.4,5.4,5.2,186.32,2
1880,162,55+,60,大专,5750.5,2091.5,17.2,7.5,46,5.0,3.1,4.3,7.5,4.7,4.3,472.76,6
1881,185,36-45,40,高中及以下,4235.2,545.0,20.0,10.0,34,4.9,3.8,3.7,6.6,6.9,4.4,303.08,4
1882,17,36-45,40,大专,5301.8,1480.8,6.3,9.3,50,6.0,2.9,4.0,5.6,5.2,3.8,203.21,3
1883,3,26-35,30,大专,5432.6,1828.1,31.4,8.8,45,5.6,4.9,7.1,7.3,3.6,4.4,680.64,7
1884,93,26-35,30,硕士,9666.0,1536.3,13.1,8.2,47,7.0,3.1,6.3,7.8,5.2,5.1,106.95,0
1885,34,18-25,22,大专,3981.5,1236.2,22.9,10.0,5,6.4,2.1,2.5,5.8,6.5,3.9,337.83,5
1886,55,26-35,30,高中及以下,2717.3,1258.9,24.4,10.0,16,7.1,2.4,3.2,7.7,7.3,4.9,376.64,5
1887,189,26-35,30,本科,6260.4,521.0,15.6,9.6,32,6.5,3.2,4.7,8.9,6.3,5.2,32.63,0
1888,198,36-45,40,高中及以下,2558.3,814.6,5.0,7.1,27,5.3,3.1,3.9,9.8,4.7,4.8,157.31,1
1889,194,26-35,30,博士,9756.4,260.0,12.6,6.7,5,7.4,3.0,3.3,6.9,5.8,4.1,176.48,2
1890,179,26-35,30,本科,7654.1,4902.3,54.5,5.9,72,1.9,4.6,6.8,5.8,5.2,4.4,1808.04,9
1891,193,26-35,30,本科,9206.7,200.0,9.6,9.7,42,5.0,4.1,6.3,6.6,5.7,4.7,42.7,0
1892,42,26-35,30,高中及以下,2626.6,999.4,12.0,8.2,28,6.2,1.6,3.3,7.3,3.7,3.9,132.2,1
1893,4,26-35,30,本科,10501.3,1234.1,9.7,9.5,44,7.4,3.4,5.5,7.8,5.4,4.9,117.43,1
1894,73,18-25,22,博士,17296.1,2724.6,20.6,8.8,45,6.6,4.5,6.7,5.1,4.9,4.1,709.56,7
1895,120,26-35,30,硕士,14434.0,1831.0,20.2,7.9,21,5.7,2.4,5.0,5.1,6.0,4.3,327.35,4
1896,106,26-35,30,高中及以下,2268.6,2955.0,42.6,6.4,40,4.9,5.6,6.7,7.1,6.6,5.0,978.66,8
1897,196,55+,60,本科,7172.7,622.1,13.6,8.2,9,6.1,4.3,4.9,9.0,4.9,4.8,61.32,0
1898,48,18-25,22,本科,6973.0,849.7,18.9,8.2,35,6.7,3.7,6.1,7.2,8.1,5.6,209.27,3
1899,50,18-25,22,大专,4992.0,1507.0,7.8,7.1,5,5.1,3.3,3.0,7.1,6.1,4.2,205.22,3
1900,166,46-55,50,高中及以下,4167.3,1303.1,13.8,9.7,36,4.3,2.6,5.3,5.7,5.4,4.3,337.67,5
1901,91,26-35,30,本科,8168.3,1520.2,24.4,6.8,33,5.5,2.9,7.9,5.8,5.7,5.1,390.98,5
1902,104,46-55,50,高中及以下,2876.7,200.0,9.2,9.3,35,5.9,1.6,2.8,8.4,4.3,4.2,126.31,1
1903,139,26-35,30,本科,6055.2,889.5,14.3,9.4,14,5.0,3.8,3.0,6.8,7.0,4.3,43.34,0
1904,174,26-35,30,博士,14998.0,1581.4,13.6,7.5,13,6.5,1.9,4.7,7.8,5.9,5.0,195.72,2
1905,199,46-55,50,高中及以下,2734.2,631.0,8.5,9.8,36,5.7,4.1,5.3,8.2,2.7,4.0,47.32,0
1906,195,36-45,40,大专,5998.6,1533.1,11.3,8.4,53,6.6,1.6,4.9,9.7,5.3,5.5,218.18,3
1907,172,18-25,22,高中及以下,3972.2,497.2,20.7,6.9,30,5.4,2.4,2.2,6.9,4.7,3.6,137.4,1
1908,34,26-35,30,大专,4280.4,1390.3,18.0,7.6,46,6.2,2.5,6.2,5.0,6.1,4.6,337.83,5
1909,31,46-55,50,博士,13670.1,2173.0,26.1,8.0,38,3.4,4.2,4.6,6.5,3.3,3.5,946.03,7
1910,151,36-45,40,博士,19193.9,833.6,21.6,10.0,18,5.4,3.5,4.9,7.0,6.1,4.6,209.86,3
1911,119,55+,60,大专,3429.9,1584.7,20.8,8.5,44,6.4,3.9,6.6,9.0,6.0,5.6,314.8,4
1912,166,55+,60,高中及以下,3679.3,1177.4,17.7,8.1,5,4.7,3.1,5.9,6.5,6.3,4.9,337.67,5
1913,40,46-55,50,高中及以下,4662.5,884.5,11.7,8.8,45,5.4,3.3,4.6,6.2,5.3,4.1,310.59,4
1914,180,46-55,50,硕士,9055.6,652.5,20.8,10.0,10,4.7,4.3,4.2,6.7,6.9,4.5,277.46,4
1915,3,26-35,30,本科,8079.5,1969.2,31.0,7.9,18,5.5,3.4,6.4,5.7,4.4,4.2,680.64,7
1916,47,18-25,22,高中及以下,4005.4,1180.9,20.5,8.0,58,5.2,3.6,6.0,8.9,7.1,5.8,427.14,6
1917,109,55+,60,高中及以下,3068.2,273.8,9.6,9.0,34,4.9,1.7,5.7,6.7,4.1,4.5,137.77,1
1918,187,46-55,50,本科,9669.4,307.2,15.4,10.0,16,6.1,3.6,5.3,6.7,4.9,4.3,137.99,1
1919,172,36-45,40,大专,5313.3,704.3,14.2,9.2,5,6.4,1.9,5.5,7.3,4.1,4.6,137.4,1
1920,141,55+,60,高中及以下,3746.1,1910.3,24.2,7.1,38,5.4,2.8,4.9,7.1,9.2,5.7,548.48,6
1921,162,55+,60,高中及以下,4665.0,1016.7,30.0,7.9,48,5.1,3.5,3.8,9.3,3.0,4.1,472.76,6
1922,71,36-45,40,本科,8421.1,1664.3,30.2,9.7,48,5.1,1.9,5.3,7.6,5.9,5.1,690.93,7
1923,141,26-35,30,硕士,12477.7,2514.7,26.4,8.0,21,5.4,4.0,8.1,7.2,1.5,4.2,548.48,6
1924,173,46-55,50,本科,5518.4,939.8,15.3,7.2,18,5.2,4.0,5.3,6.9,4.7,4.3,208.75,3
1925,138,46-55,50,博士,16148.4,458.1,18.9,8.2,35,6.6,3.7,7.4,10.0,5.8,6.1,334.79,4
1926,170,46-55,50,硕士,8608.5,1109.6,8.1,8.0,5,4.5,1.7,4.5,7.8,3.6,4.3,60.98,0
1927,156,26-35,30,大专,6062.1,3119.3,38.1,6.9,54,3.9,3.7,4.9,4.1,6.0,3.8,958.89,8
1928,78,36-45,40,高中及以下,3067.4,866.0,21.4,7.9,26,6.9,2.7,5.6,7.6,5.7,5.0,162.68,1
1929,139,26-35,30,本科,6501.9,751.1,6.9,8.7,5,5.4,4.4,2.9,9.1,5.3,4.3,43.34,0
1930,109,55+,60,本科,5438.7,818.8,12.7,7.8,22,4.7,1.6,7.2,5.3,4.6,4.7,137.77,1
1931,179,36-45,40,本科,9154.5,4195.1,47.1,6.5,81,2.0,6.6,6.2,5.6,4.6,3.7,1808.04,9
1932,32,55+,60,本科,7195.3,915.8,16.1,9.0,21,6.2,2.1,4.6,8.7,6.8,5.4,146.42,1
1933,180,55+,60,本科,4687.9,1689.4,16.6,9.5,5,4.8,3.6,4.4,8.1,7.1,5.1,277.46,4
1934,97,46-55,50,大专,3368.4,1327.5,10.0,8.1,5,6.6,3.6,3.5,8.8,7.4,5.1,192.68,2
1935,105,36-45,40,本科,7657.5,856.3,6.2,5.5,50,3.8,2.6,3.7,4.1,7.2,3.9,222.31,3
1936,162,36-45,40,高中及以下,2646.3,1748.4,26.4,7.2,17,4.3,4.1,5.4,10.0,5.0,5.2,472.76,6
1937,73,36-45,40,大专,6313.6,1939.2,19.5,8.6,60,3.7,3.5,6.5,8.6,8.2,6.2,709.56,7
1938,31,18-25,22,硕士,13469.3,2721.3,35.9,9.3,57,2.7,5.8,5.4,6.4,4.4,3.8,946.03,7
1939,167,36-45,40,博士,18029.5,3687.5,28.2,7.4,74,3.8,6.8,8.4,8.1,5.3,5.3,989.1,8
1940,125,26-35,30,硕士,13736.2,3714.6,51.3,7.3,85,3.5,4.7,3.3,7.5,7.2,4.5,1326.71,8
1941,183,36-45,40,高中及以下,3429.5,775.6,20.2,9.2,37,7.1,3.6,5.1,7.5,2.8,3.9,240.44,3
1942,176,46-55,50,本科,9348.0,200.0,12.1,9.0,23,5.7,2.9,4.4,7.0,4.9,4.2,150.36,1
1943,20,36-45,40,本科,8069.0,2735.9,27.9,8.0,30,6.6,5.6,5.7,4.5,6.7,4.0,642.68,6
1944,159,55+,60,高中及以下,2988.7,2086.5,21.9,8.0,44,4.8,4.2,7.8,9.3,4.8,5.7,286.16,4
1945,68,26-35,30,本科,9512.3,534.3,17.9,8.6,14,4.7,2.6,7.2,7.3,8.5,6.2,213.07,3
1946,124,36-45,40,本科,5997.2,202.6,13.9,9.3,27,5.4,1.6,3.8,6.7,5.2,4.3,266.9,4
1947,82,26-35,30,本科,7697.8,1685.1,25.5,7.7,29,5.5,2.9,5.7,8.9,7.2,5.8,650.6,7
1948,166,26-35,30,本科,7182.7,1312.4,19.2,8.6,34,4.2,4.5,5.1,6.1,4.7,3.9,337.67,5
1949,178,26-35,30,本科,5338.3,485.3,23.9,7.2,13,4.9,3.8,5.2,10.0,7.4,5.9,113.9,1
1950,101,55+,60,本科,10783.5,1078.7,19.0,6.9,39,6.6,4.4,8.9,7.4,3.9,5.1,97.45,0
1951,59,36-45,40,高中及以下,2687.2,1390.1,10.9,9.2,39,4.7,3.3,6.2,7.5,4.2,4.6,393.68,5
1952,80,36-45,40,博士,13213.9,602.7,7.2,8.8,36,7.0,2.3,6.1,6.0,5.6,4.7,119.14,1
1953,58,26-35,30,本科,8303.7,1744.2,18.3,6.7,20,6.1,1.6,6.3,6.9,4.9,4.9,206.7,3
1954,143,26-35,30,本科,6767.7,684.1,13.5,9.6,29,6.6,1.6,6.1,7.5,3.0,4.5,178.51,2
1955,59,36-45,40,本科,8909.5,1256.8,19.9,8.7,39,5.4,4.7,7.3,7.4,5.1,5.0,393.68,5
1956,179,36-45,40,本科,13206.5,5321.3,46.9,6.2,84,2.8,6.1,5.6,5.4,6.3,4.1,1808.04,9
1957,53,26-35,30,硕士,11239.2,513.1,9.5,8.4,5,5.5,3.7,6.6,5.8,5.8,4.7,273.6,4
1958,6,26-35,30,博士,14933.4,2237.0,33.2,8.7,44,6.6,3.4,4.6,7.1,5.3,4.4,719.97,7
1959,176,46-55,50,硕士,13547.0,725.4,9.8,9.2,35,5.4,2.1,5.0,8.3,4.5,4.8,150.36,1
1960,82,46-55,50,本科,8097.5,1924.6,29.7,7.3,10,3.8,5.3,5.5,8.7,3.0,4.2,650.6,7
1961,53,46-55,50,高中及以下,4833.8,1607.8,14.5,7.1,5,6.5,2.7,5.1,7.4,3.0,4.0,273.6,4
1962,125,46-55,50,本科,10013.0,5311.3,35.0,6.6,87,4.0,5.8,7.5,4.9,5.6,4.3,1326.71,8
1963,176,26-35,30,本科,8041.7,963.9,19.7,10.0,10,6.2,2.6,7.0,8.4,5.0,5.5,150.36,1
1964,85,36-45,40,高中及以下,2516.2,1885.7,6.1,10.0,38,4.3,2.8,4.1,6.5,6.5,4.5,89.86,0
1965,36,18-25,22,本科,4663.8,1085.3,15.4,9.3,39,6.2,3.4,6.2,9.0,6.4,5.7,182.89,2
1966,143,36-45,40,高中及以下,4373.2,1364.6,21.0,8.4,18,5.9,2.4,6.8,4.7,5.1,4.4,178.51,2
1967,113,26-35,30,博士,25476.8,4749.3,54.0,7.1,71,2.5,4.9,8.2,2.3,4.6,3.6,1742.79,9
1968,125,26-35,30,本科,14961.5,3744.6,41.7,6.7,103,2.3,4.7,4.8,4.8,8.2,4.4,1326.71,8
1969,118,46-55,50,本科,10249.3,2044.5,32.1,8.7,31,5.3,4.0,3.9,5.7,4.0,3.3,465.37,6
1970,64,26-35,30,高中及以下,5200.6,1354.2,20.3,8.5,36,3.6,3.5,4.5,10.0,6.3,5.4,334.46,4
1971,179,36-45,40,硕士,13636.2,5381.7,57.5,6.2,58,2.8,6.2,6.5,2.6,6.0,3.4,1808.04,9
1972,135,26-35,30,高中及以下,4196.9,1697.2,25.4,7.5,47,6.3,4.6,4.6,5.0,6.1,3.8,699.2,7
1973,118,46-55,50,博士,17814.0,1450.5,27.4,6.9,38,6.4,5.2,5.3,8.3,3.5,4.1,465.37,6
1974,73,26-35,30,大专,5190.0,2291.9,25.8,9.5,55,4.2,3.5,6.9,10.0,5.5,5.9,709.56,7
1975,89,18-25,22,高中及以下,3830.5,1308.6,18.5,7.7,30,3.8,3.4,3.9,7.1,4.6,4.0,247.96,3
1976,118,26-35,30,硕士,12731.3,1809.1,26.7,8.5,33,6.3,4.0,6.6,7.8,3.6,4.6,465.37,6
1977,97,55+,60,大专,5790.4,200.0,16.0,8.7,34,4.2,3.4,4.4,5.1,4.7,3.6,192.68,2
1978,125,26-35,30,高中及以下,4169.7,3995.9,51.0,7.5,66,1.3,6.0,4.6,5.2,4.2,3.1,1326.71,8
1979,177,26-35,30,高中及以下,2625.0,1941.0,28.1,8.4,37,5.0,4.4,6.4,8.6,4.9,5.1,634.94,6
1980,166,36-45,40,高中及以下,3575.2,457.1,18.3,9.7,35,6.3,3.5,3.4,8.3,6.2,4.6,337.67,5
1981,55,26-35,30,本科,6629.8,1956.8,18.4,7.6,34,4.6,3.1,6.5,6.6,4.3,4.5,376.64,5
1982,82,26-35,30,本科,8607.4,1797.4,31.0,9.1,38,3.7,3.2,7.1,5.6,4.7,4.5,650.6,7
1983,189,26-35,30,高中及以下,2380.6,749.5,7.2,9.4,29,6.2,4.1,4.1,6.3,5.8,4.0,32.63,0
1984,67,46-55,50,本科,6779.8,1468.5,17.8,9.3,5,3.9,3.9,4.5,4.8,7.1,4.1,404.86,5
1985,42,26-35,30,高中及以下,3428.6,394.5,5.0,8.1,31,5.4,2.9,3.4,7.6,8.8,5.2,132.2,1
1986,97,18-25,22,博士,17368.1,1304.8,9.3,9.2,36,7.5,2.7,6.0,8.5,5.0,5.2,192.68,2
1987,179,46-55,50,本科,9385.1,5728.5,53.0,4.2,69,2.7,5.3,4.5,6.1,6.2,4.0,1808.04,9
1988,127,36-45,40,硕士,9463.6,1834.8,12.7,8.0,14,4.3,3.1,2.4,7.8,4.3,3.7,84.24,0
1989,141,36-45,40,高中及以下,2699.3,931.1,24.5,6.6,43,5.7,1.8,5.8,7.5,5.7,5.2,548.48,6
1990,59,26-35,30,大专,4645.9,1887.6,23.0,8.1,24,7.0,2.8,5.8,8.2,4.6,4.9,393.68,5
1991,32,26-35,30,硕士,10404.7,294.1,9.9,8.8,19,4.0,3.0,6.2,8.8,3.9,5.0,146.42,1
1992,196,46-55,50,大专,6451.8,357.4,15.5,8.8,19,7.3,3.3,5.4,8.8,5.1,5.0,61.32,0
1993,67,36-45,40,硕士,11352.7,1444.6,23.3,8.3,37,6.4,3.2,6.1,9.2,5.5,5.5,404.86,5
1994,147,36-45,40,高中及以下,3574.0,200.0,25.6,7.7,5,6.2,1.0,6.6,8.4,6.5,6.0,39.63,0
1995,140,26-35,30,大专,4765.6,951.4,14.0,9.1,33,7.6,2.5,3.7,7.5,7.7,5.0,186.32,2
1996,30,46-55,50,大专,4837.4,304.0,6.6,10.0,16,5.0,2.4,3.7,6.5,7.3,4.7,81.31,0
1997,122,26-35,30,高中及以下,5026.0,2791.7,26.1,8.9,29,5.4,3.6,8.9,7.3,7.9,6.4,603.53,6
1998,24,46-55,50,本科,6338.9,463.4,14.1,9.9,22,5.2,2.7,5.9,6.1,5.0,4.5,86.11,0
1999,86,46-55,50,本科,5664.7,1520.0,18.5,7.2,55,5.0,2.3,2.9,6.6,5.0,3.8,370.7,5
2000,113,36-45,40,硕士,26635.2,5137.3,59.4,5.9,107,3.5,8.1,5.9,6.3,1.3,2.7,1742.79,9
2001,161,46-55,50,大专,6133.4,1582.8,21.6,7.1,40,4.3,2.7,5.8,7.8,6.2,5.3,326.06,4
2002,21,26-35,30,博士,18875.5,1082.5,17.1,7.3,25,4.6,1.5,7.1,9.7,5.8,6.2,118.42,1
2003,180,26-35,30,大专,4991.2,1440.9,19.1,8.9,26,6.1,2.0,3.5,7.3,7.7,5.0,277.46,4
2004,17,46-55,50,高中及以下,2181.9,1031.3,17.9,8.7,12,3.4,1.8,4.9,7.9,7.7,5.6,203.21,3
2005,75,18-25,22,本科,7299.3,736.9,16.8,10.0,32,4.8,3.2,4.2,8.3,5.2,4.6,337.61,5
2006,106,46-55,50,本科,7614.1,3460.3,31.1,5.0,32,4.5,2.7,5.7,9.5,4.2,5.2,978.66,8
2007,75,26-35,30,大专,4741.8,1010.2,23.7,7.2,47,6.0,4.2,5.6,5.1,4.4,3.7,337.61,5
2008,20,55+,60,高中及以下,4034.1,2386.2,29.7,7.6,39,4.8,3.3,5.5,6.7,5.5,4.6,642.68,6
2009,113,55+,60,博士,17071.4,3913.6,53.3,5.1,94,1.9,6.4,8.0,6.9,7.7,5.5,1742.79,9
2010,59,36-45,40,本科,9591.5,1998.8,21.6,8.9,41,5.2,4.9,5.6,7.7,5.9,4.8,393.68,5
2011,137,18-25,22,硕士,13566.6,1099.6,11.6,9.6,8,4.8,4.1,4.6,6.2,4.5,3.8,107.55,1
2012,181,46-55,50,本科,8167.1,705.6,14.5,8.6,25,4.8,3.3,4.3,7.0,5.5,4.3,62.98,0
2013,129,18-25,22,本科,6289.9,1040.3,22.9,8.1,16,3.7,2.8,5.5,10.0,6.5,5.9,89.7,0
2014,31,18-25,22,本科,7026.6,2779.4,34.0,6.1,39,3.8,6.2,8.4,5.2,3.1,3.9,946.03,7
2015,91,26-35,30,本科,5554.5,500.0,21.9,7.2,32,5.9,2.8,5.1,7.5,6.4,5.0,390.98,5
2016,31,46-55,50,高中及以下,4453.2,2902.3,38.1,8.1,54,5.3,5.1,5.2,4.8,6.0,3.8,946.03,7
2017,105,26-35,30,博士,12760.0,525.7,12.6,6.3,5,5.7,1.9,8.2,7.6,8.0,6.5,222.31,3
2018,184,55+,60,大专,5178.7,652.4,8.7,9.2,12,5.0,2.2,5.9,6.0,4.5,4.4,118.69,1
2019,69,26-35,30,大专,3015.7,680.1,17.4,7.6,5,4.9,2.7,5.9,7.0,3.2,4.2,77.86,0
2020,12,46-55,50,高中及以下,3389.1,1207.6,11.2,9.5,21,5.1,2.0,8.4,7.6,3.3,5.2,189.04,2
2021,106,26-35,30,博士,18364.9,3724.3,32.3,7.9,67,2.4,6.5,5.6,2.2,5.7,2.9,978.66,8
2022,177,26-35,30,硕士,13162.4,2669.2,27.9,7.8,36,3.8,3.1,7.7,10.0,6.0,6.3,634.94,6
2023,31,26-35,30,硕士,11669.6,3234.2,27.5,8.7,49,3.3,3.8,5.4,7.5,6.3,4.9,946.03,7
2024,154,26-35,30,高中及以下,3061.3,468.5,6.8,10.0,17,7.1,3.7,6.2,4.4,4.7,3.8,198.95,2
2025,90,55+,60,硕士,10009.1,1059.3,10.1,9.8,31,5.5,2.5,4.7,9.7,4.0,4.9,163.54,2
2026,103,46-55,50,硕士,12148.6,200.0,20.2,10.0,13,6.0,2.6,3.7,7.0,5.4,4.2,66.53,0
2027,156,26-35,30,硕士,13396.1,2584.1,32.7,7.0,54,4.6,3.0,5.3,5.5,6.4,4.5,958.89,8
2028,191,55+,60,高中及以下,2957.4,1512.7,26.6,9.4,15,6.2,2.9,5.1,5.8,6.9,4.7,349.46,5
2029,67,18-25,22,高中及以下,2652.2,1139.4,13.2,7.6,5,5.6,4.5,4.5,6.1,8.0,4.7,404.86,5
2030,88,18-25,22,大专,4485.3,1628.9,10.8,10.0,23,6.5,4.6,4.4,7.7,3.0,3.7,87.38,0
2031,8,46-55,50,高中及以下,3318.5,776.0,14.7,7.9,26,6.1,2.7,3.0,7.5,8.0,4.9,92.81,0
2032,76,26-35,30,大专,4474.2,952.8,8.6,8.7,18,6.1,3.5,6.4,9.8,5.0,5.6,161.91,1
2033,55,46-55,50,本科,9524.6,1718.9,9.1,8.0,26,6.3,3.6,4.8,8.5,3.9,4.4,376.64,5
2034,156,46-55,50,本科,12184.3,2366.3,40.7,7.4,41,3.6,3.3,4.0,6.6,8.9,5.1,958.89,8
2035,141,55+,60,本科,10141.5,1469.7,22.1,8.3,18,4.0,3.9,5.8,6.8,7.4,5.2,548.48,6
2036,73,26-35,30,本科,8428.1,1810.4,23.4,8.7,62,3.8,3.5,5.0,5.8,3.7,3.6,709.56,7
2037,128,55+,60,硕士,12484.5,1199.0,12.7,9.7,16,6.6,2.9,5.9,8.3,6.1,5.4,163.96,2
2038,167,18-25,22,博士,23882.6,3100.5,34.3,7.5,32,2.9,5.8,6.6,6.2,4.9,4.2,989.1,8
2039,168,46-55,50,大专,5492.0,628.6,5.0,7.7,9,4.8,2.9,4.0,9.7,7.5,5.6,116.12,1
2040,162,26-35,30,大专,6303.1,1751.7,20.9,7.7,62,5.3,4.3,4.6,6.1,5.8,4.1,472.76,6
2041,76,18-25,22,本科,9136.2,1475.4,21.0,9.3,5,5.2,3.0,6.6,7.4,3.2,4.5,161.91,1
2042,106,26-35,30,硕士,13755.6,2730.2,36.3,6.8,54,5.0,4.9,5.6,5.7,6.0,4.2,978.66,8
2043,134,46-55,50,高中及以下,2838.0,208.5,10.9,7.7,46,6.0,1.9,5.0,8.5,4.1,4.8,59.18,0
2044,82,36-45,40,硕士,9815.7,2521.0,24.8,8.6,32,4.5,4.4,7.0,8.5,4.8,5.2,650.6,7
2045,135,18-25,22,硕士,10349.7,2296.3,33.4,8.3,54,5.5,2.6,5.1,8.2,5.3,4.9,699.2,7
2046,160,36-45,40,高中及以下,6512.5,978.3,11.2,8.0,34,6.3,2.9,3.8,7.8,5.5,4.5,56.0,0
2047,20,18-25,22,本科,7115.6,2875.8,19.6,9.0,17,3.2,2.7,1.7,6.2,8.1,4.2,642.68,6
2048,87,26-35,30,高中及以下,2492.3,1447.2,11.4,8.6,40,5.8,3.0,3.4,7.3,6.7,4.5,206.18,3
2049,125,26-35,30,本科,10258.4,4198.0,42.6,7.4,80,3.4,4.6,8.1,8.5,4.8,5.5,1326.71,8
2050,90,36-45,40,高中及以下,2415.2,1137.2,8.8,10.0,10,7.0,2.0,2.8,6.5,4.9,3.8,163.54,2
2051,124,55+,60,硕士,9706.6,1477.5,9.6,9.4,22,4.9,2.4,6.3,6.4,7.0,5.3,266.9,4
2052,118,18-25,22,本科,9187.3,1367.1,20.9,9.2,24,6.5,4.2,7.3,8.6,5.3,5.5,465.37,6
2053,179,18-25,22,博士,21268.3,5264.2,58.9,7.0,74,2.8,5.5,5.9,4.1,5.8,3.7,1808.04,9
2054,113,46-55,50,高中及以下,6698.0,5581.9,53.5,7.5,92,3.0,7.7,7.0,3.8,6.4,3.8,1742.79,9
2055,173,18-25,22,硕士,8244.0,1503.2,21.3,9.9,27,5.5,1.6,3.0,7.4,8.0,5.0,208.75,3
2056,24,55+,60,高中及以下,3671.3,467.8,10.1,8.7,29,5.8,1.7,6.3,6.7,7.2,5.5,86.11,0
2057,125,46-55,50,硕士,12133.3,3735.4,36.4,6.1,85,2.8,5.3,5.8,7.5,5.5,4.6,1326.71,8
2058,99,55+,60,高中及以下,4087.6,1665.1,15.0,10.0,34,4.7,3.6,5.7,7.9,3.0,4.2,117.38,1
2059,162,26-35,30,高中及以下,2548.6,1393.6,20.0,9.2,45,4.1,3.7,5.0,5.3,4.1,3.6,472.76,6
2060,109,46-55,50,大专,4786.7,200.0,11.4,8.8,10,6.7,2.7,5.2,10.0,6.3,5.8,137.77,1
2061,156,36-45,40,高中及以下,2876.9,3303.7,29.2,6.3,42,4.5,3.5,3.9,6.1,3.4,3.3,958.89,8
2062,65,26-35,30,本科,7740.3,2166.5,15.3,8.8,27,4.9,1.0,7.4,4.6,7.1,5.3,576.08,6
2063,125,26-35,30,本科,7755.8,2978.5,42.1,8.9,42,1.1,6.5,7.5,5.4,4.5,4.0,1326.71,8
2064,5,46-55,50,高中及以下,4597.4,973.0,13.5,8.7,39,6.2,3.5,3.3,7.0,5.6,4.0,117.43,1
2065,31,26-35,30,高中及以下,3365.4,3841.2,30.6,7.7,68,4.8,3.7,4.3,5.5,6.7,4.2,946.03,7
2066,156,18-25,22,高中及以下,3376.4,2551.6,35.8,7.9,34,3.6,3.3,5.4,7.1,6.0,4.8,958.89,8
2067,3,36-45,40,硕士,9572.1,2115.0,24.3,8.5,37,3.2,3.6,6.8,6.8,5.0,4.8,680.64,7
2068,0,46-55,50,大专,5656.1,200.0,15.3,9.7,13,2.7,1.2,4.9,8.4,7.2,5.7,243.89,3
2069,183,18-25,22,本科,8830.6,1082.0,13.2,8.6,46,5.8,4.2,3.9,6.9,3.4,3.5,240.44,3
2070,29,26-35,30,高中及以下,3218.9,228.7,7.4,9.2,22,5.4,3.0,3.2,8.0,5.2,4.3,110.86,1
2071,56,18-25,22,本科,7875.6,849.8,17.9,10.0,24,4.1,3.4,2.2,7.1,7.2,4.2,64.12,0
2072,53,26-35,30,大专,7618.7,1956.8,9.6,7.9,9,5.3,4.7,8.9,6.0,5.5,5.2,273.6,4
2073,112,18-25,22,高中及以下,2503.2,200.0,5.0,9.1,37,6.6,3.1,4.6,7.2,4.3,4.2,157.63,1
2074,191,46-55,50,大专,4848.7,2148.9,27.0,7.0,27,4.8,2.3,4.0,7.5,5.5,4.5,349.46,5
2075,12,26-35,30,高中及以下,2107.0,1961.4,14.2,7.4,5,4.4,2.3,3.8,5.7,6.3,4.2,189.04,2
2076,177,26-35,30,高中及以下,3407.4,1001.1,20.9,8.0,50,2.1,2.3,6.1,6.5,8.6,5.7,634.94,6
2077,121,36-45,40,本科,11165.0,401.0,10.1,8.4,34,5.0,2.0,4.7,9.6,8.7,6.3,59.78,0
2078,138,46-55,50,硕士,15148.3,912.5,27.5,9.8,31,3.8,4.5,6.6,7.7,6.8,5.4,334.79,4
2079,161,46-55,50,本科,8452.9,1705.1,9.6,8.3,43,4.9,4.4,4.6,7.7,7.6,5.1,326.06,4
2080,175,46-55,50,硕士,10601.0,1342.5,22.5,9.6,10,4.7,2.9,5.8,9.0,2.3,4.5,339.4,5
2081,175,18-25,22,大专,4797.8,883.6,8.1,8.9,46,5.0,3.9,5.8,7.8,6.0,5.0,339.4,5
2082,153,26-35,30,硕士,11332.1,693.6,16.7,9.3,23,6.6,2.2,7.1,7.0,4.3,4.9,187.21,2
2083,78,18-25,22,高中及以下,2341.4,995.6,14.4,9.3,14,7.4,3.5,3.3,5.8,4.6,3.4,162.68,1
2084,165,46-55,50,本科,5676.9,1267.3,19.0,7.7,25,5.9,2.8,3.9,6.2,3.8,3.6,224.25,3
2085,71,36-45,40,博士,12928.9,2143.3,30.6,9.0,19,5.1,4.7,5.7,7.6,3.1,4.0,690.93,7
2086,134,46-55,50,高中及以下,4004.4,1215.7,6.6,8.6,20,5.7,3.0,8.8,5.4,8.5,6.1,59.18,0
2087,107,36-45,40,高中及以下,3902.7,1435.2,10.0,8.6,45,6.3,3.5,5.4,3.3,5.9,3.7,176.72,2
2088,179,26-35,30,博士,21966.8,4880.4,55.5,6.5,79,3.7,6.9,7.0,4.6,3.8,3.4,1808.04,9
2089,6,26-35,30,硕士,11441.0,2579.6,26.2,8.2,25,3.7,5.7,5.6,9.9,5.3,5.1,719.97,7
2090,82,18-25,22,大专,6337.3,1117.6,28.6,8.5,29,3.4,4.0,7.9,9.3,7.2,6.4,650.6,7
2091,0,36-45,40,本科,8913.9,1354.7,25.8,8.2,28,5.7,3.8,2.3,6.5,3.1,2.9,243.89,3
2092,70,18-25,22,本科,7697.8,200.0,16.0,9.2,19,6.5,3.2,6.8,5.3,5.0,4.4,213.02,3
2093,6,26-35,30,大专,5221.8,1994.0,29.7,7.1,38,3.5,3.9,4.1,6.4,4.9,3.8,719.97,7
2094,31,36-45,40,高中及以下,2482.1,2818.3,31.7,5.9,46,2.2,5.9,5.2,5.4,5.4,3.7,946.03,7
2095,54,46-55,50,博士,19601.8,763.3,17.5,7.6,34,4.6,3.2,4.5,9.6,5.2,5.1,416.13,5
2096,64,55+,60,本科,10478.1,995.9,9.0,8.3,52,7.0,2.0,3.8,4.4,5.9,3.7,334.46,4
2097,15,26-35,30,大专,3950.2,278.1,19.5,7.4,5,5.1,3.0,5.3,6.9,5.2,4.5,84.58,0
2098,179,26-35,30,大专,8402.2,5320.2,57.3,7.3,94,1.9,7.0,9.2,5.6,5.5,4.8,1808.04,9
2099,40,26-35,30,高中及以下,3375.1,1599.2,23.3,8.7,48,5.2,2.2,4.9,8.1,5.6,5.0,310.59,4
2100,34,18-25,22,本科,8303.9,2200.3,21.7,6.6,43,7.3,5.3,8.3,4.7,4.2,4.2,337.83,5
2101,121,36-45,40,硕士,12491.0,1679.1,15.2,9.0,58,7.3,3.3,5.4,7.8,2.0,3.9,59.78,0
2102,113,46-55,50,硕士,19515.8,4505.8,48.8,5.9,112,2.0,7.8,8.2,5.3,1.7,3.2,1742.79,9
2103,119,46-55,50,本科,6634.5,1091.9,17.5,7.9,45,6.1,3.9,5.9,8.2,3.7,4.5,314.8,4
2104,42,36-45,40,硕士,8909.4,401.9,6.2,7.9,14,5.5,3.3,4.8,7.9,3.6,4.2,132.2,1
2105,113,26-35,30,博士,15245.0,4831.9,42.1,6.8,67,2.2,7.3,8.5,4.1,6.5,4.4,1742.79,9
2106,0,46-55,50,硕士,12978.9,200.0,19.4,8.9,30,4.8,4.0,4.3,9.0,5.8,4.9,243.89,3
2107,98,46-55,50,本科,6030.7,1390.3,6.6,8.1,45,4.8,3.2,3.2,7.2,4.2,3.7,149.17,1
2108,135,46-55,50,大专,6514.5,3105.5,31.1,7.4,44,5.1,4.2,5.3,6.0,4.3,3.9,699.2,7
2109,71,18-25,22,大专,4194.3,1452.9,22.9,8.3,60,3.5,4.2,4.9,5.1,6.1,4.0,690.93,7
2110,0,36-45,40,硕士,9131.1,1266.5,18.0,8.5,19,6.3,3.1,7.1,8.1,6.1,5.6,243.89,3
2111,141,18-25,22,硕士,9549.9,1948.2,26.9,7.7,68,4.5,6.1,7.2,8.6,8.6,6.1,548.48,6
2112,59,55+,60,本科,6866.7,2136.3,18.0,7.1,45,5.9,2.3,6.0,7.6,6.1,5.3,393.68,5
2113,118,36-45,40,硕士,8630.6,1957.8,25.3,8.9,30,4.2,2.3,3.8,8.5,2.0,3.8,465.37,6
2114,44,18-25,22,高中及以下,4152.0,729.4,8.5,9.1,5,6.6,3.4,6.3,6.5,5.1,4.6,33.83,0
2115,81,36-45,40,大专,4335.7,1959.6,12.5,7.9,5,6.2,4.2,5.3,7.6,4.8,4.5,212.11,3
2116,141,46-55,50,硕士,10004.5,1516.8,19.2,7.7,39,4.6,3.8,5.0,7.6,7.3,5.1,548.48,6
2117,144,26-35,30,本科,8350.5,832.9,23.6,9.4,38,5.7,3.8,4.8,9.3,5.8,5.1,192.46,2
2118,65,36-45,40,硕士,9637.4,1864.2,26.9,7.9,39,3.6,4.2,5.8,5.2,5.5,4.1,576.08,6
2119,184,18-25,22,本科,4587.1,1628.4,12.2,10.0,44,8.0,3.1,4.6,6.0,4.8,4.0,118.69,1
2120,138,36-45,40,大专,4236.0,1669.4,23.2,7.4,33,4.3,3.7,6.3,8.5,4.9,5.1,334.79,4
2121,128,46-55,50,大专,4294.0,1381.0,21.3,9.7,23,4.3,5.5,3.0,7.0,7.9,4.3,163.96,2
2122,179,36-45,40,高中及以下,5915.4,4533.4,55.4,7.4,93,0.7,5.4,10.0,6.7,6.3,5.8,1808.04,9
2123,66,55+,60,高中及以下,4640.5,751.3,20.5,8.7,46,4.8,1.0,4.9,7.1,4.8,4.7,138.1,1
2124,13,36-45,40,本科,10240.5,221.1,8.8,9.4,5,6.4,2.2,4.2,8.1,4.3,4.4,21.91,0
2125,125,36-45,40,硕士,15133.2,3618.0,52.5,8.2,69,4.6,5.1,6.6,4.9,7.7,4.8,1326.71,8
2126,39,18-25,22,本科,8602.1,1026.2,10.8,8.8,39,3.7,1.4,4.3,9.3,6.0,5.4,180.7,2
2127,67,26-35,30,高中及以下,2925.1,2640.6,17.2,7.8,52,6.4,3.9,5.9,8.1,6.1,5.2,404.86,5
2128,73,46-55,50,本科,8475.9,1996.2,31.0,8.2,33,4.1,5.0,4.9,5.5,5.7,3.9,709.56,7
2129,190,18-25,22,本科,7572.8,1282.5,15.9,9.4,17,4.1,4.3,6.5,8.6,5.2,5.2,94.96,0
2130,167,26-35,30,本科,13211.8,2831.4,37.9,7.3,50,3.4,5.8,5.5,7.1,4.9,4.2,989.1,8
2131,122,26-35,30,本科,7850.2,1441.2,22.8,8.2,44,4.7,3.2,6.0,8.1,1.9,4.1,603.53,6
2132,165,55+,60,高中及以下,3867.2,559.9,14.8,8.8,13,4.3,2.5,4.4,8.7,2.7,4.2,224.25,3
2133,106,55+,60,大专,6751.2,3265.7,32.1,9.8,43,4.3,5.4,6.2,8.8,7.9,5.8,978.66,8
2134,82,36-45,40,大专,5255.6,1401.2,30.6,9.5,56,5.7,2.6,6.5,6.6,5.3,4.9,650.6,7
2135,3,36-45,40,大专,5746.4,2398.6,26.5,4.4,35,5.0,5.4,8.3,8.1,5.3,5.4,680.64,7
2136,175,26-35,30,本科,6755.2,2507.3,15.0,7.6,20,5.9,1.5,6.0,7.8,4.3,5.0,339.4,5
2137,125,18-25,22,大专,6484.0,3081.9,48.3,6.9,43,3.1,6.6,7.3,5.2,4.8,4.0,1326.71,8
2138,50,26-35,30,硕士,13737.0,1072.8,18.0,9.4,6,3.0,3.5,6.6,5.8,8.7,5.5,205.22,3
2139,179,18-25,22,博士,27908.3,5330.3,59.8,6.1,81,4.1,7.0,5.5,2.9,3.1,2.3,1808.04,9
2140,64,18-25,22,硕士,12799.2,1055.1,17.4,7.1,5,5.8,2.9,4.6,7.0,4.6,4.2,334.46,4
2141,151,26-35,30,高中及以下,3354.2,1028.7,12.0,8.8,39,5.7,3.0,5.2,8.4,8.3,5.8,209.86,3
2142,157,55+,60,高中及以下,2752.5,1217.6,17.4,8.4,18,4.3,2.5,3.5,6.6,2.8,3.3,238.37,3
2143,164,36-45,40,高中及以下,3137.0,1681.0,17.1,7.8,45,3.9,2.6,7.5,6.9,3.9,4.9,388.92,5
2144,161,46-55,50,本科,8652.3,1138.9,16.1,7.9,47,4.7,4.6,6.4,5.9,4.3,4.1,326.06,4
2145,149,26-35,30,高中及以下,5035.6,926.1,16.3,9.0,42,5.5,1.7,4.2,6.9,4.9,4.3,199.73,2
2146,122,46-55,50,硕士,10660.1,2315.2,28.2,8.0,18,5.9,2.4,8.6,9.1,8.2,7.1,603.53,6
2147,113,36-45,40,博士,29998.4,3800.2,47.9,6.7,80,2.2,5.6,7.7,2.4,9.3,4.7,1742.79,9
2148,20,46-55,50,大专,5069.6,2353.1,24.9,7.2,39,5.3,4.0,3.9,6.3,5.4,3.9,642.68,6
2149,3,26-35,30,硕士,9830.6,1917.6,27.7,8.3,25,5.5,3.0,4.4,4.7,4.9,3.6,680.64,7
2150,27,26-35,30,高中及以下,3100.9,343.9,11.5,9.7,25,5.2,2.9,5.6,6.1,3.8,4.0,216.09,3
2151,141,55+,60,大专,4298.6,1851.9,23.6,8.2,51,4.5,2.9,7.0,6.4,8.1,5.7,548.48,6
2152,5,46-55,50,大专,6311.8,1294.7,19.6,8.9,23,6.5,3.0,3.9,6.9,2.8,3.5,117.43,1
2153,107,55+,60,高中及以下,3190.0,200.0,6.6,8.5,27,5.9,4.9,6.3,7.0,3.6,4.1,176.72,2
2154,47,46-55,50,大专,5542.8,2037.3,18.2,7.6,21,6.9,3.7,7.0,7.4,3.6,4.6,427.14,6
2155,39,36-45,40,硕士,8944.8,205.2,9.5,8.5,52,5.5,3.9,5.9,9.7,9.2,6.5,180.7,2
2156,67,26-35,30,高中及以下,3551.5,1009.4,22.0,9.2,35,7.2,4.0,7.5,8.4,2.9,4.8,404.86,5
2157,125,36-45,40,本科,9340.3,3206.5,41.6,7.8,54,1.7,2.9,7.8,4.5,6.6,5.0,1326.71,8
2158,82,36-45,40,硕士,16243.6,2151.6,17.7,8.5,37,4.1,3.3,4.8,8.9,5.3,5.0,650.6,7
2159,76,18-25,22,高中及以下,4791.8,328.5,6.5,9.3,26,5.9,3.2,4.2,9.1,6.0,5.1,161.91,1
2160,54,36-45,40,博士,15410.6,2244.2,28.5,9.1,22,6.2,3.1,2.7,8.3,7.6,4.9,416.13,5
2161,106,46-55,50,大专,4907.7,2305.7,31.9,7.8,47,3.3,5.4,6.9,7.4,3.4,4.3,978.66,8
2162,161,18-25,22,大专,5205.6,1950.0,10.0,10.0,47,5.3,4.6,2.6,6.9,3.5,3.1,326.06,4
2163,82,46-55,50,高中及以下,4599.0,2717.5,23.7,8.1,8,6.9,4.3,6.3,8.6,2.4,4.3,650.6,7
2164,31,26-35,30,硕士,11953.3,2863.7,35.2,8.2,61,3.8,6.1,6.8,9.3,5.5,5.3,946.03,7
2165,120,36-45,40,高中及以下,2847.6,2019.7,17.3,8.1,28,6.6,3.8,8.2,6.0,5.2,5.0,327.35,4
2166,166,18-25,22,大专,5871.2,1133.6,26.5,8.8,32,5.0,2.7,5.5,8.8,5.3,5.2,337.67,5
2167,122,36-45,40,硕士,13368.0,2272.7,23.6,6.7,53,6.8,4.1,7.4,7.9,4.8,5.2,603.53,6
2168,6,18-25,22,本科,9471.5,2473.8,37.4,8.1,40,6.4,5.4,5.5,6.5,5.7,4.3,719.97,7
2169,113,18-25,22,本科,9208.0,5319.5,51.3,5.0,77,1.6,5.9,7.6,5.0,4.4,4.0,1742.79,9
2170,51,36-45,40,大专,4311.3,200.0,17.2,10.0,33,5.8,2.6,4.6,8.1,8.4,5.7,100.98,0
2171,109,26-35,30,高中及以下,3854.4,1308.7,16.4,10.0,5,6.2,1.9,5.0,6.9,6.4,5.0,137.77,1
2172,72,36-45,40,硕士,16786.3,1091.6,5.7,9.1,36,6.5,2.6,6.3,9.2,8.4,6.5,143.19,1
2173,52,36-45,40,本科,9353.5,1068.8,10.8,10.0,20,4.9,3.2,5.5,4.8,4.9,3.9,75.42,0
2174,69,36-45,40,本科,6957.7,200.0,8.2,8.1,34,3.1,2.6,6.8,8.7,7.0,6.1,77.86,0
2175,25,18-25,22,本科,7468.1,998.6,16.6,7.7,13,5.5,3.0,7.5,6.8,4.9,5.1,165.82,2
2176,143,46-55,50,高中及以下,2658.8,1405.9,20.3,8.9,25,4.6,2.4,4.9,5.5,7.0,4.6,178.51,2
2177,54,26-35,30,大专,4899.1,1577.9,20.6,7.4,12,5.7,4.8,4.9,7.1,2.7,3.5,416.13,5
2178,27,46-55,50,本科,11089.1,392.3,18.9,8.7,23,6.7,3.8,7.1,7.4,5.8,5.3,216.09,3
2179,162,36-45,40,高中及以下,3562.4,1639.7,21.6,8.5,50,4.6,2.6,5.5,5.7,4.7,4.2,472.76,6
2180,3,26-35,30,大专,7079.0,2099.8,28.6,8.0,12,5.4,2.7,2.1,6.6,6.0,3.8,680.64,7
2181,113,55+,60,硕士,10825.7,4113.4,55.0,7.0,64,3.9,4.7,3.6,5.6,5.8,3.6,1742.79,9
2182,89,36-45,40,硕士,11052.8,949.8,16.6,9.6,27,5.5,3.7,7.6,7.4,6.1,5.5,247.96,3
2183,58,26-35,30,本科,8890.7,876.0,12.3,8.0,36,6.5,4.4,2.5,7.5,3.9,3.3,206.7,3
2184,86,26-35,30,硕士,12590.7,1802.3,18.3,8.9,32,5.1,1.9,4.6,7.4,5.0,4.6,370.7,5
2185,54,26-35,30,大专,4070.6,1280.6,23.4,7.7,48,5.0,4.3,4.4,6.7,4.3,3.8,416.13,5
2186,29,46-55,50,硕士,7584.9,1353.5,17.0,8.8,19,6.4,3.4,6.5,7.7,5.3,5.1,110.86,1
2187,95,36-45,40,大专,4850.2,629.7,9.8,8.5,11,4.6,2.4,6.2,7.5,5.3,5.1,34.35,0
2188,178,18-25,22,本科,7689.2,1039.7,24.4,9.8,5,8.2,2.6,6.7,7.7,5.9,5.4,113.9,1
2189,122,36-45,40,高中及以下,3920.1,1422.9,25.1,7.3,46,3.8,3.7,2.4,5.2,5.4,3.2,603.53,6
2190,118,36-45,40,高中及以下,2716.9,1466.2,29.7,9.4,42,6.7,4.5,5.4,8.1,3.0,4.1,465.37,6
2191,138,36-45,40,大专,4043.8,1248.3,22.7,8.2,14,5.3,2.2,4.8,7.6,6.4,5.1,334.79,4
2192,103,26-35,30,高中及以下,2911.8,1256.0,5.7,8.7,16,6.0,2.1,3.6,7.2,5.6,4.4,66.53,0
2193,172,18-25,22,大专,3975.4,1031.5,6.3,9.3,5,7.7,2.8,8.6,5.3,5.0,5.0,137.4,1
2194,72,55+,60,本科,6397.5,1500.9,16.4,10.0,5,5.6,2.4,5.8,5.4,3.2,3.8,143.19,1
2195,73,26-35,30,大专,6587.0,2865.1,21.0,7.3,49,5.0,5.0,7.0,6.3,3.4,4.1,709.56,7
2196,55,18-25,22,本科,9552.0,1611.8,21.2,9.5,40,3.5,2.2,5.5,5.8,9.2,5.5,376.64,5
2197,20,26-35,30,高中及以下,2807.3,1640.3,19.5,7.6,38,7.3,4.2,7.6,6.9,4.7,4.9,642.68,6
2198,72,46-55,50,高中及以下,3807.8,200.0,17.0,10.0,30,5.8,3.8,3.9,7.3,1.5,3.1,143.19,1
2199,167,36-45,40,本科,8363.0,2234.0,34.7,5.5,38,3.9,5.0,8.1,5.4,6.5,5.0,989.1,8
2200,161,26-35,30,高中及以下,4433.1,824.4,18.3,7.3,36,4.6,3.0,4.4,8.8,7.8,5.6,326.06,4
2201,179,26-35,30,高中及以下,6099.8,4515.0,55.0,6.5,56,4.5,5.7,6.2,4.7,4.4,3.6,1808.04,9
2202,122,36-45,40,硕士,15576.2,2283.1,22.6,8.8,47,5.6,2.2,4.8,9.0,8.5,6.1,603.53,6
2203,50,36-45,40,本科,8497.6,1655.8,22.7,8.6,41,8.3,2.3,5.0,6.0,5.3,4.3,205.22,3
2204,65,36-45,40,大专,6437.8,2504.8,30.6,8.6,38,5.1,4.7,3.0,5.9,7.2,3.9,576.08,6
2205,54,36-45,40,高中及以下,3578.5,2034.4,30.5,8.2,44,5.0,3.7,6.8,6.1,6.5,5.0,416.13,5
2206,7,18-25,22,本科,7672.0,492.2,11.2,9.8,14,4.0,2.0,5.6,9.4,3.7,5.1,319.72,4
2207,112,18-25,22,高中及以下,5064.0,2020.5,14.2,7.8,44,5.4,3.1,6.1,9.7,5.7,5.7,157.63,1
2208,148,26-35,30,高中及以下,2951.2,1736.8,17.6,8.2,27,3.8,4.5,6.4,2.8,4.4,3.2,250.12,4
2209,151,26-35,30,本科,5758.5,1368.8,15.5,9.8,38,5.6,3.3,6.2,6.2,5.6,4.7,209.86,3
2210,157,26-35,30,大专,4450.5,1205.5,8.8,8.5,15,5.3,2.7,3.0,9.6,4.6,4.5,238.37,3
2211,24,46-55,50,大专,4399.3,200.0,10.3,10.0,24,4.7,2.6,4.8,8.3,5.8,5.0,86.11,0
2212,89,36-45,40,本科,8164.1,527.1,20.6,10.0,25,5.2,4.2,4.6,7.3,5.2,4.3,247.96,3
2213,136,55+,60,高中及以下,2536.3,799.9,17.5,8.9,17,7.1,1.7,5.9,7.9,5.6,5.3,67.81,0
2214,34,36-45,40,博士,14543.6,1311.4,20.6,7.8,32,5.0,2.0,5.7,9.3,1.8,4.5,337.83,5
2215,113,26-35,30,硕士,15807.2,5108.8,58.8,4.8,89,2.5,6.0,9.6,6.1,5.3,5.1,1742.79,9
2216,73,36-45,40,硕士,10522.1,2046.3,35.6,9.3,48,4.3,5.7,6.3,6.8,5.9,4.6,709.56,7
2217,113,36-45,40,硕士,11351.3,5629.9,41.5,3.9,77,1.8,6.4,6.5,4.8,6.6,4.2,1742.79,9
2218,179,26-35,30,高中及以下,5080.7,5201.3,62.3,6.4,85,3.2,5.4,3.8,5.3,5.4,3.4,1808.04,9
2219,125,18-25,22,本科,6748.7,3085.7,44.8,6.5,75,4.7,6.4,5.4,2.6,6.4,3.2,1326.71,8
2220,133,18-25,22,本科,8873.8,1413.7,20.7,9.0,16,6.9,1.0,6.0,6.8,7.5,5.7,238.31,3
2221,6,26-35,30,高中及以下,4867.4,3034.6,33.2,7.7,51,4.1,2.8,5.4,8.2,6.2,5.3,719.97,7
2222,118,26-35,30,高中及以下,4002.9,2120.6,29.5,9.4,29,6.7,4.2,5.4,6.6,8.0,5.1,465.37,6
2223,31,55+,60,本科,12386.1,3050.8,32.1,7.3,55,3.9,4.9,5.7,6.9,5.3,4.4,946.03,7
2224,150,26-35,30,本科,7522.0,200.0,15.1,8.8,9,4.0,4.3,4.9,6.5,5.0,4.1,190.66,2
2225,137,26-35,30,大专,4946.3,1381.1,11.4,8.8,35,6.4,3.0,3.2,8.2,7.3,4.9,107.55,1
2226,34,36-45,40,大专,3621.0,1543.2,16.5,10.0,43,4.7,3.5,5.9,8.0,5.1,4.9,337.83,5
2227,73,26-35,30,高中及以下,2934.2,1614.9,31.8,8.5,25,4.3,5.2,5.5,6.6,7.7,4.9,709.56,7
2228,126,26-35,30,硕士,9594.7,750.9,9.8,9.2,5,5.2,3.6,5.8,6.9,6.3,4.9,55.12,0
2229,75,46-55,50,大专,5024.5,649.2,29.6,9.9,51,5.3,2.3,2.8,5.2,7.2,4.0,337.61,5
2230,51,36-45,40,大专,5591.5,1718.5,8.4,8.9,35,6.2,2.9,4.7,7.9,3.1,4.1,100.98,0
2231,43,36-45,40,大专,5556.4,1205.2,5.0,9.5,26,5.1,2.7,4.1,9.0,5.4,4.9,109.83,1
2232,106,26-35,30,硕士,10731.7,3414.6,32.5,7.2,48,3.4,4.8,4.8,7.5,6.8,4.8,978.66,8
2233,80,26-35,30,硕士,13117.7,823.9,11.1,8.5,37,8.0,2.5,5.0,7.4,4.8,4.6,119.14,1
2234,73,36-45,40,本科,9252.7,2415.5,16.4,9.0,39,5.6,1.6,4.9,8.5,7.7,5.8,709.56,7
2235,191,18-25,22,本科,6384.1,1550.0,21.8,9.2,34,4.5,4.3,4.0,9.1,6.1,4.9,349.46,5
2236,113,36-45,40,大专,6956.8,4154.3,51.9,4.9,69,0.5,6.0,8.0,4.1,7.8,4.8,1742.79,9
2237,113,18-25,22,博士,18257.1,4525.1,50.7,7.0,81,4.8,7.0,5.5,2.8,8.4,3.8,1742.79,9
2238,166,55+,60,本科,7579.4,1044.0,19.6,7.2,13,5.4,3.6,3.6,10.0,5.3,4.9,337.67,5
2239,113,46-55,50,大专,4447.5,4025.0,54.2,6.8,82,3.5,7.2,6.7,4.1,5.1,3.5,1742.79,9
2240,6,26-35,30,高中及以下,2896.8,2186.2,27.2,8.1,46,6.4,4.2,7.0,8.4,7.9,6.1,719.97,7
2241,159,26-35,30,本科,6710.8,1080.8,19.4,8.2,21,6.0,3.2,5.2,7.5,3.2,4.1,286.16,4
2242,151,46-55,50,大专,3738.3,1692.6,21.4,8.4,12,5.0,1.5,4.2,6.8,6.8,4.9,209.86,3
2243,87,46-55,50,高中及以下,3205.3,522.0,14.7,8.1,40,6.6,2.6,3.9,7.0,6.2,4.5,206.18,3
2244,9,26-35,30,高中及以下,2618.1,1630.6,13.2,10.0,20,5.3,4.9,9.9,6.4,6.0,5.7,255.33,4
2245,32,36-45,40,硕士,11257.4,1556.2,5.6,9.9,32,6.3,4.2,5.4,4.6,7.8,4.5,146.42,1
2246,179,55+,60,博士,18581.0,4512.2,52.3,6.4,96,3.0,5.0,6.9,5.2,5.0,4.2,1808.04,9
2247,128,55+,60,大专,5135.2,493.8,25.1,7.5,11,4.9,1.0,6.1,6.5,4.6,4.8,163.96,2
2248,164,55+,60,本科,5138.4,945.9,22.3,8.8,11,5.1,4.3,4.3,7.3,3.9,3.8,388.92,5
2249,44,18-25,22,硕士,6627.0,496.2,14.8,9.4,9,4.9,2.6,4.6,7.2,9.7,5.8,33.83,0
2250,113,36-45,40,大专,9403.5,5526.7,51.0,7.1,84,3.1,6.0,7.4,5.7,5.2,4.4,1742.79,9
2251,113,26-35,30,本科,9918.3,5961.8,56.2,7.8,73,2.1,6.3,8.1,4.3,3.9,3.8,1742.79,9
2252,79,36-45,40,高中及以下,3520.3,1574.2,17.1,8.0,27,5.9,2.8,5.1,8.5,7.4,5.6,20.34,0
2253,106,18-25,22,本科,10982.0,3550.1,35.4,6.7,38,2.7,4.8,5.9,5.1,3.2,3.4,978.66,8
2254,118,46-55,50,本科,7676.5,1474.4,23.7,8.5,30,4.4,2.3,4.3,7.4,8.6,5.5,465.37,6
2255,9,46-55,50,高中及以下,3184.1,831.6,15.6,8.5,23,6.0,2.4,5.4,8.5,4.0,4.8,255.33,4
2256,125,26-35,30,博士,19769.0,2586.0,47.3,7.3,90,2.8,4.4,5.9,4.1,5.2,3.7,1326.71,8
2257,7,36-45,40,大专,4586.9,1409.5,12.4,8.2,41,6.5,4.2,2.2,9.0,7.3,4.7,319.72,4
2258,177,55+,60,高中及以下,5839.7,3109.2,18.8,6.7,18,4.6,3.5,7.6,3.9,7.6,5.0,634.94,6
2259,96,55+,60,本科,7940.0,1980.7,23.0,8.4,20,4.5,2.2,6.8,8.6,5.3,5.6,199.56,2
2260,108,46-55,50,硕士,13791.4,1787.6,15.0,8.0,21,5.1,2.8,5.0,5.6,4.2,3.8,192.01,2
2261,65,26-35,30,本科,7486.2,2197.7,13.6,8.7,74,4.6,3.7,3.3,6.3,6.2,4.0,576.08,6
2262,191,36-45,40,大专,4092.6,1147.7,17.6,7.2,65,5.1,3.6,5.7,5.6,6.8,4.7,349.46,5
2263,71,36-45,40,高中及以下,3605.2,2135.5,30.1,9.6,81,6.0,2.7,6.2,7.7,7.3,5.7,690.93,7
2264,89,36-45,40,高中及以下,1851.4,752.5,20.2,7.2,33,6.4,2.7,5.1,7.2,4.6,4.4,247.96,3
2265,113,46-55,50,硕士,14610.6,5192.8,46.4,6.8,76,3.6,6.4,9.6,4.7,5.6,4.8,1742.79,9
2266,145,46-55,50,本科,8196.4,1087.1,24.3,9.2,33,6.5,2.0,3.1,7.3,7.5,4.8,324.35,4
2267,72,18-25,22,高中及以下,3647.0,1617.8,10.5,8.3,14,6.3,1.7,3.0,9.8,2.1,4.0,143.19,1
2268,190,26-35,30,高中及以下,4568.9,797.4,9.1,10.0,41,5.7,2.6,6.3,7.5,4.4,4.8,94.96,0
2269,96,18-25,22,博士,18174.1,1313.4,17.9,7.0,18,5.0,2.7,5.4,9.8,4.9,5.4,199.56,2
2270,60,18-25,22,硕士,11123.8,903.0,17.6,10.0,14,5.2,3.6,7.7,8.6,6.8,6.1,91.91,0
2271,72,26-35,30,本科,7669.8,605.3,17.3,6.1,9,5.6,3.1,9.3,9.2,9.1,7.4,143.19,1
2272,164,46-55,50,高中及以下,4205.4,1237.7,17.2,9.8,32,4.7,2.4,3.8,5.0,5.8,3.8,388.92,5
2273,111,46-55,50,本科,6879.6,1139.2,5.1,8.3,40,6.2,2.9,5.7,5.9,4.3,4.1,144.53,1
2274,97,36-45,40,高中及以下,3953.4,699.6,17.1,9.1,51,4.4,3.3,3.6,9.5,7.9,5.5,192.68,2
2275,3,46-55,50,大专,4170.1,977.7,29.3,8.8,22,6.2,3.8,4.4,7.4,6.7,4.7,680.64,7
2276,174,55+,60,高中及以下,3665.2,1497.4,14.0,9.2,11,5.0,3.4,6.0,8.8,4.6,5.1,195.72,2
2277,134,18-25,22,本科,7380.3,1137.2,13.2,10.0,34,6.9,2.5,4.3,8.4,4.7,4.6,59.18,0
2278,183,55+,60,本科,7091.2,1856.8,15.5,9.3,5,6.2,5.6,7.5,7.9,4.4,4.9,240.44,3
2279,17,18-25,22,本科,7307.2,1343.1,10.6,9.9,24,4.9,3.1,5.4,9.2,8.7,6.2,203.21,3
2280,160,46-55,50,大专,7435.2,341.9,17.3,10.0,18,6.4,2.4,7.1,9.7,7.7,6.7,56.0,0
2281,147,36-45,40,高中及以下,3611.0,727.3,8.3,8.1,50,5.7,1.4,3.4,8.7,6.3,5.1,39.63,0
2282,113,18-25,22,本科,11750.4,4564.7,48.8,7.8,79,2.7,7.4,6.2,3.4,5.8,3.3,1742.79,9
2283,41,26-35,30,大专,4128.9,1025.4,8.5,8.8,32,5.6,1.6,4.8,9.0,5.1,5.2,176.16,2
2284,7,18-25,22,高中及以下,3799.0,1541.9,16.4,7.0,12,5.0,3.9,6.5,7.1,2.6,4.1,319.72,4
2285,85,36-45,40,本科,3975.4,627.6,17.3,8.2,30,4.8,3.8,4.7,8.6,6.6,5.1,89.86,0
2286,161,26-35,30,硕士,9943.9,1393.3,8.8,9.5,21,5.4,3.5,7.0,7.4,7.4,5.7,326.06,4
2287,80,26-35,30,硕士,12940.1,766.5,14.3,8.7,24,5.2,5.0,5.9,10.0,5.5,5.4,119.14,1
2288,165,46-55,50,博士,19394.9,582.1,25.4,9.9,5,4.9,1.4,3.0,7.1,6.3,4.5,224.25,3
2289,179,36-45,40,大专,7826.4,4596.3,55.0,5.7,61,3.3,4.0,6.7,8.0,5.8,5.3,1808.04,9
2290,82,46-55,50,大专,4482.2,2225.6,28.6,7.9,45,3.7,5.1,4.3,6.7,4.4,3.7,650.6,7
2291,97,26-35,30,大专,5394.3,361.0,7.7,10.0,5,5.7,4.4,4.9,6.1,3.7,3.6,192.68,2
2292,58,36-45,40,本科,8067.9,1231.6,11.7,8.5,19,5.2,4.0,2.5,8.9,5.1,4.1,206.7,3
2293,80,26-35,30,本科,6803.9,1672.0,16.8,9.4,8,6.4,1.5,6.2,7.9,5.7,5.4,119.14,1
2294,91,18-25,22,大专,5828.1,1122.2,12.9,7.9,13,5.8,3.4,6.3,7.1,5.5,4.9,390.98,5
2295,179,55+,60,本科,13392.5,4631.8,54.6,5.2,67,1.1,5.4,8.2,4.1,6.9,4.7,1808.04,9
2296,55,46-55,50,本科,5861.2,1951.7,14.1,8.2,59,4.4,4.0,1.0,7.8,5.2,3.4,376.64,5
2297,159,18-25,22,高中及以下,3068.1,1441.4,7.3,8.0,22,6.4,3.3,4.7,5.3,8.9,4.9,286.16,4
2298,81,26-35,30,高中及以下,3281.0,200.0,5.5,9.3,21,3.6,2.4,4.4,8.2,3.9,4.4,212.11,3
2299,0,46-55,50,高中及以下,3662.2,963.9,5.0,8.0,33,5.6,2.8,4.9,9.0,5.7,5.2,243.89,3
2300,149,26-35,30,硕士,9579.1,200.0,22.7,9.2,5,4.2,1.3,4.9,8.7,4.1,4.9,199.73,2
2301,75,36-45,40,硕士,11132.4,628.1,18.1,7.9,19,3.0,3.2,4.1,8.2,7.4,5.2,337.61,5
2302,73,26-35,30,本科,7299.8,2403.7,34.3,6.7,38,4.5,3.9,5.7,9.5,6.5,5.6,709.56,7
2303,190,26-35,30,本科,6325.0,602.7,9.8,8.9,38,5.0,2.0,5.4,7.8,6.2,5.3,94.96,0
2304,31,18-25,22,本科,9104.0,3432.1,35.8,7.2,60,4.8,4.3,5.4,6.4,7.3,4.8,946.03,7
2305,82,26-35,30,本科,8059.2,1634.4,30.2,8.2,47,5.2,3.0,5.5,10.0,4.2,5.2,650.6,7
2306,179,46-55,50,大专,6741.1,4460.4,55.2,5.4,69,1.9,6.6,5.8,5.7,7.3,4.4,1808.04,9
2307,175,55+,60,硕士,9385.0,293.5,18.1,8.7,32,7.8,4.0,3.2,6.9,6.2,4.1,339.4,5
2308,156,36-45,40,硕士,12543.3,2969.8,30.2,8.5,74,3.5,4.4,6.4,7.4,5.1,4.8,958.89,8
2309,26,46-55,50,硕士,9655.9,200.0,6.9,7.0,6,6.1,4.3,4.1,8.9,3.9,4.2,46.95,0
2310,119,55+,60,高中及以下,3076.5,1995.7,20.8,9.3,6,6.3,2.4,5.8,4.6,5.6,4.2,314.8,4
2311,156,36-45,40,大专,6224.4,3093.2,33.8,5.4,96,3.4,3.8,9.8,8.1,6.3,6.4,958.89,8
2312,113,18-25,22,本科,7472.8,4726.4,60.8,5.9,94,2.3,6.2,5.8,5.7,4.5,3.7,1742.79,9
2313,55,55+,60,硕士,9717.7,1737.9,15.7,8.1,18,5.4,4.1,6.7,7.7,9.0,6.1,376.64,5
2314,157,36-45,40,大专,4980.1,1180.1,10.7,8.3,18,6.7,2.5,3.6,5.8,6.4,4.2,238.37,3
2315,120,55+,60,大专,5635.9,1803.3,24.8,8.7,35,6.0,4.3,3.1,8.7,3.4,3.7,327.35,4
2316,67,26-35,30,博士,19421.1,847.2,20.7,9.5,29,5.1,3.0,4.9,8.2,8.0,5.6,404.86,5
2317,177,55+,60,博士,17920.6,1958.5,25.3,7.2,72,6.3,4.4,3.4,7.5,5.7,4.1,634.94,6
2318,6,55+,60,硕士,10613.2,2365.3,31.1,6.9,59,5.2,6.2,8.9,8.3,4.3,5.3,719.97,7
2319,122,18-25,22,本科,6612.3,2564.9,22.0,7.8,28,3.5,4.6,5.0,5.7,4.1,3.6,603.53,6
2320,120,18-25,22,博士,14436.2,1170.9,16.3,7.1,42,5.5,4.1,4.4,4.9,3.7,3.1,327.35,4
2321,113,26-35,30,高中及以下,3584.0,5073.9,52.6,7.2,65,2.8,6.7,7.8,5.7,8.4,5.3,1742.79,9
2322,194,26-35,30,本科,5343.0,737.9,19.6,8.3,32,7.4,1.3,6.9,9.6,5.3,6.0,176.48,2
2323,73,26-35,30,硕士,11941.7,2199.3,27.1,7.1,51,4.0,5.0,6.3,5.2,4.1,3.7,709.56,7
2324,82,46-55,50,博士,18157.3,2460.5,17.4,6.9,53,3.6,3.4,5.8,5.3,6.2,4.5,650.6,7
2325,113,18-25,22,硕士,10084.8,6269.8,52.5,5.8,89,1.1,6.7,5.2,5.4,4.6,3.4,1742.79,9
2326,167,18-25,22,大专,5389.4,4685.8,36.0,6.6,54,4.6,4.9,6.0,4.9,6.7,4.3,989.1,8
2327,109,36-45,40,本科,7384.9,422.0,5.0,8.9,48,5.2,3.6,6.1,8.9,4.5,5.1,137.77,1
2328,153,36-45,40,本科,7322.2,996.3,26.9,9.5,33,8.9,1.9,5.6,7.1,5.1,4.8,187.21,2
2329,175,36-45,40,高中及以下,2498.5,1752.3,16.9,9.6,15,6.9,2.8,6.9,6.8,3.7,4.6,339.4,5
2330,81,46-55,50,高中及以下,4001.6,492.3,17.5,9.4,13,5.6,1.7,3.1,9.5,4.5,4.6,212.11,3
2331,180,18-25,22,高中及以下,3527.2,1055.3,23.2,7.9,39,2.5,2.8,5.8,10.0,6.9,6.1,277.46,4
2332,133,36-45,40,本科,9562.9,801.7,14.9,10.0,21,6.2,1.6,5.2,6.7,6.8,5.1,238.31,3
2333,195,36-45,40,大专,3479.8,938.6,23.4,8.5,17,5.6,3.1,6.3,7.2,3.8,4.5,218.18,3
2334,1,26-35,30,硕士,11620.4,290.4,13.8,7.0,12,7.0,1.8,5.4,6.6,6.3,5.0,129.25,1
2335,106,18-25,22,本科,7934.6,3105.0,41.0,7.8,60,3.6,4.0,8.5,7.0,6.8,5.8,978.66,8
2336,3,36-45,40,硕士,10069.1,1750.6,22.6,7.1,67,5.0,4.5,6.1,8.3,7.2,5.5,680.64,7
2337,86,18-25,22,大专,4693.7,1908.4,23.4,6.8,35,5.9,3.3,4.9,5.8,3.7,3.6,370.7,5
2338,159,55+,60,大专,4801.4,936.7,10.7,9.2,20,5.9,1.0,5.1,9.3,6.3,5.8,286.16,4
2339,119,46-55,50,本科,8879.9,2103.9,18.3,9.1,35,6.1,4.0,3.4,8.1,6.8,4.7,314.8,4
2340,114,46-55,50,大专,4719.9,1024.4,17.1,9.1,5,4.1,4.8,6.2,8.1,5.1,4.9,122.44,1
2341,54,26-35,30,大专,4559.7,2197.2,23.5,8.5,53,5.2,3.1,8.2,6.8,6.5,5.7,416.13,5
2342,165,26-35,30,高中及以下,3962.5,1438.9,31.2,7.9,44,5.2,2.8,2.4,8.0,9.6,5.3,224.25,3
2343,164,18-25,22,博士,18281.9,1689.9,20.0,6.3,39,5.1,3.9,7.1,7.9,5.0,5.2,388.92,5
2344,40,26-35,30,大专,6224.6,648.9,19.2,9.2,22,5.9,2.8,4.8,3.7,7.5,4.2,310.59,4
2345,6,18-25,22,硕士,7615.3,1786.5,26.3,8.8,52,5.2,1.6,6.4,7.8,3.3,4.8,719.97,7
2346,183,46-55,50,本科,8211.3,1038.7,11.6,8.9,33,6.4,4.1,4.8,5.3,5.9,4.0,240.44,3
2347,153,36-45,40,高中及以下,3417.6,1621.5,17.1,8.0,12,5.5,3.1,5.2,6.5,4.0,4.0,187.21,2
2348,67,46-55,50,高中及以下,4550.5,1448.7,24.4,7.0,11,5.7,1.8,4.4,6.9,4.8,4.3,404.86,5
2349,36,46-55,50,硕士,12643.6,689.7,16.0,8.2,5,4.3,1.6,4.4,9.9,6.0,5.6,182.89,2
2350,122,36-45,40,硕士,12437.7,1796.9,24.8,8.4,20,4.9,6.4,6.7,7.0,7.2,5.1,603.53,6
2351,177,46-55,50,高中及以下,3542.3,2685.9,28.8,8.2,41,5.8,4.9,4.7,7.8,4.0,4.0,634.94,6
2352,45,55+,60,本科,8160.6,1082.7,10.2,8.1,9,5.8,2.3,4.5,7.6,6.6,5.0,72.25,0
2353,21,18-25,22,本科,5435.1,986.0,12.4,8.5,27,5.6,1.7,6.2,8.9,5.9,5.8,118.42,1
2354,6,26-35,30,硕士,8717.2,2877.9,35.3,7.2,14,4.5,3.6,5.3,6.0,6.0,4.4,719.97,7
2355,76,55+,60,高中及以下,2672.0,200.0,11.8,8.2,29,5.7,2.5,4.8,6.6,6.5,4.8,161.91,1
2356,89,46-55,50,高中及以下,2577.4,1225.0,20.5,8.8,23,5.3,1.9,6.1,6.3,5.9,5.0,247.96,3
2357,186,36-45,40,本科,6504.2,524.4,17.9,9.7,11,7.3,2.4,5.1,6.5,7.0,5.0,238.23,3
2358,66,36-45,40,硕士,11115.2,1352.6,12.1,8.1,21,6.3,2.4,4.0,5.9,6.3,4.3,138.1,1
2359,154,26-35,30,高中及以下,3243.9,200.0,7.5,10.0,19,4.1,3.2,7.8,8.1,5.0,5.5,198.95,2
2360,166,36-45,40,硕士,8822.7,1696.5,20.0,7.8,32,5.6,3.3,4.6,6.1,5.3,4.1,337.67,5
2361,94,36-45,40,博士,18706.0,744.7,16.9,8.4,21,5.4,2.8,3.5,9.1,6.9,5.2,100.27,0
2362,47,26-35,30,本科,9034.8,1832.1,20.4,7.2,35,5.4,3.7,5.6,7.2,3.6,4.2,427.14,6
2363,113,26-35,30,本科,9790.0,4098.0,57.3,6.2,72,2.3,6.8,7.1,7.4,8.2,5.5,1742.79,9
2364,113,26-35,30,本科,11774.4,4434.2,54.8,5.6,104,1.2,5.7,7.7,3.6,4.0,3.6,1742.79,9
2365,154,36-45,40,本科,7793.0,938.5,10.5,8.6,19,5.5,1.7,2.7,9.3,5.9,4.9,198.95,2
2366,50,36-45,40,硕士,8853.9,748.0,5.0,8.5,21,6.0,2.7,6.6,9.3,4.2,5.4,205.22,3
2367,156,36-45,40,本科,11060.8,3063.8,35.3,7.7,71,2.5,5.3,5.7,7.3,5.7,4.6,958.89,8
2368,67,36-45,40,本科,5803.8,1496.7,10.3,8.0,30,5.1,2.9,4.2,8.1,4.8,4.5,404.86,5
2369,20,36-45,40,本科,10073.5,2022.7,23.8,7.5,33,5.4,3.3,6.6,7.0,6.5,5.3,642.68,6
2370,71,26-35,30,大专,5747.7,1718.1,21.1,7.7,16,3.9,4.1,3.5,7.6,4.2,3.8,690.93,7
2371,31,46-55,50,硕士,16157.1,2422.9,28.2,7.9,74,4.9,4.6,6.0,3.7,6.2,3.9,946.03,7
2372,191,18-25,22,本科,11837.4,1023.5,15.0,8.6,26,5.7,4.4,3.6,8.7,4.1,4.1,349.46,5
2373,156,26-35,30,硕士,15511.0,3064.1,34.8,6.7,42,4.8,4.6,6.9,9.1,6.8,5.9,958.89,8
2374,78,36-45,40,高中及以下,2533.5,783.0,6.9,7.8,55,4.2,2.4,4.1,7.6,5.3,4.5,162.68,1
2375,92,18-25,22,高中及以下,3742.7,971.6,9.3,10.0,27,5.1,4.6,6.4,10.0,7.3,6.1,73.55,0
2376,79,26-35,30,高中及以下,2844.6,1260.0,17.3,10.0,5,5.7,1.5,3.0,8.4,7.8,5.3,20.34,0
2377,65,36-45,40,硕士,11896.2,1747.8,28.8,7.6,70,4.2,5.9,6.2,9.9,7.6,5.9,576.08,6
2378,195,36-45,40,本科,7294.1,948.7,14.3,8.0,44,6.2,4.7,5.7,9.7,6.0,5.4,218.18,3
2379,31,26-35,30,硕士,15834.6,2776.9,39.9,7.0,32,4.6,4.6,5.0,6.8,3.7,3.8,946.03,7
2380,40,26-35,30,硕士,10102.4,1307.0,22.5,8.3,41,5.3,1.7,4.6,6.8,7.4,5.1,310.59,4
2381,46,46-55,50,高中及以下,2717.2,1410.3,15.9,8.6,36,7.2,1.6,4.5,7.0,5.5,4.6,93.63,0
2382,161,36-45,40,本科,10012.3,1801.5,11.7,10.0,41,5.1,3.9,5.3,9.0,3.6,4.6,326.06,4
2383,118,46-55,50,高中及以下,3505.2,679.3,13.2,8.6,21,5.7,5.5,7.4,8.4,8.8,6.2,465.37,6
2384,28,26-35,30,大专,5068.4,455.6,19.1,8.2,35,6.1,2.7,5.6,7.9,4.9,4.9,81.4,0
2385,67,18-25,22,博士,13236.3,1639.8,25.0,9.2,56,4.3,3.8,2.7,7.8,6.2,4.2,404.86,5
2386,113,26-35,30,本科,8375.6,4681.1,47.9,7.0,82,2.1,6.1,6.2,6.7,8.5,5.2,1742.79,9
2387,168,18-25,22,本科,8363.9,1193.3,10.7,9.3,42,6.4,3.1,4.6,7.2,4.7,4.3,116.12,1
2388,41,26-35,30,大专,3936.5,200.0,10.2,9.3,15,4.8,1.2,6.1,10.0,7.6,6.6,176.16,2
2389,15,36-45,40,本科,7823.1,1329.9,9.5,8.9,31,4.9,2.4,3.7,7.9,3.3,3.9,84.58,0
2390,179,26-35,30,高中及以下,4206.4,4529.1,52.8,7.7,63,2.0,6.1,10.0,4.8,8.1,5.7,1808.04,9
2391,106,26-35,30,高中及以下,3515.8,2284.0,43.1,7.8,38,3.0,5.2,7.6,7.6,6.5,5.5,978.66,8
2392,197,18-25,22,高中及以下,4956.2,1602.7,12.3,9.3,5,6.0,1.4,4.0,10.0,7.0,5.8,173.08,2
2393,25,26-35,30,本科,7097.4,611.3,10.6,6.9,35,5.6,3.2,5.3,7.8,3.2,4.2,165.82,2
2394,67,55+,60,本科,6195.2,1612.8,15.1,7.0,50,5.9,2.1,7.2,6.8,5.9,5.4,404.86,5
2395,40,36-45,40,本科,5828.1,1317.3,21.1,8.8,68,7.5,3.3,5.3,7.3,7.3,5.2,310.59,4
2396,167,46-55,50,高中及以下,3850.9,3273.0,35.4,5.7,69,3.3,5.7,6.2,7.7,7.8,5.4,989.1,8
2397,22,36-45,40,硕士,9969.4,235.0,10.6,10.0,18,5.2,4.0,4.7,4.3,2.7,2.8,158.78,1
2398,156,36-45,40,硕士,10630.5,2545.1,40.5,7.7,50,3.4,4.1,6.0,4.8,8.1,4.8,958.89,8
2399,107,36-45,40,本科,7886.1,430.4,15.7,7.5,41,6.6,2.4,2.4,9.4,5.9,4.7,176.72,2
2400,174,36-45,40,博士,15899.9,719.7,19.9,10.0,26,5.5,2.8,5.2,7.4,4.5,4.5,195.72,2
2401,20,36-45,40,本科,8635.6,2180.0,20.6,8.3,21,5.7,5.6,8.4,7.3,4.4,4.9,642.68,6
2402,31,26-35,30,高中及以下,3622.5,2713.7,34.9,6.3,67,5.5,5.4,5.7,7.3,6.8,4.9,946.03,7
2403,173,36-45,40,高中及以下,4002.1,1033.6,12.5,8.1,13,4.9,2.7,5.1,8.7,5.6,5.2,208.75,3
2404,113,46-55,50,本科,11605.8,4635.0,41.9,6.8,90,2.7,7.0,7.0,7.2,3.5,4.1,1742.79,9
2405,71,36-45,40,高中及以下,4703.8,1747.6,28.7,7.0,45,3.0,3.5,6.9,6.2,5.6,4.8,690.93,7
2406,69,26-35,30,博士,15726.2,378.8,10.3,9.2,22,5.9,3.9,6.0,9.2,3.2,4.7,77.86,0
2407,87,26-35,30,博士,15575.7,1188.8,22.4,7.7,26,4.9,5.4,2.0,5.9,3.4,2.5,206.18,3
2408,112,36-45,40,高中及以下,3354.8,499.4,21.6,9.4,37,5.1,2.6,6.1,6.3,7.3,5.3,157.63,1
2409,7,18-25,22,本科,9233.0,786.3,13.8,9.9,5,6.4,2.9,6.9,7.9,5.0,5.2,319.72,4
2410,6,36-45,40,高中及以下,3285.8,2715.7,19.9,7.0,56,3.5,4.6,3.6,7.4,6.4,4.3,719.97,7
2411,113,36-45,40,博士,25874.5,4759.9,56.9,6.5,83,3.0,6.5,5.8,4.9,6.3,3.9,1742.79,9
2412,67,18-25,22,本科,5886.0,1305.6,25.4,7.1,19,6.3,1.0,9.5,5.6,5.5,5.7,404.86,5
2413,119,26-35,30,高中及以下,2504.1,2125.0,18.1,7.3,23,4.3,3.4,9.2,7.3,6.8,6.2,314.8,4
2414,167,26-35,30,大专,6096.1,3729.1,38.8,7.5,58,3.6,4.5,6.5,4.4,7.1,4.5,989.1,8
2415,66,46-55,50,高中及以下,3277.4,730.5,19.0,10.0,19,7.8,3.5,3.1,10.0,6.0,5.0,138.1,1
2416,131,46-55,50,大专,6745.2,333.9,7.0,8.9,48,4.9,2.4,3.1,8.2,6.0,4.6,158.95,1
2417,113,46-55,50,高中及以下,3183.2,5503.9,41.6,6.7,102,1.7,5.6,7.8,5.5,5.5,4.6,1742.79,9
2418,61,36-45,40,大专,6086.9,1107.9,16.6,9.6,31,5.6,2.1,8.8,6.6,5.6,5.7,123.27,1
2419,128,26-35,30,高中及以下,3029.9,735.6,10.6,9.4,30,4.1,4.1,4.9,6.5,6.0,4.4,163.96,2
2420,185,36-45,40,大专,5376.0,1283.0,18.5,7.8,8,5.6,1.4,6.7,6.0,8.2,5.8,303.08,4
2421,164,26-35,30,硕士,10981.9,1660.2,28.6,7.6,16,5.1,2.6,4.2,6.9,7.0,4.8,388.92,5
2422,8,18-25,22,硕士,13509.8,200.0,6.9,8.6,23,7.1,2.3,4.5,8.4,6.5,5.2,92.81,0
2423,53,36-45,40,硕士,8942.3,1728.2,16.1,8.8,49,4.4,3.1,5.0,4.9,5.9,4.1,273.6,4
2424,75,36-45,40,本科,7089.2,1105.7,9.8,8.4,44,5.4,4.2,4.7,6.1,3.7,3.5,337.61,5
2425,167,55+,60,硕士,16899.6,3696.5,42.4,6.3,43,4.2,4.1,8.3,4.3,6.4,4.8,989.1,8
2426,125,26-35,30,硕士,14894.2,3986.2,46.3,6.8,58,4.9,4.9,7.6,4.5,4.1,3.9,1326.71,8
2427,133,26-35,30,高中及以下,4080.9,274.4,20.7,7.6,51,6.4,3.8,5.2,9.7,3.5,4.7,238.31,3
2428,118,36-45,40,本科,7841.9,2053.9,19.6,7.3,44,5.4,3.1,6.0,4.2,6.7,4.4,465.37,6
2429,52,26-35,30,高中及以下,2477.3,1477.3,11.6,9.6,30,7.7,1.0,5.5,7.4,6.4,5.4,75.42,0
2430,31,46-55,50,本科,9130.7,3043.6,26.0,8.5,40,4.1,5.6,7.3,3.1,6.3,4.0,946.03,7
2431,47,36-45,40,高中及以下,3670.9,1883.4,19.4,6.8,19,4.0,3.4,6.6,7.7,3.3,4.5,427.14,6
2432,113,18-25,22,硕士,10254.3,4820.6,60.4,7.0,54,3.1,7.8,5.9,5.4,6.2,3.9,1742.79,9
2433,151,36-45,40,高中及以下,2716.2,1141.5,12.2,9.7,27,3.9,1.6,5.2,6.7,4.5,4.5,209.86,3
2434,190,26-35,30,高中及以下,2114.8,286.8,14.9,8.6,7,4.4,1.0,3.7,8.6,6.1,5.1,94.96,0
2435,197,26-35,30,高中及以下,2784.3,1577.5,22.0,8.8,21,5.0,3.7,7.1,5.3,3.0,3.9,173.08,2
2436,9,18-25,22,博士,26498.9,1218.9,12.2,10.0,9,4.9,1.5,3.2,8.6,5.1,4.6,255.33,4
2437,195,55+,60,博士,19396.7,1092.5,17.3,7.2,38,6.0,3.3,4.8,6.9,5.1,4.3,218.18,3
2438,80,46-55,50,硕士,9777.0,683.5,19.4,7.9,23,4.5,2.6,2.0,6.9,4.5,3.5,119.14,1
2439,198,46-55,50,高中及以下,3718.0,200.0,15.0,8.9,29,7.3,1.0,5.8,10.0,5.5,5.9,157.31,1
2440,145,18-25,22,硕士,15634.0,1088.8,20.6,8.7,8,4.9,2.3,2.6,7.1,5.4,4.0,324.35,4
2441,162,55+,60,硕士,12058.5,1600.2,16.6,9.3,18,4.1,2.9,5.4,7.0,4.6,4.4,472.76,6
2442,173,55+,60,高中及以下,3952.4,882.1,8.2,8.1,36,3.6,2.9,4.3,9.6,6.0,5.3,208.75,3
2443,36,46-55,50,本科,9237.7,740.5,13.2,8.2,39,5.8,4.0,4.9,6.9,3.0,3.7,182.89,2
2444,96,55+,60,大专,6196.4,1181.1,14.3,9.4,12,5.5,2.3,7.7,9.3,8.1,6.8,199.56,2
2445,64,46-55,50,高中及以下,3218.0,706.6,22.3,6.4,19,3.6,3.2,3.4,6.8,5.0,3.9,334.46,4
2446,24,46-55,50,高中及以下,2598.6,631.1,9.3,9.6,5,5.5,3.7,4.8,6.9,4.5,4.1,86.11,0
2447,47,26-35,30,大专,4773.1,1928.9,25.1,8.0,66,4.3,3.4,3.0,5.5,8.1,4.3,427.14,6
2448,11,36-45,40,硕士,12060.0,837.6,14.8,8.6,28,7.0,3.4,5.5,8.5,6.1,5.3,93.16,0
2449,84,46-55,50,高中及以下,1852.0,1577.6,11.6,9.3,39,3.8,2.8,6.5,7.2,4.6,4.8,66.12,0
2450,53,26-35,30,硕士,9207.8,1369.3,9.7,8.5,32,4.8,2.3,5.8,8.4,8.6,6.2,273.6,4
2451,105,26-35,30,本科,6599.5,200.0,15.4,8.1,8,6.0,3.5,5.9,7.8,2.7,4.2,222.31,3
2452,95,55+,60,大专,4048.7,969.9,11.9,10.0,14,6.7,1.6,3.4,5.8,3.0,3.3,34.35,0
2453,125,46-55,50,大专,6877.5,3831.1,44.4,7.7,61,4.4,6.5,8.3,5.7,3.3,4.0,1326.71,8
2454,186,36-45,40,大专,3867.0,986.6,11.8,9.4,38,5.9,1.9,3.0,8.0,6.2,4.6,238.23,3
2455,185,18-25,22,硕士,6827.6,1328.2,11.9,9.3,57,6.2,5.5,4.9,6.9,5.9,4.3,303.08,4
2456,177,36-45,40,高中及以下,3723.4,2539.9,34.2,9.6,48,6.6,3.5,7.8,9.5,6.9,6.4,634.94,6
2457,65,18-25,22,硕士,9136.4,1844.4,27.0,5.8,14,3.5,2.5,7.7,5.9,8.5,6.0,576.08,6
2458,177,46-55,50,高中及以下,3172.3,2257.1,23.5,7.4,74,5.1,3.5,4.4,5.0,8.1,4.5,634.94,6
2459,9,18-25,22,高中及以下,4859.0,1431.8,16.4,8.0,25,5.5,5.2,2.8,5.4,4.3,2.8,255.33,4
2460,135,46-55,50,本科,7897.9,2922.6,31.7,9.9,43,4.4,2.6,5.9,5.9,6.8,4.9,699.2,7
2461,134,26-35,30,本科,9071.4,645.6,9.6,9.0,59,5.1,1.0,6.8,7.5,4.6,5.3,59.18,0
2462,24,18-25,22,大专,4657.8,819.7,5.1,7.0,38,6.5,2.5,5.1,9.6,4.2,5.0,86.11,0
2463,122,26-35,30,高中及以下,4270.9,1768.5,30.3,6.6,32,5.1,3.8,5.5,6.4,5.5,4.4,603.53,6
2464,31,36-45,40,本科,10818.7,2329.0,41.5,8.8,66,5.2,5.0,5.6,7.6,3.9,4.2,946.03,7
2465,186,46-55,50,高中及以下,2845.0,533.4,21.6,8.7,37,4.8,2.4,8.0,6.7,7.6,6.0,238.23,3
2466,106,46-55,50,硕士,12634.6,2536.6,29.7,8.7,66,4.1,5.1,4.9,6.4,5.2,4.0,978.66,8
2467,165,36-45,40,硕士,9190.3,2357.3,12.4,7.8,25,4.3,3.0,2.3,9.2,5.5,4.4,224.25,3
2468,110,26-35,30,硕士,8932.8,200.0,16.1,7.9,28,6.8,2.5,2.7,10.0,9.3,5.9,21.79,0
2469,45,36-45,40,硕士,9711.7,313.9,16.5,9.4,38,6.7,3.8,7.0,7.4,5.9,5.3,72.25,0
2470,27,18-25,22,高中及以下,4254.2,1449.1,23.1,7.6,5,6.5,2.3,4.3,7.3,5.1,4.4,216.09,3
2471,75,26-35,30,本科,6773.4,587.7,20.6,9.2,41,4.5,2.3,4.3,5.8,6.6,4.4,337.61,5
2472,181,36-45,40,高中及以下,2893.8,559.4,13.7,8.0,19,4.9,3.2,4.5,6.3,5.4,4.2,62.98,0
2473,6,36-45,40,本科,8283.8,2269.6,30.1,9.2,26,4.6,3.6,6.6,7.5,5.3,5.0,719.97,7
2474,73,46-55,50,硕士,10474.1,2189.2,35.0,7.5,44,3.2,4.7,5.6,8.4,5.4,4.9,709.56,7
2475,113,18-25,22,硕士,11882.3,4382.9,56.9,5.6,78,1.0,4.6,5.8,5.1,6.7,4.4,1742.79,9
2476,113,36-45,40,大专,8433.0,5528.0,55.7,8.5,66,2.3,6.7,7.6,7.5,4.9,4.8,1742.79,9
2477,53,18-25,22,本科,9209.9,1917.4,17.2,7.8,30,5.1,3.4,1.9,6.6,5.5,3.5,273.6,4
2478,87,26-35,30,高中及以下,2019.1,554.3,12.3,10.0,23,5.6,2.9,5.3,8.4,5.9,5.2,206.18,3
2479,8,55+,60,高中及以下,2322.3,200.0,6.8,8.3,18,4.9,1.1,5.3,7.7,7.1,5.6,92.81,0
2480,161,46-55,50,高中及以下,2842.7,691.0,15.6,8.7,37,4.3,4.4,3.3,4.9,6.0,3.4,326.06,4
2481,180,36-45,40,本科,6566.7,886.7,11.8,10.0,5,5.8,3.1,4.3,6.3,2.7,3.4,277.46,4
2482,113,36-45,40,本科,9890.1,5348.6,49.8,4.6,86,3.2,5.7,8.5,6.7,5.9,5.2,1742.79,9
2483,156,46-55,50,本科,5085.7,2929.2,34.4,7.3,70,4.2,3.0,6.0,6.4,5.1,4.6,958.89,8
2484,125,26-35,30,本科,6750.5,3174.8,45.3,6.4,76,2.2,3.8,5.7,4.1,6.7,4.2,1326.71,8
2485,67,18-25,22,本科,8853.3,1662.7,17.5,9.5,54,5.3,4.8,5.4,7.6,3.8,4.1,404.86,5
2486,162,46-55,50,大专,7664.3,2131.9,17.1,7.3,26,5.4,1.1,2.4,6.3,7.2,4.4,472.76,6
2487,105,36-45,40,高中及以下,3623.9,1936.7,7.6,10.0,42,4.7,3.8,5.9,8.2,7.4,5.6,222.31,3
2488,179,55+,60,硕士,17136.0,4277.7,60.7,5.3,82,2.9,5.5,5.7,5.5,4.9,3.8,1808.04,9
2489,125,36-45,40,博士,29054.0,3972.7,40.5,6.4,71,3.0,5.3,8.5,5.1,3.2,4.0,1326.71,8
2490,73,36-45,40,博士,17620.6,2233.2,26.7,8.4,43,4.2,3.9,3.7,10.0,7.1,5.4,709.56,7
2491,177,46-55,50,博士,16981.5,2206.0,29.4,7.4,5,5.2,3.1,6.0,6.5,5.8,4.8,634.94,6
2492,125,26-35,30,硕士,16581.3,4269.7,46.4,7.5,54,2.5,5.7,4.3,6.5,5.8,3.9,1326.71,8
2493,86,18-25,22,高中及以下,2703.4,1459.4,26.6,8.3,44,3.6,2.3,6.2,10.0,7.8,6.5,370.7,5
2494,148,26-35,30,本科,4693.2,2045.4,14.5,9.1,70,5.6,2.7,5.5,8.7,4.5,5.0,250.12,4
2495,174,46-55,50,本科,7835.3,1494.2,20.1,9.1,5,6.4,2.5,7.0,8.3,7.8,6.2,195.72,2
2496,3,46-55,50,本科,11414.9,1544.7,31.7,6.1,66,6.2,2.3,3.3,8.0,5.1,4.4,680.64,7
2497,68,18-25,22,硕士,10945.6,1624.1,24.3,9.5,17,6.9,2.3,5.1,7.7,5.6,4.9,213.07,3
2498,54,55+,60,高中及以下,2458.5,2573.7,24.9,6.7,28,4.7,4.0,6.8,7.6,3.8,4.6,416.13,5
2499,71,26-35,30,本科,8290.1,2632.7,21.6,9.2,20,5.5,6.4,5.1,7.2,5.6,4.2,690.93,7
2500,167,46-55,50,硕士,23716.3,3267.6,33.3,5.3,41,6.0,6.4,6.5,2.0,6.7,3.4,989.1,8
2501,91,46-55,50,博士,17588.2,782.5,18.2,10.0,36,5.1,4.0,4.1,5.7,3.2,3.1,390.98,5
2502,73,46-55,50,大专,7151.3,1549.3,25.5,8.2,32,6.3,4.8,5.5,5.6,7.2,4.5,709.56,7
2503,122,46-55,50,硕士,10098.1,1854.7,27.1,9.2,19,5.9,3.9,5.2,7.6,6.0,4.8,603.53,6
2504,59,26-35,30,博士,15685.9,2162.5,14.1,7.2,5,5.5,5.0,5.8,7.3,4.1,4.2,393.68,5
2505,135,36-45,40,本科,8453.4,2282.2,34.3,8.5,31,4.4,4.9,8.6,6.3,6.0,5.3,699.2,7
2506,5,18-25,22,博士,16190.3,920.7,5.0,8.2,18,6.8,1.0,5.6,10.0,7.8,6.5,117.43,1
2507,75,18-25,22,高中及以下,3546.4,875.7,19.2,8.6,43,4.7,4.0,3.0,8.8,4.2,4.0,337.61,5
2508,107,36-45,40,博士,16465.0,1212.8,17.4,7.0,31,5.9,1.6,5.2,7.7,4.9,4.9,176.72,2
2509,113,36-45,40,博士,18227.0,5066.4,53.2,5.7,64,3.8,6.2,6.0,8.8,3.7,4.4,1742.79,9
2510,9,36-45,40,大专,4158.1,1084.5,10.5,7.9,23,4.9,3.6,6.3,6.2,4.7,4.4,255.33,4
2511,167,18-25,22,大专,4781.7,3622.7,37.4,7.4,22,4.5,3.7,8.1,8.6,5.4,5.8,989.1,8
2512,84,18-25,22,硕士,9676.9,1266.2,14.5,7.1,7,5.6,1.0,5.2,6.8,4.9,4.7,66.12,0
2513,102,18-25,22,本科,9332.2,851.2,15.7,8.3,51,6.6,2.3,5.6,5.0,4.9,4.1,105.35,0
2514,185,26-35,30,硕士,11240.6,1227.3,18.8,7.1,50,6.6,2.9,2.8,7.5,5.3,4.0,303.08,4
2515,146,36-45,40,高中及以下,2609.4,219.1,24.8,7.2,63,5.7,3.0,6.0,8.7,2.2,4.4,43.08,0
2516,145,36-45,40,本科,6868.3,200.0,20.5,5.7,35,5.5,3.6,5.9,5.5,3.8,3.8,324.35,4
2517,118,36-45,40,硕士,15189.6,2881.0,19.8,8.4,47,4.8,3.3,6.6,9.5,2.9,5.0,465.37,6
2518,185,26-35,30,博士,21696.6,1132.2,12.9,8.4,7,6.4,1.6,6.2,8.0,2.3,4.5,303.08,4
2519,195,36-45,40,大专,4853.4,1337.3,16.4,6.5,24,6.6,3.9,7.5,5.0,6.5,4.9,218.18,3
2520,76,26-35,30,本科,8349.7,1133.8,27.3,9.4,24,5.5,3.9,6.6,7.2,5.6,5.0,161.91,1
2521,122,36-45,40,本科,9610.3,1718.5,17.2,8.1,26,5.9,4.1,8.8,9.6,5.5,6.2,603.53,6
2522,3,46-55,50,硕士,9624.2,2297.0,28.8,7.8,31,3.9,3.2,4.5,8.0,5.5,4.7,680.64,7
2523,159,36-45,40,高中及以下,4151.1,1192.4,12.9,7.7,36,4.4,5.3,4.5,7.6,2.6,3.4,286.16,4
2524,177,36-45,40,硕士,13231.9,2451.0,21.2,8.5,42,5.7,5.0,6.5,8.8,5.6,5.3,634.94,6
2525,118,46-55,50,硕士,9534.2,3027.0,17.4,8.4,50,6.6,3.8,5.3,7.2,7.7,5.2,465.37,6
2526,40,46-55,50,本科,6730.4,1544.4,12.0,10.0,27,6.3,4.7,5.2,7.2,3.6,3.9,310.59,4
2527,90,46-55,50,博士,13737.9,791.9,15.2,9.5,40,5.7,3.5,5.5,6.8,3.4,4.0,163.54,2
2528,128,26-35,30,高中及以下,3232.4,1269.0,17.0,9.8,39,3.7,3.0,10.0,6.9,4.4,5.7,163.96,2
2529,176,26-35,30,大专,5188.1,1113.1,13.4,9.2,18,5.3,3.4,4.2,8.3,4.8,4.5,150.36,1
2530,127,46-55,50,大专,5881.3,745.7,5.0,9.7,20,7.6,2.5,5.7,6.9,6.7,5.2,84.24,0
2531,150,46-55,50,大专,5486.6,752.0,12.5,9.9,30,6.1,1.0,6.3,8.7,7.5,6.3,190.66,2
2532,113,26-35,30,硕士,14268.8,5558.5,55.7,4.2,47,1.9,6.6,5.8,4.3,5.6,3.5,1742.79,9
2533,113,26-35,30,大专,4481.1,5527.0,47.8,6.1,86,3.0,6.3,8.5,4.9,5.2,4.4,1742.79,9
2534,50,18-25,22,高中及以下,3418.1,1169.4,10.0,8.4,16,6.9,2.6,5.2,5.6,6.0,4.4,205.22,3
2535,102,26-35,30,本科,6919.7,1061.1,16.2,9.3,21,4.6,1.5,6.3,9.3,4.1,5.4,105.35,0
2536,106,46-55,50,硕士,14531.1,3547.8,41.5,7.6,63,4.9,3.9,5.5,6.4,4.7,4.2,978.66,8
2537,7,46-55,50,本科,10217.3,2087.2,20.2,9.0,38,5.5,3.8,5.3,8.6,4.5,4.7,319.72,4
2538,167,55+,60,高中及以下,5433.7,3598.5,36.7,6.5,49,3.1,3.3,5.2,10.0,7.2,5.9,989.1,8
2539,125,46-55,50,高中及以下,4384.3,3826.1,42.7,7.3,40,4.3,6.0,5.9,7.1,6.3,4.7,1326.71,8
2540,9,55+,60,高中及以下,3264.9,1321.1,13.0,8.9,38,2.7,1.6,2.5,9.5,7.2,5.3,255.33,4
2541,179,18-25,22,硕士,14045.2,5042.1,45.8,4.8,106,1.1,6.5,7.8,3.9,4.9,3.8,1808.04,9
2542,122,26-35,30,大专,4822.0,2125.1,33.0,6.8,13,4.5,3.9,5.3,4.1,4.8,3.5,603.53,6
2543,87,26-35,30,大专,4483.4,448.8,18.7,9.4,12,4.6,3.5,4.9,6.7,4.9,4.2,206.18,3
2544,39,26-35,30,硕士,9757.6,1048.1,9.0,10.0,26,6.1,5.1,4.9,7.5,6.4,4.6,180.7,2
2545,70,18-25,22,本科,7191.5,728.9,20.7,8.8,27,4.8,2.2,4.5,8.2,6.1,5.1,213.02,3
2546,91,46-55,50,大专,5035.0,1234.2,20.5,8.9,37,5.0,3.8,6.8,6.7,4.8,4.7,390.98,5
2547,125,18-25,22,高中及以下,4273.5,4552.9,47.4,4.5,74,4.9,7.4,6.7,4.5,5.9,3.8,1326.71,8
2548,179,26-35,30,博士,25498.6,5923.1,54.0,5.2,58,2.8,6.3,9.0,5.2,2.3,3.8,1808.04,9
2549,3,18-25,22,本科,8779.9,2460.8,27.3,10.0,60,4.3,3.3,6.4,5.3,6.6,4.8,680.64,7
2550,73,36-45,40,高中及以下,4317.6,3161.8,31.3,8.3,14,4.3,3.8,5.9,5.4,6.0,4.4,709.56,7
2551,65,26-35,30,硕士,14546.3,1625.0,19.2,8.0,5,4.3,3.4,10.0,6.8,8.9,6.9,576.08,6
2552,166,36-45,40,本科,7395.2,1566.6,14.5,9.2,23,3.7,3.0,4.7,5.2,5.3,3.9,337.67,5
2553,99,55+,60,硕士,7708.8,1280.5,10.8,9.9,30,6.0,3.0,3.6,9.2,5.9,4.9,117.38,1
2554,138,18-25,22,硕士,9948.2,1251.7,14.1,8.8,16,4.8,4.4,5.7,7.8,4.9,4.6,334.79,4
2555,136,18-25,22,高中及以下,3488.9,200.0,10.9,7.2,42,6.5,2.0,4.2,8.9,5.1,4.9,67.81,0
2556,6,36-45,40,大专,6654.7,2445.0,26.8,6.1,23,5.9,4.3,5.7,7.1,6.4,4.9,719.97,7
2557,70,18-25,22,本科,7124.8,306.8,20.9,9.8,18,5.6,3.8,3.0,5.7,5.9,3.6,213.02,3
2558,179,18-25,22,硕士,17467.2,4391.1,59.3,4.9,80,2.3,5.9,7.9,3.7,5.0,3.9,1808.04,9
2559,153,36-45,40,本科,7695.8,1030.1,22.9,8.4,5,6.8,4.6,6.5,8.7,2.1,4.3,187.21,2
2560,179,46-55,50,硕士,15413.1,4529.3,52.0,7.7,88,1.5,4.9,6.7,6.9,7.6,5.4,1808.04,9
2561,124,36-45,40,大专,5995.9,1260.1,17.2,9.2,39,4.9,3.0,4.8,6.8,5.3,4.4,266.9,4
2562,135,36-45,40,硕士,8577.8,3239.0,28.5,9.3,27,2.5,4.9,7.8,7.4,6.5,5.5,699.2,7
2563,180,55+,60,大专,6068.9,1087.0,20.8,7.8,35,6.0,3.1,3.6,7.8,6.2,4.6,277.46,4
2564,166,36-45,40,本科,6307.4,753.0,19.5,7.8,30,3.9,1.5,6.6,6.6,6.1,5.3,337.67,5
2565,71,55+,60,高中及以下,4418.6,2634.1,24.9,8.3,17,3.9,3.3,5.6,4.1,6.9,4.3,690.93,7
2566,125,18-25,22,硕士,14562.8,3113.2,54.7,7.7,75,3.1,4.9,5.9,2.9,7.8,4.0,1326.71,8
2567,6,26-35,30,本科,8217.8,1705.9,25.2,8.3,38,4.9,5.6,4.8,4.6,3.8,3.0,719.97,7
2568,179,26-35,30,本科,9330.9,4999.0,55.7,4.9,37,2.7,5.9,6.8,2.4,3.8,2.9,1808.04,9
2569,177,36-45,40,高中及以下,3303.0,1846.0,28.0,8.2,69,6.2,2.7,5.6,7.8,5.5,5.0,634.94,6
2570,64,18-25,22,大专,4262.1,1100.0,23.3,8.4,23,6.2,1.1,7.6,4.4,7.7,5.5,334.46,4
2571,57,36-45,40,高中及以下,2669.7,416.7,14.8,9.4,40,5.8,1.2,6.5,3.2,5.4,4.1,108.94,1
2572,140,36-45,40,大专,4945.2,1727.0,19.8,8.3,9,5.8,3.6,6.7,9.1,5.4,5.5,186.32,2
2573,0,18-25,22,大专,5069.6,494.3,15.5,10.0,46,6.1,3.1,3.1,9.6,9.0,5.8,243.89,3
2574,89,36-45,40,本科,6328.5,1376.0,11.7,7.9,43,4.8,3.4,5.5,7.0,6.3,4.9,247.96,3
2575,68,26-35,30,高中及以下,3227.4,260.7,15.4,9.1,37,6.1,2.1,4.2,3.9,5.1,3.5,213.07,3
2576,9,46-55,50,硕士,12083.5,423.2,19.0,10.0,10,6.2,2.6,3.8,7.2,3.3,3.7,255.33,4
2577,69,18-25,22,高中及以下,3990.2,1358.6,14.2,10.0,31,6.4,3.8,5.9,4.4,6.9,4.4,77.86,0
2578,73,26-35,30,高中及以下,3923.6,2381.2,26.4,7.0,46,5.0,4.8,6.2,5.1,9.7,5.3,709.56,7
2579,167,36-45,40,博士,22673.3,3037.8,36.2,8.9,87,4.6,4.6,8.4,7.7,6.7,5.9,989.1,8
2580,166,55+,60,本科,6227.1,1026.8,25.9,9.6,53,4.0,5.3,5.6,6.0,5.2,4.0,337.67,5
2581,175,46-55,50,高中及以下,2833.3,1312.0,19.6,7.5,37,6.1,4.5,6.0,7.7,8.2,5.6,339.4,5
2582,29,18-25,22,硕士,7897.6,216.0,7.0,7.6,5,4.5,2.6,3.1,9.8,2.7,4.1,110.86,1
2583,47,26-35,30,本科,6466.7,1055.9,30.0,8.1,40,6.9,3.8,6.0,7.6,6.7,5.3,427.14,6
2584,36,46-55,50,本科,11043.9,898.7,20.1,8.8,24,6.0,1.9,5.0,9.6,5.1,5.4,182.89,2
2585,125,26-35,30,本科,8798.4,4272.5,51.7,7.0,58,3.6,5.7,3.5,5.9,3.3,2.8,1326.71,8
2586,65,46-55,50,硕士,12243.9,1945.2,25.6,8.7,27,6.0,3.2,5.2,3.2,7.3,4.0,576.08,6
2587,165,46-55,50,高中及以下,4075.6,1479.8,19.5,8.0,5,4.8,2.9,6.7,8.0,4.5,5.1,224.25,3
2588,183,36-45,40,高中及以下,3468.5,1321.2,20.5,7.7,14,6.6,2.0,4.7,8.1,4.6,4.7,240.44,3
2589,3,46-55,50,高中及以下,3660.5,1719.3,28.4,8.7,53,4.2,3.0,5.7,6.6,6.6,5.0,680.64,7
2590,106,46-55,50,硕士,14598.6,3593.9,40.2,6.7,63,2.2,3.2,5.8,6.4,6.0,4.7,978.66,8
2591,191,36-45,40,硕士,13074.7,574.8,20.5,8.8,48,4.6,1.8,7.1,7.8,4.7,5.3,349.46,5
2592,118,36-45,40,本科,8105.2,1519.9,20.5,8.4,31,4.2,1.4,5.2,5.9,4.7,4.3,465.37,6
2593,162,46-55,50,硕士,11677.7,1991.0,20.3,9.7,54,3.6,2.5,5.3,4.3,7.1,4.4,472.76,6
2594,113,26-35,30,硕士,11159.6,4510.1,46.4,7.1,82,0.5,4.8,4.4,4.9,5.8,3.6,1742.79,9
2595,156,26-35,30,硕士,13005.6,2795.4,39.5,8.1,56,3.0,5.7,5.9,6.3,7.4,4.8,958.89,8
2596,36,26-35,30,大专,6696.4,200.0,28.0,10.0,31,7.1,3.0,6.5,8.7,5.3,5.4,182.89,2
2597,137,18-25,22,大专,4375.6,534.5,9.5,7.6,29,6.0,1.2,2.3,8.3,4.6,4.2,107.55,1
2598,165,46-55,50,大专,4350.0,721.3,14.1,7.7,24,6.8,3.7,4.4,5.1,6.1,3.9,224.25,3
2599,152,55+,60,本科,9981.3,633.9,12.8,8.9,28,4.3,3.8,3.6,7.9,6.8,4.7,75.19,0
2600,71,18-25,22,高中及以下,3177.5,1993.8,28.8,7.8,35,5.6,5.5,4.1,5.8,4.0,3.2,690.93,7
2601,73,36-45,40,本科,12566.7,2617.9,30.6,7.9,57,6.6,2.5,4.3,5.4,5.0,3.8,709.56,7
2602,192,36-45,40,博士,16601.9,621.9,13.2,8.4,69,4.6,3.8,5.8,4.7,4.4,3.7,183.85,2
2603,179,26-35,30,高中及以下,4598.4,4514.6,55.3,6.6,88,2.3,5.2,7.0,3.9,7.9,4.6,1808.04,9
2604,113,26-35,30,博士,20113.2,4670.2,52.0,7.2,58,1.9,7.9,7.7,6.2,5.0,4.3,1742.79,9
2605,141,18-25,22,高中及以下,4123.5,1364.3,27.7,8.2,25,3.0,3.7,5.9,8.8,6.6,5.6,548.48,6
2606,165,36-45,40,本科,7402.2,388.9,21.7,8.7,34,4.2,3.0,5.4,7.4,6.6,5.1,224.25,3
2607,122,46-55,50,博士,14905.2,2020.0,24.6,6.0,38,6.2,3.0,6.0,5.3,5.7,4.4,603.53,6
2608,12,46-55,50,本科,9864.7,1262.3,5.1,8.4,61,6.4,3.7,6.9,5.5,3.7,4.1,189.04,2
2609,106,26-35,30,硕士,12851.3,2980.0,28.2,6.7,41,6.2,6.5,7.8,5.4,7.5,5.0,978.66,8
2610,168,18-25,22,博士,15520.3,200.0,8.6,6.8,41,4.9,3.1,6.8,7.6,4.5,5.0,116.12,1
2611,72,36-45,40,硕士,10253.6,237.6,12.9,8.5,15,8.4,2.0,4.4,6.6,5.0,4.3,143.19,1
2612,113,36-45,40,硕士,12516.7,4545.9,57.2,7.4,80,2.5,6.5,5.6,5.3,5.6,3.8,1742.79,9
2613,48,26-35,30,硕士,11115.7,576.3,5.8,9.5,28,3.8,2.0,4.4,10.0,9.8,6.6,209.27,3
2614,167,18-25,22,高中及以下,5383.1,2371.0,32.1,6.5,66,4.6,4.9,6.3,6.1,7.3,4.9,989.1,8
2615,48,46-55,50,硕士,8001.8,756.4,16.5,8.7,35,6.8,3.4,4.0,9.0,5.1,4.7,209.27,3
2616,155,26-35,30,高中及以下,4116.3,200.0,10.4,7.8,22,6.7,1.3,5.9,9.5,5.4,5.8,72.65,0
2617,131,36-45,40,本科,8573.3,719.9,7.7,8.0,22,5.3,2.1,5.4,8.9,6.5,5.6,158.95,1
2618,180,36-45,40,高中及以下,4899.5,1294.1,20.4,9.4,16,7.1,2.6,3.2,5.7,4.1,3.3,277.46,4
2619,122,55+,60,本科,7845.2,1647.1,31.9,7.9,34,4.4,5.0,6.7,5.3,4.1,3.9,603.53,6
2620,141,26-35,30,本科,7086.7,1411.4,23.1,8.3,50,5.7,3.7,2.5,5.8,6.3,3.6,548.48,6
2621,197,55+,60,高中及以下,3454.2,200.0,17.5,8.4,21,5.7,1.8,7.4,6.2,7.8,5.9,173.08,2
2622,73,26-35,30,本科,9383.4,2989.7,22.2,8.3,33,4.0,4.9,5.9,5.0,6.3,4.2,709.56,7
2623,57,55+,60,硕士,8590.7,1157.7,8.9,8.6,52,5.7,3.2,6.0,5.1,6.0,4.4,108.94,1
2624,75,18-25,22,博士,16975.0,2060.4,26.4,8.9,37,5.5,2.8,4.2,8.1,8.3,5.5,337.61,5
2625,141,26-35,30,博士,12943.4,1686.0,23.5,7.3,32,5.3,4.1,6.4,7.7,4.1,4.6,548.48,6
2626,106,26-35,30,本科,9584.5,2157.5,27.1,7.8,61,6.9,4.0,6.4,3.8,5.4,3.9,978.66,8
2627,125,46-55,50,本科,9210.2,4629.2,37.2,6.6,58,3.8,5.8,5.8,4.8,5.4,3.7,1326.71,8
2628,191,46-55,50,博士,20081.1,1590.4,28.1,8.5,5,3.5,4.7,6.6,8.0,6.3,5.3,349.46,5
2629,113,26-35,30,博士,19089.0,4408.3,51.6,5.9,51,4.1,6.9,10.0,2.3,7.1,4.6,1742.79,9
2630,135,36-45,40,高中及以下,4507.8,2746.9,26.9,8.0,45,4.3,3.5,4.7,7.3,7.1,5.0,699.2,7
2631,35,36-45,40,硕士,14133.3,441.3,6.9,8.4,5,6.3,3.2,3.4,9.7,6.4,5.1,43.78,0
2632,72,55+,60,硕士,12864.4,695.2,14.1,8.6,41,7.4,3.0,5.2,8.2,5.8,5.1,143.19,1
2633,165,26-35,30,大专,4801.0,921.5,14.2,8.7,5,4.8,4.5,4.0,9.4,5.9,4.9,224.25,3
2634,0,55+,60,大专,4868.2,557.4,25.2,8.5,9,5.0,4.4,1.3,10.0,7.9,4.9,243.89,3
2635,125,36-45,40,硕士,14131.2,3362.5,40.1,5.0,44,3.6,3.5,4.8,4.6,5.8,3.8,1326.71,8
2636,156,36-45,40,高中及以下,3307.6,3340.8,33.0,7.6,25,5.5,3.8,8.5,7.6,6.0,5.8,958.89,8
2637,73,36-45,40,本科,9994.5,1886.2,28.7,8.4,32,3.9,3.3,5.1,9.7,5.9,5.4,709.56,7
2638,67,36-45,40,大专,4323.6,1534.4,27.8,9.2,46,5.3,3.4,7.0,5.5,4.9,4.5,404.86,5
2639,52,36-45,40,本科,7580.5,355.8,6.4,9.6,7,5.4,3.6,8.2,6.8,6.1,5.5,75.42,0
2640,156,46-55,50,大专,5841.8,3681.1,32.9,6.8,75,3.9,2.8,7.4,4.6,3.8,4.1,958.89,8
2641,194,26-35,30,高中及以下,3494.5,736.8,16.8,7.2,9,4.9,2.6,4.7,8.2,5.3,4.8,176.48,2
2642,145,36-45,40,高中及以下,3432.7,1152.5,14.8,9.2,40,4.8,3.1,5.3,9.1,6.7,5.6,324.35,4
2643,159,26-35,30,本科,10325.0,1193.7,27.0,9.1,28,5.9,3.0,3.8,8.4,6.9,5.0,286.16,4
2644,71,46-55,50,大专,5186.0,2010.3,29.9,7.2,59,3.5,5.1,5.4,4.8,6.5,4.0,690.93,7
2645,145,55+,60,大专,3737.7,1582.9,17.7,8.4,23,4.8,3.0,5.5,7.4,4.4,4.5,324.35,4
2646,125,46-55,50,高中及以下,5530.2,2888.1,37.7,8.5,72,3.8,5.2,4.0,6.1,4.1,3.3,1326.71,8
2647,31,18-25,22,本科,8345.7,2932.3,31.8,8.9,52,5.3,6.4,5.8,5.4,4.7,3.6,946.03,7
2648,135,36-45,40,硕士,12582.4,1299.9,18.2,6.4,25,5.7,5.6,4.5,8.1,2.1,3.4,699.2,7
2649,180,26-35,30,高中及以下,2502.0,1274.0,14.5,9.5,36,6.3,3.0,3.9,7.1,7.4,4.8,277.46,4
2650,113,26-35,30,本科,11261.3,4632.9,56.2,7.0,69,3.3,4.8,7.4,6.1,6.4,5.0,1742.79,9
2651,176,26-35,30,本科,5826.0,1391.9,15.9,9.4,32,6.9,1.3,5.5,7.6,4.0,4.7,150.36,1
2652,179,36-45,40,本科,9042.6,5278.6,48.4,6.9,76,1.2,6.2,8.9,4.0,4.4,4.1,1808.04,9
2653,16,18-25,22,本科,6365.9,419.6,5.6,8.1,32,6.3,1.9,4.2,9.7,7.0,5.7,53.9,0
2654,167,26-35,30,高中及以下,2338.1,3478.0,32.8,7.8,36,2.9,5.3,5.6,6.8,7.2,4.8,989.1,8
2655,113,18-25,22,硕士,14001.0,4530.1,59.7,6.6,92,2.2,5.2,6.3,6.8,8.1,5.3,1742.79,9
2656,133,55+,60,硕士,11067.2,1777.4,13.0,8.2,34,5.2,2.6,4.5,8.0,4.7,4.5,238.31,3
2657,27,18-25,22,高中及以下,4164.4,1732.4,8.9,7.4,23,4.8,2.9,4.5,8.3,5.9,4.9,216.09,3
2658,28,18-25,22,硕士,9636.5,200.0,10.0,8.5,37,4.5,3.2,4.2,8.1,8.2,5.4,81.4,0
2659,149,26-35,30,本科,6559.5,1294.3,10.2,8.3,30,6.0,3.7,1.0,6.0,6.6,3.4,199.73,2
2660,167,36-45,40,博士,18500.8,2943.5,29.4,7.8,49,4.4,5.4,4.2,4.7,5.2,3.3,989.1,8
2661,194,36-45,40,大专,3948.7,1397.5,10.8,8.6,31,6.1,1.5,4.0,8.0,7.4,5.3,176.48,2
2662,179,36-45,40,硕士,11394.6,4804.9,52.3,5.5,91,1.0,6.0,7.4,4.0,4.1,3.6,1808.04,9
2663,165,18-25,22,本科,6557.6,200.0,14.5,8.2,19,5.9,2.2,4.3,8.4,4.3,4.5,224.25,3
2664,191,36-45,40,高中及以下,3142.2,1875.7,23.6,9.1,51,5.2,3.4,4.7,6.0,7.9,4.8,349.46,5
2665,145,26-35,30,硕士,11970.9,789.2,12.4,8.3,48,6.2,3.7,8.5,6.6,8.4,6.2,324.35,4
2666,197,46-55,50,大专,3840.4,1342.9,6.8,9.9,48,6.0,3.5,4.9,9.1,4.9,4.9,173.08,2
2667,82,26-35,30,本科,6249.3,2315.7,33.2,10.0,34,4.2,2.7,3.2,7.6,7.9,5.0,650.6,7
2668,7,46-55,50,大专,5812.8,1872.9,25.2,9.4,40,5.3,2.2,7.0,4.7,5.3,4.5,319.72,4
2669,150,26-35,30,高中及以下,2986.4,402.2,18.2,8.1,5,5.1,2.7,7.3,6.2,3.6,4.5,190.66,2
2670,55,36-45,40,大专,3553.2,1123.2,19.4,8.5,5,6.2,3.0,5.8,6.6,6.4,4.9,376.64,5
2671,82,55+,60,博士,20205.5,2556.1,26.1,9.1,23,6.5,3.6,6.8,6.1,5.1,4.6,650.6,7
2672,65,18-25,22,博士,18313.2,1837.0,25.7,8.9,54,4.2,4.4,4.8,7.7,5.0,4.4,576.08,6
2673,1,55+,60,本科,6894.5,200.0,10.7,8.6,20,4.1,2.5,2.5,8.2,4.5,4.0,129.25,1
2674,113,26-35,30,高中及以下,4741.6,5081.1,56.6,6.5,71,2.3,5.9,6.9,5.6,4.2,3.9,1742.79,9
2675,17,26-35,30,本科,6512.9,924.1,15.0,8.7,9,6.6,2.7,8.5,7.7,5.2,5.7,203.21,3
2676,54,18-25,22,本科,8503.1,1574.7,11.9,8.2,45,4.5,3.1,3.8,9.2,6.2,5.0,416.13,5
2677,89,46-55,50,大专,6506.8,1679.3,16.0,9.4,13,5.9,1.7,5.0,5.5,8.9,5.3,247.96,3
2678,113,36-45,40,硕士,12319.5,4834.7,53.4,7.5,101,2.1,8.1,9.1,5.0,6.9,4.8,1742.79,9
2679,156,46-55,50,大专,5999.6,2833.4,34.0,6.9,62,4.8,5.9,4.5,7.7,3.6,3.7,958.89,8
2680,50,46-55,50,本科,5434.8,904.3,19.3,8.1,25,5.7,2.3,4.1,8.6,3.8,4.4,205.22,3
2681,108,36-45,40,高中及以下,3449.6,738.3,11.3,9.0,16,5.6,3.5,6.9,7.4,5.9,5.3,192.01,2
2682,140,36-45,40,大专,3084.8,1074.6,10.7,7.3,29,6.5,3.0,3.5,5.6,3.8,3.3,186.32,2
2683,125,46-55,50,硕士,16643.5,4034.1,42.5,5.1,75,4.1,5.5,5.1,4.6,4.5,3.3,1326.71,8
2684,35,36-45,40,硕士,9842.4,1275.3,11.0,7.5,5,6.8,2.5,3.6,9.0,5.3,4.8,43.78,0
2685,167,26-35,30,本科,5750.2,3601.8,34.4,6.7,51,4.7,5.7,5.8,7.5,6.3,4.8,989.1,8
2686,3,26-35,30,高中及以下,3251.6,2633.1,33.9,7.7,55,3.7,4.5,5.1,5.7,5.1,3.9,680.64,7
2687,98,46-55,50,高中及以下,2366.4,1101.4,11.5,8.1,38,6.3,2.8,5.8,10.0,2.8,4.9,149.17,1
2688,68,18-25,22,本科,8906.4,932.5,19.8,7.5,28,6.1,3.3,3.9,6.1,5.6,4.0,213.07,3
2689,20,36-45,40,高中及以下,4144.2,2140.1,25.0,9.2,28,4.7,3.0,5.2,7.7,5.4,4.8,642.68,6
2690,156,26-35,30,大专,6281.6,2977.6,38.8,8.0,24,4.7,6.1,8.1,6.3,5.4,4.8,958.89,8
2691,175,26-35,30,本科,7185.8,1269.9,15.1,7.8,31,5.8,5.3,5.4,10.0,5.2,5.1,339.4,5
2692,113,26-35,30,大专,6456.4,4454.7,65.7,5.9,74,2.5,6.2,5.7,4.2,8.1,4.3,1742.79,9
2693,119,46-55,50,大专,3418.9,1721.6,19.0,8.7,12,6.2,2.5,5.0,9.0,6.2,5.4,314.8,4
2694,118,55+,60,高中及以下,4032.6,1233.9,10.7,9.1,42,6.2,5.1,4.6,5.7,7.2,4.3,465.37,6
2695,77,26-35,30,博士,16286.3,756.8,13.2,9.3,36,5.8,2.2,4.9,7.8,4.4,4.6,110.06,1
2696,113,36-45,40,大专,7017.7,4005.4,59.5,6.6,74,3.5,7.5,7.4,4.2,7.2,4.3,1742.79,9
2697,118,36-45,40,博士,13130.1,2278.4,22.5,7.9,19,4.8,3.8,6.3,6.4,7.9,5.3,465.37,6
2698,198,36-45,40,硕士,9223.2,1146.7,14.3,10.0,45,4.2,2.4,3.6,8.1,5.7,4.6,157.31,1
2699,73,36-45,40,高中及以下,3636.2,2658.7,36.9,8.1,57,4.1,6.6,4.7,3.0,6.3,3.1,709.56,7
2700,161,36-45,40,本科,4875.8,1124.2,18.0,10.0,7,7.2,2.2,5.3,6.5,8.7,5.5,326.06,4
2701,65,36-45,40,本科,8352.0,1279.8,15.5,7.4,47,6.7,3.8,6.3,7.9,6.2,5.3,576.08,6
2702,68,26-35,30,硕士,9410.1,1424.5,16.2,8.7,23,5.7,1.2,4.3,9.7,3.2,4.7,213.07,3
2703,6,18-25,22,本科,12266.3,1613.9,29.5,8.1,52,4.6,5.5,6.2,8.6,5.8,5.1,719.97,7
2704,31,26-35,30,硕士,13308.7,2192.8,27.1,8.0,56,4.9,4.1,7.1,5.0,3.6,3.9,946.03,7
2705,89,46-55,50,高中及以下,3233.0,2026.8,10.9,10.0,38,4.9,3.6,5.8,6.3,5.1,4.4,247.96,3
2706,165,26-35,30,本科,8157.3,1425.4,14.1,8.3,26,6.0,2.0,6.0,5.5,6.6,4.9,224.25,3
2707,113,36-45,40,博士,15017.3,5138.1,59.2,7.9,91,2.5,5.2,7.6,5.3,5.6,4.5,1742.79,9
2708,98,18-25,22,硕士,9211.8,1277.4,13.0,9.2,11,6.3,2.7,6.0,7.9,6.7,5.5,149.17,1
2709,167,46-55,50,硕士,20074.2,2729.6,33.2,7.8,77,6.4,4.4,7.0,6.5,3.9,4.3,989.1,8
2710,156,26-35,30,高中及以下,3865.0,2544.8,33.7,7.9,71,4.8,5.1,6.4,5.9,5.2,4.3,958.89,8
2711,91,26-35,30,高中及以下,3365.9,1981.3,22.6,7.5,26,5.5,4.9,5.3,5.9,7.6,4.7,390.98,5
2712,195,46-55,50,本科,8437.8,1669.2,5.0,8.3,17,6.6,4.0,6.8,10.0,5.6,5.8,218.18,3
2713,162,55+,60,硕士,11533.6,1261.1,25.3,7.6,51,4.9,2.7,6.0,6.4,3.5,4.2,472.76,6
2714,90,26-35,30,大专,5551.4,801.0,9.7,8.6,17,3.9,1.6,4.1,9.1,5.5,5.1,163.54,2
2715,165,18-25,22,大专,3895.3,200.0,9.3,6.5,20,5.3,2.8,7.4,6.4,2.9,4.4,224.25,3
2716,119,26-35,30,本科,7820.9,1043.4,30.5,8.3,13,5.6,3.6,5.4,8.0,4.6,4.6,314.8,4
2717,7,46-55,50,硕士,9207.7,923.0,25.0,8.2,52,3.6,4.0,6.1,8.0,4.8,4.8,319.72,4
2718,149,26-35,30,本科,9114.2,1043.3,8.2,9.7,42,4.1,2.1,6.6,10.0,8.0,6.7,199.73,2
2719,87,26-35,30,本科,8178.4,2402.8,29.9,9.2,5,5.3,2.6,5.0,8.9,6.2,5.4,206.18,3
2720,150,46-55,50,硕士,12758.5,1357.1,10.9,10.0,20,5.8,4.1,5.5,7.2,3.6,4.1,190.66,2
2721,106,26-35,30,博士,18822.0,2211.8,30.2,7.3,43,3.1,4.4,9.8,6.4,4.0,5.1,978.66,8
2722,66,36-45,40,大专,3679.4,1034.6,17.6,9.4,25,6.1,4.0,5.7,9.9,6.8,5.8,138.1,1
2723,67,55+,60,本科,11169.3,1441.5,16.0,6.3,41,4.2,4.3,6.1,4.5,6.7,4.3,404.86,5
2724,40,36-45,40,本科,8062.0,840.2,17.0,8.5,56,6.8,3.7,6.4,6.8,4.1,4.4,310.59,4
2725,179,26-35,30,硕士,12542.9,4567.5,54.4,6.2,78,2.7,5.2,6.5,5.0,5.3,4.1,1808.04,9
2726,185,26-35,30,高中及以下,2017.6,1121.5,25.2,8.2,42,4.8,3.6,4.8,7.7,6.2,4.8,303.08,4
2727,144,36-45,40,本科,8079.7,2306.2,15.6,9.0,32,4.2,4.0,6.7,10.0,5.1,5.7,192.46,2
2728,13,46-55,50,本科,6884.4,686.8,9.1,9.1,21,5.8,1.4,4.1,10.0,6.1,5.6,21.91,0
2729,108,26-35,30,高中及以下,3115.8,955.0,18.1,7.9,35,5.7,1.6,4.3,8.6,5.4,5.0,192.01,2
2730,12,36-45,40,博士,19222.9,650.1,9.8,8.8,21,6.4,3.7,5.7,7.1,5.9,4.8,189.04,2
2731,71,36-45,40,本科,8649.3,1857.1,15.9,10.0,37,2.8,3.2,6.4,6.1,7.1,5.1,690.93,7
2732,6,18-25,22,本科,5885.5,2613.9,33.4,8.8,30,5.3,6.5,6.8,6.0,3.9,3.8,719.97,7
2733,198,46-55,50,高中及以下,2939.5,734.6,17.0,8.8,20,4.9,1.9,5.1,6.5,6.2,4.8,157.31,1
2734,94,46-55,50,本科,6608.7,540.8,9.7,8.2,31,5.5,3.1,9.5,7.2,5.6,5.9,100.27,0
2735,65,36-45,40,本科,9064.8,2183.7,21.0,8.4,16,5.8,3.8,4.4,6.9,5.8,4.3,576.08,6
2736,17,18-25,22,本科,8789.5,1127.3,8.4,8.8,27,5.1,1.3,3.9,9.4,7.9,5.9,203.21,3
2737,31,26-35,30,大专,5505.0,2713.2,31.1,7.4,60,3.5,5.1,5.9,7.5,7.5,5.2,946.03,7
2738,54,26-35,30,硕士,17661.1,1297.2,15.8,8.8,28,4.6,2.7,5.4,5.9,5.0,4.3,416.13,5
2739,100,46-55,50,高中及以下,3186.0,200.0,8.2,8.4,23,7.0,4.2,4.8,7.2,3.9,3.9,36.04,0
2740,31,36-45,40,本科,8163.1,3034.1,32.9,7.9,51,4.4,6.1,3.2,4.2,4.2,2.4,946.03,7
2741,20,36-45,40,本科,8972.3,1997.6,17.1,7.1,15,3.0,2.6,7.7,8.9,1.4,4.8,642.68,6
2742,140,36-45,40,大专,6249.6,793.6,13.6,6.6,44,4.3,1.9,4.2,8.4,5.5,4.9,186.32,2
2743,124,46-55,50,高中及以下,4881.1,1438.0,21.0,8.1,15,6.0,3.1,2.6,8.9,4.9,4.2,266.9,4
2744,42,26-35,30,本科,7107.5,390.4,13.1,9.3,36,6.4,2.8,4.5,8.3,3.7,4.3,132.2,1
2745,113,26-35,30,本科,8336.7,4863.2,53.3,4.9,90,1.5,7.3,6.3,5.8,4.4,3.7,1742.79,9
2746,55,36-45,40,本科,7673.2,1128.6,19.3,7.9,45,3.3,3.2,6.2,10.0,4.6,5.5,376.64,5
2747,18,46-55,50,硕士,9456.2,200.0,8.4,10.0,31,2.9,3.8,4.1,9.6,3.6,4.4,59.86,0
2748,148,36-45,40,大专,4460.2,1524.9,14.9,7.4,24,4.0,3.2,6.0,8.4,9.1,6.3,250.12,4
2749,113,26-35,30,高中及以下,3994.8,4590.3,56.0,6.0,72,2.3,7.0,5.2,4.2,6.0,3.4,1742.79,9
2750,125,18-25,22,本科,9932.4,4197.9,37.8,6.8,35,3.1,5.3,7.4,7.1,3.4,4.4,1326.71,8
2751,32,55+,60,本科,7786.1,1074.8,10.0,9.4,12,5.1,3.7,4.4,10.0,5.1,5.0,146.42,1
2752,156,26-35,30,硕士,10046.3,2840.8,37.1,5.5,30,4.6,3.9,6.9,7.2,5.3,5.0,958.89,8
2753,157,46-55,50,本科,6675.2,657.3,10.4,8.1,25,6.5,3.0,5.5,6.4,6.0,4.7,238.37,3
2754,112,36-45,40,硕士,11307.4,1552.8,10.0,9.5,7,5.8,4.1,4.0,7.2,3.0,3.5,157.63,1
2755,175,18-25,22,本科,6306.3,989.1,23.2,9.0,46,5.2,4.0,4.3,8.7,6.4,5.0,339.4,5
2756,197,26-35,30,大专,4581.8,901.3,19.4,7.2,24,5.6,3.6,2.6,7.3,4.4,3.6,173.08,2
2757,97,26-35,30,本科,6465.6,657.2,23.0,8.9,28,5.3,3.6,2.3,5.5,4.0,2.9,192.68,2
2758,143,26-35,30,硕士,8312.8,1275.3,10.7,8.8,46,6.0,3.5,7.8,6.9,6.8,5.6,178.51,2
2759,3,26-35,30,本科,7153.9,1421.1,15.3,8.1,35,5.3,4.0,3.7,8.1,5.6,4.4,680.64,7
2760,10,36-45,40,本科,7657.8,1209.6,5.0,8.4,7,6.2,1.4,8.3,8.6,5.7,6.3,93.37,0
2761,113,36-45,40,高中及以下,4487.1,4716.0,48.8,5.5,50,3.0,7.1,6.6,1.9,6.0,3.1,1742.79,9
2762,40,46-55,50,大专,5972.4,711.5,15.4,8.9,6,4.8,1.8,4.5,7.8,5.8,4.9,310.59,4
2763,3,46-55,50,本科,9119.8,1082.3,25.1,7.2,41,5.3,3.6,3.4,6.9,6.6,4.3,680.64,7
2764,9,36-45,40,高中及以下,3832.1,1279.4,20.7,9.0,13,7.6,5.0,6.4,7.9,6.3,5.2,255.33,4
2765,22,26-35,30,大专,4844.1,2155.6,12.5,8.6,26,5.6,4.7,2.5,10.0,5.1,4.4,158.78,1
2766,179,55+,60,本科,16791.0,5766.9,56.7,4.8,72,1.3,6.6,6.9,4.9,5.7,4.1,1808.04,9
2767,138,46-55,50,博士,14470.1,1305.0,20.1,6.6,31,6.9,4.8,6.9,5.6,3.7,3.9,334.79,4
2768,162,26-35,30,大专,5017.9,1847.1,15.2,8.1,33,3.7,2.9,9.4,6.0,5.2,5.5,472.76,6
2769,39,26-35,30,硕士,9524.0,1663.4,15.9,10.0,16,5.4,3.8,6.4,5.6,4.7,4.2,180.7,2
2770,72,26-35,30,高中及以下,2776.8,920.3,13.3,9.0,59,5.9,2.1,4.3,10.0,5.8,5.4,143.19,1
2771,25,26-35,30,大专,4870.0,444.7,8.1,9.6,22,7.4,2.8,5.2,7.0,8.9,5.6,165.82,2
2772,175,55+,60,大专,4907.9,1741.7,19.6,8.8,30,3.5,2.8,8.6,6.3,6.3,5.7,339.4,5
2773,101,26-35,30,高中及以下,2955.9,205.8,19.0,9.4,22,6.0,1.9,3.1,6.6,2.2,3.1,97.45,0
2774,177,36-45,40,高中及以下,2769.7,1395.1,27.8,7.9,8,5.2,3.7,7.4,5.5,6.3,5.0,634.94,6
2775,133,26-35,30,高中及以下,4270.6,525.4,15.9,8.6,38,4.0,2.8,6.0,8.9,5.2,5.3,238.31,3
2776,179,18-25,22,博士,24267.6,4669.7,58.9,6.0,96,1.2,6.4,8.0,6.4,6.6,5.1,1808.04,9
2777,145,18-25,22,本科,6957.9,200.0,10.0,8.8,29,6.7,4.1,7.8,5.1,4.6,4.4,324.35,4
2778,115,18-25,22,本科,7981.0,736.8,9.5,8.8,23,6.3,4.2,6.0,9.5,4.9,5.2,200.65,2
2779,2,46-55,50,博士,16598.8,304.9,25.3,8.8,20,6.1,3.0,4.5,6.2,5.7,4.3,283.64,4
2780,71,55+,60,高中及以下,3626.9,2545.6,26.1,7.0,19,3.8,2.9,7.3,7.4,7.3,5.9,690.93,7
2781,125,55+,60,硕士,11507.1,3994.8,42.2,6.9,63,5.1,4.8,7.0,5.0,5.9,4.4,1326.71,8
2782,198,18-25,22,大专,5084.1,1342.1,5.2,10.0,49,7.2,1.6,6.0,8.6,3.6,5.0,157.31,1
2783,113,46-55,50,本科,10301.3,4474.5,56.5,3.9,74,4.1,4.7,9.0,4.1,6.4,4.9,1742.79,9
2784,135,26-35,30,高中及以下,4733.6,2978.1,25.4,8.0,46,4.7,4.8,4.0,8.6,5.2,4.4,699.2,7
2785,180,18-25,22,硕士,13184.2,1184.7,7.2,8.8,12,4.5,3.1,5.0,8.7,3.2,4.4,277.46,4
2786,27,26-35,30,本科,9958.7,1718.8,22.0,8.9,24,5.9,3.0,6.1,7.2,4.8,4.7,216.09,3
2787,113,36-45,40,博士,25330.3,5054.5,51.9,6.0,97,2.0,7.6,8.4,4.0,7.7,4.7,1742.79,9
2788,161,36-45,40,本科,8288.3,1518.0,17.8,7.9,17,5.6,4.2,6.0,7.6,5.9,5.0,326.06,4
2789,82,18-25,22,高中及以下,2696.1,1884.0,25.0,8.7,18,3.4,5.3,7.4,4.6,5.4,4.2,650.6,7
2790,122,55+,60,硕士,12081.0,1452.9,18.9,9.4,42,4.8,2.9,4.3,8.0,6.2,4.9,603.53,6
2791,145,55+,60,硕士,13308.3,1081.6,16.2,6.4,30,7.2,4.1,2.8,7.9,7.2,4.5,324.35,4
2792,156,36-45,40,硕士,10641.8,3300.8,38.9,8.5,71,4.3,3.7,7.7,8.4,6.0,5.8,958.89,8
2793,64,26-35,30,高中及以下,3317.2,2083.0,15.6,9.4,39,5.3,3.3,6.7,6.9,4.5,4.7,334.46,4
2794,48,36-45,40,高中及以下,3669.6,1151.9,16.0,8.6,13,4.3,2.5,6.8,9.7,6.3,6.2,209.27,3
2795,179,26-35,30,本科,13370.6,3621.8,59.0,5.9,71,4.7,4.9,5.7,4.6,7.1,4.3,1808.04,9
2796,3,26-35,30,大专,5656.2,2454.9,20.2,8.7,35,3.4,3.1,6.9,9.6,7.7,6.5,680.64,7
2797,164,55+,60,硕士,9564.5,1585.7,13.6,7.7,6,4.4,4.1,6.2,7.9,4.9,4.8,388.92,5
2798,54,18-25,22,大专,3594.7,1837.1,23.3,7.2,39,5.0,3.2,4.2,10.0,4.7,4.9,416.13,5
2799,156,26-35,30,博士,17280.3,3169.6,33.6,8.4,50,3.6,5.4,5.0,5.3,3.3,3.1,958.89,8
2800,113,36-45,40,博士,16607.1,4285.1,63.7,6.7,72,4.0,7.2,6.6,6.8,3.8,3.9,1742.79,9
2801,112,46-55,50,硕士,13880.1,2015.5,12.5,10.0,25,7.9,2.2,3.6,5.9,6.1,4.1,157.63,1
2802,75,46-55,50,本科,6766.4,1245.6,28.1,6.3,15,7.4,3.6,6.3,8.1,5.3,5.1,337.61,5
2803,179,36-45,40,高中及以下,3969.2,5048.0,59.7,6.2,60,0.8,6.4,7.0,5.6,7.4,4.8,1808.04,9
2804,41,26-35,30,博士,16883.4,1672.9,18.0,8.4,19,5.4,1.9,4.6,5.0,9.0,5.0,176.16,2
2805,7,55+,60,本科,6923.9,2097.4,18.6,7.5,47,5.4,3.0,3.9,7.9,5.6,4.5,319.72,4
2806,118,18-25,22,高中及以下,3090.7,2323.5,20.8,9.4,47,6.7,3.6,4.9,4.7,5.8,3.9,465.37,6
2807,22,55+,60,硕士,7840.3,967.3,19.2,9.1,5,5.3,4.4,5.4,9.6,5.3,5.2,158.78,1
2808,121,55+,60,高中及以下,3776.9,456.6,17.8,9.3,15,7.6,2.6,3.4,6.4,7.0,4.4,59.78,0
2809,113,26-35,30,本科,11971.0,5411.2,50.0,8.4,96,3.7,7.4,3.3,6.7,3.5,2.8,1742.79,9
2810,138,26-35,30,高中及以下,3404.0,1955.8,11.9,8.2,17,5.5,3.4,6.8,8.5,8.3,6.3,334.79,4
2811,175,46-55,50,大专,4159.7,1407.9,12.9,8.9,27,5.3,4.0,5.7,7.5,6.1,4.9,339.4,5
2812,78,36-45,40,本科,7275.0,495.9,15.6,8.6,56,5.8,2.8,4.1,9.3,5.6,5.0,162.68,1
2813,123,36-45,40,硕士,11522.8,200.0,15.6,8.8,28,5.0,3.2,2.5,9.3,6.7,4.8,36.53,0
2814,113,46-55,50,硕士,11689.3,4564.1,53.3,4.2,105,2.0,5.0,7.6,4.1,6.7,4.5,1742.79,9
2815,41,26-35,30,高中及以下,2693.4,200.0,17.9,9.5,33,6.9,3.1,7.1,7.6,7.3,5.8,176.16,2
2816,85,26-35,30,硕士,11912.7,935.9,16.1,8.7,51,6.7,2.1,1.4,7.7,8.4,4.7,89.86,0
2817,113,55+,60,本科,6095.3,4753.0,54.5,6.0,82,0.9,5.7,6.5,6.7,6.8,4.9,1742.79,9
2818,17,36-45,40,本科,6524.0,1628.0,14.6,9.4,25,5.0,3.4,4.9,9.2,5.5,5.1,203.21,3
2819,50,36-45,40,本科,9425.2,1358.2,13.4,9.0,24,7.2,3.1,5.1,9.5,4.5,5.0,205.22,3
2820,104,26-35,30,高中及以下,2628.1,598.2,13.3,8.6,31,5.9,2.2,5.8,5.2,7.1,4.9,126.31,1
2821,126,36-45,40,本科,7982.2,239.3,17.8,9.4,29,6.4,2.2,5.2,7.2,4.6,4.5,55.12,0
2822,125,26-35,30,高中及以下,4045.4,3898.4,50.0,7.0,56,2.7,5.5,6.7,6.8,5.0,4.5,1326.71,8
2823,55,36-45,40,高中及以下,3937.8,1021.5,15.7,6.7,26,3.2,1.4,5.0,6.2,5.7,4.6,376.64,5
2824,186,26-35,30,高中及以下,2693.8,1685.2,17.8,8.8,39,4.6,3.7,5.4,6.7,9.0,5.5,238.23,3
2825,64,18-25,22,大专,4057.8,727.2,12.5,9.8,31,4.0,3.5,7.2,6.9,5.5,5.1,334.46,4
2826,106,36-45,40,本科,9225.2,3047.2,36.7,6.1,34,0.5,6.4,5.6,4.3,5.1,3.4,978.66,8
2827,113,26-35,30,大专,8126.8,4884.3,56.5,5.7,68,4.3,6.0,7.4,6.3,4.4,4.3,1742.79,9
2828,78,46-55,50,博士,13849.5,1082.9,6.9,9.7,32,8.1,1.8,5.8,6.1,6.9,5.1,162.68,1
2829,115,26-35,30,硕士,7753.0,1390.0,14.0,6.9,63,4.4,3.0,4.7,6.0,6.0,4.3,200.65,2
2830,82,26-35,30,硕士,11876.7,2218.4,21.8,7.3,41,3.7,3.8,5.2,10.0,6.6,5.7,650.6,7
2831,113,26-35,30,博士,22109.5,4063.4,39.2,8.5,77,3.1,5.6,6.5,4.4,7.8,4.5,1742.79,9
2832,123,46-55,50,硕士,17910.2,492.5,5.0,8.4,29,4.7,1.8,8.1,6.9,8.8,6.5,36.53,0
2833,27,55+,60,高中及以下,4221.2,1843.9,11.9,8.1,5,6.8,2.5,6.0,8.6,5.1,5.3,216.09,3
2834,145,26-35,30,硕士,14487.4,1854.7,10.9,7.3,37,3.8,4.1,4.9,9.2,7.7,5.6,324.35,4
2835,156,26-35,30,博士,21231.6,3418.9,48.1,7.1,45,3.5,5.0,7.5,7.7,2.3,4.3,958.89,8
2836,17,26-35,30,高中及以下,2918.2,477.1,17.2,9.6,47,5.9,5.1,7.4,8.6,4.8,5.2,203.21,3
2837,6,18-25,22,高中及以下,3688.0,1967.8,38.4,9.1,54,3.5,3.7,2.1,7.5,6.8,4.2,719.97,7
2838,156,46-55,50,硕士,9059.3,3454.8,33.8,8.0,61,5.2,4.3,7.8,3.8,6.0,4.4,958.89,8
2839,185,26-35,30,大专,6637.4,678.8,14.9,10.0,34,7.4,2.5,2.0,9.3,6.2,4.6,303.08,4
2840,85,55+,60,高中及以下,2381.2,200.0,10.7,9.6,26,6.4,2.2,5.5,5.5,4.4,4.1,89.86,0
2841,179,18-25,22,本科,10690.8,4953.7,58.9,6.5,86,2.8,6.2,7.1,5.8,6.0,4.5,1808.04,9
2842,173,46-55,50,硕士,9645.3,1356.2,15.0,8.7,20,4.5,2.8,5.8,8.5,5.7,5.3,208.75,3
2843,48,55+,60,大专,4322.3,200.0,10.7,8.6,40,6.1,1.0,6.3,3.8,4.9,4.1,209.27,3
2844,124,36-45,40,大专,5184.5,1063.7,22.1,10.0,5,6.1,3.6,5.3,7.7,4.1,4.4,266.9,4
2845,3,36-45,40,大专,6079.7,2516.5,18.1,7.1,54,6.8,4.6,4.2,4.5,5.3,3.3,680.64,7
2846,177,26-35,30,高中及以下,5000.4,1287.1,27.8,9.5,36,3.3,3.7,8.8,5.9,5.6,5.3,634.94,6
2847,113,26-35,30,高中及以下,5256.4,4612.4,55.2,4.9,85,0.5,5.6,7.1,5.7,3.2,3.8,1742.79,9
2848,186,36-45,40,硕士,10763.6,813.6,12.8,10.0,42,2.6,2.8,4.1,9.5,5.8,5.1,238.23,3
2849,75,36-45,40,博士,14639.6,1235.5,24.5,8.8,43,5.4,3.3,5.1,7.0,2.9,3.8,337.61,5
2850,3,55+,60,博士,13727.4,1998.8,30.7,6.6,28,5.6,2.5,6.5,8.1,8.5,6.2,680.64,7
2851,66,36-45,40,高中及以下,3079.9,857.4,12.1,9.5,15,4.7,1.9,7.0,7.3,7.0,5.8,138.1,1
2852,73,46-55,50,硕士,14283.9,2010.0,32.0,8.5,33,4.3,3.8,6.0,9.5,6.4,5.7,709.56,7
2853,109,26-35,30,大专,6403.1,1207.7,13.7,8.6,31,5.6,2.5,3.2,8.1,6.2,4.6,137.77,1
2854,34,36-45,40,硕士,11163.0,1497.3,18.4,7.3,42,7.2,2.4,7.0,7.7,5.0,5.3,337.83,5
2855,139,55+,60,高中及以下,2437.7,1302.3,11.0,10.0,27,8.4,1.0,1.8,9.8,4.4,4.4,43.34,0
2856,12,55+,60,本科,6885.1,1291.3,12.2,8.2,26,5.8,2.9,5.9,8.5,3.9,4.8,189.04,2
2857,55,26-35,30,本科,6486.2,2321.5,24.3,8.5,58,5.3,1.0,5.3,8.6,6.6,5.7,376.64,5
2858,0,26-35,30,高中及以下,2513.1,339.5,18.2,8.7,51,4.9,2.5,3.7,8.1,6.8,5.0,243.89,3
2859,114,26-35,30,本科,8602.2,1635.4,7.3,6.7,45,5.6,2.5,5.3,5.4,4.6,4.0,122.44,1
2860,53,18-25,22,博士,16082.7,402.6,18.6,7.7,38,5.4,4.2,6.2,8.0,3.9,4.6,273.6,4
2861,125,26-35,30,硕士,13370.9,3144.2,45.8,5.7,48,1.8,4.9,10.0,6.8,3.9,5.2,1326.71,8
2862,119,36-45,40,大专,4466.9,1919.2,14.8,7.9,5,7.6,3.7,3.4,6.2,3.7,3.3,314.8,4
2863,161,36-45,40,高中及以下,2416.0,910.2,15.3,8.9,40,5.8,2.2,4.4,5.6,5.6,4.1,326.06,4
2864,143,18-25,22,大专,5253.8,1777.3,19.8,8.7,22,4.4,2.9,6.1,8.4,6.2,5.5,178.51,2
2865,6,36-45,40,硕士,10251.7,2540.5,23.3,6.8,70,5.9,3.9,7.7,8.9,2.0,4.8,719.97,7
2866,113,26-35,30,大专,5710.7,5122.3,57.2,6.8,102,0.8,6.6,7.1,6.3,8.4,5.3,1742.79,9
2867,174,18-25,22,高中及以下,3390.2,1194.6,15.8,8.1,19,4.8,1.3,3.8,4.9,6.1,4.0,195.72,2
2868,9,18-25,22,博士,11860.3,1556.1,23.5,7.9,5,5.1,2.8,4.8,7.8,6.5,5.1,255.33,4
2869,185,46-55,50,本科,9121.2,1225.3,15.4,8.3,32,5.6,1.8,4.5,7.5,5.1,4.6,303.08,4
2870,197,46-55,50,本科,9489.3,200.0,9.5,8.8,35,4.4,2.1,2.2,7.4,4.9,3.8,173.08,2
2871,92,55+,60,本科,6380.0,200.0,7.7,9.7,16,6.8,2.1,7.0,5.4,6.5,5.1,73.55,0
2872,71,46-55,50,高中及以下,3372.1,2864.3,22.6,6.7,26,4.4,2.9,6.0,8.2,4.7,5.0,690.93,7
2873,168,55+,60,硕士,9731.0,200.0,20.1,9.6,26,6.9,2.3,3.3,9.7,5.8,5.0,116.12,1
2874,175,26-35,30,硕士,8251.1,1921.9,11.8,10.0,5,3.8,4.5,5.8,7.7,6.8,5.2,339.4,5
2875,167,26-35,30,本科,7501.6,3247.8,24.7,8.5,74,4.2,5.5,6.3,7.1,5.4,4.6,989.1,8
2876,165,36-45,40,硕士,11942.5,1036.8,10.4,9.7,24,3.6,3.6,3.4,9.2,2.6,3.8,224.25,3
2877,140,26-35,30,高中及以下,3202.3,376.1,15.8,10.0,14,6.9,1.5,6.6,9.7,3.9,5.6,186.32,2
2878,5,36-45,40,高中及以下,2452.7,891.5,22.3,8.2,27,5.8,2.0,6.8,9.3,5.2,5.8,117.43,1
2879,121,26-35,30,硕士,10129.9,869.4,16.6,7.8,27,6.9,3.7,2.6,9.1,6.5,4.7,59.78,0
2880,65,46-55,50,高中及以下,2819.5,3003.5,26.0,7.3,54,5.6,3.6,5.8,6.3,5.7,4.6,576.08,6
2881,124,36-45,40,本科,6272.5,1424.8,17.9,9.0,18,4.9,3.3,5.2,7.3,4.9,4.5,266.9,4
2882,69,36-45,40,硕士,10739.5,1263.8,19.1,9.5,14,6.9,3.9,4.3,9.4,3.9,4.5,77.86,0
2883,67,36-45,40,本科,8063.7,1732.7,18.2,8.3,12,5.5,3.3,5.2,6.3,7.7,5.0,404.86,5
2884,61,18-25,22,高中及以下,2295.1,308.6,14.4,8.3,5,4.6,2.0,4.4,6.1,6.8,4.7,123.27,1
2885,82,36-45,40,高中及以下,4029.6,1500.4,29.7,9.4,46,4.4,3.6,7.7,8.3,5.9,5.7,650.6,7
2886,82,46-55,50,本科,8881.0,559.2,20.8,8.7,32,4.1,4.2,8.0,5.4,6.7,5.1,650.6,7
2887,175,36-45,40,本科,7945.8,702.1,20.3,7.8,46,4.8,2.6,4.8,4.4,8.1,4.6,339.4,5
2888,89,26-35,30,大专,5232.9,773.2,27.1,8.8,49,6.6,3.4,5.2,8.0,6.7,5.2,247.96,3
2889,81,18-25,22,硕士,8553.8,1158.2,10.1,9.5,23,7.0,2.4,6.1,8.0,7.3,5.8,212.11,3
2890,59,46-55,50,本科,5622.4,1673.2,17.9,8.7,34,4.7,2.6,8.2,7.0,6.0,5.7,393.68,5
2891,116,55+,60,高中及以下,2334.6,200.0,11.6,8.0,28,6.9,1.7,5.9,6.9,8.1,5.7,143.35,1
2892,78,55+,60,高中及以下,3137.7,200.0,6.1,9.3,27,6.8,1.1,5.8,5.8,5.3,4.7,162.68,1
2893,192,46-55,50,大专,4771.1,1203.2,15.1,9.6,23,5.3,3.3,6.3,9.8,5.0,5.6,183.85,2
2894,106,26-35,30,本科,7934.8,3067.2,25.8,8.3,49,3.8,3.0,1.3,4.8,6.5,3.2,978.66,8
2895,0,36-45,40,本科,11427.8,1361.3,24.1,7.1,32,5.4,1.6,3.2,6.8,10.0,5.5,243.89,3
2896,76,36-45,40,本科,9185.4,1023.0,9.2,9.0,14,6.7,3.5,3.2,8.2,7.4,4.9,161.91,1
2897,46,46-55,50,高中及以下,3463.6,200.0,5.0,8.2,8,4.9,4.2,6.1,10.0,3.0,4.9,93.63,0
2898,76,36-45,40,硕士,9511.9,946.9,18.8,8.3,58,4.9,2.7,5.7,9.2,6.4,5.7,161.91,1
2899,59,36-45,40,大专,5270.3,2117.8,27.3,8.1,24,4.7,5.2,4.5,6.5,5.5,4.0,393.68,5
2900,54,36-45,40,大专,5061.8,1451.6,28.1,6.9,39,4.4,4.7,5.4,8.5,4.7,4.6,416.13,5
2901,47,36-45,40,硕士,11683.2,1248.1,22.9,7.4,35,3.8,4.0,3.7,8.7,4.3,4.2,427.14,6
2902,179,36-45,40,硕士,13794.6,6264.5,56.4,6.0,72,2.7,4.9,7.3,4.4,8.0,4.9,1808.04,9
2903,5,46-55,50,硕士,9621.5,521.2,9.6,9.5,48,5.8,2.7,5.0,10.0,3.3,4.8,117.43,1
2904,161,26-35,30,高中及以下,3680.5,1950.3,17.6,10.0,9,5.1,3.4,5.7,6.9,4.1,4.3,326.06,4
2905,28,36-45,40,大专,4958.8,200.0,15.9,8.9,25,5.7,1.8,2.5,10.0,4.2,4.5,81.4,0
2906,6,18-25,22,大专,4583.4,2313.6,25.0,9.3,59,5.4,5.2,6.6,6.4,6.3,4.8,719.97,7
2907,75,26-35,30,大专,6889.9,1352.6,17.9,9.7,39,6.2,3.8,4.6,9.0,6.2,5.1,337.61,5
2908,135,26-35,30,高中及以下,4112.5,2047.6,29.2,7.8,22,5.4,3.6,5.9,6.2,5.0,4.4,699.2,7
2909,195,36-45,40,博士,18444.2,1692.2,22.7,8.5,40,5.4,3.8,1.7,7.8,3.7,3.2,218.18,3
2910,62,36-45,40,硕士,6450.1,1091.9,5.0,8.3,14,7.2,4.4,2.9,8.7,6.0,4.4,49.09,0
2911,61,18-25,22,大专,5157.8,952.5,13.2,9.0,5,5.7,1.0,5.3,7.7,5.6,5.2,123.27,1
2912,32,36-45,40,本科,6910.4,1501.6,11.0,9.1,38,6.3,2.4,5.4,8.0,4.3,4.7,146.42,1
2913,166,46-55,50,本科,6934.8,1186.9,17.3,7.6,24,5.4,4.6,9.2,6.4,1.0,4.1,337.67,5
2914,162,26-35,30,硕士,12050.8,1974.2,20.4,7.4,40,4.4,3.4,3.7,7.8,4.8,4.2,472.76,6
2915,106,36-45,40,大专,6927.0,3781.4,32.9,7.6,57,5.7,6.2,5.3,5.0,1.3,2.4,978.66,8
2916,75,55+,60,博士,13070.0,1585.1,14.0,7.8,28,6.1,3.8,6.0,10.0,7.1,6.1,337.61,5
2917,54,36-45,40,本科,6607.7,1106.8,19.0,9.4,45,5.6,3.0,7.2,6.0,8.6,5.8,416.13,5
2918,106,18-25,22,本科,8595.8,3575.8,37.2,6.1,56,5.0,3.9,7.6,7.0,4.7,5.0,978.66,8
2919,165,18-25,22,硕士,11454.8,200.0,18.3,7.8,22,4.3,4.5,4.9,8.3,6.3,4.9,224.25,3
2920,143,26-35,30,高中及以下,3927.4,593.5,13.5,7.8,18,6.7,2.7,4.6,6.6,5.5,4.4,178.51,2
2921,111,26-35,30,大专,4769.9,873.5,24.2,8.1,5,6.1,3.4,5.5,8.1,8.0,5.7,144.53,1
2922,113,26-35,30,博士,23762.2,5074.8,57.4,6.5,67,2.5,6.9,6.2,6.5,4.8,4.0,1742.79,9
2923,120,36-45,40,本科,6634.4,1282.2,12.2,8.4,24,6.1,2.4,3.1,6.9,5.1,4.0,327.35,4
2924,156,36-45,40,本科,10608.8,2591.0,39.8,7.2,49,1.9,4.9,7.3,5.9,3.7,4.1,958.89,8
2925,27,26-35,30,高中及以下,2849.1,998.8,14.8,8.7,33,5.5,3.4,6.5,8.2,7.5,5.9,216.09,3
2926,113,36-45,40,高中及以下,3504.1,5762.7,49.2,7.0,74,2.6,6.3,8.6,7.9,5.8,5.5,1742.79,9
2927,53,36-45,40,大专,4554.2,1173.6,17.9,8.6,28,5.3,3.1,5.9,4.9,7.3,4.7,273.6,4
2928,179,26-35,30,硕士,11870.9,5256.3,59.0,6.5,86,3.9,5.5,6.7,7.4,6.2,5.0,1808.04,9
2929,179,36-45,40,硕士,13021.6,5471.6,64.9,6.0,51,1.5,6.7,8.7,5.5,6.2,4.9,1808.04,9
2930,47,46-55,50,高中及以下,3522.0,1582.4,18.7,8.6,23,7.2,2.8,6.6,4.6,6.8,4.7,427.14,6
2931,176,46-55,50,本科,7401.0,1109.2,11.1,10.0,15,5.8,2.7,6.8,10.0,3.7,5.5,150.36,1
2932,153,26-35,30,高中及以下,3322.3,1699.8,12.3,10.0,31,7.2,2.7,4.9,8.0,7.1,5.3,187.21,2
2933,113,26-35,30,博士,17500.4,4941.5,51.9,6.2,93,2.2,7.4,6.3,5.1,7.0,4.2,1742.79,9
2934,153,36-45,40,博士,9448.5,736.8,23.6,8.5,27,5.4,3.1,6.3,7.6,5.2,5.0,187.21,2
2935,12,36-45,40,高中及以下,3223.5,877.0,15.0,9.3,16,4.6,2.0,6.6,4.5,6.2,4.7,189.04,2
2936,180,36-45,40,本科,6333.7,774.8,18.3,6.4,52,3.1,2.1,4.2,4.7,5.8,3.9,277.46,4
2937,125,26-35,30,博士,27155.1,2698.0,50.0,6.8,61,2.7,4.4,3.8,5.8,5.2,3.6,1326.71,8
2938,3,46-55,50,硕士,12349.6,2645.9,28.6,8.5,33,5.5,2.7,7.2,5.7,5.9,5.0,680.64,7
2939,82,36-45,40,硕士,10144.6,1887.7,20.6,8.9,42,6.4,4.2,5.9,5.3,4.8,4.0,650.6,7
2940,90,36-45,40,硕士,10449.4,1587.3,18.1,7.6,51,5.3,3.0,4.0,7.4,6.0,4.5,163.54,2
2941,177,26-35,30,大专,6031.4,2363.8,23.8,8.6,26,4.5,3.1,4.4,7.9,5.5,4.6,634.94,6
2942,151,36-45,40,硕士,11006.1,483.2,13.2,9.0,46,6.3,3.4,6.8,9.7,5.8,5.9,209.86,3
2943,18,55+,60,本科,8919.9,200.0,17.6,8.0,13,3.9,4.4,5.8,6.8,6.2,4.7,59.86,0
2944,3,36-45,40,硕士,12517.4,1926.9,29.1,7.0,37,4.3,3.5,4.1,8.4,6.6,5.0,680.64,7
2945,6,18-25,22,高中及以下,3599.6,2848.0,31.0,8.8,33,4.1,3.9,6.8,7.3,8.6,5.9,719.97,7
2946,4,36-45,40,硕士,8007.5,267.4,13.4,9.0,27,5.9,1.5,6.4,9.1,6.0,5.9,117.43,1
2947,72,26-35,30,高中及以下,2717.0,634.3,11.7,8.1,31,5.5,2.6,4.0,4.6,4.4,3.3,143.19,1
2948,59,55+,60,本科,11083.5,2155.8,21.3,9.7,69,5.9,2.8,3.8,8.5,7.6,5.3,393.68,5
2949,164,36-45,40,本科,6728.1,1648.8,17.1,8.6,55,6.1,4.0,7.9,6.7,6.0,5.3,388.92,5
2950,141,46-55,50,博士,16309.6,2008.6,25.2,9.6,67,6.1,3.5,4.4,7.0,8.2,5.1,548.48,6
2951,34,18-25,22,高中及以下,4269.6,2126.5,10.0,7.5,6,6.2,4.9,4.8,8.0,6.6,4.8,337.83,5
2952,122,26-35,30,硕士,7696.5,2059.5,18.9,9.6,37,4.6,4.1,7.0,4.8,5.4,4.3,603.53,6
2953,183,36-45,40,高中及以下,3095.7,200.0,19.0,8.0,5,3.4,3.6,4.7,10.0,9.0,6.3,240.44,3
2954,124,18-25,22,大专,4562.4,1139.5,14.3,7.9,26,7.0,2.6,4.2,7.5,5.8,4.6,266.9,4
2955,105,18-25,22,本科,7510.1,686.4,11.0,7.4,35,5.2,3.2,4.7,6.5,5.4,4.3,222.31,3
2956,164,55+,60,高中及以下,3181.7,429.4,20.1,6.6,30,6.2,4.1,3.2,5.5,4.4,3.2,388.92,5
2957,167,18-25,22,本科,9010.6,2487.3,33.8,8.4,60,3.9,5.0,5.7,6.2,7.5,4.8,989.1,8
2958,82,36-45,40,高中及以下,6459.7,2616.0,22.5,6.9,53,3.9,4.1,6.6,7.4,6.4,5.2,650.6,7
2959,41,55+,60,高中及以下,2400.6,2325.2,8.8,8.0,31,6.6,1.8,5.4,7.0,3.5,4.3,176.16,2
2960,167,18-25,22,高中及以下,3536.1,3354.1,28.1,7.7,32,3.7,6.5,5.8,7.2,7.2,4.8,989.1,8
2961,159,46-55,50,本科,7404.1,1749.5,23.7,8.5,12,5.3,2.5,6.1,7.6,4.6,4.9,286.16,4
2962,141,26-35,30,本科,6898.6,2076.8,19.5,6.9,32,3.5,3.6,4.5,8.1,2.9,3.9,548.48,6
2963,104,55+,60,高中及以下,3448.5,1159.5,15.6,8.1,14,6.3,1.0,5.8,8.1,6.7,5.7,126.31,1
2964,40,36-45,40,本科,8801.4,738.6,17.6,9.7,28,6.8,4.6,5.9,9.2,4.9,5.1,310.59,4
2965,159,18-25,22,大专,4588.1,200.0,21.2,9.8,5,6.0,4.2,4.9,4.9,4.2,3.4,286.16,4
2966,51,36-45,40,高中及以下,2754.1,1388.7,16.2,9.1,10,5.8,3.8,6.9,6.9,7.9,5.7,100.98,0
2967,59,36-45,40,本科,8595.8,963.9,24.3,7.6,29,6.4,3.4,4.8,7.4,7.9,5.3,393.68,5
2968,36,36-45,40,大专,3381.4,1011.5,19.3,8.5,12,5.0,3.0,7.5,7.9,5.4,5.5,182.89,2
2969,177,46-55,50,博士,28501.7,2107.4,32.9,9.5,35,6.3,4.5,6.5,6.5,5.4,4.6,634.94,6
2970,108,55+,60,大专,5360.2,1039.2,13.7,9.8,43,7.3,4.5,6.4,5.9,4.0,4.0,192.01,2
2971,28,26-35,30,本科,9381.0,828.3,14.8,9.8,13,6.3,2.6,4.7,8.4,5.3,4.9,81.4,0
2972,156,36-45,40,高中及以下,3546.4,2472.0,39.1,6.1,73,2.8,6.0,6.2,6.5,9.0,5.3,958.89,8
2973,118,18-25,22,博士,19864.8,1317.4,15.8,8.6,20,4.1,3.6,5.4,7.4,6.3,4.9,465.37,6
2974,156,36-45,40,高中及以下,4752.5,2708.6,33.0,6.5,34,5.8,3.7,6.3,5.2,6.0,4.5,958.89,8
2975,135,55+,60,高中及以下,3186.1,2234.2,32.4,8.2,32,5.7,4.1,9.1,8.4,6.0,6.1,699.2,7
2976,157,26-35,30,硕士,12658.1,1205.4,11.0,8.2,12,5.0,3.2,2.4,8.7,4.1,3.9,238.37,3
2977,31,46-55,50,本科,6601.4,2715.4,40.6,9.1,21,5.3,3.6,5.6,8.6,5.7,5.2,946.03,7
2978,31,26-35,30,大专,4918.1,3830.0,28.5,7.7,65,3.4,2.2,3.8,9.4,5.4,5.0,946.03,7
2979,113,55+,60,硕士,20748.6,3885.3,52.9,6.4,85,3.5,4.8,7.0,4.8,7.3,4.8,1742.79,9
2980,162,26-35,30,硕士,15386.8,907.3,27.6,7.2,44,3.5,2.9,5.0,6.7,5.6,4.5,472.76,6
2981,135,46-55,50,硕士,9369.9,2472.4,26.3,8.5,31,4.7,6.4,7.3,8.3,3.7,4.6,699.2,7
2982,162,46-55,50,本科,6383.9,666.1,16.6,8.2,32,5.2,2.3,2.8,6.1,5.2,3.7,472.76,6
2983,80,26-35,30,硕士,8827.9,871.5,13.0,9.3,17,6.4,3.4,6.3,8.0,4.5,4.9,119.14,1
2984,5,46-55,50,高中及以下,2714.3,803.7,11.9,10.0,23,5.7,2.9,4.7,5.8,9.5,5.3,117.43,1
2985,26,46-55,50,博士,18144.0,947.0,15.2,10.0,19,6.3,3.2,6.4,4.9,4.3,4.0,46.95,0
2986,67,26-35,30,博士,18071.6,952.6,17.4,8.5,22,4.7,3.5,4.5,5.5,6.1,4.1,404.86,5
2987,179,26-35,30,硕士,16196.1,4900.0,50.1,5.7,83,4.0,6.8,8.3,5.3,6.5,4.8,1808.04,9
2988,153,26-35,30,博士,17267.3,960.7,13.9,7.6,24,5.4,3.7,3.3,7.3,7.1,4.5,187.21,2
2989,125,18-25,22,高中及以下,6537.6,4462.2,42.6,6.2,66,3.6,3.9,5.6,5.6,5.9,4.3,1326.71,8
2990,179,36-45,40,高中及以下,4267.8,4709.8,59.5,6.5,90,1.7,7.3,9.0,2.9,4.5,3.6,1808.04,9
2991,0,36-45,40,本科,7367.1,709.5,18.7,7.9,48,4.2,3.0,5.1,8.0,3.0,4.2,243.89,3
2992,113,26-35,30,本科,10441.7,5433.3,44.3,5.4,80,2.4,6.4,7.2,3.7,4.4,3.5,1742.79,9
2993,144,26-35,30,本科,5776.8,1138.2,11.3,9.2,38,6.9,1.6,5.3,7.4,5.1,4.9,192.46,2
2994,3,46-55,50,本科,6675.4,2437.8,30.1,7.0,42,3.3,4.1,8.2,5.6,3.3,4.3,680.64,7
2995,150,26-35,30,大专,4235.5,2032.4,21.4,8.2,30,6.2,3.1,3.3,7.8,5.5,4.3,190.66,2
2996,135,18-25,22,本科,10345.9,1817.6,23.1,8.7,41,5.8,3.4,5.6,5.6,5.0,4.1,699.2,7
2997,125,36-45,40,大专,6961.1,3546.7,41.6,5.2,51,3.4,6.7,6.0,5.5,4.8,3.7,1326.71,8
2998,186,46-55,50,高中及以下,3522.3,1390.2,19.3,8.4,45,5.6,4.8,5.3,8.5,4.1,4.4,238.23,3
2999,42,36-45,40,本科,8223.2,681.4,22.2,9.6,47,6.7,2.4,5.9,7.0,4.9,4.7,132.2,1
3000,191,46-55,50,大专,6392.2,903.1,23.6,8.8,8,5.5,3.1,3.3,8.1,7.4,4.9,349.46,5
3001,179,46-55,50,本科,11506.7,4782.6,55.8,5.8,98,3.6,7.3,7.9,4.0,8.9,4.9,1808.04,9
3002,164,55+,60,本科,7623.8,1763.3,13.8,7.9,15,6.0,3.8,2.7,10.0,5.6,4.7,388.92,5
3003,179,46-55,50,硕士,20126.0,4335.9,54.3,6.5,96,1.8,6.2,7.2,8.0,6.2,5.2,1808.04,9
3004,188,26-35,30,高中及以下,2694.1,714.0,5.0,9.5,21,5.5,2.8,5.4,6.7,6.1,4.8,63.64,0
3005,118,26-35,30,本科,8185.6,1979.0,8.8,7.8,5,2.3,4.5,5.8,7.8,6.9,5.2,465.37,6
3006,91,18-25,22,硕士,17032.5,1638.0,22.1,8.1,28,4.7,2.8,3.6,7.9,6.0,4.6,390.98,5
3007,71,26-35,30,大专,5511.2,2478.5,29.9,7.7,40,5.4,3.9,7.7,4.9,7.2,5.1,690.93,7
3008,54,26-35,30,博士,13797.1,1353.6,21.5,9.3,42,5.5,4.1,7.4,9.3,5.0,5.6,416.13,5
3009,113,36-45,40,大专,6942.8,5081.2,56.5,5.9,60,3.5,4.3,7.4,1.5,4.3,3.2,1742.79,9
3010,161,26-35,30,本科,6659.9,1341.0,6.5,9.6,28,6.5,3.6,5.5,7.2,3.5,4.1,326.06,4
3011,82,46-55,50,高中及以下,2630.1,1773.9,23.6,9.3,25,6.0,4.5,4.4,6.6,4.9,3.9,650.6,7
3012,167,55+,60,高中及以下,4681.1,3059.2,41.5,6.6,52,4.4,4.8,5.3,6.0,5.9,4.2,989.1,8
3013,112,46-55,50,本科,8525.0,1272.0,18.2,9.5,45,5.8,3.4,5.3,9.0,4.6,4.9,157.63,1
3014,58,46-55,50,本科,6829.6,1771.9,20.0,9.4,43,7.0,2.0,5.5,6.1,6.4,4.9,206.7,3
3015,125,36-45,40,硕士,13414.4,4261.7,43.3,7.4,72,3.7,4.5,7.2,5.5,4.9,4.4,1326.71,8
3016,180,26-35,30,本科,6713.4,907.9,20.3,8.3,5,5.8,1.9,6.6,9.3,7.8,6.5,277.46,4
3017,38,18-25,22,本科,7080.0,233.3,15.4,9.1,32,6.3,3.6,5.9,8.4,3.9,4.7,39.32,0
3018,113,36-45,40,本科,12496.8,4805.5,63.1,4.7,71,3.1,5.2,8.7,4.4,5.7,4.6,1742.79,9
3019,11,26-35,30,大专,4238.3,1185.3,11.9,9.2,16,6.8,1.9,2.5,7.6,4.8,4.0,93.16,0
3020,157,36-45,40,本科,8448.3,792.6,13.2,9.3,5,4.9,3.8,6.8,7.6,5.1,5.0,238.37,3
3021,177,36-45,40,博士,15767.5,1864.4,25.1,8.5,60,3.7,3.5,5.9,4.9,4.5,3.9,634.94,6
3022,43,36-45,40,硕士,10363.8,734.3,9.9,9.2,14,5.7,1.0,5.2,8.3,6.0,5.4,109.83,1
3023,31,26-35,30,本科,8900.4,3017.0,33.1,8.2,23,3.4,5.7,9.2,5.7,5.1,4.9,946.03,7
3024,5,26-35,30,高中及以下,2886.1,1394.6,20.0,8.8,11,5.1,2.7,4.0,8.1,6.2,4.8,117.43,1
3025,151,18-25,22,高中及以下,2179.0,1250.0,9.8,8.0,18,7.3,1.0,8.0,10.0,7.2,7.1,209.86,3
3026,6,26-35,30,本科,10106.1,2950.9,28.8,8.7,45,4.3,3.4,8.7,8.6,3.9,5.6,719.97,7
3027,191,46-55,50,大专,4016.1,2359.7,21.8,9.9,23,6.0,4.2,5.4,3.1,3.3,2.8,349.46,5
3028,58,26-35,30,本科,7993.0,200.0,17.3,6.8,21,4.0,2.0,7.7,7.3,5.7,5.6,206.7,3
3029,124,26-35,30,大专,3765.1,893.8,17.9,8.6,30,4.4,3.2,3.5,4.2,5.0,3.2,266.9,4
3030,135,36-45,40,本科,7385.8,2229.3,29.6,8.7,24,3.2,3.1,7.4,4.7,5.0,4.4,699.2,7
3031,34,46-55,50,博士,14219.1,2258.1,18.8,8.9,41,4.5,2.1,7.1,9.2,4.8,5.7,337.83,5
3032,34,26-35,30,硕士,10794.3,982.7,23.6,9.1,5,6.7,3.9,5.4,9.1,6.2,5.4,337.83,5
3033,3,26-35,30,本科,9394.8,2080.9,26.3,7.6,36,5.2,4.1,6.0,7.0,4.1,4.3,680.64,7
3034,156,18-25,22,高中及以下,3037.9,2520.2,42.1,8.9,57,3.7,5.8,6.0,5.8,9.2,5.2,958.89,8
3035,31,46-55,50,本科,7660.4,3336.3,29.0,9.3,70,2.9,2.6,8.3,5.1,5.2,4.9,946.03,7
3036,69,36-45,40,博士,15702.7,1068.5,9.0,8.1,9,4.7,2.6,5.2,5.6,5.4,4.3,77.86,0
3037,113,26-35,30,大专,8581.1,5142.5,58.5,7.0,96,1.2,6.7,6.6,6.6,4.4,4.1,1742.79,9
3038,156,26-35,30,本科,9670.3,3292.9,39.5,8.2,52,4.6,3.4,5.1,6.2,4.9,4.1,958.89,8
3039,65,18-25,22,本科,6555.9,2585.3,21.9,8.7,41,6.1,2.5,4.9,5.8,7.0,4.7,576.08,6
3040,156,46-55,50,高中及以下,4363.3,2026.4,26.7,8.6,42,4.6,5.5,5.9,8.7,5.9,5.1,958.89,8
3041,82,46-55,50,博士,19666.3,1677.5,27.1,7.7,48,5.3,2.6,1.5,4.6,7.1,3.4,650.6,7
3042,135,55+,60,博士,20246.4,1760.7,24.3,9.2,32,4.5,3.3,3.3,5.7,7.6,4.3,699.2,7
3043,90,26-35,30,本科,6503.1,442.9,21.3,8.7,53,6.6,3.1,5.9,8.3,4.1,4.8,163.54,2
3044,177,26-35,30,本科,6143.8,1441.1,33.3,7.6,29,5.3,5.0,5.7,5.5,4.3,3.7,634.94,6
3045,73,26-35,30,硕士,10009.9,1521.0,23.7,7.3,50,4.9,3.9,5.6,6.7,5.5,4.5,709.56,7
3046,148,26-35,30,本科,8346.0,1777.9,21.5,7.5,18,6.3,1.9,4.8,8.9,6.8,5.6,250.12,4
3047,124,36-45,40,大专,4989.2,487.5,13.0,9.1,20,4.2,3.7,5.5,8.5,5.5,5.0,266.9,4
3048,166,26-35,30,本科,5905.4,1046.1,17.0,8.8,32,7.2,2.4,6.6,5.4,3.7,4.1,337.67,5
3049,179,26-35,30,硕士,17292.5,4945.0,57.6,7.4,57,2.7,4.8,5.7,5.2,9.0,5.0,1808.04,9
3050,179,55+,60,大专,6112.9,4760.3,54.2,6.1,61,2.6,6.7,8.1,4.3,6.0,4.3,1808.04,9
3051,129,46-55,50,本科,4500.8,415.5,8.4,8.6,13,3.6,3.5,5.8,4.4,4.6,3.7,89.7,0
3052,71,18-25,22,高中及以下,2480.3,2151.4,36.2,7.5,62,6.1,3.7,5.3,7.9,6.6,5.1,690.93,7
3053,10,18-25,22,本科,10304.3,200.0,6.0,7.2,15,4.3,2.2,4.6,10.0,7.0,5.9,93.37,0
3054,53,36-45,40,硕士,7274.5,1697.9,8.4,8.3,23,5.8,3.1,4.6,5.4,10.0,5.3,273.6,4
3055,38,46-55,50,本科,7610.0,1255.9,12.3,10.0,8,5.2,2.4,9.0,8.3,7.1,6.6,39.32,0
3056,47,36-45,40,本科,10022.6,1547.2,18.6,8.7,47,4.5,3.0,3.9,6.0,4.8,3.8,427.14,6
3057,180,26-35,30,本科,7049.8,1144.3,21.8,8.3,18,5.8,2.5,6.4,6.0,5.4,4.7,277.46,4
3058,111,55+,60,本科,6246.9,468.8,13.6,8.3,7,6.2,1.0,7.5,10.0,6.3,6.7,144.53,1
3059,96,18-25,22,高中及以下,3770.5,1387.3,7.3,9.8,5,3.7,2.5,3.6,6.5,6.2,4.3,199.56,2
3060,54,18-25,22,本科,8239.7,2023.9,28.8,9.0,41,5.1,3.9,5.7,5.4,7.0,4.6,416.13,5
3061,112,18-25,22,高中及以下,2944.9,389.0,11.8,9.4,46,6.7,2.8,3.1,8.7,4.6,4.3,157.63,1
3062,195,18-25,22,高中及以下,3643.5,896.4,7.7,7.9,9,3.6,2.7,2.6,9.3,5.7,4.6,218.18,3
3063,50,36-45,40,大专,4375.1,1461.0,15.9,7.4,26,6.3,3.1,7.6,7.1,6.4,5.6,205.22,3
3064,66,26-35,30,硕士,11997.2,336.8,21.7,8.3,36,5.1,1.6,3.9,8.6,4.4,4.6,138.1,1
3065,156,55+,60,本科,6663.1,2899.6,40.4,7.9,43,3.0,4.3,6.1,5.4,5.8,4.3,958.89,8
3066,179,46-55,50,本科,10182.3,5695.9,48.0,6.6,87,2.4,7.4,3.4,5.4,8.2,3.8,1808.04,9
3067,113,26-35,30,硕士,17666.5,5496.2,52.3,5.8,87,3.6,6.0,5.9,5.1,4.9,3.7,1742.79,9
3068,159,26-35,30,高中及以下,3251.0,731.2,19.5,7.6,30,3.5,4.3,6.9,7.7,4.3,4.8,286.16,4
3069,3,46-55,50,本科,8040.7,2611.8,15.4,7.4,62,4.1,4.8,6.8,8.8,4.2,5.0,680.64,7
3070,131,26-35,30,本科,5079.6,200.0,9.2,8.0,33,4.3,3.3,6.2,9.6,4.8,5.4,158.95,1
3071,6,46-55,50,高中及以下,2282.7,2690.2,22.7,9.7,31,5.7,4.4,6.8,7.2,5.0,4.8,719.97,7
3072,195,36-45,40,大专,4028.7,654.7,25.3,7.8,61,7.1,4.5,7.0,7.5,4.4,4.8,218.18,3
3073,118,36-45,40,硕士,11968.5,2043.4,19.7,9.7,36,5.7,2.7,5.1,7.3,7.8,5.4,465.37,6
3074,36,36-45,40,高中及以下,2494.3,499.9,14.7,9.0,5,4.3,2.4,5.4,6.5,7.4,5.2,182.89,2
3075,174,26-35,30,高中及以下,3279.3,1222.5,6.6,10.0,33,6.5,3.7,1.9,7.7,6.7,4.1,195.72,2
3076,148,36-45,40,大专,5318.6,847.0,20.5,8.6,20,3.6,4.4,4.1,5.0,2.2,2.6,250.12,4
3077,73,46-55,50,本科,7393.6,1567.3,26.0,6.7,55,3.3,3.2,5.5,9.5,6.4,5.7,709.56,7
3078,6,36-45,40,硕士,7729.7,2436.7,29.9,8.8,33,2.7,4.2,5.7,6.9,4.9,4.4,719.97,7
3079,133,26-35,30,本科,7560.0,1806.4,24.6,9.2,50,5.9,1.5,7.2,7.7,4.0,5.2,238.31,3
3080,129,18-25,22,高中及以下,3023.7,955.7,15.8,8.5,49,6.6,1.8,5.6,5.1,5.8,4.5,89.7,0
3081,71,18-25,22,本科,6004.1,2111.9,21.5,9.2,59,4.9,3.3,4.5,9.4,6.3,5.3,690.93,7
3082,133,26-35,30,本科,6073.0,1220.4,14.9,10.0,16,5.6,3.2,6.9,10.0,4.3,5.6,238.31,3
3083,39,18-25,22,高中及以下,2502.4,694.8,11.9,9.2,26,5.2,2.6,2.7,8.9,5.4,4.5,180.7,2
3084,179,55+,60,本科,9939.1,3976.3,60.4,7.1,80,2.1,3.3,8.2,3.1,4.4,4.0,1808.04,9
3085,81,18-25,22,博士,16758.8,759.8,16.0,9.2,20,6.0,1.8,4.0,8.9,6.7,5.3,212.11,3
3086,34,55+,60,博士,23867.0,1978.0,19.8,8.6,28,6.7,2.9,6.9,9.1,4.1,5.3,337.83,5
3087,175,36-45,40,硕士,14369.3,1787.4,20.2,9.9,35,4.7,3.2,7.6,7.2,4.6,5.1,339.4,5
3088,84,18-25,22,大专,5449.6,1011.3,13.4,8.3,10,8.0,3.3,4.3,9.3,3.7,4.5,66.12,0
3089,140,26-35,30,硕士,9869.5,616.4,18.7,8.6,25,5.2,3.6,8.3,8.0,5.0,5.6,186.32,2
3090,125,55+,60,硕士,14403.9,3826.9,40.2,6.9,83,2.9,4.8,6.1,5.7,4.4,3.9,1326.71,8
3091,39,18-25,22,高中及以下,4970.6,575.6,14.0,8.4,20,5.1,3.6,4.4,4.7,5.2,3.6,180.7,2
3092,91,18-25,22,高中及以下,2233.3,2601.0,10.9,7.7,41,6.6,3.1,6.4,5.7,5.8,4.7,390.98,5
3093,167,46-55,50,硕士,15260.1,2888.4,42.0,8.7,49,4.8,4.4,4.3,4.0,5.3,3.3,989.1,8
3094,47,36-45,40,硕士,7005.5,2275.3,14.9,6.3,27,3.9,3.2,6.0,7.0,5.8,4.9,427.14,6
3095,112,18-25,22,本科,6387.8,1217.4,22.5,8.7,32,4.6,1.2,5.5,10.0,5.6,5.9,157.63,1
3096,113,46-55,50,硕士,16229.8,4862.7,54.4,6.1,65,2.3,5.8,5.0,4.0,6.9,3.7,1742.79,9
3097,177,26-35,30,博士,22851.1,1207.3,26.1,7.2,51,6.0,4.8,8.3,2.4,3.9,3.5,634.94,6
3098,125,26-35,30,大专,6955.6,2655.4,36.3,8.2,88,1.4,5.5,7.3,2.3,4.4,3.2,1326.71,8
3099,175,46-55,50,博士,15380.3,1024.7,26.4,9.0,29,6.5,3.2,6.5,6.3,3.9,4.3,339.4,5
3100,177,18-25,22,高中及以下,3691.2,2421.5,19.3,7.2,40,4.1,3.0,4.3,4.4,7.6,4.2,634.94,6
3101,98,46-55,50,高中及以下,3612.3,1633.8,18.3,8.9,10,5.5,3.6,3.9,6.5,4.9,3.9,149.17,1
3102,20,46-55,50,高中及以下,3070.9,3140.0,28.9,10.0,57,4.6,4.4,5.1,10.0,7.0,5.7,642.68,6
3103,179,26-35,30,博士,24692.9,5103.4,57.8,4.6,82,3.7,7.1,6.2,7.4,8.0,5.2,1808.04,9
3104,41,26-35,30,硕士,11008.0,1696.7,7.9,9.3,29,6.3,4.0,4.5,9.7,4.9,4.9,176.16,2
3105,115,36-45,40,硕士,13360.3,820.5,8.3,8.0,18,6.2,2.5,2.3,5.2,4.5,3.1,200.65,2
3106,31,26-35,30,高中及以下,3875.8,1951.0,41.4,9.7,46,4.9,3.7,3.9,5.2,6.7,4.0,946.03,7
3107,187,26-35,30,高中及以下,3511.9,200.0,8.2,8.2,40,3.9,3.4,5.3,7.4,7.8,5.4,137.99,1
3108,2,36-45,40,硕士,10015.6,1167.9,14.3,7.5,5,5.0,3.8,7.1,9.0,5.4,5.6,283.64,4
3109,73,36-45,40,高中及以下,4877.7,1998.6,24.7,8.9,44,5.4,5.3,6.7,5.8,7.1,4.8,709.56,7
3110,194,26-35,30,大专,4792.3,1471.7,14.4,8.6,9,6.0,2.5,5.7,6.9,5.3,4.8,176.48,2
3111,41,55+,60,硕士,12719.9,1542.3,20.0,9.4,26,5.8,4.1,7.9,9.3,7.1,6.4,176.16,2
3112,148,26-35,30,高中及以下,3550.5,818.5,18.9,8.9,20,6.5,2.6,3.8,5.8,7.3,4.5,250.12,4
3113,128,26-35,30,本科,7510.0,1057.7,13.6,9.7,28,6.1,2.1,1.6,9.9,6.8,4.9,163.96,2
3114,2,46-55,50,高中及以下,3812.7,1232.3,17.0,7.8,26,5.9,2.8,3.9,7.4,5.4,4.4,283.64,4
3115,177,36-45,40,高中及以下,4049.7,2473.5,29.7,8.3,36,4.1,4.9,6.7,4.8,5.9,4.3,634.94,6
3116,3,18-25,22,高中及以下,4971.1,2541.5,35.2,8.5,36,2.8,4.4,2.3,9.6,6.5,4.6,680.64,7
3117,145,26-35,30,高中及以下,3536.0,1443.2,18.8,9.4,42,7.4,2.3,5.1,6.8,5.0,4.5,324.35,4
3118,103,36-45,40,高中及以下,2724.5,1350.5,13.6,8.0,38,4.5,2.2,5.7,8.4,5.3,5.2,66.53,0
3119,9,36-45,40,硕士,11793.8,624.3,17.2,7.6,29,6.0,1.1,4.0,7.4,7.6,5.3,255.33,4
3120,106,26-35,30,大专,3877.6,2484.3,29.5,7.2,78,6.3,4.0,5.7,7.3,6.3,4.9,978.66,8
3121,138,18-25,22,本科,6205.4,1160.8,20.4,7.5,40,5.1,3.5,5.0,6.7,7.3,4.9,334.79,4
3122,7,26-35,30,硕士,10952.9,1736.0,20.0,7.9,49,6.0,3.8,3.7,7.9,4.6,4.1,319.72,4
3123,179,26-35,30,博士,19320.8,5326.9,60.3,8.2,83,1.6,5.5,7.2,6.3,5.1,4.5,1808.04,9
3124,73,18-25,22,硕士,11841.2,1977.6,27.2,6.9,36,6.0,5.9,5.5,7.6,4.3,4.1,709.56,7
3125,47,26-35,30,本科,6796.9,1442.1,22.1,8.3,53,3.2,5.6,6.9,8.5,7.4,5.7,427.14,6
3126,167,18-25,22,高中及以下,3956.8,2167.6,28.1,7.9,34,5.1,5.2,4.6,5.1,5.4,3.6,989.1,8
3127,91,18-25,22,高中及以下,2462.0,1562.9,11.0,7.5,59,4.8,3.2,3.1,6.7,4.0,3.5,390.98,5
3128,174,55+,60,高中及以下,2130.0,949.0,18.9,9.6,8,6.3,3.1,4.0,7.4,4.8,4.2,195.72,2
3129,69,36-45,40,硕士,10267.1,720.7,14.3,10.0,24,6.5,2.4,7.9,8.9,4.2,5.7,77.86,0
3130,122,36-45,40,大专,3761.4,1893.3,28.9,8.2,47,4.6,2.6,4.4,5.9,4.6,3.9,603.53,6
3131,192,26-35,30,硕士,12279.8,1110.8,19.8,8.4,29,6.5,2.1,5.0,5.2,3.6,3.6,183.85,2
3132,78,26-35,30,大专,5007.2,722.3,5.4,7.7,50,4.8,2.4,8.8,6.3,6.2,5.7,162.68,1
3133,113,26-35,30,硕士,19033.3,4076.2,58.2,6.3,87,2.6,6.3,6.6,4.3,5.7,3.8,1742.79,9
3134,164,18-25,22,本科,6397.5,426.7,15.9,9.5,48,5.2,2.9,7.3,9.9,5.8,6.2,388.92,5
3135,128,36-45,40,大专,6159.2,1521.4,16.8,10.0,17,5.3,2.7,6.4,6.7,7.0,5.4,163.96,2
3136,162,26-35,30,本科,7835.5,1073.0,14.9,7.3,25,6.0,3.0,5.8,9.1,6.6,5.7,472.76,6
3137,77,55+,60,高中及以下,3385.0,200.0,17.2,6.6,37,6.3,2.0,5.3,6.5,4.9,4.5,110.06,1
3138,91,26-35,30,大专,4505.9,1202.1,18.1,7.8,22,5.2,2.9,6.6,7.3,2.2,4.2,390.98,5
3139,3,46-55,50,本科,8759.5,2869.9,30.9,9.7,40,6.4,4.3,4.7,5.6,3.5,3.3,680.64,7
3140,164,26-35,30,本科,11168.7,1088.1,16.5,8.3,49,5.3,5.1,4.0,7.5,4.0,3.7,388.92,5
3141,118,55+,60,硕士,14131.3,1169.3,20.2,7.7,5,5.0,4.7,5.9,6.4,5.0,4.3,465.37,6
3142,118,26-35,30,本科,10886.1,1520.2,26.3,8.1,11,4.0,4.0,4.2,7.6,4.3,4.0,465.37,6
3143,73,55+,60,硕士,15292.7,2279.2,23.8,8.9,36,4.6,4.6,5.3,9.3,7.7,5.7,709.56,7
3144,179,46-55,50,高中及以下,5646.2,4114.0,60.1,4.3,86,1.8,6.4,6.9,5.2,4.5,3.8,1808.04,9
3145,145,26-35,30,大专,4102.4,1391.8,22.1,9.0,21,4.6,1.3,4.3,5.7,6.6,4.6,324.35,4
3146,7,55+,60,本科,8821.1,1705.3,14.7,7.6,74,5.1,2.2,3.6,4.2,6.9,3.9,319.72,4
3147,156,18-25,22,大专,7045.5,2682.4,46.7,7.8,38,2.2,4.7,6.9,4.6,7.3,4.7,958.89,8
3148,6,26-35,30,本科,7241.8,1872.6,35.5,8.1,66,4.8,1.7,2.6,6.4,1.9,2.9,719.97,7
3149,73,36-45,40,高中及以下,3682.2,2983.5,32.9,7.7,48,4.7,5.7,3.5,8.2,6.1,4.3,709.56,7
3150,105,46-55,50,大专,4101.2,200.0,14.7,9.1,40,6.1,2.3,4.0,9.0,5.3,4.9,222.31,3
3151,134,26-35,30,高中及以下,2619.4,200.0,10.1,9.4,19,6.1,4.4,4.6,6.0,6.5,4.3,59.18,0
3152,138,26-35,30,硕士,9150.8,940.8,22.8,8.5,38,4.5,2.4,1.6,6.2,3.8,3.0,334.79,4
3153,113,18-25,22,硕士,11945.8,4447.2,56.9,5.1,71,0.9,6.5,7.3,6.6,5.5,4.6,1742.79,9
3154,73,46-55,50,本科,10916.7,2449.5,24.9,7.1,51,3.0,4.4,5.1,6.4,3.6,3.7,709.56,7
3155,125,36-45,40,硕士,12109.5,4015.8,39.5,6.4,66,4.3,5.6,8.3,3.6,6.1,4.3,1326.71,8
3156,141,36-45,40,本科,9835.6,1793.0,20.1,8.4,28,3.8,2.3,5.0,6.7,4.4,4.3,548.48,6
3157,67,26-35,30,高中及以下,3665.3,1445.4,34.4,7.9,26,4.3,3.5,6.0,9.7,7.6,6.2,404.86,5
3158,124,26-35,30,硕士,14288.0,662.1,17.3,8.3,11,4.4,3.1,5.5,8.7,4.3,4.8,266.9,4
3159,113,36-45,40,大专,5741.4,4051.6,60.7,6.0,98,2.7,5.3,3.9,7.5,6.2,4.3,1742.79,9
3160,10,55+,60,大专,3834.1,1316.2,16.5,8.0,22,5.5,1.0,5.4,7.6,6.8,5.5,93.37,0
3161,169,18-25,22,硕士,11017.7,1161.7,13.6,8.5,22,6.3,2.0,4.5,8.1,5.1,4.8,69.84,0
3162,179,55+,60,本科,7237.0,5151.5,57.0,4.9,92,3.5,7.2,6.9,3.5,5.2,3.4,1808.04,9
3163,125,55+,60,大专,6081.9,3142.1,27.7,6.4,71,0.5,5.0,9.4,4.0,3.9,4.2,1326.71,8
3164,164,46-55,50,大专,5771.9,2637.3,13.7,7.9,42,4.5,1.8,3.9,5.4,6.3,4.2,388.92,5
3165,124,36-45,40,本科,6706.7,393.2,24.4,8.8,46,4.2,3.0,6.0,7.3,5.7,5.0,266.9,4
3166,113,36-45,40,本科,13673.7,4007.8,53.0,5.4,65,2.8,6.7,5.6,6.1,5.3,3.9,1742.79,9
3167,134,18-25,22,高中及以下,2901.5,1061.6,11.3,6.9,32,4.8,3.2,3.9,6.9,4.5,3.9,59.18,0
3168,125,18-25,22,硕士,11581.9,4703.3,38.4,7.4,82,4.8,5.1,6.1,7.1,6.4,4.9,1326.71,8
3169,145,26-35,30,高中及以下,3306.7,1689.7,15.3,8.2,60,5.1,1.9,4.3,6.6,5.4,4.4,324.35,4
3170,125,36-45,40,硕士,12121.4,3716.9,44.9,6.1,49,4.4,5.4,6.2,5.6,6.7,4.5,1326.71,8
3171,191,36-45,40,本科,8868.0,1528.3,12.9,7.8,35,6.3,5.0,5.7,5.4,7.3,4.5,349.46,5
3172,125,26-35,30,博士,13946.7,4576.9,43.3,6.7,71,4.5,5.6,5.9,4.0,5.5,3.6,1326.71,8
3173,91,46-55,50,高中及以下,4397.7,990.5,12.6,8.9,48,4.8,3.7,6.0,4.7,7.5,4.7,390.98,5
3174,6,18-25,22,硕士,10676.0,2982.9,37.4,7.7,47,5.5,4.3,5.4,8.2,5.5,4.8,719.97,7
3175,156,46-55,50,大专,5551.6,2998.9,33.4,8.8,29,2.9,6.4,5.7,4.4,5.9,3.7,958.89,8
3176,25,18-25,22,本科,7523.6,387.1,18.3,8.7,15,6.2,4.4,3.5,7.3,5.6,4.1,165.82,2
3177,118,55+,60,硕士,14397.1,2499.4,21.6,9.4,7,3.7,3.9,4.2,8.8,7.2,5.2,465.37,6
3178,2,46-55,50,硕士,11825.0,1308.7,14.4,8.1,14,4.8,1.7,4.8,4.3,5.0,3.8,283.64,4
3179,148,36-45,40,大专,6563.4,1460.9,22.0,9.4,48,4.1,3.1,3.8,6.8,6.4,4.4,250.12,4
3180,43,26-35,30,本科,7054.2,864.3,5.0,10.0,21,5.3,1.3,3.7,8.3,6.9,5.2,109.83,1
3181,75,26-35,30,本科,7930.3,1452.8,17.0,10.0,17,5.5,2.4,5.9,5.0,4.4,4.0,337.61,5
3182,154,36-45,40,本科,10171.4,1215.5,9.8,10.0,38,5.8,4.0,6.3,9.1,3.7,4.9,198.95,2
3183,124,46-55,50,硕士,11119.0,1513.2,16.0,9.1,18,6.7,3.8,6.5,6.6,6.5,5.1,266.9,4
3184,50,26-35,30,大专,5581.1,1147.3,12.7,9.2,5,5.9,2.7,7.0,8.5,6.2,5.8,205.22,3
3185,73,46-55,50,本科,11452.9,1855.9,26.7,7.4,50,3.3,3.8,6.3,6.9,6.7,5.1,709.56,7
3186,101,46-55,50,硕士,14646.8,489.9,10.6,6.5,5,6.9,3.6,4.3,7.7,4.8,4.3,97.45,0
3187,86,36-45,40,高中及以下,4582.5,1359.5,16.5,8.9,37,4.8,3.1,5.8,8.2,4.8,4.9,370.7,5
3188,125,36-45,40,硕士,11125.3,4045.7,41.3,8.7,85,3.3,6.0,7.2,5.6,4.8,4.2,1326.71,8
3189,91,26-35,30,本科,6908.6,1127.5,20.5,9.0,42,5.4,1.0,6.2,7.5,7.2,5.8,390.98,5
3190,122,26-35,30,高中及以下,3243.6,2666.2,27.8,8.0,24,3.6,5.1,5.7,6.9,3.8,4.0,603.53,6
3191,59,36-45,40,本科,9254.2,1541.8,23.0,7.2,34,6.4,2.8,4.4,7.3,7.6,5.1,393.68,5
3192,199,18-25,22,硕士,8580.4,937.7,8.6,9.6,22,6.5,2.4,4.6,7.1,6.4,4.8,47.32,0
3193,159,36-45,40,硕士,16682.4,1330.5,16.7,7.1,39,7.8,2.4,7.2,8.6,3.9,5.3,286.16,4
3194,86,36-45,40,本科,8667.1,2805.1,27.3,9.0,31,5.0,3.4,5.5,5.5,6.6,4.5,370.7,5
3195,191,26-35,30,本科,7574.4,1457.1,16.4,8.6,22,4.3,2.8,7.5,8.6,7.7,6.4,349.46,5
3196,145,26-35,30,高中及以下,3179.3,1013.9,19.1,7.9,30,4.4,3.9,2.7,7.2,5.1,3.7,324.35,4
3197,104,55+,60,硕士,11965.1,225.1,6.9,9.8,25,6.0,3.4,5.4,6.2,5.4,4.4,126.31,1
3198,51,46-55,50,本科,8865.9,488.4,17.2,9.5,33,6.3,2.6,5.4,10.0,7.2,6.1,100.98,0
3199,122,26-35,30,高中及以下,3252.3,2113.0,29.2,7.1,53,4.6,3.6,8.6,3.6,6.7,4.9,603.53,6
3200,73,55+,60,本科,7729.4,2360.5,25.4,5.9,44,4.3,2.6,4.7,7.8,5.4,4.7,709.56,7
3201,6,36-45,40,本科,8727.4,3141.6,34.1,8.4,38,3.7,4.0,6.3,7.5,5.3,4.9,719.97,7
3202,73,18-25,22,高中及以下,4638.7,1921.6,26.0,10.0,9,5.6,2.2,6.4,7.1,5.8,5.2,709.56,7
3203,3,36-45,40,大专,5415.2,1289.8,31.4,8.1,29,4.8,4.1,3.6,6.3,6.0,4.0,680.64,7
3204,113,26-35,30,本科,16624.2,4575.8,46.3,5.3,85,4.2,6.7,8.5,3.5,6.2,4.2,1742.79,9
3205,7,55+,60,本科,11830.4,763.1,15.5,9.2,23,6.4,3.0,4.4,10.0,4.8,5.1,319.72,4
3206,20,36-45,40,本科,9308.7,1613.7,29.8,8.1,24,4.0,2.5,4.5,5.5,6.8,4.4,642.68,6
3207,181,46-55,50,高中及以下,2725.6,981.0,14.2,10.0,12,3.7,2.4,2.6,8.8,5.1,4.4,62.98,0
3208,122,36-45,40,博士,16407.8,1867.6,29.4,7.1,24,5.6,5.2,7.6,8.3,4.3,5.0,603.53,6
3209,179,26-35,30,本科,10134.9,5344.2,51.6,6.2,75,1.8,6.7,10.0,6.6,8.8,6.3,1808.04,9
3210,12,18-25,22,高中及以下,3433.4,372.9,8.2,7.5,9,4.5,3.3,6.9,6.6,3.7,4.4,189.04,2
3211,195,36-45,40,硕士,12524.4,1714.0,18.7,8.3,37,6.2,2.2,7.1,6.4,5.2,5.0,218.18,3
3212,156,26-35,30,高中及以下,5314.6,2659.1,38.2,10.0,25,2.5,3.6,6.6,5.7,6.4,4.8,958.89,8
3213,166,18-25,22,大专,6474.8,1771.9,14.1,7.5,5,6.1,3.8,6.3,5.2,6.8,4.7,337.67,5
3214,179,26-35,30,大专,9950.5,4307.5,52.7,5.3,71,2.8,6.4,8.2,4.0,5.3,4.1,1808.04,9
3215,183,36-45,40,本科,4309.9,1990.1,21.0,10.0,36,6.2,2.8,5.3,8.8,7.5,5.8,240.44,3
3216,148,36-45,40,大专,4834.1,873.1,23.6,7.4,13,5.2,1.8,7.1,7.3,5.8,5.5,250.12,4
3217,125,55+,60,博士,18855.2,4555.8,39.5,7.2,63,3.3,5.1,9.2,5.4,5.5,5.0,1326.71,8
3218,29,26-35,30,高中及以下,3973.3,1596.4,11.1,8.8,45,6.3,2.4,4.5,7.6,6.7,5.0,110.86,1
3219,24,26-35,30,高中及以下,2508.1,945.6,11.6,9.8,9,6.3,1.7,5.4,7.9,6.5,5.4,86.11,0
3220,70,36-45,40,高中及以下,2551.6,1437.8,14.4,7.8,16,7.0,4.1,2.9,9.2,4.4,4.1,213.02,3
3221,90,36-45,40,高中及以下,3228.5,1172.9,7.5,8.5,34,6.5,3.5,8.1,8.5,6.1,6.0,163.54,2
3222,195,18-25,22,本科,6906.0,1793.2,16.7,9.8,18,5.3,4.6,3.6,8.8,1.9,3.4,218.18,3
3223,131,18-25,22,高中及以下,4184.1,466.3,14.6,7.7,26,5.8,2.3,3.7,6.3,7.3,4.6,158.95,1
3224,133,26-35,30,本科,7419.8,200.0,18.5,8.2,21,6.5,3.2,3.8,6.6,5.9,4.2,238.31,3
3225,116,26-35,30,高中及以下,2708.9,1080.9,10.3,9.9,20,5.6,2.8,5.9,8.4,7.7,5.9,143.35,1
3226,31,46-55,50,本科,7082.2,2548.2,33.1,8.0,60,4.6,3.9,6.8,6.8,6.0,5.0,946.03,7
3227,115,55+,60,高中及以下,3444.2,678.6,16.2,8.0,43,5.9,4.0,4.0,7.5,3.2,3.6,200.65,2
3228,63,36-45,40,本科,7460.6,460.7,7.7,9.3,5,5.6,2.6,5.9,7.1,5.1,4.8,44.87,0
3229,119,46-55,50,大专,6281.6,1662.8,15.7,8.0,34,6.3,1.9,4.1,8.4,4.3,4.5,314.8,4
3230,68,18-25,22,高中及以下,2799.8,1764.9,15.1,9.2,24,6.0,3.5,4.7,6.6,4.6,4.0,213.07,3
3231,113,26-35,30,本科,11329.3,3864.2,60.7,4.8,72,3.4,6.7,7.3,7.4,7.1,5.3,1742.79,9
3232,125,26-35,30,本科,9414.8,4260.7,40.4,6.6,76,3.8,6.1,6.5,3.1,3.4,2.8,1326.71,8
3233,106,18-25,22,高中及以下,2593.3,2739.8,30.8,7.2,66,4.1,5.7,4.5,6.0,5.4,3.7,978.66,8
3234,3,36-45,40,高中及以下,3567.6,1574.1,21.8,8.7,58,4.4,4.7,5.8,5.0,7.8,4.6,680.64,7
3235,36,36-45,40,高中及以下,2449.8,668.6,16.0,8.7,14,5.0,2.4,3.8,7.0,2.6,3.5,182.89,2
3236,125,36-45,40,本科,10414.4,4157.3,47.1,7.0,63,5.8,6.5,7.5,7.6,3.8,4.5,1326.71,8
3237,48,55+,60,大专,2937.2,2097.8,9.7,9.8,23,5.0,2.0,6.1,9.6,5.0,5.6,209.27,3
3238,48,36-45,40,硕士,11883.2,1096.5,11.9,9.1,20,6.6,4.0,5.2,8.0,2.3,3.9,209.27,3
3239,141,36-45,40,硕士,13841.8,2365.2,25.5,8.3,8,5.5,1.3,5.8,7.4,7.5,5.7,548.48,6
3240,93,18-25,22,高中及以下,2871.8,1180.3,10.4,8.8,21,5.7,3.2,5.9,5.9,3.5,3.9,106.95,0
3241,150,26-35,30,高中及以下,3905.0,1970.2,13.9,9.8,25,2.4,2.9,5.6,6.4,4.4,4.3,190.66,2
3242,20,26-35,30,硕士,9631.1,2070.0,35.7,6.5,50,4.8,1.8,7.6,7.6,6.7,6.0,642.68,6
3243,161,36-45,40,本科,6936.0,1125.5,12.5,7.2,44,6.5,2.3,5.0,8.6,4.1,4.7,326.06,4
3244,122,36-45,40,本科,6512.9,2714.2,23.7,7.4,46,4.5,5.6,5.9,6.5,3.6,3.8,603.53,6
3245,113,36-45,40,硕士,20119.7,4026.2,50.4,7.5,77,3.0,6.6,10.0,4.5,3.0,4.1,1742.79,9
3246,164,36-45,40,本科,5768.8,1025.5,16.2,8.8,41,5.5,3.1,6.9,8.1,5.0,5.3,388.92,5
3247,184,26-35,30,大专,5352.0,650.7,12.6,8.7,5,4.0,2.3,4.0,9.9,4.4,4.9,118.69,1
3248,135,36-45,40,博士,18330.2,2400.3,29.9,6.0,40,4.6,2.9,3.5,6.6,5.8,4.1,699.2,7
3249,31,36-45,40,硕士,13484.5,2561.1,38.9,7.5,63,3.6,4.4,6.7,6.4,3.3,4.1,946.03,7
3250,125,46-55,50,本科,8707.7,4591.1,46.9,8.4,53,1.7,6.7,7.4,4.5,6.3,4.2,1326.71,8
3251,0,26-35,30,硕士,13888.9,803.1,19.7,7.1,23,4.1,3.9,6.2,9.5,8.0,6.2,243.89,3
3252,73,26-35,30,高中及以下,4020.0,1947.3,27.7,7.3,25,3.9,3.2,7.1,7.9,4.9,5.2,709.56,7
3253,144,36-45,40,大专,5584.4,1742.4,8.3,8.0,32,4.8,3.0,6.0,8.5,5.4,5.3,192.46,2
3254,176,46-55,50,高中及以下,3883.2,429.0,21.1,7.2,5,7.0,3.0,5.2,9.3,4.6,5.0,150.36,1
3255,78,55+,60,高中及以下,3876.4,1593.1,6.3,8.4,48,5.1,3.0,6.6,8.9,6.3,5.8,162.68,1
3256,58,36-45,40,硕士,12440.8,779.4,6.7,7.8,5,5.5,3.1,6.6,6.9,6.7,5.3,206.7,3
3257,36,46-55,50,博士,15320.4,1580.1,14.9,8.9,22,5.2,2.5,5.4,10.0,5.0,5.5,182.89,2
3258,108,36-45,40,大专,4174.1,1369.2,12.4,9.6,32,6.9,3.0,4.5,8.7,3.6,4.4,192.01,2
3259,101,18-25,22,大专,2982.3,1233.6,9.3,8.9,25,6.3,3.7,4.4,7.3,4.0,4.0,97.45,0
3260,112,55+,60,大专,3775.3,1262.9,10.1,9.2,58,6.5,1.4,4.6,7.5,6.2,5.0,157.63,1
3261,64,36-45,40,硕士,13418.6,2003.0,23.8,8.3,22,5.9,2.5,4.1,9.4,3.2,4.4,334.46,4
3262,106,18-25,22,本科,10112.7,3730.6,35.4,7.6,64,4.8,5.0,5.3,8.2,3.5,4.1,978.66,8
3263,76,26-35,30,大专,4211.5,1866.9,18.9,8.4,17,4.6,3.4,7.7,6.6,3.5,4.6,161.91,1
3264,194,26-35,30,本科,6649.3,1490.8,13.3,9.5,48,6.1,2.4,6.3,10.0,5.8,6.0,176.48,2
3265,45,46-55,50,本科,6717.6,852.2,12.8,9.9,18,5.9,1.4,2.8,7.1,4.4,3.9,72.25,0
3266,28,36-45,40,高中及以下,4332.4,1127.7,10.8,10.0,36,6.5,3.5,8.2,8.4,6.8,6.2,81.4,0
3267,165,36-45,40,本科,5156.3,1600.9,5.0,10.0,55,5.3,4.3,6.6,10.0,6.2,5.9,224.25,3
3268,159,26-35,30,本科,8281.2,1330.3,24.4,8.8,14,5.0,3.5,6.2,6.8,3.8,4.3,286.16,4
3269,166,18-25,22,大专,5723.1,517.8,19.5,5.0,46,4.5,3.7,5.9,8.7,5.7,5.3,337.67,5
3270,112,26-35,30,高中及以下,3879.4,1912.0,22.9,6.6,27,5.4,4.1,4.9,8.9,6.5,5.2,157.63,1
3271,53,36-45,40,大专,6068.8,1461.5,11.3,8.7,39,6.0,3.0,3.8,7.9,3.7,4.0,273.6,4
3272,179,26-35,30,博士,19209.1,4864.7,58.7,5.0,52,0.8,6.2,6.5,7.6,3.9,4.3,1808.04,9
3273,162,18-25,22,高中及以下,4670.5,1882.5,22.0,9.0,31,4.9,4.3,5.2,9.8,4.7,5.0,472.76,6
3274,156,46-55,50,博士,25615.6,2417.6,47.9,7.8,38,4.9,3.2,6.3,7.5,7.0,5.5,958.89,8
3275,6,36-45,40,硕士,22700.5,2157.8,31.1,8.5,40,5.3,4.3,6.7,5.6,3.4,3.9,719.97,7
3276,108,26-35,30,高中及以下,3026.8,1160.5,19.9,8.4,25,6.8,2.8,6.4,9.2,7.3,6.1,192.01,2
3277,73,36-45,40,本科,7442.3,2502.3,30.1,6.4,56,5.0,3.4,5.2,6.8,6.7,4.9,709.56,7
3278,75,36-45,40,高中及以下,2464.7,1267.0,15.4,9.8,26,5.4,4.0,7.2,9.0,6.7,6.0,337.61,5
3279,30,36-45,40,大专,3802.7,942.1,8.1,8.8,32,6.1,2.5,5.3,7.0,5.5,4.7,81.31,0
3280,177,36-45,40,高中及以下,3870.7,2201.4,26.2,8.8,32,2.5,3.6,6.9,2.8,4.7,3.6,634.94,6
3281,57,26-35,30,本科,6241.4,2022.0,5.0,8.7,28,5.7,1.3,4.1,8.3,7.2,5.4,108.94,1
3282,6,18-25,22,本科,9737.7,2709.9,27.7,7.1,50,5.3,4.6,6.5,7.4,5.6,4.9,719.97,7
3283,106,26-35,30,本科,9438.9,2312.3,33.9,8.2,57,2.7,5.3,7.0,6.9,7.6,5.4,978.66,8
3284,115,36-45,40,大专,5334.0,1357.9,19.4,9.0,8,5.5,1.2,7.6,8.4,3.8,5.5,200.65,2
3285,77,36-45,40,大专,5120.6,287.4,16.3,7.6,6,7.2,1.2,5.9,6.7,5.7,5.1,110.06,1
3286,81,36-45,40,高中及以下,2891.3,952.4,17.2,7.3,38,3.4,1.0,6.8,6.8,7.0,5.7,212.11,3
3287,86,36-45,40,本科,12133.8,542.4,22.1,9.2,37,5.5,2.4,2.7,8.5,7.2,4.9,370.7,5
3288,141,55+,60,大专,4243.7,1942.1,23.4,6.5,62,4.2,2.1,5.5,5.6,6.2,4.6,548.48,6
3289,60,26-35,30,博士,14062.2,922.0,14.7,10.0,9,7.1,2.1,2.8,6.3,5.8,4.0,91.91,0
3290,182,36-45,40,本科,7542.9,589.2,12.2,8.3,25,7.8,1.8,3.8,10.0,5.6,5.3,50.86,0
3291,82,36-45,40,硕士,12415.2,2105.1,14.7,8.7,35,3.7,5.2,5.3,8.6,6.3,5.0,650.6,7
3292,91,36-45,40,大专,4724.6,1978.6,20.2,6.6,22,7.4,3.9,4.5,7.2,5.1,4.2,390.98,5
3293,32,18-25,22,本科,6980.0,540.6,11.4,9.2,19,6.4,3.0,8.3,7.6,6.1,5.9,146.42,1
3294,106,36-45,40,大专,7054.1,2572.9,38.6,8.9,60,4.9,2.9,6.4,4.8,8.0,5.1,978.66,8
3295,143,46-55,50,本科,9255.9,577.3,14.2,8.0,44,5.2,2.6,6.2,6.0,5.0,4.5,178.51,2
3296,73,26-35,30,本科,6456.7,2915.1,25.6,8.6,46,4.0,3.8,3.2,7.6,6.7,4.5,709.56,7
3297,47,26-35,30,本科,7345.2,1927.4,22.5,7.0,57,4.9,1.9,6.0,3.1,2.8,3.1,427.14,6
3298,157,36-45,40,高中及以下,3723.9,1293.0,13.7,8.7,41,5.5,3.5,4.4,7.8,5.5,4.6,238.37,3
3299,124,26-35,30,本科,5801.6,518.2,21.7,9.2,43,4.9,2.9,7.9,7.8,6.9,6.0,266.9,4
3300,108,26-35,30,硕士,17527.2,617.3,5.8,9.4,45,6.5,3.5,4.5,7.7,6.6,4.9,192.01,2
3301,84,36-45,40,大专,4217.8,947.4,8.2,10.0,43,4.5,1.0,3.2,6.3,2.4,3.3,66.12,0
3302,66,55+,60,本科,6067.0,1454.2,13.1,8.1,20,4.4,2.1,4.8,9.7,3.7,4.9,138.1,1
3303,27,26-35,30,硕士,10050.5,1156.8,16.1,5.8,17,5.2,2.6,6.8,9.3,4.0,5.4,216.09,3
3304,64,36-45,40,高中及以下,4110.8,1362.2,21.7,8.4,36,5.2,2.2,6.2,5.9,8.0,5.4,334.46,4
3305,65,18-25,22,博士,19689.1,1805.9,24.7,8.7,10,3.4,2.9,4.6,7.4,4.1,4.2,576.08,6
3306,73,26-35,30,博士,16014.5,1620.3,24.9,8.2,28,6.1,2.4,6.1,6.5,7.4,5.4,709.56,7
3307,65,36-45,40,博士,20201.8,1382.9,17.1,7.9,58,4.3,3.7,2.2,8.1,6.1,4.2,576.08,6
3308,3,26-35,30,本科,10521.2,2560.2,30.1,7.6,7,4.4,2.3,3.0,8.4,3.9,4.0,680.64,7
3309,67,55+,60,博士,27093.2,1165.1,26.2,8.3,32,3.6,5.6,7.7,9.2,6.0,5.7,404.86,5
3310,2,18-25,22,本科,8393.3,1129.0,22.3,8.5,34,4.6,4.2,6.5,5.0,4.2,3.9,283.64,4
3311,153,46-55,50,本科,5867.7,902.3,5.0,6.8,6,5.4,3.5,5.0,5.8,6.3,4.4,187.21,2
3312,46,36-45,40,大专,5348.9,1971.0,12.1,7.5,26,5.9,2.0,6.3,9.9,7.0,6.3,93.63,0
3313,27,26-35,30,高中及以下,3825.1,1618.3,12.0,7.0,53,5.1,2.9,5.0,7.5,5.2,4.6,216.09,3
3314,128,26-35,30,高中及以下,3779.3,945.3,19.8,8.5,8,6.3,4.2,5.7,8.2,3.0,4.2,163.96,2
3315,185,18-25,22,本科,8040.9,683.0,12.9,8.8,5,7.6,4.9,6.2,8.3,8.4,5.8,303.08,4
3316,179,26-35,30,本科,11479.3,5180.6,46.9,6.8,78,3.3,7.5,7.3,2.7,8.8,4.3,1808.04,9
3317,117,36-45,40,大专,4341.1,254.7,21.8,8.8,29,7.7,2.2,5.2,5.8,3.1,3.7,46.12,0
3318,75,46-55,50,本科,5932.1,777.7,9.5,7.8,6,4.6,4.0,7.3,7.1,7.5,5.7,337.61,5
3319,53,46-55,50,硕士,12088.1,765.5,11.7,8.5,32,5.5,2.3,5.3,9.3,4.9,5.2,273.6,4
3320,83,36-45,40,本科,5470.8,233.8,17.8,9.1,10,5.3,2.5,6.3,6.1,6.8,5.1,88.39,0
3321,6,26-35,30,高中及以下,2829.5,3037.1,24.0,6.8,61,4.5,3.3,6.2,7.2,2.9,4.2,719.97,7
3322,122,26-35,30,硕士,12376.8,1577.6,20.7,9.0,26,5.9,3.9,5.5,6.0,5.4,4.3,603.53,6
3323,179,18-25,22,高中及以下,3912.8,4719.1,53.0,7.1,79,1.7,6.4,6.8,2.7,5.9,3.5,1808.04,9
3324,136,46-55,50,高中及以下,3207.5,679.4,16.4,9.0,27,6.7,3.3,7.3,10.0,6.3,6.3,67.81,0
3325,125,46-55,50,本科,11616.7,3033.6,43.2,7.0,73,2.1,5.7,4.2,6.8,3.6,3.4,1326.71,8
3326,66,26-35,30,大专,3784.2,370.7,18.4,8.2,25,4.5,3.6,4.0,6.2,1.9,2.9,138.1,1
3327,99,46-55,50,高中及以下,3266.5,399.7,14.7,7.9,31,5.5,1.0,6.6,7.2,7.4,5.9,117.38,1
3328,185,36-45,40,本科,8770.6,1255.7,20.0,7.5,17,4.9,4.3,7.0,9.0,2.9,4.8,303.08,4
3329,154,55+,60,高中及以下,3912.1,1377.6,7.4,8.0,10,6.6,3.6,4.1,6.2,7.3,4.5,198.95,2
3330,9,26-35,30,硕士,15728.1,1432.3,15.2,8.9,24,5.2,4.7,3.9,7.2,5.3,4.0,255.33,4
3331,45,46-55,50,本科,10853.9,1372.0,15.1,8.7,5,5.9,1.5,5.9,8.5,6.7,5.8,72.25,0
3332,97,36-45,40,高中及以下,3803.9,1179.8,9.1,10.0,23,5.2,4.2,3.1,9.7,4.2,4.3,192.68,2
3333,167,55+,60,大专,6153.5,2447.7,31.5,6.2,56,3.8,4.6,4.2,10.0,3.8,4.5,989.1,8
3334,179,36-45,40,高中及以下,4047.2,5040.0,51.0,6.8,75,2.7,5.8,6.5,5.0,4.0,3.6,1808.04,9
3335,73,36-45,40,大专,5098.7,2205.6,21.7,5.8,34,3.1,3.0,6.5,7.7,4.7,5.0,709.56,7
3336,40,36-45,40,大专,5400.0,1268.2,5.3,8.6,53,3.4,4.2,7.3,5.5,7.1,5.1,310.59,4
3337,29,55+,60,博士,13907.8,200.0,5.1,10.0,16,6.4,2.3,7.3,7.8,2.6,4.7,110.86,1
3338,17,46-55,50,本科,5684.8,473.3,10.6,8.3,15,5.8,3.6,6.6,6.6,4.9,4.7,203.21,3
3339,35,55+,60,本科,7220.0,725.7,8.9,8.4,48,5.7,3.9,4.6,8.1,4.3,4.3,43.78,0
3340,20,55+,60,博士,13864.8,1318.8,27.0,6.6,18,5.7,2.7,6.6,4.6,3.7,3.9,642.68,6
3341,112,46-55,50,本科,7131.2,702.1,5.0,9.1,33,4.4,3.8,6.5,7.1,4.1,4.5,157.63,1
3342,156,26-35,30,硕士,8829.6,2994.6,41.2,8.3,61,3.8,4.6,6.8,5.9,6.7,4.9,958.89,8
3343,68,46-55,50,大专,4634.3,530.0,14.4,8.5,37,5.2,4.3,5.1,9.5,7.1,5.6,213.07,3
3344,113,18-25,22,本科,9819.0,3986.1,51.0,7.6,69,3.3,7.5,5.4,4.4,5.8,3.4,1742.79,9
3345,177,26-35,30,大专,7432.3,2201.4,20.1,6.2,30,5.0,3.4,4.6,6.7,6.6,4.6,634.94,6
3346,179,55+,60,本科,9821.3,5373.2,54.4,6.1,78,2.6,7.5,6.6,8.1,7.8,5.4,1808.04,9
3347,76,36-45,40,高中及以下,2664.4,649.0,22.4,8.7,34,5.2,2.5,2.5,7.4,7.2,4.5,161.91,1
3348,152,36-45,40,高中及以下,2202.2,900.3,5.9,9.8,26,7.7,2.4,4.5,8.3,7.5,5.5,75.19,0
3349,12,46-55,50,本科,7779.1,603.9,20.5,9.3,45,5.3,4.9,5.3,7.1,4.8,4.2,189.04,2
3350,120,26-35,30,大专,4937.0,1215.4,27.4,9.2,6,5.1,5.7,5.5,6.5,4.5,3.9,327.35,4
3351,123,18-25,22,硕士,11979.3,532.3,9.2,9.7,12,5.3,1.6,6.6,9.4,7.3,6.4,36.53,0
3352,115,26-35,30,本科,4875.3,1848.5,5.0,7.9,24,6.7,3.3,7.0,7.2,5.7,5.2,200.65,2
3353,37,46-55,50,高中及以下,2942.1,259.5,17.2,8.0,32,3.9,1.2,3.8,7.6,6.4,4.9,20.91,0
3354,136,26-35,30,硕士,11137.9,1142.2,15.9,9.0,22,5.7,1.3,5.7,10.0,5.2,5.8,67.81,0
3355,55,18-25,22,博士,20477.7,1080.1,24.8,8.6,42,6.4,3.8,2.2,6.1,7.5,4.0,376.64,5
3356,179,36-45,40,博士,28224.1,5438.3,68.4,5.4,75,2.6,7.1,9.5,5.4,6.9,5.2,1808.04,9
3357,20,36-45,40,大专,4528.5,1562.7,26.2,9.8,64,5.9,2.5,6.8,6.4,5.0,4.8,642.68,6
3358,138,26-35,30,高中及以下,3555.6,1544.0,17.4,9.3,5,3.3,1.8,6.3,8.9,5.8,5.7,334.79,4
3359,86,26-35,30,硕士,9246.4,1777.7,13.2,8.7,52,6.2,2.9,4.6,9.5,5.4,5.2,370.7,5
3360,73,46-55,50,硕士,8870.0,2383.3,29.6,8.6,76,5.4,4.3,4.8,6.9,4.5,4.0,709.56,7
3361,70,36-45,40,硕士,10390.9,254.3,14.2,8.2,6,5.2,3.2,6.1,10.0,5.7,5.8,213.02,3
3362,82,55+,60,本科,11458.8,2518.3,15.2,6.8,69,3.3,4.2,4.6,8.4,6.8,5.1,650.6,7
3363,55,46-55,50,硕士,7778.1,878.1,26.6,8.3,43,5.4,2.0,5.6,7.6,6.9,5.5,376.64,5
3364,167,26-35,30,本科,6265.2,3703.6,37.7,5.3,90,5.4,4.6,6.2,6.6,6.8,4.9,989.1,8
3365,125,36-45,40,高中及以下,3226.1,3605.5,51.0,6.1,49,2.5,4.4,6.0,5.8,6.2,4.5,1326.71,8
3366,154,36-45,40,硕士,11418.1,1113.4,14.0,6.2,53,6.5,3.0,6.4,6.8,6.0,5.1,198.95,2
3367,55,18-25,22,高中及以下,4367.7,1396.4,14.5,9.4,19,6.8,2.9,5.4,7.3,4.5,4.5,376.64,5
3368,50,46-55,50,本科,7377.8,1222.6,19.9,10.0,21,3.8,3.6,4.6,7.7,4.2,4.2,205.22,3
3369,94,26-35,30,高中及以下,4355.0,955.6,5.6,7.5,32,6.7,2.1,6.3,5.9,6.6,5.1,100.27,0
3370,145,18-25,22,本科,6948.8,1757.2,10.0,8.9,33,5.4,3.2,4.3,4.7,7.0,4.1,324.35,4
3371,191,26-35,30,高中及以下,4233.1,1280.3,26.2,7.9,31,5.8,2.3,3.8,9.2,3.2,4.3,349.46,5
3372,81,55+,60,博士,14088.0,774.0,11.5,7.6,28,5.2,3.5,3.5,10.0,5.2,4.8,212.11,3
3373,174,36-45,40,本科,8028.6,770.7,22.4,7.4,18,6.1,3.8,3.5,6.4,4.4,3.5,195.72,2
3374,180,18-25,22,高中及以下,2247.5,1185.2,16.8,6.2,33,4.9,3.7,5.2,5.9,6.1,4.4,277.46,4
3375,1,36-45,40,硕士,13029.6,633.7,27.1,8.2,34,5.9,1.8,2.5,8.1,8.1,5.1,129.25,1
3376,148,55+,60,本科,6061.1,1930.5,12.2,9.5,7,4.4,3.9,5.0,9.5,4.8,5.0,250.12,4
3377,94,18-25,22,大专,4417.2,200.0,11.6,7.4,15,6.1,3.1,4.5,7.6,4.3,4.2,100.27,0
3378,122,26-35,30,博士,14210.1,1801.6,26.7,8.2,30,4.8,3.5,7.4,8.2,5.3,5.5,603.53,6
3379,113,26-35,30,硕士,18330.6,4922.4,61.0,6.4,60,3.0,6.7,7.0,6.0,4.2,4.0,1742.79,9
3380,175,26-35,30,高中及以下,2638.2,893.6,14.7,8.9,36,4.9,3.1,3.0,9.7,6.9,5.2,339.4,5
3381,43,26-35,30,高中及以下,2342.9,1074.2,22.6,9.0,37,7.8,3.2,5.1,7.5,4.6,4.5,109.83,1
3382,141,18-25,22,大专,5801.6,1241.7,26.9,7.2,43,3.1,3.9,5.1,9.0,5.3,5.0,548.48,6
3383,59,36-45,40,硕士,12920.6,2529.7,19.4,6.9,21,4.7,2.5,4.0,8.7,7.0,5.3,393.68,5
3384,167,55+,60,博士,15176.8,2491.4,38.6,7.7,43,5.1,4.3,5.2,5.7,3.4,3.5,989.1,8
3385,176,26-35,30,大专,4765.0,655.0,22.4,10.0,41,7.7,3.4,3.4,7.1,6.5,4.4,150.36,1
3386,52,55+,60,博士,12394.0,200.0,10.8,9.4,7,6.2,1.7,5.0,9.3,6.3,5.6,75.42,0
3387,77,36-45,40,大专,4530.2,200.0,7.1,9.2,57,6.0,2.0,4.2,7.0,7.0,4.9,110.06,1
3388,113,18-25,22,博士,21256.2,4563.5,54.9,5.8,58,3.3,6.1,8.0,3.1,3.8,3.4,1742.79,9
3389,9,26-35,30,硕士,14781.8,1067.1,21.3,6.9,19,4.6,4.4,6.7,5.7,5.6,4.5,255.33,4
3390,113,18-25,22,本科,10724.7,4214.1,44.1,6.6,85,0.9,5.5,6.9,7.6,6.3,5.2,1742.79,9
3391,125,46-55,50,大专,7083.1,3221.8,42.3,5.2,56,1.7,4.8,7.0,7.5,6.9,5.4,1326.71,8
3392,179,46-55,50,硕士,18052.3,5073.9,60.3,5.4,63,3.7,4.7,7.0,2.1,6.3,3.7,1808.04,9
3393,81,26-35,30,硕士,11047.3,1347.4,7.3,6.4,24,6.5,3.0,4.8,8.7,7.7,5.6,212.11,3
3394,56,46-55,50,高中及以下,1965.6,1053.2,21.2,8.1,32,4.6,1.0,1.8,8.6,6.8,4.8,64.12,0
3395,113,46-55,50,博士,28736.9,4077.8,54.2,8.2,95,3.3,6.1,7.7,6.6,5.6,4.8,1742.79,9
3396,166,26-35,30,本科,8773.3,1749.1,25.2,9.7,7,4.6,1.4,5.2,5.8,8.4,5.3,337.67,5
3397,120,46-55,50,本科,5522.1,795.2,14.0,8.4,5,5.6,2.7,3.5,7.7,7.9,5.1,327.35,4
3398,175,46-55,50,本科,6843.3,1628.1,15.9,8.3,39,6.5,2.0,2.5,8.4,5.9,4.5,339.4,5
3399,41,26-35,30,高中及以下,3434.5,714.1,8.1,8.3,29,5.6,3.8,3.9,8.1,4.5,4.2,176.16,2
3400,176,26-35,30,硕士,14196.3,726.1,12.0,10.0,8,6.1,2.5,9.0,5.7,4.3,5.1,150.36,1
3401,118,55+,60,本科,8096.7,1993.8,19.8,6.8,57,3.2,3.5,3.3,8.9,7.0,5.0,465.37,6
3402,65,26-35,30,硕士,16922.6,3122.0,25.6,9.3,30,4.1,5.0,4.0,5.5,3.7,3.1,576.08,6
3403,20,26-35,30,大专,4704.1,3332.9,27.1,9.1,60,6.2,4.7,6.5,6.0,5.4,4.4,642.68,6
3404,15,36-45,40,高中及以下,3197.8,649.8,7.6,9.4,38,5.6,3.2,4.9,7.3,3.2,3.9,84.58,0
3405,138,46-55,50,硕士,12472.8,1929.7,20.1,9.5,15,5.3,3.2,4.3,7.8,6.8,4.9,334.79,4
3406,185,36-45,40,高中及以下,2390.9,2612.2,16.0,9.7,30,5.8,2.9,4.0,7.5,5.1,4.3,303.08,4
3407,150,46-55,50,高中及以下,3200.3,644.3,17.9,9.2,21,6.8,2.6,3.6,7.9,5.3,4.4,190.66,2
3408,154,46-55,50,本科,7358.5,1597.8,11.6,9.7,27,5.6,2.2,6.3,7.1,4.6,4.8,198.95,2
3409,47,46-55,50,高中及以下,3452.0,938.2,33.0,8.6,47,5.6,3.4,8.2,6.4,5.9,5.4,427.14,6
3410,71,46-55,50,硕士,19098.4,2194.9,32.3,8.5,58,4.9,6.7,3.9,6.1,5.7,3.5,690.93,7
3411,164,36-45,40,硕士,10393.6,1714.6,22.6,8.6,16,5.9,3.9,5.5,6.7,5.2,4.4,388.92,5
3412,113,18-25,22,本科,8768.1,4963.1,57.5,5.3,88,3.2,6.5,5.5,5.7,5.2,3.8,1742.79,9
3413,3,26-35,30,大专,3447.5,1797.2,29.1,7.6,50,3.4,3.5,5.6,9.6,5.1,5.3,680.64,7
3414,63,18-25,22,本科,6258.7,964.4,12.0,9.5,12,4.1,1.2,5.6,10.0,4.2,5.5,44.87,0
3415,177,55+,60,本科,9860.6,1384.5,30.2,9.6,18,5.2,3.6,1.5,8.0,7.3,4.3,634.94,6
3416,166,55+,60,本科,8834.1,257.5,12.1,8.5,19,5.2,2.5,3.7,6.3,4.1,3.7,337.67,5
3417,43,26-35,30,硕士,6517.7,369.3,16.5,7.7,33,4.6,3.5,6.0,6.3,3.8,4.1,109.83,1
3418,58,36-45,40,大专,5501.7,2006.6,12.5,7.8,19,6.2,3.1,4.8,7.9,4.2,4.4,206.7,3
3419,183,46-55,50,本科,7089.9,863.7,18.0,9.7,23,6.7,2.3,5.9,6.3,5.5,4.7,240.44,3
3420,88,18-25,22,大专,4987.8,1026.4,12.1,8.0,6,5.8,2.0,3.8,8.8,7.0,5.3,87.38,0
3421,31,55+,60,本科,7661.5,2146.3,34.8,7.2,65,2.1,7.5,2.4,4.9,5.5,2.6,946.03,7
3422,113,36-45,40,高中及以下,3085.7,5458.9,47.6,7.7,82,3.7,5.5,7.5,9.3,5.9,5.7,1742.79,9
3423,106,26-35,30,硕士,12529.7,1234.9,32.9,6.7,62,3.9,5.9,3.7,6.0,5.8,3.6,978.66,8
3424,191,36-45,40,本科,6396.0,1726.8,21.2,10.0,39,3.7,3.8,5.4,7.1,6.1,4.8,349.46,5
3425,133,36-45,40,大专,5706.7,1127.8,13.7,7.1,21,5.0,4.2,6.3,8.3,6.7,5.5,238.31,3
3426,105,18-25,22,硕士,9872.2,1239.1,20.9,7.8,5,6.8,4.5,6.3,7.4,7.6,5.4,222.31,3
3427,82,36-45,40,硕士,13391.9,1683.2,17.0,6.3,20,5.8,4.9,3.6,9.6,5.2,4.6,650.6,7
3428,125,36-45,40,大专,6878.2,3268.1,42.7,6.3,65,3.3,6.3,6.5,5.7,4.5,3.9,1326.71,8
3429,113,26-35,30,硕士,18275.8,4962.2,54.0,5.2,89,3.3,4.8,6.1,5.9,5.1,4.2,1742.79,9
3430,138,18-25,22,大专,5115.6,1096.6,15.8,8.1,39,5.1,4.7,2.6,7.9,8.3,4.7,334.79,4
3431,116,36-45,40,硕士,11206.5,1372.0,17.5,9.8,24,4.6,1.7,5.0,5.7,5.5,4.4,143.35,1
3432,179,18-25,22,硕士,14784.0,4476.7,49.8,6.3,71,1.8,4.8,6.9,4.1,6.0,4.2,1808.04,9
3433,0,26-35,30,博士,24125.8,1149.5,21.2,8.6,29,6.4,2.9,7.6,4.8,4.4,4.4,243.89,3
3434,118,36-45,40,高中及以下,3191.6,2887.3,21.0,7.2,50,2.5,3.9,3.5,10.0,3.7,4.4,465.37,6
3435,162,18-25,22,高中及以下,2984.6,1699.9,10.9,6.7,34,5.7,1.1,4.3,5.6,5.9,4.4,472.76,6
3436,20,55+,60,本科,7804.8,1999.2,33.1,6.6,9,4.8,4.1,6.8,5.2,5.0,4.3,642.68,6
3437,20,26-35,30,博士,20338.7,2288.1,30.5,9.7,29,5.3,5.0,5.1,7.9,4.2,4.2,642.68,6
3438,20,36-45,40,博士,13723.6,1939.5,23.8,7.8,54,4.2,5.4,5.2,7.5,9.2,5.5,642.68,6
3439,183,36-45,40,大专,4334.6,644.5,9.2,9.1,11,5.6,3.3,5.7,7.1,7.3,5.3,240.44,3
3440,169,36-45,40,本科,9430.1,1250.6,16.9,9.3,51,4.8,3.9,5.0,5.3,5.3,3.9,69.84,0
3441,24,26-35,30,大专,3913.0,954.8,20.1,8.5,5,6.5,1.0,7.5,6.9,7.3,6.1,86.11,0
3442,135,18-25,22,高中及以下,3929.0,2158.4,30.2,7.7,44,4.3,4.5,6.4,7.2,8.3,5.6,699.2,7
3443,122,26-35,30,大专,4359.4,1899.4,18.9,7.6,40,5.2,4.2,5.6,7.4,6.3,4.9,603.53,6
3444,31,26-35,30,高中及以下,3795.8,3497.4,33.5,7.2,82,5.8,6.7,5.4,3.9,6.2,3.5,946.03,7
3445,113,46-55,50,硕士,12337.4,5294.5,53.0,4.9,95,2.1,6.6,9.5,4.8,2.1,3.7,1742.79,9
3446,6,36-45,40,本科,6389.0,1773.6,30.3,7.0,54,4.7,2.9,6.3,4.8,6.5,4.6,719.97,7
3447,1,36-45,40,本科,6889.7,816.0,13.1,9.5,50,4.7,2.0,3.9,8.0,6.5,5.0,129.25,1
3448,67,26-35,30,大专,3834.4,2031.5,19.8,8.5,34,3.9,3.1,6.7,6.4,6.2,5.1,404.86,5
3449,179,18-25,22,本科,9732.6,4663.4,48.7,6.5,107,2.2,4.8,5.8,4.8,5.7,4.0,1808.04,9
3450,118,26-35,30,大专,4214.1,1819.5,14.3,8.6,46,4.5,4.8,3.3,4.7,4.8,3.0,465.37,6
3451,4,46-55,50,高中及以下,2491.8,1709.4,20.4,8.7,32,6.9,4.4,2.2,10.0,5.4,4.4,117.43,1
3452,5,46-55,50,高中及以下,3992.6,492.8,7.3,9.0,26,5.3,3.2,4.3,6.5,5.6,4.2,117.43,1
3453,27,36-45,40,硕士,9314.8,609.7,6.0,7.2,5,5.5,3.3,5.0,6.7,2.3,3.5,216.09,3
3454,65,46-55,50,高中及以下,3736.7,1768.6,30.9,8.9,46,4.2,3.7,4.6,4.1,5.0,3.4,576.08,6
3455,34,18-25,22,大专,5594.7,1531.7,21.0,6.8,31,4.7,4.1,4.8,9.5,2.8,4.3,337.83,5
3456,54,36-45,40,高中及以下,2773.2,728.5,15.9,10.0,29,5.0,4.3,6.0,4.9,5.2,4.0,416.13,5
3457,34,46-55,50,本科,8630.4,760.9,22.0,8.1,27,6.5,3.5,7.0,5.4,8.6,5.5,337.83,5
3458,159,36-45,40,硕士,9316.7,1297.0,5.0,8.2,55,4.0,3.7,6.1,10.0,5.9,5.8,286.16,4
3459,89,26-35,30,高中及以下,2722.3,328.6,20.6,6.7,18,3.4,1.8,4.8,6.8,7.3,5.1,247.96,3
3460,138,36-45,40,高中及以下,3255.2,733.2,10.8,8.5,43,4.6,3.8,5.2,3.9,5.5,3.6,334.79,4
3461,70,46-55,50,大专,6146.9,1969.9,14.6,9.6,37,6.4,2.2,7.8,7.7,6.4,5.9,213.02,3
3462,103,36-45,40,高中及以下,5213.4,343.5,18.4,8.8,28,5.2,2.1,3.3,8.1,6.6,4.8,66.53,0
3463,125,55+,60,大专,7832.5,3535.7,42.4,5.2,43,2.1,5.2,6.3,4.9,3.9,3.6,1326.71,8
3464,10,55+,60,高中及以下,3529.5,588.7,16.0,8.5,33,3.5,3.4,6.6,7.9,6.6,5.5,93.37,0
3465,59,36-45,40,硕士,13933.1,605.0,19.5,7.8,49,5.1,2.4,5.3,6.3,4.0,4.1,393.68,5
3466,187,55+,60,硕士,8900.7,1363.7,6.5,9.2,22,5.2,2.7,4.9,7.7,5.6,4.8,137.99,1
3467,173,55+,60,高中及以下,3312.6,1082.5,16.8,8.8,20,6.3,1.8,6.3,5.5,5.5,4.7,208.75,3
3468,179,26-35,30,硕士,19795.1,5545.4,64.4,7.6,80,3.8,5.6,7.1,5.6,4.1,4.0,1808.04,9
3469,6,46-55,50,本科,8648.2,2768.2,27.9,7.7,52,5.5,3.5,6.1,5.1,5.7,4.3,719.97,7
3470,119,26-35,30,大专,6267.4,705.3,11.4,9.4,62,5.0,3.0,4.3,5.7,6.7,4.3,314.8,4
3471,65,46-55,50,大专,5738.0,1753.5,16.6,7.8,35,5.2,3.7,4.1,6.0,4.6,3.7,576.08,6
3472,168,26-35,30,高中及以下,4629.4,1575.9,9.5,8.7,36,4.6,2.8,6.0,9.0,5.1,5.3,116.12,1
3473,124,26-35,30,本科,8341.3,1666.5,19.1,7.6,28,5.1,4.1,6.4,8.4,6.5,5.5,266.9,4
3474,46,55+,60,硕士,6349.4,332.9,11.7,9.2,18,5.5,2.8,5.2,7.7,6.2,5.1,93.63,0
3475,10,26-35,30,本科,6091.8,567.9,17.9,7.6,45,6.9,4.5,6.0,8.3,2.6,4.2,93.37,0
3476,144,46-55,50,本科,4586.8,1718.4,15.8,9.6,16,4.7,2.8,5.6,4.5,3.2,3.4,192.46,2
3477,179,18-25,22,高中及以下,5774.0,5060.0,54.0,6.0,100,3.2,7.5,7.9,4.9,6.0,4.3,1808.04,9
3478,71,36-45,40,大专,5219.4,1887.6,15.5,6.8,42,6.4,3.7,8.2,8.4,4.1,5.4,690.93,7
3479,96,36-45,40,本科,6596.6,2304.3,13.8,9.2,49,5.6,2.8,4.9,8.4,5.6,5.0,199.56,2
3480,152,46-55,50,高中及以下,3190.9,1003.6,12.6,7.6,20,4.9,1.7,4.8,8.0,5.5,5.0,75.19,0
3481,122,36-45,40,大专,5562.6,1777.4,25.3,8.1,50,7.0,4.4,4.7,6.4,7.7,4.7,603.53,6
3482,125,36-45,40,本科,7044.4,3675.1,39.6,6.8,78,3.7,6.6,6.8,6.1,4.0,3.9,1326.71,8
3483,64,26-35,30,高中及以下,2997.4,1591.9,15.9,7.9,26,6.0,3.7,7.7,7.5,6.0,5.5,334.46,4
3484,22,26-35,30,高中及以下,4219.1,1045.6,9.5,10.0,28,7.1,3.8,6.0,8.1,9.0,6.1,158.78,1
3485,106,36-45,40,硕士,12299.5,3177.4,36.0,8.0,36,2.9,3.3,4.0,7.7,9.1,5.5,978.66,8
3486,118,26-35,30,大专,5811.3,1423.4,23.1,7.3,22,5.8,2.6,3.6,8.0,6.0,4.7,465.37,6
3487,157,46-55,50,本科,7562.4,960.1,16.7,9.4,50,4.1,2.6,7.5,10.0,6.9,6.6,238.37,3
3488,16,55+,60,高中及以下,2216.3,743.3,18.7,10.0,9,6.1,1.0,6.5,6.6,8.7,6.1,53.9,0
3489,45,36-45,40,本科,7828.6,956.3,8.2,8.7,36,5.4,1.0,2.1,6.1,8.9,4.7,72.25,0
3490,54,18-25,22,本科,9330.9,1807.8,21.7,7.4,20,3.7,2.7,7.6,6.7,4.4,5.0,416.13,5
3491,115,26-35,30,本科,7118.0,1688.0,17.0,7.8,21,6.4,4.0,5.0,5.9,6.3,4.3,200.65,2
3492,90,55+,60,大专,3051.5,1382.7,14.4,9.4,35,4.7,3.0,3.1,3.8,5.3,3.1,163.54,2
3493,145,46-55,50,本科,9796.6,985.7,11.8,7.2,47,4.1,3.8,3.7,7.8,4.1,3.9,324.35,4
3494,174,46-55,50,本科,7606.3,1443.3,14.8,8.4,20,4.9,2.7,5.5,7.1,7.9,5.5,195.72,2
3495,125,26-35,30,硕士,15255.5,3502.6,45.8,6.0,55,4.8,5.7,3.9,8.0,4.9,4.0,1326.71,8
3496,176,26-35,30,硕士,9056.7,764.4,16.5,8.9,22,5.1,2.3,5.0,5.8,6.7,4.7,150.36,1
3497,135,36-45,40,本科,6530.0,1341.4,25.6,9.0,50,5.2,4.4,3.3,4.1,4.7,2.8,699.2,7
3498,122,36-45,40,本科,6410.2,1379.3,26.0,8.7,48,6.0,4.6,6.6,4.7,7.1,4.6,603.53,6
3499,113,36-45,40,本科,9273.8,5076.2,50.4,6.0,52,5.4,7.0,8.5,7.7,1.8,4.1,1742.79,9
3500,113,36-45,40,高中及以下,5090.2,4675.1,51.7,6.6,50,2.2,6.3,6.8,4.4,6.9,4.3,1742.79,9
3501,39,26-35,30,大专,5345.2,898.9,8.9,9.9,5,7.7,2.2,6.7,8.6,5.2,5.5,180.7,2
3502,110,26-35,30,本科,7868.8,619.8,10.0,7.9,26,7.1,1.9,4.9,5.1,4.1,3.8,21.79,0
3503,159,55+,60,高中及以下,3172.0,1451.1,13.5,9.5,24,5.9,1.8,4.4,5.5,7.4,4.7,286.16,4
3504,116,18-25,22,本科,7206.5,1892.0,11.7,5.9,22,4.5,4.0,5.8,10.0,5.2,5.4,143.35,1
3505,94,46-55,50,本科,7117.7,819.1,9.6,9.7,21,5.2,2.1,3.9,7.7,5.5,4.6,100.27,0
3506,182,26-35,30,本科,5269.4,200.0,8.2,8.7,7,4.8,3.8,6.4,8.7,5.2,5.3,50.86,0
3507,3,55+,60,高中及以下,4237.4,1785.4,32.6,8.8,41,5.4,4.0,6.1,9.7,6.9,5.9,680.64,7
3508,31,36-45,40,博士,23141.4,2465.5,32.8,8.4,53,5.0,5.4,4.2,5.7,7.6,4.2,946.03,7
3509,179,26-35,30,硕士,13543.6,6175.7,48.1,5.7,71,1.3,6.6,2.4,3.6,6.7,2.7,1808.04,9
3510,27,55+,60,高中及以下,4165.8,1493.5,18.5,8.6,32,4.4,4.0,6.5,6.6,4.0,4.3,216.09,3
3511,118,26-35,30,硕士,14010.0,1278.2,25.1,8.2,41,5.8,3.6,7.5,10.0,6.7,6.4,465.37,6
3512,179,36-45,40,大专,7535.8,4044.6,61.0,5.2,46,3.7,7.6,5.5,2.7,3.8,2.3,1808.04,9
3513,141,46-55,50,本科,7043.5,1560.5,32.3,9.0,37,5.3,2.4,5.9,6.9,8.5,5.7,548.48,6
3514,98,46-55,50,高中及以下,2914.6,453.7,6.5,7.1,40,4.7,3.6,4.4,8.0,6.1,4.8,149.17,1
3515,17,46-55,50,高中及以下,3281.5,1191.8,12.9,10.0,25,6.3,5.3,4.0,7.0,3.3,3.3,203.21,3
3516,48,26-35,30,硕士,17123.2,611.3,17.3,7.6,17,7.3,2.3,5.5,8.9,5.1,5.2,209.27,3
3517,145,26-35,30,硕士,11475.2,1421.7,17.4,7.0,43,5.6,2.5,5.7,6.7,4.1,4.4,324.35,4
3518,141,26-35,30,高中及以下,3382.6,1984.6,26.2,10.0,36,5.8,3.8,5.2,7.2,4.9,4.4,548.48,6
3519,122,36-45,40,大专,7672.1,1842.0,23.5,7.9,40,4.0,3.3,6.7,7.2,6.0,5.2,603.53,6
3520,113,26-35,30,硕士,14744.4,5799.9,53.2,5.2,82,4.1,5.1,7.0,4.2,4.9,3.9,1742.79,9
3521,67,36-45,40,本科,9657.7,2480.0,28.0,8.3,49,6.0,2.8,4.8,9.9,5.0,5.2,404.86,5
3522,132,26-35,30,本科,9171.5,347.6,6.6,8.4,24,5.6,3.7,6.6,7.6,6.8,5.5,51.3,0
3523,184,55+,60,本科,7715.4,749.1,14.6,9.3,8,5.7,4.7,7.2,7.0,6.1,5.1,118.69,1
3524,135,36-45,40,硕士,8276.0,2944.0,29.8,8.4,51,4.0,3.2,7.4,6.4,3.5,4.5,699.2,7
3525,177,18-25,22,硕士,8976.6,1248.0,28.6,7.0,28,4.1,2.0,6.8,10.0,3.3,5.5,634.94,6
3526,148,18-25,22,高中及以下,3298.9,1317.1,12.3,9.5,21,5.7,4.3,9.0,5.3,6.0,5.2,250.12,4
3527,156,36-45,40,高中及以下,3440.6,2475.6,32.3,8.0,57,3.8,4.7,5.0,5.7,5.3,3.9,958.89,8
3528,31,36-45,40,博士,18225.3,2003.0,26.3,6.4,53,4.1,4.7,6.4,6.2,7.0,4.9,946.03,7
3529,20,26-35,30,高中及以下,2599.1,2088.0,25.0,7.6,40,5.7,3.9,7.1,8.3,3.8,4.9,642.68,6
3530,71,36-45,40,硕士,12172.8,2021.8,25.4,8.6,44,4.4,3.5,7.7,5.6,4.3,4.5,690.93,7
3531,82,18-25,22,大专,4535.4,2156.1,32.7,8.7,45,4.5,4.0,5.8,7.9,6.7,5.3,650.6,7
3532,131,18-25,22,本科,7000.9,1335.4,11.6,7.8,5,6.0,2.0,4.7,5.0,4.6,3.8,158.95,1
3533,87,26-35,30,大专,4463.8,1099.6,15.5,8.5,5,6.3,3.4,5.0,6.7,4.4,4.1,206.18,3
3534,71,46-55,50,大专,5736.6,1671.3,31.0,7.7,33,4.7,4.9,7.5,3.7,5.8,4.2,690.93,7
3535,197,26-35,30,本科,8764.4,331.2,17.6,7.0,5,6.2,3.1,4.6,6.8,4.0,4.0,173.08,2
3536,124,46-55,50,本科,7128.1,755.6,14.1,8.4,26,5.9,2.3,6.1,6.6,7.1,5.3,266.9,4
3537,9,36-45,40,大专,5177.9,823.6,18.1,9.4,40,6.5,3.4,6.2,5.8,6.3,4.7,255.33,4
3538,3,26-35,30,博士,24103.0,2504.5,29.4,8.3,41,5.1,3.7,4.0,5.4,6.3,4.0,680.64,7
3539,153,18-25,22,高中及以下,3362.2,1680.5,12.8,10.0,32,5.7,2.7,6.2,8.3,3.8,4.8,187.21,2
3540,106,46-55,50,硕士,11587.6,1869.9,40.7,7.4,67,2.3,4.3,5.5,6.1,5.8,4.4,978.66,8
3541,179,26-35,30,本科,9602.2,5610.1,57.2,5.2,75,2.5,6.5,6.6,4.9,6.0,4.1,1808.04,9
3542,156,36-45,40,大专,5094.3,2989.3,37.6,8.2,54,4.8,5.3,7.6,5.5,6.9,5.0,958.89,8
3543,162,26-35,30,高中及以下,3792.1,2476.1,24.6,8.6,55,5.5,1.5,3.3,5.7,5.4,3.9,472.76,6
3544,53,36-45,40,硕士,11558.4,1776.1,24.6,8.9,33,6.1,2.9,4.1,6.6,7.9,4.9,273.6,4
3545,75,18-25,22,本科,9172.7,1033.2,12.9,6.9,24,6.3,4.3,5.1,5.1,5.1,3.8,337.61,5
3546,140,18-25,22,高中及以下,2877.1,357.1,19.3,8.8,42,7.0,2.1,7.5,6.7,7.4,5.9,186.32,2
3547,168,26-35,30,本科,6794.7,1811.9,14.1,7.9,58,6.2,3.9,4.7,5.8,5.1,3.9,116.12,1
3548,165,46-55,50,大专,6679.5,1185.3,15.6,8.9,5,4.8,2.4,5.7,9.6,5.9,5.7,224.25,3
3549,73,26-35,30,本科,9662.5,2668.6,20.0,7.2,31,3.9,5.3,5.9,5.5,4.1,3.7,709.56,7
3550,123,55+,60,本科,7150.1,398.7,10.3,8.6,25,4.7,3.0,4.0,7.1,6.1,4.5,36.53,0
3551,0,46-55,50,硕士,8906.5,917.2,18.0,9.3,22,6.0,3.2,5.3,8.6,7.3,5.6,243.89,3
3552,180,36-45,40,大专,3638.9,1526.8,21.3,8.5,59,6.0,2.8,4.1,6.7,3.8,3.8,277.46,4
3553,65,26-35,30,大专,3753.5,1395.0,17.5,7.0,41,5.2,3.1,4.5,7.5,5.4,4.5,576.08,6
3554,29,26-35,30,硕士,9339.6,898.5,9.0,7.7,27,8.0,2.9,7.8,9.0,5.9,6.1,110.86,1
3555,159,26-35,30,博士,16893.9,2226.7,14.4,8.5,5,8.3,3.2,5.2,8.8,6.6,5.4,286.16,4
3556,146,46-55,50,本科,8574.8,200.0,7.3,6.5,63,4.9,2.2,3.4,7.7,6.3,4.7,43.08,0
3557,82,46-55,50,本科,7266.8,1688.7,23.5,6.8,43,4.7,4.0,6.2,6.9,7.0,5.2,650.6,7
3558,87,46-55,50,大专,5700.3,683.1,13.4,10.0,39,8.1,2.7,2.9,7.3,5.5,4.1,206.18,3
3559,144,36-45,40,大专,5849.1,1605.7,11.8,7.5,15,5.3,5.2,7.2,5.6,5.6,4.5,192.46,2
3560,3,26-35,30,高中及以下,2688.5,2962.4,31.3,9.3,40,4.3,5.5,6.7,9.6,4.9,5.3,680.64,7
3561,185,46-55,50,本科,6036.3,1157.6,17.3,9.7,29,6.1,3.5,7.6,8.1,5.7,5.6,303.08,4
3562,179,26-35,30,高中及以下,4363.6,3423.6,61.0,5.2,66,0.5,4.7,8.1,5.3,5.6,4.8,1808.04,9
3563,87,46-55,50,大专,4727.8,967.1,14.4,9.8,33,5.2,4.5,6.1,10.0,5.0,5.4,206.18,3
3564,156,26-35,30,本科,8626.8,2580.4,35.7,7.3,19,3.5,3.2,8.0,7.8,7.2,6.1,958.89,8
3565,119,36-45,40,本科,8612.5,2322.9,14.5,6.5,50,5.3,3.0,5.9,8.9,5.9,5.5,314.8,4
3566,144,18-25,22,硕士,11881.8,575.8,10.8,8.5,13,5.9,2.7,5.2,8.8,5.2,5.1,192.46,2
3567,179,36-45,40,高中及以下,5522.3,4581.4,55.1,6.6,78,2.1,7.9,8.5,7.9,4.1,4.7,1808.04,9
3568,96,18-25,22,本科,6962.4,661.8,14.5,10.0,41,6.1,1.7,5.9,9.0,2.6,4.8,199.56,2
3569,96,46-55,50,本科,8936.2,1075.8,26.2,7.4,16,6.2,1.6,4.4,7.8,4.3,4.5,199.56,2
3570,167,26-35,30,大专,6478.4,2923.2,38.4,7.6,67,4.0,4.2,7.6,8.0,6.8,5.8,989.1,8
3571,3,36-45,40,硕士,16399.7,2036.8,28.6,7.9,44,3.9,3.2,5.6,8.9,5.3,5.2,680.64,7
3572,59,26-35,30,高中及以下,3885.1,2052.1,20.2,9.1,44,5.2,4.3,4.5,4.5,5.3,3.5,393.68,5
3573,31,36-45,40,高中及以下,4309.5,2917.9,34.3,7.6,67,4.8,4.8,5.6,8.9,6.6,5.3,946.03,7
3574,179,46-55,50,硕士,12554.4,3556.9,49.3,4.5,107,1.0,7.7,7.0,2.7,5.9,3.4,1808.04,9
3575,119,26-35,30,大专,5940.0,1216.1,16.3,8.5,27,5.6,4.4,6.8,8.8,5.5,5.4,314.8,4
3576,6,26-35,30,本科,12004.9,2655.0,35.2,8.4,31,3.3,1.5,5.0,7.3,7.7,5.5,719.97,7
3577,91,36-45,40,硕士,13139.2,1187.6,12.6,9.6,33,5.7,4.1,4.9,6.3,5.5,4.2,390.98,5
3578,167,18-25,22,大专,3902.3,2434.0,31.3,6.2,55,4.2,4.5,7.6,4.7,3.6,3.9,989.1,8
3579,20,46-55,50,本科,11451.5,827.5,22.4,7.2,51,5.1,5.0,6.8,8.8,4.2,4.9,642.68,6
3580,67,36-45,40,本科,6614.7,1799.3,24.4,7.7,28,4.6,1.2,4.4,7.0,6.8,5.0,404.86,5
3581,179,18-25,22,本科,11679.6,5077.4,49.4,5.6,84,2.3,7.4,6.0,6.9,4.9,4.0,1808.04,9
3582,9,36-45,40,大专,4672.7,1194.0,7.2,10.0,11,7.0,2.7,4.4,8.4,6.0,5.0,255.33,4
3583,198,26-35,30,本科,6043.8,732.6,11.9,7.6,5,6.9,3.6,7.0,7.4,6.0,5.3,157.31,1
3584,71,26-35,30,硕士,11915.6,2564.7,20.3,7.7,77,2.9,5.4,7.4,4.9,7.5,4.9,690.93,7
3585,6,18-25,22,高中及以下,4114.6,3138.9,34.5,7.5,43,5.3,3.4,8.0,8.1,4.7,5.5,719.97,7
3586,34,26-35,30,硕士,9975.5,467.9,14.1,9.0,23,3.6,5.7,7.5,5.3,4.1,4.0,337.83,5
3587,131,36-45,40,大专,5135.0,953.7,12.1,8.1,28,7.0,2.5,4.1,9.3,2.4,4.2,158.95,1
3588,31,46-55,50,博士,22204.0,3574.0,27.5,7.8,27,6.1,3.9,6.7,5.1,5.8,4.5,946.03,7
3589,156,26-35,30,博士,15048.6,2612.2,35.1,7.7,37,3.7,4.8,5.5,5.8,6.5,4.4,958.89,8
3590,86,26-35,30,高中及以下,3846.2,1035.0,23.5,10.0,5,4.4,3.0,6.0,8.8,5.4,5.3,370.7,5
3591,179,36-45,40,大专,7001.9,5410.5,49.8,5.4,82,4.7,7.0,6.5,6.3,6.9,4.6,1808.04,9
3592,16,36-45,40,高中及以下,2714.4,1566.9,11.9,9.3,18,6.7,1.8,5.6,9.3,4.9,5.4,53.9,0
3593,86,18-25,22,大专,4017.5,1677.2,19.6,5.4,28,4.3,1.4,6.0,7.9,8.2,6.1,370.7,5
3594,122,18-25,22,大专,5708.0,1585.4,23.8,8.3,28,4.2,4.3,5.8,6.8,8.8,5.5,603.53,6
3595,168,26-35,30,高中及以下,2960.2,489.1,16.8,9.7,25,7.0,3.4,4.9,8.0,2.9,4.0,116.12,1
3596,113,36-45,40,硕士,17067.1,5119.1,52.9,6.5,86,3.3,6.6,8.1,5.6,4.8,4.3,1742.79,9
3597,156,26-35,30,本科,9293.0,3628.6,31.5,6.7,71,5.1,4.7,6.7,7.7,7.0,5.4,958.89,8
3598,125,18-25,22,大专,6589.2,3837.9,46.3,8.0,91,3.0,7.1,5.7,4.5,7.4,4.0,1326.71,8
3599,67,46-55,50,高中及以下,3795.6,1561.2,17.6,8.0,38,3.5,3.6,5.6,7.7,3.5,4.3,404.86,5
3600,88,36-45,40,高中及以下,3524.8,949.8,17.1,6.7,34,6.7,2.1,5.5,10.0,4.7,5.5,87.38,0
3601,168,46-55,50,博士,11988.0,1475.6,7.6,9.5,19,6.3,3.0,6.1,8.3,6.3,5.5,116.12,1
3602,24,26-35,30,大专,4812.7,1512.3,18.0,9.6,18,6.5,5.0,1.4,7.1,7.4,3.8,86.11,0
3603,191,36-45,40,大专,6387.6,1749.1,18.2,9.1,30,5.7,3.1,4.7,9.3,5.5,5.1,349.46,5
3604,127,46-55,50,博士,16025.9,200.0,12.7,8.8,11,5.3,3.0,5.9,4.9,7.4,4.8,84.24,0
3605,91,55+,60,高中及以下,2874.8,1757.7,20.3,8.6,35,3.9,3.6,3.3,7.6,6.0,4.3,390.98,5
3606,175,18-25,22,硕士,13815.4,2139.4,18.5,9.3,13,5.9,4.2,5.6,7.8,3.8,4.3,339.4,5
3607,120,55+,60,高中及以下,2249.9,1161.7,27.4,8.2,25,6.2,2.8,6.8,10.0,4.5,5.7,327.35,4
3608,143,26-35,30,本科,9267.8,1174.6,22.5,9.3,5,3.4,3.9,6.3,8.5,6.0,5.4,178.51,2
3609,20,26-35,30,本科,8409.0,2123.5,30.2,7.4,36,4.6,3.4,5.2,8.5,6.0,5.1,642.68,6
3610,167,18-25,22,本科,8168.9,3911.2,41.6,6.0,51,3.6,4.9,5.1,6.1,7.5,4.6,989.1,8
3611,179,46-55,50,本科,9490.5,5928.0,57.0,5.2,71,3.2,5.9,8.8,4.0,5.8,4.5,1808.04,9
3612,20,26-35,30,本科,9429.6,2900.5,24.2,5.5,33,6.4,4.9,4.6,6.5,4.7,3.8,642.68,6
3613,54,36-45,40,高中及以下,3279.5,1983.0,27.6,7.4,55,4.7,5.3,7.0,6.8,3.9,4.3,416.13,5
3614,89,36-45,40,高中及以下,3125.4,206.8,11.8,10.0,19,5.4,2.1,8.0,7.1,7.8,6.2,247.96,3
3615,113,46-55,50,高中及以下,5114.4,4972.4,57.5,7.7,69,2.5,6.7,8.4,6.7,7.5,5.5,1742.79,9
3616,179,18-25,22,硕士,15010.2,5419.2,47.3,4.8,57,3.3,6.6,8.4,6.2,6.1,5.0,1808.04,9
3617,198,26-35,30,本科,7034.5,200.0,16.5,10.0,20,5.2,3.6,3.9,7.5,4.8,4.1,157.31,1
3618,156,26-35,30,高中及以下,4331.0,2861.0,38.8,7.8,66,5.2,5.1,6.4,5.5,4.8,4.0,958.89,8
3619,154,26-35,30,大专,4558.6,719.2,9.8,9.7,31,4.6,4.9,6.9,8.6,5.5,5.3,198.95,2
3620,161,36-45,40,高中及以下,2630.9,1172.8,11.3,7.8,39,5.2,4.1,8.3,8.4,3.8,5.3,326.06,4
3621,37,26-35,30,本科,10655.3,200.0,8.8,8.6,24,6.4,1.0,6.2,8.1,7.0,5.9,20.91,0
3622,91,36-45,40,大专,4475.1,1551.6,18.1,9.0,65,5.7,3.7,5.7,6.7,3.7,4.1,390.98,5
3623,157,18-25,22,高中及以下,2836.0,1644.5,12.1,7.3,7,5.1,2.0,4.3,10.0,3.5,4.8,238.37,3
3624,179,55+,60,硕士,20586.9,5395.1,56.2,6.2,86,0.7,6.6,6.8,5.1,6.1,4.2,1808.04,9
3625,179,46-55,50,大专,6156.7,6485.1,48.8,5.6,86,2.3,5.2,6.5,3.8,6.0,3.9,1808.04,9
3626,0,18-25,22,大专,3819.6,1545.0,16.0,8.2,39,6.9,3.1,8.6,9.1,6.7,6.5,243.89,3
3627,179,46-55,50,硕士,10143.2,5091.0,64.2,6.4,48,3.3,8.8,5.7,4.9,4.2,3.0,1808.04,9
3628,184,46-55,50,大专,5909.0,477.7,15.0,8.9,10,4.5,1.9,5.1,6.9,5.2,4.6,118.69,1
3629,0,18-25,22,高中及以下,4113.3,1552.0,20.1,8.9,23,4.8,3.7,7.6,4.8,3.4,4.0,243.89,3
3630,2,36-45,40,大专,4086.6,1385.9,18.2,8.5,16,2.8,5.7,2.9,9.7,4.1,4.0,283.64,4
3631,64,26-35,30,本科,8979.0,1247.4,26.8,8.7,53,4.1,2.8,3.4,6.9,4.0,3.7,334.46,4
3632,7,18-25,22,高中及以下,2690.4,690.9,21.6,9.2,27,5.6,3.0,4.5,8.9,5.0,4.8,319.72,4
3633,125,36-45,40,本科,12347.0,3668.7,41.0,8.1,78,2.0,6.0,6.6,4.6,6.0,4.1,1326.71,8
3634,101,36-45,40,本科,7133.5,1085.5,15.8,6.4,38,6.3,2.9,6.4,8.3,6.6,5.7,97.45,0
3635,55,36-45,40,硕士,12290.8,200.0,23.9,8.3,44,6.6,4.1,4.9,8.9,6.8,5.3,376.64,5
3636,162,18-25,22,硕士,15466.9,1531.9,25.3,8.1,21,3.1,3.7,5.8,6.7,4.7,4.4,472.76,6
3637,40,26-35,30,本科,8468.0,1136.0,20.7,8.0,8,5.7,4.7,5.8,7.7,6.1,4.9,310.59,4
3638,157,18-25,22,高中及以下,3549.2,966.4,24.4,8.8,42,5.0,2.0,5.7,7.3,3.8,4.5,238.37,3
3639,191,36-45,40,高中及以下,3477.4,1694.5,16.5,10.0,46,5.3,5.7,5.1,7.4,5.6,4.4,349.46,5
3640,122,26-35,30,高中及以下,3483.4,2334.8,22.9,7.8,23,4.5,3.5,4.5,6.1,8.4,4.9,603.53,6
3641,167,55+,60,高中及以下,3411.9,2689.9,48.8,8.3,46,3.6,3.9,3.8,7.5,4.7,4.0,989.1,8
3642,20,18-25,22,博士,17540.3,1803.3,20.7,7.9,41,5.0,3.9,5.5,7.6,4.3,4.4,642.68,6
3643,70,26-35,30,本科,9570.3,1297.8,11.7,10.0,21,4.8,2.1,8.3,8.4,7.5,6.6,213.02,3
3644,141,36-45,40,大专,4439.1,1336.1,36.8,8.0,49,3.3,4.0,6.1,5.0,5.5,4.2,548.48,6
3645,144,36-45,40,大专,6099.9,481.2,15.0,8.3,26,6.6,3.4,5.0,8.1,2.5,4.0,192.46,2
3646,27,36-45,40,高中及以下,3410.0,253.5,13.5,7.7,27,3.8,4.1,8.0,7.6,8.9,6.4,216.09,3
3647,179,46-55,50,博士,33414.3,4884.9,51.1,7.2,99,2.8,6.4,7.7,4.5,5.2,4.1,1808.04,9
3648,185,46-55,50,高中及以下,2738.3,1562.2,17.3,9.9,14,5.9,3.1,4.5,6.9,9.0,5.4,303.08,4
3649,4,55+,60,大专,2741.5,1097.0,10.0,9.6,20,5.1,2.3,6.8,8.7,7.1,6.1,117.43,1
3650,165,36-45,40,本科,7662.1,395.0,16.4,8.8,18,7.0,3.5,8.0,8.3,4.1,5.3,224.25,3
3651,31,26-35,30,本科,13610.2,2893.9,26.0,7.9,23,2.6,5.6,6.4,5.7,8.5,5.1,946.03,7
3652,29,36-45,40,硕士,10383.8,1050.7,12.7,8.4,33,6.1,3.6,4.8,7.9,4.9,4.5,110.86,1
3653,144,46-55,50,高中及以下,3675.2,1082.8,20.1,7.9,55,4.9,3.8,5.5,9.2,5.6,5.3,192.46,2
3654,17,46-55,50,大专,5584.6,583.9,21.8,7.7,22,5.4,4.5,3.0,7.3,5.6,3.9,203.21,3
3655,102,18-25,22,大专,3802.3,1741.2,18.9,7.2,32,5.0,3.1,6.5,6.3,5.0,4.6,105.35,0
3656,83,26-35,30,硕士,6823.2,1184.2,7.0,7.7,5,7.3,1.0,5.0,7.1,7.2,5.4,88.39,0
3657,140,26-35,30,博士,10650.3,969.8,13.6,7.6,12,5.9,2.6,5.1,6.8,4.2,4.2,186.32,2
3658,162,46-55,50,硕士,9992.8,1619.6,27.1,8.9,31,5.4,2.8,4.3,5.0,3.9,3.4,472.76,6
3659,51,18-25,22,硕士,15239.6,491.0,17.1,8.5,23,5.5,2.3,6.9,8.1,4.8,5.3,100.98,0
3660,43,26-35,30,大专,3802.5,200.0,14.7,9.5,25,4.7,5.3,4.2,6.1,6.1,3.9,109.83,1
3661,179,18-25,22,硕士,10423.1,5088.4,61.7,5.9,69,2.2,5.9,8.3,3.5,6.4,4.4,1808.04,9
3662,1,36-45,40,本科,6345.6,819.5,13.0,8.0,21,5.1,1.2,7.3,9.5,7.2,6.7,129.25,1
3663,118,18-25,22,大专,4683.1,1883.1,22.2,9.7,11,4.9,3.2,6.5,8.2,5.2,5.2,465.37,6
3664,124,46-55,50,高中及以下,3881.8,745.2,17.1,8.5,26,7.5,3.6,7.7,7.7,6.0,5.6,266.9,4
3665,166,36-45,40,高中及以下,2614.3,1098.2,12.8,8.1,5,5.5,2.0,4.4,6.5,5.6,4.4,337.67,5
3666,53,26-35,30,高中及以下,3376.9,1567.8,19.7,9.6,17,5.2,2.2,4.6,8.6,4.5,4.7,273.6,4
3667,185,26-35,30,本科,10852.4,976.5,16.5,7.3,13,6.5,3.9,6.1,9.5,7.3,6.0,303.08,4
3668,10,26-35,30,本科,7487.8,680.4,15.0,9.2,15,5.0,1.5,4.1,7.2,8.0,5.3,93.37,0
3669,70,26-35,30,博士,23604.4,1211.5,8.9,8.4,33,5.0,3.5,4.7,7.9,6.3,4.9,213.02,3
3670,58,55+,60,高中及以下,4111.8,2013.6,26.6,7.6,19,5.4,4.9,6.2,4.2,4.9,3.7,206.7,3
3671,53,36-45,40,本科,8409.6,1197.5,15.8,7.3,59,7.3,2.3,7.4,9.1,5.5,6.0,273.6,4
3672,39,18-25,22,大专,4305.7,1212.3,24.2,9.4,15,4.6,2.5,6.7,10.0,6.8,6.4,180.7,2
3673,43,36-45,40,大专,5142.8,553.9,14.7,9.5,46,4.6,3.6,5.6,9.6,4.1,5.0,109.83,1
3674,159,46-55,50,博士,9835.5,857.7,14.2,8.0,27,5.9,2.5,6.5,4.2,6.4,4.5,286.16,4
3675,189,36-45,40,本科,6348.0,923.1,17.6,7.7,12,6.5,1.0,5.7,6.5,6.5,5.2,32.63,0
3676,159,46-55,50,高中及以下,3492.5,2169.1,16.8,8.6,41,6.2,3.7,3.7,4.9,5.5,3.5,286.16,4
3677,59,26-35,30,本科,6564.2,1381.8,28.0,8.5,19,5.8,3.5,8.3,6.5,5.0,5.2,393.68,5
3678,59,46-55,50,硕士,10948.0,1230.1,11.3,7.6,37,5.2,2.4,7.6,7.1,6.2,5.6,393.68,5
3679,152,36-45,40,本科,7065.9,200.0,7.7,9.4,5,5.3,2.8,5.4,8.3,5.9,5.2,75.19,0
3680,73,36-45,40,本科,8104.4,2770.7,24.2,8.3,42,3.8,4.6,7.1,6.4,5.8,4.9,709.56,7
3681,163,46-55,50,高中及以下,3247.4,1515.4,13.2,9.8,46,6.5,2.9,5.6,5.9,3.9,4.0,65.32,0
3682,2,18-25,22,博士,12913.7,612.7,23.6,9.4,14,5.4,3.7,6.5,7.9,5.0,5.0,283.64,4
3683,82,26-35,30,高中及以下,3821.4,1694.5,30.1,7.5,35,4.8,4.8,9.1,7.0,7.3,6.0,650.6,7
3684,83,26-35,30,本科,5497.3,1348.5,13.1,9.3,5,5.6,4.1,3.3,7.4,5.7,4.1,88.39,0
3685,73,36-45,40,硕士,11125.8,2613.5,28.2,9.3,53,5.8,5.5,8.2,8.0,7.0,5.8,709.56,7
3686,148,26-35,30,大专,4373.6,1352.4,8.5,9.8,17,6.1,2.6,5.9,7.7,7.2,5.6,250.12,4
3687,138,55+,60,本科,7731.3,487.8,13.2,8.3,17,6.1,3.2,3.7,5.7,5.1,3.7,334.79,4
3688,197,55+,60,本科,7377.6,200.0,22.8,9.4,60,6.4,2.2,4.0,5.7,7.9,4.7,173.08,2
3689,125,26-35,30,大专,4670.8,4204.8,53.8,6.0,13,3.4,5.3,9.6,5.0,6.6,5.3,1326.71,8
3690,167,46-55,50,高中及以下,3200.7,3390.3,36.2,6.7,24,3.3,3.0,7.3,8.5,7.8,6.3,989.1,8
3691,55,46-55,50,博士,14499.3,1922.7,25.0,6.5,14,3.7,2.2,3.9,7.0,6.5,4.7,376.64,5
3692,135,26-35,30,大专,6584.5,2849.5,36.8,8.5,50,5.9,2.6,8.0,5.1,4.0,4.5,699.2,7
3693,107,36-45,40,博士,13886.0,825.7,8.9,10.0,40,8.4,2.5,4.4,6.9,6.9,4.8,176.72,2
3694,173,18-25,22,大专,3651.6,1409.7,12.3,8.6,12,6.9,3.3,1.8,7.3,4.6,3.4,208.75,3
3695,177,36-45,40,硕士,12456.8,1726.1,18.7,9.5,68,7.0,2.9,5.7,5.5,4.0,3.9,634.94,6
3696,59,36-45,40,博士,14301.7,900.0,14.0,7.6,55,3.2,2.6,7.1,5.8,6.7,5.2,393.68,5
3697,8,46-55,50,高中及以下,3647.2,893.7,10.5,10.0,22,5.7,2.9,4.4,7.2,4.6,4.2,92.81,0
3698,113,18-25,22,博士,18981.0,5133.5,43.9,5.6,78,2.2,4.6,9.4,5.0,8.0,5.7,1742.79,9
3699,73,36-45,40,高中及以下,2766.0,1927.4,27.9,7.6,13,5.2,1.6,3.9,4.1,7.5,4.2,709.56,7
3700,146,46-55,50,大专,6835.6,200.0,20.3,9.6,14,7.2,1.0,2.7,7.1,4.0,3.8,43.08,0
3701,1,26-35,30,本科,5840.7,576.9,5.1,9.0,12,5.0,1.2,6.0,7.3,7.2,5.7,129.25,1
3702,141,36-45,40,博士,19627.7,2836.5,23.9,8.4,5,5.4,2.7,6.0,8.1,4.9,5.0,548.48,6
3703,113,36-45,40,硕士,10425.0,4894.4,60.4,5.3,112,1.4,6.6,7.8,5.0,4.0,3.9,1742.79,9
3704,72,18-25,22,硕士,9280.8,1320.6,16.4,9.3,18,5.7,3.2,2.7,10.0,3.0,4.0,143.19,1
3705,120,36-45,40,硕士,9216.6,980.5,24.1,9.3,9,5.9,4.1,6.1,7.4,7.3,5.4,327.35,4
3706,180,26-35,30,硕士,8383.8,2349.1,22.7,6.7,42,6.6,3.2,4.1,7.2,5.8,4.4,277.46,4
3707,177,55+,60,博士,15772.2,2020.2,18.0,6.4,55,5.0,3.5,5.6,5.6,5.8,4.4,634.94,6
3708,176,55+,60,硕士,13951.9,1036.4,15.9,8.8,41,6.3,3.0,5.1,6.4,4.4,4.1,150.36,1
3709,55,46-55,50,本科,6353.4,2461.6,20.3,6.1,57,3.9,3.3,4.6,7.6,5.6,4.6,376.64,5
3710,88,18-25,22,高中及以下,2650.8,367.3,13.9,9.9,23,4.2,2.9,6.4,8.5,4.9,5.2,87.38,0
3711,12,55+,60,大专,5616.0,1411.3,15.3,8.5,25,4.9,3.2,1.8,5.1,5.7,3.1,189.04,2
3712,31,18-25,22,高中及以下,5361.3,2930.5,36.7,7.6,25,5.2,5.0,7.2,4.3,4.4,3.8,946.03,7
3713,55,55+,60,大专,4911.6,1563.5,21.8,7.4,45,4.2,2.5,4.1,5.6,10.0,5.3,376.64,5
3714,177,26-35,30,本科,7893.4,2420.3,28.0,9.5,54,3.4,4.7,7.3,9.1,5.2,5.5,634.94,6
3715,28,26-35,30,硕士,10592.2,913.2,10.1,7.7,36,5.2,4.1,4.3,9.6,5.8,5.0,81.4,0
3716,76,36-45,40,本科,7462.0,764.6,15.7,9.1,11,5.5,2.4,5.3,7.8,7.0,5.4,161.91,1
3717,3,36-45,40,本科,11296.3,2634.1,27.0,7.2,50,3.8,4.4,7.7,8.9,7.2,6.2,680.64,7
3718,63,36-45,40,大专,5242.2,448.7,10.5,10.0,28,7.5,2.3,4.4,8.6,7.3,5.5,44.87,0
3719,163,46-55,50,高中及以下,2166.8,395.7,16.7,9.0,26,5.3,1.7,2.1,6.6,6.7,4.2,65.32,0
3720,179,18-25,22,高中及以下,7113.1,5814.7,54.3,6.1,102,1.8,3.7,9.6,4.7,8.3,5.9,1808.04,9
3721,90,26-35,30,本科,5928.4,561.4,8.9,8.1,17,4.9,2.8,5.8,9.0,7.5,6.0,163.54,2
3722,65,46-55,50,高中及以下,2703.4,891.0,23.5,8.4,47,6.2,4.9,5.9,7.1,6.2,4.8,576.08,6
3723,120,36-45,40,硕士,10357.0,2822.8,20.6,7.3,35,5.4,3.5,7.5,7.5,4.8,5.2,327.35,4
3724,3,26-35,30,高中及以下,3816.1,2821.9,33.7,8.4,41,5.0,5.0,7.0,3.8,2.3,3.0,680.64,7
3725,73,26-35,30,高中及以下,2868.8,1856.5,35.9,6.1,62,5.4,3.9,4.8,6.2,9.9,5.4,709.56,7
3726,161,18-25,22,本科,8931.9,1289.9,14.6,10.0,31,6.1,3.5,7.5,10.0,7.9,6.8,326.06,4
3727,3,26-35,30,本科,8995.4,2291.5,25.3,7.7,39,4.7,4.0,6.4,8.1,6.0,5.3,680.64,7
3728,65,36-45,40,本科,5857.0,2372.6,29.5,6.2,78,5.7,4.2,5.1,5.1,5.8,4.0,576.08,6
3729,47,26-35,30,高中及以下,3067.1,2083.7,19.8,7.6,34,5.2,2.5,4.6,6.5,5.4,4.4,427.14,6
3730,76,36-45,40,高中及以下,3500.5,574.1,8.9,8.5,36,7.1,2.2,5.8,5.2,6.2,4.6,161.91,1
3731,12,36-45,40,博士,24652.8,637.4,14.6,7.7,50,4.2,3.9,3.9,8.9,5.8,4.8,189.04,2
3732,94,18-25,22,高中及以下,2718.2,870.2,10.3,9.2,12,5.6,2.9,4.7,10.0,7.2,5.8,100.27,0
3733,106,55+,60,硕士,15979.1,3481.9,34.1,6.1,85,4.2,6.1,7.0,6.8,6.5,4.9,978.66,8
3734,20,36-45,40,高中及以下,3874.4,1386.0,31.8,6.8,29,6.2,5.2,3.6,4.5,6.1,3.3,642.68,6
3735,167,46-55,50,本科,8464.2,3521.6,37.8,6.5,62,3.4,4.5,5.2,4.0,6.2,3.8,989.1,8
3736,151,36-45,40,本科,7548.3,1555.4,6.7,8.1,6,4.5,3.8,4.7,9.5,5.6,5.1,209.86,3
3737,62,46-55,50,本科,8922.7,742.6,14.1,10.0,26,8.3,4.2,3.9,8.1,2.8,3.6,49.09,0
3738,31,36-45,40,大专,5872.3,2920.8,21.0,7.7,50,3.9,3.4,4.2,3.7,4.5,3.1,946.03,7
3739,198,36-45,40,高中及以下,3290.6,1287.2,18.0,8.3,17,5.3,3.0,3.8,8.0,4.9,4.3,157.31,1
3740,3,26-35,30,本科,5261.8,2526.5,23.7,7.9,60,4.0,3.3,5.9,5.3,4.9,4.1,680.64,7
3741,113,18-25,22,本科,11715.5,5794.5,51.5,6.3,63,2.5,7.4,6.4,6.2,5.5,4.1,1742.79,9
3742,153,26-35,30,高中及以下,2627.3,1490.5,13.2,8.5,35,6.5,2.3,3.3,8.1,7.3,5.0,187.21,2
3743,181,26-35,30,本科,9207.8,625.6,5.0,9.8,29,4.5,2.8,6.3,10.0,6.0,6.0,62.98,0
3744,113,36-45,40,本科,9934.4,4579.5,56.4,5.6,108,3.7,5.7,8.5,7.4,4.7,5.1,1742.79,9
3745,121,26-35,30,本科,5246.2,556.9,11.0,8.4,21,6.5,2.2,6.4,4.6,3.0,3.7,59.78,0
3746,179,18-25,22,本科,14106.4,5573.3,53.7,6.7,78,1.8,7.0,8.2,6.2,7.5,5.3,1808.04,9
3747,89,46-55,50,硕士,12097.1,421.6,20.6,7.4,51,6.8,3.7,7.0,5.1,4.6,4.2,247.96,3
3748,82,26-35,30,硕士,7766.8,1628.5,24.5,6.4,18,4.5,4.1,4.6,9.0,3.6,4.3,650.6,7
3749,179,46-55,50,高中及以下,4261.2,4800.9,56.4,7.0,89,2.1,8.1,6.1,4.2,6.8,3.7,1808.04,9
3750,150,46-55,50,大专,4123.2,1134.8,13.0,7.3,25,5.5,2.3,5.3,6.0,7.8,5.1,190.66,2
3751,137,46-55,50,大专,3986.1,787.4,11.6,8.2,8,5.0,3.4,4.0,6.8,5.8,4.3,107.55,1
3752,36,26-35,30,本科,5527.0,1547.6,11.6,8.5,67,4.5,1.6,4.6,7.1,6.3,4.9,182.89,2
3753,94,18-25,22,硕士,11185.3,370.8,5.8,10.0,28,6.7,3.6,3.8,3.3,7.4,3.6,100.27,0
3754,87,26-35,30,本科,6980.2,1438.9,19.5,7.3,42,6.8,3.4,5.1,5.6,6.1,4.3,206.18,3
3755,179,46-55,50,硕士,16264.8,6135.7,51.4,6.3,105,3.5,6.3,5.4,5.0,5.2,3.6,1808.04,9
3756,6,55+,60,高中及以下,4361.8,2035.4,29.9,7.4,42,3.9,3.9,5.7,8.3,4.0,4.6,719.97,7
3757,194,36-45,40,硕士,10595.3,971.9,10.1,8.5,24,5.6,3.9,4.4,8.5,2.2,3.8,176.48,2
3758,179,26-35,30,本科,8716.3,5075.2,57.2,6.1,84,4.7,6.1,6.8,4.7,4.5,3.7,1808.04,9
3759,129,26-35,30,大专,3236.7,221.4,13.6,10.0,27,8.0,3.5,5.3,8.8,2.5,4.2,89.7,0
3760,93,46-55,50,高中及以下,4018.4,574.9,16.7,9.0,54,4.7,4.6,4.8,8.0,6.7,4.9,106.95,0
3761,157,18-25,22,硕士,7049.2,1465.7,17.6,7.9,9,6.4,3.4,5.2,10.0,4.4,5.1,238.37,3
3762,167,26-35,30,硕士,16105.9,2718.9,31.3,8.0,59,2.9,4.3,4.5,8.3,7.2,5.1,989.1,8
3763,40,46-55,50,硕士,11147.5,1614.7,12.4,9.1,32,5.7,3.1,8.1,7.2,4.4,5.2,310.59,4
3764,177,26-35,30,高中及以下,3383.8,1454.4,23.8,8.3,51,5.5,2.6,5.3,7.2,5.6,4.8,634.94,6
3765,31,36-45,40,高中及以下,4027.8,2903.9,25.0,7.1,60,4.9,5.0,5.6,4.7,4.4,3.5,946.03,7
3766,89,26-35,30,本科,10091.6,1146.6,19.8,8.3,24,6.9,2.3,8.5,9.8,8.1,7.2,247.96,3
3767,48,18-25,22,硕士,7889.0,1534.7,19.0,9.4,23,5.6,2.4,4.1,6.8,4.4,4.0,209.27,3
3768,114,26-35,30,硕士,12500.1,1011.7,17.9,9.1,5,5.8,1.0,5.5,6.9,9.2,6.0,122.44,1
3769,179,18-25,22,博士,23188.5,4830.0,58.2,5.3,78,3.4,7.0,3.8,4.6,7.5,3.5,1808.04,9
3770,75,55+,60,本科,7828.1,1067.3,24.3,7.8,47,7.2,4.3,7.3,6.3,6.3,5.1,337.61,5
3771,166,26-35,30,大专,4838.5,1677.3,16.8,8.4,14,6.6,3.5,3.3,8.8,6.2,4.7,337.67,5
3772,113,36-45,40,本科,12379.5,4305.0,55.1,6.2,77,2.2,5.9,7.0,6.0,7.4,5.0,1742.79,9
3773,166,55+,60,大专,5919.0,691.8,21.3,9.5,31,6.2,1.9,4.6,8.4,4.5,4.7,337.67,5
3774,179,55+,60,本科,11560.8,5385.1,62.1,5.2,94,2.9,7.6,7.4,6.9,7.5,5.1,1808.04,9
3775,97,18-25,22,本科,8097.5,320.3,16.7,9.4,42,5.2,2.2,6.2,7.6,6.1,5.4,192.68,2
3776,86,46-55,50,高中及以下,3858.2,841.6,19.6,9.4,9,4.5,3.3,4.6,6.5,5.8,4.4,370.7,5
3777,51,26-35,30,本科,7326.4,1552.3,12.2,7.4,19,4.2,2.9,4.3,9.6,5.9,5.2,100.98,0
3778,179,18-25,22,本科,8653.7,4350.2,63.2,6.3,79,1.6,7.5,6.7,6.9,7.8,5.0,1808.04,9
3779,156,36-45,40,硕士,14859.6,1462.7,32.6,8.6,45,4.3,4.6,5.0,4.4,6.3,3.8,958.89,8
3780,106,55+,60,硕士,13978.3,2323.5,29.1,6.8,46,3.6,4.1,6.1,7.1,5.2,4.7,978.66,8
3781,86,26-35,30,本科,8276.5,1789.5,21.2,9.9,5,3.8,3.8,6.9,10.0,3.4,5.3,370.7,5
3782,21,18-25,22,硕士,8130.8,1341.7,15.1,10.0,15,5.3,3.1,3.5,7.7,5.1,4.2,118.42,1
3783,47,26-35,30,硕士,8806.9,1093.4,25.0,6.9,22,4.9,3.7,3.8,8.9,8.3,5.5,427.14,6
3784,65,26-35,30,硕士,9600.8,2216.4,22.5,8.0,51,5.8,4.4,4.9,7.6,4.7,4.3,576.08,6
3785,177,26-35,30,博士,19474.5,1237.0,24.1,7.9,31,6.0,3.3,4.1,7.1,4.7,4.1,634.94,6
3786,137,26-35,30,高中及以下,2710.2,842.5,14.3,9.1,43,5.3,1.0,7.4,8.8,7.3,6.6,107.55,1
3787,43,18-25,22,高中及以下,3790.8,298.3,16.3,8.8,9,6.2,2.6,6.0,8.4,3.5,4.7,109.83,1
3788,76,18-25,22,本科,7651.2,900.5,15.0,10.0,9,6.3,1.5,5.7,7.2,5.7,5.1,161.91,1
3789,45,36-45,40,本科,6419.8,906.4,12.3,8.7,22,5.7,2.4,5.3,7.9,2.4,4.1,72.25,0
3790,67,26-35,30,高中及以下,4293.5,799.6,19.4,8.1,61,5.6,2.7,5.1,6.5,4.8,4.3,404.86,5
3791,34,46-55,50,高中及以下,3444.2,1529.3,17.1,9.4,37,7.2,3.1,7.2,6.0,6.0,5.0,337.83,5
3792,166,46-55,50,博士,16719.2,1723.2,12.4,6.6,35,5.2,2.7,3.5,10.0,5.3,5.0,337.67,5
3793,7,36-45,40,本科,8999.2,1266.8,23.2,7.9,11,4.9,4.8,4.8,7.1,7.0,4.7,319.72,4
3794,101,46-55,50,高中及以下,3959.1,812.6,12.7,9.7,19,4.0,2.8,6.9,7.6,6.2,5.5,97.45,0
3795,66,18-25,22,本科,8081.2,575.3,12.9,8.2,42,5.3,2.2,8.0,6.2,5.6,5.3,138.1,1
3796,89,18-25,22,高中及以下,2593.9,1204.1,10.3,8.5,11,7.0,4.2,3.7,6.8,7.6,4.6,247.96,3
3797,179,36-45,40,本科,9275.5,5290.7,55.7,5.2,64,3.1,6.0,8.3,3.9,5.5,4.2,1808.04,9
3798,105,55+,60,高中及以下,2532.8,971.3,15.1,6.6,38,5.7,4.1,1.0,8.1,4.0,3.2,222.31,3
3799,97,36-45,40,硕士,9449.0,606.1,10.7,10.0,24,5.5,1.8,7.7,6.7,4.6,5.2,192.68,2
3800,91,26-35,30,高中及以下,4538.8,1726.9,16.7,7.7,27,5.8,3.1,3.8,4.0,5.2,3.3,390.98,5
3801,31,26-35,30,博士,23987.6,3090.1,37.2,7.0,69,2.6,5.7,7.8,4.1,5.5,4.2,946.03,7
3802,118,55+,60,高中及以下,3206.6,687.9,22.8,8.8,37,4.0,3.8,5.0,5.3,5.2,3.9,465.37,6
3803,65,26-35,30,硕士,8608.2,1880.0,22.2,8.4,34,4.1,4.2,5.0,8.5,5.4,4.8,576.08,6
3804,125,26-35,30,硕士,14799.4,5290.5,40.4,8.1,63,2.5,5.2,6.7,6.4,6.2,4.8,1326.71,8
3805,135,26-35,30,高中及以下,2974.9,2072.0,35.7,7.3,55,4.4,4.8,5.7,4.5,7.5,4.4,699.2,7
3806,166,36-45,40,博士,21790.7,1506.0,20.8,10.0,42,5.8,4.9,5.7,6.0,6.1,4.4,337.67,5
3807,145,18-25,22,大专,5109.0,1103.6,20.3,8.5,27,4.6,3.1,2.8,3.3,7.6,3.5,324.35,4
3808,125,18-25,22,硕士,14391.1,2771.3,47.6,8.7,87,2.1,5.6,9.7,7.1,6.6,5.9,1326.71,8
3809,157,55+,60,高中及以下,2610.0,916.6,18.7,8.2,29,4.8,3.3,6.1,7.7,5.7,5.1,238.37,3
3810,135,26-35,30,博士,19611.7,1523.3,31.2,8.3,27,4.7,1.4,5.5,8.8,4.4,5.1,699.2,7
3811,75,36-45,40,高中及以下,2502.5,1985.9,17.5,7.5,29,4.4,3.2,4.5,7.1,2.0,3.4,337.61,5
3812,25,26-35,30,硕士,12375.5,615.6,14.0,9.8,29,3.8,4.1,7.0,8.3,5.6,5.4,165.82,2
3813,156,18-25,22,大专,3877.1,2883.6,27.4,7.5,38,4.5,4.5,10.0,8.0,7.9,6.8,958.89,8
3814,53,46-55,50,本科,8822.1,909.1,9.0,8.4,35,3.3,4.7,3.0,8.5,3.0,3.5,273.6,4
3815,174,36-45,40,高中及以下,2178.1,1068.6,16.1,7.2,41,4.8,2.9,5.0,6.6,5.5,4.5,195.72,2
3816,144,36-45,40,高中及以下,1969.3,1207.4,11.2,7.7,5,7.3,3.8,3.7,9.9,8.1,5.7,192.46,2
3817,102,36-45,40,高中及以下,3473.5,391.5,13.4,7.4,26,5.5,1.0,5.9,5.8,7.7,5.4,105.35,0
3818,187,26-35,30,硕士,12989.7,743.4,11.6,7.4,31,5.1,4.4,6.2,9.6,8.4,6.3,137.99,1
3819,156,46-55,50,本科,5376.5,1894.5,33.7,6.8,33,5.5,4.5,7.7,9.2,5.4,5.7,958.89,8
3820,107,46-55,50,高中及以下,3300.4,1055.7,24.1,7.6,35,6.3,3.8,4.0,9.7,3.7,4.4,176.72,2
3821,68,26-35,30,高中及以下,3286.0,891.2,19.9,9.4,29,5.5,3.5,7.7,10.0,5.4,6.1,213.07,3
3822,64,46-55,50,本科,8242.1,1061.2,19.9,9.8,51,6.1,3.0,7.0,6.7,4.6,4.8,334.46,4
3823,61,55+,60,高中及以下,4266.2,423.6,20.5,9.3,5,5.1,3.0,4.4,6.5,5.2,4.2,123.27,1
3824,106,18-25,22,高中及以下,3601.2,2318.4,41.8,6.9,62,3.3,5.9,7.7,5.3,7.6,5.0,978.66,8
3825,46,36-45,40,硕士,10647.6,502.4,15.8,9.8,13,6.2,3.3,5.6,8.6,7.6,5.8,93.63,0
3826,148,46-55,50,大专,4173.5,395.1,8.9,9.2,13,5.3,1.9,7.4,7.3,5.3,5.4,250.12,4
3827,167,26-35,30,高中及以下,5114.9,2966.6,35.0,6.2,16,4.5,4.2,6.8,7.5,6.4,5.3,989.1,8
3828,17,18-25,22,硕士,10440.6,1882.1,8.7,9.1,50,5.2,3.2,5.5,6.6,5.6,4.6,203.21,3
3829,156,18-25,22,本科,11987.1,2541.8,30.5,6.7,60,5.1,6.7,7.7,3.7,4.8,3.7,958.89,8
3830,113,55+,60,高中及以下,4214.9,5663.4,65.5,3.7,80,2.6,5.9,4.9,4.6,6.7,3.8,1742.79,9
3831,17,36-45,40,高中及以下,2834.5,1015.0,16.8,9.0,27,5.1,2.9,7.0,5.4,8.1,5.4,203.21,3
3832,70,36-45,40,大专,4473.3,985.5,15.8,9.5,34,5.9,3.5,3.0,5.3,5.3,3.4,213.02,3
3833,177,36-45,40,博士,16148.2,2402.4,20.2,9.9,40,4.1,2.9,7.2,5.7,3.1,4.2,634.94,6
3834,148,36-45,40,大专,6164.7,842.5,17.0,10.0,30,5.1,3.5,6.8,8.1,6.8,5.7,250.12,4
3835,87,26-35,30,硕士,11512.0,687.4,13.5,8.9,34,6.8,3.4,6.3,9.1,8.3,6.3,206.18,3
3836,147,26-35,30,高中及以下,2867.5,522.9,16.9,9.6,19,6.4,1.0,4.6,9.2,5.1,5.3,39.63,0
3837,61,26-35,30,高中及以下,2414.1,512.0,14.2,8.8,12,6.1,2.9,4.7,7.6,5.4,4.6,123.27,1
3838,43,26-35,30,本科,10418.2,560.7,15.4,7.8,34,5.9,2.9,5.1,6.2,1.9,3.4,109.83,1
3839,179,18-25,22,本科,9153.7,5861.4,61.8,7.0,95,1.8,7.0,8.7,5.0,6.5,4.8,1808.04,9
3840,73,46-55,50,高中及以下,3499.9,2509.6,29.0,7.8,29,4.7,4.8,5.7,7.6,5.9,4.8,709.56,7
3841,51,18-25,22,本科,8563.2,670.1,8.9,9.6,20,3.8,3.8,6.5,7.3,6.5,5.3,100.98,0
3842,125,36-45,40,大专,5519.0,3549.9,33.1,7.5,53,2.6,5.9,8.1,7.8,5.7,5.3,1326.71,8
3843,177,26-35,30,硕士,10070.9,2380.1,24.0,8.2,28,6.2,3.6,5.6,5.0,6.2,4.3,634.94,6
3844,156,36-45,40,硕士,11460.6,2669.0,38.2,9.0,47,6.5,4.9,5.2,7.0,4.5,4.1,958.89,8
3845,98,36-45,40,硕士,7333.3,944.2,11.4,7.4,17,5.5,3.7,6.3,6.6,4.6,4.5,149.17,1
3846,129,36-45,40,大专,6463.8,200.0,13.1,9.5,25,5.1,3.1,5.4,8.0,5.3,4.9,89.7,0
3847,48,55+,60,博士,15218.7,1129.9,13.4,7.9,30,6.4,2.8,5.0,8.4,3.0,4.3,209.27,3
3848,113,55+,60,博士,24253.4,5057.2,53.9,5.8,63,2.2,6.2,5.8,7.7,4.6,4.3,1742.79,9
3849,167,55+,60,硕士,16295.0,3602.1,35.4,6.7,77,3.3,5.8,6.0,5.2,6.0,4.1,989.1,8
3850,180,26-35,30,高中及以下,3131.0,1458.1,14.0,9.0,41,6.3,2.9,7.7,6.3,7.6,5.8,277.46,4
3851,152,26-35,30,博士,13333.3,848.3,6.4,10.0,19,8.4,3.7,6.2,7.9,6.3,5.3,75.19,0
3852,86,26-35,30,高中及以下,3243.4,1814.3,23.2,9.3,52,7.5,3.0,6.3,8.8,6.9,5.9,370.7,5
3853,64,26-35,30,大专,5920.3,1579.8,12.9,9.0,40,6.5,2.1,4.7,6.0,3.7,3.8,334.46,4
3854,71,26-35,30,硕士,10225.1,2590.9,26.8,8.9,49,6.1,3.2,8.3,5.8,4.8,4.9,690.93,7
3855,156,36-45,40,高中及以下,4225.9,3010.6,31.1,5.7,60,2.6,3.5,7.5,7.6,9.4,6.5,958.89,8
3856,47,36-45,40,硕士,10336.3,686.5,20.0,9.4,23,6.5,4.3,5.9,8.8,5.6,5.2,427.14,6
3857,88,18-25,22,高中及以下,3241.7,1106.0,12.8,10.0,28,6.5,2.3,4.7,10.0,2.3,4.5,87.38,0
3858,188,46-55,50,高中及以下,4264.9,583.3,11.1,10.0,47,6.3,2.5,5.6,8.8,5.1,5.2,63.64,0
3859,179,26-35,30,硕士,17493.5,5197.4,59.0,4.9,98,2.6,6.7,8.0,5.2,5.7,4.4,1808.04,9
3860,179,36-45,40,大专,4786.8,6016.7,53.8,5.7,75,2.3,7.9,9.7,7.6,7.2,5.9,1808.04,9
3861,7,46-55,50,大专,5092.1,1874.4,14.7,9.1,26,5.8,3.3,4.8,7.7,6.3,4.9,319.72,4
3862,180,26-35,30,高中及以下,3244.7,436.9,15.2,7.5,17,5.1,1.1,5.9,10.0,4.6,5.7,277.46,4
3863,43,26-35,30,大专,3465.1,438.3,14.6,10.0,5,4.1,3.0,6.2,7.8,5.7,5.2,109.83,1
3864,156,26-35,30,大专,5230.2,3507.7,28.9,8.0,41,3.9,5.0,5.0,9.1,4.6,4.6,958.89,8
3865,47,55+,60,高中及以下,4120.0,1566.5,11.0,5.8,43,5.5,5.0,8.8,6.4,5.1,5.1,427.14,6
3866,85,18-25,22,大专,6344.5,437.2,17.7,9.0,5,5.3,3.6,4.5,8.3,3.8,4.2,89.86,0
3867,91,26-35,30,博士,16781.8,1248.5,14.0,8.8,21,5.3,3.7,3.4,8.5,6.0,4.6,390.98,5
3868,113,46-55,50,本科,8174.2,5842.6,64.7,7.0,52,2.1,6.3,8.5,2.5,6.1,4.0,1742.79,9
3869,179,36-45,40,高中及以下,4341.5,5197.2,58.8,6.4,95,0.5,6.7,8.0,5.3,4.7,4.2,1808.04,9
3870,129,18-25,22,本科,6174.4,1093.8,11.2,8.6,5,6.5,2.2,6.6,6.4,5.4,4.9,89.7,0
3871,47,36-45,40,本科,7279.8,1549.0,13.9,6.2,15,3.5,3.6,5.7,8.2,7.7,5.7,427.14,6
3872,96,46-55,50,博士,12422.5,864.2,14.7,10.0,16,6.1,3.6,4.6,5.8,4.9,3.9,199.56,2
3873,31,46-55,50,本科,7400.8,2987.4,26.0,7.2,51,4.9,4.9,4.4,6.8,6.0,4.2,946.03,7
3874,73,46-55,50,本科,9241.4,2234.9,30.0,7.8,23,3.5,3.8,6.0,7.8,4.4,4.7,709.56,7
3875,93,46-55,50,高中及以下,2911.3,574.1,13.1,8.7,44,6.0,3.3,3.5,6.3,7.0,4.3,106.95,0
3876,71,46-55,50,高中及以下,3633.4,2164.1,24.4,8.6,5,4.0,3.9,4.8,6.8,5.6,4.4,690.93,7
3877,159,36-45,40,大专,3791.3,1423.4,22.1,10.0,5,5.7,3.4,4.0,10.0,6.6,5.4,286.16,4
3878,2,26-35,30,高中及以下,3688.1,329.7,14.3,7.4,30,4.2,2.5,4.2,5.7,6.1,4.2,283.64,4
3879,180,26-35,30,本科,7580.1,1055.5,15.6,8.6,31,4.3,2.8,6.1,9.3,5.4,5.5,277.46,4
3880,113,18-25,22,硕士,15337.4,3881.7,53.7,7.9,83,2.7,6.6,6.6,4.5,7.2,4.3,1742.79,9
3881,164,46-55,50,硕士,14054.7,2514.5,17.1,7.8,10,4.2,2.3,3.4,4.4,5.5,3.5,388.92,5
3882,45,55+,60,本科,9409.2,815.0,14.9,8.1,27,4.5,2.1,3.2,7.6,6.1,4.5,72.25,0
3883,75,36-45,40,硕士,9550.2,867.5,19.4,8.7,27,5.0,2.6,7.5,6.9,6.2,5.5,337.61,5
3884,190,36-45,40,本科,5358.9,440.5,6.6,8.1,24,6.1,5.1,5.8,9.7,4.7,5.0,94.96,0
3885,113,26-35,30,本科,10711.8,5074.4,49.3,5.4,79,5.4,5.5,7.0,7.1,6.2,5.0,1742.79,9
3886,78,26-35,30,本科,7388.6,954.3,11.1,10.0,19,5.6,3.4,4.3,6.5,6.5,4.5,162.68,1
3887,198,46-55,50,大专,3009.4,394.7,16.3,8.6,17,5.6,2.3,7.6,8.2,4.8,5.6,157.31,1
3888,141,26-35,30,高中及以下,3822.6,1399.4,15.7,6.9,54,6.5,2.2,6.2,5.0,7.9,5.1,548.48,6
3889,165,46-55,50,硕士,6759.8,597.6,13.9,9.5,20,4.3,4.3,5.1,7.2,4.2,4.1,224.25,3
3890,47,36-45,40,高中及以下,2642.7,2005.6,13.9,7.6,29,4.5,2.0,6.1,6.7,8.0,5.7,427.14,6
3891,2,26-35,30,硕士,13367.2,1421.2,16.6,6.7,14,6.4,3.4,5.0,5.7,2.4,3.3,283.64,4
3892,179,46-55,50,本科,8960.3,5313.7,56.8,5.9,80,3.1,6.6,8.8,5.6,5.4,4.7,1808.04,9
3893,70,46-55,50,高中及以下,3236.4,526.0,11.3,9.5,25,5.5,2.0,3.3,7.3,5.1,4.2,213.02,3
3894,156,26-35,30,硕士,9337.7,2709.6,29.2,7.3,54,4.1,3.6,4.0,5.8,6.1,4.0,958.89,8
3895,96,26-35,30,本科,5971.9,1679.6,18.6,8.0,5,6.0,3.3,4.0,5.1,6.8,4.1,199.56,2
3896,177,18-25,22,本科,9171.3,1629.9,27.1,8.3,27,4.2,2.4,4.9,6.0,5.3,4.3,634.94,6
3897,61,18-25,22,硕士,11630.6,1112.5,10.8,10.0,5,4.3,2.4,3.9,7.4,6.4,4.7,123.27,1
3898,113,46-55,50,本科,9771.3,5904.6,53.3,5.6,70,4.1,6.6,8.2,4.7,5.8,4.4,1742.79,9
3899,81,18-25,22,本科,10538.1,495.9,16.6,9.3,27,5.3,2.9,5.4,10.0,6.2,5.8,212.11,3
3900,141,18-25,22,本科,6125.6,2717.4,25.5,7.9,40,4.6,3.8,6.6,6.0,4.3,4.3,548.48,6
3901,113,46-55,50,高中及以下,4611.3,4463.2,53.1,7.1,89,2.4,6.7,8.8,7.3,7.5,5.8,1742.79,9
3902,153,36-45,40,高中及以下,3243.8,2001.1,14.1,6.6,5,7.3,1.6,3.0,10.0,7.1,5.5,187.21,2
3903,97,36-45,40,大专,6339.1,700.7,23.3,9.2,43,4.9,2.4,4.7,9.2,7.4,5.7,192.68,2
3904,161,36-45,40,大专,7295.3,811.1,16.7,10.0,16,5.2,3.7,7.2,8.1,2.3,4.5,326.06,4
3905,113,46-55,50,博士,25260.1,4527.5,55.8,5.7,79,3.5,6.8,8.0,2.8,5.2,3.6,1742.79,9
3906,27,36-45,40,本科,13524.9,223.5,20.8,7.6,17,5.6,2.9,5.3,8.3,6.0,5.2,216.09,3
3907,152,55+,60,大专,5329.8,1038.1,5.0,7.8,48,5.4,2.7,2.6,4.5,2.4,2.3,75.19,0
3908,96,26-35,30,本科,8409.0,2257.4,16.9,9.4,54,5.9,2.6,6.6,9.7,4.3,5.5,199.56,2
3909,161,36-45,40,本科,5826.2,1081.1,9.9,8.0,18,8.0,3.7,5.2,5.6,2.8,3.4,326.06,4
3910,179,26-35,30,硕士,15907.7,5081.1,57.8,6.0,82,2.9,6.6,5.6,5.2,6.5,4.0,1808.04,9
3911,179,46-55,50,本科,14345.4,4614.3,56.1,6.0,68,2.4,6.4,7.5,3.7,4.2,3.5,1808.04,9
3912,161,46-55,50,大专,4509.6,1474.7,21.4,7.5,25,5.8,3.0,5.9,4.6,8.2,4.9,326.06,4
3913,27,55+,60,硕士,12386.1,200.0,19.7,8.1,44,6.6,3.5,6.7,7.1,5.8,5.1,216.09,3
3914,187,18-25,22,本科,7495.2,944.2,5.0,8.7,22,3.5,3.4,4.3,5.8,5.1,3.9,137.99,1
3915,113,46-55,50,本科,13540.4,4876.3,45.6,6.9,84,2.6,5.6,5.7,2.2,6.7,3.4,1742.79,9
3916,179,18-25,22,本科,6302.6,5331.0,54.7,8.0,88,3.7,6.1,7.9,5.7,5.6,4.6,1808.04,9
3917,141,55+,60,本科,6976.4,2187.5,24.3,7.3,56,5.4,4.1,4.3,8.7,4.6,4.4,548.48,6
3918,51,46-55,50,高中及以下,5269.0,747.5,12.7,8.7,19,5.1,2.1,4.6,8.1,6.8,5.3,100.98,0
3919,127,46-55,50,高中及以下,2704.7,1208.4,12.1,7.9,26,7.0,2.0,4.3,9.2,6.8,5.5,84.24,0
3920,82,18-25,22,高中及以下,3653.3,1093.5,22.4,6.9,20,5.4,3.8,5.8,6.8,4.8,4.4,650.6,7
3921,3,18-25,22,硕士,11603.1,1801.2,19.6,6.7,22,5.2,4.1,6.1,7.1,7.5,5.3,680.64,7
3922,169,46-55,50,本科,7145.7,200.0,14.1,6.6,11,6.0,2.4,3.6,9.9,4.0,4.7,69.84,0
3923,193,55+,60,本科,6571.4,695.9,19.5,7.2,11,6.0,3.6,5.0,8.2,5.6,4.9,42.7,0
3924,113,26-35,30,高中及以下,3224.9,5487.4,45.2,7.0,49,0.5,8.2,6.6,1.8,6.4,3.1,1742.79,9
3925,71,26-35,30,本科,7493.7,2603.9,34.6,7.7,53,4.4,6.1,4.2,8.1,2.8,3.4,690.93,7
3926,52,36-45,40,硕士,10481.9,200.0,11.8,9.7,39,7.9,2.5,4.4,10.0,5.8,5.4,75.42,0
3927,59,18-25,22,本科,8332.0,1563.0,22.3,7.6,42,6.6,4.4,4.9,6.2,3.9,3.7,393.68,5
3928,167,36-45,40,硕士,10405.9,2236.9,35.3,7.8,73,2.3,6.2,7.0,7.9,6.5,5.2,989.1,8
3929,34,36-45,40,高中及以下,4197.9,208.1,16.9,8.9,41,5.8,3.1,2.2,5.2,6.8,3.6,337.83,5
3930,179,26-35,30,硕士,12181.9,4669.2,51.1,5.2,95,1.5,6.4,7.6,5.8,6.0,4.6,1808.04,9
3931,93,36-45,40,高中及以下,2666.2,1045.6,20.8,8.1,7,5.6,1.1,6.8,7.8,4.4,5.3,106.95,0
3932,135,18-25,22,高中及以下,3107.2,2428.2,27.4,8.4,31,4.2,2.2,6.6,8.3,3.7,5.0,699.2,7
3933,92,26-35,30,本科,6448.9,495.2,6.3,9.5,26,4.9,3.7,7.1,7.3,6.1,5.3,73.55,0
3934,198,26-35,30,高中及以下,4227.5,324.1,19.4,8.8,17,5.3,1.9,6.9,8.5,3.7,5.2,157.31,1
3935,82,36-45,40,本科,10329.2,1808.5,29.5,7.8,25,4.4,4.1,8.0,7.8,4.3,5.2,650.6,7
3936,82,26-35,30,本科,10519.2,2263.4,28.6,8.7,38,4.4,4.5,4.9,7.1,4.9,4.2,650.6,7
3937,176,36-45,40,博士,12825.5,1531.7,11.4,7.9,7,5.7,1.0,1.4,10.0,4.1,4.3,150.36,1
3938,27,26-35,30,大专,5001.7,1188.4,14.4,9.2,26,5.9,1.0,5.3,6.1,7.5,5.3,216.09,3
3939,41,26-35,30,本科,8588.3,772.1,12.1,9.3,37,5.8,3.2,6.8,6.2,7.3,5.3,176.16,2
3940,191,46-55,50,大专,5791.4,2249.8,13.1,6.5,32,3.0,3.9,2.6,7.6,5.9,4.0,349.46,5
3941,20,36-45,40,硕士,13286.3,2132.8,30.9,8.0,48,4.4,3.0,8.5,7.3,6.3,5.9,642.68,6
3942,6,55+,60,本科,6739.2,2161.8,33.8,7.5,38,3.2,3.5,5.7,6.7,7.0,5.0,719.97,7
3943,156,26-35,30,高中及以下,5240.9,3650.3,46.2,6.4,24,4.2,4.6,9.3,4.6,5.6,4.9,958.89,8
3944,106,26-35,30,高中及以下,4043.7,3470.8,34.1,9.4,63,4.2,6.1,5.3,10.0,4.4,4.8,978.66,8
3945,113,46-55,50,博士,21052.6,5896.9,49.6,6.2,55,3.8,5.9,8.4,3.6,2.2,3.2,1742.79,9
3946,113,18-25,22,本科,11383.3,5404.0,61.4,6.2,75,2.2,6.6,6.1,5.9,3.9,3.6,1742.79,9
3947,177,26-35,30,大专,5623.8,1350.8,25.3,8.6,35,4.8,2.9,2.4,8.1,5.4,4.1,634.94,6
3948,82,26-35,30,大专,3868.6,2126.2,27.7,7.8,65,1.1,4.2,6.2,9.6,6.9,5.9,650.6,7
3949,164,36-45,40,硕士,8014.7,1376.1,13.0,6.9,56,4.1,1.4,6.1,10.0,5.6,6.0,388.92,5
3950,120,46-55,50,大专,4831.6,1473.1,16.0,8.8,44,5.4,4.6,5.0,9.5,5.3,5.0,327.35,4
3951,32,36-45,40,本科,5757.0,348.0,15.7,8.0,32,6.3,4.4,2.9,6.2,6.4,3.8,146.42,1
3952,149,26-35,30,硕士,11192.6,607.3,15.4,8.7,26,5.2,3.4,7.3,6.4,8.3,5.8,199.73,2
3953,20,18-25,22,本科,7515.7,1920.5,25.8,8.7,63,3.9,3.8,6.1,5.6,7.6,5.0,642.68,6
3954,59,26-35,30,本科,11060.8,200.0,28.2,8.2,17,5.6,2.8,6.0,6.8,4.0,4.4,393.68,5
3955,118,36-45,40,硕士,12708.5,1647.6,16.6,9.6,24,4.1,3.9,6.8,5.8,7.3,5.1,465.37,6
3956,102,46-55,50,大专,3396.5,466.1,17.4,10.0,11,6.4,3.4,4.6,10.0,8.6,6.1,105.35,0
3957,113,18-25,22,硕士,19903.6,5063.8,53.3,6.2,88,3.0,7.2,4.2,4.0,3.9,2.4,1742.79,9
3958,113,26-35,30,硕士,14034.4,4849.9,49.5,5.2,58,4.2,5.9,7.3,4.8,5.9,4.3,1742.79,9
3959,118,26-35,30,大专,5342.6,842.7,13.4,9.1,55,4.3,3.7,7.0,6.2,7.6,5.4,465.37,6
3960,67,26-35,30,硕士,10294.7,1727.5,8.0,8.2,13,4.1,2.8,5.7,5.4,4.5,4.1,404.86,5
3961,90,36-45,40,大专,5906.4,200.0,13.8,8.9,56,5.2,3.4,6.2,7.7,5.8,5.1,163.54,2
3962,155,26-35,30,博士,14988.2,1021.3,17.6,9.0,22,6.1,2.4,3.5,7.6,4.7,4.2,72.65,0
3963,175,36-45,40,高中及以下,3009.7,1426.7,14.2,7.8,30,5.6,3.7,5.4,7.2,5.6,4.7,339.4,5
3964,3,36-45,40,本科,8933.4,2009.9,23.5,7.5,10,7.3,5.0,4.4,4.3,4.4,3.0,680.64,7
3965,86,55+,60,本科,8111.3,954.5,22.5,9.5,5,5.5,1.8,2.8,8.5,5.7,4.6,370.7,5
3966,82,46-55,50,博士,19893.9,1784.2,21.4,7.9,62,3.5,3.7,4.1,6.3,4.4,3.7,650.6,7
3967,113,26-35,30,硕士,10672.3,4668.0,56.8,7.6,65,2.2,6.6,7.5,4.1,6.5,4.2,1742.79,9
3968,0,36-45,40,大专,4703.3,435.8,18.3,9.2,46,4.0,1.7,3.3,7.1,7.1,4.8,243.89,3
3969,68,36-45,40,大专,5309.2,788.6,17.1,7.8,10,4.8,2.4,5.9,9.8,3.9,5.3,213.07,3
3970,125,36-45,40,硕士,14530.1,3793.0,42.6,6.6,62,3.0,4.7,4.8,6.5,8.1,4.9,1326.71,8
3971,54,36-45,40,本科,7712.4,1797.8,24.9,10.0,34,4.6,2.8,5.3,4.1,4.0,3.4,416.13,5
3972,7,18-25,22,本科,7626.7,1506.4,18.9,7.9,30,7.6,4.7,5.5,6.0,4.5,3.9,319.72,4
3973,55,55+,60,本科,7684.0,1309.9,16.2,8.6,28,6.0,3.3,6.6,6.9,4.0,4.5,376.64,5
3974,168,36-45,40,大专,6648.2,759.0,14.7,7.6,19,6.1,3.6,4.2,5.5,8.3,4.6,116.12,1
3975,65,26-35,30,本科,8588.8,2144.2,20.3,7.2,12,7.9,2.7,4.7,8.2,6.9,5.3,576.08,6
3976,106,46-55,50,本科,7028.9,2727.7,35.2,7.9,76,4.0,5.4,6.0,5.3,4.0,3.6,978.66,8
3977,27,26-35,30,高中及以下,3170.3,854.7,22.1,9.2,35,3.4,3.0,4.4,6.4,4.0,3.8,216.09,3
3978,151,18-25,22,本科,9308.4,689.2,14.5,7.2,5,5.4,1.6,5.3,10.0,5.5,5.7,209.86,3
3979,94,26-35,30,大专,5235.7,331.1,15.4,8.9,26,4.9,1.5,5.4,6.4,4.7,4.5,100.27,0
3980,45,36-45,40,本科,6328.4,419.8,14.9,7.1,34,7.2,4.7,5.0,6.9,6.0,4.4,72.25,0
3981,190,55+,60,硕士,11130.5,580.8,12.6,8.8,13,5.2,2.5,6.4,10.0,5.3,5.8,94.96,0
3982,167,46-55,50,高中及以下,3592.0,2641.0,31.6,6.7,54,3.9,5.0,5.6,5.7,5.7,4.1,989.1,8
3983,82,26-35,30,本科,9367.2,1419.5,25.4,8.4,44,3.5,3.8,1.0,7.2,3.5,2.8,650.6,7
3984,29,46-55,50,本科,6408.1,358.1,18.0,10.0,11,5.0,1.9,6.0,6.4,4.5,4.6,110.86,1
3985,125,55+,60,大专,6909.8,3725.2,41.1,7.6,81,4.0,5.2,8.1,3.9,6.6,4.6,1326.71,8
3986,161,26-35,30,大专,6608.0,1208.7,22.0,8.0,35,7.9,3.7,4.2,7.1,4.3,3.9,326.06,4
3987,177,55+,60,大专,6487.0,2184.7,25.6,8.4,28,3.4,3.7,7.2,7.4,3.7,4.7,634.94,6
3988,91,26-35,30,本科,9290.8,2948.5,27.3,9.8,43,4.2,2.5,5.4,9.4,3.9,5.0,390.98,5
3989,51,46-55,50,本科,8185.1,1818.1,21.2,8.3,28,5.4,1.8,5.2,8.7,7.2,5.8,100.98,0
3990,52,26-35,30,高中及以下,2684.8,475.5,7.7,6.0,31,4.7,1.1,3.7,7.7,7.4,5.2,75.42,0
3991,3,26-35,30,高中及以下,2923.5,1630.7,29.1,8.5,44,4.3,3.0,5.5,6.2,6.6,4.8,680.64,7
3992,162,46-55,50,本科,6279.7,2059.2,24.3,8.9,22,4.0,4.9,6.3,7.3,6.8,5.1,472.76,6
3993,113,18-25,22,博士,17912.0,4810.4,44.1,6.1,76,1.5,5.8,4.7,7.1,8.0,4.8,1742.79,9
3994,179,26-35,30,硕士,17438.3,5093.4,48.1,6.0,83,2.1,5.8,5.7,5.2,4.7,3.6,1808.04,9
3995,40,46-55,50,博士,14417.5,1258.5,27.3,9.2,24,5.1,4.5,2.1,6.1,5.2,3.2,310.59,4
3996,71,36-45,40,本科,9063.5,2165.3,34.6,9.8,48,4.7,4.6,6.0,8.1,5.3,4.9,690.93,7
3997,173,36-45,40,博士,21427.1,200.0,9.4,9.4,14,4.9,4.0,5.0,6.0,5.0,4.0,208.75,3
3998,125,26-35,30,大专,6414.6,3588.5,47.7,8.1,77,4.9,4.8,5.0,4.6,6.3,3.9,1326.71,8
3999,77,36-45,40,本科,5684.2,487.0,10.2,8.5,26,4.9,2.4,7.4,5.4,5.1,4.8,110.06,1
4000,64,26-35,30,本科,8801.9,1778.1,21.2,7.0,43,2.1,3.4,2.4,8.8,5.8,4.4,334.46,4
4001,122,18-25,22,本科,9890.9,1938.3,27.5,7.8,27,4.9,2.2,2.0,8.3,6.5,4.5,603.53,6
4002,84,18-25,22,硕士,9679.3,1134.5,9.6,8.0,18,7.0,3.9,4.5,8.6,2.8,4.0,66.12,0
4003,64,26-35,30,大专,6558.1,2251.0,15.4,7.0,68,4.8,3.6,5.2,8.8,7.6,5.7,334.46,4
4004,82,36-45,40,本科,7321.4,2415.3,28.2,7.4,47,5.4,4.0,5.7,5.2,3.4,3.5,650.6,7
4005,145,26-35,30,博士,16624.0,215.3,12.6,8.9,33,4.9,3.1,7.9,6.9,7.3,5.9,324.35,4
4006,91,36-45,40,高中及以下,2862.9,2634.6,23.2,7.4,28,6.7,4.9,5.0,5.9,4.6,3.7,390.98,5
4007,106,36-45,40,高中及以下,4055.5,2910.2,35.2,6.3,71,4.0,5.8,8.3,5.1,3.3,3.9,978.66,8
4008,137,36-45,40,高中及以下,3457.2,571.2,9.7,8.7,51,5.6,1.6,4.5,4.4,6.6,4.2,107.55,1
4009,107,26-35,30,高中及以下,4466.9,200.0,29.7,10.0,27,3.2,5.8,3.9,7.8,5.3,4.0,176.72,2
4010,185,46-55,50,博士,13113.9,1394.3,14.8,8.9,43,4.9,4.5,7.2,4.9,2.7,3.6,303.08,4
4011,11,18-25,22,大专,7118.8,776.4,12.5,6.7,5,7.1,1.0,5.8,8.2,6.1,5.6,93.16,0
4012,138,18-25,22,大专,5231.3,1965.1,13.2,8.8,46,6.8,3.4,5.7,9.3,4.9,5.2,334.79,4
4013,174,55+,60,高中及以下,2877.5,750.3,9.5,10.0,24,6.0,3.6,3.5,6.9,3.3,3.4,195.72,2
4014,64,26-35,30,高中及以下,2531.4,1941.5,13.7,7.1,21,5.6,4.2,4.9,6.4,5.2,4.1,334.46,4
4015,90,26-35,30,高中及以下,2700.6,200.0,15.1,7.0,24,3.6,3.9,5.5,8.4,5.2,4.9,163.54,2
4016,82,46-55,50,本科,9089.8,1646.9,25.7,10.0,30,4.7,3.8,5.1,6.2,4.0,3.8,650.6,7
4017,179,46-55,50,博士,20612.8,5192.2,50.9,5.4,105,2.7,6.7,5.5,6.3,7.4,4.5,1808.04,9
4018,71,26-35,30,本科,6070.4,2112.4,22.6,7.4,57,3.2,2.7,5.7,8.5,8.6,6.1,690.93,7
4019,115,18-25,22,高中及以下,2835.5,1013.5,9.6,8.5,22,7.1,3.8,5.0,8.2,6.5,5.1,200.65,2
4020,36,46-55,50,本科,7397.9,913.2,6.4,8.6,23,5.5,3.4,4.0,7.5,5.3,4.3,182.89,2
4021,6,55+,60,本科,6149.6,2784.9,33.0,8.4,57,5.6,4.3,4.5,7.7,6.6,4.8,719.97,7
4022,135,26-35,30,大专,4436.1,2237.2,22.1,8.0,50,3.7,5.0,3.7,5.5,3.8,3.0,699.2,7
4023,116,26-35,30,大专,4097.1,633.0,9.8,6.9,12,5.8,3.6,5.3,9.8,5.9,5.5,143.35,1
4024,19,36-45,40,高中及以下,2647.1,726.8,5.0,8.7,5,8.3,1.1,1.0,5.8,5.1,3.2,36.15,0
4025,186,36-45,40,硕士,12815.3,584.1,18.8,8.4,5,7.5,4.1,3.4,10.0,4.2,4.4,238.23,3
4026,96,36-45,40,本科,6734.5,1078.9,19.6,9.7,27,7.7,3.6,5.3,8.2,4.1,4.5,199.56,2
4027,106,46-55,50,硕士,7185.7,2863.6,28.0,6.2,37,4.4,3.9,7.2,6.9,6.6,5.4,978.66,8
4028,106,46-55,50,高中及以下,4784.2,2977.0,35.6,7.9,74,3.8,4.9,8.5,5.9,6.4,5.2,978.66,8
4029,113,46-55,50,本科,9770.4,5387.9,54.4,6.4,64,1.7,5.9,7.3,5.3,4.9,4.2,1742.79,9
4030,107,18-25,22,本科,7447.3,200.0,7.2,9.6,19,5.2,1.5,4.2,7.7,5.6,4.8,176.72,2
4031,167,55+,60,硕士,14329.7,2289.9,40.6,8.1,55,5.2,5.6,5.3,3.6,5.6,3.3,989.1,8
4032,106,26-35,30,本科,8861.8,3400.3,34.8,6.6,38,3.5,4.8,8.6,4.9,6.9,5.1,978.66,8
4033,118,26-35,30,本科,8533.9,1343.2,20.9,9.4,47,6.0,1.5,7.4,5.3,6.9,5.4,465.37,6
4034,70,26-35,30,大专,3810.4,815.8,5.9,8.1,19,6.3,3.2,5.1,9.0,6.4,5.4,213.02,3
4035,114,26-35,30,高中及以下,3363.3,1009.5,17.2,8.3,5,4.2,1.5,5.2,7.6,7.4,5.6,122.44,1
4036,125,36-45,40,本科,9151.7,3523.4,44.4,7.0,36,3.1,4.9,8.2,7.2,3.5,4.7,1326.71,8
4037,154,36-45,40,大专,6329.3,959.4,15.5,7.8,21,5.3,3.8,4.6,7.6,5.6,4.5,198.95,2
4038,168,26-35,30,大专,4242.5,2018.4,8.8,8.1,31,5.1,2.9,7.2,8.1,4.4,5.2,116.12,1
4039,133,36-45,40,本科,9291.9,1379.9,13.5,8.9,21,6.5,2.5,7.5,7.6,5.4,5.5,238.31,3
4040,31,36-45,40,本科,6873.1,2065.9,29.8,8.8,44,4.6,6.4,4.8,6.9,5.6,4.0,946.03,7
4041,20,26-35,30,硕士,10875.4,2241.6,16.7,7.1,77,6.5,4.1,5.9,7.5,5.1,4.7,642.68,6
4042,122,46-55,50,大专,4688.0,1671.9,26.6,7.6,30,5.2,5.6,8.6,6.1,5.4,4.9,603.53,6
4043,60,46-55,50,高中及以下,2912.1,712.7,11.0,9.0,29,5.2,2.5,5.5,7.1,6.2,5.0,91.91,0
4044,162,26-35,30,高中及以下,2890.9,2837.4,31.2,8.3,54,5.0,2.8,5.6,7.3,5.0,4.7,472.76,6
4045,179,36-45,40,本科,10041.6,4917.1,44.9,5.1,73,1.1,6.7,7.7,4.3,3.8,3.6,1808.04,9
4046,94,36-45,40,硕士,10607.8,686.3,16.6,7.4,27,5.4,2.9,4.7,7.9,5.8,4.8,100.27,0
4047,125,55+,60,硕士,17456.4,3615.4,40.7,7.1,72,1.3,3.5,7.3,8.7,3.9,5.2,1326.71,8
4048,141,46-55,50,博士,14361.2,1206.7,16.1,7.5,47,5.9,4.9,5.7,6.4,3.1,3.6,548.48,6
4049,159,46-55,50,本科,6288.0,1392.8,13.5,8.3,5,4.6,3.8,2.9,7.4,3.6,3.4,286.16,4
4050,108,46-55,50,大专,4629.6,602.1,15.0,9.0,15,5.8,3.7,2.6,5.5,4.7,3.1,192.01,2
4051,7,36-45,40,高中及以下,4161.6,1152.6,20.3,9.7,54,4.7,2.1,6.7,8.7,6.0,5.8,319.72,4
4052,43,26-35,30,大专,4717.3,939.4,13.8,10.0,40,4.7,2.5,4.6,10.0,6.0,5.5,109.83,1
4053,6,26-35,30,高中及以下,2803.5,2160.8,36.4,6.5,53,5.7,1.8,6.3,10.0,7.6,6.6,719.97,7
4054,113,46-55,50,硕士,12319.9,5006.2,51.3,6.7,77,3.2,7.0,6.4,2.1,5.9,3.1,1742.79,9
4055,122,26-35,30,高中及以下,4177.1,2036.1,31.5,8.1,38,5.9,2.3,7.4,7.2,6.8,5.8,603.53,6
4056,3,36-45,40,本科,7007.2,1477.4,22.0,8.3,39,4.3,4.3,6.6,8.1,7.5,5.7,680.64,7
4057,68,26-35,30,高中及以下,2511.1,1557.2,25.8,7.6,34,5.1,3.5,4.7,8.4,6.2,5.0,213.07,3
4058,179,18-25,22,硕士,11065.5,5786.2,52.8,5.7,106,2.6,6.7,5.8,2.3,4.6,2.7,1808.04,9
4059,6,26-35,30,本科,10834.4,2620.7,23.3,7.3,26,4.0,4.8,5.1,6.9,5.8,4.4,719.97,7
4060,107,18-25,22,本科,7581.3,1384.1,12.2,8.9,26,3.6,4.7,5.2,8.7,3.1,4.2,176.72,2
4061,138,18-25,22,高中及以下,5178.9,1504.1,17.4,9.1,18,5.1,4.3,7.4,8.1,2.6,4.6,334.79,4
4062,67,26-35,30,高中及以下,3033.1,1470.4,29.8,9.0,35,5.7,2.5,7.0,6.0,7.3,5.4,404.86,5
4063,179,55+,60,大专,4848.2,4879.1,50.7,6.9,67,2.2,6.2,8.9,2.0,6.4,4.1,1808.04,9
4064,31,18-25,22,硕士,14053.4,2652.1,30.5,6.4,49,3.6,4.4,5.9,4.8,4.7,3.8,946.03,7
4065,141,36-45,40,大专,4777.1,1855.8,25.5,8.2,11,4.5,3.8,6.8,5.4,7.7,5.1,548.48,6
4066,91,55+,60,本科,6686.5,2147.3,13.7,10.0,26,6.8,4.5,3.2,6.6,3.5,3.2,390.98,5
4067,59,36-45,40,高中及以下,4074.2,1362.8,22.4,9.7,26,5.1,3.1,4.0,5.4,5.6,3.8,393.68,5
4068,102,55+,60,硕士,10368.2,684.0,15.6,9.1,49,5.8,2.7,6.3,7.9,6.3,5.5,105.35,0
4069,116,36-45,40,硕士,9179.7,831.6,8.5,8.2,7,4.7,4.0,4.7,7.8,7.3,5.1,143.35,1
4070,55,26-35,30,大专,7214.1,1327.4,17.3,9.3,22,6.9,2.6,3.6,7.4,5.3,4.3,376.64,5
4071,179,36-45,40,大专,6739.5,4391.6,51.3,5.5,71,3.3,6.9,5.7,3.0,1.0,1.8,1808.04,9
4072,22,26-35,30,硕士,7389.2,1916.1,16.1,8.7,44,6.2,1.5,8.2,7.1,4.9,5.6,158.78,1
4073,118,46-55,50,本科,9223.6,1980.6,28.9,9.4,35,4.5,3.4,5.7,6.6,7.1,5.1,465.37,6
4074,107,18-25,22,本科,6605.5,1632.5,5.0,9.2,27,5.5,2.1,6.0,4.7,4.1,3.9,176.72,2
4075,175,18-25,22,本科,7592.6,295.9,18.4,7.9,28,5.4,6.0,3.2,9.1,3.5,3.7,339.4,5
4076,103,46-55,50,高中及以下,3022.1,200.0,6.6,9.7,5,7.0,3.6,8.0,5.7,7.0,5.4,66.53,0
4077,124,46-55,50,本科,7450.4,1823.0,24.3,7.9,11,4.8,4.6,5.2,7.4,3.3,3.9,266.9,4
4078,179,46-55,50,高中及以下,6486.4,4930.7,54.4,5.7,80,3.5,5.4,6.6,8.1,6.4,5.3,1808.04,9
4079,6,18-25,22,硕士,10201.5,1504.4,35.0,8.4,29,3.4,4.0,6.5,5.7,5.5,4.5,719.97,7
4080,113,26-35,30,硕士,11733.2,5429.5,50.8,5.1,108,4.4,6.1,7.9,5.7,2.8,3.8,1742.79,9
4081,179,26-35,30,博士,22819.8,4969.4,60.9,6.0,89,3.5,6.5,6.6,9.2,7.4,5.7,1808.04,9
4082,20,18-25,22,硕士,7792.9,2555.1,29.3,8.0,43,3.5,3.2,4.9,6.2,6.4,4.5,642.68,6
4083,177,46-55,50,博士,15160.3,1451.2,14.8,8.6,40,5.4,5.5,4.3,6.6,4.0,3.5,634.94,6
4084,3,55+,60,本科,6982.3,1621.3,22.9,8.3,38,5.0,6.0,7.0,7.2,3.9,4.3,680.64,7
4085,167,55+,60,本科,8868.9,2539.9,35.1,5.7,62,3.8,6.2,6.9,6.3,6.7,4.8,989.1,8
4086,176,46-55,50,大专,3305.6,232.5,15.6,9.3,14,5.3,2.7,4.6,8.7,6.1,5.2,150.36,1
4087,2,18-25,22,大专,4452.8,838.2,9.5,8.0,31,3.6,2.3,6.4,6.7,7.6,5.6,283.64,4
4088,54,46-55,50,硕士,11376.4,1754.3,29.7,8.3,50,4.9,4.2,6.1,8.1,7.1,5.5,416.13,5
4089,92,36-45,40,本科,9876.0,582.4,16.3,8.1,22,7.0,2.3,6.4,7.8,5.4,5.3,73.55,0
4090,105,46-55,50,高中及以下,2554.3,1262.0,22.0,8.5,30,5.6,3.6,7.4,5.3,4.3,4.3,222.31,3
4091,125,55+,60,硕士,11781.4,4467.4,40.3,8.5,71,3.6,5.6,5.4,5.9,7.7,4.6,1326.71,8
4092,15,46-55,50,本科,5983.8,422.3,9.7,9.1,28,5.1,2.9,5.6,9.8,5.5,5.6,84.58,0
4093,3,46-55,50,硕士,13502.5,3082.8,28.3,7.2,27,5.3,4.0,4.3,4.6,6.2,3.7,680.64,7
4094,47,46-55,50,高中及以下,4456.5,1054.5,16.3,7.9,62,4.7,2.1,4.9,3.9,3.1,3.1,427.14,6
4095,162,26-35,30,硕士,11850.9,1492.2,19.5,6.9,33,5.8,2.5,3.8,6.9,6.2,4.5,472.76,6
4096,71,26-35,30,硕士,9868.2,2241.7,20.7,6.2,24,5.5,4.0,6.7,4.2,7.3,4.6,690.93,7
4097,148,55+,60,高中及以下,2862.4,1172.0,20.7,7.7,31,5.6,3.8,7.2,7.8,3.1,4.6,250.12,4
4098,87,18-25,22,大专,4084.3,574.6,23.3,8.8,13,5.0,3.2,5.1,7.3,5.3,4.6,206.18,3
4099,138,55+,60,本科,6445.9,1122.6,13.7,7.7,26,4.8,4.0,8.8,8.4,4.6,5.7,334.79,4
4100,2,26-35,30,硕士,8396.2,1789.4,14.1,8.9,23,5.1,2.7,7.0,8.1,8.4,6.3,283.64,4
4101,6,18-25,22,高中及以下,5124.5,2892.9,35.5,7.6,51,3.9,4.1,5.4,8.4,6.8,5.3,719.97,7
4102,151,26-35,30,高中及以下,3008.2,1326.5,15.5,8.3,33,3.4,1.8,6.5,7.8,5.0,5.3,209.86,3
4103,180,36-45,40,高中及以下,3766.0,576.3,14.0,8.2,29,5.4,1.7,5.5,6.7,7.5,5.4,277.46,4
4104,31,36-45,40,高中及以下,4920.1,3667.8,37.1,8.6,61,4.4,3.4,2.8,6.9,6.1,4.0,946.03,7
4105,81,26-35,30,本科,6782.1,1542.3,17.2,7.8,49,5.5,3.7,5.9,7.7,5.7,5.0,212.11,3
4106,162,36-45,40,硕士,14529.4,485.8,14.6,8.0,37,5.2,3.7,4.5,9.8,7.8,5.8,472.76,6
4107,27,36-45,40,大专,5690.5,520.3,13.0,9.2,38,4.6,4.0,9.2,8.1,3.8,5.5,216.09,3
4108,70,26-35,30,高中及以下,2905.9,1572.8,6.6,7.9,10,5.4,4.8,5.7,10.0,6.1,5.5,213.02,3
4109,58,26-35,30,大专,3941.4,1173.3,8.1,8.1,34,5.3,2.2,2.6,8.8,3.4,3.9,206.7,3
4110,113,36-45,40,硕士,14326.8,4811.2,46.6,6.4,74,4.0,4.8,4.9,2.8,6.3,3.3,1742.79,9
4111,32,36-45,40,大专,3273.0,736.8,17.1,10.0,50,6.1,3.5,5.1,5.5,4.8,3.9,146.42,1
4112,113,26-35,30,本科,13328.5,4771.3,56.3,7.1,74,2.0,4.9,2.7,5.3,8.3,4.0,1742.79,9
4113,135,46-55,50,本科,6647.9,2392.4,27.8,7.8,28,5.3,5.9,5.4,7.0,6.6,4.6,699.2,7
4114,108,36-45,40,本科,7936.8,811.6,18.2,10.0,45,6.0,1.0,4.6,6.4,7.7,5.2,192.01,2
4115,27,55+,60,本科,7033.9,1727.7,19.9,7.3,35,5.6,4.2,6.5,9.1,4.8,5.2,216.09,3
4116,4,26-35,30,高中及以下,2708.7,1057.4,17.6,8.3,39,5.1,1.4,6.5,6.4,5.8,5.1,117.43,1
4117,194,36-45,40,博士,16602.1,1781.2,16.2,9.7,41,4.9,2.3,5.8,8.8,3.9,5.0,176.48,2
4118,145,18-25,22,硕士,9533.8,1192.1,17.2,7.3,35,4.2,2.9,5.2,7.0,2.9,3.9,324.35,4
4119,176,26-35,30,高中及以下,3725.1,544.8,9.3,10.0,19,7.2,4.7,5.4,6.0,4.0,3.7,150.36,1
4120,0,55+,60,大专,2970.6,1055.3,17.4,10.0,22,5.9,3.7,5.1,6.9,6.6,4.8,243.89,3
4121,164,36-45,40,高中及以下,3399.9,1504.8,25.2,8.9,29,5.8,3.1,2.0,4.1,2.8,2.1,388.92,5
4122,180,18-25,22,本科,9492.0,848.6,16.8,9.4,44,5.2,4.3,1.6,5.6,5.1,2.9,277.46,4
4123,52,46-55,50,硕士,10265.9,1114.0,13.5,7.3,26,5.6,3.1,6.9,8.6,3.6,5.0,75.42,0
4124,66,36-45,40,高中及以下,2671.4,715.3,9.7,8.3,55,6.0,3.2,3.6,7.0,5.6,4.2,138.1,1
4125,124,46-55,50,本科,4796.8,1011.0,18.3,10.0,37,4.4,3.8,7.1,6.1,4.5,4.5,266.9,4
4126,39,36-45,40,本科,5887.2,1230.7,19.1,9.3,31,5.5,2.9,5.2,10.0,4.3,5.2,180.7,2
4127,4,55+,60,本科,6995.9,540.8,12.3,7.4,16,6.2,2.8,6.8,10.0,6.4,6.2,117.43,1
4128,159,26-35,30,大专,6091.0,1459.3,31.4,7.8,36,5.3,4.2,2.7,6.8,5.3,3.6,286.16,4
4129,166,46-55,50,高中及以下,3621.6,1612.1,22.7,9.0,22,6.6,2.8,8.0,7.7,6.7,6.0,337.67,5
4130,125,26-35,30,大专,6497.6,3393.3,46.0,7.1,84,2.3,5.1,5.0,5.3,6.3,4.0,1326.71,8
4131,105,36-45,40,大专,5285.6,1381.7,5.1,9.3,36,5.5,4.1,3.9,5.7,5.4,3.7,222.31,3
4132,122,46-55,50,硕士,13479.6,2220.8,27.5,8.4,23,4.2,3.8,4.4,8.9,3.2,4.2,603.53,6
4133,87,36-45,40,高中及以下,2421.1,383.6,13.6,9.6,34,4.7,1.9,4.9,9.0,5.9,5.4,206.18,3
4134,61,36-45,40,高中及以下,2988.5,1692.8,20.0,9.5,7,4.1,1.1,5.8,6.8,3.7,4.5,123.27,1
4135,20,46-55,50,高中及以下,4636.3,1822.3,34.5,8.5,57,4.6,5.5,6.5,6.4,7.1,4.9,642.68,6
4136,65,46-55,50,硕士,8078.2,2081.8,29.5,7.6,43,2.5,4.5,4.4,4.2,6.6,3.7,576.08,6
4137,117,46-55,50,硕士,11179.4,822.1,11.9,9.0,5,5.1,2.4,8.2,7.6,5.5,5.7,46.12,0
4138,3,36-45,40,硕士,10369.6,1463.6,37.5,9.4,27,2.7,3.0,6.6,6.6,8.0,5.6,680.64,7
4139,172,36-45,40,大专,3609.0,1846.6,9.6,8.9,29,5.5,2.7,4.3,5.5,8.2,4.8,137.4,1
4140,113,46-55,50,大专,6003.4,4769.4,48.6,4.5,91,3.3,5.3,10.0,4.7,5.2,4.9,1742.79,9
4141,120,55+,60,高中及以下,2536.8,1144.2,18.0,7.5,29,6.1,4.1,6.1,6.7,2.7,3.8,327.35,4
4142,59,18-25,22,高中及以下,3376.7,1156.2,15.5,8.9,59,4.5,5.0,5.7,5.6,3.6,3.5,393.68,5
4143,197,26-35,30,硕士,8019.7,917.3,17.3,9.6,5,7.1,3.6,5.2,8.9,6.1,5.3,173.08,2
4144,97,18-25,22,高中及以下,3294.2,1770.3,22.2,8.3,30,5.1,3.0,2.4,6.8,8.8,4.7,192.68,2
4145,48,18-25,22,大专,4527.6,604.0,19.3,7.0,5,5.6,3.2,5.9,7.3,5.0,4.7,209.27,3
4146,185,26-35,30,高中及以下,3842.8,1439.3,18.9,9.0,70,7.0,2.7,4.7,9.1,8.9,6.1,303.08,4
4147,2,26-35,30,大专,5227.1,605.9,17.2,9.3,8,5.3,1.5,5.1,7.8,7.3,5.6,283.64,4
4148,187,36-45,40,大专,4821.7,983.8,13.9,9.6,33,5.3,3.0,4.7,6.4,4.1,3.9,137.99,1
4149,71,36-45,40,硕士,9288.3,2398.1,23.2,7.9,46,5.6,4.9,5.8,5.1,5.7,4.0,690.93,7
4150,156,18-25,22,高中及以下,3895.5,4159.5,28.5,6.3,36,4.2,5.8,7.1,3.9,3.4,3.3,958.89,8
4151,72,18-25,22,高中及以下,2874.1,1213.1,6.9,8.4,64,5.9,3.1,4.0,7.7,6.8,4.8,143.19,1
4152,125,46-55,50,硕士,11163.6,3812.9,35.6,6.5,59,5.3,4.8,4.7,7.7,8.6,5.3,1326.71,8
4153,119,18-25,22,高中及以下,3655.0,1067.2,16.5,9.9,37,6.6,4.4,3.6,7.2,1.0,2.7,314.8,4
4154,167,26-35,30,本科,10766.3,4116.2,35.8,7.4,58,4.4,4.5,8.3,6.0,3.3,4.4,989.1,8
4155,124,55+,60,高中及以下,2865.8,200.0,13.0,9.1,5,4.6,3.3,3.2,9.2,4.3,4.3,266.9,4
4156,177,46-55,50,本科,11925.1,2448.7,26.5,8.9,49,4.9,4.4,3.4,5.6,6.8,3.9,634.94,6
4157,167,55+,60,本科,8833.7,2305.2,35.7,8.4,75,3.3,5.2,8.8,7.6,5.8,5.6,989.1,8
4158,94,46-55,50,硕士,11379.2,1242.6,17.3,5.8,37,4.5,1.7,7.0,8.0,4.1,5.2,100.27,0
4159,120,46-55,50,博士,17134.1,1389.0,17.7,8.2,25,5.3,3.5,4.9,7.1,5.9,4.6,327.35,4
4160,167,26-35,30,高中及以下,3785.0,2532.5,40.9,7.8,52,4.5,4.0,6.1,6.2,4.8,4.3,989.1,8
4161,179,46-55,50,本科,12889.6,5577.2,61.2,6.3,86,3.0,5.7,6.4,3.7,5.0,3.5,1808.04,9
4162,20,26-35,30,高中及以下,2529.0,2546.0,28.4,8.9,29,4.5,3.6,6.7,4.6,5.9,4.4,642.68,6
4163,165,55+,60,博士,16537.2,908.2,10.7,9.9,48,5.2,3.2,6.9,10.0,5.8,6.0,224.25,3
4164,113,36-45,40,硕士,11203.0,4056.7,55.0,5.9,93,3.2,4.4,7.1,4.3,6.6,4.5,1742.79,9
4165,125,46-55,50,博士,16559.7,3736.2,36.0,7.9,65,5.3,4.6,7.4,5.6,9.1,5.7,1326.71,8
4166,84,55+,60,硕士,11915.7,1424.1,19.7,7.8,23,5.8,1.0,6.9,8.1,4.7,5.5,66.12,0
4167,12,55+,60,高中及以下,2534.7,818.6,13.2,8.9,20,6.7,2.2,5.8,6.0,8.8,5.6,189.04,2
4168,183,26-35,30,高中及以下,2991.4,369.9,17.9,9.8,34,4.2,4.0,3.0,5.4,6.5,3.7,240.44,3
4169,180,36-45,40,本科,7870.9,1055.9,16.9,8.3,16,3.9,4.1,4.0,7.0,6.1,4.3,277.46,4
4170,47,26-35,30,博士,13916.8,969.9,18.6,7.4,46,5.6,3.0,5.9,6.5,7.5,5.3,427.14,6
4171,84,36-45,40,硕士,6766.6,313.6,12.8,8.9,13,4.3,2.8,4.8,8.9,2.4,4.2,66.12,0
4172,124,18-25,22,高中及以下,3392.3,2012.9,15.6,7.7,47,5.1,3.1,5.8,5.3,3.5,3.7,266.9,4
4173,119,26-35,30,本科,9384.8,738.8,8.8,8.2,26,6.0,3.4,4.1,6.6,5.5,4.1,314.8,4
4174,29,36-45,40,高中及以下,2984.6,727.8,10.9,7.1,35,4.9,1.7,3.6,7.9,5.2,4.5,110.86,1
4175,2,36-45,40,大专,5452.6,858.1,20.8,8.1,27,5.1,3.0,3.0,7.6,3.5,3.6,283.64,4
4176,192,36-45,40,本科,6724.3,200.0,19.7,9.4,33,6.9,4.1,1.3,5.0,6.2,3.0,183.85,2
4177,194,18-25,22,硕士,11576.5,735.4,20.2,8.6,43,6.5,2.4,4.2,9.8,3.6,4.7,176.48,2
4178,118,26-35,30,博士,20805.0,1201.5,23.2,7.5,32,5.8,3.9,5.3,5.0,5.1,3.8,465.37,6
4179,98,36-45,40,硕士,7408.3,200.0,5.0,7.7,39,6.4,3.3,3.2,9.7,7.5,5.4,149.17,1
4180,186,55+,60,本科,7410.7,1374.7,24.4,9.0,37,4.6,4.9,4.4,10.0,3.7,4.5,238.23,3
4181,106,55+,60,大专,5368.3,2328.8,46.3,7.0,56,5.6,4.6,6.2,8.8,6.2,5.4,978.66,8
4182,106,18-25,22,本科,6915.6,2900.8,29.0,8.5,49,4.1,4.2,8.5,5.7,5.1,4.9,978.66,8
4183,29,36-45,40,高中及以下,3236.1,1023.6,12.5,8.8,32,5.7,2.2,7.0,7.3,6.3,5.6,110.86,1
4184,81,26-35,30,本科,7388.5,1396.4,13.4,7.2,39,4.5,1.0,6.1,6.7,6.9,5.5,212.11,3
4185,134,46-55,50,大专,6023.0,553.4,12.3,8.6,27,5.3,2.8,4.4,8.3,1.7,3.7,59.18,0
4186,151,55+,60,本科,5436.0,825.0,12.1,6.3,5,3.2,2.7,5.7,8.7,5.2,5.2,209.86,3
4187,198,36-45,40,本科,6051.3,1678.7,9.5,8.1,49,5.6,2.4,5.5,7.9,6.6,5.4,157.31,1
4188,162,36-45,40,本科,8084.4,1160.2,20.2,8.0,9,5.2,3.9,6.1,4.6,4.9,3.9,472.76,6
4189,140,55+,60,本科,9123.0,1224.1,23.6,7.5,32,5.9,5.0,5.5,8.3,7.0,5.2,186.32,2
4190,42,36-45,40,博士,14267.6,200.0,18.9,9.7,19,5.0,3.8,5.6,8.1,4.4,4.6,132.2,1
4191,78,46-55,50,大专,3675.2,467.1,15.1,8.2,40,8.0,3.1,7.8,5.9,6.5,5.3,162.68,1
4192,150,36-45,40,博士,15385.5,661.2,11.3,7.8,20,5.1,3.0,5.8,8.8,7.5,5.9,190.66,2
4193,106,36-45,40,本科,8099.6,2807.9,33.5,5.3,51,4.4,3.1,5.9,7.5,6.4,5.2,978.66,8
4194,156,46-55,50,硕士,16733.4,2722.8,34.0,7.7,29,5.5,5.6,5.1,4.5,5.8,3.6,958.89,8
4195,135,46-55,50,大专,6108.3,2912.1,31.3,7.2,33,3.7,3.6,5.5,9.5,5.4,5.3,699.2,7
4196,106,36-45,40,高中及以下,4190.5,1390.7,35.3,7.8,61,3.3,5.8,6.3,4.4,5.2,3.7,978.66,8
4197,73,55+,60,硕士,9200.3,1898.3,33.3,8.7,32,3.4,4.4,7.0,7.2,5.2,4.9,709.56,7
4198,35,26-35,30,高中及以下,2500.8,445.1,10.6,9.1,51,8.1,2.9,3.6,7.7,7.2,4.9,43.78,0
4199,98,26-35,30,高中及以下,3516.2,1371.5,11.2,8.3,29,5.7,4.7,3.9,7.4,6.4,4.4,149.17,1
4200,138,36-45,40,本科,6848.0,324.9,6.8,7.9,31,4.7,1.4,5.4,9.1,6.2,5.7,334.79,4
4201,12,36-45,40,高中及以下,3734.0,910.6,13.6,8.5,17,5.2,2.3,7.6,3.4,5.8,4.5,189.04,2
4202,71,55+,60,硕士,10444.8,1800.9,28.6,8.5,37,4.6,4.2,9.8,6.8,5.2,5.6,690.93,7
4203,31,18-25,22,大专,4667.6,1552.4,35.2,4.7,36,4.9,5.3,6.4,4.5,3.6,3.4,946.03,7
4204,67,36-45,40,高中及以下,3282.2,2176.5,19.7,8.8,33,5.8,1.4,6.8,6.9,7.2,5.8,404.86,5
4205,164,18-25,22,大专,6356.8,1270.0,16.9,8.4,23,4.0,3.1,3.3,8.0,4.6,4.1,388.92,5
4206,86,18-25,22,硕士,11551.0,1372.2,18.7,8.5,49,5.6,2.2,6.0,6.1,2.6,3.9,370.7,5
4207,176,46-55,50,硕士,12674.7,692.6,18.3,7.0,27,6.6,2.7,6.1,6.3,4.0,4.3,150.36,1
4208,152,36-45,40,高中及以下,3600.4,785.3,10.6,9.8,19,7.0,1.4,7.2,9.6,4.4,5.9,75.19,0
4209,81,18-25,22,博士,16839.7,999.4,5.0,8.3,24,6.2,3.0,6.0,4.9,4.8,4.1,212.11,3
4210,36,36-45,40,本科,5914.6,1164.8,12.7,7.7,45,5.3,3.6,5.7,2.6,2.2,2.5,182.89,2
4211,0,36-45,40,本科,6593.7,1149.0,17.8,8.7,24,5.6,3.3,5.2,9.9,7.3,5.9,243.89,3
4212,93,18-25,22,高中及以下,3472.4,425.9,5.0,8.6,24,5.7,4.5,4.9,8.4,6.5,5.0,106.95,0
4213,113,26-35,30,高中及以下,4106.1,5545.8,46.8,6.8,79,2.1,8.2,3.8,5.0,6.3,3.1,1742.79,9
4214,102,55+,60,本科,8400.0,1734.4,5.0,8.7,29,7.3,2.1,5.5,8.1,4.5,4.9,105.35,0
4215,81,46-55,50,高中及以下,3018.2,1047.5,7.2,8.1,31,5.8,1.5,6.0,10.0,6.7,6.3,212.11,3
4216,151,36-45,40,硕士,8188.8,200.0,12.5,8.4,38,4.8,4.1,4.7,7.3,5.7,4.5,209.86,3
4217,20,46-55,50,本科,7160.3,2383.2,32.0,9.9,60,5.1,5.0,6.4,6.6,4.8,4.4,642.68,6
4218,23,26-35,30,高中及以下,4791.4,966.8,8.8,9.4,32,4.2,2.9,5.9,3.6,5.9,4.0,35.7,0
4219,116,46-55,50,本科,6170.8,200.0,9.7,8.3,12,5.3,3.0,5.5,6.8,5.4,4.6,143.35,1
4220,4,55+,60,博士,16832.8,425.5,22.8,9.7,14,5.0,3.2,5.2,8.0,4.1,4.5,117.43,1
4221,86,36-45,40,大专,4154.8,1343.9,19.6,10.0,54,6.2,3.3,7.5,5.0,6.5,5.0,370.7,5
4222,47,18-25,22,本科,7615.7,995.1,29.7,7.5,27,5.3,1.9,7.3,8.1,7.8,6.4,427.14,6
4223,51,46-55,50,大专,3735.7,200.0,19.3,9.9,27,5.1,1.0,7.4,8.9,5.0,5.9,100.98,0
4224,107,36-45,40,高中及以下,2145.0,1393.3,9.1,8.2,30,5.3,2.1,4.2,7.2,4.1,4.1,176.72,2
4225,113,18-25,22,硕士,13702.6,5475.1,52.3,6.7,54,2.1,6.3,9.0,4.6,7.3,5.1,1742.79,9
4226,91,18-25,22,硕士,8499.1,1548.8,16.5,7.9,39,4.9,4.1,6.9,8.2,5.5,5.3,390.98,5
4227,31,36-45,40,硕士,10153.4,3369.2,35.4,6.3,59,3.8,4.2,4.5,5.8,7.4,4.5,946.03,7
4228,106,36-45,40,博士,15113.6,3187.2,30.3,7.9,45,4.0,3.2,5.5,5.6,7.9,5.0,978.66,8
4229,164,36-45,40,本科,6314.8,1212.6,14.2,8.9,28,4.7,2.7,2.3,5.0,7.3,3.8,388.92,5
4230,140,26-35,30,硕士,12453.0,1720.5,17.9,9.0,15,3.9,2.0,5.7,9.1,5.9,5.6,186.32,2
4231,113,46-55,50,硕士,13231.0,3847.2,52.4,7.9,106,2.9,6.3,10.0,6.8,7.2,6.0,1742.79,9
4232,31,18-25,22,硕士,11742.8,3501.3,34.2,5.9,59,3.9,5.5,5.9,5.7,6.5,4.4,946.03,7
4233,125,26-35,30,高中及以下,3346.3,4214.9,46.4,6.3,74,4.8,5.6,7.6,5.5,6.2,4.7,1326.71,8
4234,113,46-55,50,高中及以下,6764.6,4658.4,57.9,5.1,88,3.5,4.7,9.6,6.7,5.6,5.6,1742.79,9
4235,167,46-55,50,本科,7129.4,2719.0,39.3,5.3,52,5.6,4.2,4.9,7.4,7.0,4.9,989.1,8
4236,34,36-45,40,本科,9828.5,1551.0,17.2,9.1,11,5.3,2.4,5.3,7.8,9.5,6.1,337.83,5
4237,85,18-25,22,高中及以下,2741.9,200.0,13.2,8.4,32,5.9,2.9,5.0,8.3,8.3,5.8,89.86,0
4238,20,18-25,22,大专,5112.8,3035.2,31.6,8.7,45,3.9,3.5,4.3,6.9,5.8,4.4,642.68,6
4239,113,26-35,30,博士,12122.1,4650.5,49.9,5.9,58,1.2,5.5,7.6,5.0,4.3,4.0,1742.79,9
4240,179,26-35,30,硕士,17394.6,4806.1,61.5,5.4,88,0.9,5.6,5.4,4.8,3.7,3.2,1808.04,9
4241,183,36-45,40,大专,4339.6,1556.4,20.5,8.4,14,5.3,2.0,5.5,7.9,8.4,5.9,240.44,3
4242,3,36-45,40,高中及以下,3559.0,2211.1,29.9,6.9,36,4.7,2.8,6.9,7.1,4.1,4.8,680.64,7
4243,82,26-35,30,硕士,13266.7,1939.2,32.8,6.1,53,4.2,3.3,3.1,5.3,7.9,4.2,650.6,7
4244,72,46-55,50,本科,5501.1,278.5,18.4,10.0,20,6.6,4.9,6.1,9.5,5.9,5.4,143.19,1
4245,128,26-35,30,本科,9540.5,712.6,16.8,9.0,31,5.8,2.8,6.7,7.2,4.8,4.9,163.96,2
4246,145,26-35,30,高中及以下,2865.4,2031.0,7.2,9.9,5,6.5,4.3,7.0,6.9,6.2,5.1,324.35,4
4247,45,26-35,30,本科,7417.7,273.9,5.0,9.2,17,5.2,1.2,4.8,10.0,6.9,6.0,72.25,0
4248,42,46-55,50,高中及以下,2892.1,1383.2,8.0,9.3,26,6.3,4.2,3.6,8.3,4.2,4.0,132.2,1
4249,66,46-55,50,大专,4643.9,358.1,9.1,8.8,18,5.1,4.0,5.9,9.2,6.6,5.6,138.1,1
4250,3,46-55,50,硕士,13226.0,1875.9,23.8,7.0,8,4.1,2.8,4.8,5.5,5.8,4.2,680.64,7
4251,120,18-25,22,大专,4537.7,1887.4,18.4,9.9,46,3.9,3.9,4.2,7.0,6.2,4.4,327.35,4
4252,143,46-55,50,本科,6702.7,200.0,16.6,9.0,17,4.0,1.5,3.5,10.0,3.4,4.6,178.51,2
4253,0,26-35,30,大专,3774.8,2126.5,21.7,6.4,15,6.4,1.8,7.0,8.1,7.8,6.3,243.89,3
4254,96,46-55,50,大专,4085.4,1819.4,21.9,7.5,30,3.5,3.8,1.0,8.9,7.5,4.4,199.56,2
4255,105,26-35,30,本科,7387.3,292.0,20.9,6.7,25,5.4,2.8,6.4,4.6,5.6,4.3,222.31,3
4256,125,55+,60,本科,14577.5,3795.4,41.1,7.2,86,2.8,3.1,4.4,6.4,8.4,5.0,1326.71,8
4257,156,36-45,40,本科,9296.0,3352.0,35.8,6.6,35,4.7,6.2,7.0,7.9,7.5,5.5,958.89,8
4258,175,26-35,30,高中及以下,3161.2,2310.3,14.5,7.8,40,4.9,2.9,4.2,6.5,1.7,3.1,339.4,5
4259,34,36-45,40,硕士,10798.4,1894.2,13.9,10.0,26,3.8,2.6,5.9,7.6,3.8,4.6,337.83,5
4260,86,18-25,22,高中及以下,3920.1,3037.2,22.5,7.4,20,4.2,3.6,4.7,7.8,9.1,5.7,370.7,5
4261,125,18-25,22,硕士,12782.8,2823.7,51.3,7.0,75,3.8,6.6,5.9,4.0,7.1,3.9,1326.71,8
4262,108,18-25,22,本科,6194.3,488.4,11.4,7.8,18,5.3,2.4,6.8,7.7,4.0,4.9,192.01,2
4263,136,26-35,30,高中及以下,2602.0,1404.4,10.3,8.2,16,6.4,3.1,5.0,9.5,4.8,5.1,67.81,0
4264,119,26-35,30,高中及以下,2634.4,1389.2,21.5,7.3,19,3.2,3.1,4.4,6.3,4.8,4.0,314.8,4
4265,73,36-45,40,大专,7164.1,3705.8,22.3,8.9,47,4.1,2.7,7.4,6.7,6.0,5.4,709.56,7
4266,179,26-35,30,硕士,12157.6,5727.3,53.7,6.6,65,2.0,7.6,9.5,2.0,4.8,3.6,1808.04,9
4267,167,55+,60,硕士,10521.6,3345.2,38.3,7.7,53,5.0,5.7,4.0,6.5,5.3,3.7,989.1,8
4268,151,18-25,22,本科,10924.9,1248.3,14.8,8.6,23,4.0,1.6,3.6,6.5,3.9,3.8,209.86,3
4269,85,36-45,40,高中及以下,4022.9,694.8,11.3,8.9,36,4.5,2.8,4.3,8.3,5.9,4.9,89.86,0
4270,6,26-35,30,高中及以下,2817.8,2165.4,38.0,7.3,40,1.8,3.9,6.2,5.4,3.3,3.7,719.97,7
4271,191,18-25,22,大专,4712.8,1130.2,21.3,7.8,9,5.2,3.3,3.8,5.6,4.9,3.6,349.46,5
4272,140,36-45,40,高中及以下,2770.0,1548.6,17.3,10.0,5,6.9,1.5,4.4,7.3,5.9,4.8,186.32,2
4273,66,26-35,30,硕士,10348.9,1335.5,9.3,9.5,5,5.8,2.4,4.8,5.9,4.4,4.0,138.1,1
4274,105,18-25,22,高中及以下,5103.5,1927.2,5.0,7.6,8,4.5,5.0,4.7,5.0,4.9,3.5,222.31,3
4275,59,46-55,50,本科,9179.5,1704.5,25.3,10.0,30,6.4,3.2,3.4,6.3,6.2,4.1,393.68,5
4276,154,36-45,40,本科,5347.7,648.4,10.3,8.2,29,4.7,3.1,5.3,10.0,6.8,5.9,198.95,2
4277,133,18-25,22,高中及以下,5026.6,1358.3,15.5,8.8,42,5.7,2.7,4.8,10.0,5.5,5.4,238.31,3
4278,113,18-25,22,高中及以下,6398.9,4711.7,55.0,6.3,78,1.3,5.0,4.8,6.3,7.9,4.7,1742.79,9
4279,82,18-25,22,本科,7047.2,2059.1,21.3,8.8,66,5.0,4.7,3.7,6.8,3.1,3.2,650.6,7
4280,70,18-25,22,硕士,15562.9,1059.3,17.6,8.8,28,5.4,1.8,7.9,5.9,8.2,6.0,213.02,3
4281,166,46-55,50,高中及以下,3663.3,1363.0,18.7,9.2,33,5.7,3.0,6.8,5.9,6.4,5.0,337.67,5
4282,86,26-35,30,本科,5581.1,1681.5,5.0,7.5,35,4.4,3.1,6.7,8.4,6.1,5.6,370.7,5
4283,106,36-45,40,大专,4995.1,2827.2,38.6,6.6,70,4.2,5.4,5.4,5.2,4.0,3.4,978.66,8
4284,40,18-25,22,本科,8861.4,1785.4,18.3,7.8,19,7.6,3.4,8.1,7.1,5.8,5.5,310.59,4
4285,175,26-35,30,本科,8737.3,1450.4,19.6,8.1,43,5.7,5.0,8.2,5.0,7.7,5.3,339.4,5
4286,58,46-55,50,高中及以下,2582.3,1989.6,13.0,10.0,11,6.1,2.1,6.6,7.1,6.5,5.5,206.7,3
4287,39,46-55,50,高中及以下,3298.7,1125.8,10.5,9.2,43,6.8,3.0,5.3,7.8,8.0,5.6,180.7,2
4288,125,26-35,30,大专,3842.8,3845.9,51.8,7.2,69,4.4,5.6,7.0,5.0,5.9,4.3,1326.71,8
4289,31,46-55,50,大专,3680.3,3083.3,31.5,7.9,48,2.9,4.9,6.0,4.2,6.4,4.0,946.03,7
4290,192,18-25,22,本科,5645.1,1601.9,17.6,8.4,41,7.3,3.4,4.2,4.4,5.5,3.5,183.85,2
4291,118,26-35,30,大专,6596.5,1273.2,26.9,8.1,8,6.3,2.6,6.2,6.9,3.9,4.5,465.37,6
4292,6,18-25,22,硕士,10242.4,2268.1,23.2,6.8,38,5.8,3.8,4.0,8.4,8.2,5.3,719.97,7
4293,31,46-55,50,硕士,11078.2,2330.5,33.1,6.3,46,4.2,6.1,5.5,6.3,4.1,3.7,946.03,7
4294,180,46-55,50,硕士,8581.9,1233.4,18.9,8.5,15,4.1,3.4,2.4,6.8,6.5,4.0,277.46,4
4295,116,18-25,22,本科,4948.7,1003.2,16.2,8.3,18,5.7,4.1,6.2,7.8,4.8,4.8,143.35,1
4296,77,46-55,50,大专,5596.8,200.0,15.3,9.6,24,5.3,3.0,4.5,7.7,1.5,3.5,110.06,1
4297,143,26-35,30,高中及以下,4141.5,333.0,6.8,7.4,33,6.7,2.6,4.8,7.6,5.3,4.7,178.51,2
4298,82,26-35,30,高中及以下,3415.7,2383.6,19.1,8.3,45,4.3,5.0,6.5,8.8,6.9,5.6,650.6,7
4299,31,36-45,40,大专,6575.1,2259.9,28.3,7.9,47,3.4,5.5,5.4,7.2,6.9,4.8,946.03,7
4300,156,26-35,30,本科,8557.6,2610.3,37.3,7.6,73,4.5,5.7,5.4,4.5,5.3,3.5,958.89,8
4301,81,36-45,40,高中及以下,3248.5,547.0,15.9,8.9,9,7.1,3.8,4.2,7.2,6.1,4.5,212.11,3
4302,193,36-45,40,大专,4607.5,1298.7,10.9,9.6,35,6.9,2.9,2.5,7.8,4.4,3.8,42.7,0
4303,64,46-55,50,博士,14936.5,999.3,16.2,7.7,47,4.3,4.2,4.5,6.8,5.9,4.3,334.46,4
4304,15,18-25,22,大专,4857.3,1096.4,19.2,8.9,5,6.9,2.5,5.0,8.2,5.3,4.9,84.58,0
4305,122,36-45,40,本科,5571.6,2644.3,29.8,7.3,30,4.0,3.2,7.1,7.4,3.7,4.7,603.53,6
4306,20,18-25,22,硕士,15329.4,1939.5,30.3,6.0,74,4.5,4.7,3.2,8.3,4.6,3.9,642.68,6
4307,162,26-35,30,高中及以下,2641.8,1157.0,24.6,8.7,32,4.9,5.7,4.3,9.7,5.5,4.8,472.76,6
4308,82,46-55,50,本科,7658.3,2104.3,29.3,7.0,53,4.6,3.2,5.2,8.3,7.5,5.5,650.6,7
4309,191,46-55,50,硕士,9017.5,1839.3,19.1,8.8,38,6.4,3.9,4.7,7.2,4.6,4.2,349.46,5
4310,179,26-35,30,本科,11218.1,5331.9,53.4,7.6,62,3.3,6.7,6.4,5.8,5.8,4.2,1808.04,9
4311,113,26-35,30,硕士,15107.5,5347.8,49.9,5.5,67,2.0,7.2,9.4,5.4,5.6,4.8,1742.79,9
4312,77,36-45,40,高中及以下,3435.7,1198.1,17.7,8.2,27,5.6,3.0,5.4,6.6,6.9,5.0,110.06,1
4313,195,26-35,30,高中及以下,3554.2,200.0,14.8,7.9,40,4.9,2.3,4.5,5.7,6.5,4.4,218.18,3
4314,78,26-35,30,博士,19751.8,852.9,5.4,8.9,34,6.3,4.2,4.9,8.1,5.3,4.6,162.68,1
4315,27,26-35,30,本科,10567.1,2377.2,13.1,8.9,22,6.4,2.6,3.7,7.8,4.6,4.2,216.09,3
4316,153,36-45,40,本科,7541.0,1438.9,10.7,10.0,5,5.1,1.9,3.1,9.8,8.5,5.8,187.21,2
4317,167,18-25,22,大专,5191.2,1923.7,34.0,6.4,52,4.9,4.8,7.6,6.4,4.6,4.6,989.1,8
4318,72,36-45,40,本科,7621.1,436.6,15.6,8.1,5,5.0,4.0,6.8,7.6,4.8,4.9,143.19,1
4319,65,36-45,40,高中及以下,5007.1,1849.9,21.5,8.1,35,5.0,4.8,3.5,5.4,8.0,4.1,576.08,6
4320,95,46-55,50,本科,7641.9,922.9,14.3,8.6,9,5.8,3.4,5.4,10.0,6.9,5.9,34.35,0
4321,47,26-35,30,本科,6146.4,1309.5,20.4,7.9,62,7.1,2.9,6.2,6.2,7.1,5.2,427.14,6
4322,179,18-25,22,硕士,14471.0,5343.9,62.8,7.7,98,3.6,9.1,8.9,3.8,6.6,4.2,1808.04,9
4323,173,46-55,50,大专,3444.4,1528.3,14.8,8.8,18,5.3,2.3,5.7,6.9,4.6,4.6,208.75,3
4324,145,26-35,30,高中及以下,3591.1,1517.1,23.6,7.3,44,5.8,5.1,6.3,8.4,5.6,5.1,324.35,4
4325,167,26-35,30,大专,5268.5,3608.0,32.6,8.5,46,3.4,6.1,6.0,4.3,4.7,3.4,989.1,8
4326,59,46-55,50,大专,2990.6,1318.3,12.7,10.0,45,4.2,3.9,5.2,4.5,4.6,3.5,393.68,5
4327,106,36-45,40,高中及以下,3457.3,3338.2,37.0,6.5,58,4.2,4.4,6.7,6.9,6.8,5.2,978.66,8
4328,81,36-45,40,高中及以下,3041.6,1224.5,16.1,6.7,13,5.7,1.6,6.8,7.3,6.7,5.7,212.11,3
4329,167,36-45,40,本科,8453.5,2903.6,28.9,8.5,28,4.3,3.0,5.5,5.7,6.5,4.6,989.1,8
4330,32,36-45,40,硕士,8532.4,762.6,18.7,9.7,28,6.2,2.7,3.8,8.3,3.6,4.1,146.42,1
4331,46,18-25,22,高中及以下,4795.0,400.1,17.9,8.0,13,6.7,1.0,4.5,5.3,4.9,4.1,93.63,0
4332,125,36-45,40,本科,9755.5,3925.1,53.0,5.0,61,5.9,4.1,4.1,5.2,4.4,3.3,1326.71,8
4333,83,26-35,30,本科,11875.1,1463.1,6.9,7.7,10,5.1,4.2,7.8,8.1,4.2,5.1,88.39,0
4334,32,26-35,30,硕士,9488.3,1106.2,17.0,9.4,21,7.2,2.5,4.4,8.0,6.1,4.9,146.42,1
4335,24,18-25,22,硕士,11912.2,1563.6,20.1,8.5,17,4.6,1.0,5.8,8.2,3.7,4.9,86.11,0
4336,106,46-55,50,高中及以下,3779.1,3348.5,29.2,7.4,75,4.9,5.1,6.4,4.6,2.8,3.2,978.66,8
4337,154,26-35,30,高中及以下,3675.2,903.7,18.7,9.5,34,3.9,3.0,2.6,5.0,2.0,2.3,198.95,2
4338,7,55+,60,博士,18561.0,849.1,13.1,10.0,15,5.2,3.0,5.1,10.0,6.1,5.6,319.72,4
4339,154,26-35,30,大专,4966.9,781.6,22.6,7.9,56,5.4,2.2,5.8,8.7,6.1,5.6,198.95,2
4340,125,46-55,50,高中及以下,4521.8,3510.0,41.3,5.2,41,4.2,6.1,6.3,2.5,6.5,3.5,1326.71,8
4341,73,26-35,30,本科,10612.0,2189.0,28.5,7.5,51,4.5,3.9,5.1,5.6,5.2,4.0,709.56,7
4342,4,46-55,50,高中及以下,3072.2,331.2,24.6,7.8,37,4.3,3.6,5.8,9.5,4.8,5.2,117.43,1
4343,191,46-55,50,博士,13655.5,2167.3,15.8,7.9,46,4.7,2.0,4.5,7.7,5.3,4.7,349.46,5
4344,82,18-25,22,大专,4495.5,2117.5,30.0,10.0,16,3.8,4.3,4.8,7.5,8.2,5.2,650.6,7
4345,180,36-45,40,大专,4604.2,773.4,13.8,9.3,28,5.9,2.5,4.1,5.9,6.0,4.2,277.46,4
4346,113,26-35,30,高中及以下,6499.5,5573.9,55.6,6.7,80,3.1,6.5,5.6,6.6,7.1,4.6,1742.79,9
4347,119,46-55,50,本科,9633.1,875.4,14.6,7.1,39,5.7,3.7,2.7,7.1,7.5,4.4,314.8,4
4348,73,55+,60,高中及以下,3591.7,1771.1,22.2,7.3,7,4.4,4.3,5.3,5.6,5.7,4.1,709.56,7
4349,89,26-35,30,博士,14917.5,1300.8,7.3,8.6,38,4.2,2.7,1.0,8.7,6.4,4.2,247.96,3
4350,135,36-45,40,高中及以下,3496.3,1591.8,23.8,7.5,40,4.0,5.4,3.6,9.2,4.9,4.3,699.2,7
4351,106,36-45,40,高中及以下,3627.7,2335.3,39.2,8.3,56,5.3,4.2,7.5,6.9,6.9,5.5,978.66,8
4352,86,46-55,50,硕士,7177.3,822.0,19.3,7.4,33,5.7,4.1,4.7,4.1,2.8,2.7,370.7,5
4353,3,26-35,30,硕士,13763.3,2166.9,18.9,7.2,49,4.1,4.9,7.1,8.7,6.3,5.6,680.64,7
4354,82,55+,60,大专,6114.9,2313.9,22.3,8.4,36,6.5,4.1,4.4,5.9,8.1,4.7,650.6,7
4355,46,46-55,50,大专,4806.2,783.1,5.0,7.7,22,4.8,2.0,7.4,7.4,4.4,5.2,93.63,0
4356,179,46-55,50,本科,8190.9,4682.5,56.6,6.0,69,3.3,5.5,8.5,4.8,8.3,5.4,1808.04,9
4357,60,18-25,22,大专,6563.1,736.0,16.0,9.3,27,5.2,2.8,7.3,4.6,4.1,4.2,91.91,0
4358,9,36-45,40,硕士,11156.4,1209.3,16.2,8.0,23,7.4,1.5,6.3,4.8,4.3,4.2,255.33,4
4359,39,46-55,50,高中及以下,3164.6,803.6,9.7,8.6,22,7.9,2.4,5.9,7.6,8.9,6.1,180.7,2
4360,31,18-25,22,硕士,8360.1,3390.1,31.6,7.5,34,2.4,6.0,5.3,4.8,5.8,3.7,946.03,7
4361,41,46-55,50,大专,5346.1,903.8,13.2,8.4,5,6.2,4.5,4.4,10.0,5.0,4.9,176.16,2
4362,57,26-35,30,本科,9153.5,687.4,10.5,9.1,7,5.4,1.8,6.3,5.0,5.2,4.5,108.94,1
4363,185,46-55,50,本科,9632.4,1176.3,18.0,8.8,41,6.2,3.1,6.2,5.8,4.1,4.2,303.08,4
4364,157,36-45,40,高中及以下,5402.6,1100.2,10.6,7.6,50,5.6,2.7,2.6,7.9,4.5,3.9,238.37,3
4365,54,18-25,22,高中及以下,3027.8,1853.3,30.2,7.7,55,6.4,3.2,6.0,7.3,3.3,4.3,416.13,5
4366,140,26-35,30,硕士,9457.1,1018.5,16.1,10.0,40,5.6,1.4,5.3,7.7,5.3,5.0,186.32,2
4367,133,18-25,22,大专,6813.9,975.7,14.7,8.9,6,5.8,1.4,3.3,6.8,8.3,5.1,238.31,3
4368,73,18-25,22,高中及以下,3646.3,1023.7,30.3,7.3,47,4.4,5.1,6.4,7.2,3.6,4.2,709.56,7
4369,82,55+,60,博士,20886.9,1954.8,24.9,7.4,56,6.3,2.1,7.9,9.1,4.9,6.0,650.6,7
4370,179,26-35,30,高中及以下,4148.9,4748.7,57.8,6.6,64,1.6,5.8,6.2,4.0,4.9,3.5,1808.04,9
4371,106,26-35,30,博士,21953.9,2612.1,44.5,6.6,54,3.8,3.1,6.0,4.7,2.7,3.4,978.66,8
4372,183,46-55,50,大专,5637.5,1115.3,8.4,7.0,6,5.6,3.7,5.4,9.3,7.9,5.9,240.44,3
4373,42,26-35,30,高中及以下,3446.0,788.1,21.4,8.9,12,4.5,3.2,5.2,8.6,7.0,5.5,132.2,1
4374,6,26-35,30,高中及以下,5120.4,1338.9,27.1,7.9,50,6.8,4.7,5.7,6.0,5.1,4.1,719.97,7
4375,109,46-55,50,本科,8171.4,1782.5,23.8,6.6,24,4.7,2.2,4.5,8.1,3.5,4.3,137.77,1
4376,122,36-45,40,本科,7958.2,2207.3,23.7,9.7,27,5.5,5.3,6.8,6.6,3.1,4.0,603.53,6
4377,113,26-35,30,本科,8672.8,4140.7,49.6,7.0,88,2.9,5.5,5.6,4.5,8.8,4.6,1742.79,9
4378,135,26-35,30,大专,6629.5,2123.2,17.5,9.1,44,5.0,5.2,7.8,7.2,5.3,5.1,699.2,7
4379,76,18-25,22,高中及以下,4073.5,1884.2,5.2,9.0,9,7.1,3.5,4.1,8.2,6.1,4.8,161.91,1
4380,31,36-45,40,本科,8973.4,3695.1,36.1,7.1,56,3.1,4.6,5.8,6.1,8.9,5.3,946.03,7
4381,65,26-35,30,本科,7019.3,1973.8,13.1,8.0,38,5.1,2.0,7.1,7.2,9.1,6.4,576.08,6
4382,12,26-35,30,高中及以下,3193.4,800.9,15.7,8.8,24,5.4,1.5,4.2,8.3,6.7,5.3,189.04,2
4383,11,36-45,40,高中及以下,2421.3,200.0,5.0,9.3,23,5.3,4.0,8.7,7.6,6.0,5.8,93.16,0
4384,82,26-35,30,硕士,9404.4,2086.0,31.5,6.1,28,4.6,3.7,6.3,10.0,7.2,6.2,650.6,7
4385,179,36-45,40,硕士,16250.5,5620.6,58.9,5.4,93,3.1,8.3,9.5,2.7,6.0,4.0,1808.04,9
4386,111,55+,60,大专,6884.0,347.2,13.9,10.0,26,7.0,1.1,4.9,6.1,7.5,5.1,144.53,1
4387,39,46-55,50,本科,5673.1,1547.0,5.0,8.4,5,4.5,4.9,5.4,6.0,4.1,3.7,180.7,2
4388,80,26-35,30,大专,6110.7,1128.9,11.1,8.8,35,4.9,2.3,6.2,6.5,6.6,5.2,119.14,1
4389,192,36-45,40,本科,11230.1,1508.6,12.8,7.5,15,5.8,3.1,5.5,3.7,5.8,3.8,183.85,2
4390,4,26-35,30,大专,5347.7,889.1,16.8,9.0,21,4.8,2.8,6.5,6.5,6.1,5.1,117.43,1
4391,125,36-45,40,本科,9226.7,2987.3,39.1,7.3,86,3.6,5.1,5.9,6.0,4.7,4.0,1326.71,8
4392,125,55+,60,硕士,12667.7,3847.9,35.3,8.4,73,3.8,6.2,9.0,5.3,3.7,4.3,1326.71,8
4393,177,36-45,40,大专,5082.5,1646.7,29.1,8.8,60,4.2,2.3,5.1,6.2,2.6,3.6,634.94,6
4394,91,18-25,22,大专,6111.8,1551.7,15.4,8.6,18,3.9,2.7,7.4,7.6,5.8,5.6,390.98,5
4395,91,46-55,50,硕士,11262.6,2151.4,26.8,8.2,18,6.7,2.3,6.1,5.3,4.6,4.2,390.98,5
4396,191,46-55,50,博士,18203.2,1185.9,27.0,7.0,45,4.9,3.7,3.6,8.1,8.1,5.1,349.46,5
4397,3,26-35,30,高中及以下,4346.6,2003.9,27.1,7.8,10,4.2,5.1,4.5,5.6,7.4,4.3,680.64,7
4398,125,36-45,40,硕士,17079.0,3195.0,37.9,6.9,60,3.2,5.0,7.7,4.0,6.9,4.6,1326.71,8
4399,144,55+,60,高中及以下,3163.6,925.1,11.5,7.6,52,5.9,3.5,3.2,6.6,8.6,4.8,192.46,2
4400,20,46-55,50,本科,8510.1,2697.2,29.5,5.7,71,3.6,3.4,5.0,6.3,4.5,4.0,642.68,6
4401,148,55+,60,大专,5147.2,1350.5,23.2,7.7,57,6.2,2.3,4.2,7.2,5.5,4.5,250.12,4
4402,135,36-45,40,本科,9684.4,1464.6,27.2,9.8,44,4.2,3.3,5.1,5.7,4.0,3.8,699.2,7
4403,3,55+,60,本科,6780.3,2359.3,22.5,8.5,36,3.8,4.5,5.1,8.1,5.4,4.7,680.64,7
4404,171,18-25,22,硕士,11557.6,1213.9,15.2,9.0,10,5.1,2.9,5.0,10.0,5.1,5.3,65.64,0
4405,130,26-35,30,大专,5328.1,982.8,9.7,7.7,5,6.7,2.0,6.0,8.7,6.6,5.8,31.48,0
4406,179,36-45,40,本科,10457.0,5113.3,49.4,6.9,72,1.2,4.0,5.1,3.7,2.8,2.7,1808.04,9
4407,125,26-35,30,本科,10182.0,3825.8,37.4,7.1,48,1.5,5.5,8.3,5.7,5.1,4.7,1326.71,8
4408,93,18-25,22,大专,4499.3,759.1,21.3,7.5,29,4.7,2.2,6.7,5.6,7.1,5.2,106.95,0
4409,125,18-25,22,高中及以下,4571.1,3220.4,40.8,7.0,66,3.8,7.0,8.4,5.6,7.8,5.2,1326.71,8
4410,175,26-35,30,大专,4262.6,1498.3,17.4,7.3,41,5.6,3.8,5.9,8.8,4.1,4.8,339.4,5
4411,91,46-55,50,本科,8198.0,1386.5,11.5,8.8,27,5.1,3.5,4.8,7.1,5.1,4.4,390.98,5
4412,92,55+,60,高中及以下,1923.7,200.0,7.7,7.9,19,6.4,3.4,6.2,8.1,3.8,4.7,73.55,0
4413,21,46-55,50,大专,5317.7,1286.5,9.7,9.6,22,6.3,3.7,3.0,5.6,5.8,3.6,118.42,1
4414,119,26-35,30,硕士,11885.1,1215.6,15.0,9.8,5,4.7,3.0,4.9,6.1,5.2,4.2,314.8,4
4415,99,46-55,50,本科,8413.2,1043.2,12.0,9.1,38,8.0,2.0,6.0,9.2,2.5,4.8,117.38,1
4416,82,26-35,30,大专,4650.9,2200.5,29.0,8.8,5,4.7,4.0,5.9,3.3,3.7,3.1,650.6,7
4417,6,36-45,40,高中及以下,4724.4,2534.2,33.3,6.9,40,4.3,3.6,4.2,8.3,2.4,3.7,719.97,7
4418,125,46-55,50,高中及以下,4919.5,4106.5,36.9,6.8,46,3.7,4.9,4.5,5.3,3.6,3.1,1326.71,8
4419,7,26-35,30,博士,16412.7,815.6,17.5,8.4,25,4.8,4.4,5.6,8.7,4.4,4.7,319.72,4
4420,20,26-35,30,高中及以下,2860.1,1911.1,29.9,7.5,59,4.1,5.7,4.8,6.6,4.6,3.8,642.68,6
4421,7,36-45,40,本科,7625.3,1979.3,16.5,8.8,12,5.4,3.4,5.0,9.3,4.3,4.8,319.72,4
4422,66,26-35,30,硕士,10600.0,846.1,18.3,8.0,33,3.2,3.3,4.2,7.9,4.0,4.1,138.1,1
4423,113,46-55,50,博士,21067.2,4538.6,54.1,4.8,89,1.7,6.6,7.7,8.1,4.7,4.9,1742.79,9
4424,124,18-25,22,博士,17847.3,585.0,16.5,7.3,28,5.2,4.6,3.0,7.4,4.4,3.6,266.9,4
4425,75,55+,60,高中及以下,3970.3,958.2,18.5,7.8,65,5.5,4.5,6.1,5.7,1.2,3.1,337.61,5
4426,143,55+,60,高中及以下,2958.6,1122.3,10.3,8.8,25,7.9,3.2,4.8,5.9,6.4,4.4,178.51,2
4427,161,26-35,30,硕士,9403.7,1922.9,25.6,7.1,40,5.8,3.3,8.2,5.9,5.6,5.2,326.06,4
4428,125,46-55,50,大专,6977.2,4779.5,44.4,5.2,81,2.9,5.5,5.7,5.7,4.0,3.6,1326.71,8
4429,73,18-25,22,大专,5277.0,1385.6,35.3,7.2,42,3.4,4.0,4.7,6.6,7.4,4.8,709.56,7
4430,6,55+,60,高中及以下,2581.7,1833.9,30.9,9.7,45,7.3,4.8,6.0,7.8,6.6,5.1,719.97,7
4431,180,46-55,50,大专,5121.1,1760.8,20.1,9.9,25,5.6,1.5,2.4,8.6,4.7,4.3,277.46,4
4432,192,36-45,40,大专,6181.2,200.0,24.0,8.0,28,7.1,1.0,5.4,7.9,4.0,4.8,183.85,2
4433,20,26-35,30,高中及以下,3249.8,2741.4,31.5,8.0,44,3.5,3.5,5.4,7.6,6.1,5.0,642.68,6
4434,91,18-25,22,高中及以下,4016.1,1289.1,17.1,5.9,23,4.8,3.8,6.6,8.2,4.4,4.9,390.98,5
4435,53,46-55,50,硕士,10220.4,1269.2,19.0,9.4,5,4.7,3.6,4.5,8.4,5.5,4.7,273.6,4
4436,115,46-55,50,高中及以下,2771.1,910.2,14.2,9.7,52,6.3,3.8,2.8,6.0,6.4,3.8,200.65,2
4437,108,36-45,40,硕士,8714.0,1110.5,16.2,6.9,42,4.4,4.9,2.9,10.0,3.3,3.9,192.01,2
4438,52,26-35,30,大专,3798.3,660.9,11.1,9.8,5,4.8,3.9,6.2,8.8,7.5,5.9,75.42,0
4439,179,18-25,22,本科,9499.0,5278.0,47.6,5.8,60,1.2,7.6,7.0,6.4,5.1,4.2,1808.04,9
4440,179,18-25,22,硕士,16270.9,4377.5,49.7,6.0,73,1.6,5.4,8.3,5.9,7.4,5.4,1808.04,9
4441,143,18-25,22,本科,6307.5,970.1,19.9,8.5,27,5.9,2.5,6.0,7.4,8.2,5.8,178.51,2
4442,149,18-25,22,高中及以下,3268.6,365.5,10.1,7.6,20,6.0,3.3,5.0,7.4,5.3,4.6,199.73,2
4443,75,26-35,30,大专,5532.5,200.0,18.8,7.1,11,6.0,3.6,5.4,8.2,5.8,5.0,337.61,5
4444,85,46-55,50,高中及以下,2747.1,417.6,10.6,10.0,26,6.6,1.0,7.4,6.0,7.1,5.7,89.86,0
4445,108,26-35,30,本科,8487.6,736.4,9.2,8.6,14,3.5,1.9,7.2,7.5,4.7,5.3,192.01,2
4446,131,55+,60,高中及以下,3649.0,200.0,7.3,9.0,20,5.3,2.9,5.9,9.5,3.4,5.0,158.95,1
4447,97,26-35,30,本科,4886.3,418.9,13.8,7.6,5,5.2,2.4,5.3,9.0,4.7,5.1,192.68,2
4448,65,46-55,50,硕士,13285.6,1301.3,29.8,9.2,76,5.6,4.8,3.5,8.2,3.4,3.6,576.08,6
4449,175,26-35,30,本科,9615.5,514.2,21.5,9.0,5,4.4,3.2,3.1,6.2,7.5,4.3,339.4,5
4450,65,26-35,30,高中及以下,4090.1,1658.2,24.7,9.1,48,4.1,5.7,5.0,5.8,4.8,3.6,576.08,6
4451,125,26-35,30,本科,15470.5,4212.4,38.6,7.3,64,3.8,7.2,2.9,6.0,5.4,3.1,1326.71,8
4452,146,36-45,40,硕士,9537.9,1307.6,12.6,9.5,15,5.7,2.3,6.0,6.1,3.7,4.2,43.08,0
4453,125,46-55,50,大专,6046.6,4056.4,44.0,7.6,74,5.4,5.2,7.4,8.8,6.9,5.9,1326.71,8
4454,156,18-25,22,高中及以下,4630.2,2298.6,35.3,8.7,68,4.1,4.3,4.9,8.5,4.7,4.6,958.89,8
4455,48,26-35,30,大专,3511.0,523.8,13.6,9.4,27,5.7,5.8,5.4,6.5,6.6,4.5,209.27,3
4456,86,36-45,40,大专,4147.1,1258.8,26.2,7.2,31,5.3,4.1,6.1,7.8,4.9,4.8,370.7,5
4457,118,18-25,22,本科,6216.9,1728.4,20.6,8.2,56,5.3,5.0,10.0,8.5,5.3,6.1,465.37,6
4458,176,36-45,40,本科,7575.7,1039.8,18.3,8.8,30,4.5,2.2,4.2,4.4,5.8,3.8,150.36,1
4459,190,26-35,30,大专,4215.5,967.0,16.0,8.2,10,5.5,2.0,6.6,8.8,5.9,5.8,94.96,0
4460,174,18-25,22,本科,7008.3,1012.7,12.8,7.6,6,5.6,3.3,5.0,6.6,4.5,4.1,195.72,2
4461,30,55+,60,本科,8197.4,1095.5,18.3,9.6,35,5.2,4.1,5.3,7.6,8.0,5.4,81.31,0
4462,3,46-55,50,硕士,10152.6,2355.3,29.2,10.0,55,5.1,5.1,3.2,6.8,4.1,3.3,680.64,7
4463,65,18-25,22,博士,19633.0,1920.8,24.8,8.9,45,4.5,5.1,4.1,8.0,5.6,4.3,576.08,6
4464,89,36-45,40,高中及以下,4102.1,1829.7,18.5,8.5,5,5.8,2.3,5.1,6.6,4.9,4.4,247.96,3
4465,30,46-55,50,本科,7592.8,407.2,15.2,9.4,28,6.4,1.7,5.8,7.0,5.0,4.8,81.31,0
4466,140,55+,60,高中及以下,4090.2,839.7,11.6,9.2,30,6.9,4.8,5.8,9.9,3.6,4.8,186.32,2
4467,179,36-45,40,硕士,15189.0,4810.4,52.5,6.1,94,1.8,6.3,5.5,5.9,7.0,4.4,1808.04,9
4468,87,55+,60,本科,11197.9,983.5,10.4,9.6,35,5.8,3.9,4.1,9.9,2.5,4.2,206.18,3
4469,195,36-45,40,大专,4913.4,200.0,22.6,6.0,18,4.5,3.1,1.9,4.9,5.1,3.0,218.18,3
4470,67,18-25,22,硕士,8694.8,1730.6,25.2,9.2,33,7.0,5.6,6.0,7.9,7.3,5.3,404.86,5
4471,89,46-55,50,硕士,10927.7,989.6,21.1,9.2,43,7.3,2.9,4.2,7.2,7.1,4.9,247.96,3
4472,7,46-55,50,大专,4200.8,1815.7,20.8,8.5,37,4.4,4.0,5.4,9.8,7.0,5.8,319.72,4
4473,146,26-35,30,大专,4037.9,729.0,10.8,7.9,7,6.6,2.8,5.2,8.9,5.9,5.3,43.08,0
4474,2,55+,60,本科,10402.7,1019.7,7.8,8.1,40,5.7,1.2,4.7,6.1,4.9,4.3,283.64,4
4475,96,26-35,30,硕士,11176.8,200.0,11.3,7.4,35,4.4,2.5,6.9,5.2,3.8,4.2,199.56,2
4476,54,46-55,50,大专,4459.4,1023.3,24.3,7.0,32,6.7,3.3,3.1,6.6,6.6,4.2,416.13,5
4477,127,46-55,50,高中及以下,3551.2,262.5,12.5,10.0,21,5.1,1.5,4.8,8.9,6.2,5.5,84.24,0
4478,52,26-35,30,高中及以下,3014.4,796.5,21.1,9.9,20,6.4,3.5,4.8,8.3,3.8,4.3,75.42,0
4479,118,26-35,30,高中及以下,4216.0,1425.8,23.0,8.5,41,6.4,3.0,2.4,6.8,3.8,3.3,465.37,6
4480,17,55+,60,硕士,8412.4,561.5,9.5,7.9,16,6.6,4.4,5.7,8.6,6.7,5.4,203.21,3
4481,15,36-45,40,本科,6657.4,200.0,10.0,8.3,21,4.8,4.4,4.3,9.5,5.4,4.9,84.58,0
4482,177,26-35,30,本科,6493.3,2032.7,29.3,7.7,17,6.0,3.3,8.3,7.7,7.2,6.2,634.94,6
4483,161,26-35,30,大专,4136.4,566.4,19.8,6.9,36,4.9,2.2,4.1,7.8,6.4,4.9,326.06,4
4484,190,18-25,22,硕士,9905.6,428.2,7.0,8.4,16,6.4,2.2,5.6,6.4,3.3,4.1,94.96,0
4485,54,18-25,22,高中及以下,4103.5,1603.4,16.5,8.2,47,4.6,3.0,4.5,6.8,4.1,4.0,416.13,5
4486,67,36-45,40,硕士,9906.4,1013.8,28.9,7.7,29,7.1,2.3,6.3,6.3,8.8,5.8,404.86,5
4487,198,36-45,40,硕士,9590.9,1743.2,7.4,8.5,5,6.2,1.7,2.1,7.6,8.6,5.0,157.31,1
4488,140,55+,60,硕士,9458.4,1389.8,13.6,9.2,52,5.7,2.6,6.2,7.5,4.1,4.7,186.32,2
4489,69,18-25,22,本科,5954.0,497.0,14.0,8.5,10,6.3,1.0,5.4,6.0,3.8,4.2,77.86,0
4490,60,26-35,30,大专,5181.5,978.5,14.6,6.7,22,5.4,2.6,4.0,5.3,7.6,4.5,91.91,0
4491,167,36-45,40,本科,10568.3,2670.9,34.3,6.2,57,5.1,4.4,5.2,6.4,5.8,4.3,989.1,8
4492,87,36-45,40,高中及以下,3768.5,1412.6,24.1,7.2,44,5.6,3.2,5.4,3.3,8.2,4.4,206.18,3
4493,6,36-45,40,本科,9403.1,1444.9,24.7,7.1,46,5.9,2.7,5.3,5.1,6.0,4.3,719.97,7
4494,80,26-35,30,本科,11025.5,1131.3,7.9,8.3,17,6.3,1.7,7.9,7.6,2.7,5.0,119.14,1
4495,41,26-35,30,大专,4510.4,964.0,20.2,8.6,30,6.8,3.7,8.9,8.6,4.4,5.7,176.16,2
4496,20,46-55,50,大专,4555.2,1591.1,29.1,7.3,32,5.6,3.9,5.3,8.6,1.1,3.7,642.68,6
4497,177,18-25,22,高中及以下,3594.2,2406.2,26.2,8.4,26,4.9,4.7,6.4,4.1,6.7,4.2,634.94,6
4498,143,36-45,40,大专,5497.9,200.0,25.0,9.0,5,5.4,1.8,3.0,5.3,4.3,3.3,178.51,2
4499,138,36-45,40,大专,3892.1,2270.6,21.9,8.3,26,6.4,2.6,6.6,4.4,5.9,4.5,334.79,4
4500,125,36-45,40,本科,10148.5,3266.6,31.0,6.6,35,4.2,4.8,4.4,7.5,5.9,4.4,1326.71,8
4501,149,26-35,30,高中及以下,3164.7,1232.7,12.4,8.8,50,6.6,3.2,6.3,5.9,6.2,4.8,199.73,2
4502,184,18-25,22,高中及以下,2595.2,844.3,20.0,7.7,16,6.5,1.1,5.2,7.6,7.2,5.6,118.69,1
4503,10,36-45,40,本科,5964.1,581.0,5.0,9.3,55,5.3,2.7,5.3,8.9,4.3,4.9,93.37,0
4504,5,36-45,40,本科,8993.0,548.2,13.3,8.2,17,6.0,4.3,1.5,6.8,6.0,3.5,117.43,1
4505,118,36-45,40,硕士,9942.9,765.0,14.5,8.9,18,3.4,2.1,1.8,8.5,5.7,4.3,465.37,6
4506,89,36-45,40,高中及以下,3760.9,1098.8,10.0,8.4,42,8.1,3.3,4.8,5.0,4.2,3.5,247.96,3
4507,17,26-35,30,大专,3219.0,1090.6,15.5,7.6,10,6.8,1.7,6.6,5.5,5.4,4.8,203.21,3
4508,186,26-35,30,本科,6255.5,728.4,22.3,10.0,37,5.5,1.9,6.7,9.5,3.6,5.4,238.23,3
4509,157,18-25,22,硕士,12071.8,810.1,6.8,8.8,19,5.0,1.1,5.2,9.0,5.2,5.4,238.37,3
4510,108,46-55,50,大专,3591.2,407.3,18.7,8.3,51,5.6,1.3,6.8,8.8,6.9,6.2,192.01,2
4511,185,55+,60,高中及以下,3286.7,1029.6,23.1,7.8,42,3.0,2.8,4.8,7.5,3.2,4.0,303.08,4
4512,157,26-35,30,高中及以下,2764.1,2514.9,7.7,10.0,22,6.4,1.8,5.7,7.6,5.6,5.1,238.37,3
4513,15,26-35,30,本科,6331.4,727.6,15.1,8.7,5,6.6,2.6,4.1,7.1,4.5,4.1,84.58,0
4514,135,36-45,40,博士,18909.8,2204.2,28.0,6.6,53,5.1,3.0,4.5,7.7,5.0,4.5,699.2,7
4515,106,46-55,50,本科,11826.6,3746.4,22.7,7.2,54,3.5,4.9,6.0,8.1,4.2,4.5,978.66,8
4516,123,36-45,40,硕士,9832.7,200.0,8.7,9.8,53,5.4,2.3,5.2,7.4,5.0,4.7,36.53,0
4517,57,46-55,50,本科,9560.3,1384.6,9.8,10.0,33,5.9,2.2,7.0,7.8,4.5,5.2,108.94,1
4518,106,18-25,22,本科,10123.8,3173.5,37.4,7.7,73,4.7,4.7,5.8,8.6,5.1,4.9,978.66,8
4519,73,46-55,50,大专,5598.9,3135.9,15.3,8.3,49,2.6,4.9,6.0,4.4,3.7,3.3,709.56,7
4520,99,46-55,50,大专,4790.9,415.0,14.5,9.0,20,7.7,1.1,4.8,9.0,3.8,4.9,117.38,1
4521,22,26-35,30,大专,3966.7,1305.7,8.6,7.0,43,4.8,1.9,1.6,10.0,4.1,4.2,158.78,1
4522,31,26-35,30,硕士,11169.4,3036.0,43.1,7.1,43,4.2,4.6,6.8,4.3,7.5,4.7,946.03,7
4523,105,36-45,40,博士,19688.0,478.6,8.8,7.6,16,6.7,2.7,4.3,8.1,4.9,4.6,222.31,3
4524,57,36-45,40,大专,4976.1,765.7,16.2,10.0,21,6.0,2.7,5.0,10.0,7.5,6.0,108.94,1
4525,65,46-55,50,硕士,9895.3,1769.9,18.7,9.5,69,5.1,5.3,5.7,8.7,6.0,5.1,576.08,6
4526,133,18-25,22,本科,5673.8,406.0,15.3,10.0,33,4.5,3.4,7.2,5.6,4.6,4.5,238.31,3
4527,2,36-45,40,高中及以下,3027.5,1125.9,14.0,8.1,10,6.1,3.3,3.7,9.4,3.3,4.2,283.64,4
4528,106,46-55,50,本科,9768.4,2554.4,35.8,7.0,53,2.7,3.6,4.4,6.9,7.4,4.8,978.66,8
4529,120,26-35,30,高中及以下,3216.4,1530.3,14.7,8.3,50,4.9,4.6,7.8,9.8,5.0,5.8,327.35,4
4530,75,36-45,40,高中及以下,4657.7,1513.2,19.6,8.3,19,6.8,4.2,2.8,7.7,2.9,3.2,337.61,5
4531,113,26-35,30,硕士,15909.0,5367.4,52.1,5.9,33,3.1,6.1,8.6,5.9,3.9,4.4,1742.79,9
4532,167,46-55,50,硕士,10093.3,3298.2,27.4,7.6,57,3.0,4.5,6.2,4.7,4.6,3.8,989.1,8
4533,99,26-35,30,高中及以下,2686.2,878.1,5.0,9.7,20,5.2,1.5,6.7,4.9,7.8,5.3,117.38,1
4534,108,55+,60,大专,5802.0,851.9,19.5,8.7,15,5.0,1.3,5.0,7.9,8.3,5.9,192.01,2
4535,174,18-25,22,大专,8061.8,856.6,16.7,10.0,15,5.8,2.4,3.8,5.1,6.7,4.1,195.72,2
4536,105,26-35,30,高中及以下,3294.7,529.7,11.6,7.8,20,5.6,2.0,5.7,7.5,6.5,5.3,222.31,3
4537,183,18-25,22,本科,7290.1,1234.1,14.8,10.0,56,6.3,4.4,2.7,6.2,5.8,3.6,240.44,3
4538,179,55+,60,本科,9312.4,3754.1,56.2,7.4,68,2.3,5.7,7.0,2.5,6.5,3.8,1808.04,9
4539,6,18-25,22,博士,17520.5,2568.9,21.3,8.3,53,3.4,4.2,6.8,8.9,4.9,5.3,719.97,7
4540,42,26-35,30,硕士,7733.7,351.9,15.7,9.4,19,5.4,1.0,6.2,9.8,6.4,6.3,132.2,1
4541,111,26-35,30,大专,3429.5,1310.5,6.1,8.8,43,5.4,3.8,6.1,7.5,5.8,5.0,144.53,1
4542,31,26-35,30,博士,21742.6,3030.6,30.1,6.3,51,4.3,5.7,5.4,6.5,4.8,4.0,946.03,7
4543,177,55+,60,硕士,14894.1,1878.4,31.0,6.2,55,3.8,1.9,5.5,6.2,6.7,5.0,634.94,6
4544,100,46-55,50,大专,4513.5,200.0,5.0,8.7,5,5.2,2.5,5.8,9.3,8.5,6.4,36.04,0
4545,36,26-35,30,硕士,10973.9,200.0,16.0,8.3,10,6.0,1.0,5.6,9.1,5.9,5.7,182.89,2
4546,140,36-45,40,博士,17643.0,1125.3,9.7,7.0,36,5.8,5.2,4.4,9.8,4.2,4.5,186.32,2
4547,144,18-25,22,高中及以下,2520.8,362.6,16.9,8.2,17,5.3,2.7,7.8,8.6,6.6,6.2,192.46,2
4548,113,36-45,40,本科,8465.0,4940.7,55.1,5.5,80,3.2,5.4,7.3,8.1,5.3,5.1,1742.79,9
4549,31,46-55,50,本科,10160.3,3241.8,36.3,7.3,33,2.7,3.6,5.4,5.8,5.7,4.3,946.03,7
4550,165,55+,60,硕士,12344.9,1234.3,19.3,8.9,5,4.6,2.3,3.6,8.9,7.3,5.3,224.25,3
4551,179,26-35,30,硕士,16010.2,5114.3,56.5,5.6,81,4.6,6.7,9.2,4.8,7.1,5.1,1808.04,9
4552,179,26-35,30,本科,12753.0,5903.0,54.6,4.5,74,3.4,6.1,9.7,5.0,5.9,5.0,1808.04,9
4553,52,26-35,30,大专,5592.1,1717.2,5.0,7.4,29,6.5,3.1,4.0,6.1,7.8,4.7,75.42,0
4554,125,36-45,40,博士,20771.7,4178.6,38.9,6.7,67,3.1,7.1,10.0,4.2,8.8,5.6,1326.71,8
4555,144,26-35,30,高中及以下,3253.8,1446.9,16.3,8.9,32,6.0,1.5,6.1,9.3,5.2,5.7,192.46,2
4556,15,26-35,30,本科,5345.9,2049.5,14.9,8.5,10,6.8,2.8,6.7,9.4,3.6,5.2,84.58,0
4557,118,36-45,40,高中及以下,3007.5,1250.2,19.2,7.3,60,4.5,4.5,6.2,8.5,2.3,4.2,465.37,6
4558,6,36-45,40,博士,21424.5,2550.6,23.7,7.0,67,5.5,5.5,4.6,4.8,4.0,3.0,719.97,7
4559,164,18-25,22,高中及以下,4214.7,1075.8,16.2,8.8,48,5.1,4.2,2.2,7.2,4.3,3.3,388.92,5
4560,177,55+,60,硕士,11960.3,2705.0,27.1,8.2,50,4.7,5.2,4.9,7.6,6.7,4.7,634.94,6
4561,128,36-45,40,本科,6630.9,675.7,9.7,8.9,40,7.3,2.7,5.6,10.0,7.2,6.1,163.96,2
4562,179,46-55,50,本科,9555.8,4610.8,47.0,6.7,78,4.5,6.7,9.1,1.4,6.7,4.0,1808.04,9
4563,65,26-35,30,高中及以下,4244.6,1753.2,27.9,7.2,55,3.7,2.2,7.4,6.9,5.7,5.4,576.08,6
4564,145,36-45,40,硕士,13208.9,954.5,16.4,6.0,61,5.2,2.6,6.1,9.8,7.4,6.3,324.35,4
4565,40,26-35,30,大专,4652.0,1214.1,15.1,6.7,26,3.6,1.0,4.9,7.8,5.2,5.0,310.59,4
4566,9,26-35,30,高中及以下,4468.4,1147.8,12.7,9.1,46,7.3,3.9,8.0,6.7,5.7,5.3,255.33,4
4567,93,36-45,40,硕士,10021.2,200.0,10.6,9.5,11,7.0,4.3,7.2,8.1,4.1,4.9,106.95,0
4568,185,18-25,22,大专,5778.6,1515.7,14.3,7.9,25,5.5,2.8,7.5,10.0,6.4,6.4,303.08,4
4569,167,36-45,40,硕士,11900.1,2747.3,39.1,6.9,40,3.8,2.6,4.1,6.3,7.6,4.8,989.1,8
4570,144,26-35,30,本科,8899.3,850.5,15.9,7.8,6,3.8,5.7,4.7,10.0,6.1,5.1,192.46,2
4571,137,18-25,22,硕士,11323.6,809.4,14.8,9.7,11,5.9,2.8,4.3,6.3,8.7,5.1,107.55,1
4572,61,46-55,50,本科,9819.7,1134.7,5.5,9.6,27,5.8,2.0,5.0,7.3,5.9,4.9,123.27,1
4573,4,36-45,40,硕士,9659.0,1301.0,5.0,9.6,25,5.4,1.0,3.4,8.7,2.7,4.1,117.43,1
4574,105,36-45,40,大专,5685.2,1120.2,17.3,6.4,53,6.1,2.3,3.5,10.0,6.4,5.4,222.31,3
4575,71,55+,60,本科,7319.5,2184.7,32.0,7.1,64,5.3,2.2,5.7,5.8,7.2,5.0,690.93,7
4576,78,36-45,40,本科,5398.0,1611.2,21.2,8.8,49,5.4,3.5,4.9,9.6,6.9,5.6,162.68,1
4577,12,26-35,30,硕士,7960.0,499.6,18.5,8.3,18,5.2,2.5,4.4,7.4,7.3,5.1,189.04,2
4578,62,18-25,22,博士,10867.2,614.0,11.6,9.0,12,5.8,4.8,7.1,8.2,5.7,5.3,49.09,0
4579,122,36-45,40,博士,12512.6,1103.9,20.8,6.6,26,3.2,2.5,4.8,6.5,6.9,4.8,603.53,6
4580,179,18-25,22,博士,18810.0,5064.3,49.7,6.4,85,3.4,7.8,6.2,3.2,4.1,2.7,1808.04,9
4581,166,26-35,30,大专,5600.6,2025.1,14.4,7.4,46,5.1,5.2,7.1,8.0,5.9,5.3,337.67,5
4582,68,36-45,40,本科,8243.3,430.2,15.7,7.4,42,6.3,4.8,7.4,9.1,4.7,5.4,213.07,3
4583,159,46-55,50,本科,4959.5,1795.3,15.7,9.4,5,5.7,1.0,6.7,8.5,5.0,5.6,286.16,4
4584,141,46-55,50,硕士,11799.7,2369.0,16.7,7.3,13,7.1,1.2,4.7,8.8,6.7,5.6,548.48,6
4585,31,36-45,40,高中及以下,3791.2,2976.4,30.5,7.9,60,5.5,4.9,5.3,4.0,6.4,3.8,946.03,7
4586,122,36-45,40,高中及以下,2937.3,2238.3,20.0,7.0,22,5.2,4.2,9.0,7.0,5.1,5.4,603.53,6
4587,162,36-45,40,硕士,9837.4,1628.7,15.7,9.8,18,5.3,2.5,6.4,8.5,7.3,6.0,472.76,6
4588,31,26-35,30,大专,3864.4,2792.2,29.4,6.7,38,4.2,4.0,3.4,6.4,4.3,3.5,946.03,7
4589,9,36-45,40,本科,7562.4,1712.6,17.6,9.3,47,6.0,3.8,7.7,7.0,5.7,5.3,255.33,4
4590,9,26-35,30,本科,7083.9,1809.0,8.3,9.1,33,4.7,5.8,6.1,9.7,5.3,5.2,255.33,4
4591,113,46-55,50,高中及以下,4338.0,4507.1,47.3,7.2,75,1.9,7.0,5.0,5.3,4.2,3.1,1742.79,9
4592,5,26-35,30,大专,5717.7,200.0,12.4,8.6,47,6.6,2.9,5.1,9.3,6.6,5.6,117.43,1
4593,106,26-35,30,硕士,16298.7,3056.5,29.8,7.4,44,3.6,4.1,7.9,7.9,5.9,5.6,978.66,8
4594,113,26-35,30,博士,22609.1,3937.9,45.8,7.4,74,2.1,7.6,6.8,7.5,3.1,3.9,1742.79,9
4595,48,36-45,40,本科,6141.9,1732.3,12.3,9.2,20,6.6,3.5,5.6,9.5,4.3,5.0,209.27,3
4596,191,46-55,50,博士,16131.6,2084.6,16.1,8.5,17,5.7,3.3,5.6,7.2,3.0,4.0,349.46,5
4597,156,36-45,40,本科,6701.5,2338.8,32.5,6.9,101,3.1,3.2,8.6,6.2,4.6,5.1,958.89,8
4598,86,55+,60,大专,3916.5,2313.7,15.4,9.3,56,4.2,3.2,8.8,7.3,4.7,5.5,370.7,5
4599,175,18-25,22,高中及以下,3010.0,724.8,21.4,8.5,18,3.7,3.5,4.8,5.4,6.0,4.1,339.4,5
4600,100,55+,60,本科,6103.1,200.0,15.1,7.4,23,5.8,4.6,5.3,9.8,4.2,4.9,36.04,0
4601,149,55+,60,本科,8309.8,1678.9,22.4,8.8,30,7.1,2.4,4.7,9.4,4.6,5.0,199.73,2
4602,124,18-25,22,高中及以下,2705.8,774.2,19.2,6.9,18,4.8,3.8,3.9,8.2,6.6,4.8,266.9,4
4603,106,36-45,40,本科,9666.2,2055.8,32.7,6.7,48,3.3,7.3,2.8,6.9,5.1,3.2,978.66,8
4604,63,18-25,22,本科,6557.8,747.9,5.0,10.0,25,5.3,2.7,7.4,10.0,6.1,6.3,44.87,0
4605,3,26-35,30,硕士,11921.2,2028.8,28.6,8.8,83,6.9,4.1,4.5,6.2,6.1,4.2,680.64,7
4606,4,18-25,22,硕士,10133.3,786.6,9.1,8.3,47,5.8,3.2,2.9,8.6,6.7,4.7,117.43,1
4607,133,46-55,50,本科,9098.4,1626.8,11.3,6.6,43,5.1,5.4,6.6,8.7,4.7,4.9,238.31,3
4608,176,46-55,50,高中及以下,2118.6,1816.5,22.1,10.0,26,4.0,2.6,5.5,6.0,5.2,4.4,150.36,1
4609,167,26-35,30,大专,5540.3,3553.5,32.2,6.7,30,3.1,3.1,4.6,6.9,6.8,4.8,989.1,8
4610,116,36-45,40,大专,5986.8,542.6,12.8,7.2,13,6.5,3.6,5.7,7.5,3.9,4.4,143.35,1
4611,6,18-25,22,本科,8623.4,2914.1,27.7,8.3,51,4.8,4.3,5.7,7.7,4.5,4.5,719.97,7
4612,9,26-35,30,高中及以下,2918.8,200.0,16.6,9.9,20,4.1,4.2,7.2,7.4,4.6,4.9,255.33,4
4613,42,36-45,40,高中及以下,2501.3,276.1,5.6,9.4,35,6.7,4.6,4.9,7.7,5.7,4.6,132.2,1
4614,53,18-25,22,本科,8472.2,1066.2,11.7,7.7,50,4.8,3.3,5.6,6.3,5.4,4.5,273.6,4
4615,82,26-35,30,本科,8358.0,2286.1,18.1,8.2,46,5.9,3.7,5.0,5.7,4.6,3.8,650.6,7
4616,48,26-35,30,硕士,11666.6,1324.6,21.6,7.5,30,6.6,1.4,5.9,8.3,7.4,6.0,209.27,3
4617,69,36-45,40,本科,7272.8,534.5,15.9,9.6,22,6.6,3.3,5.5,9.4,3.3,4.7,77.86,0
4618,9,36-45,40,大专,5461.4,1216.3,10.9,8.0,29,6.8,4.8,5.4,7.2,4.3,4.1,255.33,4
4619,90,46-55,50,博士,14400.9,349.0,10.9,9.4,17,4.8,3.1,2.4,7.9,5.2,4.0,163.54,2
4620,113,55+,60,本科,10358.5,3659.0,52.8,6.3,63,2.5,7.6,7.4,3.8,5.3,3.6,1742.79,9
4621,150,55+,60,硕士,9579.4,876.8,12.9,8.4,38,5.8,4.0,2.2,8.3,4.3,3.7,190.66,2
4622,10,26-35,30,高中及以下,2506.9,200.0,14.7,8.8,51,6.2,2.8,5.0,9.7,7.2,5.9,93.37,0
4623,179,26-35,30,博士,21240.9,3817.2,54.7,6.5,63,3.0,5.0,9.0,2.6,3.4,3.6,1808.04,9
4624,99,46-55,50,高中及以下,2579.9,200.0,5.8,8.9,27,5.0,2.8,4.1,6.1,7.3,4.6,117.38,1
4625,91,36-45,40,高中及以下,2604.2,906.3,21.7,7.5,52,6.1,1.6,6.2,5.6,6.4,5.0,390.98,5
4626,186,26-35,30,本科,6416.3,1851.8,5.0,9.3,17,4.1,3.2,6.9,9.2,2.9,5.0,238.23,3
4627,113,26-35,30,大专,5449.7,4477.0,54.9,6.6,68,3.3,5.6,6.8,5.6,5.0,4.2,1742.79,9
4628,61,26-35,30,高中及以下,3823.7,997.8,8.9,9.1,34,5.3,2.0,5.3,9.9,6.3,5.9,123.27,1
4629,3,46-55,50,本科,8393.3,2364.7,17.9,7.9,46,4.7,1.9,4.3,5.1,7.5,4.6,680.64,7
4630,177,46-55,50,高中及以下,3715.0,2148.0,15.4,6.8,47,5.1,4.3,7.2,9.1,5.4,5.6,634.94,6
4631,156,26-35,30,本科,11464.8,3253.5,36.8,6.3,55,2.9,3.8,6.1,5.8,5.8,4.5,958.89,8
4632,133,36-45,40,大专,4289.9,1224.3,19.2,7.3,32,6.8,2.0,5.4,5.7,6.4,4.7,238.31,3
4633,100,36-45,40,高中及以下,2880.2,778.1,5.0,7.7,34,5.7,2.7,6.6,6.5,5.6,5.0,36.04,0
4634,162,26-35,30,高中及以下,2886.7,2169.6,14.6,9.1,34,6.4,2.9,4.4,7.8,5.2,4.6,472.76,6
4635,65,26-35,30,硕士,9239.8,1703.7,15.5,7.5,44,4.4,4.5,7.1,9.2,7.4,6.1,576.08,6
4636,53,46-55,50,本科,7091.4,1482.8,15.3,8.8,27,4.7,2.6,4.1,9.0,5.6,5.0,273.6,4
4637,179,26-35,30,本科,12621.0,4878.5,52.2,4.2,90,0.5,7.5,10.0,3.2,5.0,4.1,1808.04,9
4638,11,46-55,50,本科,7272.9,1051.4,8.9,7.9,30,5.8,1.7,7.5,8.2,6.1,6.0,93.16,0
4639,179,46-55,50,高中及以下,3521.4,4877.3,63.1,6.6,102,3.5,6.9,6.0,4.1,5.0,3.3,1808.04,9
4640,54,26-35,30,硕士,12177.8,1455.1,15.1,9.1,36,5.3,3.0,6.0,6.6,5.3,4.7,416.13,5
4641,183,46-55,50,本科,9610.9,886.0,14.7,8.7,13,7.7,2.1,4.3,9.5,5.9,5.3,240.44,3
4642,83,46-55,50,大专,4737.4,615.8,9.8,9.0,23,6.1,2.3,5.1,8.3,4.7,4.8,88.39,0
4643,83,46-55,50,本科,6070.6,322.6,6.4,9.2,31,2.5,3.2,5.1,8.9,4.4,4.8,88.39,0
4644,6,18-25,22,硕士,15443.8,2622.1,34.6,10.0,25,5.6,2.5,4.6,7.9,6.2,5.0,719.97,7
4645,167,18-25,22,高中及以下,3664.6,2756.1,32.4,6.8,42,5.5,5.5,5.3,6.3,4.1,3.7,989.1,8
4646,175,36-45,40,本科,8464.1,1018.4,18.6,9.5,23,6.3,3.8,3.5,7.7,5.1,4.1,339.4,5
4647,148,46-55,50,大专,4941.6,1811.4,5.0,8.8,52,6.2,4.5,4.2,7.8,5.1,4.2,250.12,4
4648,153,26-35,30,大专,3750.7,774.6,19.1,9.7,19,6.5,3.3,4.0,8.6,6.0,4.8,187.21,2
4649,71,18-25,22,高中及以下,3056.7,2357.8,23.2,7.9,39,4.4,3.1,6.4,8.0,5.8,5.3,690.93,7
4650,138,18-25,22,博士,18435.5,1904.0,16.1,10.0,50,5.7,3.3,5.5,8.8,6.1,5.4,334.79,4
4651,2,55+,60,硕士,11666.1,1446.2,19.2,8.9,31,6.0,3.4,5.0,7.1,6.8,4.9,283.64,4
4652,151,26-35,30,高中及以下,2609.3,728.2,13.0,7.4,8,5.1,3.7,4.6,7.7,6.0,4.7,209.86,3
4653,179,36-45,40,硕士,11252.6,4684.1,58.6,5.3,82,0.6,6.8,4.5,5.2,5.0,3.2,1808.04,9
4654,55,46-55,50,本科,6247.6,898.7,22.4,8.0,26,6.9,3.2,3.1,6.1,8.2,4.5,376.64,5
4655,12,26-35,30,硕士,8619.2,672.9,9.4,10.0,25,5.5,1.2,6.8,9.3,6.6,6.3,189.04,2
4656,145,46-55,50,大专,7527.9,279.7,7.8,9.4,45,5.5,1.7,5.2,7.8,7.6,5.6,324.35,4
4657,180,36-45,40,本科,5377.8,1024.4,21.0,8.9,25,5.0,1.6,5.2,8.3,5.1,5.1,277.46,4
4658,179,36-45,40,本科,9371.3,5460.2,50.1,8.0,75,2.4,7.2,7.6,5.5,3.9,3.8,1808.04,9
4659,179,46-55,50,大专,7137.5,4492.5,53.3,4.6,66,2.6,7.9,10.0,4.3,7.9,5.2,1808.04,9
4660,137,46-55,50,本科,5690.4,269.9,14.4,8.0,25,5.3,1.0,5.2,6.3,4.4,4.4,107.55,1
4661,86,36-45,40,本科,9133.6,2023.5,21.6,8.2,28,6.1,3.4,4.7,9.4,3.5,4.5,370.7,5
4662,97,26-35,30,本科,7549.0,1158.5,6.6,10.0,17,8.9,4.0,5.8,8.3,5.8,5.1,192.68,2
4663,179,36-45,40,硕士,13706.0,4577.7,52.9,4.8,113,2.6,7.0,7.1,6.7,4.9,4.3,1808.04,9
4664,137,36-45,40,大专,3382.1,200.0,14.8,8.9,19,5.5,3.0,7.0,8.0,8.5,6.3,107.55,1
4665,125,55+,60,硕士,17029.6,3773.3,47.8,8.2,63,3.7,4.7,7.2,6.7,2.9,4.1,1326.71,8
4666,135,46-55,50,硕士,9655.0,2539.0,27.5,8.1,16,4.5,4.0,5.5,6.0,5.7,4.3,699.2,7
4667,167,46-55,50,高中及以下,4703.3,3480.5,37.0,7.8,53,3.9,4.9,5.8,4.4,2.3,2.9,989.1,8
4668,7,26-35,30,大专,4404.0,1293.2,9.9,9.3,23,4.3,2.1,7.8,6.5,5.0,5.2,319.72,4
4669,39,55+,60,大专,6082.7,1364.2,10.7,7.9,5,6.3,3.1,2.4,7.8,7.4,4.6,180.7,2
4670,54,36-45,40,硕士,10082.2,1231.6,24.6,8.6,6,6.1,3.6,8.2,10.0,3.6,5.7,416.13,5
4671,51,18-25,22,大专,3757.2,200.0,19.8,8.2,14,4.5,3.4,5.2,9.9,5.9,5.5,100.98,0
4672,113,18-25,22,大专,5480.4,4675.7,60.3,6.6,66,1.5,6.9,10.0,4.2,8.6,5.5,1742.79,9
4673,69,18-25,22,高中及以下,2127.4,543.2,10.3,6.3,38,7.2,4.4,4.4,7.5,6.7,4.7,77.86,0
4674,82,26-35,30,大专,5807.9,2600.8,30.9,9.7,19,3.5,4.4,6.1,7.2,2.6,3.9,650.6,7
4675,112,26-35,30,本科,8260.6,1397.1,14.3,9.1,6,5.1,2.6,3.5,3.2,7.5,3.7,157.63,1
4676,113,26-35,30,博士,35806.8,5649.3,58.0,5.0,66,4.7,7.8,6.7,4.5,5.7,3.7,1742.79,9
4677,104,18-25,22,高中及以下,3044.2,1324.6,21.2,8.9,8,6.9,3.8,6.0,7.8,6.4,5.2,126.31,1
4678,118,36-45,40,本科,8284.0,2137.7,24.0,8.9,52,4.6,2.3,2.7,8.4,7.5,5.0,465.37,6
4679,66,36-45,40,大专,5843.6,1063.7,11.5,8.7,29,5.6,1.7,5.1,10.0,6.4,5.9,138.1,1
4680,125,26-35,30,硕士,12400.9,5122.2,38.3,7.1,53,3.7,3.2,6.3,5.2,6.3,4.6,1326.71,8
4681,82,55+,60,博士,24666.8,1540.2,28.7,7.3,41,5.3,5.1,5.3,5.7,5.9,4.1,650.6,7
4682,186,55+,60,硕士,11863.5,1427.3,14.2,6.5,16,5.2,2.3,4.3,7.1,5.0,4.4,238.23,3
4683,179,26-35,30,本科,9860.3,5000.5,50.6,5.7,103,1.9,6.7,9.1,4.2,6.0,4.6,1808.04,9
4684,159,36-45,40,高中及以下,3754.7,2079.2,21.1,8.2,15,6.7,3.3,3.1,8.4,7.3,4.9,286.16,4
4685,167,18-25,22,本科,6919.3,2651.6,33.3,5.6,65,2.6,4.6,2.3,7.0,7.3,4.1,989.1,8
4686,191,26-35,30,高中及以下,4090.4,1831.7,21.0,9.0,44,5.1,5.1,4.1,7.7,5.0,4.1,349.46,5
4687,44,36-45,40,高中及以下,2442.8,1124.8,16.9,10.0,28,5.3,1.8,3.5,4.5,4.9,3.4,33.83,0
4688,133,46-55,50,本科,8741.7,1287.3,22.2,8.4,12,4.1,2.0,5.4,6.1,6.2,4.8,238.31,3
4689,32,46-55,50,本科,10305.5,1777.6,16.2,8.9,50,6.6,2.5,6.0,6.1,4.9,4.5,146.42,1
4690,58,46-55,50,本科,7303.2,1071.5,11.9,8.3,9,5.1,4.0,2.9,6.5,5.0,3.5,206.7,3
4691,94,46-55,50,高中及以下,4825.7,534.4,14.2,8.3,5,4.8,1.9,5.2,5.1,7.2,4.7,100.27,0
4692,31,36-45,40,硕士,13163.7,2202.7,39.3,7.0,62,4.0,5.2,6.5,6.2,3.9,4.0,946.03,7
4693,73,26-35,30,高中及以下,2356.6,1886.9,28.8,7.6,56,5.7,5.2,3.7,7.0,5.2,3.8,709.56,7
4694,122,26-35,30,高中及以下,2643.4,1885.6,26.0,9.2,52,4.3,2.8,5.8,8.1,4.0,4.7,603.53,6
4695,28,46-55,50,本科,8810.2,200.0,8.0,8.0,76,6.2,3.9,3.6,7.2,4.9,3.9,81.4,0
4696,125,18-25,22,硕士,10896.3,4595.3,47.6,7.5,79,4.3,5.8,7.4,3.2,6.2,4.0,1326.71,8
4697,82,36-45,40,硕士,13613.5,2147.7,24.0,8.6,44,6.1,2.7,6.6,4.5,5.0,4.2,650.6,7
4698,82,26-35,30,高中及以下,3467.2,2484.0,24.4,6.9,82,2.7,4.3,3.7,7.7,8.2,5.0,650.6,7
4699,179,26-35,30,高中及以下,4618.1,5122.9,57.8,4.6,101,3.0,5.4,7.4,3.9,4.1,3.6,1808.04,9
4700,86,26-35,30,大专,4593.2,2142.1,11.6,8.6,20,4.6,4.6,4.6,5.6,6.0,4.0,370.7,5
4701,145,36-45,40,硕士,14522.2,1306.5,16.1,9.4,47,4.5,2.7,4.6,7.8,5.9,4.8,324.35,4
4702,179,18-25,22,硕士,15129.1,5440.9,50.5,6.6,71,2.4,7.0,9.6,5.4,4.4,4.5,1808.04,9
4703,154,46-55,50,博士,17922.9,1037.7,22.5,7.8,15,5.2,2.9,5.5,6.1,3.3,3.8,198.95,2
4704,135,18-25,22,硕士,12126.2,2194.4,27.5,8.3,59,4.9,3.6,4.9,9.0,1.0,3.7,699.2,7
4705,65,26-35,30,本科,11743.7,1893.6,26.3,7.0,38,4.3,4.4,9.0,5.4,3.8,4.6,576.08,6
4706,151,46-55,50,大专,3847.3,1148.5,19.1,7.8,26,5.4,3.5,3.6,6.4,3.7,3.4,209.86,3
4707,50,26-35,30,本科,8039.1,200.0,11.8,9.1,44,7.0,2.9,3.9,5.9,6.3,4.2,205.22,3
4708,12,46-55,50,高中及以下,3218.1,1126.5,19.1,9.1,19,5.8,2.7,5.9,7.9,4.9,5.0,189.04,2
4709,118,46-55,50,本科,9292.5,2050.8,20.0,8.4,55,4.0,3.9,3.1,6.5,6.1,3.9,465.37,6
4710,179,18-25,22,博士,27518.1,5386.2,47.2,5.6,74,2.8,6.1,7.5,5.1,5.5,4.3,1808.04,9
4711,67,46-55,50,大专,5378.5,1685.9,17.3,7.7,26,5.2,5.7,4.6,7.9,1.3,3.1,404.86,5
4712,71,26-35,30,高中及以下,4079.5,2053.3,23.1,7.6,41,4.8,4.8,7.2,6.1,8.4,5.5,690.93,7
4713,119,18-25,22,本科,6857.9,1323.1,17.9,9.4,33,4.2,2.3,4.6,10.0,6.1,5.6,314.8,4
4714,34,46-55,50,高中及以下,3318.2,200.0,12.7,9.6,20,7.1,4.5,6.0,7.5,5.9,4.9,337.83,5
4715,140,46-55,50,硕士,11111.0,1099.5,23.2,9.4,11,4.6,2.1,4.1,10.0,6.2,5.5,186.32,2
4716,106,55+,60,高中及以下,4439.1,2956.2,28.6,9.0,59,5.9,3.5,6.9,3.2,5.4,3.9,978.66,8
4717,40,46-55,50,硕士,11626.1,607.8,15.5,9.4,5,4.3,1.6,5.8,8.8,5.0,5.4,310.59,4
4718,106,36-45,40,硕士,9226.3,2968.8,35.0,8.3,73,6.1,4.1,9.6,2.9,7.0,5.0,978.66,8
4719,25,46-55,50,本科,8436.9,436.3,11.0,8.4,43,6.2,3.5,1.8,7.6,5.9,3.9,165.82,2
4720,125,46-55,50,高中及以下,5370.7,3371.3,59.7,7.7,59,3.1,4.6,5.5,6.1,9.0,5.2,1326.71,8
4721,21,26-35,30,本科,6897.9,725.7,15.0,9.6,19,6.2,1.0,7.8,6.0,6.3,5.6,118.42,1
4722,156,46-55,50,硕士,9835.2,3075.6,25.7,6.6,29,5.9,3.8,8.3,6.6,6.0,5.4,958.89,8
4723,141,18-25,22,本科,9150.0,1717.1,28.4,8.8,32,6.1,2.0,4.6,7.4,5.5,4.7,548.48,6
4724,9,36-45,40,高中及以下,3961.2,1751.6,16.0,9.4,39,4.2,5.5,5.5,6.0,8.1,4.8,255.33,4
4725,15,26-35,30,本科,8164.7,486.7,19.9,9.5,38,5.6,2.9,6.7,8.1,3.9,4.9,84.58,0
4726,71,36-45,40,本科,6864.0,3548.6,31.1,8.5,48,3.7,3.5,4.9,6.9,4.5,4.2,690.93,7
4727,31,36-45,40,本科,6726.3,3056.8,29.9,8.1,39,5.9,5.0,4.9,5.9,4.7,3.7,946.03,7
4728,73,46-55,50,高中及以下,4859.1,2096.8,20.1,6.8,78,6.2,2.9,5.4,5.9,4.9,4.2,709.56,7
4729,48,18-25,22,本科,7594.7,1336.7,15.5,9.8,5,7.3,3.9,5.6,7.5,5.0,4.6,209.27,3
4730,140,26-35,30,硕士,11645.8,360.6,11.3,10.0,12,5.6,3.3,5.1,6.3,4.8,4.2,186.32,2
4731,31,36-45,40,博士,24027.8,2213.5,29.4,8.3,72,4.8,4.7,5.7,6.6,7.4,5.0,946.03,7
4732,5,36-45,40,硕士,11091.4,740.0,20.3,10.0,58,5.4,1.8,7.8,6.7,6.8,5.8,117.43,1
4733,54,36-45,40,本科,9524.7,2438.5,13.8,7.4,32,4.8,3.1,2.7,6.6,8.5,4.6,416.13,5
4734,82,36-45,40,硕士,16476.1,1940.7,23.4,7.4,42,3.9,2.8,6.5,2.6,5.3,3.7,650.6,7
4735,3,55+,60,本科,8116.9,1564.9,25.1,8.0,42,4.8,2.7,5.7,5.9,4.5,4.2,680.64,7
4736,154,36-45,40,硕士,15383.6,642.7,11.7,7.3,11,5.9,2.9,7.2,8.7,6.5,6.0,198.95,2
4737,156,18-25,22,高中及以下,4931.7,2903.5,30.2,6.8,32,3.6,5.6,6.5,3.6,5.8,3.7,958.89,8
4738,106,18-25,22,高中及以下,5006.5,2299.6,33.0,6.2,41,4.7,3.2,8.7,5.5,4.8,5.0,978.66,8
4739,111,46-55,50,高中及以下,3572.3,758.7,20.2,9.0,9,5.3,3.5,5.7,8.8,7.2,5.7,144.53,1
4740,150,46-55,50,大专,4030.0,1459.6,14.0,7.9,30,5.9,4.2,6.1,8.5,5.3,5.1,190.66,2
4741,156,36-45,40,高中及以下,2895.3,2830.0,37.2,7.5,58,5.7,5.5,6.3,5.2,7.7,4.7,958.89,8
4742,135,18-25,22,大专,5722.9,2582.0,29.2,6.1,37,3.9,4.7,5.4,4.4,6.5,4.0,699.2,7
4743,20,55+,60,本科,7194.0,2137.5,28.5,7.8,55,5.5,3.5,6.3,8.1,5.6,5.2,642.68,6
4744,122,26-35,30,本科,6989.9,2455.5,20.6,8.0,30,4.6,4.7,6.1,7.4,7.7,5.4,603.53,6
4745,122,46-55,50,硕士,13302.1,1387.7,25.7,5.9,46,4.3,1.9,5.1,7.4,6.9,5.3,603.53,6
4746,86,18-25,22,大专,4526.6,961.5,15.7,9.5,27,5.5,3.5,2.2,6.3,7.3,4.0,370.7,5
4747,39,46-55,50,高中及以下,3835.0,282.2,16.8,8.3,26,7.6,3.0,8.4,6.1,5.5,5.3,180.7,2
4748,180,26-35,30,大专,3515.4,1452.7,17.1,7.3,36,5.2,3.9,6.4,7.9,4.9,4.9,277.46,4
4749,161,46-55,50,大专,4904.8,1431.8,32.2,8.0,30,4.7,4.0,5.0,7.2,7.0,4.9,326.06,4
4750,99,26-35,30,硕士,12062.5,745.5,19.0,9.9,31,7.5,1.4,4.9,6.7,7.4,5.2,117.38,1
4751,66,36-45,40,博士,14661.3,851.1,10.2,6.3,32,5.7,4.0,6.4,9.8,6.4,5.9,138.1,1
4752,91,26-35,30,高中及以下,3416.5,1896.2,16.9,5.9,5,6.0,3.0,5.0,7.7,5.9,4.9,390.98,5
4753,106,26-35,30,本科,8335.6,3939.4,29.4,6.4,62,2.7,3.3,4.9,7.8,4.9,4.6,978.66,8
4754,159,18-25,22,大专,5070.8,1095.4,16.7,10.0,39,4.9,2.8,4.5,5.9,4.5,3.9,286.16,4
4755,6,36-45,40,本科,10786.8,2430.6,24.1,9.8,56,5.3,4.9,5.9,9.0,5.2,5.0,719.97,7
4756,141,46-55,50,硕士,13645.7,1983.4,27.1,8.2,58,6.7,3.9,3.2,7.3,5.7,4.1,548.48,6
4757,129,36-45,40,硕士,12330.0,1449.3,21.1,6.1,21,5.6,3.2,3.6,8.7,7.0,5.1,89.7,0
4758,136,46-55,50,硕士,12294.5,1215.8,13.9,8.6,36,5.2,4.0,3.0,8.3,4.6,4.0,67.81,0
4759,148,18-25,22,本科,8326.5,1306.8,19.6,9.1,43,4.2,3.0,4.5,10.0,7.7,5.9,250.12,4
4760,186,26-35,30,大专,4866.3,1358.2,5.0,9.3,33,5.6,3.6,6.1,6.1,5.3,4.5,238.23,3
4761,164,46-55,50,本科,8009.4,1151.9,19.8,8.4,29,4.6,3.2,4.0,7.6,5.5,4.4,388.92,5
4762,120,18-25,22,硕士,10020.5,1653.5,22.5,8.4,39,6.0,3.4,6.3,6.7,5.0,4.7,327.35,4
4763,96,36-45,40,大专,5617.7,921.9,19.7,9.2,28,4.1,4.3,6.5,7.3,7.0,5.3,199.56,2
4764,172,26-35,30,高中及以下,3267.9,420.6,14.2,8.0,20,6.1,4.3,6.7,7.7,5.9,5.2,137.4,1
4765,197,26-35,30,本科,4971.7,1759.2,18.6,6.7,28,7.5,3.8,5.8,8.7,6.7,5.5,173.08,2
4766,191,18-25,22,大专,5133.8,884.5,20.7,8.1,43,3.5,3.8,6.5,7.1,6.1,5.1,349.46,5
4767,117,26-35,30,本科,7232.7,332.9,6.5,8.1,17,5.9,3.4,4.8,7.6,8.6,5.5,46.12,0
4768,135,55+,60,大专,5963.8,1779.0,21.2,9.3,53,5.1,4.9,5.4,7.0,4.5,4.1,699.2,7
4769,167,46-55,50,高中及以下,2330.8,2939.3,33.4,5.2,48,4.1,7.9,4.6,6.0,5.8,3.6,989.1,8
4770,90,26-35,30,本科,8490.7,200.0,10.9,8.3,22,6.2,4.2,4.0,9.8,2.8,4.1,163.54,2
4771,144,18-25,22,高中及以下,3206.9,1285.1,7.5,7.7,43,4.4,1.3,6.1,7.8,4.7,5.1,192.46,2
4772,82,36-45,40,高中及以下,3684.9,1878.5,26.6,8.3,46,4.7,4.9,3.6,8.0,6.7,4.5,650.6,7
4773,125,36-45,40,大专,4730.1,3724.7,42.1,6.5,30,2.4,6.3,7.5,5.5,4.6,4.1,1326.71,8
4774,32,26-35,30,高中及以下,3952.5,1614.1,18.4,9.6,32,6.0,3.6,4.2,8.9,2.9,4.1,146.42,1
4775,159,46-55,50,高中及以下,3783.6,1056.3,22.3,7.6,29,6.0,2.7,4.7,8.3,5.9,5.0,286.16,4
4776,20,46-55,50,本科,7546.2,1590.8,31.6,8.1,21,4.0,4.6,4.6,5.3,5.1,3.6,642.68,6
4777,31,26-35,30,硕士,12454.2,2740.5,37.0,6.5,53,5.6,4.5,7.3,5.9,4.9,4.5,946.03,7
4778,167,26-35,30,硕士,16936.6,3459.7,26.7,6.6,42,3.4,4.3,3.8,6.2,6.1,4.0,989.1,8
4779,118,26-35,30,博士,16905.3,1385.4,24.5,9.3,23,4.8,2.6,7.6,5.7,5.7,5.1,465.37,6
4780,113,26-35,30,大专,6869.3,4234.2,53.7,4.7,87,3.3,6.8,8.2,4.4,7.2,4.7,1742.79,9
4781,177,46-55,50,高中及以下,3491.7,1475.1,28.9,7.5,55,4.3,4.7,7.5,6.3,3.9,4.4,634.94,6
4782,73,18-25,22,高中及以下,4532.8,1968.3,17.6,8.3,33,4.6,3.7,5.5,5.3,6.7,4.5,709.56,7
4783,73,55+,60,硕士,11992.8,2448.9,30.0,9.0,39,6.2,3.2,9.4,9.6,6.4,6.8,709.56,7
4784,113,26-35,30,本科,10731.4,5815.2,54.5,8.1,67,2.4,8.0,6.7,3.1,8.0,3.9,1742.79,9
4785,168,46-55,50,大专,3746.8,635.4,22.0,9.2,25,5.0,3.1,4.9,7.9,4.8,4.6,116.12,1
4786,50,26-35,30,本科,8967.1,1286.3,5.4,8.9,23,6.0,3.0,5.2,6.1,6.0,4.5,205.22,3
4787,67,26-35,30,硕士,12510.6,327.7,23.7,8.4,20,4.9,3.3,5.5,5.0,6.1,4.3,404.86,5
4788,151,26-35,30,大专,5372.5,200.0,11.8,8.2,29,3.5,3.3,5.1,8.3,5.3,4.9,209.86,3
4789,195,36-45,40,高中及以下,2387.7,1583.9,8.7,7.0,53,5.6,1.7,5.3,6.4,8.3,5.5,218.18,3
4790,143,36-45,40,大专,3863.9,508.8,14.7,8.7,5,6.6,4.4,5.7,8.4,3.3,4.3,178.51,2
4791,119,26-35,30,硕士,9797.2,662.6,22.5,8.3,26,5.6,2.8,5.8,8.3,5.9,5.3,314.8,4
4792,177,26-35,30,硕士,13486.0,1596.5,29.1,8.7,61,3.5,2.4,4.0,7.5,7.6,5.1,634.94,6
4793,89,46-55,50,高中及以下,2229.5,200.0,17.0,8.2,36,6.4,2.7,3.9,8.6,2.0,3.8,247.96,3
4794,140,26-35,30,本科,4530.2,1127.7,14.8,8.3,23,5.2,2.0,6.0,6.3,5.3,4.7,186.32,2
4795,56,26-35,30,硕士,8564.2,481.2,7.8,9.9,10,6.4,1.9,7.6,8.7,5.8,6.0,64.12,0
4796,86,46-55,50,高中及以下,3077.4,1393.3,21.6,8.8,17,4.2,1.9,7.4,5.5,3.8,4.5,370.7,5
4797,149,26-35,30,硕士,10169.1,527.8,21.7,7.5,40,4.4,4.1,6.2,5.2,5.0,4.1,199.73,2
4798,125,36-45,40,硕士,13590.6,2410.6,31.0,8.4,73,3.7,6.9,10.0,3.7,3.9,4.0,1326.71,8
4799,179,26-35,30,大专,6439.1,4572.4,42.3,5.2,85,0.5,7.1,5.2,4.4,3.7,2.8,1808.04,9
4800,50,26-35,30,高中及以下,2519.7,1370.7,10.5,8.7,22,6.7,1.9,7.7,8.3,3.8,5.4,205.22,3
4801,109,46-55,50,硕士,9128.8,456.8,8.1,8.2,19,5.8,3.3,5.5,7.6,5.7,4.9,137.77,1
4802,7,26-35,30,高中及以下,3882.4,1076.8,19.3,10.0,55,5.5,4.9,4.5,8.8,7.1,5.1,319.72,4
4803,191,18-25,22,高中及以下,2709.1,1360.7,21.0,7.4,26,6.3,5.4,4.8,8.5,6.3,4.8,349.46,5
4804,125,36-45,40,本科,7402.9,3472.0,37.3,6.4,66,2.8,5.6,8.4,5.2,5.8,4.7,1326.71,8
4805,42,55+,60,大专,3434.4,1388.8,17.2,9.0,43,5.7,2.3,5.2,8.3,7.9,5.8,132.2,1
4806,172,36-45,40,本科,5838.2,1439.1,16.2,8.3,7,5.7,2.5,5.1,9.8,6.5,5.8,137.4,1
4807,25,36-45,40,本科,6781.5,798.4,12.9,7.7,41,7.2,4.5,2.1,7.2,3.7,3.1,165.82,2
4808,177,18-25,22,高中及以下,2212.5,1542.9,11.9,9.6,35,4.2,2.2,2.7,8.2,4.9,4.2,634.94,6
4809,6,18-25,22,硕士,13412.8,2986.6,23.4,7.6,44,4.4,3.6,5.1,5.1,6.8,4.3,719.97,7
4810,183,26-35,30,高中及以下,2492.7,624.5,10.5,9.0,13,6.1,2.7,4.3,7.1,6.6,4.8,240.44,3
4811,68,18-25,22,本科,6934.3,1123.9,12.6,8.9,9,5.9,2.7,4.5,6.3,6.3,4.5,213.07,3
4812,81,26-35,30,本科,7382.5,1229.8,15.6,10.0,37,3.9,2.7,5.4,6.0,6.0,4.6,212.11,3
4813,126,36-45,40,高中及以下,2374.7,200.0,7.9,9.1,12,5.4,1.9,4.7,6.0,8.5,5.2,55.12,0
4814,183,36-45,40,大专,2787.0,757.4,6.6,7.3,5,3.1,2.5,6.6,7.7,4.3,5.0,240.44,3
4815,47,26-35,30,本科,7514.9,1517.9,18.6,8.0,31,5.7,2.3,7.0,7.7,7.4,6.0,427.14,6
4816,78,26-35,30,硕士,10940.5,358.5,16.1,8.7,25,6.4,2.0,6.0,8.6,5.3,5.4,162.68,1
4817,140,55+,60,高中及以下,2665.2,831.6,14.2,8.4,16,3.8,2.3,7.7,7.1,7.0,5.9,186.32,2
4818,11,36-45,40,本科,7236.5,200.0,5.0,8.4,18,5.8,2.9,6.3,6.7,5.3,4.8,93.16,0
4819,73,26-35,30,硕士,15105.3,1717.2,29.9,7.7,44,6.9,3.0,5.4,5.0,2.0,3.1,709.56,7
4820,128,46-55,50,大专,4620.9,503.8,20.0,8.6,34,5.2,2.5,7.4,9.0,5.0,5.8,163.96,2
4821,97,36-45,40,高中及以下,3056.5,1448.3,6.8,9.7,18,4.3,2.7,6.0,10.0,3.6,5.2,192.68,2
4822,192,26-35,30,硕士,8529.0,511.8,12.7,7.7,14,6.1,2.5,6.4,5.7,7.7,5.3,183.85,2
4823,191,46-55,50,高中及以下,4056.7,2304.5,22.2,7.8,26,2.9,3.1,7.7,8.1,6.4,5.9,349.46,5
4824,179,46-55,50,本科,14904.8,5131.0,58.8,8.0,69,2.2,8.2,8.3,4.0,6.4,4.2,1808.04,9
4825,186,46-55,50,高中及以下,4037.2,1563.6,7.2,9.4,13,6.1,1.6,5.3,8.4,5.5,5.3,238.23,3
4826,185,18-25,22,大专,6118.0,1580.7,22.0,8.5,40,3.9,3.2,4.4,5.9,4.9,3.9,303.08,4
4827,167,36-45,40,博士,14714.0,3214.7,31.0,6.7,50,4.4,4.9,9.2,5.2,5.5,5.0,989.1,8
4828,185,26-35,30,高中及以下,4429.6,1248.8,17.6,7.9,12,5.5,1.9,5.7,6.8,9.5,6.0,303.08,4
4829,2,55+,60,大专,4982.9,1155.5,12.5,8.9,23,6.3,3.6,8.6,7.2,5.4,5.5,283.64,4
4830,161,26-35,30,高中及以下,3733.9,1597.6,20.7,9.7,52,6.1,4.7,6.5,8.8,8.1,6.0,326.06,4
4831,113,55+,60,高中及以下,4400.1,4393.2,52.8,6.5,96,3.5,5.5,8.0,1.1,6.5,3.7,1742.79,9
4832,106,55+,60,大专,4606.9,3228.1,35.9,8.2,88,3.7,3.0,6.9,5.0,7.2,5.0,978.66,8
4833,31,55+,60,博士,18327.1,3144.4,22.9,6.6,50,5.8,6.4,6.6,4.9,7.0,4.4,946.03,7
4834,77,55+,60,高中及以下,3266.0,2213.1,5.4,8.8,31,5.9,4.5,4.9,8.2,3.5,4.1,110.06,1
4835,83,26-35,30,硕士,11475.4,200.0,10.9,7.4,27,6.8,2.6,6.0,9.1,4.8,5.3,88.39,0
4836,53,46-55,50,硕士,10205.6,1515.0,16.4,7.5,43,5.1,4.8,6.4,9.1,4.9,5.1,273.6,4
4837,183,36-45,40,高中及以下,3466.6,921.7,22.6,10.0,26,5.7,1.7,4.8,8.8,5.3,5.2,240.44,3
4838,125,46-55,50,博士,13893.2,4231.0,50.1,7.7,73,3.2,5.5,7.7,6.2,3.2,4.1,1326.71,8
4839,190,55+,60,高中及以下,4045.5,490.4,17.8,8.2,27,6.0,3.3,7.4,6.2,6.8,5.4,94.96,0
4840,122,36-45,40,博士,18673.0,1657.6,31.1,8.5,66,5.0,3.5,4.8,7.1,6.1,4.6,603.53,6
4841,113,46-55,50,本科,12644.0,5301.5,53.6,6.0,61,4.7,6.4,6.0,5.0,3.8,3.3,1742.79,9
4842,85,26-35,30,高中及以下,2699.4,1089.5,13.1,7.7,45,6.6,2.9,8.6,6.5,3.6,4.9,89.86,0
4843,47,46-55,50,高中及以下,4461.8,2072.4,25.0,6.6,43,7.0,2.1,6.4,5.5,6.0,4.8,427.14,6
4844,41,26-35,30,高中及以下,4270.0,200.0,5.0,8.9,30,3.1,4.3,7.0,7.7,7.1,5.6,176.16,2
4845,151,18-25,22,大专,3664.2,1359.9,15.1,9.4,36,6.9,2.7,4.9,8.0,4.9,4.7,209.86,3
4846,165,36-45,40,高中及以下,3049.8,984.6,8.0,9.5,24,5.9,1.9,8.0,9.6,5.9,6.4,224.25,3
4847,6,36-45,40,本科,6237.1,2431.6,22.5,7.4,65,4.1,2.4,5.8,7.6,5.2,5.0,719.97,7
4848,22,26-35,30,本科,5053.7,200.0,10.9,8.3,36,7.0,1.3,2.8,9.3,7.3,5.4,158.78,1
4849,153,26-35,30,高中及以下,2463.9,1879.0,21.4,8.1,5,4.2,3.1,5.6,8.7,4.2,4.8,187.21,2
4850,40,26-35,30,硕士,9916.3,1086.0,19.2,8.3,20,5.3,3.8,4.7,8.9,6.0,5.1,310.59,4
4851,82,18-25,22,本科,7810.3,2075.3,20.8,8.5,50,4.1,3.7,5.4,5.3,6.6,4.4,650.6,7
4852,162,26-35,30,博士,15103.3,2205.3,26.0,9.6,25,6.5,4.8,8.1,5.9,3.8,4.4,472.76,6
4853,176,46-55,50,硕士,10872.3,1461.5,13.0,8.4,20,4.4,2.0,5.6,8.0,6.1,5.3,150.36,1
4854,179,46-55,50,高中及以下,4274.8,5144.0,56.2,6.2,52,2.7,7.8,8.5,5.1,6.2,4.5,1808.04,9
4855,73,36-45,40,本科,10386.4,2718.5,17.9,7.0,25,4.8,4.3,7.0,6.7,6.4,5.1,709.56,7
4856,125,26-35,30,本科,9371.3,3737.8,44.2,6.3,78,4.1,5.1,6.1,5.4,6.3,4.4,1326.71,8
4857,106,26-35,30,硕士,12335.4,3212.3,26.7,7.3,36,4.4,3.9,5.3,6.9,8.0,5.2,978.66,8
4858,146,26-35,30,大专,3643.5,636.6,9.1,9.5,44,6.9,1.0,7.2,8.0,6.1,5.9,43.08,0
4859,154,36-45,40,硕士,16743.3,714.2,6.1,8.9,36,5.2,4.1,7.0,5.0,6.9,4.8,198.95,2
4860,54,26-35,30,本科,6066.8,1132.9,15.4,8.6,43,5.1,3.5,6.1,6.7,6.2,4.9,416.13,5
4861,183,26-35,30,硕士,15957.8,642.9,15.2,8.1,12,4.5,3.4,4.0,10.0,8.2,5.9,240.44,3
4862,108,36-45,40,高中及以下,3016.4,294.2,11.1,9.4,27,6.9,2.1,4.4,7.0,6.4,4.8,192.01,2
4863,54,26-35,30,本科,9461.9,1715.3,23.2,7.6,32,5.3,3.7,5.6,7.7,4.6,4.6,416.13,5
4864,65,46-55,50,硕士,14188.4,2876.1,24.4,7.5,24,2.6,4.6,5.1,5.7,2.9,3.3,576.08,6
4865,31,55+,60,本科,8981.3,2841.4,30.8,7.0,33,5.6,5.6,3.4,8.2,4.7,3.9,946.03,7
4866,40,18-25,22,硕士,12917.0,786.5,9.9,8.0,5,6.6,3.1,5.9,6.8,4.4,4.4,310.59,4
4867,173,36-45,40,高中及以下,3709.1,758.7,8.5,7.7,18,3.9,1.6,4.0,6.6,6.2,4.6,208.75,3
4868,167,26-35,30,硕士,10431.4,2903.3,36.2,9.2,48,3.6,6.6,4.7,6.5,4.1,3.4,989.1,8
4869,98,36-45,40,本科,8825.0,200.0,13.5,7.5,19,7.0,2.4,3.7,5.3,7.6,4.4,149.17,1
4870,112,36-45,40,博士,11487.0,1057.1,19.2,9.5,42,3.4,3.4,6.9,8.7,8.2,6.3,157.63,1
4871,9,36-45,40,本科,5696.3,925.2,24.3,8.4,14,4.9,2.1,5.6,5.5,6.7,4.8,255.33,4
4872,56,46-55,50,高中及以下,2476.8,464.1,5.0,8.3,32,6.6,3.3,6.7,8.7,7.3,6.0,64.12,0
4873,55,46-55,50,硕士,11866.7,1029.1,14.4,8.5,24,6.4,1.7,6.8,5.4,3.2,4.2,376.64,5
4874,167,26-35,30,大专,4044.1,3573.0,29.8,6.9,54,3.4,5.1,1.9,8.9,6.6,4.2,989.1,8
4875,97,18-25,22,本科,6761.0,1038.3,24.3,8.5,27,6.6,1.9,5.3,7.6,8.1,5.7,192.68,2
4876,6,26-35,30,本科,8927.2,2721.9,31.9,7.0,27,2.1,3.9,6.1,5.3,5.9,4.4,719.97,7
4877,64,46-55,50,硕士,15923.3,1338.3,15.8,8.4,29,3.9,3.0,5.6,10.0,5.9,5.7,334.46,4
4878,104,26-35,30,本科,9679.4,200.0,11.9,7.8,22,5.4,2.3,4.6,6.4,5.6,4.4,126.31,1
4879,39,36-45,40,硕士,11434.2,1468.4,12.7,10.0,15,4.1,1.5,8.9,9.3,5.0,6.4,180.7,2
4880,10,36-45,40,本科,7353.9,343.9,8.6,10.0,15,3.9,1.0,4.0,5.7,3.2,3.5,93.37,0
4881,35,36-45,40,本科,7058.3,200.0,5.0,8.6,5,7.1,1.5,5.8,7.6,3.4,4.6,43.78,0
4882,55,46-55,50,本科,8920.9,1894.2,10.0,10.0,47,5.4,2.4,5.1,7.4,4.7,4.6,376.64,5
4883,109,46-55,50,硕士,8459.1,1599.1,16.8,7.3,50,5.2,3.3,3.7,6.4,3.2,3.3,137.77,1
4884,157,26-35,30,本科,6907.8,1633.7,10.1,6.6,38,5.9,3.6,7.0,8.6,5.0,5.4,238.37,3
4885,55,18-25,22,高中及以下,3043.5,1237.5,19.9,8.5,43,3.5,4.8,3.4,6.6,6.9,4.1,376.64,5
4886,166,36-45,40,本科,4863.7,1733.2,22.5,7.5,17,6.2,3.9,3.7,5.5,3.6,3.1,337.67,5
4887,167,55+,60,硕士,13608.8,3453.3,42.5,6.4,59,4.2,5.6,7.0,6.1,5.6,4.5,989.1,8
4888,137,18-25,22,高中及以下,3081.6,670.6,17.7,9.7,17,6.4,3.8,5.2,10.0,6.1,5.5,107.55,1
4889,113,55+,60,本科,8839.0,4403.5,54.4,7.1,75,1.7,7.1,7.7,6.2,4.5,4.2,1742.79,9
4890,31,46-55,50,本科,12084.8,3460.3,30.2,7.1,52,4.4,4.1,6.8,5.0,5.2,4.3,946.03,7
4891,118,55+,60,本科,9632.0,1182.4,20.4,7.9,30,5.4,5.1,7.9,8.4,7.6,6.1,465.37,6
4892,96,26-35,30,本科,8040.7,1293.2,13.6,9.1,35,5.9,1.3,4.6,10.0,5.2,5.5,199.56,2
4893,32,26-35,30,大专,4557.7,1884.7,10.6,8.7,15,4.3,3.1,4.6,5.6,8.4,4.9,146.42,1
4894,26,46-55,50,本科,9534.2,1327.1,16.6,8.3,27,4.1,2.1,5.6,8.2,6.5,5.5,46.95,0
4895,62,26-35,30,高中及以下,3595.0,377.2,13.7,9.2,5,5.1,2.4,4.8,9.1,4.6,4.9,49.09,0
4896,151,55+,60,硕士,8218.7,1638.0,15.0,8.1,52,6.6,2.9,5.7,8.4,6.4,5.4,209.86,3
4897,125,18-25,22,硕士,16143.5,3843.8,43.4,5.6,68,3.1,4.5,6.0,3.6,4.9,3.5,1326.71,8
4898,34,26-35,30,本科,9216.0,1203.2,12.7,6.9,17,5.9,2.3,6.9,10.0,6.0,6.2,337.83,5
4899,102,36-45,40,高中及以下,3054.6,200.0,17.3,8.7,18,5.0,2.5,7.4,8.4,5.1,5.6,105.35,0
4900,65,26-35,30,大专,5457.2,1945.9,30.3,7.9,40,4.9,3.2,6.3,8.4,6.0,5.5,576.08,6
4901,179,18-25,22,高中及以下,3638.1,4413.1,56.6,6.1,106,2.6,8.5,8.0,5.4,6.3,4.4,1808.04,9
4902,9,46-55,50,大专,5928.4,1964.5,14.1,8.2,12,3.1,1.5,4.7,7.1,6.6,5.0,255.33,4
4903,69,26-35,30,本科,5810.9,200.0,19.3,9.3,13,4.5,2.6,2.2,8.7,5.1,4.2,77.86,0
4904,55,36-45,40,本科,7024.0,2132.3,17.0,8.4,28,3.5,3.1,8.2,5.1,7.1,5.4,376.64,5
4905,88,26-35,30,大专,5263.5,1302.2,22.2,8.1,15,6.5,2.9,5.1,7.8,4.6,4.6,87.38,0
4906,20,46-55,50,博士,16694.5,3419.9,36.8,6.6,53,6.4,3.9,4.4,6.8,6.5,4.5,642.68,6
4907,55,18-25,22,本科,7183.4,1414.4,17.5,7.8,19,7.6,3.4,6.9,7.3,7.1,5.6,376.64,5
4908,179,46-55,50,硕士,21019.2,4807.8,54.9,6.1,58,1.1,5.5,3.8,3.7,4.4,2.6,1808.04,9
4909,46,36-45,40,硕士,11134.8,1141.4,17.4,9.6,37,6.3,2.0,5.5,7.2,5.7,5.0,93.63,0
4910,67,36-45,40,硕士,11257.7,1772.6,9.6,9.6,52,5.7,2.6,5.4,7.9,7.1,5.5,404.86,5
4911,86,36-45,40,高中及以下,3553.9,1997.4,22.4,8.7,56,6.2,4.3,8.3,6.4,6.5,5.4,370.7,5
4912,59,26-35,30,大专,4604.8,1961.9,20.3,9.0,17,7.1,3.8,3.8,8.1,3.4,3.8,393.68,5
4913,129,36-45,40,高中及以下,3024.3,639.6,14.7,9.7,27,6.0,1.9,5.1,7.8,4.9,4.8,89.7,0
4914,191,18-25,22,硕士,9285.4,1207.3,25.8,9.6,41,3.4,1.4,6.6,9.1,6.9,6.3,349.46,5
4915,113,26-35,30,博士,26048.4,5012.9,60.9,8.3,85,2.6,6.9,7.2,5.4,5.8,4.3,1742.79,9
4916,167,36-45,40,大专,3869.7,2855.4,30.4,9.5,60,5.1,4.4,3.4,6.5,6.7,4.1,989.1,8
4917,17,26-35,30,本科,7157.8,1031.2,24.3,9.5,5,7.5,4.4,5.8,6.8,5.2,4.5,203.21,3
4918,91,18-25,22,高中及以下,3254.2,1713.4,21.8,8.1,35,4.8,1.7,3.1,9.1,5.9,4.9,390.98,5
4919,64,36-45,40,硕士,11627.3,2093.0,15.3,9.0,30,5.6,2.9,6.1,7.3,6.2,5.2,334.46,4
4920,71,46-55,50,大专,5511.4,2000.6,23.9,8.5,13,4.3,5.5,4.9,9.0,3.5,4.2,690.93,7
4921,169,18-25,22,大专,3901.5,200.0,11.4,9.1,6,5.8,1.0,5.2,5.8,6.5,4.9,69.84,0
4922,113,36-45,40,硕士,15591.4,6065.0,47.7,4.4,86,3.4,5.8,7.6,5.2,6.4,4.7,1742.79,9
4923,81,26-35,30,高中及以下,2899.7,970.0,15.2,9.5,54,5.0,3.9,5.3,10.0,6.2,5.6,212.11,3
4924,71,18-25,22,大专,5130.0,2486.7,30.3,7.7,51,7.0,4.7,6.1,8.8,7.0,5.6,690.93,7
4925,9,36-45,40,本科,5690.0,281.8,20.2,8.4,31,5.2,3.2,3.1,8.4,4.1,4.0,255.33,4
4926,179,36-45,40,本科,12062.0,4445.4,54.1,6.5,86,3.4,6.7,7.4,6.1,3.9,4.0,1808.04,9
4927,75,18-25,22,大专,4967.3,2434.6,23.1,7.9,53,5.6,3.6,5.3,10.0,5.9,5.5,337.61,5
4928,125,18-25,22,本科,11149.3,4227.7,45.6,6.9,68,1.5,5.7,9.3,5.6,4.7,4.8,1326.71,8
4929,122,46-55,50,硕士,16265.2,2040.2,22.9,10.0,48,5.0,3.3,6.8,7.3,3.8,4.6,603.53,6
4930,105,18-25,22,高中及以下,2672.5,1185.3,5.0,9.4,24,4.9,4.3,4.3,8.9,5.5,4.7,222.31,3
4931,164,18-25,22,本科,8122.7,1976.6,19.2,10.0,43,5.3,2.8,4.7,7.5,4.9,4.5,388.92,5
4932,71,26-35,30,本科,9403.5,1738.9,20.2,7.2,45,5.5,3.3,6.5,8.9,4.4,5.2,690.93,7
4933,113,46-55,50,本科,9168.1,5665.1,51.7,6.2,68,2.9,4.3,6.9,3.3,4.4,3.6,1742.79,9
4934,62,36-45,40,博士,13941.1,605.8,7.3,8.7,27,5.5,3.4,6.9,7.0,5.2,5.0,49.09,0
4935,167,46-55,50,大专,6091.7,2708.1,40.7,7.5,56,3.7,4.9,6.3,6.2,6.9,4.8,989.1,8
4936,125,18-25,22,高中及以下,4881.9,3773.6,46.5,7.8,55,3.9,7.0,8.4,5.2,3.4,3.9,1326.71,8
4937,81,26-35,30,大专,4395.0,1365.3,16.9,9.1,30,7.3,4.6,3.6,9.4,6.9,5.0,212.11,3
4938,2,46-55,50,高中及以下,3938.0,1844.1,16.6,8.2,20,5.0,2.9,5.4,6.9,4.0,4.2,283.64,4
4939,127,46-55,50,大专,4960.0,200.0,14.5,9.1,5,5.2,3.8,4.7,6.9,3.3,3.7,84.24,0
4940,149,36-45,40,硕士,10779.9,871.6,12.5,10.0,29,7.2,2.9,3.2,8.5,5.8,4.6,199.73,2
4941,125,46-55,50,硕士,17280.1,3080.5,46.6,6.3,42,4.7,5.8,5.5,7.1,4.8,4.1,1326.71,8
4942,195,26-35,30,高中及以下,2796.0,684.1,18.2,8.9,39,5.3,1.8,4.6,8.0,7.0,5.3,218.18,3
4943,27,26-35,30,高中及以下,2648.1,216.8,23.3,8.6,15,5.5,5.1,6.1,7.2,7.0,5.1,216.09,3
4944,67,26-35,30,本科,8380.7,1253.9,19.8,7.8,40,5.9,4.7,6.5,5.8,4.6,4.2,404.86,5
4945,91,26-35,30,本科,10138.3,1527.1,21.2,7.1,61,6.5,3.9,6.2,8.2,5.5,5.1,390.98,5
4946,86,26-35,30,本科,8646.9,1398.1,15.9,9.3,17,5.3,2.5,6.1,8.0,5.6,5.3,370.7,5
4947,155,46-55,50,博士,19488.6,447.9,9.9,8.3,36,6.6,1.8,3.7,7.2,8.6,5.3,72.65,0
4948,31,26-35,30,高中及以下,3756.7,2126.1,34.8,6.9,52,4.0,4.0,4.8,8.2,5.4,4.7,946.03,7
4949,12,55+,60,本科,5527.6,1195.1,13.0,8.5,5,6.3,3.4,3.1,5.4,3.7,3.0,189.04,2
4950,4,46-55,50,本科,6904.8,445.7,11.7,8.1,52,7.3,1.6,5.5,9.6,5.2,5.6,117.43,1
4951,141,36-45,40,硕士,13730.4,2165.5,20.9,8.4,41,6.1,2.9,3.7,7.2,5.3,4.2,548.48,6
4952,162,36-45,40,本科,7101.4,1719.4,22.6,7.7,29,5.8,2.0,3.7,7.5,6.5,4.8,472.76,6
4953,106,26-35,30,本科,11331.4,3445.7,39.8,8.1,32,1.8,5.6,4.5,5.2,5.3,3.5,978.66,8
4954,82,46-55,50,高中及以下,3429.7,2599.8,24.4,8.1,22,5.4,3.5,6.0,7.4,6.8,5.3,650.6,7
4955,41,26-35,30,硕士,9388.5,301.9,13.3,6.9,31,5.3,1.8,3.3,10.0,5.4,5.1,176.16,2
4956,106,36-45,40,本科,11107.1,2270.8,34.9,7.0,42,3.6,3.1,5.2,7.9,4.5,4.6,978.66,8
4957,22,26-35,30,本科,9037.5,1672.6,8.0,8.3,24,5.3,2.5,4.0,5.5,6.4,4.2,158.78,1
4958,25,18-25,22,本科,7812.1,1542.5,13.9,7.3,29,4.5,4.3,4.1,8.6,4.8,4.4,165.82,2
4959,99,26-35,30,大专,4401.7,913.3,13.6,8.5,5,7.7,2.2,5.9,6.6,4.7,4.6,117.38,1
4960,3,26-35,30,硕士,12599.0,2780.2,29.2,7.9,34,6.0,5.4,7.2,6.9,4.7,4.6,680.64,7
4961,148,55+,60,本科,5796.5,1851.5,21.4,9.7,20,4.2,4.8,5.6,7.1,7.4,5.1,250.12,4
4962,179,26-35,30,本科,9140.9,5504.5,54.6,6.5,106,3.0,6.7,5.1,3.1,5.8,3.0,1808.04,9
4963,73,26-35,30,高中及以下,3063.6,2061.1,32.3,7.5,54,5.7,4.9,3.2,9.2,3.3,3.8,709.56,7
4964,133,36-45,40,硕士,11035.6,933.0,13.0,8.3,19,4.2,3.7,4.4,5.7,7.4,4.5,238.31,3
4965,179,26-35,30,本科,8887.7,4669.1,38.8,6.8,52,1.7,6.0,5.5,5.6,5.4,3.9,1808.04,9
4966,54,55+,60,博士,16602.8,1462.0,17.7,8.2,21,5.5,1.9,5.9,8.1,5.2,5.2,416.13,5
4967,115,55+,60,高中及以下,2796.6,1283.5,21.4,5.9,31,6.4,1.5,7.9,7.3,7.0,6.1,200.65,2
4968,122,18-25,22,硕士,10181.8,1642.0,22.0,8.1,37,4.2,4.1,5.3,6.8,6.7,4.8,603.53,6
4969,167,36-45,40,博士,18012.9,2536.2,42.3,8.2,53,4.6,5.6,5.2,5.4,4.1,3.4,989.1,8
4970,125,26-35,30,高中及以下,4826.4,3464.9,47.3,4.7,59,1.7,5.4,7.2,4.7,3.0,3.5,1326.71,8
4971,161,36-45,40,高中及以下,4278.7,1953.0,14.8,8.6,75,6.6,5.2,6.3,7.0,7.0,5.1,326.06,4
4972,65,46-55,50,大专,5382.5,1685.1,30.0,7.3,69,5.4,5.8,7.1,7.1,4.1,4.4,576.08,6
4973,143,18-25,22,硕士,11105.4,328.4,5.0,10.0,25,5.9,2.2,7.9,6.4,3.5,4.8,178.51,2
4974,113,36-45,40,大专,5574.1,5822.0,43.1,6.4,54,2.5,4.6,10.0,5.2,5.1,5.1,1742.79,9
4975,118,36-45,40,本科,6968.5,2230.5,13.8,7.8,40,2.6,4.9,4.4,6.6,6.3,4.2,465.37,6
4976,143,26-35,30,硕士,10043.7,483.4,10.8,8.8,23,5.3,4.1,5.3,4.3,5.5,3.7,178.51,2
4977,166,36-45,40,硕士,12325.5,1457.9,8.2,8.1,38,6.2,3.0,5.8,5.4,6.8,4.7,337.67,5
4978,54,18-25,22,硕士,11571.0,1849.6,23.9,8.9,43,6.7,4.8,6.2,7.8,4.7,4.7,416.13,5
4979,59,36-45,40,大专,5075.7,1740.8,17.6,9.3,37,5.7,3.6,6.4,8.2,6.8,5.6,393.68,5
4980,199,26-35,30,大专,4889.9,288.3,9.9,6.7,5,7.2,3.2,6.0,7.8,5.0,4.9,47.32,0
4981,7,36-45,40,大专,4340.1,732.7,24.7,9.0,37,6.5,3.6,4.8,5.6,1.9,3.0,319.72,4
4982,24,26-35,30,本科,8435.1,447.0,11.7,9.0,5,6.3,2.7,4.7,5.9,5.8,4.3,86.11,0
4983,113,26-35,30,本科,9684.1,6229.2,51.2,7.2,75,2.8,5.6,8.6,4.0,7.3,4.9,1742.79,9
4984,116,36-45,40,高中及以下,3486.3,200.0,17.5,10.0,7,4.5,2.5,8.0,10.0,5.2,6.3,143.35,1
4985,148,55+,60,本科,7649.9,1497.5,12.4,6.7,14,4.4,3.9,5.1,7.7,7.0,5.1,250.12,4
4986,179,36-45,40,本科,12743.2,4540.7,55.0,5.2,57,3.0,8.1,6.9,6.1,7.5,4.7,1808.04,9
4987,179,26-35,30,硕士,14888.3,5159.5,67.3,6.2,86,2.1,5.7,8.2,6.4,7.5,5.5,1808.04,9
4988,131,26-35,30,本科,9806.8,1047.8,13.7,9.5,14,4.8,2.3,6.9,7.7,6.3,5.6,158.95,1
4989,156,36-45,40,本科,10872.5,2477.6,29.0,5.3,46,5.2,5.5,6.3,5.1,5.2,4.0,958.89,8
4990,135,36-45,40,高中及以下,4365.7,1926.5,25.4,8.2,33,5.1,2.9,4.6,4.1,8.0,4.4,699.2,7
4991,36,36-45,40,本科,6342.1,1165.2,18.9,9.8,36,5.4,3.8,3.9,5.3,6.0,3.8,182.89,2
4992,183,18-25,22,大专,5432.6,1031.8,12.6,8.3,40,6.1,3.2,5.2,10.0,5.1,5.3,240.44,3
4993,168,46-55,50,高中及以下,2711.4,887.3,8.8,8.9,37,3.7,4.1,7.2,8.4,4.6,5.2,116.12,1
4994,20,36-45,40,高中及以下,2894.3,2973.8,14.2,8.4,47,4.4,4.6,8.0,7.2,3.1,4.6,642.68,6
4995,195,18-25,22,硕士,9832.4,1432.5,22.6,9.2,12,6.5,1.7,4.0,8.0,6.3,5.0,218.18,3
4996,168,36-45,40,大专,4149.5,1403.1,16.1,9.5,27,4.7,1.5,3.5,7.3,6.9,4.8,116.12,1
4997,179,36-45,40,硕士,15139.2,4556.0,51.3,7.2,79,3.0,6.0,6.6,3.4,7.9,4.3,1808.04,9
4998,113,18-25,22,硕士,16872.6,5290.8,64.4,4.4,77,1.7,8.3,6.5,7.7,3.2,3.8,1742.79,9
4999,179,55+,60,高中及以下,3935.7,4885.2,54.1,4.5,96,4.4,7.3,5.4,7.6,8.6,5.1,1808.04,9
5000,73,46-55,50,硕士,14245.6,1541.8,30.5,8.0,23,5.2,3.6,4.9,7.1,6.0,4.6,709.56,7
5001,34,18-25,22,硕士,16356.8,1198.7,17.0,8.0,18,6.2,2.0,3.2,6.0,5.9,4.0,337.83,5
5002,6,26-35,30,硕士,10767.9,1974.4,17.8,7.7,38,3.8,3.7,6.7,6.4,5.7,4.8,719.97,7
5003,62,36-45,40,本科,7313.5,1178.8,5.0,9.0,9,6.0,1.4,2.9,7.0,4.6,3.9,49.09,0
5004,176,26-35,30,硕士,10842.7,513.8,19.5,8.2,29,5.6,3.4,6.6,9.2,3.5,5.0,150.36,1
5005,133,46-55,50,大专,4967.8,1679.7,13.5,7.4,18,5.1,2.5,5.6,7.6,6.0,5.1,238.31,3
5006,75,26-35,30,高中及以下,2409.4,1522.0,13.9,7.6,47,6.4,3.5,5.6,7.5,3.4,4.2,337.61,5
5007,54,46-55,50,博士,17566.6,2568.5,19.1,6.6,31,5.2,4.9,7.3,7.1,4.1,4.6,416.13,5
5008,59,18-25,22,本科,9174.3,1895.9,12.3,7.2,29,4.8,5.1,5.7,7.6,4.8,4.4,393.68,5
5009,138,26-35,30,本科,7673.3,1543.5,28.0,9.2,21,4.7,4.2,2.3,6.6,5.1,3.4,334.79,4
5010,36,55+,60,高中及以下,3354.2,836.3,12.2,8.8,47,7.6,1.7,1.4,9.3,7.0,4.8,182.89,2
5011,31,26-35,30,大专,5772.3,1980.2,30.5,7.2,69,5.9,5.4,5.5,6.2,6.9,4.5,946.03,7
5012,128,36-45,40,本科,7187.9,371.1,14.4,9.3,56,5.0,3.3,5.6,6.8,3.7,4.1,163.96,2
5013,177,26-35,30,大专,5524.4,2191.1,21.3,6.1,50,4.2,3.6,5.7,3.2,6.2,3.8,634.94,6
5014,159,26-35,30,高中及以下,3396.0,1166.0,20.3,9.1,25,7.1,3.6,5.6,6.0,6.4,4.6,286.16,4
5015,19,18-25,22,高中及以下,2430.1,436.0,11.9,9.3,5,6.5,3.2,3.3,9.0,4.4,4.3,36.15,0
5016,161,18-25,22,高中及以下,2645.2,2382.6,15.4,8.5,19,5.8,5.0,5.3,8.4,5.5,4.8,326.06,4
5017,179,18-25,22,大专,6295.9,4466.3,53.7,5.9,67,1.8,6.4,5.4,4.1,4.2,3.0,1808.04,9
5018,143,26-35,30,硕士,12209.7,1715.6,5.7,9.5,28,4.2,2.4,4.9,7.3,7.0,5.1,178.51,2
5019,157,36-45,40,本科,8846.3,925.3,22.8,8.2,30,5.0,4.0,6.2,6.8,4.7,4.5,238.37,3
5020,177,36-45,40,本科,11451.1,2074.5,24.5,8.8,54,4.5,2.2,2.7,4.9,8.5,4.3,634.94,6
5021,113,36-45,40,高中及以下,3653.5,5408.4,55.1,5.7,74,3.7,7.1,8.0,6.9,5.1,4.7,1742.79,9
5022,114,26-35,30,高中及以下,3038.7,200.0,7.9,8.0,16,5.9,3.4,4.3,5.8,6.3,4.2,122.44,1
5023,125,36-45,40,硕士,14759.6,4169.2,42.0,5.8,68,2.5,6.5,8.1,5.6,6.5,4.8,1326.71,8
5024,50,36-45,40,硕士,8027.4,852.4,19.7,7.9,11,3.9,6.0,7.2,6.3,5.9,4.7,205.22,3
5025,96,36-45,40,硕士,8548.0,838.0,16.9,8.5,13,5.6,2.4,3.7,6.0,5.2,3.9,199.56,2
5026,113,46-55,50,本科,9339.2,3496.5,48.4,4.2,79,0.5,6.1,6.5,4.6,7.2,4.4,1742.79,9
5027,6,46-55,50,高中及以下,3253.8,1256.8,31.5,6.5,74,5.0,3.2,7.4,6.9,4.6,4.9,719.97,7
5028,106,26-35,30,本科,9795.3,2454.7,26.8,6.6,53,3.2,4.6,5.6,5.7,7.1,4.6,978.66,8
5029,128,26-35,30,硕士,8007.2,961.6,16.8,9.2,44,4.5,1.9,7.0,9.4,2.5,5.1,163.96,2
5030,156,26-35,30,硕士,15898.4,2952.8,25.6,6.2,24,3.8,5.0,7.1,5.5,4.5,4.2,958.89,8
5031,6,36-45,40,本科,6619.8,2929.0,27.6,7.8,67,4.1,5.1,7.8,5.9,4.0,4.3,719.97,7
5032,116,36-45,40,高中及以下,4517.6,1454.0,19.7,8.3,20,6.6,2.7,4.6,8.8,6.8,5.4,143.35,1
5033,156,46-55,50,大专,4768.6,2582.4,38.8,8.0,61,3.5,3.9,6.0,6.3,4.0,4.1,958.89,8
5034,43,26-35,30,大专,4693.7,774.3,7.1,7.8,67,7.6,2.8,7.4,5.1,3.2,4.1,109.83,1
5035,73,46-55,50,本科,11580.8,2675.9,31.0,7.5,37,3.7,5.4,7.1,5.1,5.2,4.2,709.56,7
5036,17,36-45,40,硕士,10417.1,1481.3,10.9,9.6,5,5.8,4.2,6.2,7.1,5.0,4.6,203.21,3
5037,87,36-45,40,本科,6294.9,941.2,8.2,8.8,25,7.1,1.4,6.0,8.4,5.8,5.6,206.18,3
5038,63,46-55,50,本科,5959.9,510.6,7.3,7.8,41,5.5,2.8,4.4,10.0,3.6,4.7,44.87,0
5039,77,36-45,40,本科,7428.6,2126.1,11.5,7.9,35,5.5,3.6,6.8,8.0,2.6,4.5,110.06,1
5040,41,46-55,50,硕士,12191.9,1349.3,17.0,8.2,12,5.0,4.1,5.5,6.4,6.8,4.8,176.16,2
5041,65,46-55,50,高中及以下,3329.8,1575.7,26.9,9.1,74,4.2,3.7,1.0,6.5,4.2,2.8,576.08,6
5042,86,26-35,30,大专,3574.8,1631.9,21.0,7.2,21,5.7,2.4,5.5,7.8,4.2,4.7,370.7,5
5043,2,36-45,40,硕士,7850.5,1922.5,22.6,9.3,26,5.9,4.6,4.9,7.3,6.2,4.6,283.64,4
5044,71,26-35,30,硕士,17962.7,2304.1,21.0,7.9,30,4.2,4.7,9.3,9.0,8.3,6.9,690.93,7
5045,34,26-35,30,本科,6708.5,1672.9,17.3,8.7,48,6.0,4.1,3.9,10.0,4.6,4.7,337.83,5
5046,180,46-55,50,博士,10459.9,200.0,20.5,7.6,57,3.4,3.7,6.1,8.5,5.2,5.1,277.46,4
5047,82,26-35,30,大专,7479.3,1026.5,26.9,6.9,56,4.2,5.5,5.6,6.6,5.2,4.2,650.6,7
5048,86,55+,60,高中及以下,2461.3,1440.7,10.5,9.2,42,5.3,2.5,5.8,8.2,7.1,5.7,370.7,5
5049,177,46-55,50,高中及以下,5067.4,2874.6,25.6,9.5,27,6.3,6.7,5.8,8.1,3.6,4.0,634.94,6
5050,166,55+,60,硕士,10179.2,1639.4,20.0,7.9,55,6.4,2.4,7.4,7.9,6.3,5.8,337.67,5
5051,11,26-35,30,大专,4066.8,536.9,17.6,7.6,42,3.8,2.6,3.5,9.2,2.9,4.1,93.16,0
5052,8,18-25,22,本科,5743.1,330.6,19.4,9.5,36,6.7,3.0,3.7,8.9,4.7,4.5,92.81,0
5053,169,18-25,22,本科,8485.7,200.0,11.5,7.8,10,6.4,3.0,5.9,4.3,5.7,4.1,69.84,0
5054,27,55+,60,本科,10514.8,890.0,8.9,8.2,24,4.6,3.5,2.6,6.8,6.3,4.0,216.09,3
5055,105,18-25,22,高中及以下,2823.1,392.4,11.7,8.7,21,5.7,4.2,5.8,8.2,5.3,4.9,222.31,3
5056,31,18-25,22,本科,7528.6,3045.7,30.9,7.7,57,5.8,4.5,6.5,7.4,7.7,5.5,946.03,7
5057,97,26-35,30,高中及以下,2955.8,1450.5,8.4,9.7,15,7.7,4.0,5.2,6.2,3.0,3.5,192.68,2
5058,50,36-45,40,本科,7775.8,1096.9,12.1,9.7,5,6.4,2.3,5.5,5.2,4.9,4.1,205.22,3
5059,129,18-25,22,大专,4604.2,869.6,10.2,9.5,5,6.1,3.7,5.3,8.5,3.2,4.3,89.7,0
5060,18,36-45,40,大专,3517.7,200.0,6.8,9.5,13,5.2,2.8,5.5,9.4,6.1,5.6,59.86,0
5061,138,36-45,40,博士,15670.6,1914.7,16.8,5.7,44,3.7,5.1,8.4,5.6,3.5,4.3,334.79,4
5062,113,36-45,40,本科,12001.2,5683.1,59.6,6.1,90,0.5,6.0,7.8,6.8,5.9,5.0,1742.79,9
5063,125,36-45,40,硕士,13890.3,3315.3,41.7,6.8,62,5.2,5.9,4.6,3.0,6.2,3.1,1326.71,8
5064,76,55+,60,博士,20181.4,1572.6,25.4,9.6,31,5.7,2.4,3.3,8.2,6.1,4.7,161.91,1
5065,180,46-55,50,高中及以下,3238.0,200.0,6.6,9.1,20,5.8,4.7,6.6,6.5,1.6,3.5,277.46,4
5066,21,26-35,30,博士,14709.5,914.3,11.3,9.2,5,3.7,1.9,7.9,8.6,5.6,6.0,118.42,1
5067,179,18-25,22,大专,5443.3,4846.8,51.6,6.4,82,3.8,5.6,3.7,3.5,9.8,4.1,1808.04,9
5068,116,18-25,22,本科,9098.7,1020.0,11.0,7.7,30,6.2,3.2,1.7,8.5,7.0,4.5,143.35,1
5069,169,26-35,30,博士,14680.1,482.6,15.8,8.1,60,5.7,1.1,4.8,9.9,4.1,5.2,69.84,0
5070,164,18-25,22,硕士,14102.5,1676.8,14.9,9.6,36,5.9,3.6,4.9,6.9,6.7,4.8,388.92,5
5071,58,26-35,30,本科,6794.9,1154.5,21.9,9.9,36,6.3,3.4,4.6,8.0,2.5,3.8,206.7,3
5072,53,36-45,40,本科,10204.2,1096.1,17.3,10.0,15,4.4,1.6,7.4,5.8,3.5,4.5,273.6,4
5073,111,26-35,30,本科,7707.8,671.6,7.7,8.0,12,5.2,2.7,5.5,5.0,6.7,4.5,144.53,1
5074,146,26-35,30,大专,5443.6,748.2,9.9,10.0,21,6.3,1.6,2.6,10.0,5.3,4.9,43.08,0
5075,73,46-55,50,大专,4908.8,2742.5,25.6,7.6,62,5.0,4.1,5.9,5.8,7.0,4.8,709.56,7
5076,179,46-55,50,硕士,17967.3,5123.3,52.5,6.5,78,2.3,6.6,7.3,1.9,6.8,3.6,1808.04,9
5077,73,18-25,22,本科,7623.6,2581.1,25.7,6.2,44,5.4,3.1,6.0,5.9,7.3,5.0,709.56,7
5078,6,36-45,40,本科,9234.4,3641.0,29.9,7.4,32,4.3,4.2,4.0,7.0,5.3,4.1,719.97,7
5079,154,26-35,30,硕士,11129.9,1597.1,21.4,8.8,39,7.5,1.7,9.1,7.7,6.2,6.3,198.95,2
5080,36,36-45,40,本科,10972.1,1451.6,6.2,10.0,9,6.6,2.3,6.3,8.5,5.6,5.5,182.89,2
5081,179,18-25,22,本科,8429.6,5241.2,57.6,6.3,80,0.9,6.1,7.1,5.1,5.7,4.2,1808.04,9
5082,135,36-45,40,高中及以下,3344.2,2292.9,25.7,8.4,65,5.0,3.5,2.3,7.2,5.8,3.9,699.2,7
5083,69,46-55,50,本科,7554.3,898.6,5.0,8.9,8,5.4,3.8,5.8,8.9,5.2,5.1,77.86,0
5084,96,18-25,22,硕士,12697.6,921.0,24.5,7.9,37,6.1,2.6,5.9,8.5,7.5,5.9,199.56,2
5085,91,46-55,50,高中及以下,4148.7,1486.7,17.0,8.5,44,7.5,4.3,4.7,7.5,7.5,5.0,390.98,5
5086,116,46-55,50,高中及以下,3031.3,809.3,7.1,9.3,64,5.2,3.1,6.3,4.7,3.3,3.6,143.35,1
5087,54,46-55,50,本科,8841.4,1630.5,18.0,6.8,31,5.6,3.4,3.1,8.6,4.8,4.2,416.13,5
5088,24,26-35,30,本科,5931.4,493.8,16.9,9.2,25,5.7,3.4,5.4,8.7,2.8,4.3,86.11,0
5089,125,36-45,40,博士,19672.9,3670.7,48.4,6.8,63,3.7,5.7,4.7,5.6,6.4,4.0,1326.71,8
5090,122,26-35,30,高中及以下,3387.8,2337.2,25.8,8.7,52,6.0,4.2,7.0,6.9,4.7,4.7,603.53,6
5091,82,46-55,50,高中及以下,3533.2,2661.4,25.4,8.3,28,5.2,4.6,5.5,8.3,8.0,5.6,650.6,7
5092,177,26-35,30,高中及以下,3248.1,1656.9,21.4,7.4,14,4.4,2.8,5.7,7.7,5.3,4.9,634.94,6
5093,156,18-25,22,硕士,9125.6,2739.0,34.4,6.8,57,2.4,4.0,7.5,5.4,7.1,5.1,958.89,8
5094,51,36-45,40,硕士,10735.7,1160.9,9.6,10.0,5,5.7,2.8,6.4,8.7,7.3,6.0,100.98,0
5095,115,46-55,50,高中及以下,2243.1,200.0,8.7,10.0,21,6.3,3.5,4.6,7.3,6.3,4.7,200.65,2
5096,25,26-35,30,本科,7127.5,964.5,13.4,8.3,18,4.6,2.0,6.7,7.5,9.2,6.4,165.82,2
5097,66,46-55,50,硕士,13386.5,200.0,9.3,8.8,9,5.3,4.6,3.4,8.3,8.1,5.0,138.1,1
5098,179,26-35,30,本科,12428.8,4935.1,54.9,5.8,98,3.3,8.5,8.2,2.3,7.9,4.0,1808.04,9
5099,179,26-35,30,大专,5496.0,5117.9,57.9,5.4,62,1.0,5.5,9.2,3.5,8.5,5.3,1808.04,9
5100,65,26-35,30,大专,3381.8,2254.8,14.7,7.5,45,4.1,3.3,7.7,7.6,6.9,5.9,576.08,6
5101,66,36-45,40,本科,6134.8,1408.1,17.8,8.4,23,4.7,1.3,3.9,7.8,5.8,4.8,138.1,1
5102,185,36-45,40,高中及以下,3012.4,1180.7,16.8,10.0,54,4.7,1.6,5.2,6.6,5.1,4.6,303.08,4
5103,113,36-45,40,本科,12028.6,4365.6,57.2,7.0,95,4.3,6.7,5.4,7.6,7.0,4.8,1742.79,9
5104,183,18-25,22,高中及以下,2980.3,1580.6,23.5,8.7,45,4.5,2.0,5.1,7.8,4.8,4.8,240.44,3
5105,85,26-35,30,高中及以下,2742.4,814.4,12.7,9.2,34,6.7,2.7,3.1,6.2,4.5,3.6,89.86,0
5106,133,26-35,30,高中及以下,2839.0,1238.8,15.7,9.4,28,4.8,4.5,3.6,6.7,3.1,3.2,238.31,3
5107,164,36-45,40,大专,5188.3,1767.0,15.6,7.2,49,3.8,2.3,6.2,7.7,3.9,4.8,388.92,5
5108,64,36-45,40,大专,6449.5,1346.7,18.9,9.6,52,5.4,3.5,5.8,8.8,5.5,5.2,334.46,4
5109,141,36-45,40,硕士,12549.3,1320.2,18.8,6.8,40,4.9,4.6,6.3,6.2,2.2,3.5,548.48,6
5110,4,36-45,40,本科,6057.0,1351.1,15.6,9.2,23,7.6,2.5,6.0,7.8,6.0,5.3,117.43,1
5111,12,55+,60,高中及以下,2425.6,1505.6,12.4,8.7,25,3.7,2.6,5.1,10.0,7.8,6.2,189.04,2
5112,61,55+,60,高中及以下,2944.8,300.6,9.4,8.1,10,6.5,3.0,3.9,6.0,4.7,3.7,123.27,1
5113,90,36-45,40,本科,8514.2,200.0,17.8,8.4,15,6.0,3.2,2.8,8.0,6.2,4.4,163.54,2
5114,82,36-45,40,博士,13099.0,2201.1,24.3,8.5,41,6.6,3.6,4.6,6.3,3.8,3.7,650.6,7
5115,106,26-35,30,博士,18769.5,3740.0,35.2,8.5,67,3.6,4.0,6.4,7.7,3.8,4.5,978.66,8
5116,162,26-35,30,博士,13626.7,1647.9,13.5,7.4,52,5.1,6.6,2.8,7.0,2.2,2.5,472.76,6
5117,157,26-35,30,博士,16282.7,864.8,23.5,8.7,34,5.0,2.4,4.2,8.3,6.2,5.0,238.37,3
5118,116,26-35,30,高中及以下,2939.7,680.3,18.1,8.3,5,4.6,2.3,3.7,8.5,4.6,4.5,143.35,1
5119,31,18-25,22,硕士,12141.8,3166.4,32.6,6.7,30,4.5,5.9,7.4,7.9,4.2,4.7,946.03,7
5120,133,26-35,30,硕士,8973.1,867.5,16.3,7.7,30,6.7,1.3,4.7,6.0,6.6,4.8,238.31,3
5121,177,18-25,22,硕士,12553.1,2485.7,20.4,7.8,54,7.7,3.6,3.5,5.6,7.6,4.3,634.94,6
5122,106,46-55,50,本科,8835.9,3067.3,29.5,8.1,46,5.4,4.9,6.0,5.7,5.2,4.1,978.66,8
5123,40,36-45,40,大专,5897.4,689.1,21.9,8.6,23,5.7,3.4,4.3,7.6,5.1,4.4,310.59,4
5124,65,46-55,50,硕士,8228.2,2300.2,25.5,7.8,69,4.9,4.1,3.7,6.2,2.6,3.0,576.08,6
5125,125,26-35,30,硕士,12655.1,3693.6,46.7,5.2,82,2.8,7.4,5.9,4.5,5.5,3.5,1326.71,8
5126,135,26-35,30,高中及以下,3481.4,2748.4,29.7,6.2,42,7.8,2.7,9.3,9.0,7.3,6.9,699.2,7
5127,28,18-25,22,硕士,10970.5,851.8,17.7,8.0,15,5.4,3.1,6.2,6.8,2.3,3.9,81.4,0
5128,145,46-55,50,高中及以下,3283.5,1727.2,13.5,9.4,12,5.0,1.9,5.1,5.8,5.6,4.4,324.35,4
5129,191,36-45,40,高中及以下,3055.3,1276.5,18.3,7.8,19,5.1,3.2,5.5,7.3,5.0,4.6,349.46,5
5130,59,26-35,30,高中及以下,3437.5,1586.9,20.8,6.3,38,5.6,2.0,6.1,8.7,3.4,4.9,393.68,5
5131,2,55+,60,本科,7636.5,1070.6,24.0,10.0,18,4.1,3.0,4.2,7.6,8.7,5.4,283.64,4
5132,108,26-35,30,高中及以下,2098.6,1644.4,10.8,8.0,5,5.2,4.6,2.2,7.4,6.0,3.8,192.01,2
5133,191,26-35,30,本科,8024.4,1363.8,5.0,8.0,32,4.3,1.1,6.8,5.5,8.9,5.9,349.46,5
5134,6,36-45,40,硕士,14294.8,2164.6,30.2,7.5,21,6.9,2.8,7.6,7.1,8.2,6.1,719.97,7
5135,113,36-45,40,硕士,17305.2,5203.3,54.9,7.0,64,1.4,6.9,7.7,6.1,6.7,4.9,1742.79,9
5136,73,36-45,40,本科,9033.7,2648.9,22.1,7.9,64,5.8,3.3,7.3,5.4,5.0,4.6,709.56,7
5137,106,46-55,50,本科,7561.5,2866.5,33.5,7.6,70,3.5,5.1,8.8,3.5,5.0,4.2,978.66,8
5138,177,26-35,30,高中及以下,4233.7,1687.7,29.1,8.9,41,4.4,4.2,4.0,8.1,6.1,4.6,634.94,6
5139,105,55+,60,本科,7421.7,1422.8,9.9,9.1,37,5.5,2.3,5.2,7.7,5.9,5.0,222.31,3
5140,151,36-45,40,本科,4535.5,627.5,13.1,8.1,19,5.9,3.6,3.6,9.1,5.3,4.6,209.86,3
5141,162,26-35,30,大专,4118.0,1990.5,19.5,8.3,40,5.9,6.2,7.4,5.7,7.2,4.9,472.76,6
5142,136,36-45,40,大专,5550.0,666.0,9.8,8.0,15,6.0,3.1,1.9,6.6,5.8,3.6,67.81,0
5143,31,26-35,30,大专,5657.0,2137.0,32.5,5.9,55,4.6,5.4,6.5,6.2,3.8,3.9,946.03,7
5144,186,36-45,40,博士,14036.1,1206.4,9.2,8.8,55,7.3,2.4,4.5,7.6,2.9,3.9,238.23,3
5145,42,36-45,40,本科,8848.3,1282.1,8.0,8.6,5,5.9,1.9,5.8,9.8,4.3,5.4,132.2,1
5146,125,18-25,22,大专,7669.0,3464.7,37.7,6.1,61,4.1,3.8,5.5,8.0,4.0,4.5,1326.71,8
5147,31,36-45,40,大专,6361.0,2209.6,39.2,7.7,56,3.0,4.0,6.3,3.1,5.8,3.8,946.03,7
5148,3,36-45,40,本科,8382.6,2174.6,36.6,9.0,31,6.5,1.9,3.9,5.8,5.4,4.0,680.64,7
5149,6,46-55,50,大专,6318.0,2139.0,35.0,7.6,21,3.7,6.1,1.9,5.4,4.9,2.6,719.97,7
5150,84,46-55,50,高中及以下,3890.3,323.0,10.1,8.4,8,7.0,3.7,7.5,6.9,7.6,5.8,66.12,0
5151,97,26-35,30,高中及以下,4220.7,1139.2,6.0,9.0,10,6.5,3.7,5.8,8.0,3.7,4.5,192.68,2
5152,122,36-45,40,博士,21939.8,2336.9,19.4,9.1,51,3.9,5.8,5.6,5.7,5.2,3.9,603.53,6
5153,75,55+,60,硕士,10443.0,588.7,13.3,6.4,19,5.6,4.0,6.7,7.3,7.8,5.7,337.61,5
5154,90,26-35,30,大专,3031.2,1350.4,13.8,9.1,5,6.7,2.7,5.6,10.0,5.7,5.7,163.54,2
5155,179,26-35,30,高中及以下,4505.8,4963.3,44.5,6.1,83,0.5,7.4,6.6,6.1,5.6,4.2,1808.04,9
5156,75,18-25,22,本科,9469.0,1637.5,16.9,9.9,21,4.0,2.6,4.9,7.7,5.1,4.7,337.61,5
5157,71,36-45,40,本科,9898.7,1946.9,25.9,7.8,33,6.0,2.6,8.2,7.3,5.6,5.7,690.93,7
5158,149,46-55,50,大专,4707.2,200.0,11.7,7.5,33,6.8,3.6,6.4,6.9,5.7,4.9,199.73,2
5159,192,46-55,50,本科,7262.9,1268.1,20.0,7.5,35,4.4,3.3,6.9,8.2,5.9,5.5,183.85,2
5160,3,46-55,50,高中及以下,3596.7,2428.3,25.3,6.5,59,4.2,3.1,5.7,4.8,4.1,3.7,680.64,7
5161,10,18-25,22,高中及以下,4375.1,484.6,11.6,8.8,5,6.3,2.8,4.5,9.1,3.5,4.5,93.37,0
5162,157,36-45,40,本科,7229.9,774.9,19.2,8.3,19,7.9,4.0,5.1,8.2,7.2,5.3,238.37,3
5163,7,46-55,50,本科,9924.2,1230.8,17.4,8.8,44,4.8,4.2,4.7,4.0,6.8,3.8,319.72,4
5164,156,26-35,30,硕士,12475.8,3524.2,34.3,7.2,39,3.6,4.6,4.0,5.2,3.8,3.1,958.89,8
5165,82,36-45,40,本科,7538.8,4010.4,21.9,8.6,52,4.4,4.5,3.9,9.0,5.6,4.6,650.6,7
5166,113,55+,60,硕士,11950.8,3964.8,53.0,4.5,103,2.9,6.1,5.2,6.0,5.1,3.8,1742.79,9
5167,3,18-25,22,大专,5606.8,3050.7,30.8,7.4,53,4.7,4.7,5.6,3.9,5.7,3.7,680.64,7
5168,69,26-35,30,高中及以下,3376.3,1057.6,10.4,7.7,17,7.1,3.0,5.6,8.2,8.6,6.0,77.86,0
5169,167,36-45,40,大专,6724.3,2716.9,28.6,8.4,39,5.0,4.6,8.5,7.0,3.8,4.9,989.1,8
5170,185,46-55,50,本科,9507.9,1748.4,19.0,7.0,26,6.6,1.7,4.6,5.7,5.1,4.2,303.08,4
5171,117,55+,60,本科,5487.3,1774.1,9.4,9.1,30,5.5,1.9,3.1,9.8,7.5,5.6,46.12,0
5172,194,26-35,30,博士,14419.5,822.4,15.8,9.8,26,6.1,2.4,1.9,6.9,4.8,3.5,176.48,2
5173,20,36-45,40,硕士,11752.4,1541.1,31.0,8.6,45,4.6,4.9,6.9,7.3,3.7,4.4,642.68,6
5174,175,36-45,40,高中及以下,3766.8,618.7,26.0,8.8,28,4.6,1.4,6.7,8.0,4.4,5.3,339.4,5
5175,156,26-35,30,本科,8265.6,3690.9,40.0,5.9,64,3.9,5.1,8.3,5.6,4.1,4.4,958.89,8
5176,26,26-35,30,大专,4458.5,594.6,5.9,7.2,5,6.2,2.7,5.9,8.8,5.6,5.4,46.95,0
5177,143,36-45,40,硕士,10447.6,1814.0,14.2,10.0,11,5.8,3.2,3.3,10.0,5.5,4.9,178.51,2
5178,134,26-35,30,高中及以下,2712.4,536.3,21.9,8.7,42,6.7,1.9,6.9,5.8,5.7,5.0,59.18,0
5179,184,36-45,40,硕士,11349.9,819.0,14.5,9.2,23,7.0,3.0,4.6,7.5,5.6,4.6,118.69,1
5180,54,36-45,40,大专,4553.5,1809.4,27.0,8.4,45,7.5,3.4,3.8,6.2,6.0,4.1,416.13,5
5181,73,36-45,40,大专,5219.0,2140.3,19.7,6.8,53,3.2,3.6,3.1,5.6,4.3,3.2,709.56,7
5182,46,55+,60,硕士,7555.7,1000.2,12.1,9.7,24,7.5,1.5,2.5,7.5,6.7,4.6,93.63,0
5183,179,26-35,30,硕士,17088.0,4098.6,57.6,6.1,93,4.8,7.6,4.3,4.3,4.0,2.5,1808.04,9
5184,174,26-35,30,本科,11392.9,200.0,11.1,8.4,5,4.6,2.2,7.4,8.4,4.4,5.5,195.72,2
5185,65,26-35,30,本科,8167.6,2385.4,26.1,8.6,33,6.0,3.4,2.5,6.4,3.2,3.0,576.08,6
5186,174,18-25,22,本科,6717.5,1039.3,5.9,9.9,19,5.0,2.8,3.6,5.7,6.6,4.1,195.72,2
5187,187,26-35,30,高中及以下,3162.6,1265.6,10.4,8.7,27,5.2,3.3,3.3,4.0,2.7,2.4,137.99,1
5188,31,46-55,50,硕士,14059.4,2296.2,34.4,6.5,40,4.9,4.3,8.0,6.2,6.2,5.2,946.03,7
5189,185,26-35,30,本科,7709.9,1911.6,8.1,8.5,58,3.5,5.4,6.6,8.7,6.4,5.4,303.08,4
5190,177,26-35,30,高中及以下,3055.3,875.1,31.9,7.2,39,4.1,1.7,6.7,6.2,5.4,5.0,634.94,6
5191,179,36-45,40,高中及以下,5438.1,4823.9,60.3,6.4,81,2.3,7.2,6.5,4.1,5.0,3.4,1808.04,9
5192,7,55+,60,本科,10650.6,942.0,21.2,9.5,41,4.3,2.6,5.1,6.6,4.4,4.2,319.72,4
5193,181,46-55,50,硕士,9092.6,537.4,22.6,8.7,30,6.1,2.1,2.3,8.8,6.2,4.6,62.98,0
5194,197,26-35,30,本科,10949.9,1130.8,17.3,7.9,49,5.5,1.0,5.7,5.6,4.1,4.3,173.08,2
5195,148,18-25,22,高中及以下,2447.4,2520.7,9.5,6.8,21,3.8,1.9,5.8,8.0,3.8,4.8,250.12,4
5196,167,18-25,22,硕士,11936.8,2972.7,33.5,10.0,41,3.1,3.7,4.2,6.4,6.0,4.2,989.1,8
5197,108,18-25,22,大专,3485.7,1365.4,16.0,8.3,33,7.5,1.7,4.6,4.3,4.3,3.5,192.01,2
5198,20,36-45,40,高中及以下,2928.3,2802.1,25.0,8.1,57,4.8,5.5,5.6,5.6,3.7,3.5,642.68,6
5199,106,55+,60,本科,5485.5,2485.1,44.6,7.4,60,2.7,6.0,3.8,7.5,5.2,3.9,978.66,8
5200,179,46-55,50,本科,10970.3,4714.9,48.3,5.5,88,3.2,6.9,7.4,6.6,5.7,4.6,1808.04,9
5201,101,46-55,50,本科,11220.2,683.0,19.0,9.4,19,6.2,1.9,5.9,9.7,5.3,5.7,97.45,0
5202,73,36-45,40,高中及以下,3218.8,1697.5,28.9,7.5,36,3.2,3.2,6.5,6.7,4.2,4.5,709.56,7
5203,128,36-45,40,硕士,5207.6,418.2,17.7,8.9,19,3.3,3.7,8.4,10.0,4.6,6.0,163.96,2
5204,191,26-35,30,硕士,12815.0,1248.1,17.6,9.9,53,4.5,4.3,5.3,7.1,5.7,4.6,349.46,5
5205,119,36-45,40,博士,23204.3,728.2,11.7,10.0,47,4.9,2.9,3.6,5.7,3.2,3.2,314.8,4
5206,113,26-35,30,高中及以下,4072.3,3763.8,54.4,6.0,88,2.3,5.2,6.3,2.6,6.8,3.7,1742.79,9
5207,106,36-45,40,本科,8581.4,2489.8,40.5,6.4,18,5.5,3.9,6.1,6.2,4.0,4.1,978.66,8
5208,91,26-35,30,本科,7847.5,822.8,15.2,7.7,23,7.0,2.3,5.6,7.1,4.1,4.5,390.98,5
5209,91,46-55,50,博士,22414.1,924.2,19.0,8.9,52,3.8,5.1,2.2,7.3,5.5,3.6,390.98,5
5210,191,36-45,40,高中及以下,3475.7,1838.2,22.6,7.4,53,5.8,1.2,5.7,7.0,4.0,4.6,349.46,5
5211,65,36-45,40,本科,8625.5,1211.0,23.0,8.0,55,3.5,3.6,6.0,7.0,6.1,4.9,576.08,6
5212,106,46-55,50,大专,5247.4,2994.2,37.1,6.5,21,5.3,5.6,5.1,7.1,4.9,4.1,978.66,8
5213,28,26-35,30,高中及以下,3470.8,237.0,12.9,7.6,25,7.1,1.9,4.0,8.5,7.4,5.4,81.4,0
5214,106,26-35,30,高中及以下,4335.2,1731.8,31.5,7.8,92,2.8,4.9,6.3,4.9,6.2,4.3,978.66,8
5215,73,18-25,22,本科,8676.9,2109.6,31.7,8.9,25,5.3,3.0,4.1,8.4,4.5,4.4,709.56,7
5216,107,26-35,30,本科,7507.0,1598.0,17.5,8.9,19,4.5,1.0,2.9,6.6,5.2,4.1,176.72,2
5217,96,36-45,40,博士,12873.3,433.7,13.1,8.4,15,5.9,3.2,3.0,8.9,3.6,4.0,199.56,2
5218,178,26-35,30,本科,8291.6,677.8,6.8,7.2,17,6.8,1.6,3.2,9.5,3.9,4.5,113.9,1
5219,125,46-55,50,硕士,11801.2,3949.7,47.0,5.6,59,3.8,6.1,4.8,7.3,3.8,3.7,1326.71,8
5220,89,46-55,50,硕士,11028.3,1176.3,15.3,9.3,52,5.1,4.0,2.8,10.0,5.6,4.7,247.96,3
5221,86,18-25,22,本科,8220.6,687.6,15.4,8.6,29,6.2,4.0,7.6,5.8,9.0,5.8,370.7,5
5222,7,36-45,40,高中及以下,3582.5,989.2,26.1,8.1,28,4.1,4.8,6.5,7.5,5.3,4.8,319.72,4
5223,55,55+,60,大专,4859.2,1876.7,20.6,8.8,37,4.0,2.3,3.8,5.6,5.1,3.8,376.64,5
5224,178,46-55,50,高中及以下,3156.4,1407.9,16.8,10.0,11,5.9,1.8,8.4,9.9,6.4,6.8,113.9,1
5225,82,36-45,40,硕士,13799.5,3328.8,26.9,8.0,52,7.6,5.3,5.2,10.0,5.5,5.2,650.6,7
5226,186,26-35,30,本科,6572.2,1108.8,24.9,8.7,46,5.9,2.5,4.8,8.9,4.6,4.9,238.23,3
5227,36,26-35,30,大专,5325.5,1294.0,19.3,7.7,15,4.4,4.2,6.4,6.1,5.5,4.5,182.89,2
5228,31,46-55,50,博士,30875.3,3035.1,31.7,7.2,35,4.4,4.8,7.7,4.1,5.6,4.3,946.03,7
5229,177,55+,60,硕士,13361.2,2844.4,29.6,8.7,31,4.4,3.1,9.1,8.0,7.2,6.5,634.94,6
5230,113,26-35,30,硕士,12352.6,4689.2,49.1,5.6,68,2.0,6.4,7.6,7.2,4.2,4.5,1742.79,9
5231,172,18-25,22,高中及以下,4626.1,200.0,7.6,9.2,35,4.5,1.3,4.6,6.5,4.7,4.3,137.4,1
5232,71,26-35,30,本科,6781.1,1863.7,27.9,7.9,65,6.2,3.7,6.2,8.6,7.5,5.8,690.93,7
5233,55,26-35,30,本科,10147.9,1139.8,24.1,7.5,22,4.7,3.3,5.2,7.8,5.5,4.8,376.64,5
5234,127,46-55,50,硕士,11023.3,485.7,5.0,8.8,29,5.3,2.7,6.6,6.7,4.3,4.6,84.24,0
5235,71,26-35,30,本科,5842.1,2071.3,27.0,9.0,53,6.3,3.2,4.5,8.6,7.4,5.4,690.93,7
5236,5,36-45,40,本科,6877.0,622.9,12.7,8.9,46,5.7,3.0,7.0,5.7,7.3,5.3,117.43,1
5237,179,26-35,30,高中及以下,4743.0,5111.2,55.2,6.6,70,1.2,6.1,5.7,6.3,6.7,4.5,1808.04,9
5238,166,46-55,50,本科,9476.0,1215.0,12.7,7.8,44,4.6,3.5,7.2,6.0,5.9,5.0,337.67,5
5239,113,26-35,30,本科,13789.9,5196.4,55.7,5.4,75,4.4,6.5,5.5,8.3,3.2,3.9,1742.79,9
5240,60,26-35,30,本科,6922.4,518.4,6.5,7.9,28,6.1,2.2,5.0,7.0,5.9,4.8,91.91,0
5241,73,18-25,22,本科,7214.3,2124.8,23.3,8.6,75,2.6,3.3,4.4,5.6,6.8,4.3,709.56,7
5242,5,18-25,22,高中及以下,3784.8,200.0,8.4,8.9,39,6.1,3.1,4.8,5.8,5.8,4.2,117.43,1
5243,30,46-55,50,大专,6107.1,200.0,16.2,9.3,37,5.4,3.9,6.5,7.3,5.7,5.0,81.31,0
5244,73,36-45,40,博士,15500.8,1648.6,23.1,9.9,19,3.4,4.4,5.3,7.8,5.9,4.8,709.56,7
5245,167,26-35,30,硕士,11430.2,2973.7,30.0,7.9,52,5.4,4.7,8.1,6.8,6.2,5.4,989.1,8
5246,160,55+,60,本科,6266.7,713.9,14.6,8.6,12,5.2,2.3,5.4,5.2,4.2,3.9,56.0,0
5247,90,36-45,40,本科,4487.4,1067.8,11.5,10.0,41,6.6,2.7,3.4,6.0,6.1,4.0,163.54,2
5248,175,26-35,30,本科,5628.3,1056.4,24.1,6.6,37,5.6,4.1,5.7,5.6,6.6,4.5,339.4,5
5249,119,26-35,30,本科,9118.6,2369.1,13.4,8.2,38,4.2,4.0,5.7,7.4,1.7,3.7,314.8,4
5250,179,36-45,40,高中及以下,4183.0,4830.5,44.9,6.3,80,3.3,6.4,7.8,3.4,8.4,4.7,1808.04,9
5251,3,18-25,22,硕士,9250.3,2795.4,29.8,7.1,61,4.5,4.7,6.4,10.0,5.2,5.5,680.64,7
5252,175,36-45,40,本科,8572.5,1313.7,22.2,8.7,46,5.4,3.9,3.7,8.1,5.9,4.5,339.4,5
5253,145,18-25,22,本科,8117.5,1354.8,15.1,7.1,30,4.5,3.8,6.5,7.5,5.5,5.0,324.35,4
5254,73,26-35,30,本科,7271.0,2331.5,21.9,5.6,23,6.4,2.9,4.6,6.3,6.4,4.5,709.56,7
5255,143,36-45,40,本科,5318.6,606.5,25.2,7.7,13,7.7,3.2,9.1,7.5,6.5,6.1,178.51,2
5256,144,46-55,50,硕士,10442.5,769.5,16.1,9.6,31,6.7,3.5,4.9,10.0,6.7,5.7,192.46,2
5257,125,26-35,30,硕士,13283.4,3878.2,35.7,6.7,66,3.4,3.6,4.8,6.6,4.4,4.0,1326.71,8
5258,179,36-45,40,本科,7235.5,5037.7,51.0,6.1,92,2.2,6.2,10.0,4.7,6.9,5.3,1808.04,9
5259,179,26-35,30,本科,7720.5,4503.6,52.4,5.2,85,3.1,6.6,9.7,6.4,4.8,5.0,1808.04,9
5260,54,55+,60,博士,16277.7,719.4,21.4,6.8,44,6.4,4.6,5.0,6.6,5.7,4.3,416.13,5
5261,55,46-55,50,博士,10289.4,2259.6,21.8,8.4,29,5.4,2.3,5.9,4.7,9.2,5.3,376.64,5
5262,106,46-55,50,本科,7546.1,2598.0,30.8,6.4,51,4.5,2.6,7.3,5.4,9.3,5.9,978.66,8
5263,140,55+,60,硕士,16922.5,1526.7,13.4,9.9,29,5.0,3.9,4.9,9.8,3.7,4.7,186.32,2
5264,156,36-45,40,大专,4010.8,2790.3,34.1,7.0,66,5.9,3.6,6.7,7.5,4.9,4.9,958.89,8
5265,195,46-55,50,高中及以下,3788.7,1307.5,10.9,9.1,23,4.6,3.1,7.4,10.0,4.2,5.7,218.18,3
5266,62,46-55,50,硕士,8547.3,581.3,13.3,8.7,5,6.1,2.2,2.2,7.9,6.0,4.3,49.09,0
5267,113,26-35,30,大专,6169.1,5920.4,57.5,6.8,90,1.6,7.7,6.8,4.5,4.3,3.4,1742.79,9
5268,50,55+,60,博士,15446.7,1742.4,10.5,8.9,26,6.0,3.3,3.3,7.1,4.3,3.7,205.22,3
5269,173,36-45,40,大专,6077.8,1388.4,8.0,7.8,9,6.0,4.1,4.1,8.3,4.3,4.2,208.75,3
5270,82,36-45,40,高中及以下,3366.8,1596.6,35.3,6.3,43,4.9,5.0,6.1,10.0,5.3,5.4,650.6,7
5271,186,36-45,40,硕士,12964.8,657.7,17.4,7.5,36,5.9,4.2,3.8,5.9,4.1,3.3,238.23,3
5272,149,36-45,40,大专,4593.3,1150.5,13.9,9.7,28,5.4,2.4,5.5,8.9,7.6,5.9,199.73,2
5273,156,26-35,30,硕士,11153.7,2972.8,32.5,9.0,36,3.2,2.2,5.2,6.0,4.0,4.0,958.89,8
5274,9,46-55,50,本科,6702.9,1641.5,16.1,9.6,44,5.6,2.1,5.3,8.1,6.2,5.3,255.33,4
5275,122,18-25,22,本科,6197.2,1944.4,24.0,7.8,31,4.5,3.3,6.4,5.3,4.3,4.1,603.53,6
5276,6,26-35,30,硕士,8262.6,2384.2,18.5,7.9,36,2.1,4.0,5.3,10.0,3.5,4.8,719.97,7
5277,12,55+,60,高中及以下,3244.5,200.0,13.7,10.0,21,5.6,3.2,5.8,8.9,7.5,5.9,189.04,2
5278,185,26-35,30,高中及以下,3072.8,591.2,23.2,6.7,18,5.8,3.3,4.1,8.6,6.2,4.9,303.08,4
5279,9,26-35,30,本科,7230.1,901.4,18.9,8.3,14,6.9,3.1,6.0,7.5,7.7,5.6,255.33,4
5280,180,46-55,50,大专,5497.0,2157.6,16.3,8.6,34,3.3,3.0,4.9,9.1,3.5,4.6,277.46,4
5281,59,26-35,30,本科,6694.7,992.3,24.3,10.0,15,5.4,3.4,5.7,7.7,4.2,4.5,393.68,5
5282,3,46-55,50,大专,4340.9,1935.4,24.5,8.5,53,4.9,1.1,5.1,4.0,7.3,4.5,680.64,7
5283,191,55+,60,高中及以下,2872.0,1217.2,16.2,8.5,37,4.8,3.4,6.7,10.0,5.8,5.9,349.46,5
5284,106,18-25,22,硕士,13478.7,3097.6,31.5,7.7,49,6.3,5.1,6.6,6.3,5.8,4.6,978.66,8
5285,71,55+,60,博士,20073.2,2319.5,27.5,5.9,53,5.5,3.4,7.2,6.2,4.4,4.6,690.93,7
5286,87,36-45,40,硕士,15938.8,1062.9,7.9,9.0,62,4.9,3.8,7.8,6.4,7.0,5.5,206.18,3
5287,179,36-45,40,硕士,15536.7,4639.3,46.8,5.2,97,3.5,6.5,5.8,5.6,5.8,4.0,1808.04,9
5288,59,26-35,30,本科,7095.1,2561.1,17.8,8.5,20,4.3,3.2,1.2,8.2,7.3,4.3,393.68,5
5289,179,36-45,40,本科,14426.3,4588.3,62.3,5.0,65,0.6,6.9,7.0,3.7,5.2,3.6,1808.04,9
5290,17,46-55,50,高中及以下,4308.1,1065.9,17.5,10.0,34,5.4,1.7,6.3,4.3,6.8,4.7,203.21,3
5291,20,46-55,50,硕士,11044.8,1764.3,17.5,8.8,36,4.9,2.8,4.7,8.1,4.3,4.5,642.68,6
5292,111,26-35,30,高中及以下,3376.2,687.9,17.2,10.0,41,4.7,3.8,7.2,5.8,3.2,4.1,144.53,1
5293,73,36-45,40,高中及以下,5342.0,2763.3,31.9,8.3,41,4.0,4.1,8.3,7.4,5.2,5.4,709.56,7
5294,3,46-55,50,高中及以下,3203.9,1654.5,27.8,6.9,28,4.5,4.9,7.1,8.7,3.5,4.8,680.64,7
5295,115,55+,60,本科,5725.2,1874.7,11.9,8.1,23,5.7,3.4,6.1,3.7,4.9,3.7,200.65,2
5296,65,18-25,22,本科,8947.2,2720.2,23.4,7.2,47,3.0,4.0,6.8,4.8,4.1,3.9,576.08,6
5297,113,26-35,30,本科,7021.8,5041.3,47.5,4.5,91,2.5,8.6,9.6,4.0,6.0,4.4,1742.79,9
5298,122,46-55,50,本科,9896.6,2203.6,26.9,7.7,27,5.5,4.8,6.5,6.8,5.4,4.7,603.53,6
5299,48,55+,60,本科,7459.9,968.1,18.0,9.8,22,5.8,3.8,6.8,6.3,4.1,4.4,209.27,3
5300,166,18-25,22,硕士,9200.7,1485.9,18.3,8.4,34,6.7,2.8,7.0,6.1,7.9,5.6,337.67,5
5301,108,26-35,30,本科,7508.0,1535.0,5.0,8.0,7,5.7,2.7,4.0,7.1,3.4,3.8,192.01,2
5302,151,55+,60,硕士,8348.3,407.8,17.5,9.3,38,5.3,1.5,3.9,10.0,6.7,5.7,209.86,3
5303,124,18-25,22,本科,8712.6,1517.9,10.8,8.2,34,5.4,4.0,8.1,7.9,4.1,5.2,266.9,4
5304,118,36-45,40,本科,8945.6,1655.1,23.6,8.1,35,4.3,3.6,4.9,7.9,6.7,5.1,465.37,6
5305,164,18-25,22,本科,7867.3,1033.5,22.5,8.3,29,5.4,2.2,5.6,7.4,5.7,5.0,388.92,5
5306,73,26-35,30,博士,15309.8,1990.7,33.2,8.2,45,4.3,5.3,3.7,6.8,2.8,3.0,709.56,7
5307,143,26-35,30,本科,7420.0,1044.8,24.5,9.1,31,5.7,1.2,5.0,7.9,8.5,5.9,178.51,2
5308,48,18-25,22,大专,4034.2,1910.7,15.0,9.4,26,5.6,2.3,2.4,7.6,4.9,3.9,209.27,3
5309,138,46-55,50,高中及以下,2558.5,1623.3,25.0,8.9,27,5.6,2.7,6.7,9.0,6.6,6.0,334.79,4
5310,81,46-55,50,本科,6393.5,1202.6,15.2,9.1,37,6.8,3.1,5.4,7.7,4.6,4.6,212.11,3
5311,3,18-25,22,本科,5618.9,3139.6,26.9,6.7,39,4.6,4.6,5.1,6.4,5.4,4.2,680.64,7
5312,177,18-25,22,硕士,11798.8,817.3,23.9,6.7,35,3.9,3.8,4.9,7.9,3.5,4.1,634.94,6
5313,20,46-55,50,本科,6235.9,2630.1,16.3,9.8,57,5.4,3.0,3.5,5.5,3.1,3.0,642.68,6
5314,112,26-35,30,大专,5060.9,639.4,15.5,10.0,15,6.6,2.6,7.5,7.7,6.3,5.8,157.63,1
5315,156,36-45,40,大专,5330.8,2945.1,28.1,7.0,45,5.6,4.7,5.7,7.8,8.1,5.5,958.89,8
5316,20,55+,60,本科,5451.5,2229.0,21.8,7.4,52,3.1,5.7,2.3,10.0,3.1,3.6,642.68,6
5317,106,26-35,30,本科,10805.5,2704.9,32.6,7.5,49,2.6,5.7,6.2,5.5,5.0,4.0,978.66,8
5318,31,18-25,22,硕士,11482.4,2394.6,23.9,9.0,41,3.6,2.4,6.2,5.4,5.5,4.5,946.03,7
5319,179,36-45,40,本科,7376.0,5141.7,47.9,7.1,111,2.8,7.2,4.3,5.5,5.0,3.2,1808.04,9
5320,112,26-35,30,大专,5239.1,200.0,10.9,10.0,13,5.2,3.1,4.6,9.2,5.5,5.1,157.63,1
5321,106,36-45,40,高中及以下,5216.3,3846.2,40.7,8.3,62,4.9,4.1,4.4,5.7,4.9,3.7,978.66,8
5322,124,55+,60,高中及以下,3867.7,2282.3,20.2,7.9,11,5.1,3.0,4.8,8.5,3.8,4.5,266.9,4
5323,101,36-45,40,本科,6588.0,1602.7,11.7,9.5,16,4.8,4.0,3.2,8.0,3.9,3.7,97.45,0
5324,186,36-45,40,博士,24436.1,1613.0,8.7,7.8,18,6.2,3.7,4.3,7.7,4.7,4.2,238.23,3
5325,149,26-35,30,高中及以下,2719.7,494.9,17.7,7.2,5,5.1,1.7,2.3,6.7,5.8,4.0,199.73,2
5326,169,46-55,50,本科,6410.0,490.1,13.0,8.2,15,6.1,3.4,5.4,8.5,3.1,4.4,69.84,0
5327,25,18-25,22,高中及以下,4319.3,219.9,12.8,8.7,27,6.2,2.7,6.4,9.5,8.1,6.5,165.82,2
5328,177,46-55,50,博士,16003.4,1333.8,21.0,7.7,45,4.5,3.8,7.8,6.6,7.8,5.8,634.94,6
5329,109,26-35,30,博士,16982.8,675.3,19.6,8.6,42,6.4,2.0,6.6,8.4,3.9,5.1,137.77,1
5330,133,26-35,30,高中及以下,2842.0,643.5,15.6,8.2,33,5.5,4.0,5.3,7.2,3.4,4.0,238.31,3
5331,125,36-45,40,大专,6275.8,3820.4,38.5,6.6,78,1.6,5.5,5.4,9.1,6.2,5.1,1326.71,8
5332,127,46-55,50,本科,7646.3,1193.2,7.0,7.2,30,5.4,3.7,6.0,8.0,5.4,5.0,84.24,0
5333,141,26-35,30,硕士,9235.9,2303.3,19.8,7.1,59,4.3,4.3,3.5,8.5,4.7,4.2,548.48,6
5334,50,36-45,40,本科,6952.9,1060.6,15.8,8.6,31,6.6,2.6,3.2,7.0,3.6,3.6,205.22,3
5335,113,55+,60,硕士,10514.8,4594.5,57.7,7.1,60,1.8,6.6,7.3,5.1,3.4,3.6,1742.79,9
5336,54,46-55,50,高中及以下,2712.0,1125.2,24.4,7.8,19,3.8,3.0,5.6,7.6,6.3,5.1,416.13,5
5337,22,55+,60,本科,6643.1,1183.9,20.7,8.5,8,7.0,4.3,5.2,9.7,3.6,4.7,158.78,1
5338,145,46-55,50,高中及以下,3887.6,1284.2,14.1,9.7,30,5.7,3.1,4.0,10.0,5.8,5.2,324.35,4
5339,113,26-35,30,本科,12351.6,3879.6,42.1,5.9,65,1.2,6.7,9.3,5.4,4.6,4.6,1742.79,9
5340,9,36-45,40,硕士,10218.1,1159.0,14.1,8.3,47,6.2,2.9,5.3,6.6,6.9,5.0,255.33,4
5341,149,26-35,30,大专,4230.9,330.7,15.3,7.5,7,4.7,3.5,3.6,7.8,4.1,3.9,199.73,2
5342,51,55+,60,大专,4627.4,650.4,6.6,9.3,22,6.9,1.0,2.2,6.5,3.9,3.5,100.98,0
5343,113,26-35,30,本科,9521.0,3865.3,52.5,5.5,78,2.4,6.9,2.9,5.0,6.4,3.1,1742.79,9
5344,43,36-45,40,大专,4439.7,744.5,17.5,8.7,30,8.8,2.4,5.3,9.2,5.9,5.5,109.83,1
5345,140,36-45,40,高中及以下,3384.9,258.4,14.7,9.7,13,5.4,1.0,6.8,8.4,6.4,6.0,186.32,2
5346,20,26-35,30,大专,5637.0,2757.3,25.4,9.4,43,3.0,2.9,6.7,6.2,4.3,4.5,642.68,6
5347,120,55+,60,硕士,12105.2,1992.3,16.4,8.2,28,4.7,3.7,3.8,7.4,2.0,3.2,327.35,4
5348,179,46-55,50,大专,6118.4,5337.3,48.2,6.9,87,1.7,4.8,6.9,3.7,5.6,3.9,1808.04,9
5349,154,26-35,30,大专,4265.1,1266.2,20.0,10.0,26,5.4,2.2,3.3,6.3,3.8,3.5,198.95,2
5350,156,26-35,30,本科,7459.5,2084.8,40.4,7.0,16,3.9,1.9,8.3,7.2,5.4,5.7,958.89,8
5351,164,36-45,40,大专,4753.9,991.8,24.0,7.8,7,4.1,2.7,5.3,10.0,9.4,6.7,388.92,5
5352,195,55+,60,本科,5367.8,1264.5,9.6,7.3,32,4.5,3.8,6.0,8.5,6.4,5.4,218.18,3
5353,0,46-55,50,大专,2696.0,816.3,13.5,7.9,26,7.0,3.5,6.8,6.9,5.8,5.1,243.89,3
5354,115,26-35,30,硕士,7654.9,801.3,14.0,9.3,37,6.3,2.3,6.3,9.0,4.0,5.2,200.65,2
5355,179,18-25,22,本科,7871.7,4767.6,52.3,5.5,94,3.1,5.1,4.3,4.2,4.3,2.9,1808.04,9
5356,167,18-25,22,本科,10344.2,3083.0,30.5,6.4,67,2.9,6.1,6.3,8.6,4.0,4.5,989.1,8
5357,20,36-45,40,本科,10327.5,1493.2,32.0,8.4,35,4.2,3.5,7.1,8.6,6.7,5.9,642.68,6
5358,70,26-35,30,高中及以下,3500.7,1487.9,5.0,10.0,26,6.4,3.6,3.4,8.0,5.2,4.2,213.02,3
5359,34,36-45,40,硕士,12864.6,1910.9,12.4,6.0,16,6.3,3.8,5.8,5.1,5.0,4.0,337.83,5
5360,174,26-35,30,硕士,9552.3,1517.6,15.8,9.2,23,4.8,2.6,4.9,7.0,6.0,4.7,195.72,2
5361,122,46-55,50,硕士,11177.8,2398.6,30.8,9.1,9,5.2,3.1,5.4,5.8,6.9,4.7,603.53,6
5362,167,18-25,22,硕士,11920.3,2251.7,40.2,8.6,20,5.3,4.4,6.0,6.1,6.3,4.6,989.1,8
5363,137,46-55,50,硕士,12354.8,1041.0,18.4,9.3,24,5.1,2.8,2.5,5.0,3.5,2.7,107.55,1
5364,106,26-35,30,硕士,9959.8,2763.7,28.2,6.6,64,3.7,5.5,6.1,5.6,6.1,4.3,978.66,8
5365,190,26-35,30,大专,4070.7,772.7,5.0,8.0,30,7.7,2.5,5.3,5.8,4.5,4.1,94.96,0
5366,167,18-25,22,本科,8379.6,2407.6,29.7,6.9,47,3.8,5.7,4.5,5.4,4.4,3.3,989.1,8
5367,169,26-35,30,高中及以下,2509.7,200.0,7.1,10.0,17,3.5,1.5,6.0,10.0,6.2,6.1,69.84,0
5368,191,36-45,40,高中及以下,2831.7,1210.4,14.5,10.0,5,5.7,3.3,2.8,6.9,5.9,4.0,349.46,5
5369,32,46-55,50,高中及以下,2815.2,703.0,18.0,8.8,10,4.6,3.5,6.2,6.6,3.5,4.2,146.42,1
5370,175,36-45,40,本科,6697.8,947.6,16.5,10.0,21,4.7,2.9,7.9,8.6,4.9,5.7,339.4,5
5371,154,36-45,40,大专,3432.4,911.4,26.6,9.9,17,5.7,2.4,3.5,7.1,6.0,4.4,198.95,2
5372,6,26-35,30,博士,16952.3,2482.0,17.1,8.4,53,4.6,4.7,5.5,6.1,10.0,5.5,719.97,7
5373,20,18-25,22,本科,9184.9,3199.5,27.1,7.5,58,3.3,4.5,9.8,7.3,5.4,5.8,642.68,6
5374,183,18-25,22,本科,5925.3,387.9,21.8,7.3,23,4.3,4.0,4.8,9.0,6.1,5.1,240.44,3
5375,71,36-45,40,本科,9530.7,1600.2,23.7,7.1,49,3.2,3.5,6.9,7.6,5.3,5.2,690.93,7
5376,34,26-35,30,博士,16077.6,1598.5,16.8,7.4,43,5.2,4.0,5.9,4.0,2.9,3.1,337.83,5
5377,179,36-45,40,高中及以下,3863.2,5427.8,52.6,4.9,84,3.2,10.0,5.1,2.6,5.2,2.3,1808.04,9
5378,162,36-45,40,大专,4312.5,2227.3,20.9,8.5,32,5.9,4.6,2.7,8.2,4.2,3.7,472.76,6
5379,113,26-35,30,大专,7368.5,4661.1,51.1,5.6,78,4.3,5.0,9.3,5.2,8.4,5.8,1742.79,9
5380,143,36-45,40,本科,4748.9,1218.6,8.8,8.8,35,4.4,4.2,6.2,5.4,3.9,3.8,178.51,2
5381,198,36-45,40,本科,5097.0,1640.4,9.5,8.4,5,5.6,2.8,5.9,7.0,3.8,4.4,157.31,1
5382,55,26-35,30,高中及以下,3155.5,1115.6,28.7,9.3,38,3.6,3.1,4.4,7.2,8.1,5.2,376.64,5
5383,65,46-55,50,高中及以下,3272.3,1966.3,24.0,8.6,29,5.0,3.1,2.9,5.1,6.2,3.6,576.08,6
5384,47,46-55,50,高中及以下,3259.4,1749.3,13.0,6.5,52,7.8,5.6,8.3,8.3,4.8,5.3,427.14,6
5385,65,18-25,22,本科,6594.0,1525.1,34.6,9.0,32,4.4,2.9,5.3,8.5,5.4,5.1,576.08,6
5386,23,18-25,22,硕士,11289.8,477.0,11.2,8.1,49,5.2,1.8,5.9,7.6,3.5,4.6,35.7,0
5387,167,26-35,30,硕士,13162.3,2142.5,33.4,9.0,30,3.9,5.3,6.9,8.6,3.4,4.6,989.1,8
5388,36,36-45,40,本科,6394.2,1428.1,5.0,9.9,22,7.4,2.5,2.2,10.0,6.3,4.9,182.89,2
5389,82,26-35,30,博士,16341.5,2024.5,22.2,7.1,46,4.7,4.0,5.9,8.1,6.4,5.3,650.6,7
5390,120,36-45,40,大专,4696.6,1578.5,12.5,8.1,35,6.2,3.1,5.5,6.2,5.0,4.3,327.35,4
5391,173,46-55,50,硕士,14436.7,1316.3,15.5,9.2,27,3.9,2.9,5.4,9.8,5.9,5.6,208.75,3
5392,31,26-35,30,博士,17231.6,2687.1,26.7,6.4,33,5.5,4.3,5.2,10.0,8.6,6.2,946.03,7
5393,133,36-45,40,本科,9916.9,1308.1,6.4,8.0,21,4.9,3.1,5.1,7.4,4.0,4.3,238.31,3
5394,167,18-25,22,硕士,19679.9,3409.0,33.6,6.0,53,3.5,4.5,6.5,5.5,5.8,4.4,989.1,8
5395,176,46-55,50,本科,8331.0,930.4,18.1,8.3,43,4.8,2.9,6.8,7.4,6.6,5.5,150.36,1
5396,179,18-25,22,硕士,13557.5,5275.3,53.7,6.1,85,2.8,6.3,5.8,5.7,5.9,4.1,1808.04,9
5397,12,26-35,30,高中及以下,3753.5,1744.0,13.5,5.6,22,3.5,2.7,5.0,7.0,7.0,5.0,189.04,2
5398,106,36-45,40,硕士,11855.2,3094.6,31.2,8.4,49,3.8,4.0,8.3,6.2,6.6,5.5,978.66,8
5399,97,26-35,30,硕士,7266.0,1162.8,15.4,7.9,26,5.0,3.0,4.1,6.9,3.8,3.8,192.68,2
5400,0,36-45,40,高中及以下,4165.8,1527.3,8.5,10.0,31,7.3,1.7,6.5,9.2,4.5,5.5,243.89,3
5401,151,26-35,30,大专,4470.9,953.7,16.3,10.0,24,4.7,1.8,7.7,8.1,7.3,6.3,209.86,3
5402,156,46-55,50,大专,4850.0,3515.6,44.1,8.4,58,3.0,3.7,6.4,4.7,5.3,4.2,958.89,8
5403,53,36-45,40,高中及以下,2387.4,934.7,22.7,9.7,50,4.8,2.3,5.9,9.2,3.9,5.1,273.6,4
5404,174,36-45,40,高中及以下,3979.8,1567.6,19.9,7.9,18,5.4,2.2,3.6,8.1,2.5,3.7,195.72,2
5405,71,36-45,40,高中及以下,3476.5,2065.1,33.5,7.3,49,2.5,4.3,5.3,4.1,5.5,3.6,690.93,7
5406,71,36-45,40,本科,8100.1,1964.5,24.9,6.7,40,5.4,4.3,7.3,7.5,5.3,5.1,690.93,7
5407,118,46-55,50,高中及以下,3988.1,1564.8,23.7,7.6,45,5.8,2.8,4.8,7.1,6.0,4.7,465.37,6
5408,53,36-45,40,大专,3877.2,675.9,23.1,8.6,29,4.9,2.8,8.4,10.0,5.3,6.4,273.6,4
5409,156,36-45,40,高中及以下,3872.6,3270.4,29.4,6.5,79,4.7,5.3,4.5,6.5,6.6,4.3,958.89,8
5410,61,36-45,40,本科,9979.1,1496.6,15.6,9.4,30,4.4,3.3,7.2,6.6,5.5,5.0,123.27,1
5411,122,46-55,50,本科,7949.1,2324.8,28.2,7.0,42,5.7,4.0,4.5,6.2,4.6,3.8,603.53,6
5412,58,26-35,30,硕士,13653.6,930.6,9.6,9.5,26,6.2,3.1,5.2,7.4,6.7,5.1,206.7,3
5413,75,46-55,50,高中及以下,3056.3,1932.6,23.1,10.0,40,7.4,3.8,5.0,4.4,5.9,3.8,337.61,5
5414,180,36-45,40,本科,7516.1,1267.7,11.4,9.4,13,6.8,3.7,3.0,7.6,5.1,4.0,277.46,4
5415,106,18-25,22,硕士,9628.1,2825.1,29.1,6.1,58,3.9,4.6,3.4,7.4,6.7,4.3,978.66,8
5416,140,55+,60,本科,9768.0,813.9,16.4,7.6,17,5.7,3.5,3.8,7.0,4.3,3.8,186.32,2
5417,53,36-45,40,硕士,8896.2,1075.0,18.7,7.1,34,7.6,4.2,5.4,6.3,6.6,4.6,273.6,4
5418,144,18-25,22,硕士,7849.7,200.0,26.3,8.3,26,4.8,2.4,3.3,6.8,6.5,4.4,192.46,2
5419,192,36-45,40,本科,6161.3,2143.9,5.0,7.9,51,5.5,1.0,4.1,7.3,7.6,5.3,183.85,2
5420,145,36-45,40,硕士,11243.2,1197.8,14.1,7.3,25,5.2,2.1,3.8,7.4,4.6,4.2,324.35,4
5421,108,18-25,22,大专,4007.7,442.9,16.8,8.8,15,8.6,4.5,5.2,6.6,6.2,4.5,192.01,2
5422,27,26-35,30,大专,4411.5,806.9,17.6,7.7,25,5.7,1.7,4.1,9.0,3.4,4.5,216.09,3
5423,113,36-45,40,本科,6884.7,5033.3,61.4,8.4,57,1.6,5.8,7.9,3.2,8.8,4.9,1742.79,9
5424,57,55+,60,本科,6383.6,464.2,16.6,8.0,34,6.0,1.7,4.2,6.5,6.7,4.7,108.94,1
5425,155,36-45,40,本科,8674.5,681.7,14.6,8.2,19,6.3,1.9,4.7,8.9,5.6,5.2,72.65,0
5426,73,36-45,40,硕士,16024.9,2301.6,23.8,7.8,70,2.7,3.8,3.4,4.7,5.8,3.4,709.56,7
5427,34,55+,60,博士,17463.0,2017.1,9.8,9.3,26,7.2,2.6,6.4,8.7,6.6,5.8,337.83,5
5428,31,18-25,22,大专,8165.6,3231.6,33.7,6.0,52,4.8,5.6,6.1,5.6,5.2,4.0,946.03,7
5429,32,26-35,30,本科,9989.6,1227.7,5.2,8.6,22,6.2,2.0,4.2,5.1,6.4,4.2,146.42,1
5430,142,36-45,40,大专,4856.5,200.0,12.7,10.0,26,4.7,3.3,4.2,6.7,5.6,4.2,29.74,0
5431,6,36-45,40,高中及以下,2614.4,2564.9,29.2,7.6,31,3.8,4.7,7.0,8.7,4.2,5.0,719.97,7
5432,187,55+,60,本科,7213.4,1967.4,13.3,8.4,51,6.6,2.1,3.6,8.2,6.9,5.0,137.99,1
5433,47,18-25,22,硕士,11864.8,2063.1,21.4,8.7,14,5.7,1.8,3.4,7.2,5.0,4.2,427.14,6
5434,73,18-25,22,本科,6707.6,3030.3,22.5,8.4,44,4.2,3.4,5.0,7.0,5.8,4.6,709.56,7
5435,40,26-35,30,本科,15641.1,1103.2,21.0,7.1,19,6.4,4.3,3.6,7.5,6.1,4.3,310.59,4
5436,177,36-45,40,大专,5311.2,2082.2,26.7,9.2,37,6.1,3.7,4.4,4.7,6.3,3.9,634.94,6
5437,6,26-35,30,硕士,17986.2,2064.3,31.1,7.2,35,6.6,3.8,6.7,5.2,8.2,5.2,719.97,7
5438,148,36-45,40,本科,8859.0,232.5,13.7,8.4,28,6.5,4.0,6.0,10.0,4.9,5.4,250.12,4
5439,25,18-25,22,大专,3471.7,1323.5,8.0,9.7,25,5.9,4.3,7.1,7.8,5.6,5.2,165.82,2
5440,199,26-35,30,硕士,8397.1,200.0,6.5,7.9,42,5.0,1.3,2.9,8.3,4.9,4.4,47.32,0
5441,85,55+,60,硕士,14382.3,554.6,12.3,8.5,35,6.3,2.1,1.0,8.1,4.8,3.7,89.86,0
5442,71,26-35,30,高中及以下,3145.1,2074.4,28.9,8.0,63,5.1,2.9,8.7,7.1,3.5,5.1,690.93,7
5443,86,46-55,50,高中及以下,3906.3,1119.4,20.4,10.0,22,5.3,1.2,6.1,6.2,6.6,5.2,370.7,5
5444,81,46-55,50,高中及以下,4684.4,1499.4,23.6,10.0,16,5.7,2.1,2.5,8.6,5.9,4.6,212.11,3
5445,40,26-35,30,本科,6521.6,1425.7,30.5,8.2,21,6.9,4.0,6.8,7.9,5.4,5.2,310.59,4
5446,176,26-35,30,本科,8467.3,515.3,7.5,8.0,29,3.6,2.5,4.3,7.7,5.1,4.5,150.36,1
5447,128,46-55,50,硕士,14095.7,1021.8,14.9,8.8,43,6.2,1.4,7.6,5.4,9.2,6.1,163.96,2
5448,75,18-25,22,高中及以下,2475.4,1153.6,18.9,10.0,24,6.5,3.8,4.9,7.3,6.3,4.7,337.61,5
5449,82,46-55,50,本科,6543.8,1813.2,24.9,8.0,25,5.0,2.3,5.5,7.1,5.0,4.7,650.6,7
5450,12,36-45,40,本科,6669.6,945.3,11.9,8.0,34,3.3,3.1,4.7,6.2,5.6,4.3,189.04,2
5451,85,55+,60,本科,6041.6,1072.3,11.9,8.0,35,5.3,1.1,4.6,3.9,6.1,4.0,89.86,0
5452,157,36-45,40,大专,4462.2,1266.0,18.2,9.6,14,6.0,1.7,6.3,6.7,4.3,4.7,238.37,3
5453,89,36-45,40,博士,20926.3,200.0,19.8,9.1,18,4.4,2.9,5.5,8.4,5.8,5.2,247.96,3
5454,103,46-55,50,本科,7346.1,630.9,12.6,8.4,32,6.2,3.8,6.1,8.3,6.3,5.4,66.53,0
5455,43,26-35,30,本科,7115.7,1156.1,19.2,9.5,8,5.7,4.2,7.1,6.1,2.9,4.0,109.83,1
5456,34,36-45,40,高中及以下,4351.1,200.0,20.2,9.4,31,5.6,2.0,5.4,8.7,6.7,5.7,337.83,5
5457,145,36-45,40,硕士,9453.7,1628.4,9.4,9.0,30,5.4,3.5,4.1,8.1,8.0,5.3,324.35,4
5458,140,26-35,30,本科,6424.9,512.2,10.1,6.2,44,6.7,3.1,4.7,10.0,6.3,5.6,186.32,2
5459,125,46-55,50,本科,7293.7,3987.7,53.7,5.6,76,1.3,4.7,4.0,6.5,7.5,4.5,1326.71,8
5460,159,46-55,50,硕士,8521.4,866.4,18.3,9.5,63,7.1,2.6,5.8,8.1,4.3,4.8,286.16,4
5461,106,46-55,50,硕士,15599.8,2691.0,35.1,6.8,64,4.3,3.4,4.9,8.1,5.8,4.9,978.66,8
5462,30,55+,60,高中及以下,3525.8,1165.1,17.1,8.8,48,4.9,2.8,5.1,8.9,8.2,5.9,81.31,0
5463,115,46-55,50,高中及以下,2636.1,1296.2,17.9,9.5,47,6.2,1.9,5.6,7.2,6.4,5.2,200.65,2
5464,59,36-45,40,本科,7676.8,1367.9,20.4,8.5,26,5.5,3.9,9.4,8.6,4.5,5.9,393.68,5
5465,144,26-35,30,博士,20146.9,1328.8,12.0,9.7,26,5.7,3.9,6.1,8.7,5.5,5.2,192.46,2
5466,135,36-45,40,大专,6062.8,2662.1,32.8,7.4,26,4.4,4.4,7.5,5.9,4.3,4.4,699.2,7
5467,59,26-35,30,大专,5134.7,1731.8,15.9,7.0,28,4.7,2.8,7.2,6.1,5.6,5.0,393.68,5
5468,175,36-45,40,大专,7193.7,2146.7,22.5,9.0,48,4.6,3.7,5.9,6.5,7.0,5.0,339.4,5
5469,179,46-55,50,博士,25913.9,5783.6,61.2,2.9,91,2.1,6.8,6.6,3.7,6.8,3.9,1808.04,9
5470,141,26-35,30,高中及以下,3947.6,1795.5,25.9,6.9,24,4.5,3.0,4.9,6.6,6.9,4.8,548.48,6
5471,91,18-25,22,本科,8028.4,271.7,26.5,8.6,30,5.1,2.1,7.5,9.0,4.2,5.6,390.98,5
5472,125,18-25,22,博士,18787.6,4173.6,38.2,6.6,74,2.7,5.6,6.9,5.1,4.2,3.8,1326.71,8
5473,73,55+,60,硕士,12806.9,2824.3,31.1,8.7,62,5.1,4.1,3.7,5.6,3.9,3.2,709.56,7
5474,74,26-35,30,高中及以下,2286.9,1082.3,12.3,8.8,31,5.7,3.1,5.0,7.9,4.9,4.6,20.09,0
5475,109,36-45,40,大专,5427.2,647.3,6.4,10.0,11,6.3,3.1,6.4,10.0,4.9,5.6,137.77,1
5476,71,26-35,30,大专,4878.6,2314.8,19.7,7.8,56,4.2,3.6,5.4,9.1,2.6,4.4,690.93,7
5477,149,36-45,40,本科,8971.5,1011.7,15.8,8.9,52,5.2,4.5,5.0,6.7,2.6,3.4,199.73,2
5478,31,18-25,22,硕士,13013.1,2964.5,30.4,5.0,39,3.1,4.0,5.3,6.7,4.4,4.1,946.03,7
5479,20,36-45,40,本科,11083.2,2166.0,25.7,8.0,35,5.0,4.9,6.4,8.2,4.6,4.8,642.68,6
5480,113,55+,60,本科,10787.0,5043.5,52.9,5.8,92,2.7,6.7,6.2,5.6,5.6,4.0,1742.79,9
5481,106,55+,60,高中及以下,4794.8,3121.0,36.6,7.9,56,4.7,5.3,5.8,6.0,3.4,3.6,978.66,8
5482,76,26-35,30,大专,4864.7,200.0,11.1,7.9,5,3.9,2.1,2.0,7.1,6.0,4.0,161.91,1
5483,178,36-45,40,本科,7339.1,846.1,17.5,7.5,13,6.4,1.3,4.9,7.4,4.9,4.7,113.9,1
5484,113,36-45,40,博士,16840.6,3937.1,43.0,6.6,62,3.1,5.7,4.0,4.1,7.1,3.5,1742.79,9
5485,167,36-45,40,本科,9202.1,3767.2,40.8,5.9,59,3.5,4.2,8.7,4.8,4.5,4.5,989.1,8
5486,156,36-45,40,大专,7766.2,2539.3,29.5,5.9,49,5.2,4.4,8.0,7.6,5.6,5.4,958.89,8
5487,113,26-35,30,硕士,9928.4,4703.3,51.1,6.4,81,4.6,7.6,3.7,7.4,6.6,4.0,1742.79,9
5488,167,26-35,30,大专,4187.5,2190.0,31.4,8.3,52,3.3,5.8,7.7,6.9,4.7,4.7,989.1,8
5489,125,36-45,40,本科,13168.2,4302.0,35.9,7.1,42,1.8,6.5,6.5,5.6,6.1,4.3,1326.71,8
5490,53,18-25,22,本科,6941.4,1257.3,16.2,8.7,27,6.9,3.1,5.4,7.6,5.6,4.9,273.6,4
5491,85,55+,60,博士,14684.4,1005.1,23.5,8.8,44,5.0,3.4,6.4,7.1,5.9,5.1,89.86,0
5492,179,55+,60,本科,11903.9,4423.5,52.3,6.6,81,1.6,5.3,7.9,4.5,3.8,3.9,1808.04,9
5493,71,55+,60,硕士,13749.7,2049.5,33.6,9.1,53,4.7,2.7,4.9,7.6,5.3,4.7,690.93,7
5494,6,18-25,22,本科,9287.1,3009.4,26.1,6.2,49,3.8,3.2,7.0,6.4,6.2,5.1,719.97,7
5495,179,26-35,30,本科,12987.6,5926.8,55.3,7.0,73,3.0,4.9,8.4,7.0,6.3,5.5,1808.04,9
5496,113,46-55,50,博士,29516.9,4743.0,46.9,8.0,89,1.5,6.5,3.5,5.3,4.4,2.8,1742.79,9
5497,159,26-35,30,本科,7406.8,1821.5,22.5,10.0,37,4.9,3.7,6.2,6.2,5.0,4.4,286.16,4
5498,105,46-55,50,高中及以下,3216.1,1345.9,16.4,9.3,41,9.1,1.6,7.6,7.5,4.0,5.2,222.31,3
5499,128,26-35,30,博士,9410.3,1474.4,25.8,7.1,16,6.1,2.9,4.2,7.6,5.9,4.6,163.96,2
5500,122,18-25,22,高中及以下,2973.1,1784.4,25.1,7.1,51,5.0,5.7,5.5,7.0,3.7,3.8,603.53,6
5501,20,26-35,30,大专,5580.2,1307.9,26.2,8.2,34,3.6,5.2,6.1,7.4,6.0,4.8,642.68,6
5502,34,26-35,30,高中及以下,2852.6,954.4,12.0,8.4,14,4.6,3.6,3.1,5.9,5.2,3.5,337.83,5
5503,167,26-35,30,博士,19742.1,3048.4,36.4,8.2,67,5.4,5.0,6.8,3.8,4.6,3.6,989.1,8
5504,30,36-45,40,硕士,9985.4,444.1,18.2,7.1,15,4.8,1.5,4.6,7.0,6.4,4.9,81.31,0
5505,68,36-45,40,大专,4237.9,980.3,18.8,8.5,46,4.5,3.5,7.6,6.2,3.0,4.3,213.07,3
5506,125,55+,60,本科,7418.9,3743.5,43.9,7.0,79,2.1,3.7,4.5,5.7,8.0,4.7,1326.71,8
5507,179,55+,60,硕士,10496.1,5695.0,63.1,7.4,84,3.6,6.5,6.1,3.1,5.5,3.3,1808.04,9
5508,86,46-55,50,大专,4544.2,1837.9,21.6,7.2,13,4.2,1.8,3.8,7.0,5.3,4.3,370.7,5
5509,113,18-25,22,大专,5232.0,4854.4,52.5,6.3,68,2.6,6.0,6.5,4.7,5.9,4.0,1742.79,9
5510,190,26-35,30,本科,7206.2,1052.8,13.9,8.1,27,4.6,4.4,5.8,7.0,5.1,4.5,94.96,0
5511,156,26-35,30,硕士,10488.3,2396.0,34.4,6.6,57,4.4,5.7,5.1,3.8,4.2,2.9,958.89,8
5512,72,36-45,40,高中及以下,2433.4,1313.6,6.2,10.0,30,5.9,3.6,6.4,7.9,4.7,4.9,143.19,1
5513,156,55+,60,本科,8731.6,2846.5,19.0,8.1,37,3.6,3.6,7.3,6.5,7.5,5.6,958.89,8
5514,75,46-55,50,本科,7068.1,1140.6,19.1,8.6,5,5.2,1.9,5.5,6.5,5.4,4.7,337.61,5
5515,137,26-35,30,博士,23118.6,792.7,15.4,10.0,41,6.2,3.1,5.7,8.8,2.4,4.4,107.55,1
5516,41,18-25,22,硕士,6965.0,1318.8,20.0,8.3,5,3.8,3.1,5.7,6.1,4.5,4.2,176.16,2
5517,20,36-45,40,本科,7553.1,1751.2,25.0,8.5,33,4.6,4.4,8.5,7.4,6.0,5.6,642.68,6
5518,86,46-55,50,博士,19141.4,1595.2,13.0,8.1,27,4.1,4.6,4.3,6.7,4.0,3.6,370.7,5
5519,47,55+,60,本科,6832.7,1681.1,25.1,7.5,5,6.7,2.3,1.6,5.7,6.9,3.7,427.14,6
5520,167,18-25,22,硕士,11607.5,3400.6,36.7,7.5,36,3.0,3.3,5.9,6.5,4.2,4.3,989.1,8
5521,125,46-55,50,大专,7429.4,3640.6,47.1,6.6,56,2.0,4.8,6.1,3.9,7.5,4.3,1326.71,8
5522,10,26-35,30,大专,3886.3,1706.9,19.4,9.4,7,7.1,3.8,4.4,9.3,4.7,4.7,93.37,0
5523,82,46-55,50,高中及以下,2918.6,2003.4,30.5,8.8,30,5.4,4.1,7.8,6.9,7.4,5.7,650.6,7
5524,96,36-45,40,大专,3949.7,291.6,14.7,7.6,35,5.1,2.1,7.8,8.2,6.6,6.2,199.56,2
5525,167,26-35,30,硕士,12586.0,3338.8,33.9,8.9,29,4.5,4.8,6.7,9.2,3.9,5.0,989.1,8
5526,178,55+,60,高中及以下,3768.4,963.0,7.8,8.9,34,7.0,2.6,6.3,9.3,3.5,5.1,113.9,1
5527,90,55+,60,高中及以下,3323.6,1304.9,13.1,9.8,25,4.3,3.2,4.0,7.5,2.9,3.7,163.54,2
5528,164,55+,60,大专,4220.2,716.9,13.2,9.1,34,5.7,4.0,4.3,8.4,4.0,4.2,388.92,5
5529,156,36-45,40,本科,6977.8,3158.0,34.7,7.0,48,3.5,4.9,7.3,6.5,5.5,4.8,958.89,8
5530,13,18-25,22,本科,7944.0,200.0,13.9,9.4,37,5.2,2.6,3.7,9.7,5.2,4.9,21.91,0
5531,27,36-45,40,本科,6352.3,1727.3,17.3,9.1,50,5.5,4.1,2.2,4.9,4.2,2.6,216.09,3
5532,65,46-55,50,硕士,10120.4,2302.6,22.6,9.1,15,5.3,4.3,5.6,7.6,5.7,4.8,576.08,6
5533,143,46-55,50,高中及以下,3900.5,455.5,11.3,8.2,27,6.0,2.9,4.2,8.6,4.1,4.4,178.51,2
5534,20,36-45,40,本科,7568.4,1296.0,23.0,8.3,33,5.0,4.9,6.9,9.9,3.6,5.1,642.68,6
5535,127,36-45,40,硕士,12046.2,1747.1,7.8,9.8,15,4.8,3.6,8.8,7.5,6.3,5.9,84.24,0
5536,0,55+,60,本科,8466.2,1671.3,15.5,10.0,20,4.8,2.1,6.2,8.0,6.9,5.7,243.89,3
5537,137,55+,60,本科,5382.9,1304.2,16.4,7.7,18,5.8,2.9,5.5,8.1,6.2,5.2,107.55,1
5538,186,36-45,40,本科,6422.0,867.8,18.0,8.2,19,4.6,3.4,6.3,4.8,6.9,4.7,238.23,3
5539,177,26-35,30,本科,8802.7,1698.2,27.3,8.6,29,7.5,3.4,4.1,7.0,4.6,4.0,634.94,6
5540,159,26-35,30,硕士,11752.8,1246.8,8.6,6.9,20,7.3,3.5,8.5,9.9,7.3,6.8,286.16,4
5541,66,26-35,30,高中及以下,3395.4,1349.0,8.6,7.7,16,6.3,2.3,3.6,8.4,6.9,5.1,138.1,1
5542,6,26-35,30,高中及以下,2171.7,3225.8,36.3,7.0,45,6.7,3.6,4.7,4.7,6.5,4.0,719.97,7
5543,177,26-35,30,本科,9421.1,2744.6,14.8,7.1,31,6.2,2.0,4.1,6.3,7.1,4.7,634.94,6
5544,29,18-25,22,本科,6439.8,1587.0,14.8,7.5,5,6.3,1.3,6.1,7.7,3.3,4.7,110.86,1
5545,6,18-25,22,本科,9008.2,2007.6,26.2,6.0,44,6.1,5.1,5.6,8.3,7.5,5.4,719.97,7
5546,120,46-55,50,高中及以下,3596.7,873.6,13.3,6.9,49,4.3,3.7,5.7,8.8,3.9,4.7,327.35,4
5547,113,36-45,40,大专,8137.8,4016.8,45.4,5.9,98,0.8,6.4,5.4,1.7,7.6,3.3,1742.79,9
5548,41,18-25,22,本科,5419.6,1561.6,8.6,8.2,5,6.0,2.5,4.4,6.5,6.0,4.5,176.16,2
5549,113,46-55,50,硕士,18737.8,5803.1,55.0,7.2,50,2.6,5.2,5.5,4.2,7.3,4.1,1742.79,9
5550,59,36-45,40,本科,6978.9,1311.6,14.2,7.7,59,4.5,3.9,5.0,9.1,4.6,4.8,393.68,5
5551,157,26-35,30,本科,6203.3,1567.7,17.9,8.6,5,5.3,3.4,4.5,8.0,5.2,4.6,238.37,3
5552,167,18-25,22,高中及以下,4741.7,2586.4,34.5,5.2,36,3.2,3.1,5.4,7.9,6.5,5.2,989.1,8
5553,71,26-35,30,本科,9353.8,2315.3,25.7,9.6,49,5.6,4.1,8.4,8.6,7.2,6.3,690.93,7
5554,185,18-25,22,大专,5441.9,1100.3,20.1,7.7,14,7.1,1.0,6.8,7.6,4.2,5.2,303.08,4
5555,86,18-25,22,硕士,8003.4,530.4,16.5,8.3,50,4.9,1.9,4.8,5.7,5.8,4.4,370.7,5
5556,179,36-45,40,本科,11223.2,5281.5,46.3,6.8,64,2.8,7.6,6.8,4.6,6.8,4.1,1808.04,9
5557,120,26-35,30,硕士,10113.2,200.0,17.4,7.7,32,4.7,5.8,5.3,6.5,7.0,4.5,327.35,4
5558,36,18-25,22,高中及以下,3803.9,723.7,6.9,9.3,25,5.4,3.7,4.7,7.6,5.9,4.7,182.89,2
5559,95,18-25,22,高中及以下,2193.4,1809.1,22.9,9.1,31,4.5,1.0,6.3,9.0,6.7,6.1,34.35,0
5560,73,36-45,40,本科,13353.0,1524.0,28.2,10.0,76,2.4,5.3,9.1,7.9,6.3,5.9,709.56,7
5561,162,26-35,30,本科,6756.3,2029.7,29.2,7.5,42,6.3,4.7,5.0,8.1,5.3,4.6,472.76,6
5562,162,55+,60,硕士,10688.7,1166.8,15.0,9.2,60,3.0,2.6,6.9,8.7,5.6,5.7,472.76,6
5563,167,36-45,40,博士,25090.6,2581.5,39.1,5.8,53,3.0,5.8,4.6,4.9,4.9,3.3,989.1,8
5564,20,18-25,22,本科,7378.3,1913.8,24.7,8.6,44,5.4,1.8,5.8,4.7,5.6,4.3,642.68,6
5565,6,46-55,50,本科,11886.6,2621.0,32.2,7.7,40,5.5,1.2,7.0,6.2,5.0,5.0,719.97,7
5566,179,46-55,50,大专,6673.2,4168.3,65.1,4.4,82,2.2,6.3,6.0,7.6,5.5,4.6,1808.04,9
5567,54,36-45,40,高中及以下,3294.0,1809.7,9.2,9.7,52,5.6,3.4,7.0,8.2,5.5,5.4,416.13,5
5568,82,46-55,50,高中及以下,3325.4,1557.0,26.7,7.4,35,4.9,4.1,6.8,8.6,5.4,5.4,650.6,7
5569,113,55+,60,硕士,10756.4,4367.7,58.3,4.9,78,1.6,7.1,8.3,3.8,5.5,4.0,1742.79,9
5570,185,26-35,30,大专,4265.6,813.0,24.6,9.4,22,5.6,3.7,5.7,8.9,6.8,5.6,303.08,4
5571,138,46-55,50,高中及以下,3193.2,915.1,23.5,7.3,49,7.2,1.7,5.3,9.8,8.9,6.6,334.79,4
5572,71,26-35,30,硕士,13510.1,2852.9,19.9,5.6,43,6.4,4.4,5.8,5.7,4.2,3.9,690.93,7
5573,133,26-35,30,本科,5998.5,854.1,14.2,8.8,13,6.6,2.4,7.0,7.4,9.7,6.5,238.31,3
5574,190,36-45,40,大专,5298.1,200.0,11.5,9.9,35,7.5,3.1,4.4,6.2,5.3,4.1,94.96,0
5575,3,26-35,30,高中及以下,4373.9,2517.2,23.4,6.1,21,4.3,5.0,4.1,7.6,4.2,3.8,680.64,7
5576,48,18-25,22,硕士,11845.8,990.7,14.8,10.0,13,3.2,4.8,4.3,8.2,5.7,4.5,209.27,3
5577,125,18-25,22,博士,18529.0,3433.0,46.7,8.9,88,3.9,5.4,7.0,8.2,6.8,5.5,1326.71,8
5578,3,46-55,50,硕士,15281.9,2092.3,35.2,6.9,51,3.4,5.1,5.8,8.9,4.1,4.6,680.64,7
5579,175,26-35,30,高中及以下,2911.7,942.4,14.4,8.0,34,5.1,3.7,4.7,8.9,3.9,4.5,339.4,5
5580,87,26-35,30,高中及以下,3550.4,1674.6,11.5,9.2,21,6.4,3.0,4.1,9.5,3.9,4.6,206.18,3
5581,161,18-25,22,高中及以下,4914.2,811.2,17.3,8.0,15,4.2,3.4,6.8,6.7,6.6,5.3,326.06,4
5582,153,36-45,40,本科,10144.0,1120.2,7.9,6.4,22,5.4,4.0,3.7,8.9,5.8,4.7,187.21,2
5583,125,18-25,22,博士,23204.4,3345.7,55.2,8.7,66,3.8,6.6,5.5,7.7,5.6,4.4,1326.71,8
5584,125,55+,60,大专,4804.7,3549.0,49.2,7.2,71,3.5,5.0,5.2,3.3,6.3,3.5,1326.71,8
5585,197,55+,60,本科,5381.8,328.7,18.7,9.8,41,6.5,1.6,6.1,9.3,4.7,5.5,173.08,2
5586,7,18-25,22,博士,19379.7,2565.0,8.8,9.4,13,4.2,2.9,4.3,3.6,7.0,3.8,319.72,4
5587,91,36-45,40,本科,9268.9,1315.0,10.7,7.0,25,5.0,4.3,4.9,8.1,1.1,3.4,390.98,5
5588,167,46-55,50,高中及以下,3073.9,2595.0,28.7,6.5,60,2.3,2.2,3.5,6.4,5.5,4.1,989.1,8
5589,97,36-45,40,本科,8888.7,1448.4,13.4,9.1,10,4.8,4.6,5.6,8.9,5.0,4.9,192.68,2
5590,156,18-25,22,大专,4826.0,2463.9,25.3,5.6,41,3.0,5.5,4.0,8.4,4.2,4.0,958.89,8
5591,156,18-25,22,硕士,15291.5,3072.9,38.2,6.1,51,4.9,5.4,5.7,5.2,6.3,4.1,958.89,8
5592,31,36-45,40,博士,21432.7,3640.7,34.6,6.8,54,5.7,5.6,6.2,6.7,4.0,4.0,946.03,7
5593,179,36-45,40,大专,5747.9,5433.8,52.0,4.7,88,2.7,7.4,5.4,7.3,5.4,4.1,1808.04,9
5594,109,36-45,40,博士,15100.2,1082.4,9.5,8.5,18,6.3,4.8,4.0,10.0,5.4,4.9,137.77,1
5595,156,36-45,40,博士,15709.7,2420.2,34.7,7.6,46,2.8,5.4,5.3,6.6,6.0,4.3,958.89,8
5596,185,55+,60,高中及以下,4182.9,1596.6,14.5,9.1,26,5.8,3.7,5.9,8.4,6.9,5.5,303.08,4
5597,122,36-45,40,硕士,10950.6,2588.5,29.2,6.8,47,5.2,4.9,7.3,7.2,4.3,4.7,603.53,6
5598,133,18-25,22,高中及以下,4117.5,1408.2,12.7,5.6,15,5.4,1.5,5.3,10.0,4.2,5.4,238.31,3
5599,72,36-45,40,本科,8286.0,851.8,15.9,8.7,38,6.5,3.5,5.6,8.5,6.7,5.4,143.19,1
5600,135,46-55,50,本科,7374.8,3505.9,27.2,6.5,50,3.5,4.0,5.4,6.7,6.0,4.6,699.2,7
5601,20,26-35,30,硕士,9971.7,2068.3,23.4,8.9,52,5.9,3.0,3.3,9.5,4.0,4.4,642.68,6
5602,59,46-55,50,硕士,15744.5,1710.7,23.4,6.5,6,5.4,3.5,4.8,7.0,3.3,3.8,393.68,5
5603,167,46-55,50,本科,9311.3,3210.1,31.5,6.2,53,3.4,3.9,6.8,10.0,4.8,5.6,989.1,8
5604,108,26-35,30,博士,9761.5,1347.5,18.1,7.7,22,4.9,1.0,4.6,5.6,8.5,5.2,192.01,2
5605,20,55+,60,本科,11766.5,1599.7,16.4,7.3,50,4.3,2.0,5.3,5.5,6.9,4.8,642.68,6
5606,162,36-45,40,硕士,11787.1,991.5,17.1,8.6,58,7.2,1.1,2.8,10.0,6.9,5.5,472.76,6
5607,159,26-35,30,高中及以下,3409.9,1345.6,12.2,8.2,46,5.5,2.6,3.8,8.9,5.9,4.9,286.16,4
5608,31,26-35,30,硕士,10646.1,2368.5,48.6,6.2,88,4.3,5.2,5.1,7.5,5.2,4.3,946.03,7
5609,120,46-55,50,本科,5324.6,1105.1,9.9,8.0,34,5.8,3.3,6.1,6.7,3.5,4.2,327.35,4
5610,141,18-25,22,高中及以下,2621.7,2517.5,20.2,9.1,10,5.2,2.6,4.5,8.3,4.5,4.6,548.48,6
5611,59,55+,60,硕士,10987.6,1539.3,19.3,8.0,26,3.4,3.1,4.9,6.3,4.7,4.1,393.68,5
5612,179,26-35,30,高中及以下,3198.1,5192.2,62.4,6.8,93,2.9,5.8,4.9,3.4,5.3,3.1,1808.04,9
5613,114,55+,60,本科,6020.9,617.8,13.9,9.7,27,5.1,4.3,6.8,5.4,2.4,3.6,122.44,1
5614,192,36-45,40,大专,4064.6,477.2,5.0,7.8,8,6.2,3.4,3.9,7.1,7.7,4.9,183.85,2
5615,179,36-45,40,本科,11033.7,5277.2,57.5,6.6,100,3.5,7.8,7.9,9.0,6.9,5.7,1808.04,9
5616,179,46-55,50,博士,31911.1,4827.9,60.3,7.1,93,2.0,7.3,6.9,4.1,6.2,3.9,1808.04,9
5617,45,46-55,50,高中及以下,3321.5,518.7,5.0,8.8,5,4.7,1.7,5.9,10.0,5.0,5.7,72.25,0
5618,86,36-45,40,本科,5672.1,1688.1,27.3,8.6,39,4.3,4.3,5.6,7.9,6.1,5.0,370.7,5
5619,3,26-35,30,本科,7116.2,1042.8,27.6,10.0,31,6.7,4.9,5.4,6.5,6.2,4.5,680.64,7
5620,167,18-25,22,本科,9780.2,3357.1,35.8,7.7,42,2.8,4.8,6.9,5.6,3.0,3.7,989.1,8
5621,118,36-45,40,高中及以下,3721.3,1083.0,21.8,9.0,39,5.8,2.1,6.0,7.1,4.7,4.8,465.37,6
5622,58,36-45,40,本科,8867.7,1027.4,11.6,8.6,13,5.8,3.9,4.2,7.4,7.5,4.9,206.7,3
5623,156,46-55,50,大专,6576.8,2587.2,34.2,8.2,45,5.1,4.9,7.3,7.6,3.7,4.6,958.89,8
5624,179,36-45,40,硕士,18332.0,5153.3,58.2,6.0,98,4.5,6.4,7.1,4.6,7.2,4.5,1808.04,9
5625,120,18-25,22,高中及以下,3012.7,1062.7,19.3,8.2,39,5.8,3.7,5.1,8.2,5.5,4.8,327.35,4
5626,118,46-55,50,高中及以下,3019.8,1975.5,23.5,7.9,36,5.2,2.2,6.2,7.2,4.4,4.8,465.37,6
5627,113,26-35,30,本科,7896.2,5414.4,46.6,6.9,103,3.1,5.2,6.5,4.9,6.9,4.5,1742.79,9
5628,195,18-25,22,大专,4113.7,907.0,15.7,8.1,12,5.8,4.0,5.3,7.0,5.1,4.4,218.18,3
5629,150,55+,60,大专,6523.4,1166.4,11.9,9.7,25,5.0,3.2,7.7,8.9,5.9,6.0,190.66,2
5630,150,55+,60,本科,5406.1,212.9,16.0,9.4,5,7.0,3.6,5.0,9.5,5.0,5.1,190.66,2
5631,53,55+,60,本科,10005.5,704.5,14.3,7.9,20,5.3,2.7,5.2,5.5,8.7,5.2,273.6,4
5632,141,26-35,30,本科,7856.8,1625.9,24.9,9.8,54,5.6,3.0,6.3,6.6,7.6,5.4,548.48,6
5633,166,26-35,30,硕士,12008.3,495.4,20.6,9.7,53,5.2,3.0,3.6,6.8,3.6,3.6,337.67,5
5634,25,55+,60,本科,6454.5,2032.5,11.2,8.0,14,6.3,4.5,5.2,7.1,4.8,4.2,165.82,2
5635,164,36-45,40,大专,4165.8,1165.6,18.6,9.8,5,5.4,4.3,6.5,8.0,5.6,5.1,388.92,5
5636,191,26-35,30,本科,7805.5,2318.9,20.7,7.3,30,6.9,2.8,6.3,7.4,5.7,5.1,349.46,5
5637,125,36-45,40,高中及以下,3401.9,3658.8,52.6,7.9,79,3.6,5.9,7.0,6.9,4.5,4.4,1326.71,8
5638,167,46-55,50,本科,7216.3,2883.6,36.1,7.8,85,3.6,3.0,7.6,9.6,6.4,6.3,989.1,8
5639,125,46-55,50,硕士,13849.4,3945.3,49.6,7.3,44,2.3,4.9,5.2,6.6,7.6,4.8,1326.71,8
5640,0,26-35,30,博士,13761.9,955.6,10.6,8.9,10,4.5,2.1,5.6,6.5,6.1,4.9,243.89,3
5641,119,18-25,22,博士,18493.9,1697.1,26.9,8.5,6,4.5,3.6,5.1,6.8,7.0,4.9,314.8,4
5642,184,36-45,40,本科,7549.0,655.3,11.8,7.7,33,6.7,2.1,4.8,7.2,3.6,4.2,118.69,1
5643,128,18-25,22,高中及以下,3709.7,698.5,18.7,9.4,19,3.4,2.5,5.7,6.8,5.6,4.8,163.96,2
5644,125,18-25,22,本科,7696.5,4184.9,51.8,7.9,58,2.1,5.2,6.5,6.2,9.4,5.6,1326.71,8
5645,159,26-35,30,硕士,8709.0,1526.7,14.1,7.7,18,5.1,1.7,3.2,4.7,5.4,3.6,286.16,4
5646,109,46-55,50,高中及以下,3494.6,744.3,21.7,6.7,33,5.6,3.8,6.9,6.8,4.5,4.7,137.77,1
5647,174,26-35,30,高中及以下,3561.7,974.4,10.1,8.8,29,6.5,2.7,4.2,7.4,4.8,4.3,195.72,2
5648,77,18-25,22,高中及以下,3013.6,1432.3,6.9,10.0,24,4.9,1.2,6.6,7.3,6.9,5.8,110.06,1
5649,112,55+,60,大专,4274.3,1204.7,8.2,8.0,18,7.8,3.9,3.9,7.2,4.5,3.9,157.63,1
5650,179,26-35,30,硕士,11512.7,5347.4,60.0,5.3,66,2.2,5.7,9.6,5.1,7.8,5.6,1808.04,9
5651,173,46-55,50,本科,10395.3,1137.9,17.2,8.7,30,3.7,2.6,5.9,6.7,4.2,4.4,208.75,3
5652,36,36-45,40,大专,3749.4,1047.6,5.0,8.8,34,6.7,2.5,3.8,6.9,8.1,5.0,182.89,2
5653,125,26-35,30,大专,6755.7,3539.9,49.3,7.0,58,3.0,6.2,5.3,3.8,4.8,3.1,1326.71,8
5654,175,26-35,30,高中及以下,2913.7,1406.6,18.9,9.3,17,4.3,3.4,4.3,7.1,6.5,4.6,339.4,5
5655,197,46-55,50,大专,5185.4,1270.5,16.2,9.2,22,6.9,3.0,4.4,9.7,5.7,5.2,173.08,2
5656,198,26-35,30,高中及以下,4198.0,626.5,16.8,9.3,29,4.1,2.8,5.3,6.1,6.8,4.8,157.31,1
5657,87,36-45,40,大专,4417.4,779.7,12.7,10.0,15,3.8,3.4,6.8,7.0,5.5,5.0,206.18,3
5658,161,36-45,40,本科,8187.4,796.6,11.5,6.6,46,6.2,2.6,7.5,10.0,5.8,6.3,326.06,4
5659,194,26-35,30,高中及以下,3310.6,1457.7,15.5,7.3,19,6.4,1.5,3.4,8.1,5.5,4.6,176.48,2
5660,156,18-25,22,本科,10357.1,2421.4,31.4,8.1,63,2.9,3.9,5.6,5.1,7.0,4.5,958.89,8
5661,82,18-25,22,博士,19529.1,1741.9,25.9,6.2,43,4.6,3.1,8.6,7.2,5.2,5.6,650.6,7
5662,122,46-55,50,高中及以下,3668.8,1841.8,30.8,7.1,52,5.2,3.2,3.7,5.1,4.6,3.4,603.53,6
5663,167,26-35,30,大专,5795.9,2862.1,22.5,7.0,58,1.8,3.9,5.3,3.8,4.7,3.4,989.1,8
5664,168,46-55,50,本科,6703.8,1457.1,17.9,9.6,32,6.6,2.5,6.4,5.7,4.2,4.3,116.12,1
5665,141,18-25,22,本科,6930.0,1290.0,16.1,6.5,29,5.5,3.1,5.0,6.3,4.2,4.0,548.48,6
5666,72,55+,60,大专,4555.0,384.9,5.0,7.9,25,5.9,1.6,4.8,6.9,3.7,4.2,143.19,1
5667,167,18-25,22,硕士,16925.5,2670.6,32.9,8.2,41,3.4,6.4,7.1,6.4,5.7,4.6,989.1,8
5668,41,18-25,22,本科,7861.1,996.7,9.7,10.0,29,5.0,4.1,6.7,8.9,4.8,5.2,176.16,2
5669,152,46-55,50,本科,5557.8,595.4,6.3,7.9,30,5.2,1.8,6.2,6.1,9.7,6.0,75.19,0
5670,197,46-55,50,高中及以下,2400.1,797.3,16.1,7.7,5,5.6,3.9,4.8,8.8,6.8,5.3,173.08,2
5671,193,26-35,30,高中及以下,3202.0,662.1,9.7,9.7,38,6.7,1.3,7.5,8.9,5.2,6.0,42.7,0
5672,57,18-25,22,大专,5636.2,884.2,18.3,8.7,44,5.3,1.9,4.8,6.1,7.6,5.0,108.94,1
5673,175,46-55,50,博士,15229.6,1832.8,16.1,7.9,55,7.0,2.4,7.2,8.1,4.4,5.3,339.4,5
5674,7,26-35,30,高中及以下,2697.7,1105.0,14.2,8.7,15,5.1,4.0,2.7,6.4,4.3,3.3,319.72,4
5675,113,55+,60,博士,19087.1,4357.9,52.6,4.8,69,3.3,6.0,6.1,6.1,1.7,3.1,1742.79,9
5676,29,46-55,50,高中及以下,3157.5,2126.6,14.8,9.2,41,6.3,2.9,4.4,5.6,4.1,3.6,110.86,1
5677,156,36-45,40,硕士,14254.1,2299.8,38.5,7.3,56,5.4,4.6,4.5,10.0,6.3,5.3,958.89,8
5678,67,46-55,50,硕士,12499.1,2082.2,17.4,8.8,30,4.2,3.5,6.1,8.7,7.3,5.8,404.86,5
5679,5,36-45,40,高中及以下,3334.2,767.3,15.5,7.1,14,6.9,3.1,5.3,8.2,5.1,4.9,117.43,1
5680,106,46-55,50,博士,14268.5,2592.7,28.9,5.9,34,5.3,5.7,6.9,6.3,4.9,4.4,978.66,8
5681,120,36-45,40,硕士,10630.8,1241.7,9.3,8.0,36,5.9,2.1,4.2,5.9,5.1,4.0,327.35,4
5682,179,36-45,40,博士,29790.4,4810.4,58.0,4.3,99,3.1,6.5,6.6,1.0,5.8,2.9,1808.04,9
5683,173,36-45,40,高中及以下,3237.2,1102.9,10.3,9.6,33,5.4,1.5,4.5,8.0,5.3,4.9,208.75,3
5684,156,26-35,30,大专,4450.2,3173.7,37.6,7.5,60,4.4,4.5,6.6,6.6,7.5,5.3,958.89,8
5685,6,18-25,22,博士,18044.8,2971.6,33.8,8.3,33,4.1,4.3,4.7,9.7,3.9,4.6,719.97,7
5686,113,18-25,22,本科,9758.9,4894.5,48.2,5.7,98,2.8,6.3,7.6,1.7,8.8,4.3,1742.79,9
5687,159,18-25,22,大专,4845.5,856.5,25.1,8.4,42,6.3,1.8,5.2,6.2,3.3,3.9,286.16,4
5688,179,36-45,40,高中及以下,5794.9,4109.5,61.1,7.9,86,1.5,6.9,8.3,4.7,5.0,4.2,1808.04,9
5689,124,46-55,50,高中及以下,3393.8,1239.8,14.1,9.1,44,6.1,4.1,7.4,6.4,5.8,5.0,266.9,4
5690,154,36-45,40,高中及以下,3545.4,642.3,12.2,8.1,10,5.0,1.0,7.0,7.5,5.7,5.6,198.95,2
5691,73,26-35,30,本科,7579.1,3066.1,25.5,7.4,47,4.4,3.3,8.1,6.0,6.9,5.5,709.56,7
5692,73,46-55,50,本科,11490.8,1940.2,30.9,8.5,35,4.5,3.2,7.9,7.0,3.1,4.7,709.56,7
5693,113,46-55,50,博士,24827.6,4950.7,50.6,6.2,78,2.4,6.6,8.3,6.7,4.2,4.5,1742.79,9
5694,125,26-35,30,博士,28815.6,3403.3,42.9,6.1,70,4.1,5.7,7.2,7.4,6.4,5.2,1326.71,8
5695,191,36-45,40,高中及以下,3041.1,1038.8,23.5,7.9,17,5.4,3.7,4.1,7.4,4.5,4.0,349.46,5
5696,20,36-45,40,高中及以下,3492.0,2283.9,26.8,7.9,53,5.1,4.2,5.9,8.7,5.9,5.3,642.68,6
5697,177,55+,60,本科,6337.1,1777.2,19.9,8.0,36,6.1,4.5,3.9,9.3,4.2,4.3,634.94,6
5698,113,46-55,50,高中及以下,5863.1,5883.5,48.5,4.1,72,2.7,7.2,5.7,6.3,4.5,3.7,1742.79,9
5699,1,18-25,22,高中及以下,2623.7,1019.9,6.0,8.9,21,5.6,3.8,5.2,4.5,6.0,3.9,129.25,1
5700,122,55+,60,本科,9792.3,2787.5,25.6,7.8,47,5.8,4.5,1.4,7.8,3.4,3.0,603.53,6
5701,138,55+,60,硕士,10382.6,896.8,20.5,9.6,29,5.7,4.4,7.4,9.5,3.5,5.2,334.79,4
5702,75,18-25,22,本科,8205.1,1837.7,27.0,8.8,34,4.6,2.9,4.6,8.3,9.2,5.9,337.61,5
5703,82,55+,60,高中及以下,3686.7,1388.9,26.6,8.6,45,4.7,3.6,6.6,9.3,6.7,5.9,650.6,7
5704,156,18-25,22,本科,8185.9,2829.2,33.1,7.0,37,5.3,3.8,5.9,4.2,7.6,4.5,958.89,8
5705,98,46-55,50,高中及以下,3229.5,1901.9,12.6,9.2,13,6.7,2.2,8.2,9.6,5.3,6.3,149.17,1
5706,7,36-45,40,高中及以下,2641.7,1691.0,17.3,7.8,14,4.9,3.0,8.4,8.3,6.8,6.3,319.72,4
5707,6,26-35,30,高中及以下,3115.4,2200.4,31.3,7.5,69,3.6,3.0,6.1,5.7,6.7,4.9,719.97,7
5708,7,18-25,22,高中及以下,3005.6,1934.5,24.2,8.4,21,4.4,3.6,8.1,7.1,8.6,6.3,319.72,4
5709,43,26-35,30,本科,7450.4,1039.6,15.0,7.9,20,4.3,1.6,4.4,8.2,6.2,5.1,109.83,1
5710,165,26-35,30,大专,6219.1,1965.6,23.4,8.8,35,4.2,3.2,3.0,7.1,6.9,4.4,224.25,3
5711,179,55+,60,本科,11652.4,4054.2,59.1,6.3,87,3.0,7.1,7.6,3.5,6.2,3.9,1808.04,9
5712,72,36-45,40,高中及以下,3653.6,1087.2,16.9,8.4,5,4.1,4.2,8.4,5.9,8.7,6.0,143.19,1
5713,156,26-35,30,高中及以下,4334.3,2910.7,38.2,7.5,59,5.6,5.7,6.7,5.9,3.8,3.9,958.89,8
5714,197,36-45,40,硕士,11216.1,1047.1,8.2,7.4,8,6.9,1.5,4.3,6.6,7.9,5.2,173.08,2
5715,169,36-45,40,高中及以下,3819.4,200.0,11.4,8.1,9,5.6,3.8,6.7,7.8,6.8,5.5,69.84,0
5716,125,46-55,50,本科,12463.5,3307.7,44.6,7.5,30,3.4,4.4,8.2,6.2,4.9,4.9,1326.71,8
5717,20,26-35,30,本科,6475.7,2640.9,28.8,7.8,53,2.4,2.5,2.8,4.9,8.2,4.2,642.68,6
5718,173,26-35,30,大专,2790.7,897.1,16.2,8.9,30,5.8,2.2,4.3,5.5,5.3,4.0,208.75,3
5719,20,55+,60,硕士,8787.0,2616.0,26.2,7.1,55,5.5,3.6,6.0,4.4,6.0,4.2,642.68,6
5720,54,26-35,30,本科,7570.1,1455.9,18.7,8.3,36,5.4,3.2,5.9,7.4,7.7,5.5,416.13,5
5721,109,26-35,30,高中及以下,2717.6,574.8,13.9,7.4,26,4.4,2.5,2.9,8.8,6.5,4.8,137.77,1
5722,21,46-55,50,硕士,11547.4,398.5,16.6,10.0,18,5.5,2.9,4.0,7.8,3.6,4.0,118.42,1
5723,97,26-35,30,硕士,11410.8,1243.9,19.1,8.5,27,6.8,3.8,5.3,6.1,6.5,4.6,192.68,2
5724,73,26-35,30,本科,9061.0,2102.8,28.5,7.3,67,5.7,4.0,7.9,5.2,5.9,4.9,709.56,7
5725,56,46-55,50,大专,4688.5,1094.7,9.1,7.0,10,5.6,4.2,5.4,6.5,4.0,3.9,64.12,0
5726,106,26-35,30,博士,13619.9,3368.6,35.1,8.5,56,3.1,2.7,3.8,6.7,4.2,3.8,978.66,8
5727,39,36-45,40,本科,11052.8,715.7,21.6,8.2,21,5.6,4.6,4.1,6.0,4.5,3.5,180.7,2
5728,12,18-25,22,本科,5292.3,776.8,14.5,9.8,32,7.7,3.4,9.6,7.3,5.8,6.0,189.04,2
5729,157,36-45,40,硕士,12803.5,620.2,21.0,7.6,9,3.9,3.2,4.7,8.9,3.8,4.5,238.37,3
5730,91,26-35,30,本科,7659.7,1418.8,28.7,6.7,5,6.8,5.3,7.6,10.0,7.0,6.3,390.98,5
5731,31,36-45,40,博士,14378.9,2292.8,37.1,7.4,67,5.4,5.3,7.5,6.4,4.7,4.6,946.03,7
5732,177,36-45,40,大专,4801.9,2753.1,15.2,8.1,39,5.8,3.3,7.6,8.6,8.2,6.5,634.94,6
5733,179,26-35,30,大专,8080.6,5500.7,52.2,6.4,62,3.3,6.1,8.2,6.9,4.5,4.7,1808.04,9
5734,35,36-45,40,本科,6052.4,800.9,9.5,10.0,5,5.3,2.6,3.7,5.1,5.1,3.6,43.78,0
5735,6,46-55,50,高中及以下,2817.9,1829.0,31.4,6.4,24,3.3,5.2,5.3,4.8,2.6,2.9,719.97,7
5736,179,26-35,30,大专,5183.5,4880.9,49.5,6.0,68,1.3,7.5,6.1,4.3,1.7,2.4,1808.04,9
5737,133,18-25,22,硕士,5952.6,1094.4,16.9,10.0,44,4.6,1.0,6.8,6.7,4.1,4.9,238.31,3
5738,178,36-45,40,博士,17779.9,200.0,6.4,9.2,7,4.5,3.0,6.3,7.6,5.4,5.1,113.9,1
5739,15,18-25,22,博士,16907.8,668.3,12.0,9.8,15,4.4,1.5,6.6,7.9,6.2,5.7,84.58,0
5740,20,18-25,22,高中及以下,4749.4,1895.9,24.8,7.9,5,3.5,2.9,6.4,4.9,5.1,4.3,642.68,6
5741,177,26-35,30,本科,11731.3,1498.0,25.4,7.9,43,6.9,3.5,4.0,5.9,6.2,4.1,634.94,6
5742,156,55+,60,博士,18628.5,1638.7,37.2,7.6,54,4.7,6.7,6.9,6.3,3.5,3.8,958.89,8
5743,105,36-45,40,本科,9954.6,440.1,14.8,8.6,5,4.9,2.0,4.3,8.4,6.2,5.1,222.31,3
5744,159,18-25,22,本科,7508.2,1426.2,15.6,8.7,11,5.1,3.9,5.2,8.6,4.2,4.6,286.16,4
5745,135,26-35,30,博士,10448.6,2741.2,25.6,8.6,40,5.5,4.4,5.3,9.3,5.7,5.2,699.2,7
5746,156,55+,60,高中及以下,3814.9,3090.8,36.3,8.7,35,3.3,4.5,6.6,6.8,3.3,4.1,958.89,8
5747,2,55+,60,本科,10717.7,1406.9,16.8,7.8,5,6.4,3.6,5.1,6.8,4.4,4.1,283.64,4
5748,87,18-25,22,高中及以下,3115.1,200.0,17.5,8.7,25,6.6,1.8,3.8,8.0,5.0,4.5,206.18,3
5749,179,26-35,30,本科,13000.4,6431.7,54.5,7.3,62,4.5,8.3,5.7,5.4,3.0,2.8,1808.04,9
5750,139,46-55,50,本科,6355.5,432.3,6.1,9.0,41,5.6,2.0,4.3,10.0,6.6,5.7,43.34,0
5751,6,36-45,40,本科,10605.6,2537.2,28.5,7.8,47,6.0,4.2,5.3,7.8,8.5,5.6,719.97,7
5752,198,46-55,50,硕士,12682.9,838.7,7.0,8.3,17,5.2,1.0,5.7,8.5,5.9,5.6,157.31,1
5753,197,55+,60,博士,13005.5,457.3,21.1,8.0,29,6.9,4.2,1.6,8.7,2.9,3.2,173.08,2
5754,106,26-35,30,博士,17947.2,2786.3,31.5,8.6,45,3.8,4.0,7.8,5.3,3.9,4.3,978.66,8
5755,179,26-35,30,本科,10685.4,4265.1,51.9,5.2,76,1.8,5.5,6.7,2.7,6.7,3.8,1808.04,9
5756,91,46-55,50,本科,8428.4,1671.2,19.6,6.6,25,4.0,3.8,5.5,7.2,4.9,4.5,390.98,5
5757,65,18-25,22,本科,6625.0,1697.8,34.8,8.5,18,5.6,3.6,6.4,7.4,7.7,5.6,576.08,6
5758,192,26-35,30,本科,8847.6,867.6,19.0,10.0,29,6.0,3.4,5.4,8.7,4.3,4.8,183.85,2
5759,161,26-35,30,硕士,10972.6,856.4,22.5,8.3,50,6.8,3.2,4.6,7.5,2.5,3.7,326.06,4
5760,109,46-55,50,博士,12873.3,1079.5,9.4,7.5,39,5.6,3.2,5.0,8.9,4.1,4.7,137.77,1
5761,99,26-35,30,高中及以下,4744.0,869.2,9.8,7.3,46,4.5,2.6,5.8,5.6,5.2,4.4,117.38,1
5762,17,36-45,40,硕士,8102.4,1845.9,12.5,7.5,5,4.7,2.4,6.8,10.0,6.5,6.3,203.21,3
5763,167,46-55,50,大专,4442.2,3001.5,36.9,7.8,50,3.5,5.1,6.3,7.7,4.1,4.4,989.1,8
5764,59,26-35,30,本科,10043.9,1868.3,21.8,7.5,42,5.2,1.5,5.1,7.6,5.2,4.9,393.68,5
5765,25,26-35,30,高中及以下,2963.8,616.4,9.2,9.2,28,5.7,2.7,6.5,10.0,5.3,5.8,165.82,2
5766,145,26-35,30,高中及以下,3405.5,1975.1,26.8,6.7,28,6.4,3.4,4.4,7.4,5.0,4.3,324.35,4
5767,118,46-55,50,大专,6267.1,1261.1,14.2,9.5,66,4.9,4.3,6.1,6.3,5.1,4.4,465.37,6
5768,140,26-35,30,高中及以下,2471.0,200.0,20.8,8.5,22,6.0,1.8,4.7,8.5,4.9,4.9,186.32,2
5769,31,46-55,50,本科,11044.8,3861.8,33.3,7.8,71,2.3,3.8,7.1,5.6,3.5,4.1,946.03,7
5770,29,26-35,30,硕士,9186.6,200.0,9.2,9.9,30,4.7,4.1,8.4,6.4,5.1,5.1,110.86,1
5771,36,55+,60,硕士,7985.2,1192.2,24.7,8.1,31,4.6,4.6,2.1,4.4,5.1,2.7,182.89,2
5772,119,46-55,50,硕士,8441.3,1036.9,16.9,9.5,12,5.4,3.4,5.2,8.1,5.2,4.8,314.8,4
5773,61,46-55,50,高中及以下,4027.5,920.4,14.3,9.9,13,6.2,2.8,5.8,10.0,4.4,5.4,123.27,1
5774,125,36-45,40,博士,15188.5,4416.9,39.8,6.3,59,3.2,5.9,4.3,6.8,5.5,3.9,1326.71,8
5775,113,36-45,40,硕士,12368.6,4260.1,55.4,4.9,76,2.1,6.9,5.2,6.4,6.4,4.2,1742.79,9
5776,86,18-25,22,本科,7520.3,1466.2,13.4,9.2,31,5.1,5.2,4.8,4.0,6.3,3.6,370.7,5
5777,3,26-35,30,本科,7871.7,3121.7,24.6,7.7,27,5.3,3.4,7.3,10.0,5.0,5.9,680.64,7
5778,166,18-25,22,本科,10015.1,1233.5,7.4,8.9,27,4.0,3.1,4.1,6.2,6.1,4.2,337.67,5
5779,9,26-35,30,硕士,11641.3,1438.3,17.9,8.7,27,6.0,3.9,3.8,10.0,3.9,4.5,255.33,4
5780,135,26-35,30,本科,8613.6,2009.2,29.3,8.1,39,3.7,4.5,8.9,4.0,5.3,4.6,699.2,7
5781,80,18-25,22,本科,8510.2,1019.6,17.5,8.6,8,5.4,3.0,5.1,7.8,4.8,4.6,119.14,1
5782,151,46-55,50,高中及以下,4348.9,1214.9,13.7,10.0,15,7.1,3.0,6.3,7.2,8.0,5.7,209.86,3
5783,65,26-35,30,本科,7401.9,3159.6,21.3,7.7,20,2.6,3.3,5.5,7.1,4.4,4.4,576.08,6
5784,77,26-35,30,博士,19863.7,704.4,16.2,6.9,15,4.6,3.0,4.4,6.2,6.5,4.5,110.06,1
5785,193,55+,60,大专,4672.4,965.9,15.7,9.5,17,7.6,2.3,6.7,5.2,5.0,4.5,42.7,0
5786,85,26-35,30,高中及以下,3965.2,1796.1,17.0,7.6,27,4.9,1.9,1.9,10.0,7.4,5.2,89.86,0
5787,125,36-45,40,本科,7507.1,4320.2,38.3,6.8,54,3.6,4.6,5.4,5.2,5.8,4.0,1326.71,8
5788,185,55+,60,本科,8081.2,200.0,14.1,8.3,24,6.0,4.3,6.5,8.7,2.5,4.4,303.08,4
5789,145,55+,60,高中及以下,3690.6,739.9,9.6,7.4,16,5.4,4.2,2.6,5.3,4.4,2.9,324.35,4
5790,83,18-25,22,高中及以下,3882.3,309.2,20.6,8.9,38,7.0,2.5,5.9,9.0,5.6,5.5,88.39,0
5791,86,18-25,22,大专,4341.0,1740.6,10.9,9.5,18,4.5,3.1,5.7,7.5,7.4,5.4,370.7,5
5792,94,55+,60,博士,13968.2,554.0,9.4,9.6,37,5.8,1.7,5.5,7.9,6.4,5.4,100.27,0
5793,91,46-55,50,大专,5009.0,1752.6,14.7,9.0,12,5.8,3.6,7.9,6.7,4.7,5.0,390.98,5
5794,76,26-35,30,本科,9691.6,807.5,14.6,9.4,51,6.0,3.1,7.1,6.0,3.6,4.3,161.91,1
5795,119,46-55,50,本科,10443.7,1014.1,22.4,8.6,12,5.2,2.5,5.4,8.7,5.5,5.2,314.8,4
5796,164,36-45,40,硕士,10053.1,1690.7,22.5,8.7,47,5.4,2.5,4.9,6.0,6.4,4.6,388.92,5
5797,122,26-35,30,硕士,9320.6,1760.6,19.9,9.4,20,5.2,3.2,4.0,7.0,4.1,3.9,603.53,6
5798,59,26-35,30,高中及以下,2494.8,2620.0,18.6,8.2,14,5.7,2.4,6.7,8.8,5.7,5.7,393.68,5
5799,144,26-35,30,高中及以下,3359.7,804.7,17.2,9.8,22,4.6,2.8,4.8,7.4,5.2,4.6,192.46,2
5800,113,36-45,40,硕士,12402.0,4993.5,47.8,6.0,64,3.3,6.1,7.1,4.3,4.3,3.6,1742.79,9
5801,125,26-35,30,本科,7972.4,3426.4,44.6,6.0,73,3.6,5.6,7.6,6.4,3.5,4.2,1326.71,8
5802,145,46-55,50,本科,8121.6,1169.2,14.5,7.5,20,5.0,2.5,7.8,7.3,4.4,5.2,324.35,4
5803,106,36-45,40,硕士,12096.3,2905.5,40.4,7.7,54,4.3,6.5,4.8,6.0,5.7,3.8,978.66,8
5804,87,26-35,30,本科,7358.6,1468.2,20.6,7.8,23,5.8,1.6,5.2,8.3,6.0,5.3,206.18,3
5805,175,46-55,50,本科,8962.7,1865.0,19.7,9.4,24,6.6,3.0,2.6,9.2,8.6,5.4,339.4,5
5806,174,26-35,30,高中及以下,4254.5,1534.2,8.8,8.0,34,3.7,3.7,1.3,10.0,5.3,4.2,195.72,2
5807,145,18-25,22,本科,6024.0,1179.5,12.1,9.1,24,3.4,3.3,4.4,8.9,4.9,4.7,324.35,4
5808,73,46-55,50,高中及以下,2309.7,1906.0,33.5,7.0,19,4.2,3.7,5.7,8.1,3.7,4.5,709.56,7
5809,149,18-25,22,硕士,9661.3,1285.8,8.2,9.1,33,4.5,2.4,5.5,7.3,7.4,5.4,199.73,2
5810,96,55+,60,高中及以下,2422.5,971.4,6.8,10.0,26,5.9,3.8,5.0,5.6,5.7,4.1,199.56,2
5811,143,18-25,22,本科,6243.5,1471.8,19.7,9.5,22,5.5,3.0,5.5,5.9,8.1,5.1,178.51,2
5812,50,26-35,30,高中及以下,3308.8,933.0,14.5,7.4,5,7.0,2.0,7.0,9.5,6.3,6.2,205.22,3
5813,1,36-45,40,大专,5157.7,318.2,13.8,8.1,10,7.8,2.4,5.8,6.5,7.5,5.3,129.25,1
5814,30,18-25,22,高中及以下,3376.2,1044.6,19.1,9.6,24,7.6,1.9,5.0,10.0,2.3,4.7,81.31,0
5815,125,46-55,50,本科,16045.1,2410.8,39.5,7.5,59,1.9,5.7,8.5,6.8,6.5,5.4,1326.71,8
5816,94,46-55,50,硕士,11375.0,200.0,16.9,7.4,19,7.4,1.5,3.2,9.8,5.4,5.0,100.27,0
5817,76,46-55,50,高中及以下,2579.6,1323.2,10.5,9.6,18,6.1,3.2,5.1,8.4,6.4,5.2,161.91,1
5818,177,26-35,30,大专,5854.9,1851.0,23.4,9.0,32,7.2,4.3,6.5,6.5,3.9,4.2,634.94,6
5819,40,18-25,22,本科,8173.5,655.1,13.8,7.8,25,5.5,2.9,5.0,7.7,4.4,4.5,310.59,4
5820,175,46-55,50,博士,15853.8,1701.2,17.9,7.4,33,6.7,1.8,6.4,7.3,7.2,5.7,339.4,5
5821,112,46-55,50,高中及以下,3493.7,229.7,14.6,8.9,21,5.3,3.9,4.8,8.6,5.4,4.8,157.63,1
5822,191,26-35,30,硕士,7586.9,1699.1,9.9,7.6,36,6.6,2.6,5.5,4.5,5.7,4.1,349.46,5
5823,71,36-45,40,高中及以下,3024.4,1165.4,20.3,7.5,66,4.6,4.0,7.9,7.4,7.3,5.9,690.93,7
5824,166,46-55,50,大专,4931.5,1977.3,25.0,8.4,13,5.2,1.7,5.1,7.5,5.5,4.9,337.67,5
5825,113,46-55,50,大专,9806.3,4042.8,47.7,4.2,83,3.5,6.1,5.3,7.0,6.4,4.5,1742.79,9
5826,57,26-35,30,高中及以下,2678.3,878.4,11.3,9.3,17,2.5,3.3,6.5,9.4,5.7,5.7,108.94,1
5827,174,26-35,30,高中及以下,4469.8,1583.7,19.2,9.0,17,8.5,1.2,4.7,7.7,8.0,5.7,195.72,2
5828,118,18-25,22,高中及以下,3170.0,1686.4,23.2,7.4,15,4.6,3.6,4.3,9.1,6.4,5.1,465.37,6
5829,164,36-45,40,大专,5645.9,1046.0,24.3,9.1,57,3.9,2.9,4.6,7.5,5.6,4.6,388.92,5
5830,125,26-35,30,本科,13319.7,3426.5,44.2,6.1,81,1.9,5.9,8.0,6.6,8.0,5.6,1326.71,8
5831,12,55+,60,高中及以下,2758.0,1707.7,7.5,10.0,48,6.9,3.6,2.8,8.2,4.8,4.0,189.04,2
5832,125,26-35,30,硕士,14609.3,3688.2,40.2,7.0,50,3.1,3.9,4.4,7.0,5.7,4.3,1326.71,8
5833,3,36-45,40,硕士,11228.6,2618.6,23.6,8.8,64,4.1,5.1,6.7,5.0,5.6,4.2,680.64,7
5834,154,26-35,30,大专,5933.8,632.5,13.1,7.8,28,4.7,4.0,2.9,7.2,6.9,4.3,198.95,2
5835,66,36-45,40,硕士,8616.1,1221.0,16.3,8.5,7,7.3,2.0,4.4,9.6,2.9,4.5,138.1,1
5836,103,26-35,30,高中及以下,3408.1,599.0,12.9,8.9,17,6.1,2.3,5.2,6.1,7.1,4.9,66.53,0
5837,31,36-45,40,高中及以下,3857.8,3747.4,31.0,8.4,43,2.6,6.0,6.5,7.9,5.9,4.9,946.03,7
5838,31,46-55,50,硕士,11065.4,3238.6,28.1,8.5,64,5.1,3.6,9.4,3.2,5.3,4.6,946.03,7
5839,141,46-55,50,高中及以下,2631.5,1854.5,26.4,6.5,24,4.3,4.3,6.0,7.8,8.0,5.6,548.48,6
5840,18,26-35,30,大专,4056.5,699.2,7.0,8.3,5,6.7,2.0,6.1,6.2,6.4,5.1,59.86,0
5841,109,26-35,30,本科,5153.7,520.4,12.2,10.0,41,5.9,1.9,4.4,9.9,4.9,5.2,137.77,1
5842,128,36-45,40,本科,10248.2,1576.5,15.4,8.4,36,6.4,2.8,7.0,9.2,2.1,4.8,163.96,2
5843,87,18-25,22,本科,6128.4,1568.6,18.3,7.7,21,5.7,3.5,6.2,7.3,3.3,4.3,206.18,3
5844,113,36-45,40,本科,9378.8,5221.2,45.6,5.6,74,2.4,7.7,6.6,4.9,4.1,3.4,1742.79,9
5845,179,36-45,40,本科,13922.0,4862.8,52.0,6.1,58,0.8,8.3,5.6,7.5,3.3,3.5,1808.04,9
5846,154,26-35,30,高中及以下,2946.5,1255.9,24.3,9.3,5,5.3,2.6,3.6,9.9,4.1,4.7,198.95,2
5847,156,26-35,30,本科,8155.8,2546.9,37.3,6.5,51,5.9,4.7,4.7,6.6,7.8,4.8,958.89,8
5848,173,46-55,50,高中及以下,2686.8,1202.5,16.0,10.0,22,5.3,5.0,4.3,8.8,3.8,4.1,208.75,3
5849,82,55+,60,高中及以下,3695.4,563.4,30.2,8.9,67,4.5,3.3,3.4,5.1,8.0,4.2,650.6,7
5850,50,26-35,30,本科,4888.8,1641.3,19.5,9.5,27,6.5,4.5,8.4,10.0,4.2,5.8,205.22,3
5851,15,26-35,30,高中及以下,2509.2,433.5,17.9,9.8,19,4.8,4.6,5.7,8.2,3.6,4.3,84.58,0
5852,156,26-35,30,硕士,14956.0,2503.1,26.7,8.0,54,0.9,4.7,5.7,4.2,5.7,3.8,958.89,8
5853,64,55+,60,高中及以下,2791.4,1641.3,21.7,9.0,38,5.0,3.4,4.1,6.8,5.9,4.3,334.46,4
5854,101,55+,60,高中及以下,2572.9,1132.6,12.4,9.3,35,5.6,2.8,4.6,8.1,3.3,4.2,97.45,0
5855,55,26-35,30,本科,6303.7,2020.4,20.3,8.6,28,6.2,1.5,6.0,7.5,6.9,5.6,376.64,5
5856,122,26-35,30,本科,9137.0,1935.5,29.5,8.7,44,4.2,5.4,5.1,8.3,5.1,4.5,603.53,6
5857,51,18-25,22,本科,8219.8,432.5,17.6,8.6,32,3.4,2.4,4.1,8.7,3.1,4.2,100.98,0
5858,131,36-45,40,大专,5057.2,230.3,7.4,9.2,5,6.4,3.2,5.1,6.1,2.0,3.3,158.95,1
5859,150,26-35,30,本科,4815.3,1029.8,27.9,10.0,28,4.1,2.8,5.0,5.8,7.1,4.7,190.66,2
5860,22,55+,60,高中及以下,2271.0,683.0,21.0,9.3,39,4.1,1.0,5.7,8.6,2.9,4.8,158.78,1
5861,179,26-35,30,硕士,12134.8,5020.9,54.4,7.0,85,1.4,6.9,5.3,3.5,5.5,3.1,1808.04,9
5862,175,36-45,40,高中及以下,2449.7,870.1,11.8,9.2,33,6.0,3.5,7.0,7.5,3.4,4.6,339.4,5
5863,186,46-55,50,博士,17339.1,372.8,16.0,7.0,13,4.3,2.9,5.9,8.2,6.7,5.5,238.23,3
5864,40,26-35,30,高中及以下,2510.0,1324.2,22.6,8.9,33,4.1,4.8,6.4,9.3,5.1,5.3,310.59,4
5865,183,18-25,22,本科,8567.9,819.3,14.9,9.0,11,5.3,2.8,4.3,7.7,7.1,5.1,240.44,3
5866,197,36-45,40,大专,5146.9,638.5,15.0,10.0,5,5.7,1.1,3.1,6.5,7.1,4.6,173.08,2
5867,86,36-45,40,硕士,13623.1,1045.7,18.1,9.8,63,4.8,4.0,4.9,9.4,4.0,4.7,370.7,5
5868,20,46-55,50,本科,9509.2,1303.6,20.9,8.1,68,6.1,2.5,7.3,9.0,5.5,5.9,642.68,6
5869,179,36-45,40,硕士,17507.8,5268.5,58.7,7.1,88,2.2,8.7,6.6,5.7,4.9,3.7,1808.04,9
5870,41,46-55,50,高中及以下,3386.5,1175.8,14.5,8.7,23,5.1,4.0,4.0,6.7,3.5,3.5,176.16,2
5871,82,55+,60,本科,8657.9,1740.1,26.3,9.0,47,6.3,3.3,6.5,5.1,6.3,4.6,650.6,7
5872,113,46-55,50,硕士,15902.8,5102.3,54.9,7.0,80,1.9,5.1,10.0,6.2,6.1,5.6,1742.79,9
5873,113,46-55,50,本科,12570.2,5036.5,52.6,6.5,107,2.0,6.7,5.5,4.4,6.0,3.6,1742.79,9
5874,131,26-35,30,高中及以下,3527.6,953.1,10.9,10.0,35,7.3,3.3,5.7,6.7,6.5,4.9,158.95,1
5875,54,26-35,30,本科,5776.4,2053.9,20.8,8.4,14,3.9,4.8,4.9,5.8,7.3,4.5,416.13,5
5876,73,26-35,30,硕士,16833.8,1507.0,21.7,9.2,65,5.2,5.5,5.6,3.6,4.2,3.0,709.56,7
5877,75,18-25,22,大专,5134.7,887.4,14.6,6.7,10,6.4,2.7,4.9,7.3,5.9,4.8,337.61,5
5878,65,36-45,40,本科,9686.7,2448.7,25.6,9.4,28,3.7,5.4,4.6,7.4,6.3,4.5,576.08,6
5879,197,36-45,40,大专,5312.0,269.2,7.4,9.7,27,6.4,1.9,6.2,6.4,7.0,5.3,173.08,2
5880,174,26-35,30,本科,6798.4,1066.6,6.2,10.0,22,5.7,4.5,3.8,7.1,6.9,4.4,195.72,2
5881,169,55+,60,高中及以下,2021.5,1291.5,7.8,9.1,5,5.5,1.2,8.4,9.6,6.7,6.9,69.84,0
5882,83,46-55,50,博士,18236.8,929.7,14.6,9.8,27,4.2,3.3,4.5,9.7,4.6,4.9,88.39,0
5883,117,46-55,50,本科,5612.5,638.7,13.0,9.3,27,4.9,1.8,2.0,6.5,5.5,3.7,46.12,0
5884,9,36-45,40,高中及以下,3582.1,1180.4,8.9,10.0,54,5.8,1.6,2.4,8.8,7.3,5.1,255.33,4
5885,42,26-35,30,硕士,12061.0,574.9,7.2,10.0,13,6.6,4.1,4.0,7.4,7.7,4.9,132.2,1
5886,194,26-35,30,本科,7769.6,1172.5,11.5,10.0,35,7.3,3.2,6.6,5.9,2.9,3.9,176.48,2
5887,92,26-35,30,硕士,9581.6,827.9,7.6,9.1,27,5.8,2.9,4.6,6.9,5.2,4.4,73.55,0
5888,107,46-55,50,高中及以下,3063.8,1436.6,13.5,8.8,20,6.1,4.0,5.0,7.9,2.7,3.9,176.72,2
5889,118,26-35,30,大专,3972.6,1951.3,16.8,8.6,53,4.7,4.4,3.1,6.9,7.4,4.3,465.37,6
5890,178,26-35,30,博士,11957.4,1047.9,9.7,10.0,21,5.8,2.6,3.4,10.0,5.5,5.0,113.9,1
5891,179,55+,60,硕士,13970.2,5236.3,51.4,7.3,94,2.4,5.5,6.8,7.3,6.8,5.2,1808.04,9
5892,156,46-55,50,本科,8724.7,3160.0,37.4,6.2,54,3.5,5.5,4.2,7.4,4.6,3.8,958.89,8
5893,120,18-25,22,高中及以下,3837.3,1321.9,20.0,7.5,50,6.0,5.0,6.4,5.1,2.4,3.3,327.35,4
5894,115,26-35,30,硕士,12036.3,1786.5,7.8,8.4,61,6.2,3.6,8.2,6.1,6.4,5.4,200.65,2
5895,118,26-35,30,硕士,10658.9,2507.0,12.4,7.7,44,5.2,4.4,4.7,4.4,2.8,2.8,465.37,6
5896,165,26-35,30,大专,4754.3,1368.0,25.2,10.0,5,5.1,2.9,7.2,6.5,9.2,6.1,224.25,3
5897,197,36-45,40,本科,8881.5,799.9,16.6,8.2,5,6.6,1.3,5.1,9.7,9.6,6.8,173.08,2
5898,42,36-45,40,大专,3757.0,897.9,19.5,9.0,6,4.8,4.3,5.7,6.9,4.1,4.2,132.2,1
5899,177,36-45,40,硕士,10997.4,2050.7,23.3,8.1,35,3.6,3.9,6.0,6.7,7.4,5.2,634.94,6
5900,149,36-45,40,博士,15408.1,914.0,8.8,10.0,10,4.3,3.0,3.4,8.7,2.7,3.8,199.73,2
5901,82,46-55,50,本科,8560.4,2744.5,26.1,8.2,41,5.3,4.4,9.7,5.9,7.1,5.9,650.6,7
5902,65,18-25,22,大专,4031.7,2093.5,21.3,8.9,58,5.6,5.1,5.7,8.2,3.3,4.2,576.08,6
5903,21,18-25,22,本科,5748.1,596.8,17.1,10.0,5,6.8,2.7,4.0,7.3,3.3,3.8,118.42,1
5904,34,46-55,50,大专,4735.0,1437.9,19.9,8.3,50,5.9,3.5,6.4,5.6,7.5,5.1,337.83,5
5905,119,46-55,50,大专,6775.8,200.0,11.9,8.1,12,5.4,4.7,7.2,8.8,3.2,4.8,314.8,4
5906,24,46-55,50,硕士,8850.3,1173.2,5.2,6.1,6,4.8,5.3,6.6,7.1,3.7,4.2,86.11,0
5907,138,26-35,30,高中及以下,3795.6,1680.3,20.7,8.5,30,5.5,3.9,6.8,6.7,4.8,4.7,334.79,4
5908,118,18-25,22,本科,6967.9,2327.4,20.2,9.0,30,4.9,2.6,7.2,6.7,7.7,5.8,465.37,6
5909,113,26-35,30,本科,12892.3,3443.0,52.4,4.6,75,3.1,6.7,7.0,5.0,5.2,4.0,1742.79,9
5910,73,55+,60,本科,10495.0,2728.1,36.5,7.5,25,4.3,3.2,5.6,4.3,6.3,4.2,709.56,7
5911,125,26-35,30,大专,5081.9,3473.9,40.2,5.4,63,4.5,6.4,7.8,7.0,5.5,4.9,1326.71,8
5912,21,36-45,40,本科,6817.2,407.3,12.9,8.8,48,5.7,1.8,4.5,7.6,6.5,5.1,118.42,1
5913,144,36-45,40,高中及以下,2318.0,922.8,14.1,8.6,15,5.9,2.7,7.5,9.0,6.5,6.2,192.46,2
5914,179,18-25,22,本科,13540.3,4286.3,51.8,7.2,88,1.4,7.4,5.3,1.5,5.5,2.5,1808.04,9
5915,140,46-55,50,本科,6552.7,445.7,10.4,8.1,19,5.6,3.5,2.4,8.4,7.2,4.6,186.32,2
5916,166,26-35,30,高中及以下,3727.4,1561.4,20.9,6.5,15,6.4,2.7,3.2,5.2,4.7,3.4,337.67,5
5917,50,18-25,22,高中及以下,4136.9,701.2,18.0,8.2,28,6.7,5.1,3.8,9.2,6.0,4.7,205.22,3
5918,81,26-35,30,本科,5625.4,786.7,18.2,8.3,13,7.2,2.9,2.5,8.9,5.6,4.4,212.11,3
5919,176,26-35,30,本科,6535.0,1216.1,17.3,8.6,11,5.0,4.5,6.1,9.8,6.1,5.6,150.36,1
5920,64,46-55,50,博士,15678.1,200.0,26.7,8.0,10,5.1,2.3,5.7,8.8,7.4,5.9,334.46,4
5921,125,26-35,30,硕士,12117.7,2960.6,43.0,5.6,64,2.5,6.1,7.7,4.7,4.2,3.9,1326.71,8
5922,122,36-45,40,高中及以下,3693.4,1892.4,30.3,9.6,45,5.4,2.0,8.2,5.3,4.6,4.9,603.53,6
5923,113,36-45,40,本科,16138.2,4839.9,59.3,7.4,74,3.6,6.1,8.8,5.6,9.0,5.8,1742.79,9
5924,146,26-35,30,高中及以下,3462.2,517.0,10.0,8.7,29,5.5,2.6,7.0,8.6,6.6,6.0,43.08,0
5925,140,18-25,22,硕士,10725.5,387.0,17.2,9.1,17,6.8,2.8,6.3,7.1,7.1,5.5,186.32,2
5926,108,46-55,50,本科,8466.0,1514.0,5.0,9.3,20,2.9,3.6,4.3,7.7,6.0,4.6,192.01,2
5927,148,55+,60,大专,5735.5,2036.8,15.3,10.0,23,3.8,3.0,5.1,8.0,7.5,5.5,250.12,4
5928,122,26-35,30,高中及以下,5207.9,2351.0,25.4,7.6,60,6.5,3.9,7.5,8.1,6.4,5.7,603.53,6
5929,179,18-25,22,本科,12021.2,4998.9,55.1,6.4,65,4.1,5.8,5.9,5.9,6.5,4.4,1808.04,9
5930,143,55+,60,本科,6771.9,683.1,5.0,8.5,43,6.8,3.0,4.3,9.9,5.0,5.1,178.51,2
5931,113,36-45,40,硕士,18217.5,5269.3,60.0,6.1,72,2.1,4.3,7.1,5.2,5.6,4.5,1742.79,9
5932,73,26-35,30,大专,4533.4,2956.0,27.9,7.5,47,3.6,4.5,7.3,6.7,5.6,5.0,709.56,7
5933,122,18-25,22,本科,7698.6,2209.0,26.0,7.6,47,5.0,3.5,6.6,6.9,7.5,5.5,603.53,6
5934,183,36-45,40,本科,7517.3,831.6,22.0,7.8,31,5.2,2.6,7.6,4.2,8.2,5.3,240.44,3
5935,192,36-45,40,大专,4035.1,737.5,21.2,6.2,51,5.3,4.5,5.9,7.4,3.4,4.1,183.85,2
5936,59,46-55,50,高中及以下,3739.6,2056.6,22.4,7.7,33,5.1,1.9,1.6,3.6,5.2,2.7,393.68,5
5937,46,18-25,22,高中及以下,4144.1,200.0,13.3,9.5,36,4.3,2.5,1.0,4.2,4.7,2.5,93.63,0
5938,154,55+,60,本科,8595.1,200.0,13.9,8.8,33,5.2,2.8,2.6,7.7,6.8,4.5,198.95,2
5939,177,46-55,50,硕士,11832.4,2156.1,32.0,7.2,65,4.1,5.6,6.4,6.8,5.7,4.6,634.94,6
5940,179,55+,60,本科,12143.2,5293.0,56.6,5.4,72,2.8,7.9,7.5,6.4,5.5,4.4,1808.04,9
5941,113,18-25,22,硕士,8792.8,3959.6,51.5,5.4,61,1.7,5.4,6.6,3.2,5.4,3.6,1742.79,9
5942,101,46-55,50,高中及以下,2644.7,1186.4,15.0,9.5,23,6.7,2.4,6.2,8.7,6.4,5.7,97.45,0
5943,125,36-45,40,硕士,21981.2,4265.9,42.3,8.0,44,4.9,5.6,3.9,3.1,4.8,2.6,1326.71,8
5944,97,26-35,30,大专,5157.9,406.8,11.7,8.3,45,4.5,2.2,5.2,5.5,4.9,4.1,192.68,2
5945,128,46-55,50,本科,7196.7,1908.6,11.6,9.0,36,5.9,3.8,5.5,7.7,4.6,4.5,163.96,2
5946,113,46-55,50,博士,25048.9,4858.7,54.7,6.0,94,2.8,7.3,7.8,3.8,3.0,3.1,1742.79,9
5947,98,36-45,40,硕士,10913.2,752.7,9.5,10.0,34,6.2,2.2,4.5,9.6,4.2,4.9,149.17,1
5948,31,55+,60,硕士,11707.3,2392.6,37.6,8.4,46,4.2,4.6,4.0,5.8,5.4,3.7,946.03,7
5949,156,36-45,40,本科,9153.4,2209.2,37.7,7.4,49,5.2,5.7,7.1,6.2,2.8,3.8,958.89,8
5950,105,36-45,40,高中及以下,3581.9,1803.8,20.0,9.5,16,6.5,2.6,5.2,7.5,6.2,5.0,222.31,3
5951,113,36-45,40,博士,23457.4,5328.5,58.4,6.4,52,5.5,5.7,5.4,4.8,6.9,4.1,1742.79,9
5952,3,36-45,40,本科,8516.5,1719.4,18.4,6.6,40,4.2,3.7,3.6,7.1,6.8,4.5,680.64,7
5953,164,55+,60,大专,3493.8,1334.2,18.2,7.7,17,5.7,4.4,5.5,7.8,5.8,4.8,388.92,5
5954,65,46-55,50,本科,6914.4,2309.0,34.9,5.6,46,4.3,3.6,5.6,6.7,5.7,4.6,576.08,6
5955,135,46-55,50,硕士,12559.6,1975.6,21.8,8.5,60,3.6,3.8,9.0,7.7,7.0,6.2,699.2,7
5956,71,46-55,50,高中及以下,2894.0,2529.4,26.7,6.9,54,3.0,4.4,6.3,5.4,6.6,4.6,690.93,7
5957,141,26-35,30,本科,8326.5,2456.2,22.2,7.6,35,4.3,2.8,4.8,7.0,7.1,5.0,548.48,6
5958,192,55+,60,博士,15744.2,1317.0,14.3,7.2,8,5.6,2.3,5.2,5.5,6.1,4.5,183.85,2
5959,179,36-45,40,本科,8680.1,4597.1,55.4,5.2,86,2.3,6.9,4.0,7.0,5.7,3.8,1808.04,9
5960,77,55+,60,大专,4340.1,2007.7,10.4,8.5,50,5.1,4.6,2.3,5.2,3.6,2.5,110.06,1
5961,3,36-45,40,硕士,13673.8,2458.8,17.9,9.4,44,3.4,4.4,5.6,3.4,4.7,3.3,680.64,7
5962,54,18-25,22,硕士,9941.4,1925.9,20.3,8.4,52,5.4,1.8,4.6,6.1,2.4,3.5,416.13,5
5963,70,26-35,30,大专,4756.3,200.0,13.0,7.4,25,5.2,4.3,4.5,5.3,8.1,4.5,213.02,3
5964,47,46-55,50,高中及以下,5229.2,1056.8,17.6,8.4,12,5.8,3.4,3.0,8.4,8.3,5.1,427.14,6
5965,177,36-45,40,高中及以下,2957.2,2578.8,30.4,8.1,22,5.4,3.5,6.0,5.7,4.9,4.2,634.94,6
5966,71,46-55,50,高中及以下,3559.2,1997.9,37.0,8.1,17,4.6,4.0,6.2,6.7,2.3,3.8,690.93,7
5967,82,26-35,30,高中及以下,4144.8,2574.0,17.1,7.6,54,4.0,4.3,4.3,7.0,4.9,4.0,650.6,7
5968,63,55+,60,大专,5491.1,1115.4,13.8,7.8,43,5.4,1.9,3.9,8.0,3.8,4.2,44.87,0
5969,113,18-25,22,博士,24258.4,4786.4,51.4,7.3,57,0.5,3.9,7.4,5.2,6.2,4.8,1742.79,9
5970,122,46-55,50,大专,3472.8,1825.9,24.7,7.9,19,5.2,5.7,7.1,5.2,5.4,4.2,603.53,6
5971,178,36-45,40,本科,8506.5,620.9,13.6,8.6,28,6.8,2.8,5.1,7.7,7.7,5.5,113.9,1
5972,143,46-55,50,大专,4653.8,1378.0,14.1,7.6,5,6.1,3.2,2.9,9.6,3.9,4.2,178.51,2
5973,106,36-45,40,硕士,12685.3,2734.1,32.6,5.9,44,2.7,3.9,4.5,5.5,4.2,3.5,978.66,8
5974,73,46-55,50,大专,5679.5,2081.5,29.0,6.9,27,3.1,5.8,2.5,7.8,5.4,3.7,709.56,7
5975,0,36-45,40,本科,6901.2,459.7,21.8,6.8,5,5.0,2.3,5.7,9.7,5.6,5.7,243.89,3
5976,124,36-45,40,大专,4518.8,1283.9,11.4,10.0,28,5.7,4.8,5.3,8.4,5.1,4.7,266.9,4
5977,29,18-25,22,大专,4242.2,1309.0,10.6,8.1,5,6.4,1.8,2.4,8.2,7.7,5.0,110.86,1
5978,138,46-55,50,大专,4316.9,1619.7,11.0,8.1,37,5.6,2.6,5.6,6.2,5.3,4.5,334.79,4
5979,179,18-25,22,大专,3952.2,5027.6,58.4,7.2,100,2.3,6.4,2.9,4.6,6.2,3.0,1808.04,9
5980,90,36-45,40,高中及以下,3016.5,848.4,19.8,9.6,7,4.1,3.4,5.2,8.2,7.0,5.3,163.54,2
5981,71,26-35,30,高中及以下,5548.3,2211.3,25.9,8.3,41,4.1,4.9,7.3,6.5,6.1,5.0,690.93,7
5982,113,55+,60,博士,20305.1,3967.9,54.8,6.6,87,1.9,6.2,5.2,3.6,4.2,2.8,1742.79,9
5983,65,26-35,30,高中及以下,2641.1,2641.2,23.5,7.6,29,5.2,1.7,6.0,7.8,7.1,5.7,576.08,6
5984,25,46-55,50,大专,4531.9,1665.2,21.9,7.8,24,5.9,3.6,5.0,7.7,4.3,4.3,165.82,2
5985,161,46-55,50,高中及以下,3059.3,489.4,11.2,9.1,5,6.6,2.1,5.8,7.7,6.7,5.5,326.06,4
5986,63,55+,60,高中及以下,3574.1,1460.6,18.0,6.6,5,7.4,2.3,4.3,7.2,4.1,4.1,44.87,0
5987,20,26-35,30,本科,7995.9,2170.8,20.5,7.5,65,5.4,3.7,5.7,5.7,2.9,3.6,642.68,6
5988,50,46-55,50,高中及以下,4239.3,1121.9,13.6,10.0,13,4.5,2.0,3.3,7.8,5.1,4.3,205.22,3
5989,73,26-35,30,大专,4519.7,2557.6,23.3,9.4,28,4.0,3.6,6.5,8.5,3.9,4.9,709.56,7
5990,156,26-35,30,硕士,10841.6,3111.3,39.3,7.0,61,3.7,5.7,3.1,5.0,6.2,3.3,958.89,8
5991,187,36-45,40,本科,8473.2,948.1,8.1,8.4,19,7.0,3.1,6.3,8.2,4.8,5.1,137.99,1
5992,67,26-35,30,大专,4278.8,1183.4,29.1,9.6,28,4.7,2.0,5.9,7.6,3.8,4.7,404.86,5
5993,159,36-45,40,博士,10794.8,1555.0,23.6,7.9,55,5.9,3.7,7.8,7.8,4.8,5.3,286.16,4
5994,31,36-45,40,硕士,15838.7,2709.1,35.2,8.0,58,3.6,5.7,7.3,8.9,5.4,5.4,946.03,7
5995,192,18-25,22,本科,8188.9,200.0,14.2,8.3,15,6.3,2.7,5.4,6.6,7.3,5.1,183.85,2
5996,47,18-25,22,博士,10344.1,873.6,14.4,6.9,74,3.8,4.5,3.8,4.6,6.9,3.7,427.14,6
5997,135,18-25,22,本科,8160.7,1491.5,22.0,7.6,30,5.3,5.3,3.7,5.0,4.6,3.0,699.2,7
5998,0,36-45,40,硕士,13945.2,1430.5,16.3,9.2,40,6.5,4.5,5.1,7.3,6.3,4.7,243.89,3
5999,164,46-55,50,高中及以下,2985.7,354.9,18.9,9.2,5,6.6,3.8,3.1,6.3,5.9,3.8,388.92,5
6000,156,26-35,30,本科,10522.4,2319.3,32.2,6.2,82,1.9,3.9,4.5,8.1,5.4,4.6,958.89,8
6001,65,26-35,30,博士,19104.4,2442.6,26.6,8.9,58,5.1,4.8,5.7,6.2,5.7,4.3,576.08,6
6002,17,36-45,40,高中及以下,3091.3,372.6,7.7,9.5,44,6.2,3.2,2.3,7.1,3.2,3.1,203.21,3
6003,97,26-35,30,高中及以下,2937.9,1038.4,11.6,9.9,38,3.9,3.3,3.1,6.5,5.1,3.7,192.68,2
6004,6,46-55,50,本科,9139.2,2419.1,33.4,8.4,47,4.6,5.0,3.5,8.3,4.7,4.0,719.97,7
6005,6,36-45,40,硕士,13720.6,1409.0,28.7,8.2,37,5.3,3.9,4.2,7.0,4.7,4.0,719.97,7
6006,167,18-25,22,本科,9107.0,2453.9,35.2,7.1,34,4.5,5.2,6.3,5.3,5.6,4.2,989.1,8
6007,114,26-35,30,大专,4679.9,1161.3,22.4,9.2,43,6.7,3.2,6.6,9.1,4.2,5.2,122.44,1
6008,20,55+,60,本科,9298.5,2027.9,22.7,8.6,45,6.1,3.9,4.7,5.0,5.2,3.7,642.68,6
6009,183,36-45,40,本科,8029.8,261.8,11.8,7.0,25,6.0,2.2,8.0,8.3,4.3,5.6,240.44,3
6010,125,46-55,50,本科,9315.6,3571.0,37.7,6.8,50,3.2,4.4,5.2,7.7,5.6,4.7,1326.71,8
6011,167,46-55,50,本科,6801.2,2368.0,31.7,8.2,46,3.3,3.5,4.2,5.6,7.3,4.4,989.1,8
6012,135,36-45,40,大专,6628.2,1953.9,23.3,7.4,44,4.6,2.2,6.5,5.0,5.9,4.7,699.2,7
6013,170,18-25,22,大专,3847.3,1137.6,9.4,7.6,28,4.7,1.9,3.3,7.2,6.0,4.4,60.98,0
6014,63,36-45,40,高中及以下,3126.1,1033.7,6.8,9.7,38,6.7,4.9,5.2,10.0,6.4,5.5,44.87,0
6015,71,26-35,30,硕士,11944.6,2096.7,32.2,6.9,43,4.6,5.2,4.6,8.1,8.4,5.3,690.93,7
6016,97,36-45,40,高中及以下,3868.3,1300.5,5.0,8.8,32,6.4,3.2,6.6,7.1,7.2,5.5,192.68,2
6017,120,26-35,30,大专,5387.9,200.0,19.8,8.4,6,5.5,3.7,5.7,10.0,4.3,5.2,327.35,4
6018,39,55+,60,大专,3904.8,441.9,17.8,8.3,53,5.5,3.9,4.8,6.7,4.9,4.1,180.7,2
6019,133,55+,60,本科,6371.6,2035.5,18.0,8.9,24,6.0,2.7,6.9,8.1,6.7,5.8,238.31,3
6020,185,46-55,50,本科,6129.1,1130.0,16.9,10.0,57,7.8,3.5,7.1,8.7,3.8,5.1,303.08,4
6021,176,26-35,30,硕士,12646.9,1280.2,13.6,7.3,10,4.6,3.0,6.0,6.7,4.2,4.4,150.36,1
6022,65,36-45,40,硕士,8946.6,2601.6,29.2,8.2,21,6.5,3.7,6.0,8.3,5.6,5.2,576.08,6
6023,106,46-55,50,本科,8251.0,3462.1,42.7,6.5,51,3.8,4.6,8.6,6.3,7.7,5.8,978.66,8
6024,116,36-45,40,高中及以下,2148.0,1092.4,14.9,7.5,7,5.7,3.0,2.9,9.2,3.4,4.0,143.35,1
6025,128,46-55,50,本科,7718.6,495.0,9.9,9.0,50,5.7,2.6,5.8,6.3,4.2,4.3,163.96,2
6026,141,36-45,40,本科,6833.3,2528.3,35.0,7.7,20,3.6,4.6,9.5,8.8,7.5,6.7,548.48,6
6027,156,36-45,40,高中及以下,2886.1,2852.0,36.8,5.8,61,5.1,3.5,6.9,4.5,5.1,4.2,958.89,8
6028,166,36-45,40,本科,6749.2,1143.4,13.7,9.9,41,6.1,2.9,5.0,5.9,4.3,3.9,337.67,5
6029,20,26-35,30,本科,8491.6,1170.8,22.8,8.3,48,6.6,4.6,3.5,6.6,6.2,4.0,642.68,6
6030,173,46-55,50,本科,7585.8,225.1,20.3,9.1,7,6.6,1.0,6.2,10.0,6.5,6.3,208.75,3
6031,64,26-35,30,高中及以下,5543.9,1181.9,5.0,6.8,53,3.8,1.0,4.0,7.9,6.4,5.1,334.46,4
6032,72,18-25,22,大专,5249.5,1014.6,24.3,8.2,11,4.1,4.3,2.9,8.4,5.5,4.2,143.19,1
6033,58,46-55,50,大专,4343.4,916.3,26.5,7.1,50,5.3,3.0,6.4,8.1,3.5,4.7,206.7,3
6034,106,55+,60,本科,9430.9,3782.4,40.0,9.3,81,3.2,4.3,5.3,5.5,6.4,4.3,978.66,8
6035,62,26-35,30,硕士,7853.9,462.9,7.8,9.0,60,6.7,2.3,5.8,10.0,2.9,5.0,49.09,0
6036,135,26-35,30,大专,5644.3,3143.0,21.7,8.3,53,3.9,5.2,3.4,7.8,2.4,3.1,699.2,7
6037,75,36-45,40,本科,8105.6,1843.5,17.7,9.5,30,5.7,3.7,4.0,7.2,4.3,3.9,337.61,5
6038,145,46-55,50,博士,9874.3,327.3,21.6,8.9,43,4.0,3.0,4.3,6.9,5.5,4.3,324.35,4
6039,165,36-45,40,硕士,10725.0,1331.3,13.2,9.7,33,3.6,2.6,7.2,6.6,5.5,5.1,224.25,3
6040,111,36-45,40,大专,4164.7,1659.6,11.6,8.0,15,5.4,3.0,5.3,8.1,4.5,4.7,144.53,1
6041,139,55+,60,大专,5757.1,797.8,9.5,8.8,5,5.8,1.8,2.3,8.5,7.2,4.9,43.34,0
6042,179,36-45,40,本科,10493.5,4919.3,52.7,7.3,68,1.5,5.4,8.1,5.2,6.1,4.8,1808.04,9
6043,175,26-35,30,大专,3944.0,2175.8,18.8,9.4,27,5.1,2.5,4.6,9.8,5.1,5.2,339.4,5
6044,82,26-35,30,博士,17628.3,2247.5,23.1,9.9,62,5.1,4.2,3.8,6.9,10.0,5.3,650.6,7
6045,165,36-45,40,高中及以下,2299.3,542.9,15.5,8.4,12,7.1,1.8,6.6,5.8,8.0,5.6,224.25,3
6046,113,26-35,30,大专,8341.7,4780.8,53.8,3.4,61,0.5,6.9,7.7,5.4,6.6,4.6,1742.79,9
6047,65,26-35,30,高中及以下,4434.4,1326.4,20.0,6.8,58,5.3,2.5,5.8,7.6,6.2,5.2,576.08,6
6048,83,26-35,30,高中及以下,2415.4,637.9,19.5,9.7,46,5.2,3.2,1.5,7.6,5.3,3.7,88.39,0
6049,121,55+,60,本科,5924.5,741.7,14.7,9.0,25,6.3,4.6,5.2,5.4,5.3,3.9,59.78,0
6050,125,18-25,22,本科,10498.8,3642.4,46.0,6.0,56,4.7,4.9,7.0,6.1,7.6,5.2,1326.71,8
6051,179,36-45,40,高中及以下,5019.0,5122.6,51.4,5.9,77,2.0,6.6,8.1,4.3,6.6,4.5,1808.04,9
6052,12,46-55,50,高中及以下,3856.4,593.5,24.1,8.5,47,7.0,4.0,5.3,6.5,4.7,4.1,189.04,2
6053,75,36-45,40,本科,7297.9,1379.6,21.5,7.4,48,4.7,2.0,4.8,6.9,4.6,4.4,337.61,5
6054,55,46-55,50,本科,7045.4,1275.4,19.5,7.3,31,5.7,3.6,6.1,9.0,3.5,4.8,376.64,5
6055,21,55+,60,高中及以下,2958.9,1113.9,5.0,9.1,39,3.8,2.8,2.5,8.0,7.4,4.7,118.42,1
6056,39,26-35,30,大专,4597.5,222.9,19.5,9.6,22,5.0,1.9,3.3,6.5,6.1,4.3,180.7,2
6057,73,26-35,30,博士,19510.9,1861.7,37.2,8.2,27,5.3,1.7,2.3,5.6,7.8,4.2,709.56,7
6058,125,26-35,30,硕士,12569.9,4347.1,48.5,6.6,84,4.1,5.3,7.3,6.2,6.9,5.1,1326.71,8
6059,152,55+,60,本科,6936.4,1047.7,10.1,9.7,17,7.3,3.4,5.1,7.4,4.1,4.3,75.19,0
6060,112,46-55,50,博士,16422.0,1641.2,7.6,8.5,34,5.9,4.2,4.2,9.1,5.0,4.6,157.63,1
6061,20,46-55,50,高中及以下,3301.4,1826.0,25.7,8.4,44,5.2,4.5,4.8,10.0,6.9,5.6,642.68,6
6062,159,46-55,50,硕士,12975.4,1753.7,14.7,8.8,53,6.4,4.0,5.2,6.7,2.6,3.6,286.16,4
6063,113,18-25,22,本科,9792.5,5196.7,51.7,7.1,78,3.5,5.7,8.1,4.8,6.9,4.8,1742.79,9
6064,159,26-35,30,大专,5049.4,1187.2,16.5,7.6,53,5.7,2.7,4.7,7.8,5.5,4.8,286.16,4
6065,59,26-35,30,高中及以下,3833.8,1485.2,23.8,6.8,44,4.1,1.1,3.9,8.5,5.3,4.9,393.68,5
6066,65,55+,60,本科,8473.5,1865.2,28.3,8.2,28,4.3,4.3,4.4,6.4,9.1,5.1,576.08,6
6067,50,26-35,30,高中及以下,2560.8,1711.1,14.7,10.0,46,6.0,2.1,1.5,9.2,7.2,4.8,205.22,3
6068,47,36-45,40,硕士,11075.1,1854.4,18.4,9.2,22,4.7,4.4,6.6,8.9,7.9,6.1,427.14,6
6069,109,18-25,22,硕士,11791.4,907.4,8.7,8.4,17,5.3,5.3,4.7,7.2,3.8,3.7,137.77,1
6070,113,36-45,40,硕士,14501.6,4930.7,51.4,5.4,90,4.2,5.9,7.2,4.2,7.7,4.6,1742.79,9
6071,34,46-55,50,本科,7448.9,1043.5,15.1,8.6,5,4.9,3.5,5.5,6.1,7.8,5.0,337.83,5
6072,197,36-45,40,硕士,10429.9,1507.6,12.9,9.5,28,6.4,1.7,4.4,6.8,8.3,5.3,173.08,2
6073,107,36-45,40,大专,4649.7,1311.4,21.8,10.0,31,5.7,3.1,6.2,8.0,4.4,4.9,176.72,2
6074,76,26-35,30,本科,8342.5,1427.3,8.4,9.2,69,4.4,2.2,2.9,6.8,3.6,3.5,161.91,1
6075,171,36-45,40,本科,5411.8,200.0,7.8,8.8,12,5.5,3.0,6.6,7.3,7.8,5.8,65.64,0
6076,166,18-25,22,博士,14744.3,857.2,16.6,7.2,10,5.6,1.6,6.2,5.5,4.2,4.3,337.67,5
6077,55,18-25,22,高中及以下,3080.7,1330.9,20.3,7.8,37,5.7,3.7,5.5,7.7,4.8,4.6,376.64,5
6078,167,26-35,30,高中及以下,3511.5,2915.7,42.8,6.7,65,3.2,5.1,7.8,5.4,5.0,4.5,989.1,8
6079,65,26-35,30,高中及以下,4240.6,1110.6,23.4,9.0,84,4.3,2.7,2.7,10.0,6.0,5.0,576.08,6
6080,10,26-35,30,本科,8122.6,1359.4,15.4,7.8,23,5.8,3.0,6.9,6.0,4.1,4.4,93.37,0
6081,5,26-35,30,大专,3756.1,200.0,24.6,8.3,5,6.8,1.7,4.7,8.9,5.2,5.1,117.43,1
6082,113,18-25,22,大专,6790.4,5366.4,50.8,5.6,99,1.2,5.8,8.3,7.0,3.7,4.6,1742.79,9
6083,73,26-35,30,博士,20546.9,892.0,26.5,9.5,19,3.3,4.9,7.8,6.8,6.3,5.3,709.56,7
6084,156,36-45,40,硕士,13896.3,3347.0,32.6,7.0,44,5.6,5.5,5.0,7.3,7.6,4.9,958.89,8
6085,113,36-45,40,本科,12375.7,4856.0,47.4,6.7,62,2.0,6.0,6.7,6.0,5.3,4.3,1742.79,9
6086,160,18-25,22,大专,6894.9,930.9,16.8,9.4,8,4.3,2.6,5.0,6.5,5.6,4.5,56.0,0
6087,141,26-35,30,高中及以下,4614.0,1977.7,27.0,8.0,46,3.5,4.9,3.1,6.1,6.7,3.8,548.48,6
6088,195,36-45,40,本科,10662.9,1612.3,15.7,9.8,18,6.2,3.2,3.2,6.3,6.2,4.0,218.18,3
6089,107,18-25,22,高中及以下,2505.1,831.2,15.5,8.5,15,5.3,3.0,3.7,8.7,6.9,5.1,176.72,2
6090,73,36-45,40,大专,4222.9,2189.4,30.1,8.1,50,5.6,4.0,8.5,6.2,5.3,5.1,709.56,7
6091,42,46-55,50,本科,8553.5,200.0,10.5,8.6,53,5.7,1.9,6.7,5.6,4.3,4.5,132.2,1
6092,135,18-25,22,高中及以下,3737.6,2380.2,29.9,8.7,60,3.4,6.7,5.9,6.8,5.9,4.4,699.2,7
6093,113,46-55,50,硕士,14076.9,4247.2,55.0,7.3,52,2.4,5.4,8.2,6.5,6.6,5.3,1742.79,9
6094,145,36-45,40,大专,5581.4,1239.6,16.3,7.8,23,5.1,3.3,5.1,6.8,4.2,4.1,324.35,4
6095,161,18-25,22,博士,17212.9,793.7,15.2,9.1,27,5.1,4.0,3.6,9.3,5.9,4.8,326.06,4
6096,135,36-45,40,博士,16787.7,2372.6,35.6,8.5,37,5.2,3.6,4.7,4.9,3.5,3.2,699.2,7
6097,166,46-55,50,大专,4454.7,1372.1,19.2,9.2,5,6.1,4.5,5.9,8.8,3.6,4.6,337.67,5
6098,51,46-55,50,大专,6336.2,1735.7,17.3,9.8,16,4.5,2.8,4.6,7.9,6.1,4.9,100.98,0
6099,179,36-45,40,高中及以下,3898.9,5335.2,51.6,4.7,63,3.1,5.3,7.2,6.7,5.9,4.9,1808.04,9
6100,56,26-35,30,大专,4472.9,1299.0,16.9,8.2,26,6.0,3.4,5.4,8.0,4.8,4.7,64.12,0
6101,73,26-35,30,硕士,8251.1,1594.3,27.3,8.0,74,6.0,3.4,6.0,6.5,9.2,5.7,709.56,7
6102,30,18-25,22,本科,6229.4,335.3,8.3,7.7,42,6.7,2.7,4.9,9.4,8.0,6.0,81.31,0
6103,40,26-35,30,本科,6354.6,1870.4,17.4,10.0,42,5.8,3.2,3.8,7.0,7.6,4.8,310.59,4
6104,145,26-35,30,高中及以下,4069.4,1247.6,21.8,7.7,22,3.9,3.4,6.7,7.7,3.4,4.6,324.35,4
6105,31,36-45,40,本科,10524.2,2289.5,29.5,9.0,24,4.4,4.0,8.2,3.3,5.7,4.3,946.03,7
6106,195,26-35,30,高中及以下,3309.8,1288.6,21.2,8.5,47,6.0,2.2,3.8,6.2,5.8,4.2,218.18,3
6107,183,36-45,40,高中及以下,2285.7,379.7,15.7,9.5,27,4.9,2.8,6.2,6.9,7.7,5.5,240.44,3
6108,10,36-45,40,大专,4033.2,574.3,9.6,8.9,16,4.1,2.2,5.1,6.2,7.9,5.2,93.37,0
6109,162,36-45,40,大专,6051.2,1899.4,18.1,9.5,49,4.2,3.3,3.3,6.5,7.5,4.5,472.76,6
6110,82,18-25,22,高中及以下,3522.9,2940.3,25.6,8.1,34,6.1,4.8,3.0,8.2,2.5,3.2,650.6,7
6111,164,26-35,30,硕士,10262.7,2017.5,20.5,7.7,36,4.6,4.0,2.3,7.4,6.3,4.0,388.92,5
6112,9,18-25,22,本科,7399.6,1449.7,18.6,8.5,26,5.2,3.3,8.3,6.3,7.5,5.8,255.33,4
6113,125,46-55,50,硕士,9895.0,3710.9,38.4,7.6,81,5.7,7.0,6.0,7.4,6.3,4.6,1326.71,8
6114,148,46-55,50,高中及以下,3938.9,1166.3,26.4,6.9,37,4.5,3.4,3.1,7.9,4.2,3.9,250.12,4
6115,169,18-25,22,本科,9444.2,319.6,17.7,7.6,40,7.1,2.1,5.5,5.2,5.5,4.3,69.84,0
6116,178,36-45,40,大专,4952.1,1230.3,7.5,8.8,11,7.6,1.9,2.6,6.8,6.2,4.2,113.9,1
6117,2,46-55,50,硕士,10138.0,2018.2,18.8,10.0,24,6.4,2.9,6.2,9.6,5.0,5.5,283.64,4
6118,156,26-35,30,本科,7346.5,2137.9,47.2,6.5,75,3.5,4.4,5.3,6.3,3.8,3.8,958.89,8
6119,31,36-45,40,大专,5055.7,1955.9,38.8,6.0,43,4.6,2.5,4.5,4.5,7.2,4.3,946.03,7
6120,113,46-55,50,硕士,13751.1,5736.8,53.0,5.9,71,3.8,7.2,8.5,7.1,7.0,5.4,1742.79,9
6121,82,26-35,30,硕士,14876.5,2328.1,19.9,7.1,30,4.4,3.2,7.5,4.2,4.5,4.2,650.6,7
6122,54,18-25,22,大专,4048.9,1340.0,25.6,8.5,46,5.3,2.8,5.2,8.7,4.6,4.9,416.13,5
6123,70,55+,60,硕士,15160.3,682.6,9.8,10.0,20,5.4,3.0,7.7,7.4,2.7,4.7,213.02,3
6124,61,26-35,30,博士,18907.4,513.3,18.2,8.7,5,4.4,1.9,5.7,7.2,7.1,5.4,123.27,1
6125,54,26-35,30,高中及以下,3175.7,1866.1,18.2,7.6,29,3.9,2.4,6.7,6.8,7.1,5.5,416.13,5
6126,135,36-45,40,硕士,13876.5,2079.7,29.5,8.5,43,4.9,4.8,8.4,9.0,5.7,5.9,699.2,7
6127,75,46-55,50,高中及以下,2933.5,200.0,22.8,8.8,38,5.3,1.6,4.6,9.4,4.1,4.9,337.61,5
6128,179,55+,60,高中及以下,4321.5,4313.7,65.6,7.4,100,2.0,6.7,7.9,5.8,4.6,4.3,1808.04,9
6129,114,36-45,40,高中及以下,2816.5,1085.1,7.3,8.5,22,8.3,3.2,5.0,8.5,4.5,4.7,122.44,1
6130,113,26-35,30,硕士,16262.1,5437.2,52.2,6.5,83,3.3,5.7,6.8,5.3,5.9,4.3,1742.79,9
6131,179,26-35,30,本科,9674.6,4787.9,49.3,6.5,60,2.1,5.5,9.5,5.6,8.0,5.8,1808.04,9
6132,177,36-45,40,本科,8113.9,1919.2,26.2,8.3,31,4.3,2.7,7.3,7.2,4.8,5.1,634.94,6
6133,3,55+,60,大专,4290.8,1940.6,26.1,6.0,39,5.8,4.2,6.4,3.2,4.6,3.5,680.64,7
6134,125,55+,60,博士,19906.2,4374.4,54.9,6.1,49,3.3,6.6,6.2,6.8,4.8,4.1,1326.71,8
6135,125,36-45,40,本科,6559.6,3516.3,49.8,6.2,68,4.5,6.1,7.0,7.2,4.4,4.4,1326.71,8
6136,179,26-35,30,本科,12306.5,4749.2,54.6,5.0,83,1.9,4.6,4.1,5.9,3.6,3.2,1808.04,9
6137,148,26-35,30,大专,4314.3,1954.9,23.7,8.4,43,6.3,3.8,4.9,7.9,7.7,5.3,250.12,4
6138,102,55+,60,本科,6322.5,676.3,10.4,9.8,5,6.1,3.6,7.9,6.9,4.4,5.0,105.35,0
6139,7,46-55,50,本科,7564.3,884.1,22.7,10.0,35,3.3,3.3,3.3,7.3,7.0,4.6,319.72,4
6140,19,26-35,30,本科,6143.0,240.1,11.2,10.0,5,3.7,3.5,6.1,8.0,7.8,5.8,36.15,0
6141,106,36-45,40,高中及以下,3240.1,3170.3,38.9,7.8,59,3.4,4.3,8.4,6.7,6.5,5.6,978.66,8
6142,194,36-45,40,本科,6944.7,1183.7,12.9,8.2,14,5.7,4.2,5.9,8.1,8.3,5.8,176.48,2
6143,196,46-55,50,本科,8527.3,329.5,13.2,6.8,34,4.6,3.7,6.6,6.0,5.5,4.6,61.32,0
6144,106,18-25,22,高中及以下,3766.6,2733.4,41.9,6.8,86,4.8,4.2,2.3,6.2,6.5,3.7,978.66,8
6145,177,46-55,50,大专,5493.8,1599.8,21.1,7.4,15,4.4,2.9,6.9,7.3,4.5,4.9,634.94,6
6146,51,26-35,30,本科,6149.8,1259.6,16.6,8.8,5,4.8,1.7,5.3,9.7,4.4,5.3,100.98,0
6147,71,26-35,30,硕士,11260.4,2565.6,22.3,7.8,30,5.3,4.0,3.2,9.0,6.7,4.8,690.93,7
6148,82,36-45,40,硕士,12273.9,2607.6,26.8,9.4,53,3.2,3.2,6.7,6.3,7.8,5.5,650.6,7
6149,144,46-55,50,本科,7032.9,1136.8,7.7,7.8,17,6.4,3.0,5.2,7.0,6.2,4.8,192.46,2
6150,167,46-55,50,高中及以下,3523.6,3753.1,39.9,8.2,68,4.9,4.4,5.5,7.0,6.2,4.7,989.1,8
6151,86,26-35,30,硕士,8866.3,1098.2,15.8,7.5,51,5.5,3.9,10.0,5.5,6.3,5.7,370.7,5
6152,106,36-45,40,本科,7163.4,2591.9,30.4,8.0,55,3.7,5.1,6.3,9.4,5.4,5.3,978.66,8
6153,12,26-35,30,本科,6766.4,1167.2,31.3,9.0,38,6.5,2.8,2.6,8.8,3.6,3.9,189.04,2
6154,65,36-45,40,大专,6765.5,1565.7,25.7,7.2,42,4.7,3.9,4.5,6.3,5.1,4.0,576.08,6
6155,164,36-45,40,博士,12766.2,793.0,13.5,7.6,34,5.8,2.1,4.2,4.9,7.5,4.4,388.92,5
6156,6,18-25,22,大专,4629.9,1676.7,36.0,6.4,35,2.7,3.3,7.3,6.0,4.7,4.7,719.97,7
6157,156,55+,60,大专,7844.4,2489.6,35.7,7.2,20,4.3,5.0,3.1,4.8,5.9,3.2,958.89,8
6158,113,36-45,40,硕士,20518.5,4909.3,52.5,6.0,99,0.8,4.4,7.1,6.2,5.1,4.6,1742.79,9
6159,64,26-35,30,博士,13223.0,1413.4,18.7,7.8,24,4.9,5.3,5.4,8.3,2.2,3.8,334.46,4
6160,106,36-45,40,本科,14448.2,2248.1,33.9,6.9,50,4.8,4.3,5.5,8.2,5.4,4.8,978.66,8
6161,103,46-55,50,大专,4230.8,959.1,12.6,7.4,37,6.1,1.0,3.7,8.1,3.3,4.2,66.53,0
6162,191,18-25,22,高中及以下,3137.4,1560.0,17.2,6.6,34,5.5,2.0,6.5,5.6,7.4,5.3,349.46,5
6163,145,55+,60,本科,9616.3,1638.6,17.3,7.5,41,4.0,4.0,5.6,6.8,5.7,4.6,324.35,4
6164,90,26-35,30,大专,4462.9,934.5,18.0,8.8,12,6.7,2.9,8.2,7.3,7.5,6.2,163.54,2
6165,180,36-45,40,大专,5131.9,1444.0,16.1,8.1,42,6.2,2.7,4.1,5.6,5.3,3.9,277.46,4
6166,179,36-45,40,本科,6895.3,5377.1,58.9,3.3,54,2.8,6.4,6.3,4.7,8.6,4.7,1808.04,9
6167,113,46-55,50,本科,15660.6,5529.8,51.7,6.7,82,1.4,6.7,9.0,6.3,3.6,4.4,1742.79,9
6168,181,26-35,30,本科,9665.6,405.1,6.3,10.0,5,6.8,1.5,4.4,7.2,4.1,4.3,62.98,0
6169,125,46-55,50,博士,25276.2,3297.7,45.6,5.6,50,3.3,5.2,7.0,7.7,7.5,5.6,1326.71,8
6170,151,36-45,40,博士,16918.1,730.0,20.1,4.5,41,3.5,3.8,5.4,8.5,4.9,4.8,209.86,3
6171,106,46-55,50,大专,4273.7,3498.1,30.9,6.2,84,5.0,4.4,4.2,7.6,5.4,4.3,978.66,8
6172,125,36-45,40,硕士,17226.1,3873.1,40.3,6.2,50,2.7,5.6,6.6,4.2,7.0,4.3,1326.71,8
6173,86,46-55,50,本科,5297.3,1224.7,14.2,10.0,36,4.9,2.5,7.3,5.5,4.4,4.6,370.7,5
6174,34,46-55,50,硕士,8779.2,379.3,19.1,9.7,35,5.4,2.9,4.6,6.1,2.9,3.5,337.83,5
6175,77,26-35,30,大专,3610.5,820.6,8.7,6.0,34,6.0,2.1,6.5,8.1,6.0,5.6,110.06,1
6176,86,55+,60,博士,19576.6,2118.7,20.7,8.7,36,5.6,3.1,3.5,8.4,5.4,4.5,370.7,5
6177,159,55+,60,硕士,14736.4,1210.7,11.4,6.5,5,4.8,4.0,4.2,8.2,7.8,5.2,286.16,4
6178,87,55+,60,硕士,14532.1,200.0,18.1,8.0,22,5.0,2.5,6.8,5.9,3.6,4.3,206.18,3
6179,106,18-25,22,博士,14866.4,2769.5,34.3,5.8,53,3.3,4.6,7.5,6.0,5.9,4.9,978.66,8
6180,156,46-55,50,博士,19981.2,2982.7,33.9,7.4,65,5.0,4.7,5.4,3.7,2.8,2.7,958.89,8
6181,113,36-45,40,大专,6119.3,5326.7,52.2,6.0,113,3.0,6.1,9.0,4.6,6.7,4.9,1742.79,9
6182,75,55+,60,高中及以下,3679.3,1021.6,20.6,10.0,42,6.1,4.9,5.7,9.4,4.2,4.8,337.61,5
6183,1,36-45,40,本科,6731.9,1499.9,9.7,9.1,41,6.3,4.1,3.1,6.6,4.3,3.4,129.25,1
6184,156,36-45,40,硕士,21020.5,2562.9,34.2,6.6,86,3.5,4.9,5.6,7.1,6.2,4.7,958.89,8
6185,179,18-25,22,本科,7877.0,5224.2,50.3,6.5,78,3.9,5.9,7.5,3.2,8.1,4.5,1808.04,9
6186,0,26-35,30,本科,7204.5,1696.1,21.8,8.8,24,6.9,1.5,4.1,6.7,3.4,3.8,243.89,3
6187,137,36-45,40,高中及以下,2948.7,245.5,13.5,8.5,47,7.4,3.1,5.4,6.7,5.4,4.6,107.55,1
6188,113,26-35,30,大专,5283.9,3847.4,58.1,6.0,70,4.1,7.1,9.2,5.3,6.0,4.8,1742.79,9
6189,167,26-35,30,硕士,14848.9,2504.1,29.4,7.8,56,4.5,3.7,7.5,6.4,6.5,5.3,989.1,8
6190,39,46-55,50,本科,5946.5,947.5,13.6,10.0,21,4.2,4.3,3.4,8.1,4.0,3.8,180.7,2
6191,76,55+,60,高中及以下,3050.6,588.8,20.1,8.9,18,5.7,3.1,4.3,7.9,4.7,4.4,161.91,1
6192,20,55+,60,大专,5484.0,2915.0,26.7,8.9,25,4.6,3.0,4.8,7.1,7.4,5.1,642.68,6
6193,65,36-45,40,高中及以下,3196.2,1860.5,20.7,8.2,69,5.6,2.3,7.1,7.9,5.6,5.6,576.08,6
6194,106,36-45,40,硕士,14338.1,3096.3,37.3,8.0,58,3.1,5.3,5.7,6.4,5.4,4.2,978.66,8
6195,179,26-35,30,硕士,19692.0,5102.9,55.5,6.2,75,4.0,7.5,8.5,6.4,6.1,4.9,1808.04,9
6196,50,18-25,22,大专,4096.3,786.8,20.3,8.4,31,5.3,2.2,5.5,6.6,2.0,3.7,205.22,3
6197,141,36-45,40,本科,7993.4,2568.6,24.3,8.2,37,5.4,2.2,4.9,8.3,7.2,5.5,548.48,6
6198,145,18-25,22,硕士,7772.3,731.2,19.3,7.4,7,6.5,1.9,5.9,10.0,4.2,5.5,324.35,4
6199,28,55+,60,硕士,8880.2,408.9,11.8,9.0,32,7.1,4.2,6.5,6.9,4.5,4.5,81.4,0
6200,191,26-35,30,大专,5596.2,1541.7,20.4,8.5,58,5.6,1.8,5.1,9.0,8.6,6.2,349.46,5
6201,40,36-45,40,硕士,7655.4,1200.1,22.9,7.8,5,4.5,3.8,3.7,10.0,6.4,5.2,310.59,4
6202,7,55+,60,硕士,12955.8,847.9,11.5,10.0,42,5.0,2.6,7.7,9.5,5.2,6.0,319.72,4
6203,190,46-55,50,硕士,12358.1,255.5,8.7,7.7,46,6.6,3.6,5.3,8.4,5.8,5.1,94.96,0
6204,82,18-25,22,高中及以下,4330.2,2176.5,26.5,6.8,29,4.9,3.4,5.1,7.0,5.2,4.5,650.6,7
6205,67,36-45,40,大专,5869.8,1607.9,22.1,5.7,14,5.5,3.2,5.0,5.6,4.8,3.9,404.86,5
6206,67,36-45,40,硕士,8439.0,1376.4,27.3,7.3,52,3.8,3.7,7.0,9.1,4.6,5.4,404.86,5
6207,2,46-55,50,博士,15190.2,994.4,23.0,8.9,25,5.4,3.6,5.3,5.4,4.7,3.9,283.64,4
6208,138,18-25,22,高中及以下,3120.9,1143.1,17.7,8.7,5,6.0,2.6,4.5,8.9,7.1,5.5,334.79,4
6209,156,55+,60,大专,4954.2,2635.7,30.1,6.4,58,3.9,3.5,6.3,7.5,3.0,4.3,958.89,8
6210,100,18-25,22,硕士,10683.2,200.0,14.8,10.0,6,6.0,1.8,2.9,10.0,5.1,4.9,36.04,0
6211,52,36-45,40,高中及以下,3244.8,1767.6,11.9,9.7,24,4.6,3.1,5.4,7.4,3.2,4.1,75.42,0
6212,104,36-45,40,大专,5011.2,821.5,14.4,10.0,39,6.7,1.9,2.5,7.4,7.3,4.6,126.31,1
6213,183,46-55,50,硕士,9030.9,1240.9,10.6,10.0,30,5.9,1.9,3.0,7.2,6.2,4.4,240.44,3
6214,36,26-35,30,硕士,11425.1,514.7,17.7,9.1,10,5.2,3.0,6.9,7.0,5.1,5.0,182.89,2
6215,10,36-45,40,大专,4837.2,881.2,12.5,9.1,16,5.5,3.2,6.7,8.4,5.8,5.5,93.37,0
6216,78,18-25,22,硕士,11116.4,1644.8,23.7,7.9,30,6.8,1.0,4.2,7.1,5.1,4.5,162.68,1
6217,179,26-35,30,硕士,19155.2,3648.7,54.8,4.8,97,1.8,7.5,7.0,2.8,5.3,3.2,1808.04,9
6218,82,55+,60,大专,5358.2,1193.2,29.5,6.1,22,4.2,3.0,6.4,7.4,5.8,5.2,650.6,7
6219,150,36-45,40,本科,6559.7,1156.8,20.9,9.5,25,4.7,2.4,5.7,6.2,8.7,5.5,190.66,2
6220,6,46-55,50,大专,6084.9,2534.7,30.4,7.6,47,6.8,2.5,6.3,7.3,7.0,5.5,719.97,7
6221,73,18-25,22,高中及以下,4052.0,1848.7,25.8,7.6,33,5.1,3.8,6.5,6.6,4.1,4.4,709.56,7
6222,122,36-45,40,博士,16698.1,1506.6,26.5,6.4,5,7.8,3.5,5.2,7.4,7.9,5.4,603.53,6
6223,113,36-45,40,高中及以下,5176.2,4423.1,49.5,5.6,86,3.7,6.0,7.5,3.9,6.0,4.1,1742.79,9
6224,118,26-35,30,本科,7982.9,1576.1,24.9,7.8,33,5.8,2.4,3.2,6.9,7.3,4.6,465.37,6
6225,92,55+,60,硕士,7483.2,645.4,9.8,8.1,11,4.8,2.8,6.2,7.0,6.0,5.1,73.55,0
6226,125,36-45,40,本科,11403.7,3898.0,42.5,6.2,41,4.3,6.2,7.5,7.5,5.6,5.0,1326.71,8
6227,167,26-35,30,本科,8560.9,2311.8,33.5,8.4,77,1.6,5.2,5.3,6.8,4.4,4.0,989.1,8
6228,17,36-45,40,本科,6611.2,705.7,25.4,7.3,40,4.9,2.5,6.2,8.2,4.5,5.0,203.21,3
6229,85,46-55,50,硕士,11022.1,200.0,15.9,7.2,22,6.0,3.7,6.4,8.8,5.9,5.5,89.86,0
6230,149,26-35,30,硕士,10165.1,642.5,20.6,10.0,18,5.9,2.9,7.5,8.3,5.3,5.6,199.73,2
6231,162,36-45,40,博士,21083.6,756.8,25.7,8.5,50,6.3,3.6,4.0,5.8,4.3,3.5,472.76,6
6232,125,55+,60,高中及以下,4222.8,4565.6,50.9,6.5,93,3.5,2.7,6.2,6.1,7.1,5.2,1326.71,8
6233,86,18-25,22,大专,4008.6,1694.1,17.4,8.0,37,6.6,3.4,5.0,9.5,9.6,6.4,370.7,5
6234,64,26-35,30,硕士,12534.0,1095.5,22.5,7.9,54,6.1,3.5,10.0,6.4,5.2,5.7,334.46,4
6235,111,55+,60,高中及以下,2961.9,1219.2,9.2,7.8,15,5.6,3.3,4.6,6.1,6.5,4.4,144.53,1
6236,75,26-35,30,硕士,11154.9,923.3,17.4,7.7,24,7.3,3.4,6.9,9.6,3.9,5.3,337.61,5
6237,138,36-45,40,本科,7668.9,200.0,19.1,7.4,5,4.8,2.0,6.8,9.4,9.3,7.0,334.79,4
6238,148,36-45,40,硕士,8794.5,1169.8,6.2,9.1,48,5.0,2.1,1.0,10.0,5.7,4.5,250.12,4
6239,113,36-45,40,硕士,12680.5,5449.3,52.5,7.2,66,2.8,5.8,6.6,5.9,6.8,4.7,1742.79,9
6240,164,26-35,30,高中及以下,3797.5,1576.2,20.9,8.7,45,7.8,2.0,8.2,9.0,5.6,6.2,388.92,5
6241,29,26-35,30,高中及以下,3126.0,801.6,10.2,9.0,27,5.0,1.9,6.4,8.5,6.4,5.8,110.86,1
6242,177,26-35,30,本科,10694.2,1448.9,24.9,5.7,49,4.6,6.3,5.5,9.9,5.7,5.1,634.94,6
6243,31,36-45,40,硕士,16667.7,3116.7,30.7,6.7,56,3.6,5.4,6.1,5.8,7.6,4.8,946.03,7
6244,141,26-35,30,本科,8438.9,2946.0,32.0,8.1,42,3.7,4.1,4.8,6.7,3.9,3.8,548.48,6
6245,87,26-35,30,硕士,7623.9,848.0,12.9,9.0,5,6.7,2.6,5.5,9.4,4.4,5.1,206.18,3
6246,101,26-35,30,大专,3669.1,1721.3,12.3,9.4,20,6.9,2.1,4.5,6.7,6.0,4.6,97.45,0
6247,179,46-55,50,大专,7121.6,4742.2,59.4,6.5,74,2.7,4.9,10.0,3.7,5.4,4.8,1808.04,9
6248,113,26-35,30,博士,22003.1,5207.1,47.7,7.1,78,3.8,4.6,7.8,4.5,6.6,4.7,1742.79,9
6249,34,36-45,40,博士,14992.5,1892.1,15.5,7.5,5,4.7,4.5,5.8,7.4,8.1,5.4,337.83,5
6250,145,55+,60,硕士,11928.3,832.1,20.1,9.6,33,3.9,3.3,3.8,6.6,4.6,3.8,324.35,4
6251,177,26-35,30,本科,6551.4,2264.0,31.2,8.0,33,3.6,2.6,5.5,7.5,5.1,4.8,634.94,6
6252,179,26-35,30,硕士,25529.9,4968.8,49.8,7.5,70,2.5,5.4,9.0,3.3,8.0,5.0,1808.04,9
6253,88,46-55,50,本科,5484.4,1368.4,9.8,8.4,31,4.8,1.4,4.6,6.7,6.3,4.8,87.38,0
6254,166,26-35,30,本科,6251.0,1026.4,25.4,8.8,46,5.9,2.4,6.0,8.3,6.1,5.5,337.67,5
6255,151,18-25,22,高中及以下,2260.6,1110.9,13.8,8.8,35,5.8,2.1,2.9,9.4,4.7,4.6,209.86,3
6256,179,46-55,50,硕士,12897.4,5127.6,57.1,5.9,92,1.4,6.2,7.0,6.9,7.1,5.1,1808.04,9
6257,155,46-55,50,大专,4786.8,626.0,10.3,8.7,21,5.1,2.7,5.7,6.4,6.5,4.9,72.65,0
6258,169,46-55,50,高中及以下,3061.5,200.0,20.2,9.4,12,6.1,3.3,2.9,7.6,3.6,3.6,69.84,0
6259,91,36-45,40,本科,9789.9,1826.1,17.8,8.6,5,3.9,3.7,4.1,6.5,2.6,3.2,390.98,5
6260,107,26-35,30,本科,4878.5,1034.3,6.5,9.4,25,6.5,2.9,3.6,6.5,7.4,4.6,176.72,2
6261,50,46-55,50,高中及以下,2987.6,805.0,25.4,9.9,37,6.9,3.0,5.0,6.1,5.1,4.2,205.22,3
6262,133,26-35,30,大专,4519.3,2232.6,7.9,7.4,31,3.9,4.2,5.0,10.0,6.6,5.6,238.31,3
6263,27,26-35,30,本科,8218.6,338.2,20.4,9.2,26,5.5,2.2,5.9,7.7,6.1,5.3,216.09,3
6264,65,26-35,30,硕士,12324.4,1436.7,23.5,8.5,35,5.5,5.7,4.6,5.9,5.3,3.7,576.08,6
6265,148,26-35,30,高中及以下,2903.0,798.5,11.2,9.1,20,5.1,2.7,6.3,4.4,7.9,4.9,250.12,4
6266,179,26-35,30,硕士,14000.5,5090.8,62.4,7.3,93,2.4,5.4,8.7,3.5,6.1,4.5,1808.04,9
6267,164,55+,60,高中及以下,2981.9,1128.1,31.5,7.5,5,4.9,1.7,5.2,7.4,2.1,4.0,388.92,5
6268,120,18-25,22,本科,8226.8,2156.7,20.5,8.9,31,5.0,4.6,3.8,6.7,3.1,3.2,327.35,4
6269,180,26-35,30,硕士,9788.2,1162.0,14.3,9.6,30,5.8,2.6,7.6,6.9,5.9,5.5,277.46,4
6270,129,55+,60,大专,5399.8,969.6,14.8,9.9,41,7.3,2.4,7.6,6.9,7.3,5.9,89.7,0
6271,52,18-25,22,本科,7805.0,1108.9,11.6,10.0,39,6.2,2.5,6.1,5.9,7.2,5.1,75.42,0
6272,96,55+,60,本科,8524.9,1291.2,14.2,9.6,24,3.3,2.4,3.5,6.5,7.4,4.6,199.56,2
6273,175,18-25,22,高中及以下,2450.2,1074.0,15.6,7.7,65,5.5,3.0,5.4,9.1,5.6,5.3,339.4,5
6274,179,26-35,30,本科,13804.4,5565.6,59.4,5.1,60,1.9,6.0,5.8,3.0,6.4,3.5,1808.04,9
6275,179,26-35,30,硕士,13111.8,5873.7,51.4,7.4,82,4.0,5.0,4.9,6.6,8.7,5.1,1808.04,9
6276,6,36-45,40,高中及以下,2888.6,2213.7,23.1,7.9,46,5.2,5.2,5.3,8.7,5.2,4.7,719.97,7
6277,133,55+,60,高中及以下,2993.3,1511.7,18.7,9.5,21,4.1,3.5,4.4,9.2,6.4,5.2,238.31,3
6278,112,46-55,50,大专,5809.0,1519.4,11.5,8.6,12,6.0,2.0,4.5,9.2,3.9,4.7,157.63,1
6279,100,46-55,50,高中及以下,2782.4,1290.8,9.5,7.5,43,4.6,2.3,1.3,9.5,5.9,4.4,36.04,0
6280,13,36-45,40,本科,6555.2,200.0,11.9,9.5,13,5.7,2.7,5.4,8.2,5.5,5.1,21.91,0
6281,82,36-45,40,大专,5549.7,2280.4,28.3,6.7,18,6.0,4.0,4.7,6.8,4.1,3.9,650.6,7
6282,106,36-45,40,硕士,10157.2,3975.3,46.1,6.7,56,4.5,5.6,6.0,4.4,6.6,4.1,978.66,8
6283,69,26-35,30,大专,4953.6,200.0,5.0,7.7,31,5.4,1.3,4.0,6.9,7.8,5.2,77.86,0
6284,160,55+,60,本科,7009.4,902.8,5.0,9.4,26,5.4,2.2,7.7,9.2,7.6,6.7,56.0,0
6285,48,46-55,50,本科,8108.8,1450.7,9.5,10.0,5,7.9,2.1,3.7,7.6,6.2,4.7,209.27,3
6286,82,46-55,50,高中及以下,2837.0,2391.2,31.6,8.7,21,5.4,3.1,5.6,4.6,7.3,4.6,650.6,7
6287,113,26-35,30,本科,9672.5,4209.1,51.4,6.3,103,3.2,8.3,5.9,5.1,6.8,3.9,1742.79,9
6288,113,46-55,50,高中及以下,3697.1,5518.4,48.0,6.7,73,3.0,7.8,4.3,4.8,4.3,2.7,1742.79,9
6289,34,36-45,40,大专,3356.2,799.5,28.1,8.8,36,5.3,3.3,3.7,6.7,5.5,4.1,337.83,5
6290,10,36-45,40,大专,3789.3,499.7,13.1,9.7,30,6.0,4.0,4.8,6.8,3.7,3.8,93.37,0
6291,177,26-35,30,大专,4030.2,2477.9,22.0,8.2,10,5.2,3.0,6.8,7.0,6.5,5.4,634.94,6
6292,29,36-45,40,大专,4292.5,1185.5,9.5,10.0,28,5.6,1.7,4.4,6.7,5.4,4.5,110.86,1
6293,133,36-45,40,本科,6114.1,200.0,17.1,8.0,20,6.4,2.6,2.7,6.6,3.1,3.2,238.31,3
6294,148,36-45,40,大专,6062.9,200.0,24.9,9.3,61,5.7,1.6,6.0,9.0,7.4,6.2,250.12,4
6295,162,36-45,40,本科,6848.0,2884.6,33.7,8.0,49,6.2,4.8,4.1,6.3,5.8,3.9,472.76,6
6296,20,26-35,30,博士,19270.5,2020.1,14.2,7.8,52,3.2,3.2,3.1,9.9,6.1,5.0,642.68,6
6297,68,18-25,22,本科,6364.4,970.4,24.1,9.0,22,5.1,1.1,6.1,10.0,7.1,6.5,213.07,3
6298,47,46-55,50,高中及以下,4246.0,2074.1,14.0,7.9,38,5.7,2.5,3.2,7.1,5.3,4.1,427.14,6
6299,6,36-45,40,高中及以下,4048.3,2578.8,29.0,6.5,18,3.8,4.9,4.3,7.0,5.5,4.1,719.97,7
6300,125,36-45,40,博士,31481.8,4026.9,38.5,5.7,64,3.2,4.7,6.3,4.1,7.7,4.5,1326.71,8
6301,32,26-35,30,大专,5754.3,773.8,10.6,6.7,30,4.7,3.4,3.1,6.4,6.7,4.1,146.42,1
6302,45,55+,60,高中及以下,2088.2,1027.5,7.2,8.5,55,6.0,3.9,5.5,5.8,4.4,3.9,72.25,0
6303,96,36-45,40,本科,7867.3,675.7,20.4,8.5,26,5.3,2.6,6.5,9.5,5.8,5.9,199.56,2
6304,27,36-45,40,大专,5459.4,200.0,19.9,9.7,44,6.2,4.4,6.7,6.9,6.5,5.1,216.09,3
6305,127,26-35,30,本科,6707.5,241.6,11.5,8.1,28,5.7,2.1,4.7,7.6,5.1,4.7,84.24,0
6306,161,36-45,40,硕士,10447.5,2584.8,19.5,7.8,13,7.1,2.6,6.7,7.8,6.5,5.6,326.06,4
6307,125,46-55,50,高中及以下,3588.3,4623.8,47.1,6.0,81,3.5,6.6,6.5,7.1,3.9,4.1,1326.71,8
6308,92,26-35,30,高中及以下,3146.1,1792.9,13.6,7.9,21,6.8,2.6,3.3,8.5,6.9,5.0,73.55,0
6309,167,55+,60,本科,11134.1,2941.6,27.8,7.2,47,4.3,4.0,6.1,9.2,8.2,6.1,989.1,8
6310,165,26-35,30,硕士,8466.0,618.5,22.2,8.7,34,4.1,1.3,3.2,7.6,8.6,5.4,224.25,3
6311,179,26-35,30,高中及以下,3011.9,5226.4,51.7,5.4,72,1.9,5.0,3.9,6.3,5.7,3.8,1808.04,9
6312,179,36-45,40,硕士,13305.6,5349.2,48.2,5.4,89,2.9,7.6,7.2,5.4,6.5,4.4,1808.04,9
6313,165,36-45,40,大专,5599.7,801.1,8.9,8.3,13,5.3,2.9,3.2,10.0,3.5,4.4,224.25,3
6314,119,26-35,30,本科,6330.9,1147.7,17.6,8.5,28,3.4,3.7,5.0,5.6,8.6,5.0,314.8,4
6315,3,26-35,30,硕士,9562.0,2334.1,31.3,6.6,60,6.1,3.5,5.4,6.5,5.1,4.4,680.64,7
6316,150,26-35,30,硕士,10630.3,1072.4,21.5,8.1,30,5.8,3.1,5.1,6.9,5.5,4.6,190.66,2
6317,107,36-45,40,本科,10666.2,200.0,11.5,9.6,8,6.6,3.3,4.2,7.7,7.3,5.0,176.72,2
6318,18,18-25,22,硕士,9069.2,236.5,16.6,8.5,17,6.5,2.4,6.9,6.4,2.5,4.2,59.86,0
6319,151,55+,60,本科,8361.3,1604.4,17.6,7.7,10,5.1,2.5,4.2,7.2,5.0,4.3,209.86,3
6320,90,36-45,40,高中及以下,2267.3,588.3,16.1,8.9,16,5.5,3.2,6.2,8.0,6.2,5.4,163.54,2
6321,78,36-45,40,硕士,7954.0,1131.4,16.9,9.3,27,5.1,4.2,7.2,7.2,6.1,5.3,162.68,1
6322,164,36-45,40,高中及以下,2967.7,1051.8,19.9,9.1,46,6.5,3.4,1.0,8.6,5.6,3.9,388.92,5
6323,67,26-35,30,本科,6387.3,1875.8,20.2,8.0,15,3.7,2.2,4.3,8.3,2.0,3.9,404.86,5
6324,64,26-35,30,高中及以下,3480.5,1754.2,19.3,6.5,19,6.4,1.2,4.2,10.0,7.1,5.9,334.46,4
6325,55,26-35,30,硕士,10881.5,917.4,10.4,9.3,42,5.4,4.5,6.3,9.4,1.3,4.2,376.64,5
6326,59,46-55,50,硕士,9989.7,1750.0,19.2,8.7,50,3.5,2.2,3.0,6.9,5.9,4.2,393.68,5
6327,119,36-45,40,高中及以下,3509.4,2214.3,17.2,7.8,46,4.8,3.1,4.7,7.6,2.4,3.8,314.8,4
6328,165,18-25,22,高中及以下,1830.9,1625.8,15.6,8.4,63,4.0,2.2,5.4,9.4,6.4,5.7,224.25,3
6329,186,26-35,30,硕士,10035.7,1023.1,16.0,9.2,34,4.3,4.0,4.8,3.0,5.0,3.1,238.23,3
6330,1,18-25,22,高中及以下,2930.9,1229.6,5.0,8.4,22,4.5,2.5,6.6,8.0,5.5,5.4,129.25,1
6331,54,18-25,22,大专,5383.8,1702.7,27.1,9.3,37,4.3,3.8,5.1,10.0,9.7,6.5,416.13,5
6332,106,36-45,40,硕士,14550.6,3135.7,27.4,6.9,56,5.4,6.7,5.7,4.3,6.3,3.7,978.66,8
6333,195,18-25,22,本科,6021.7,968.7,12.8,8.7,63,6.1,2.6,4.1,7.2,5.5,4.4,218.18,3
6334,175,55+,60,高中及以下,4223.3,1931.4,21.4,6.6,24,6.2,3.6,5.6,5.3,8.5,5.0,339.4,5
6335,71,46-55,50,硕士,19063.5,2491.5,21.9,8.8,27,3.7,4.0,6.0,6.7,5.0,4.5,690.93,7
6336,73,46-55,50,博士,16480.9,2047.3,21.5,7.4,40,3.7,2.9,6.2,6.5,6.4,5.0,709.56,7
6337,3,55+,60,高中及以下,3087.1,2547.5,30.8,9.0,70,4.0,4.0,6.2,5.7,6.9,4.8,680.64,7
6338,151,26-35,30,博士,11939.6,1844.7,6.7,10.0,23,4.4,2.2,3.2,6.2,7.0,4.4,209.86,3
6339,157,46-55,50,本科,7585.2,1235.1,15.3,9.1,10,6.0,3.5,5.9,8.7,5.1,5.1,238.37,3
6340,55,36-45,40,本科,6544.7,1163.7,12.6,7.7,36,7.2,5.4,4.7,5.8,6.2,4.0,376.64,5
6341,167,55+,60,本科,11527.8,2928.7,33.8,7.0,56,2.4,2.7,6.8,7.2,8.5,6.0,989.1,8
6342,113,46-55,50,硕士,16800.5,4876.0,49.3,4.7,63,2.5,7.2,9.7,6.8,6.3,5.5,1742.79,9
6343,106,36-45,40,大专,5028.3,2599.9,32.3,7.7,84,4.0,4.5,6.5,8.2,7.9,5.8,978.66,8
6344,91,18-25,22,大专,3529.7,1867.4,16.2,8.0,41,3.3,3.9,9.0,8.5,5.0,5.9,390.98,5
6345,124,26-35,30,高中及以下,3403.1,1346.5,22.2,9.9,24,3.2,1.3,6.5,5.4,8.1,5.5,266.9,4
6346,118,26-35,30,高中及以下,2619.6,2073.7,15.5,7.9,51,3.1,2.9,7.8,5.4,4.0,4.5,465.37,6
6347,150,26-35,30,本科,5224.4,1443.0,23.5,8.4,24,6.5,3.5,6.2,10.0,5.3,5.6,190.66,2
6348,106,26-35,30,大专,7627.2,3082.4,34.1,6.5,42,3.7,4.2,9.9,5.7,6.5,5.7,978.66,8
6349,55,36-45,40,高中及以下,3489.6,1370.8,20.4,10.0,43,4.0,4.5,4.2,7.4,4.5,4.0,376.64,5
6350,31,26-35,30,本科,9444.8,4217.1,36.5,8.0,68,3.6,3.8,4.0,7.4,7.0,4.7,946.03,7
6351,47,26-35,30,本科,7025.2,1292.2,22.4,8.3,22,5.8,4.0,3.5,7.5,2.4,3.3,427.14,6
6352,75,36-45,40,高中及以下,3516.0,1664.4,30.1,9.0,44,4.5,4.0,6.8,8.2,5.9,5.4,337.61,5
6353,181,26-35,30,高中及以下,3620.4,531.7,21.7,10.0,31,6.8,2.8,4.6,7.4,6.4,4.9,62.98,0
6354,143,36-45,40,本科,6804.1,1022.7,12.4,8.1,9,7.1,3.5,6.2,6.2,4.3,4.3,178.51,2
6355,91,46-55,50,大专,4897.6,2066.6,20.4,9.4,26,5.5,4.2,3.9,8.1,4.9,4.2,390.98,5
6356,34,26-35,30,硕士,7711.7,2247.4,19.9,8.5,27,4.6,4.2,4.5,8.7,6.9,5.1,337.83,5
6357,153,55+,60,高中及以下,2804.7,868.3,20.1,7.6,11,7.2,2.8,4.2,7.2,6.0,4.6,187.21,2
6358,93,26-35,30,大专,3145.1,934.7,18.5,10.0,32,4.9,2.3,3.3,9.0,4.4,4.4,106.95,0
6359,157,26-35,30,高中及以下,2197.2,2297.1,6.0,8.6,22,5.8,3.4,7.5,4.0,6.1,4.5,238.37,3
6360,166,26-35,30,大专,5242.7,556.6,21.8,7.6,30,5.0,3.8,3.5,7.0,6.4,4.3,337.67,5
6361,122,26-35,30,高中及以下,3906.3,2597.1,19.2,10.0,43,3.8,3.6,5.8,3.2,5.0,3.5,603.53,6
6362,166,36-45,40,本科,6602.4,524.9,10.6,9.4,35,5.0,3.8,7.5,3.6,4.9,4.0,337.67,5
6363,122,46-55,50,本科,9549.7,1719.9,31.3,6.0,24,5.2,3.8,5.9,4.9,4.4,3.8,603.53,6
6364,113,26-35,30,硕士,15391.2,4038.9,60.2,8.9,89,3.2,6.1,7.1,5.0,7.4,4.7,1742.79,9
6365,157,18-25,22,本科,7306.3,1349.7,21.9,8.3,10,5.3,3.9,4.5,7.1,6.8,4.7,238.37,3
6366,91,36-45,40,硕士,11495.3,1893.4,17.4,8.9,34,5.2,4.2,3.8,6.4,5.0,3.7,390.98,5
6367,125,26-35,30,硕士,17069.3,3727.9,51.1,6.6,70,2.8,5.8,7.7,6.1,7.8,5.3,1326.71,8
6368,83,36-45,40,本科,7245.5,1152.0,5.0,9.1,27,6.3,1.5,2.2,3.7,7.5,3.6,88.39,0
6369,180,36-45,40,高中及以下,2506.3,1080.4,15.6,8.4,33,5.2,5.2,4.8,7.0,5.2,4.1,277.46,4
6370,145,26-35,30,本科,9661.5,1771.6,9.2,8.6,12,5.9,5.0,5.4,5.3,5.9,4.0,324.35,4
6371,176,36-45,40,博士,12723.5,200.0,8.9,9.8,5,5.9,5.2,5.4,6.9,4.8,4.1,150.36,1
6372,113,36-45,40,本科,9928.8,5716.2,54.2,6.5,67,2.6,5.2,7.2,9.5,6.1,5.8,1742.79,9
6373,177,18-25,22,本科,5805.3,1157.6,23.0,8.0,27,5.4,3.1,5.9,7.0,8.2,5.6,634.94,6
6374,118,36-45,40,硕士,10504.6,1109.8,20.1,8.2,48,4.8,3.3,6.6,6.2,7.8,5.4,465.37,6
6375,156,26-35,30,硕士,10989.2,2616.8,40.4,8.2,53,5.1,6.1,5.8,4.9,6.0,3.9,958.89,8
6376,156,36-45,40,硕士,9475.4,2564.2,38.8,7.0,37,4.4,3.6,5.0,5.3,4.2,3.6,958.89,8
6377,20,36-45,40,高中及以下,3026.1,2127.1,29.5,8.9,57,4.4,1.7,5.3,6.8,6.7,5.1,642.68,6
6378,81,46-55,50,本科,6935.5,965.1,15.3,9.6,32,4.4,2.3,7.4,7.1,5.1,5.3,212.11,3
6379,195,26-35,30,本科,7762.9,1666.5,16.4,9.3,5,6.1,1.8,4.1,5.2,4.5,3.7,218.18,3
6380,52,26-35,30,本科,7005.4,575.5,11.2,8.5,23,6.2,2.5,2.9,6.7,3.5,3.4,75.42,0
6381,78,26-35,30,大专,4324.7,248.2,10.7,8.5,30,5.8,3.2,5.6,9.6,6.7,5.8,162.68,1
6382,192,36-45,40,高中及以下,2737.2,1195.3,20.8,8.7,41,5.9,2.8,6.7,9.7,5.7,5.9,183.85,2
6383,73,26-35,30,高中及以下,4096.3,2352.7,20.4,8.1,40,5.8,3.0,4.8,6.8,4.8,4.3,709.56,7
6384,167,18-25,22,本科,7974.2,2308.6,30.9,5.8,71,5.3,4.6,6.0,5.6,8.4,5.1,989.1,8
6385,97,26-35,30,硕士,7107.6,1743.8,16.6,6.6,41,4.9,1.2,5.9,9.9,3.7,5.4,192.68,2
6386,180,55+,60,本科,7437.2,884.7,19.5,8.2,19,5.3,2.1,6.0,6.6,2.9,4.1,277.46,4
6387,125,46-55,50,大专,4993.9,3437.6,46.6,7.5,60,4.6,5.0,6.2,5.3,4.8,3.9,1326.71,8
6388,191,18-25,22,大专,5123.0,643.9,15.1,9.4,5,3.6,1.8,6.3,7.7,2.3,4.4,349.46,5
6389,25,46-55,50,博士,13947.2,1136.9,13.3,10.0,32,8.3,2.5,7.9,8.4,3.8,5.4,165.82,2
6390,64,26-35,30,大专,9076.9,2056.9,13.4,10.0,8,6.1,2.1,3.8,5.8,4.6,3.8,334.46,4
6391,125,36-45,40,本科,8289.7,4752.2,41.3,7.9,66,2.5,4.4,5.5,5.1,9.0,5.0,1326.71,8
6392,25,36-45,40,本科,7125.1,1438.2,20.9,8.8,29,4.0,2.4,5.7,9.5,7.8,6.2,165.82,2
6393,154,46-55,50,本科,7389.5,1597.0,16.4,10.0,19,5.3,4.2,2.6,7.4,8.6,4.7,198.95,2
6394,180,26-35,30,本科,7260.7,895.9,18.7,8.1,53,5.1,1.9,2.7,6.9,5.8,4.1,277.46,4
6395,131,46-55,50,大专,5555.0,1752.1,5.9,8.1,30,5.4,1.2,3.9,5.5,4.8,3.9,158.95,1
6396,144,36-45,40,高中及以下,2835.4,200.0,24.4,9.2,5,5.4,2.3,5.6,8.8,5.5,5.4,192.46,2
6397,34,46-55,50,博士,17850.6,917.0,27.0,9.6,30,4.2,2.9,6.2,10.0,4.9,5.6,337.83,5
6398,131,36-45,40,硕士,9810.3,1012.5,23.0,7.7,12,6.7,2.2,4.7,5.9,6.1,4.5,158.95,1
6399,97,36-45,40,大专,3311.9,686.9,17.7,9.7,35,5.1,3.2,8.7,10.0,5.5,6.5,192.68,2
6400,156,18-25,22,高中及以下,5602.5,3126.3,33.8,7.6,65,4.2,5.5,7.9,6.6,5.6,5.0,958.89,8
6401,70,18-25,22,高中及以下,3446.3,1613.8,11.2,10.0,21,4.8,3.5,7.0,6.4,6.2,5.1,213.02,3
6402,135,26-35,30,本科,8062.9,1906.8,33.1,8.6,36,3.7,5.4,6.0,7.1,2.4,3.7,699.2,7
6403,15,36-45,40,本科,6966.2,519.2,9.2,8.4,56,6.9,2.1,5.4,7.9,5.4,5.0,84.58,0
6404,71,18-25,22,本科,8921.8,2522.0,18.5,6.9,33,6.1,4.3,6.7,6.2,7.9,5.3,690.93,7
6405,125,46-55,50,本科,7899.6,2881.3,36.5,7.1,46,3.8,5.7,4.5,6.7,4.0,3.5,1326.71,8
6406,120,18-25,22,本科,9019.8,1672.3,19.8,10.0,10,3.5,3.9,3.1,5.9,6.0,3.7,327.35,4
6407,122,36-45,40,本科,10259.9,1914.0,27.9,9.5,62,5.2,3.6,7.0,5.6,3.2,4.0,603.53,6
6408,106,36-45,40,本科,8022.2,3512.3,38.5,6.5,67,3.1,7.0,8.4,9.4,6.1,5.8,978.66,8
6409,125,26-35,30,硕士,16097.9,3991.0,48.9,7.5,69,3.3,4.4,7.5,4.6,4.8,4.2,1326.71,8
6410,65,18-25,22,本科,9174.1,1548.8,23.3,7.5,19,3.5,4.9,5.4,7.5,6.3,4.8,576.08,6
6411,101,26-35,30,博士,14994.8,406.0,16.2,10.0,24,5.0,3.9,3.6,4.7,8.1,4.1,97.45,0
6412,34,18-25,22,大专,3473.5,2509.9,19.2,8.1,24,6.1,3.8,4.9,6.0,8.0,4.9,337.83,5
6413,77,18-25,22,高中及以下,2663.2,200.0,13.0,8.1,34,6.9,3.7,6.1,5.4,6.6,4.6,110.06,1
6414,135,36-45,40,本科,9056.8,3289.4,29.1,7.4,8,5.1,4.5,6.1,6.7,5.6,4.6,699.2,7
6415,119,36-45,40,本科,6870.6,725.2,18.9,7.6,46,3.6,3.7,6.3,5.6,5.0,4.3,314.8,4
6416,6,18-25,22,本科,9712.5,2247.7,29.1,7.5,57,3.9,3.0,6.1,6.9,8.0,5.6,719.97,7
6417,145,36-45,40,大专,4399.1,998.8,24.1,9.1,16,5.3,3.2,6.8,9.3,5.1,5.6,324.35,4
6418,124,26-35,30,本科,7755.0,981.8,14.5,7.2,12,6.6,4.1,4.5,10.0,6.9,5.5,266.9,4
6419,86,36-45,40,大专,5682.0,1560.5,19.0,7.7,45,5.4,2.7,3.5,10.0,8.3,5.8,370.7,5
6420,125,46-55,50,高中及以下,5884.2,4112.9,36.6,6.7,26,3.8,5.1,6.2,4.4,7.3,4.4,1326.71,8
6421,8,46-55,50,本科,5369.3,1025.7,18.8,6.9,13,6.4,2.5,4.6,7.5,5.8,4.8,92.81,0
6422,156,36-45,40,大专,6113.9,3270.2,35.9,7.0,36,3.3,4.8,6.8,5.5,4.9,4.2,958.89,8
6423,125,18-25,22,本科,9333.2,3999.9,35.9,6.8,68,2.4,5.0,5.9,6.6,4.5,4.1,1326.71,8
6424,57,36-45,40,大专,6322.5,756.2,13.6,9.8,23,4.0,1.8,5.0,8.1,7.4,5.6,108.94,1
6425,3,55+,60,大专,4672.3,2052.4,29.1,8.7,8,4.7,4.5,5.0,7.0,1.8,3.3,680.64,7
6426,130,18-25,22,高中及以下,3876.1,644.5,9.3,8.6,45,6.3,2.7,3.8,7.8,4.7,4.3,31.48,0
6427,175,18-25,22,本科,7108.9,1330.4,16.1,8.6,5,4.6,4.6,6.3,8.3,3.8,4.6,339.4,5
6428,26,46-55,50,硕士,11531.0,929.4,12.6,8.7,23,5.0,3.0,2.3,8.7,6.9,4.7,46.95,0
6429,179,46-55,50,高中及以下,6355.5,5719.9,60.5,5.6,77,0.6,3.6,8.6,5.1,4.9,4.8,1808.04,9
6430,167,46-55,50,高中及以下,5279.1,3270.1,31.3,7.3,46,3.6,4.5,6.2,7.3,5.9,4.9,989.1,8
6431,106,55+,60,高中及以下,3599.8,2336.9,38.6,7.0,53,3.1,3.3,4.8,7.0,5.9,4.6,978.66,8
6432,84,18-25,22,硕士,14560.4,621.7,11.9,8.7,5,6.4,2.8,3.5,8.5,6.0,4.7,66.12,0
6433,55,26-35,30,硕士,11263.4,1502.3,14.0,8.2,34,4.0,5.0,6.4,6.0,8.9,5.4,376.64,5
6434,8,26-35,30,硕士,11598.3,1203.1,7.2,8.8,25,7.7,1.0,3.8,9.0,6.6,5.4,92.81,0
6435,65,26-35,30,高中及以下,4836.9,2181.7,20.1,7.3,28,3.5,4.7,3.6,6.9,5.4,3.9,576.08,6
6436,166,36-45,40,高中及以下,2164.8,721.5,15.2,9.0,20,5.3,4.1,2.6,8.7,7.9,4.9,337.67,5
6437,107,26-35,30,本科,7104.0,1505.7,12.4,8.3,41,4.9,2.8,2.8,7.9,6.5,4.5,176.72,2
6438,6,18-25,22,本科,9627.1,2127.9,30.0,7.7,62,5.5,4.7,5.5,6.8,4.1,4.0,719.97,7
6439,113,36-45,40,本科,11076.7,4193.2,55.9,6.9,82,2.4,7.3,8.5,7.0,7.1,5.4,1742.79,9
6440,152,26-35,30,本科,10189.7,1159.0,15.5,9.1,20,4.5,4.1,5.1,8.4,5.8,4.9,75.19,0
6441,156,46-55,50,本科,8648.5,3173.8,42.3,7.9,50,6.4,5.2,7.4,6.8,7.8,5.5,958.89,8
6442,172,46-55,50,高中及以下,2790.7,1495.7,6.3,10.0,20,6.3,2.2,3.9,8.1,6.5,5.0,137.4,1
6443,149,46-55,50,高中及以下,3495.6,1146.1,10.5,9.8,10,4.3,3.3,4.8,7.6,6.9,5.0,199.73,2
6444,1,26-35,30,大专,3867.0,628.5,23.8,7.5,21,5.6,3.2,6.1,8.1,3.9,4.7,129.25,1
6445,91,36-45,40,高中及以下,2859.1,1200.0,24.3,8.7,60,4.6,2.3,6.8,8.7,3.4,5.1,390.98,5
6446,73,36-45,40,本科,8679.9,2263.9,33.8,8.4,63,4.2,3.3,6.0,4.9,5.4,4.2,709.56,7
6447,105,26-35,30,大专,3807.2,1796.2,11.4,8.4,17,7.2,3.3,4.7,7.9,5.2,4.6,222.31,3
6448,162,18-25,22,大专,4905.3,1273.2,16.6,10.0,62,5.2,3.1,6.2,7.8,6.5,5.4,472.76,6
6449,6,46-55,50,高中及以下,3398.7,1646.0,34.6,8.1,63,5.3,4.7,4.6,4.9,6.3,3.8,719.97,7
6450,138,18-25,22,高中及以下,4471.2,2088.2,15.9,8.6,32,5.6,2.0,2.9,9.9,4.9,4.8,334.79,4
6451,89,26-35,30,高中及以下,3684.8,656.3,14.8,7.8,20,5.5,2.9,6.9,8.8,4.7,5.4,247.96,3
6452,198,26-35,30,高中及以下,3293.0,1076.8,12.6,8.3,14,6.1,2.6,7.5,8.1,6.0,5.8,157.31,1
6453,67,18-25,22,本科,7316.1,1343.6,24.5,8.2,40,3.4,2.6,4.8,8.8,8.1,5.8,404.86,5
6454,109,26-35,30,博士,20528.0,782.0,11.1,9.5,28,6.7,1.7,3.6,8.6,5.7,4.9,137.77,1
6455,184,18-25,22,高中及以下,3049.1,1682.5,17.0,8.9,33,5.1,1.0,4.7,7.5,6.5,5.2,118.69,1
6456,38,55+,60,本科,7316.8,200.0,16.4,10.0,27,6.1,2.2,3.7,8.1,5.3,4.6,39.32,0
6457,120,36-45,40,本科,9441.2,972.7,23.5,7.5,44,6.0,4.0,4.9,5.2,4.1,3.5,327.35,4
6458,125,46-55,50,本科,12311.5,3722.0,39.3,6.3,69,1.7,5.2,7.2,2.3,5.1,3.4,1326.71,8
6459,125,26-35,30,博士,17495.9,4344.6,49.9,6.2,76,4.2,6.1,8.3,3.8,3.0,3.4,1326.71,8
6460,156,46-55,50,本科,6434.9,2847.7,17.6,7.7,35,2.8,4.1,6.3,7.3,7.4,5.4,958.89,8
6461,31,36-45,40,本科,9478.0,2397.9,37.9,8.0,35,4.3,3.3,7.6,6.5,7.1,5.6,946.03,7
6462,148,46-55,50,硕士,12321.6,602.1,15.7,8.7,5,5.4,3.5,2.7,6.1,5.1,3.5,250.12,4
6463,36,46-55,50,本科,7267.0,200.0,9.8,9.2,49,5.2,4.3,5.6,8.2,3.1,4.2,182.89,2
6464,96,36-45,40,硕士,13122.9,1013.4,5.8,7.7,49,5.9,2.5,5.9,7.5,5.6,5.1,199.56,2
6465,179,46-55,50,本科,12435.8,4527.4,44.3,6.9,82,2.0,6.8,8.1,5.2,3.5,3.8,1808.04,9
6466,35,26-35,30,本科,7583.8,541.0,5.0,8.7,36,5.5,2.2,2.7,5.6,7.3,4.1,43.78,0
6467,145,36-45,40,本科,8458.0,1878.8,28.2,9.1,34,5.3,4.5,7.6,6.1,4.7,4.6,324.35,4
6468,133,26-35,30,硕士,8864.1,918.1,11.2,9.3,6,5.5,4.1,7.0,7.3,5.5,5.1,238.31,3
6469,151,26-35,30,高中及以下,2656.7,892.4,7.1,9.9,47,5.6,3.4,4.5,8.4,4.5,4.5,209.86,3
6470,179,36-45,40,硕士,13277.7,4881.9,56.3,7.8,80,2.6,8.6,5.8,5.5,4.6,3.3,1808.04,9
6471,164,26-35,30,高中及以下,4377.1,2232.3,28.5,9.5,27,4.4,2.7,5.4,7.9,3.1,4.3,388.92,5
6472,115,36-45,40,大专,3559.9,1384.2,18.6,9.0,9,4.5,2.4,4.2,7.6,6.2,4.8,200.65,2
6473,50,36-45,40,硕士,11645.8,1103.0,14.7,9.7,39,4.8,4.0,4.3,9.5,2.8,4.2,205.22,3
6474,32,55+,60,大专,4153.6,585.7,12.7,8.3,5,6.3,2.7,2.9,6.7,5.7,4.0,146.42,1
6475,9,36-45,40,本科,6633.4,479.1,17.7,8.6,49,5.6,4.5,5.2,8.8,7.8,5.6,255.33,4
6476,108,36-45,40,大专,5677.9,1046.9,13.1,7.8,24,4.4,4.1,5.5,5.4,4.7,3.9,192.01,2
6477,175,18-25,22,本科,8424.1,1429.1,16.6,8.4,25,5.6,4.2,3.2,9.7,6.6,5.0,339.4,5
6478,53,26-35,30,高中及以下,2872.1,1245.0,10.1,7.5,40,6.2,4.0,8.6,4.9,2.6,4.0,273.6,4
6479,179,36-45,40,硕士,15481.3,5522.2,51.3,6.4,94,2.0,6.3,7.0,5.1,8.0,4.8,1808.04,9
6480,34,26-35,30,硕士,10471.6,1236.8,31.8,7.9,21,5.5,3.6,5.6,8.3,6.9,5.4,337.83,5
6481,178,26-35,30,高中及以下,2480.5,1029.1,25.4,8.6,14,6.2,2.7,4.5,9.2,6.5,5.4,113.9,1
6482,143,55+,60,大专,4590.7,200.0,11.1,7.7,53,6.4,4.0,6.1,8.3,2.7,4.3,178.51,2
6483,64,18-25,22,硕士,16729.1,200.0,14.6,5.9,53,4.8,3.2,6.4,5.3,4.5,4.2,334.46,4
6484,192,55+,60,高中及以下,2489.6,765.4,12.3,6.7,11,6.7,4.7,8.9,8.5,1.0,4.6,183.85,2
6485,99,55+,60,硕士,6615.7,200.0,17.6,10.0,16,6.1,3.6,6.2,8.0,5.9,5.2,117.38,1
6486,42,46-55,50,本科,9520.1,1056.0,5.5,9.9,7,8.9,4.7,6.6,8.7,3.0,4.6,132.2,1
6487,141,18-25,22,硕士,13204.3,1310.2,19.9,7.9,32,6.0,3.5,5.6,6.7,5.2,4.5,548.48,6
6488,36,36-45,40,高中及以下,4013.4,200.0,17.3,6.5,21,6.4,3.0,6.1,8.4,10.0,6.6,182.89,2
6489,179,18-25,22,本科,13501.6,5430.3,60.9,6.5,76,2.3,6.3,8.3,3.5,4.3,3.7,1808.04,9
6490,179,18-25,22,本科,13721.9,4457.0,53.3,6.6,80,0.9,4.7,5.6,4.8,9.3,5.0,1808.04,9
6491,11,46-55,50,高中及以下,2885.9,673.9,9.6,8.0,5,6.0,1.7,4.5,6.8,7.4,5.1,93.16,0
6492,106,46-55,50,博士,23560.3,2903.1,30.9,8.2,38,5.2,4.5,4.6,7.0,6.2,4.4,978.66,8
6493,9,18-25,22,本科,7649.5,1989.5,13.2,7.1,20,5.7,3.3,2.1,7.4,6.5,4.1,255.33,4
6494,82,36-45,40,本科,6305.1,2232.2,22.2,7.8,55,4.5,2.1,3.5,5.8,7.8,4.6,650.6,7
6495,145,55+,60,本科,6554.4,620.9,26.2,10.0,20,5.3,2.4,6.1,6.6,4.0,4.4,324.35,4
6496,81,26-35,30,高中及以下,3313.1,534.8,16.5,8.0,25,4.0,2.2,4.9,8.7,6.5,5.4,212.11,3
6497,180,36-45,40,本科,7886.3,972.5,17.7,8.9,50,5.8,2.5,3.9,4.8,7.2,4.2,277.46,4
6498,55,55+,60,高中及以下,3360.4,1845.9,16.4,9.4,26,6.2,3.0,7.5,7.4,8.5,6.3,376.64,5
6499,41,26-35,30,本科,6575.9,200.0,12.7,10.0,30,7.5,4.3,7.4,5.7,3.0,4.0,176.16,2
6500,135,18-25,22,本科,7978.6,2695.0,33.8,8.0,46,5.1,4.1,7.4,5.6,4.8,4.5,699.2,7
6501,179,26-35,30,本科,12434.1,5023.5,50.9,7.4,104,2.5,5.9,9.0,3.9,7.1,4.9,1808.04,9
6502,2,55+,60,本科,7569.9,997.7,14.6,7.9,13,4.3,2.6,4.9,8.1,6.1,5.1,283.64,4
6503,165,26-35,30,本科,9185.9,200.0,6.9,8.0,73,5.6,2.5,8.1,9.4,6.4,6.5,224.25,3
6504,113,36-45,40,硕士,15958.1,4945.8,56.6,6.6,72,3.0,5.2,7.6,3.5,6.5,4.3,1742.79,9
6505,11,18-25,22,大专,6776.9,819.2,16.7,9.8,34,7.8,3.0,6.0,8.5,5.8,5.4,93.16,0
6506,135,46-55,50,高中及以下,5487.7,1666.5,30.1,7.0,39,3.4,3.3,8.2,7.1,5.5,5.5,699.2,7
6507,91,46-55,50,本科,6631.7,1198.7,15.4,9.9,10,5.7,2.9,6.1,6.6,3.7,4.3,390.98,5
6508,91,36-45,40,硕士,9980.6,1741.9,22.7,9.2,31,6.3,4.5,5.5,4.4,8.1,4.5,390.98,5
6509,20,18-25,22,本科,6607.0,1118.9,20.0,8.5,66,5.7,6.0,7.8,3.9,4.6,3.8,642.68,6
6510,141,36-45,40,硕士,8634.4,1684.3,28.0,6.9,29,5.0,1.8,5.0,7.9,6.1,5.2,548.48,6
6511,24,18-25,22,硕士,9209.0,1106.2,8.2,9.4,40,6.7,3.5,4.4,7.3,6.1,4.6,86.11,0
6512,107,55+,60,大专,5501.9,323.1,7.4,8.7,26,6.1,3.7,3.0,10.0,4.5,4.5,176.72,2
6513,167,36-45,40,本科,9515.1,3115.5,36.2,7.5,48,3.5,3.5,5.2,6.5,6.5,4.7,989.1,8
6514,156,18-25,22,本科,8695.5,2116.9,31.6,8.3,60,6.0,4.5,5.8,7.5,4.8,4.5,958.89,8
6515,50,18-25,22,硕士,12277.5,662.4,13.7,7.8,33,6.7,3.0,3.6,5.3,4.5,3.4,205.22,3
6516,166,26-35,30,本科,5815.8,1071.4,23.2,9.0,17,4.2,1.5,4.6,6.5,5.2,4.4,337.67,5
6517,177,46-55,50,硕士,10364.6,2184.7,32.2,6.5,45,4.6,2.9,3.2,9.5,6.9,5.2,634.94,6
6518,154,26-35,30,本科,6510.2,1109.8,7.7,9.0,13,5.7,2.9,5.4,6.7,4.2,4.2,198.95,2
6519,197,46-55,50,本科,6629.4,2011.2,13.6,7.8,75,5.2,2.2,10.0,8.0,7.7,7.0,173.08,2
6520,15,26-35,30,硕士,10896.7,1044.2,7.2,9.8,45,5.7,4.4,6.7,6.7,5.2,4.7,84.58,0
6521,12,46-55,50,本科,7864.8,812.2,16.5,8.5,5,4.0,3.3,5.3,9.7,5.0,5.2,189.04,2
6522,125,36-45,40,本科,8002.5,3932.0,50.5,7.3,54,2.8,5.5,5.7,4.9,4.4,3.5,1326.71,8
6523,73,46-55,50,大专,5769.2,2142.7,17.8,7.6,29,4.0,2.7,5.9,7.7,4.4,4.8,709.56,7
6524,98,26-35,30,高中及以下,3134.8,1088.8,14.5,9.5,26,5.7,4.4,3.9,7.3,4.5,3.9,149.17,1
6525,153,46-55,50,大专,5772.9,1121.6,5.0,9.7,27,5.7,4.7,4.7,7.4,4.4,4.0,187.21,2
6526,179,55+,60,硕士,15003.7,4844.5,57.6,6.1,91,1.2,7.8,8.2,3.7,3.7,3.3,1808.04,9
6527,55,26-35,30,高中及以下,2778.7,1460.9,18.3,9.2,24,4.3,3.9,7.0,8.4,6.9,5.8,376.64,5
6528,40,55+,60,大专,8178.6,1261.4,14.6,8.2,16,5.1,4.9,6.5,10.0,6.2,5.8,310.59,4
6529,156,18-25,22,本科,6674.1,1769.8,30.4,7.5,65,4.8,4.4,6.4,7.6,5.3,4.9,958.89,8
6530,171,26-35,30,高中及以下,3389.0,1694.8,16.3,9.2,40,6.4,3.8,4.9,7.4,3.2,3.9,65.64,0
6531,159,26-35,30,本科,8376.2,1594.7,9.7,6.1,35,5.2,2.8,5.4,8.3,7.0,5.5,286.16,4
6532,31,26-35,30,硕士,12027.5,1818.1,29.9,8.0,49,3.2,4.6,4.4,5.5,8.4,4.6,946.03,7
6533,156,26-35,30,本科,8954.3,3084.8,36.9,8.9,59,5.4,5.0,6.8,7.5,5.1,4.8,958.89,8
6534,98,36-45,40,本科,7047.7,699.2,16.0,9.1,7,5.7,3.3,8.2,8.0,6.2,5.9,149.17,1
6535,125,26-35,30,硕士,14983.6,3428.7,42.6,9.0,31,2.3,4.3,6.0,6.0,4.7,4.2,1326.71,8
6536,88,26-35,30,大专,6011.3,445.4,15.7,8.4,20,6.1,1.8,5.6,7.6,6.5,5.4,87.38,0
6537,2,26-35,30,本科,9246.9,2047.7,15.5,8.9,21,4.3,2.9,5.0,7.0,4.7,4.4,283.64,4
6538,198,26-35,30,本科,7790.4,587.8,19.1,8.8,40,7.3,2.1,6.1,6.1,5.9,4.9,157.31,1
6539,40,46-55,50,高中及以下,3697.3,2302.1,15.7,7.3,50,5.1,1.9,4.0,7.6,6.4,4.9,310.59,4
6540,138,46-55,50,本科,7684.2,1795.8,10.2,8.4,36,4.8,2.5,7.3,8.3,6.7,6.0,334.79,4
6541,54,26-35,30,博士,15583.5,1474.2,21.1,8.1,55,3.0,5.2,7.0,8.2,5.5,5.2,416.13,5
6542,6,36-45,40,本科,7015.1,1617.3,26.1,6.8,43,4.7,2.8,3.7,4.2,7.7,4.1,719.97,7
6543,195,18-25,22,本科,7239.9,200.0,20.4,8.6,20,5.4,3.1,7.4,7.8,4.8,5.3,218.18,3
6544,1,46-55,50,硕士,11132.4,673.3,10.2,9.9,19,6.6,3.0,3.4,7.3,6.6,4.5,129.25,1
6545,125,46-55,50,高中及以下,5882.4,3409.3,40.9,8.1,47,1.6,4.5,6.1,4.9,6.0,4.2,1326.71,8
6546,154,55+,60,高中及以下,3247.3,1019.3,19.3,8.9,5,6.1,2.7,5.6,8.1,7.2,5.6,198.95,2
6547,119,46-55,50,大专,5453.8,1273.1,11.6,8.8,51,4.3,2.1,7.1,10.0,4.0,5.7,314.8,4
6548,157,36-45,40,大专,5925.6,983.4,19.2,8.8,13,5.5,2.9,5.9,8.9,5.2,5.3,238.37,3
6549,40,26-35,30,高中及以下,3897.6,2118.1,24.3,8.2,5,5.4,1.7,4.4,9.1,8.5,6.0,310.59,4
6550,3,26-35,30,大专,9876.1,2172.3,27.4,8.8,54,6.0,5.4,6.1,7.9,4.7,4.6,680.64,7
6551,113,18-25,22,本科,11423.8,5058.9,42.8,5.5,59,1.0,5.9,8.9,3.8,6.7,4.7,1742.79,9
6552,97,36-45,40,高中及以下,1880.0,1807.9,17.6,10.0,9,4.7,2.2,7.8,6.9,7.0,5.9,192.68,2
6553,157,46-55,50,博士,18528.3,480.3,12.8,7.8,39,5.4,2.4,5.3,4.5,3.9,3.6,238.37,3
6554,8,36-45,40,高中及以下,3033.6,1076.6,10.5,8.9,40,4.8,1.8,6.7,8.4,4.1,5.2,92.81,0
6555,7,26-35,30,本科,6441.5,1229.3,10.4,8.3,21,5.0,3.8,6.1,6.7,5.1,4.6,319.72,4
6556,73,55+,60,高中及以下,3410.2,1332.8,25.3,7.7,33,3.8,5.2,3.9,6.7,5.2,3.8,709.56,7
6557,162,36-45,40,本科,8723.7,1027.2,12.7,6.2,28,6.4,2.9,6.6,6.0,5.4,4.7,472.76,6
6558,106,36-45,40,硕士,14112.8,3555.0,33.3,7.3,76,3.6,5.5,9.7,4.8,8.5,5.8,978.66,8
6559,162,18-25,22,硕士,12114.9,2132.1,26.7,8.7,43,7.0,3.2,5.5,6.9,4.7,4.4,472.76,6
6560,131,18-25,22,硕士,9311.2,1660.0,19.0,8.9,43,6.0,3.5,5.5,4.6,2.0,3.0,158.95,1
6561,95,26-35,30,高中及以下,3086.2,805.2,13.5,10.0,46,6.6,1.3,5.2,6.7,5.6,4.8,34.35,0
6562,167,36-45,40,高中及以下,4232.2,2918.0,38.0,7.6,78,3.4,4.7,7.2,6.8,4.5,4.6,989.1,8
6563,136,26-35,30,硕士,12363.8,778.9,17.3,7.7,10,6.8,3.3,3.6,7.1,8.1,4.9,67.81,0
6564,91,55+,60,本科,7287.6,2181.6,25.9,7.0,46,4.4,4.8,4.6,7.5,4.0,3.9,390.98,5
6565,25,26-35,30,博士,20375.6,1504.0,12.3,8.4,17,6.7,3.8,4.3,9.0,5.4,4.8,165.82,2
6566,81,55+,60,本科,9310.3,747.2,14.8,9.5,24,5.0,3.4,3.6,10.0,5.3,4.9,212.11,3
6567,7,26-35,30,大专,3372.8,1302.6,13.4,7.8,18,4.9,3.8,3.8,5.9,5.4,3.8,319.72,4
6568,107,26-35,30,本科,7963.2,1083.6,17.2,8.8,42,6.5,2.3,6.9,10.0,3.9,5.6,176.72,2
6569,7,26-35,30,硕士,9279.3,1237.4,12.7,9.1,48,5.5,3.4,5.3,10.0,3.7,4.9,319.72,4
6570,157,55+,60,大专,4366.8,1250.3,17.3,6.9,33,6.6,3.8,8.3,10.0,5.6,6.3,238.37,3
6571,77,36-45,40,硕士,8327.6,1456.4,14.9,8.6,22,6.4,4.0,5.3,9.7,4.9,5.1,110.06,1
6572,125,18-25,22,本科,10783.1,2869.7,42.9,7.6,68,2.7,4.1,3.9,5.3,4.5,3.3,1326.71,8
6573,70,36-45,40,本科,7307.2,200.0,23.2,6.8,5,4.1,3.1,5.1,8.1,5.3,4.8,213.02,3
6574,177,46-55,50,高中及以下,3352.7,1165.4,20.4,9.7,41,4.1,1.6,8.0,6.3,3.7,4.9,634.94,6
6575,109,18-25,22,高中及以下,2911.8,1564.1,15.5,8.4,21,6.0,1.7,5.5,10.0,4.6,5.5,137.77,1
6576,156,26-35,30,本科,9367.7,2263.5,37.3,6.9,37,4.0,4.4,5.5,3.1,3.2,2.7,958.89,8
6577,135,46-55,50,博士,18941.5,1761.9,29.3,7.7,41,3.1,3.0,6.7,7.5,7.2,5.7,699.2,7
6578,144,26-35,30,硕士,10776.7,1198.9,12.6,9.1,50,5.2,3.0,7.1,9.4,3.3,5.2,192.46,2
6579,113,55+,60,本科,9931.6,5033.7,51.1,4.7,79,3.3,6.6,6.9,6.5,6.1,4.6,1742.79,9
6580,198,46-55,50,大专,3827.8,1243.6,13.9,10.0,8,3.5,2.9,4.4,7.4,2.9,3.8,157.31,1
6581,21,26-35,30,高中及以下,2289.0,1176.8,10.7,8.5,44,4.6,2.9,5.8,9.1,7.6,6.0,118.42,1
6582,113,26-35,30,本科,8910.2,5566.8,46.9,5.7,112,2.1,4.9,6.6,4.7,6.2,4.3,1742.79,9
6583,81,55+,60,博士,14315.7,1577.5,11.1,8.8,40,5.2,4.3,2.5,6.5,5.9,3.6,212.11,3
6584,78,36-45,40,高中及以下,4227.8,603.8,14.5,9.9,34,5.3,4.3,6.9,7.2,6.3,5.2,162.68,1
6585,156,36-45,40,博士,19037.1,2271.8,33.9,7.8,48,5.3,7.5,6.4,7.3,8.0,5.1,958.89,8
6586,1,46-55,50,本科,6659.4,691.1,7.5,9.2,30,5.5,3.8,4.5,7.7,2.6,3.7,129.25,1
6587,83,26-35,30,大专,6094.6,604.4,14.1,8.5,35,5.0,2.8,5.6,8.8,4.8,5.1,88.39,0
6588,90,26-35,30,本科,6457.6,694.1,21.1,8.9,14,5.7,1.2,4.1,8.0,8.0,5.6,163.54,2
6589,113,26-35,30,硕士,20910.9,4345.9,48.6,5.2,85,3.9,5.1,8.6,6.4,5.6,5.2,1742.79,9
6590,86,26-35,30,本科,7492.8,1961.1,26.3,7.9,5,6.6,1.4,4.2,6.0,5.7,4.3,370.7,5
6591,67,46-55,50,硕士,14061.1,849.0,14.3,8.3,52,4.7,4.9,6.5,7.3,1.8,3.8,404.86,5
6592,117,55+,60,高中及以下,3286.0,598.9,13.5,9.0,20,5.9,1.8,5.4,6.9,7.2,5.3,46.12,0
6593,179,26-35,30,大专,6127.8,5451.1,62.7,7.3,100,1.3,8.1,6.8,4.6,6.4,3.9,1808.04,9
6594,73,36-45,40,大专,5862.9,1765.2,29.7,6.3,59,3.5,4.4,4.9,7.9,1.2,3.4,709.56,7
6595,22,46-55,50,高中及以下,3249.3,277.3,14.6,8.4,28,6.4,3.8,5.8,7.0,7.5,5.3,158.78,1
6596,113,18-25,22,高中及以下,3947.8,5510.1,41.8,6.1,75,3.8,8.3,5.8,2.7,9.4,3.9,1742.79,9
6597,167,26-35,30,硕士,12561.8,3619.4,32.5,7.7,42,5.4,5.4,8.8,5.2,3.2,4.1,989.1,8
6598,31,46-55,50,高中及以下,3954.8,3049.0,35.1,7.3,5,5.0,2.6,8.8,6.0,8.6,6.3,946.03,7
6599,171,18-25,22,高中及以下,3904.0,314.0,7.6,8.7,37,5.4,2.9,6.5,7.1,5.8,5.1,65.64,0
6600,148,36-45,40,硕士,11966.8,850.8,6.5,7.5,11,5.2,2.6,1.0,8.9,5.6,4.1,250.12,4
6601,118,26-35,30,本科,9460.3,1757.6,19.5,6.9,43,5.5,3.5,5.0,7.7,8.0,5.4,465.37,6
6602,102,18-25,22,本科,5105.1,491.5,9.8,9.6,10,5.3,2.9,4.9,6.6,6.0,4.6,105.35,0
6603,91,18-25,22,本科,8589.2,608.5,15.7,9.2,32,4.6,2.6,6.9,7.9,8.5,6.3,390.98,5
6604,150,36-45,40,本科,7608.6,1545.9,14.6,9.4,46,5.3,3.7,4.1,5.7,5.7,3.9,190.66,2
6605,106,36-45,40,大专,6533.3,3092.7,25.3,6.5,52,4.6,6.4,9.4,7.5,4.0,5.1,978.66,8
6606,135,26-35,30,高中及以下,4062.6,2416.1,29.5,6.7,30,5.4,2.8,4.9,6.0,4.8,4.1,699.2,7
6607,6,46-55,50,硕士,8295.1,2440.0,26.1,7.3,17,4.4,2.7,4.4,7.8,7.7,5.3,719.97,7
6608,183,26-35,30,硕士,9842.6,2269.3,19.5,8.7,11,8.3,1.0,5.0,9.9,6.1,5.9,240.44,3
6609,104,46-55,50,博士,17412.9,200.0,20.5,9.3,16,5.2,4.2,6.5,7.6,5.4,5.0,126.31,1
6610,179,36-45,40,本科,12241.1,5137.6,59.0,5.3,83,2.5,6.7,9.3,5.7,6.3,5.1,1808.04,9
6611,127,46-55,50,硕士,8370.7,746.8,10.8,9.7,34,6.2,3.0,3.7,10.0,8.1,5.8,84.24,0
6612,135,26-35,30,硕士,13868.8,1790.9,28.5,8.8,65,5.2,4.6,6.1,4.5,6.0,4.1,699.2,7
6613,47,36-45,40,硕士,12190.4,1870.1,25.1,7.8,48,4.8,1.9,4.2,6.8,5.9,4.6,427.14,6
6614,11,26-35,30,硕士,11815.3,876.5,7.9,8.6,30,4.7,2.9,5.1,6.6,6.3,4.7,93.16,0
6615,53,36-45,40,高中及以下,3106.5,1279.6,12.1,8.1,35,7.1,4.0,2.5,7.2,6.8,4.1,273.6,4
6616,113,26-35,30,博士,18915.8,5359.4,47.7,5.7,70,2.7,8.7,6.9,6.0,5.0,3.9,1742.79,9
6617,6,36-45,40,大专,6355.1,2270.4,31.7,8.6,61,4.8,4.4,3.4,7.4,6.5,4.3,719.97,7
6618,177,36-45,40,大专,6775.1,1452.6,29.6,8.4,59,6.1,5.8,7.9,8.0,1.8,4.2,634.94,6
6619,93,18-25,22,高中及以下,2622.4,200.0,22.4,9.0,27,6.1,2.5,2.9,7.8,6.4,4.5,106.95,0
6620,107,26-35,30,本科,7069.4,200.0,19.0,7.7,23,5.8,4.1,7.4,7.8,6.1,5.5,176.72,2
6621,31,46-55,50,硕士,10269.9,3760.5,35.0,7.0,49,4.4,4.2,5.6,6.0,5.7,4.3,946.03,7
6622,174,36-45,40,本科,5252.1,200.0,13.0,8.6,18,5.9,2.6,4.7,10.0,6.5,5.7,195.72,2
6623,135,36-45,40,大专,5805.9,2041.0,27.6,8.1,34,6.6,4.6,4.5,7.7,4.6,4.1,699.2,7
6624,20,18-25,22,大专,4575.2,2423.7,21.6,7.4,48,4.9,4.4,6.3,8.5,7.7,5.8,642.68,6
6625,43,26-35,30,大专,5023.6,955.9,10.6,8.0,33,4.5,2.8,8.1,7.3,5.2,5.5,109.83,1
6626,6,36-45,40,大专,7395.0,1219.5,29.7,7.3,15,5.0,3.5,7.0,6.5,9.7,6.1,719.97,7
6627,125,26-35,30,本科,7507.3,4278.2,41.6,7.7,73,5.1,5.0,10.0,7.0,3.3,5.1,1326.71,8
6628,29,26-35,30,大专,5897.5,749.4,6.9,9.3,8,4.9,3.0,4.7,7.3,3.7,4.1,110.86,1
6629,107,26-35,30,硕士,9847.4,936.0,21.6,8.1,20,6.2,2.8,5.0,8.5,9.2,6.1,176.72,2
6630,145,18-25,22,本科,12872.8,940.1,19.2,7.8,17,6.0,3.6,2.4,7.5,4.9,3.7,324.35,4
6631,113,26-35,30,大专,6606.1,3744.6,54.4,5.7,80,2.0,5.1,7.2,5.8,3.5,4.0,1742.79,9
6632,106,26-35,30,硕士,12819.5,2796.8,37.9,7.3,65,4.0,4.6,8.6,6.6,6.5,5.5,978.66,8
6633,20,26-35,30,博士,25448.5,1672.6,28.3,7.7,35,3.0,4.6,5.6,6.0,6.5,4.5,642.68,6
6634,113,26-35,30,硕士,16999.6,5180.4,55.3,5.1,73,2.6,6.8,6.2,6.0,5.1,4.0,1742.79,9
6635,12,36-45,40,高中及以下,3762.6,557.5,13.1,8.3,18,6.4,1.8,5.9,7.2,5.9,5.2,189.04,2
6636,2,26-35,30,本科,6335.6,907.7,6.6,9.1,51,5.7,2.7,6.4,9.1,4.5,5.3,283.64,4
6637,171,55+,60,硕士,12719.2,718.7,15.8,9.2,23,4.5,2.1,5.6,9.5,7.4,6.1,65.64,0
6638,179,26-35,30,大专,8070.0,5546.8,49.3,4.7,104,1.9,7.4,5.0,5.4,5.5,3.5,1808.04,9
6639,0,26-35,30,硕士,9702.4,1884.0,17.5,8.1,10,5.0,1.6,5.6,8.9,5.8,5.6,243.89,3
6640,133,46-55,50,本科,8219.8,1028.6,20.3,8.2,26,6.7,3.6,7.7,7.4,5.9,5.5,238.31,3
6641,55,46-55,50,本科,5964.4,1481.3,10.3,9.6,38,5.4,4.5,4.0,7.0,5.5,4.1,376.64,5
6642,106,36-45,40,大专,5471.7,2893.8,43.5,9.1,65,4.1,5.4,7.7,9.7,3.0,5.1,978.66,8
6643,113,26-35,30,硕士,12130.5,4214.1,49.2,7.0,64,3.3,6.6,6.3,5.1,5.3,3.8,1742.79,9
6644,113,26-35,30,博士,32258.1,4470.4,50.8,5.2,88,4.4,6.3,6.6,3.8,5.6,3.7,1742.79,9
6645,131,26-35,30,大专,4445.0,1107.1,13.1,9.7,25,5.1,5.5,2.9,6.2,3.1,2.7,158.95,1
6646,48,46-55,50,大专,4596.9,1230.9,31.8,9.4,69,5.9,2.6,5.5,5.5,8.0,5.1,209.27,3
6647,156,46-55,50,本科,6550.6,3154.0,27.1,5.2,55,3.8,5.2,3.2,7.5,5.1,3.8,958.89,8
6648,54,46-55,50,高中及以下,2557.3,200.0,24.2,7.4,49,4.9,3.3,5.2,6.9,8.1,5.3,416.13,5
6649,179,26-35,30,本科,11811.6,5509.4,58.3,6.3,75,0.5,7.4,6.0,7.4,4.5,4.1,1808.04,9
6650,13,26-35,30,大专,3893.0,588.0,11.8,8.0,30,4.9,1.9,4.6,8.7,5.7,5.2,21.91,0
6651,12,18-25,22,本科,5180.5,902.1,16.5,10.0,32,7.1,4.3,2.8,8.4,6.6,4.5,189.04,2
6652,20,18-25,22,大专,4833.2,764.9,29.7,7.3,45,4.5,5.9,5.9,7.6,3.5,4.0,642.68,6
6653,136,18-25,22,大专,4120.0,341.1,14.9,9.2,20,6.4,2.6,4.6,8.3,5.8,5.0,67.81,0
6654,22,55+,60,本科,6081.4,451.7,16.0,8.4,23,5.8,2.8,5.6,8.2,5.6,5.1,158.78,1
6655,46,26-35,30,博士,17741.0,1007.2,13.5,7.0,7,6.9,2.9,5.4,3.1,7.1,4.0,93.63,0
6656,72,36-45,40,大专,4655.2,535.9,6.5,9.6,23,6.1,2.4,5.9,9.0,5.4,5.5,143.19,1
6657,135,26-35,30,高中及以下,3624.6,1932.8,29.7,6.9,80,4.8,3.3,6.9,4.8,8.0,5.2,699.2,7
6658,125,36-45,40,硕士,12095.6,4062.8,38.7,6.5,63,3.9,5.9,5.0,6.2,6.5,4.2,1326.71,8
6659,177,36-45,40,本科,7069.1,2304.7,23.8,8.9,17,5.7,3.7,6.5,5.1,5.5,4.4,634.94,6
6660,31,18-25,22,高中及以下,4500.9,3006.1,23.0,7.9,19,3.6,4.4,5.5,4.1,2.5,2.8,946.03,7
6661,39,26-35,30,大专,4638.5,586.9,16.9,6.7,31,4.3,2.3,2.4,7.8,6.2,4.4,180.7,2
6662,55,26-35,30,硕士,10618.0,2005.4,21.3,8.8,36,5.8,2.7,7.1,7.2,4.4,5.0,376.64,5
6663,70,55+,60,高中及以下,2275.1,1243.8,16.0,8.8,15,5.0,2.3,7.2,7.0,6.3,5.5,213.02,3
6664,145,18-25,22,高中及以下,3190.5,1487.3,8.0,8.4,12,6.2,3.5,4.0,8.0,7.0,4.9,324.35,4
6665,113,36-45,40,高中及以下,4351.1,4722.9,61.1,5.0,47,1.9,6.8,6.2,4.8,6.8,4.1,1742.79,9
6666,113,26-35,30,硕士,13577.9,5443.9,52.9,6.1,70,2.1,5.5,7.8,7.0,5.4,5.0,1742.79,9
6667,67,26-35,30,硕士,14176.0,1925.1,16.8,8.3,28,6.3,4.3,6.1,4.7,6.2,4.2,404.86,5
6668,154,18-25,22,高中及以下,3553.6,1740.8,8.8,10.0,30,5.4,4.0,6.4,9.1,5.9,5.5,198.95,2
6669,106,46-55,50,硕士,11489.6,2788.6,21.3,6.4,24,4.7,5.6,4.0,4.2,3.9,2.7,978.66,8
6670,106,55+,60,硕士,10657.2,1592.1,39.7,7.2,67,3.4,3.0,4.6,6.0,5.2,4.1,978.66,8
6671,56,36-45,40,大专,4145.9,214.5,13.2,9.5,35,6.2,3.9,3.2,8.3,9.0,5.3,64.12,0
6672,67,55+,60,大专,4098.9,1166.2,30.5,7.7,38,5.8,3.8,4.5,6.6,5.8,4.3,404.86,5
6673,113,55+,60,高中及以下,3827.3,5188.6,51.5,6.5,78,3.1,7.2,5.9,4.0,8.0,4.1,1742.79,9
6674,9,55+,60,本科,6099.5,1796.2,17.0,8.7,16,6.5,1.8,5.3,7.8,6.9,5.5,255.33,4
6675,182,36-45,40,大专,5395.4,984.7,19.3,10.0,50,3.9,2.8,4.8,9.0,6.2,5.3,50.86,0
6676,115,18-25,22,本科,7391.7,666.2,10.2,9.2,33,7.4,3.2,5.6,9.5,5.5,5.4,200.65,2
6677,129,46-55,50,硕士,11971.9,340.2,9.4,9.9,27,4.9,2.1,4.8,6.4,6.0,4.6,89.7,0
6678,3,46-55,50,本科,9215.2,2767.4,27.5,8.2,27,3.7,5.3,7.2,7.9,2.4,4.2,680.64,7
6679,6,26-35,30,本科,8460.7,2214.1,24.2,7.4,32,4.5,5.3,5.5,7.4,6.0,4.6,719.97,7
6680,187,46-55,50,本科,8285.9,823.0,13.7,9.2,5,5.6,2.8,4.8,8.0,3.3,4.2,137.99,1
6681,34,46-55,50,高中及以下,2661.5,986.7,17.3,7.3,10,5.5,2.7,7.8,6.8,4.9,5.2,337.83,5
6682,36,46-55,50,本科,9014.2,1445.7,12.4,9.6,15,4.6,2.9,3.5,10.0,3.1,4.3,182.89,2
6683,177,46-55,50,硕士,11143.6,2394.4,29.9,7.2,50,3.0,3.9,7.6,8.5,7.0,6.0,634.94,6
6684,162,26-35,30,硕士,8998.3,1302.2,26.3,8.2,23,6.6,4.3,6.3,8.9,3.5,4.7,472.76,6
6685,135,18-25,22,本科,8114.3,3137.5,25.4,8.5,28,3.5,4.4,4.6,5.5,4.1,3.4,699.2,7
6686,144,26-35,30,本科,7420.9,821.4,12.9,9.1,6,5.2,2.9,6.3,8.2,5.5,5.3,192.46,2
6687,3,46-55,50,硕士,11050.9,1408.3,18.5,7.5,35,3.8,3.3,4.7,5.1,6.6,4.2,680.64,7
6688,141,36-45,40,高中及以下,3277.7,1416.3,10.8,8.8,28,5.9,4.9,5.6,5.9,4.6,3.9,548.48,6
6689,54,26-35,30,高中及以下,3283.0,1441.2,14.9,8.4,32,5.8,4.0,7.0,7.2,6.8,5.4,416.13,5
6690,54,36-45,40,高中及以下,3460.7,1409.1,23.5,8.5,18,6.1,3.3,4.2,6.5,7.2,4.6,416.13,5
6691,97,26-35,30,本科,7699.8,264.9,16.7,7.4,25,5.3,4.5,5.9,7.4,6.1,4.9,192.68,2
6692,91,55+,60,本科,6373.4,3172.2,23.5,7.3,53,5.7,3.5,6.7,8.4,5.0,5.2,390.98,5
6693,113,26-35,30,硕士,23579.8,4665.0,48.5,4.8,92,3.2,5.6,5.7,5.7,3.0,3.3,1742.79,9
6694,151,55+,60,大专,4022.1,1092.1,10.7,9.4,14,4.7,3.3,5.5,3.7,5.4,3.7,209.86,3
6695,179,26-35,30,本科,13842.9,5896.8,53.7,5.1,67,4.0,4.5,8.6,3.9,3.4,3.9,1808.04,9
6696,104,18-25,22,高中及以下,2766.7,1947.6,13.2,7.9,5,6.4,2.7,3.0,8.8,6.9,5.0,126.31,1
6697,124,26-35,30,高中及以下,3262.9,1548.9,21.0,6.5,42,4.9,2.5,3.7,8.3,3.7,4.1,266.9,4
6698,111,36-45,40,高中及以下,3956.6,868.9,22.9,7.9,33,3.9,2.6,5.2,5.3,4.6,3.9,144.53,1
6699,0,46-55,50,硕士,12083.8,1608.5,7.0,10.0,32,7.1,2.6,5.1,7.3,5.8,4.8,243.89,3
6700,167,55+,60,本科,9398.0,2535.6,34.7,8.0,61,3.8,6.9,5.6,8.0,2.1,3.5,989.1,8
6701,153,36-45,40,硕士,11362.1,1211.4,16.0,9.1,38,6.3,1.0,5.3,6.2,5.2,4.6,187.21,2
6702,186,55+,60,博士,12834.7,992.9,11.0,10.0,32,5.4,5.2,2.7,7.1,4.9,3.5,238.23,3
6703,82,55+,60,大专,4153.6,1943.8,39.1,9.4,44,4.2,3.9,4.7,6.5,3.2,3.6,650.6,7
6704,166,18-25,22,大专,6909.2,200.0,10.8,7.1,23,5.2,2.3,5.1,9.2,3.6,4.8,337.67,5
6705,151,46-55,50,高中及以下,3146.2,2223.2,18.4,9.5,28,5.8,4.2,4.6,4.8,5.6,3.7,209.86,3
6706,27,26-35,30,大专,5138.2,200.0,17.7,8.9,47,6.2,2.1,5.1,6.6,7.1,5.1,216.09,3
6707,191,26-35,30,大专,7156.5,1462.4,22.9,10.0,24,7.7,2.8,4.5,8.7,5.5,4.9,349.46,5
6708,34,26-35,30,大专,4689.2,2177.9,14.8,9.3,34,2.6,2.2,7.3,8.6,5.7,5.9,337.83,5
6709,167,46-55,50,本科,8411.9,3009.0,25.8,7.2,39,2.3,3.6,9.3,5.9,7.9,6.1,989.1,8
6710,106,26-35,30,高中及以下,3817.5,2891.9,33.1,8.7,46,4.8,5.1,8.0,5.9,6.7,5.2,978.66,8
6711,125,36-45,40,硕士,12182.2,3361.6,36.8,7.0,75,4.1,6.9,8.1,4.9,5.0,4.2,1326.71,8
6712,113,46-55,50,本科,12262.0,5312.3,67.4,7.2,59,3.6,7.8,6.7,8.7,4.5,4.6,1742.79,9
6713,10,46-55,50,高中及以下,2899.7,848.7,13.2,8.7,19,5.1,1.3,2.1,6.5,5.6,3.9,93.37,0
6714,184,26-35,30,大专,4216.1,912.4,10.4,10.0,13,4.9,3.6,5.3,7.1,4.5,4.3,118.69,1
6715,176,26-35,30,硕士,8301.0,1401.7,15.6,7.6,6,6.4,2.6,6.6,6.4,7.2,5.4,150.36,1
6716,122,36-45,40,硕士,10995.6,3085.9,27.3,8.6,20,5.9,3.2,5.0,7.0,7.1,5.0,603.53,6
6717,109,36-45,40,本科,9243.3,1015.3,14.8,8.4,35,6.5,2.4,4.2,8.3,6.0,4.9,137.77,1
6718,73,26-35,30,高中及以下,4063.4,3013.5,16.1,9.1,49,5.1,3.5,9.5,7.0,3.8,5.3,709.56,7
6719,40,18-25,22,博士,14518.5,1367.1,19.7,8.8,11,5.5,3.1,7.4,6.4,3.5,4.5,310.59,4
6720,161,36-45,40,本科,9672.4,723.1,13.6,8.1,31,6.5,2.9,5.5,6.7,5.8,4.7,326.06,4
6721,113,26-35,30,硕士,16449.1,5153.0,59.1,7.4,109,5.1,6.5,7.1,2.8,2.2,2.5,1742.79,9
6722,140,26-35,30,大专,4462.1,832.9,16.4,9.0,37,6.6,4.2,3.2,7.3,4.3,3.6,186.32,2
6723,67,36-45,40,硕士,13994.4,2191.7,21.5,7.6,32,6.0,3.7,4.5,9.1,3.7,4.4,404.86,5
6724,179,46-55,50,硕士,19087.0,5007.9,51.8,5.8,61,2.7,7.8,7.9,3.5,4.9,3.5,1808.04,9
6725,192,36-45,40,高中及以下,3186.0,1276.3,18.9,8.8,9,6.1,4.3,5.7,4.7,4.6,3.7,183.85,2
6726,135,46-55,50,硕士,10442.1,1976.6,22.3,7.2,49,5.3,5.3,4.8,5.7,7.3,4.3,699.2,7
6727,173,55+,60,高中及以下,2039.1,679.0,20.1,9.0,52,5.3,3.5,5.1,5.2,4.8,3.8,208.75,3
6728,55,55+,60,本科,5565.7,664.5,10.7,9.0,32,5.3,3.4,2.8,7.3,6.4,4.2,376.64,5
6729,191,26-35,30,博士,12098.3,1233.0,27.0,8.4,59,5.0,2.9,6.9,7.5,5.7,5.3,349.46,5
6730,54,36-45,40,大专,7859.7,1106.5,19.0,8.7,37,6.0,5.3,3.3,9.0,6.3,4.6,416.13,5
6731,54,18-25,22,博士,12023.4,1861.9,18.6,9.5,41,4.1,2.9,7.2,9.7,7.7,6.6,416.13,5
6732,179,46-55,50,高中及以下,4475.3,4975.2,58.3,6.7,92,1.5,7.0,6.2,6.2,6.6,4.4,1808.04,9
6733,66,46-55,50,大专,3388.8,474.9,8.6,8.4,8,6.0,3.8,5.7,9.8,4.9,5.3,138.1,1
6734,81,26-35,30,本科,6203.3,858.2,7.8,10.0,19,3.9,2.3,4.7,8.9,7.2,5.6,212.11,3
6735,173,55+,60,本科,8136.9,1437.6,12.9,7.9,19,5.1,2.3,6.6,10.0,7.1,6.4,208.75,3
6736,173,18-25,22,硕士,6033.7,692.1,11.2,8.4,15,5.3,4.4,6.4,8.2,5.1,5.0,208.75,3
6737,17,26-35,30,本科,5708.2,764.7,21.7,8.1,22,6.5,4.4,4.8,7.9,7.1,5.0,203.21,3
6738,71,46-55,50,大专,5006.7,2977.0,33.5,8.4,71,4.1,4.7,8.5,7.2,2.8,4.6,690.93,7
6739,57,36-45,40,本科,5923.4,1186.8,8.2,10.0,33,6.6,2.4,6.6,8.9,6.1,5.8,108.94,1
6740,179,55+,60,博士,20045.5,5442.9,54.9,4.5,83,3.3,7.7,6.2,5.9,4.7,3.7,1808.04,9
6741,67,46-55,50,大专,5325.0,2121.3,20.3,8.8,30,4.3,2.1,5.5,7.2,3.1,4.2,404.86,5
6742,55,26-35,30,高中及以下,3898.3,1628.5,19.8,8.1,20,5.7,3.4,2.7,9.0,8.2,5.2,376.64,5
6743,67,36-45,40,本科,9676.2,1284.9,22.3,7.3,9,4.2,3.4,6.5,8.3,6.4,5.6,404.86,5
6744,177,55+,60,硕士,16140.3,1771.9,34.4,7.4,43,5.4,3.5,5.0,7.8,5.6,4.8,634.94,6
6745,46,36-45,40,硕士,8201.9,1184.2,14.7,9.3,7,7.2,3.2,3.9,8.5,6.2,4.9,93.63,0
6746,43,26-35,30,高中及以下,3114.7,1465.3,20.4,9.6,17,6.2,2.0,3.8,10.0,5.4,5.2,109.83,1
6747,167,26-35,30,硕士,14230.1,3220.8,42.1,5.0,74,4.3,6.4,3.7,6.3,4.2,3.1,989.1,8
6748,40,36-45,40,高中及以下,2802.6,757.6,11.7,8.6,19,5.2,2.5,5.0,9.0,4.9,5.0,310.59,4
6749,113,26-35,30,硕士,16289.7,4003.3,53.1,4.3,76,5.0,5.1,5.9,4.8,7.3,4.4,1742.79,9
6750,107,36-45,40,大专,6360.8,1086.9,25.9,7.3,5,5.2,4.0,3.5,9.3,5.7,4.7,176.72,2
6751,2,26-35,30,大专,4658.1,1753.0,14.0,9.9,46,3.5,3.6,6.4,8.6,2.2,4.4,283.64,4
6752,125,36-45,40,高中及以下,4166.7,4817.7,42.1,6.1,98,1.9,5.3,4.9,6.1,5.8,4.0,1326.71,8
6753,138,18-25,22,本科,9002.1,1034.6,17.3,5.7,39,3.7,3.8,4.2,8.6,6.4,4.9,334.79,4
6754,48,26-35,30,本科,7365.7,200.0,14.7,9.8,35,5.6,1.6,5.5,6.3,5.8,4.8,209.27,3
6755,122,26-35,30,硕士,12846.7,1597.7,27.4,7.9,65,4.5,2.1,6.8,8.4,5.9,5.7,603.53,6
6756,31,55+,60,高中及以下,3079.0,3315.2,35.7,9.2,55,4.6,5.5,4.2,8.5,7.9,5.1,946.03,7
6757,154,18-25,22,本科,6260.9,1403.9,14.9,9.6,9,4.7,3.7,4.4,8.8,8.1,5.6,198.95,2
6758,113,18-25,22,大专,6354.2,5083.6,56.3,5.0,57,1.2,6.0,8.5,5.2,5.7,4.7,1742.79,9
6759,90,26-35,30,本科,6746.6,546.0,11.2,8.5,30,5.4,4.2,5.9,10.0,4.7,5.3,163.54,2
6760,187,26-35,30,博士,13287.4,1103.8,11.9,7.7,32,5.0,2.7,4.9,10.0,5.3,5.4,137.99,1
6761,185,36-45,40,硕士,11402.6,852.0,15.5,8.2,23,6.9,4.7,3.9,3.8,6.6,3.4,303.08,4
6762,6,46-55,50,硕士,9117.6,2831.9,28.5,9.4,36,4.7,6.4,6.6,9.2,5.2,5.1,719.97,7
6763,68,26-35,30,硕士,11023.2,1492.0,17.0,9.3,24,4.8,2.2,2.8,8.1,5.3,4.3,213.07,3
6764,56,46-55,50,本科,10602.8,722.1,8.0,8.3,9,8.4,3.1,6.3,5.9,5.1,4.5,64.12,0
6765,185,26-35,30,本科,8691.8,585.1,19.8,9.5,49,5.9,3.0,4.9,9.4,5.4,5.2,303.08,4
6766,42,46-55,50,本科,6539.1,1057.0,25.3,10.0,13,6.4,4.4,5.5,9.4,7.6,5.8,132.2,1
6767,7,36-45,40,硕士,9924.7,1450.7,16.5,8.4,38,6.3,2.4,3.7,4.2,6.1,3.7,319.72,4
6768,48,36-45,40,本科,8409.7,886.7,14.8,9.0,37,6.0,1.0,5.6,10.0,7.7,6.5,209.27,3
6769,156,18-25,22,硕士,14560.1,2661.6,46.7,7.7,34,3.7,5.1,4.9,8.7,4.2,4.4,958.89,8
6770,113,55+,60,本科,13124.6,4717.6,53.4,4.8,79,2.5,6.6,6.3,5.2,5.1,3.8,1742.79,9
6771,190,18-25,22,高中及以下,2925.2,474.2,5.0,8.1,28,7.1,4.0,3.5,7.6,4.3,3.8,94.96,0
6772,165,18-25,22,硕士,9792.0,1442.3,22.9,7.8,25,4.8,4.1,7.3,5.7,2.9,4.0,224.25,3
6773,47,36-45,40,本科,6845.3,1886.9,21.7,6.9,9,6.2,2.3,3.1,7.0,6.3,4.4,427.14,6
6774,82,36-45,40,本科,10390.6,2086.2,24.2,7.9,36,3.9,1.7,5.3,9.5,4.7,5.3,650.6,7
6775,166,26-35,30,高中及以下,3285.9,1583.5,12.3,9.5,22,5.2,2.6,4.7,7.9,5.3,4.7,337.67,5
6776,153,26-35,30,大专,5022.2,1337.8,7.1,7.2,26,6.0,2.9,5.5,6.8,4.4,4.4,187.21,2
6777,73,36-45,40,大专,5381.4,2200.9,21.9,9.0,33,4.7,4.7,5.1,6.9,5.5,4.3,709.56,7
6778,122,18-25,22,博士,20840.3,2013.0,28.7,6.5,26,3.9,2.8,5.3,8.7,2.0,4.2,603.53,6
6779,122,26-35,30,本科,14461.0,1633.7,31.9,8.5,42,6.3,2.7,6.5,6.3,7.3,5.4,603.53,6
6780,177,26-35,30,本科,8460.8,2369.8,33.3,6.4,60,4.7,6.6,4.2,7.6,6.2,4.2,634.94,6
6781,3,55+,60,本科,6635.6,3079.9,19.2,8.5,40,4.8,4.8,7.3,6.0,6.4,4.9,680.64,7
6782,61,46-55,50,高中及以下,3129.4,1586.7,9.6,9.0,5,6.7,1.8,2.7,9.4,6.5,5.1,123.27,1
6783,146,18-25,22,高中及以下,3185.9,1019.7,5.0,7.6,23,6.2,3.1,4.2,6.5,5.5,4.2,43.08,0
6784,133,18-25,22,本科,7915.7,993.2,15.7,8.0,37,7.2,4.7,4.0,5.4,4.5,3.3,238.31,3
6785,73,18-25,22,硕士,12835.0,1291.1,21.0,9.6,67,4.5,5.0,3.7,4.0,5.6,3.1,709.56,7
6786,174,36-45,40,本科,7408.8,820.1,21.7,8.3,37,5.3,3.1,3.5,4.0,5.6,3.3,195.72,2
6787,153,36-45,40,大专,5019.4,1638.2,20.4,7.7,22,5.0,1.8,2.2,8.1,7.6,4.9,187.21,2
6788,125,36-45,40,博士,19205.6,3890.5,41.6,6.4,85,3.8,5.4,6.2,3.8,8.5,4.5,1326.71,8
6789,58,26-35,30,硕士,9020.6,856.4,12.6,9.7,5,5.0,4.6,5.2,7.1,7.1,4.9,206.7,3
6790,68,26-35,30,高中及以下,2479.9,1802.9,13.3,8.0,17,5.9,2.5,5.2,6.9,7.2,5.2,213.07,3
6791,133,26-35,30,大专,4555.0,200.0,16.6,9.8,42,4.1,1.7,3.7,5.3,4.5,3.6,238.31,3
6792,188,46-55,50,本科,6885.2,737.1,14.6,8.6,34,6.2,3.6,5.3,10.0,4.6,5.2,63.64,0
6793,173,36-45,40,高中及以下,3307.3,1142.8,17.1,10.0,30,6.8,2.8,5.3,6.9,4.7,4.4,208.75,3
6794,50,36-45,40,本科,8343.1,915.5,17.9,7.7,45,5.2,3.8,4.1,10.0,2.8,4.3,205.22,3
6795,156,36-45,40,大专,5155.7,1934.3,33.3,6.7,60,4.5,4.1,3.3,6.0,4.2,3.3,958.89,8
6796,180,18-25,22,大专,3284.3,1895.2,19.3,7.9,5,5.8,4.4,5.5,5.8,3.8,3.7,277.46,4
6797,20,26-35,30,硕士,9659.2,1740.7,28.6,7.2,18,4.6,4.1,6.3,4.9,5.3,4.1,642.68,6
6798,140,18-25,22,硕士,9141.1,797.7,20.7,8.9,44,5.1,2.8,4.8,9.7,6.3,5.5,186.32,2
6799,18,26-35,30,高中及以下,2871.6,367.9,13.9,7.5,29,5.0,3.2,2.2,8.4,5.4,4.1,59.86,0
6800,0,18-25,22,高中及以下,3261.2,755.4,19.9,9.8,46,5.5,2.4,5.3,8.9,5.3,5.2,243.89,3
6801,191,55+,60,硕士,10054.2,1693.5,9.0,6.0,29,5.8,2.5,4.1,7.3,5.3,4.4,349.46,5
6802,50,55+,60,高中及以下,2833.7,1177.1,13.4,7.5,42,6.9,2.8,4.8,8.5,7.7,5.6,205.22,3
6803,164,46-55,50,本科,10790.1,1200.5,18.2,9.8,59,5.9,3.6,5.4,5.4,3.8,3.7,388.92,5
6804,118,36-45,40,大专,9269.3,1542.2,31.2,9.3,21,4.0,4.3,7.7,7.3,3.2,4.6,465.37,6
6805,127,26-35,30,高中及以下,2781.0,1560.9,5.0,10.0,21,6.8,2.1,4.7,6.7,4.0,4.1,84.24,0
6806,33,26-35,30,本科,7046.8,200.0,16.1,9.6,15,6.1,1.5,3.2,7.1,7.1,4.8,51.54,0
6807,156,46-55,50,高中及以下,4550.7,2923.6,26.5,8.0,33,4.9,5.7,5.6,8.9,7.9,5.6,958.89,8
6808,73,18-25,22,硕士,11809.1,1618.4,20.9,8.9,33,4.3,3.6,7.1,6.0,6.0,4.9,709.56,7
6809,125,46-55,50,大专,6596.7,3662.5,44.9,6.7,57,3.0,4.7,7.0,7.4,6.2,5.2,1326.71,8
6810,87,55+,60,博士,18469.6,1775.0,13.1,8.4,8,4.9,3.0,2.1,9.0,7.4,4.9,206.18,3
6811,41,18-25,22,大专,8050.0,1193.8,13.7,7.7,45,6.5,2.2,6.9,7.4,7.8,6.0,176.16,2
6812,31,18-25,22,硕士,12964.7,3130.8,36.8,6.8,76,3.2,3.6,5.3,6.0,6.6,4.6,946.03,7
6813,86,55+,60,本科,6690.4,1190.1,17.8,8.2,29,4.7,3.4,6.4,5.7,7.6,5.1,370.7,5
6814,1,36-45,40,本科,8995.9,590.3,18.2,8.0,5,5.3,2.5,3.1,8.4,5.3,4.4,129.25,1
6815,188,46-55,50,高中及以下,2498.3,200.0,17.4,8.3,16,4.3,3.0,4.2,7.5,3.6,3.9,63.64,0
6816,66,36-45,40,本科,9772.0,1366.6,9.4,10.0,8,2.4,4.8,5.3,7.6,6.9,5.0,138.1,1
6817,138,46-55,50,博士,14214.7,1496.4,11.3,9.9,32,4.5,3.0,5.5,7.0,8.6,5.6,334.79,4
6818,120,55+,60,大专,7347.2,1124.6,19.5,7.5,17,6.5,2.6,5.0,6.9,7.1,5.1,327.35,4
6819,151,36-45,40,大专,6852.4,1010.0,16.8,9.5,16,5.3,2.2,4.6,8.1,4.9,4.7,209.86,3
6820,167,46-55,50,高中及以下,4938.2,2677.8,36.1,8.3,23,6.0,5.0,7.4,6.0,4.4,4.4,989.1,8
6821,177,46-55,50,本科,10548.2,1658.9,30.3,8.4,45,5.5,3.2,4.6,3.8,7.1,4.0,634.94,6
6822,138,46-55,50,本科,9032.4,1617.1,15.1,8.3,27,4.7,1.9,6.6,10.0,4.8,5.8,334.79,4
6823,85,46-55,50,大专,5129.9,597.0,9.3,7.7,31,6.1,3.8,5.9,8.8,4.8,5.0,89.86,0
6824,111,18-25,22,大专,4579.0,670.8,17.6,9.5,40,7.0,2.8,8.6,4.0,7.2,5.3,144.53,1
6825,81,55+,60,本科,8338.4,1001.2,12.6,9.0,16,7.5,4.2,5.4,6.5,6.5,4.7,212.11,3
6826,185,36-45,40,大专,3650.2,308.6,29.2,6.4,57,3.9,3.0,5.0,7.3,4.4,4.3,303.08,4
6827,71,18-25,22,高中及以下,3068.3,2102.5,19.9,7.9,39,4.0,5.4,4.1,6.3,5.1,3.7,690.93,7
6828,64,18-25,22,硕士,11831.9,2231.3,8.8,7.7,39,7.0,2.4,6.3,8.0,6.2,5.5,334.46,4
6829,116,26-35,30,硕士,7860.9,307.4,9.7,7.9,34,5.3,5.6,6.9,5.9,4.6,4.2,143.35,1
6830,20,55+,60,博士,12201.8,1962.2,30.0,7.2,38,4.8,4.9,5.4,8.1,6.0,4.9,642.68,6
6831,177,26-35,30,本科,8219.6,2158.2,16.6,8.3,32,5.1,2.7,6.1,4.1,7.2,4.6,634.94,6
6832,195,36-45,40,博士,16931.4,1414.2,19.3,7.3,26,5.6,2.2,4.2,6.7,6.9,4.8,218.18,3
6833,75,18-25,22,硕士,12117.8,1636.0,15.2,8.5,28,5.3,3.9,3.2,9.2,2.8,3.8,337.61,5
6834,27,18-25,22,本科,5790.1,869.3,17.2,9.0,57,5.9,3.7,5.7,8.2,5.2,4.9,216.09,3
6835,65,36-45,40,高中及以下,4080.2,2421.5,29.7,8.3,39,4.5,2.8,5.8,7.0,5.6,4.9,576.08,6
6836,91,36-45,40,硕士,11780.2,1977.3,23.8,9.4,27,5.4,3.2,6.1,4.1,3.6,3.5,390.98,5
6837,167,46-55,50,本科,7256.4,2362.7,24.7,8.6,28,5.5,5.8,6.4,6.7,5.1,4.4,989.1,8
6838,190,46-55,50,硕士,13822.0,1248.8,10.9,9.5,8,5.8,2.0,5.1,9.7,3.6,5.0,94.96,0
6839,149,55+,60,本科,8424.4,1076.7,7.6,8.5,33,6.7,4.2,6.0,8.4,5.4,5.1,199.73,2
6840,180,46-55,50,高中及以下,4207.7,629.3,17.6,9.3,27,6.5,3.1,8.6,5.8,7.9,5.9,277.46,4
6841,41,55+,60,本科,6763.1,1216.9,17.5,9.4,28,4.7,1.9,5.4,6.9,6.3,5.0,176.16,2
6842,179,36-45,40,本科,10812.6,4498.6,60.6,6.4,105,4.0,5.0,7.4,7.2,6.4,5.3,1808.04,9
6843,122,46-55,50,硕士,12394.6,2010.7,28.8,9.5,45,6.1,5.1,4.7,5.7,5.0,3.7,603.53,6
6844,102,36-45,40,硕士,9782.9,537.8,16.2,8.9,23,6.0,1.0,4.3,6.7,5.7,4.6,105.35,0
6845,104,26-35,30,大专,4085.2,1284.7,11.5,6.6,15,7.5,2.1,6.3,7.7,5.2,5.2,126.31,1
6846,185,26-35,30,高中及以下,3259.7,1024.0,12.1,9.1,47,4.0,4.2,3.7,5.6,2.7,2.8,303.08,4
6847,81,26-35,30,硕士,12031.4,659.2,21.2,9.9,25,6.3,3.3,5.6,7.7,4.9,4.7,212.11,3
6848,34,46-55,50,大专,4657.2,1927.8,17.5,8.2,44,6.8,4.3,2.2,7.0,3.3,3.0,337.83,5
6849,124,26-35,30,高中及以下,3113.8,1366.1,17.4,6.4,38,8.6,1.4,6.1,5.9,6.3,5.0,266.9,4
6850,25,26-35,30,大专,4218.4,770.8,12.7,10.0,37,4.3,1.0,4.6,8.7,9.0,6.2,165.82,2
6851,147,55+,60,大专,4616.2,200.0,8.8,9.2,26,4.5,1.6,4.3,8.6,3.3,4.4,39.63,0
6852,0,18-25,22,高中及以下,2914.1,1246.1,13.9,8.5,19,5.6,3.5,5.2,9.0,4.3,4.8,243.89,3
6853,89,26-35,30,高中及以下,3367.3,1038.1,14.9,9.8,5,6.5,3.0,6.2,9.4,4.7,5.4,247.96,3
6854,164,55+,60,大专,4174.7,1316.4,27.6,7.1,5,5.3,3.1,5.9,7.1,7.2,5.3,388.92,5
6855,89,26-35,30,大专,4237.0,1414.7,23.0,8.9,53,5.4,1.6,7.4,6.3,5.0,5.1,247.96,3
6856,157,46-55,50,大专,4314.2,1070.2,21.3,8.7,41,3.9,3.5,3.4,5.5,5.3,3.6,238.37,3
6857,145,36-45,40,硕士,12337.7,1529.3,16.1,8.4,39,3.5,3.4,4.6,5.6,7.7,4.6,324.35,4
6858,138,26-35,30,高中及以下,2312.5,1059.4,20.1,8.0,5,6.3,2.5,4.8,8.0,6.7,5.2,334.79,4
6859,91,55+,60,博士,18110.0,1898.0,20.1,9.8,26,4.8,5.6,8.1,10.0,3.0,5.2,390.98,5
6860,179,46-55,50,博士,20363.8,5305.2,55.1,8.4,86,1.9,5.7,7.2,5.9,6.3,4.7,1808.04,9
6861,78,18-25,22,博士,15340.8,200.0,7.3,7.3,48,5.4,3.1,4.1,9.5,4.1,4.6,162.68,1
6862,82,26-35,30,本科,7386.3,1856.0,30.6,8.5,49,4.2,3.7,7.3,9.2,2.5,4.9,650.6,7
6863,143,26-35,30,本科,8449.6,636.6,11.8,8.1,6,6.6,2.5,7.1,8.6,4.7,5.5,178.51,2
6864,156,26-35,30,硕士,15068.0,3394.3,30.7,8.8,81,4.7,6.0,6.3,4.6,5.5,3.8,958.89,8
6865,71,26-35,30,硕士,10969.4,2404.3,28.7,7.8,29,4.4,4.5,4.9,7.0,6.7,4.7,690.93,7
6866,162,26-35,30,大专,4430.5,1975.9,20.0,7.5,42,5.6,4.2,6.4,7.0,9.1,5.8,472.76,6
6867,167,26-35,30,硕士,11863.4,3274.6,35.9,8.6,57,6.2,3.9,4.9,2.9,5.9,3.4,989.1,8
6868,6,55+,60,本科,5922.6,1743.7,30.8,8.7,17,4.3,4.2,7.6,5.8,5.9,4.9,719.97,7
6869,106,18-25,22,大专,7889.1,4224.5,28.8,6.3,53,3.8,4.6,5.1,5.3,6.0,4.0,978.66,8
6870,135,26-35,30,硕士,10755.3,3488.9,21.6,8.6,50,4.5,4.6,2.8,8.9,6.2,4.5,699.2,7
6871,59,36-45,40,大专,5906.2,1953.7,18.1,10.0,36,6.7,2.7,7.6,4.9,2.6,3.9,393.68,5
6872,135,26-35,30,大专,5533.4,1787.9,32.3,6.8,70,5.7,4.5,7.1,7.7,6.4,5.4,699.2,7
6873,40,26-35,30,大专,4879.5,1395.0,26.8,9.8,40,5.6,2.6,4.9,9.5,3.1,4.6,310.59,4
6874,2,18-25,22,高中及以下,2848.4,1799.3,22.2,9.0,9,5.7,5.2,7.4,8.4,5.5,5.3,283.64,4
6875,122,46-55,50,硕士,13092.5,1676.7,21.0,8.6,22,3.6,4.1,6.9,6.6,3.5,4.3,603.53,6
6876,9,18-25,22,高中及以下,3415.6,1708.8,18.9,7.8,5,3.9,4.3,6.3,9.1,5.0,5.2,255.33,4
6877,104,46-55,50,高中及以下,2641.4,818.3,9.7,9.3,49,5.8,3.5,5.2,7.8,5.1,4.7,126.31,1
6878,97,36-45,40,本科,7115.6,1090.0,18.0,8.4,16,8.8,4.1,5.8,9.9,5.0,5.3,192.68,2
6879,185,46-55,50,硕士,8528.3,1298.6,17.7,9.1,34,4.9,4.1,6.6,5.4,3.2,3.8,303.08,4
6880,28,46-55,50,硕士,12168.8,933.9,12.6,7.9,17,7.1,2.3,7.6,8.1,4.7,5.5,81.4,0
6881,113,18-25,22,硕士,19883.7,4445.0,48.3,5.7,87,3.8,6.5,5.9,3.3,4.2,2.9,1742.79,9
6882,161,18-25,22,大专,5884.8,1789.9,15.5,7.8,11,6.0,2.6,5.1,5.6,6.3,4.5,326.06,4
6883,22,36-45,40,高中及以下,2879.4,720.5,16.4,7.4,41,5.8,3.4,3.8,6.8,6.2,4.3,158.78,1
6884,132,18-25,22,高中及以下,2725.5,200.0,14.4,9.0,5,6.3,1.9,7.5,6.0,7.3,5.7,51.3,0
6885,186,26-35,30,高中及以下,4054.9,1991.2,14.9,9.5,25,4.6,4.5,3.0,8.4,6.3,4.4,238.23,3
6886,3,36-45,40,硕士,11652.4,2256.6,20.1,8.6,30,3.9,4.3,8.7,7.1,5.9,5.6,680.64,7
6887,106,18-25,22,本科,8015.2,3264.3,40.7,8.8,48,2.9,4.8,6.3,5.8,6.2,4.5,978.66,8
6888,173,36-45,40,高中及以下,2822.6,337.5,26.3,7.9,35,5.2,2.4,6.2,7.0,7.5,5.6,208.75,3
6889,42,26-35,30,本科,5686.7,703.7,12.1,9.6,26,6.9,3.1,3.0,7.8,5.9,4.3,132.2,1
6890,125,36-45,40,本科,9851.5,4440.3,34.6,6.8,67,4.3,5.0,4.0,5.4,5.7,3.6,1326.71,8
6891,119,36-45,40,高中及以下,3471.3,1057.9,16.5,9.1,43,5.3,2.7,5.1,5.8,8.5,5.2,314.8,4
6892,141,26-35,30,大专,5126.9,2133.5,30.8,8.4,30,5.8,3.1,7.7,4.8,5.8,4.8,548.48,6
6893,151,26-35,30,大专,4578.3,200.0,12.6,8.9,17,5.7,2.1,2.6,6.3,3.8,3.3,209.86,3
6894,124,26-35,30,本科,7338.8,1407.9,14.5,8.4,26,5.8,1.9,4.0,8.4,5.0,4.7,266.9,4
6895,157,46-55,50,硕士,9861.1,1081.9,24.0,9.8,23,4.0,3.5,3.1,9.3,4.8,4.4,238.37,3
6896,54,18-25,22,高中及以下,3597.0,1590.5,19.1,8.6,50,5.8,4.6,4.6,6.1,6.2,4.2,416.13,5
6897,177,26-35,30,本科,7513.8,2069.3,17.8,8.9,40,4.5,4.8,6.4,6.8,4.6,4.4,634.94,6
6898,179,36-45,40,本科,12017.8,5646.4,51.7,5.5,95,2.2,5.8,4.8,5.7,6.2,3.9,1808.04,9
6899,54,18-25,22,大专,4833.2,1021.2,21.5,9.1,48,4.0,2.4,8.7,10.0,4.2,6.2,416.13,5
6900,196,26-35,30,本科,8253.8,259.1,16.8,8.4,12,4.2,1.6,4.0,7.4,3.0,3.9,61.32,0
6901,161,46-55,50,本科,6888.2,900.2,14.3,9.0,35,5.4,3.5,6.8,8.6,3.9,5.0,326.06,4
6902,20,36-45,40,高中及以下,3299.0,2515.1,22.9,8.4,11,5.1,3.0,4.4,7.8,5.1,4.5,642.68,6
6903,84,36-45,40,硕士,12911.9,1266.3,6.1,9.9,23,4.5,4.6,5.2,6.6,4.7,4.1,66.12,0
6904,1,26-35,30,高中及以下,2718.3,353.8,9.9,9.7,10,5.0,1.8,6.3,10.0,6.9,6.4,129.25,1
6905,104,36-45,40,本科,7391.6,1479.5,9.9,7.5,29,6.5,1.4,4.0,7.9,6.2,5.0,126.31,1
6906,141,18-25,22,博士,13935.4,1672.6,18.0,8.5,30,4.5,2.4,4.1,7.1,3.8,3.9,548.48,6
6907,80,26-35,30,高中及以下,3657.3,883.9,20.2,8.6,9,5.6,2.0,5.5,5.6,8.1,5.2,119.14,1
6908,34,46-55,50,大专,4203.7,1804.7,19.3,9.0,48,5.6,2.5,3.2,7.9,6.7,4.7,337.83,5
6909,186,26-35,30,高中及以下,3299.2,1574.5,19.0,7.8,28,4.9,3.6,4.3,10.0,6.7,5.5,238.23,3
6910,34,18-25,22,硕士,8433.1,1165.2,17.7,9.3,35,4.2,2.9,2.7,7.8,4.2,3.8,337.83,5
6911,191,26-35,30,本科,7625.7,352.1,19.9,8.6,48,6.5,2.3,2.7,6.6,6.8,4.3,349.46,5
6912,138,18-25,22,大专,5077.1,1475.3,14.1,6.9,22,3.8,3.1,5.3,7.9,6.2,5.1,334.79,4
6913,31,26-35,30,硕士,6078.9,2706.0,33.2,6.3,62,3.9,4.2,5.3,5.1,4.7,3.7,946.03,7
6914,167,26-35,30,本科,14669.8,2942.0,38.7,8.8,44,2.8,6.0,5.0,8.6,5.5,4.6,989.1,8
6915,177,46-55,50,硕士,13643.3,2936.5,37.5,7.4,58,4.0,5.8,5.8,9.2,7.6,5.6,634.94,6
6916,32,46-55,50,高中及以下,3013.1,819.1,7.7,7.8,34,6.8,2.3,4.0,9.0,6.7,5.3,146.42,1
6917,122,26-35,30,本科,6841.2,2132.4,16.9,7.4,48,4.8,4.2,7.9,7.9,3.0,4.8,603.53,6
6918,177,46-55,50,高中及以下,4307.0,2006.3,25.4,8.8,63,4.9,3.4,7.0,5.9,3.6,4.2,634.94,6
6919,159,26-35,30,博士,13399.6,1734.8,20.2,6.9,47,3.3,2.0,5.9,8.4,5.7,5.4,286.16,4
6920,50,26-35,30,高中及以下,3338.4,1025.2,11.0,8.0,26,4.7,2.6,5.8,7.3,5.9,5.1,205.22,3
6921,20,26-35,30,本科,10398.1,2569.0,33.1,7.1,13,5.4,4.2,6.4,6.8,4.0,4.3,642.68,6
6922,122,36-45,40,博士,16534.9,2776.4,23.1,8.6,35,5.9,3.9,5.6,6.3,4.8,4.2,603.53,6
6923,107,46-55,50,博士,19384.5,303.1,14.8,7.1,32,6.1,3.7,4.3,6.8,5.0,4.1,176.72,2
6924,191,26-35,30,大专,3497.2,2175.7,23.7,8.8,36,5.7,2.6,5.4,7.2,6.3,5.0,349.46,5
6925,96,26-35,30,本科,7184.0,1704.5,15.8,9.0,42,5.3,3.6,7.0,8.3,6.3,5.7,199.56,2
6926,31,26-35,30,大专,6093.4,2455.1,39.2,7.7,63,4.6,5.7,5.0,6.1,6.5,4.2,946.03,7
6927,82,36-45,40,大专,4557.3,2177.3,23.3,10.0,21,3.9,2.1,7.2,5.5,4.4,4.6,650.6,7
6928,6,55+,60,硕士,15150.8,3192.6,35.9,6.5,67,4.6,3.4,5.4,7.9,6.1,5.1,719.97,7
6929,106,36-45,40,高中及以下,3763.6,3111.8,30.6,6.6,60,4.4,3.8,4.4,3.0,5.0,3.0,978.66,8
6930,195,18-25,22,硕士,8506.8,847.0,17.3,7.9,19,5.8,1.0,4.4,6.9,6.3,4.9,218.18,3
6931,143,18-25,22,博士,11816.4,391.9,12.8,7.9,20,7.1,2.0,3.4,6.3,5.3,4.0,178.51,2
6932,82,46-55,50,博士,22353.3,1785.9,26.2,6.9,71,4.5,4.1,4.0,8.1,3.1,3.8,650.6,7
6933,179,46-55,50,高中及以下,4102.3,4744.5,53.7,4.8,79,2.8,6.5,4.4,2.8,5.6,2.7,1808.04,9
6934,68,55+,60,博士,15130.3,1093.4,17.9,8.0,42,5.5,3.3,4.2,4.4,5.0,3.4,213.07,3
6935,113,26-35,30,高中及以下,4336.6,4668.8,57.0,6.4,86,2.1,6.7,6.0,3.9,6.6,3.8,1742.79,9
6936,167,36-45,40,硕士,14271.6,3008.6,47.8,7.5,40,2.3,5.7,8.0,9.5,6.9,6.2,989.1,8
6937,143,46-55,50,硕士,12189.0,973.7,14.4,7.8,38,5.5,2.8,5.3,8.5,3.9,4.7,178.51,2
6938,6,26-35,30,高中及以下,2940.6,1430.3,25.0,6.5,32,4.3,4.6,4.8,5.9,7.5,4.5,719.97,7
6939,178,26-35,30,本科,8707.7,766.3,6.8,10.0,10,4.6,3.7,4.3,8.2,3.9,4.2,113.9,1
6940,125,26-35,30,硕士,13705.0,3840.1,50.0,5.5,52,4.6,4.1,7.0,8.0,7.8,5.9,1326.71,8
6941,195,46-55,50,本科,6576.3,1163.6,17.9,8.6,19,6.0,2.0,5.2,9.4,5.5,5.5,218.18,3
6942,179,46-55,50,硕士,13160.9,5038.0,53.4,4.5,78,1.2,4.8,7.8,5.2,5.5,4.6,1808.04,9
6943,106,36-45,40,大专,5451.1,2110.4,48.4,5.2,54,5.5,4.3,4.9,5.0,6.1,4.0,978.66,8
6944,157,46-55,50,本科,11733.0,1466.1,11.5,9.8,29,3.1,3.4,4.0,7.9,6.6,4.8,238.37,3
6945,156,55+,60,本科,8971.4,3579.0,40.0,8.6,45,3.6,4.2,9.7,5.2,4.6,5.0,958.89,8
6946,6,18-25,22,本科,8872.6,2166.2,30.5,7.9,37,1.3,4.5,5.3,6.8,6.3,4.6,719.97,7
6947,113,26-35,30,高中及以下,3177.2,5398.7,60.5,6.6,73,3.5,6.1,7.6,4.3,6.7,4.4,1742.79,9
6948,97,46-55,50,高中及以下,2505.1,627.0,16.9,8.4,26,6.4,2.1,6.5,7.1,9.2,6.2,192.68,2
6949,58,36-45,40,大专,4503.6,1144.8,20.2,8.8,41,5.6,1.1,4.6,7.3,5.7,4.9,206.7,3
6950,7,36-45,40,博士,17980.9,1215.5,15.7,9.3,5,6.1,1.0,2.8,6.9,6.8,4.6,319.72,4
6951,125,36-45,40,本科,8190.4,3432.5,51.4,7.1,72,3.2,4.9,8.0,5.0,8.6,5.5,1326.71,8
6952,92,36-45,40,大专,6546.9,801.7,13.5,9.4,19,5.5,1.6,4.3,9.1,5.9,5.3,73.55,0
6953,3,46-55,50,本科,12252.4,2302.3,27.9,8.5,33,4.8,4.8,5.3,7.9,6.1,4.8,680.64,7
6954,194,18-25,22,博士,19072.3,1202.3,15.2,8.6,38,6.0,2.7,5.4,8.9,4.7,5.0,176.48,2
6955,197,36-45,40,高中及以下,3150.4,649.5,5.0,7.1,36,5.5,2.4,5.5,8.9,6.1,5.5,173.08,2
6956,179,36-45,40,本科,13822.8,5160.6,56.5,6.3,69,2.5,5.1,8.7,5.5,6.6,5.2,1808.04,9
6957,71,26-35,30,硕士,18597.4,2087.4,29.4,10.0,29,5.0,4.3,6.2,7.1,5.7,4.8,690.93,7
6958,141,36-45,40,大专,6688.9,1350.6,22.0,7.7,33,3.7,2.3,4.1,7.2,7.0,4.9,548.48,6
6959,164,26-35,30,硕士,16664.3,1517.4,13.7,8.7,13,4.8,3.4,5.8,6.0,6.1,4.6,388.92,5
6960,34,46-55,50,硕士,12934.2,1105.6,17.7,9.5,15,4.5,3.3,6.3,4.2,3.1,3.4,337.83,5
6961,107,36-45,40,本科,5206.2,901.1,11.0,8.3,12,5.5,3.0,5.5,9.2,5.8,5.4,176.72,2
6962,154,36-45,40,硕士,15344.1,2346.6,15.9,9.3,33,4.3,2.6,2.8,9.7,8.8,5.7,198.95,2
6963,68,55+,60,硕士,10479.5,384.7,19.2,9.2,7,5.4,2.4,5.7,8.3,3.7,4.7,213.07,3
6964,20,26-35,30,高中及以下,4373.5,1465.6,32.2,8.2,64,4.6,3.7,5.3,6.6,6.3,4.7,642.68,6
6965,117,36-45,40,高中及以下,3052.4,244.4,7.8,9.4,23,7.7,4.2,3.4,7.6,6.7,4.5,46.12,0
6966,90,36-45,40,本科,6449.6,1193.4,16.6,9.6,44,5.9,3.8,4.5,7.7,5.5,4.5,163.54,2
6967,104,26-35,30,大专,3924.5,703.5,12.1,10.0,18,6.2,3.6,3.8,7.7,6.1,4.5,126.31,1
6968,167,26-35,30,硕士,16627.7,2956.2,34.6,6.2,55,4.7,3.3,5.7,7.4,4.2,4.5,989.1,8
6969,89,46-55,50,本科,9030.7,1293.3,24.1,7.7,18,5.0,3.4,3.9,9.6,4.3,4.6,247.96,3
6970,122,18-25,22,本科,9502.7,1657.3,25.9,7.5,42,4.3,5.1,8.0,5.7,5.5,4.8,603.53,6
6971,177,46-55,50,大专,5914.3,2599.3,24.9,8.2,19,3.7,3.1,6.5,5.1,7.1,4.9,634.94,6
6972,133,36-45,40,本科,8272.5,877.8,7.5,8.7,18,6.0,5.2,7.1,6.2,4.6,4.4,238.31,3
6973,152,18-25,22,硕士,9216.7,1088.0,13.3,10.0,9,7.1,2.7,2.9,8.3,4.7,4.2,75.19,0
6974,133,26-35,30,本科,9123.2,1254.9,22.4,8.4,51,7.4,3.5,2.1,8.5,5.5,4.1,238.31,3
6975,83,46-55,50,高中及以下,3605.6,828.9,20.2,9.2,13,5.5,3.6,6.9,7.6,5.8,5.3,88.39,0
6976,25,46-55,50,博士,18795.2,1170.9,15.3,5.9,51,4.9,1.7,4.4,8.9,5.4,5.1,165.82,2
6977,83,18-25,22,高中及以下,3200.1,1585.8,5.0,8.2,34,7.3,2.5,5.5,9.6,3.4,4.9,88.39,0
6978,125,55+,60,博士,24783.0,4496.1,40.5,6.5,48,4.9,5.0,9.7,3.5,6.1,4.8,1326.71,8
6979,3,26-35,30,高中及以下,4331.6,2038.4,31.6,7.6,31,4.6,3.8,5.4,8.9,3.3,4.5,680.64,7
6980,164,46-55,50,高中及以下,3339.2,1060.4,17.0,7.3,19,4.1,3.1,5.6,7.4,6.2,5.0,388.92,5
6981,178,46-55,50,硕士,10502.9,1026.3,17.6,9.3,5,6.0,3.0,3.1,9.0,8.8,5.5,113.9,1
6982,4,36-45,40,本科,6856.0,200.0,18.1,9.3,37,5.1,2.3,5.7,7.8,8.8,6.0,117.43,1
6983,118,26-35,30,硕士,10725.8,1339.6,26.7,8.0,25,5.4,5.2,4.8,8.1,7.5,5.1,465.37,6
6984,183,26-35,30,博士,17392.2,1209.7,16.6,5.7,51,5.6,1.0,5.6,5.6,6.9,5.0,240.44,3
6985,106,36-45,40,博士,19809.6,3903.3,39.0,6.4,53,3.5,5.6,4.6,5.0,4.6,3.3,978.66,8
6986,177,46-55,50,高中及以下,4485.8,1890.7,31.6,8.7,28,4.2,4.0,4.7,8.0,4.7,4.4,634.94,6
6987,47,55+,60,硕士,12098.4,1142.0,18.8,7.6,40,5.5,3.2,8.8,9.2,4.0,5.8,427.14,6
6988,18,55+,60,本科,8071.2,767.4,24.2,10.0,5,7.0,1.0,5.0,7.3,5.5,4.9,59.86,0
6989,171,26-35,30,本科,4917.1,1637.5,10.1,9.0,5,6.7,3.8,5.3,7.1,6.5,4.9,65.64,0
6990,106,36-45,40,硕士,9538.8,2813.5,31.7,7.5,54,5.4,5.3,6.9,5.3,6.6,4.6,978.66,8
6991,73,18-25,22,硕士,8679.4,2431.4,28.1,7.3,34,2.9,5.0,6.3,7.4,4.3,4.4,709.56,7
6992,117,55+,60,本科,7611.1,1048.6,9.3,9.5,33,6.7,1.0,4.7,8.2,5.3,5.1,46.12,0
6993,152,46-55,50,本科,7425.1,816.0,11.2,10.0,25,5.7,4.0,5.3,7.3,6.8,5.0,75.19,0
6994,107,18-25,22,高中及以下,3207.5,745.3,16.7,7.6,5,4.9,2.4,2.0,8.0,4.3,3.7,176.72,2
6995,75,26-35,30,高中及以下,2961.3,1266.8,24.7,8.3,14,5.8,2.5,5.8,8.2,7.7,5.8,337.61,5
6996,179,18-25,22,本科,11736.9,5542.2,59.1,6.4,77,2.3,6.2,8.5,3.9,5.6,4.3,1808.04,9
6997,125,55+,60,硕士,15640.7,3704.2,50.8,6.5,51,3.7,4.8,8.1,7.7,5.1,5.3,1326.71,8
6998,125,18-25,22,博士,23396.8,3194.3,38.7,7.0,44,2.7,5.2,7.9,7.2,4.5,4.9,1326.71,8
6999,124,55+,60,大专,6353.9,1177.3,19.2,10.0,31,6.4,3.8,4.1,9.0,6.1,4.9,266.9,4
7000,76,36-45,40,硕士,13343.9,1005.5,10.9,10.0,41,6.4,1.4,3.5,8.2,4.9,4.5,161.91,1
7001,185,36-45,40,大专,3889.9,1704.0,15.7,9.7,17,6.2,3.0,4.3,5.6,7.9,4.7,303.08,4
7002,185,26-35,30,本科,7153.3,1319.7,25.3,10.0,18,7.6,2.8,8.1,6.4,4.7,5.1,303.08,4
7003,145,36-45,40,高中及以下,2360.7,1722.0,18.1,8.9,32,6.9,3.6,7.2,9.3,6.6,6.1,324.35,4
7004,86,55+,60,本科,11115.5,1796.2,21.6,8.8,26,4.0,4.3,5.9,8.4,3.5,4.5,370.7,5
7005,65,46-55,50,硕士,13666.8,2164.8,22.5,10.0,54,5.0,3.6,7.4,5.4,5.4,4.7,576.08,6
7006,190,36-45,40,高中及以下,3871.0,959.0,8.5,7.9,14,4.0,2.9,5.0,9.1,6.2,5.4,94.96,0
7007,82,26-35,30,硕士,9740.6,2767.5,19.9,7.5,60,4.2,3.9,5.9,7.4,4.5,4.5,650.6,7
7008,73,36-45,40,本科,6279.1,2609.4,21.8,7.9,50,4.9,4.6,3.7,6.1,7.7,4.3,709.56,7
7009,183,55+,60,硕士,8990.3,938.7,10.0,8.8,20,4.7,3.4,4.3,9.3,6.6,5.3,240.44,3
7010,64,46-55,50,本科,5917.0,1386.5,17.7,7.4,5,3.9,1.7,6.9,7.0,5.2,5.2,334.46,4
7011,67,46-55,50,硕士,11503.8,2116.2,19.9,6.5,31,4.9,4.9,4.3,8.0,4.6,4.1,404.86,5
7012,88,55+,60,硕士,9695.0,951.5,13.1,7.7,23,6.8,1.8,4.5,7.6,5.3,4.7,87.38,0
7013,184,26-35,30,高中及以下,2398.8,214.6,9.6,8.0,24,5.1,3.3,5.7,8.4,6.1,5.3,118.69,1
7014,36,26-35,30,本科,6884.0,656.0,13.5,8.1,33,3.2,3.1,6.5,7.1,4.1,4.6,182.89,2
7015,125,55+,60,硕士,14398.0,3832.2,39.1,6.6,47,2.5,4.4,8.3,7.6,6.5,5.8,1326.71,8
7016,127,18-25,22,大专,4756.2,647.2,17.3,9.7,17,5.5,2.3,5.5,10.0,10.0,7.0,84.24,0
7017,151,18-25,22,大专,7298.9,484.9,13.6,9.6,38,3.8,1.4,6.0,5.9,3.6,4.2,209.86,3
7018,65,36-45,40,硕士,12331.5,1956.3,23.4,8.1,39,7.5,4.6,6.4,8.2,4.7,4.9,576.08,6
7019,68,18-25,22,本科,8950.4,1913.2,10.7,8.9,17,3.8,3.8,4.7,10.0,4.1,4.8,213.07,3
7020,58,26-35,30,硕士,7850.8,543.8,17.5,6.5,24,6.4,2.7,2.8,7.8,5.0,4.1,206.7,3
7021,108,26-35,30,本科,7249.2,1153.8,18.9,7.4,41,5.5,3.7,3.5,9.1,5.8,4.7,192.01,2
7022,98,46-55,50,本科,6271.9,1007.9,18.0,7.7,11,4.3,2.2,4.9,8.0,5.1,4.8,149.17,1
7023,128,46-55,50,大专,3966.8,1421.5,14.3,8.3,42,6.6,2.2,5.3,8.6,7.3,5.7,163.96,2
7024,148,26-35,30,大专,4890.6,409.8,15.9,8.8,57,5.9,2.7,6.4,7.5,4.9,5.0,250.12,4
7025,165,18-25,22,大专,4267.9,1544.4,15.2,9.6,17,4.7,2.7,6.7,8.5,5.1,5.4,224.25,3
7026,104,36-45,40,本科,6197.9,592.8,19.6,9.1,40,5.1,1.8,6.3,8.3,6.3,5.7,126.31,1
7027,125,26-35,30,硕士,13111.0,4004.2,44.2,6.4,67,3.5,5.2,6.1,5.8,6.4,4.5,1326.71,8
7028,54,18-25,22,本科,7882.6,1298.1,24.5,7.2,47,3.1,4.3,2.8,6.0,4.7,3.2,416.13,5
7029,142,26-35,30,本科,8869.6,200.0,8.2,9.4,47,6.8,2.9,6.5,8.4,6.3,5.6,29.74,0
7030,194,26-35,30,大专,4317.2,1114.3,12.6,8.5,58,5.9,2.3,4.1,9.5,5.7,5.2,176.48,2
7031,167,26-35,30,硕士,8008.6,3163.3,41.0,6.2,72,4.1,5.1,6.1,6.1,4.5,4.0,989.1,8
7032,82,26-35,30,本科,7883.1,2284.6,26.6,7.3,61,3.9,3.6,4.5,7.1,7.4,4.9,650.6,7
7033,108,18-25,22,高中及以下,3744.0,886.6,18.4,7.1,26,7.1,2.1,2.5,6.6,6.4,4.1,192.01,2
7034,30,46-55,50,高中及以下,3411.5,200.0,17.4,8.8,37,5.9,2.9,5.6,7.2,7.6,5.4,81.31,0
7035,109,36-45,40,博士,16781.5,1442.7,18.2,7.7,23,5.9,1.3,4.0,8.2,2.5,4.0,137.77,1
7036,106,26-35,30,本科,7624.1,3177.4,42.1,6.3,37,2.1,7.4,6.9,8.5,5.3,4.9,978.66,8
7037,96,36-45,40,高中及以下,2861.4,1214.0,7.5,8.5,40,5.4,2.9,3.6,9.3,4.8,4.6,199.56,2
7038,89,36-45,40,高中及以下,3707.9,1270.5,15.9,7.1,23,5.3,5.7,4.8,7.5,4.8,4.1,247.96,3
7039,2,36-45,40,高中及以下,2867.3,789.4,14.3,8.3,16,6.2,1.8,5.9,7.1,7.7,5.7,283.64,4
7040,22,36-45,40,本科,5420.7,1497.5,15.6,9.1,46,5.3,2.0,3.4,8.2,5.4,4.6,158.78,1
7041,53,36-45,40,高中及以下,4750.8,955.0,17.9,7.4,27,4.1,2.4,5.0,9.0,6.7,5.6,273.6,4
7042,85,18-25,22,本科,7518.9,200.0,9.0,8.4,19,5.4,2.7,4.5,9.5,5.4,5.2,89.86,0
7043,132,36-45,40,高中及以下,2972.3,1222.4,20.5,8.1,48,5.7,1.0,2.1,8.4,6.6,4.7,51.3,0
7044,22,46-55,50,大专,6091.6,1349.9,11.8,10.0,30,6.5,2.7,6.0,8.2,4.4,4.9,158.78,1
7045,161,46-55,50,本科,12593.9,985.9,15.3,9.1,48,4.9,1.5,5.8,6.2,4.8,4.6,326.06,4
7046,105,46-55,50,本科,9943.2,904.9,10.1,7.4,40,4.5,3.7,7.6,8.0,4.8,5.3,222.31,3
7047,24,36-45,40,本科,6020.9,550.4,26.0,9.9,33,7.4,3.5,3.8,6.3,2.5,3.1,86.11,0
7048,151,36-45,40,硕士,9225.6,1182.9,15.6,7.8,16,6.3,2.3,4.2,9.4,8.5,6.0,209.86,3
7049,0,46-55,50,高中及以下,4481.4,1328.4,13.8,9.4,30,6.3,1.0,5.9,8.0,10.0,6.7,243.89,3
7050,169,26-35,30,本科,6557.6,1000.3,10.9,9.9,18,3.7,2.7,6.1,6.5,5.2,4.7,69.84,0
7051,177,36-45,40,本科,6974.6,2059.7,9.2,5.3,50,5.1,3.4,8.6,7.3,7.1,6.1,634.94,6
7052,135,18-25,22,本科,7680.1,2443.5,27.3,8.4,60,4.9,2.5,6.2,7.0,6.7,5.3,699.2,7
7053,168,46-55,50,硕士,9434.5,426.7,5.0,8.3,15,4.4,1.3,5.6,8.0,6.9,5.7,116.12,1
7054,81,26-35,30,高中及以下,3112.3,591.0,25.5,7.3,5,6.6,2.9,2.9,7.3,6.8,4.4,212.11,3
7055,179,55+,60,本科,9033.4,4386.8,58.0,5.8,87,2.3,6.1,6.7,4.5,4.3,3.6,1808.04,9
7056,31,36-45,40,本科,10075.1,1470.7,24.3,7.1,52,3.8,5.9,10.0,6.6,6.4,5.7,946.03,7
7057,94,26-35,30,高中及以下,3552.0,805.9,5.2,9.1,5,5.7,2.9,3.2,8.3,5.0,4.3,100.27,0
7058,82,18-25,22,大专,7655.9,1983.6,29.8,9.8,50,6.7,3.6,8.9,6.5,7.6,6.1,650.6,7
7059,173,36-45,40,本科,6991.8,660.0,21.1,10.0,13,5.9,1.5,6.2,10.0,3.0,5.3,208.75,3
7060,6,26-35,30,大专,5632.6,2576.2,32.4,6.5,45,5.6,2.9,3.6,6.6,6.0,4.2,719.97,7
7061,106,26-35,30,大专,5314.4,2596.9,30.4,6.5,58,3.9,5.0,6.1,5.0,4.7,3.8,978.66,8
7062,118,55+,60,硕士,9331.0,2321.7,23.4,9.2,40,6.4,4.0,4.8,10.0,6.3,5.5,465.37,6
7063,125,26-35,30,大专,6420.1,3832.1,46.9,5.7,68,4.5,4.3,5.1,7.0,7.5,5.0,1326.71,8
7064,69,26-35,30,本科,6832.6,888.0,18.4,8.4,21,7.0,2.9,6.3,9.0,4.8,5.3,77.86,0
7065,185,36-45,40,高中及以下,2478.2,1283.3,20.5,9.1,24,5.1,1.6,5.4,7.1,5.2,4.8,303.08,4
7066,179,46-55,50,高中及以下,5426.8,4823.7,53.3,6.8,60,2.2,7.7,6.7,8.5,3.4,4.2,1808.04,9
7067,106,26-35,30,本科,11021.5,2866.1,37.7,6.9,23,2.0,5.5,5.9,6.3,5.5,4.3,978.66,8
7068,176,26-35,30,硕士,8889.0,211.8,11.7,9.3,27,4.4,3.4,3.9,7.0,7.2,4.7,150.36,1
7069,86,36-45,40,本科,9076.8,1403.7,24.4,7.9,22,3.5,4.2,5.7,9.9,3.9,5.0,370.7,5
7070,20,18-25,22,硕士,18358.3,2004.8,24.8,6.6,48,5.6,4.0,5.5,8.3,5.6,5.0,642.68,6
7071,40,36-45,40,大专,5589.9,1252.5,15.4,8.0,30,4.6,3.8,3.1,10.0,5.9,4.9,310.59,4
7072,159,46-55,50,高中及以下,2966.8,637.0,27.4,9.8,33,7.2,3.9,3.6,7.7,6.1,4.4,286.16,4
7073,64,36-45,40,硕士,10124.9,1707.4,14.5,9.4,32,5.7,1.0,4.5,10.0,5.9,5.7,334.46,4
7074,174,26-35,30,本科,6773.6,1108.4,16.0,8.1,34,5.9,2.8,2.7,7.5,4.5,3.8,195.72,2
7075,179,46-55,50,本科,9349.4,5077.4,55.5,5.7,56,1.6,7.2,9.5,4.8,3.2,4.0,1808.04,9
7076,53,18-25,22,博士,15570.8,564.4,22.8,10.0,37,6.7,3.4,5.0,8.7,5.6,5.0,273.6,4
7077,1,36-45,40,高中及以下,2998.7,719.6,6.2,9.5,22,7.1,3.4,3.5,5.5,6.5,3.9,129.25,1
7078,89,36-45,40,硕士,10943.0,1715.0,23.6,9.7,20,6.2,3.8,6.8,9.6,5.0,5.6,247.96,3
7079,1,55+,60,大专,4181.4,541.9,19.5,8.2,18,5.4,3.2,4.4,8.1,6.7,5.0,129.25,1
7080,59,46-55,50,大专,5019.0,1235.1,8.5,9.6,5,5.5,3.6,6.3,9.1,7.0,5.9,393.68,5
7081,113,26-35,30,本科,10379.7,5706.8,58.9,7.1,88,3.8,6.0,7.2,3.0,8.3,4.4,1742.79,9
7082,105,36-45,40,本科,8316.0,2808.4,17.1,9.2,22,6.2,3.5,5.7,7.2,6.6,5.1,222.31,3
7083,129,18-25,22,高中及以下,2979.5,823.0,19.8,7.0,5,6.7,2.1,2.6,7.1,7.7,4.7,89.7,0
7084,3,26-35,30,大专,5528.7,1739.6,24.6,6.2,51,5.6,4.6,6.0,7.7,7.9,5.5,680.64,7
7085,106,46-55,50,硕士,10688.7,3573.0,37.6,5.7,74,4.2,4.0,3.8,6.8,6.3,4.3,978.66,8
7086,91,46-55,50,高中及以下,4872.4,1186.7,25.4,8.1,35,6.6,3.5,8.1,7.7,4.8,5.4,390.98,5
7087,57,26-35,30,本科,5719.2,711.2,12.1,9.8,31,6.5,1.0,4.1,8.4,6.6,5.3,108.94,1
7088,141,36-45,40,大专,4114.2,1905.1,18.9,8.3,22,6.0,5.5,6.1,5.9,4.8,4.0,548.48,6
7089,72,36-45,40,硕士,11817.9,1551.5,12.7,10.0,15,6.1,3.1,7.5,4.3,5.9,4.6,143.19,1
7090,111,26-35,30,硕士,9980.1,940.8,11.2,9.6,9,6.5,2.2,5.0,8.4,6.4,5.3,144.53,1
7091,47,46-55,50,大专,5269.0,623.7,22.0,7.3,20,4.0,3.5,4.6,6.6,6.4,4.5,427.14,6
7092,41,26-35,30,大专,4904.4,2081.9,6.4,7.0,42,5.3,2.0,3.1,6.6,6.8,4.4,176.16,2
7093,120,26-35,30,大专,4904.4,1184.6,13.8,9.8,5,4.8,4.4,4.0,10.0,4.6,4.7,327.35,4
7094,20,36-45,40,硕士,12637.2,2381.4,24.8,8.4,41,5.3,4.5,4.3,5.4,8.2,4.5,642.68,6
7095,179,26-35,30,本科,9424.4,4748.9,45.4,6.3,87,3.5,6.1,6.8,5.6,4.9,4.1,1808.04,9
7096,191,46-55,50,本科,8291.4,286.2,16.7,7.6,54,6.1,4.3,4.6,8.6,6.8,5.1,349.46,5
7097,31,18-25,22,博士,16737.4,2429.1,32.8,9.8,44,3.0,6.2,6.2,7.6,5.5,4.6,946.03,7
7098,40,26-35,30,本科,11725.8,1451.8,24.0,7.6,37,3.8,2.8,4.7,6.5,7.2,4.9,310.59,4
7099,113,46-55,50,博士,19575.7,5407.5,49.9,5.0,67,3.5,6.5,10.0,4.7,5.7,4.9,1742.79,9
7100,65,46-55,50,大专,3834.5,1612.6,20.9,8.0,52,5.0,1.7,5.6,5.5,4.3,4.2,576.08,6
7101,61,36-45,40,博士,15187.8,1492.1,5.0,8.8,35,6.1,2.2,8.5,8.6,5.4,6.1,123.27,1
7102,140,46-55,50,大专,3041.1,978.2,10.5,10.0,40,3.7,2.4,6.3,6.5,5.8,5.0,186.32,2
7103,159,18-25,22,本科,9772.6,888.4,18.1,9.5,5,5.1,2.9,5.1,7.2,4.4,4.4,286.16,4
7104,109,36-45,40,大专,3675.1,599.8,10.4,9.6,29,6.2,1.4,3.4,8.6,3.4,4.2,137.77,1
7105,60,36-45,40,高中及以下,3260.0,873.5,5.0,7.2,31,6.7,2.3,5.3,8.9,5.1,5.2,91.91,0
7106,179,46-55,50,硕士,12843.8,5263.0,64.8,5.8,91,2.2,7.0,6.8,6.1,5.7,4.3,1808.04,9
7107,144,26-35,30,博士,18618.0,1126.1,5.0,9.6,31,6.7,3.9,3.0,5.8,4.7,3.3,192.46,2
7108,137,18-25,22,大专,5805.2,995.5,11.5,8.4,43,5.9,1.0,3.8,7.9,5.6,4.8,107.55,1
7109,127,26-35,30,高中及以下,3480.1,200.0,19.1,9.9,45,7.7,2.1,5.0,8.3,6.1,5.2,84.24,0
7110,178,36-45,40,硕士,14042.2,721.0,16.6,8.3,9,5.8,2.6,4.9,7.4,4.8,4.5,113.9,1
7111,41,55+,60,高中及以下,2533.1,1258.0,14.3,8.9,21,5.8,2.8,6.1,8.1,4.6,5.0,176.16,2
7112,125,26-35,30,大专,5214.5,3918.0,45.7,5.6,65,2.5,5.3,9.2,5.8,6.0,5.2,1326.71,8
7113,113,26-35,30,高中及以下,3016.2,4581.8,58.3,6.7,67,2.6,6.2,6.4,5.0,4.2,3.6,1742.79,9
7114,112,36-45,40,硕士,9907.4,435.0,15.2,6.9,40,5.5,1.0,4.9,8.2,7.7,5.8,157.63,1
7115,29,36-45,40,硕士,10206.6,200.0,7.6,9.2,46,7.8,2.8,4.9,8.1,6.9,5.3,110.86,1
7116,40,18-25,22,本科,6238.9,826.5,9.3,9.3,31,7.6,4.3,4.8,6.4,3.3,3.5,310.59,4
7117,115,26-35,30,高中及以下,2135.1,652.8,6.6,7.5,16,4.7,2.5,7.0,3.9,7.8,5.0,200.65,2
7118,63,55+,60,博士,16537.1,200.0,18.2,10.0,32,5.7,1.5,6.3,4.5,3.2,3.8,44.87,0
7119,184,26-35,30,本科,6770.5,523.7,14.1,8.4,5,5.7,3.5,5.3,3.9,5.1,3.6,118.69,1
7120,47,46-55,50,大专,5744.5,652.6,19.4,8.0,26,4.4,4.2,6.2,9.9,5.4,5.5,427.14,6
7121,118,26-35,30,高中及以下,4311.6,1440.3,23.7,7.2,40,5.4,3.0,6.1,7.2,5.9,5.1,465.37,6
7122,91,46-55,50,本科,9877.4,622.1,14.0,8.8,28,6.1,5.0,6.8,5.6,6.3,4.6,390.98,5
7123,118,36-45,40,本科,11106.1,2240.6,17.7,10.0,26,4.3,4.8,7.9,6.6,5.4,5.0,465.37,6
7124,107,36-45,40,硕士,11477.4,712.2,14.1,8.3,37,5.3,4.0,6.7,7.0,2.7,4.1,176.72,2
7125,59,26-35,30,大专,3570.3,1618.0,22.1,7.8,45,6.2,4.0,5.6,7.4,7.3,5.2,393.68,5
7126,185,18-25,22,高中及以下,2756.5,1283.2,12.4,8.8,15,6.4,2.1,6.3,5.3,6.0,4.7,303.08,4
7127,30,46-55,50,大专,3578.6,364.2,17.6,7.9,29,5.2,3.0,4.3,7.1,4.9,4.2,81.31,0
7128,21,55+,60,本科,4672.1,1498.6,22.5,7.8,30,6.2,3.1,4.9,5.0,6.2,4.2,118.42,1
7129,185,36-45,40,本科,9688.5,1012.8,18.3,9.1,27,5.5,1.4,7.8,7.8,3.5,5.3,303.08,4
7130,93,55+,60,硕士,10266.6,1036.6,14.5,8.8,5,6.1,1.7,3.2,8.2,3.7,4.1,106.95,0
7131,99,18-25,22,博士,13414.9,946.5,5.6,8.4,31,6.7,3.1,4.3,10.0,8.3,6.0,117.38,1
7132,55,46-55,50,高中及以下,3030.8,1766.3,19.7,7.8,51,5.0,4.3,7.2,7.8,7.4,5.8,376.64,5
7133,113,36-45,40,大专,5969.5,5177.6,56.6,7.8,68,0.5,6.0,9.2,1.6,7.9,4.5,1742.79,9
7134,54,36-45,40,硕士,17731.7,1855.5,11.8,9.4,19,5.0,3.9,4.0,7.1,7.8,4.8,416.13,5
7135,185,26-35,30,硕士,8253.2,1330.2,23.7,8.2,23,4.6,4.3,3.9,6.9,1.9,3.0,303.08,4
7136,20,46-55,50,本科,6798.5,1633.9,20.9,7.3,40,4.3,4.2,4.8,9.5,4.8,4.9,642.68,6
7137,77,36-45,40,高中及以下,3049.0,697.6,11.7,7.7,40,6.2,3.2,7.2,8.3,5.0,5.4,110.06,1
7138,113,46-55,50,大专,7577.2,4080.1,43.8,7.0,71,1.8,5.5,6.5,5.5,8.8,5.2,1742.79,9
7139,175,36-45,40,本科,7479.5,1857.1,22.6,8.3,29,7.3,2.2,4.0,4.6,6.6,4.0,339.4,5
7140,5,36-45,40,本科,7088.8,765.1,15.6,8.9,27,4.0,2.8,4.2,8.3,7.3,5.3,117.43,1
7141,118,26-35,30,高中及以下,3933.4,1547.3,23.9,7.2,14,5.2,3.7,3.6,6.3,7.7,4.5,465.37,6
7142,31,46-55,50,硕士,14922.2,3531.5,29.5,9.4,58,5.1,3.8,4.9,5.7,4.8,3.9,946.03,7
7143,20,26-35,30,高中及以下,3726.8,2362.1,25.0,8.7,58,5.5,5.6,6.5,4.8,5.3,3.9,642.68,6
7144,183,55+,60,本科,6364.9,312.6,19.4,9.0,35,6.0,4.0,6.5,8.9,6.5,5.7,240.44,3
7145,3,26-35,30,博士,23747.1,2336.0,29.3,8.0,41,5.8,3.5,7.0,6.0,6.4,5.0,680.64,7
7146,64,26-35,30,高中及以下,3597.9,1630.6,13.7,7.7,17,3.4,3.5,6.1,8.9,5.1,5.2,334.46,4
7147,181,46-55,50,高中及以下,3290.4,1074.3,16.5,5.6,15,5.6,3.2,4.6,7.0,4.7,4.2,62.98,0
7148,82,18-25,22,高中及以下,3964.6,2877.1,34.7,8.0,38,6.0,5.6,4.0,8.7,6.8,4.8,650.6,7
7149,81,26-35,30,本科,8541.8,1385.2,12.5,9.9,45,6.3,1.5,4.8,8.5,7.4,5.7,212.11,3
7150,71,18-25,22,本科,10907.6,1621.1,16.3,7.3,61,5.7,4.1,4.9,5.5,6.9,4.4,690.93,7
7151,59,18-25,22,本科,8007.8,1038.1,12.3,8.1,36,7.1,3.0,5.5,7.0,5.7,4.8,393.68,5
7152,45,36-45,40,高中及以下,2867.9,329.1,8.1,9.3,23,6.1,2.1,6.2,9.7,6.4,6.1,72.25,0
7153,56,36-45,40,本科,7188.3,1197.0,5.0,8.7,26,6.6,1.0,7.3,9.6,5.9,6.4,64.12,0
7154,4,55+,60,高中及以下,2415.0,200.0,19.4,7.3,19,5.7,3.2,4.8,6.8,3.6,3.9,117.43,1
7155,76,46-55,50,硕士,11453.6,944.6,18.0,8.2,28,4.7,3.5,7.2,9.7,9.0,6.9,161.91,1
7156,6,46-55,50,本科,7889.9,2635.9,33.0,6.7,15,5.3,4.1,8.7,4.9,5.5,4.9,719.97,7
7157,125,36-45,40,高中及以下,4324.1,4481.9,47.5,6.6,72,4.1,3.3,6.0,7.3,5.6,4.9,1326.71,8
7158,162,26-35,30,本科,5984.7,1232.9,30.9,8.2,38,5.3,4.5,4.9,7.8,3.9,4.1,472.76,6
7159,34,36-45,40,硕士,8532.4,973.3,15.3,8.4,33,3.2,3.4,5.6,7.9,2.4,4.1,337.83,5
7160,164,55+,60,博士,21721.4,1964.6,17.2,8.1,26,6.3,2.9,4.9,6.5,4.1,4.0,388.92,5
7161,7,36-45,40,大专,4507.8,1212.0,23.0,8.3,25,5.5,2.8,5.0,7.6,7.3,5.3,319.72,4
7162,93,55+,60,本科,9185.2,521.7,9.1,8.8,39,7.3,3.6,6.0,7.0,5.4,4.7,106.95,0
7163,168,46-55,50,大专,4687.1,593.5,14.3,7.7,8,5.0,2.8,5.6,6.2,4.6,4.3,116.12,1
7164,145,26-35,30,博士,21121.9,1116.6,14.1,8.2,26,6.9,4.3,5.2,5.5,3.7,3.5,324.35,4
7165,86,55+,60,大专,5026.7,1200.9,15.5,8.6,27,3.8,2.2,5.7,9.0,6.0,5.6,370.7,5
7166,147,46-55,50,高中及以下,3337.9,200.0,5.0,9.5,11,6.0,4.6,6.3,8.0,7.0,5.4,39.63,0
7167,20,26-35,30,高中及以下,3903.0,1712.0,26.2,8.1,42,5.3,5.0,5.9,4.1,5.6,3.7,642.68,6
7168,46,26-35,30,博士,11838.0,983.7,13.0,8.7,10,7.3,3.4,5.0,10.0,4.6,5.1,93.63,0
7169,156,36-45,40,高中及以下,2750.6,2813.0,37.0,6.5,45,4.0,6.5,7.5,5.9,2.1,3.5,958.89,8
7170,107,26-35,30,高中及以下,3484.6,1020.7,10.7,8.0,27,4.0,4.6,4.1,6.6,3.6,3.4,176.72,2
7171,73,55+,60,本科,7017.8,1540.9,33.8,7.0,21,1.1,5.2,7.8,5.4,5.2,4.5,709.56,7
7172,19,36-45,40,高中及以下,2983.1,408.7,15.1,8.8,5,5.6,1.4,3.5,8.8,7.0,5.3,36.15,0
7173,86,18-25,22,高中及以下,2901.1,777.6,20.6,9.6,32,5.8,3.8,5.6,5.7,5.8,4.3,370.7,5
7174,71,36-45,40,博士,17105.9,2132.6,26.5,8.1,66,5.7,3.7,6.6,8.2,6.7,5.6,690.93,7
7175,31,46-55,50,大专,7125.7,2957.6,37.7,6.1,24,3.9,5.4,5.8,7.9,6.5,5.0,946.03,7
7176,113,36-45,40,博士,20056.6,4689.0,57.6,5.0,68,2.6,6.1,5.9,8.3,5.2,4.7,1742.79,9
7177,32,36-45,40,高中及以下,3090.4,359.9,7.8,8.7,38,6.4,3.7,3.2,9.3,3.9,4.2,146.42,1
7178,178,46-55,50,硕士,5740.5,200.0,10.6,9.2,5,5.7,3.3,4.6,7.2,4.8,4.3,113.9,1
7179,197,36-45,40,本科,7108.4,1122.9,22.8,8.8,6,5.2,3.0,5.6,3.8,5.9,3.9,173.08,2
7180,34,36-45,40,高中及以下,3347.6,1087.1,22.9,10.0,40,6.4,2.8,5.5,5.1,4.0,3.8,337.83,5
7181,31,18-25,22,博士,18779.6,2470.1,36.2,6.9,38,3.9,5.2,6.2,7.7,2.5,3.9,946.03,7
7182,107,36-45,40,大专,5831.1,390.8,9.8,8.6,5,5.9,2.7,6.2,7.1,3.9,4.5,176.72,2
7183,192,26-35,30,本科,9874.3,1039.1,15.2,10.0,34,3.3,1.7,4.0,7.5,6.0,4.8,183.85,2
7184,101,46-55,50,高中及以下,3387.9,627.3,12.3,8.6,40,7.8,2.8,6.5,6.7,6.2,5.1,97.45,0
7185,89,26-35,30,博士,17965.1,759.5,18.8,8.6,50,5.3,3.1,5.6,7.4,3.7,4.3,247.96,3
7186,186,26-35,30,本科,7292.0,1295.4,19.9,8.0,18,4.4,2.0,5.6,5.7,5.1,4.4,238.23,3
7187,104,18-25,22,高中及以下,3108.0,200.0,9.0,8.5,16,5.2,4.0,4.8,8.5,6.6,5.1,126.31,1
7188,163,26-35,30,硕士,10616.2,1166.5,22.6,8.7,11,7.2,3.9,3.2,8.1,6.0,4.4,65.32,0
7189,97,46-55,50,博士,12408.6,1321.3,14.7,9.1,34,5.3,3.8,6.2,7.5,5.4,4.9,192.68,2
7190,144,36-45,40,本科,9244.7,1588.8,13.4,9.6,19,5.4,2.9,2.1,7.4,5.9,4.0,192.46,2
7191,179,36-45,40,本科,9508.2,4930.6,65.4,6.6,65,2.2,6.7,7.3,1.8,5.6,3.2,1808.04,9
7192,134,26-35,30,硕士,7961.3,444.0,10.5,9.2,15,5.2,2.3,7.2,9.7,4.4,5.8,59.18,0
7193,191,26-35,30,硕士,12158.5,1277.3,18.6,7.9,55,4.8,3.8,4.5,8.7,5.8,4.9,349.46,5
7194,153,26-35,30,高中及以下,2415.7,913.5,12.3,9.0,39,6.4,2.5,5.6,7.9,2.7,4.3,187.21,2
7195,9,18-25,22,硕士,9148.1,1114.4,16.0,8.5,27,4.7,2.7,4.2,10.0,4.9,5.1,255.33,4
7196,6,36-45,40,高中及以下,3537.7,1700.2,30.1,7.3,37,3.9,3.3,4.5,8.2,6.4,5.0,719.97,7
7197,31,26-35,30,大专,5524.9,2296.2,27.6,8.3,38,4.3,6.2,6.0,6.3,6.2,4.4,946.03,7
7198,31,36-45,40,本科,8988.6,2214.9,37.6,5.6,66,4.7,4.4,7.7,6.6,9.2,6.1,946.03,7
7199,3,36-45,40,高中及以下,3264.4,2396.0,23.6,8.6,26,3.7,4.8,4.7,4.2,5.6,3.5,680.64,7
7200,82,26-35,30,高中及以下,4452.6,1838.9,32.5,8.4,52,3.5,2.9,1.9,7.4,5.0,3.7,650.6,7
7201,197,36-45,40,高中及以下,3402.3,1085.9,14.6,7.6,21,4.6,3.4,4.6,6.6,4.9,4.1,173.08,2
7202,122,55+,60,大专,4318.6,1786.2,30.3,7.0,28,3.1,4.7,4.5,6.0,4.6,3.6,603.53,6
7203,154,55+,60,硕士,7578.0,442.9,12.6,10.0,11,5.9,1.0,5.0,8.2,6.5,5.5,198.95,2
7204,104,26-35,30,本科,5914.1,789.9,6.8,8.1,33,6.3,1.0,4.6,4.7,4.7,3.9,126.31,1
7205,40,46-55,50,硕士,9381.2,1566.9,15.4,8.5,24,4.5,2.8,4.7,6.4,7.7,5.0,310.59,4
7206,76,18-25,22,本科,5226.7,581.6,14.5,8.8,36,6.0,1.1,7.9,5.9,6.9,5.8,161.91,1
7207,54,26-35,30,博士,14498.1,866.1,14.8,8.6,30,5.3,4.7,6.7,8.8,5.2,5.2,416.13,5
7208,118,26-35,30,高中及以下,3342.1,541.1,21.3,8.0,25,4.6,3.9,7.5,7.8,6.1,5.6,465.37,6
7209,106,26-35,30,本科,7414.2,3066.8,38.1,6.8,21,2.5,3.8,5.5,7.8,7.3,5.3,978.66,8
7210,172,26-35,30,硕士,11291.5,1120.3,7.5,8.3,43,5.7,4.0,7.4,10.0,6.2,6.2,137.4,1
7211,51,26-35,30,高中及以下,2744.6,200.0,5.0,9.1,39,5.2,3.1,3.5,9.9,4.7,4.7,100.98,0
7212,120,46-55,50,高中及以下,3489.1,1673.6,20.3,7.3,46,5.1,3.0,3.1,7.5,4.2,3.8,327.35,4
7213,3,26-35,30,大专,5389.1,1943.4,23.6,8.8,28,4.4,4.3,4.8,6.3,6.0,4.3,680.64,7
7214,163,46-55,50,本科,7857.9,430.2,13.9,9.2,12,5.7,1.1,5.5,10.0,6.6,6.2,65.32,0
7215,118,46-55,50,硕士,10274.7,1711.4,20.6,9.1,38,5.9,3.4,9.3,9.3,4.1,6.0,465.37,6
7216,9,26-35,30,大专,3570.8,1209.9,9.7,8.9,18,4.5,1.0,3.9,7.8,5.7,4.8,255.33,4
7217,166,46-55,50,本科,8817.6,1626.6,28.5,8.4,44,5.5,1.9,5.7,7.8,4.1,4.8,337.67,5
7218,9,46-55,50,本科,8206.4,1488.8,14.8,8.4,5,6.1,4.3,6.7,6.7,5.5,4.8,255.33,4
7219,96,36-45,40,本科,9046.9,1569.1,13.4,8.3,28,4.5,4.8,5.8,5.5,1.8,3.1,199.56,2
7220,175,26-35,30,本科,6547.5,1302.3,15.2,9.6,55,5.0,3.5,3.1,7.8,7.3,4.7,339.4,5
7221,7,36-45,40,大专,4225.8,2487.5,12.5,8.7,20,6.3,2.9,5.2,7.9,2.2,4.0,319.72,4
7222,59,18-25,22,硕士,12604.4,1703.0,20.5,8.3,5,4.3,3.4,5.2,9.0,5.0,5.0,393.68,5
7223,71,18-25,22,高中及以下,2475.6,1997.3,27.0,7.1,32,2.6,3.7,6.9,4.9,5.7,4.5,690.93,7
7224,118,36-45,40,硕士,12386.8,316.7,9.1,7.6,24,4.8,2.9,5.2,7.8,4.3,4.5,465.37,6
7225,109,55+,60,本科,6608.9,265.7,10.7,9.0,38,3.8,3.1,2.8,9.7,7.2,5.2,137.77,1
7226,168,18-25,22,大专,4636.0,714.7,11.5,9.3,30,5.0,3.7,5.4,10.0,7.9,6.1,116.12,1
7227,179,26-35,30,本科,9590.2,5485.5,49.1,6.4,97,2.5,5.6,5.0,4.5,7.7,4.1,1808.04,9
7228,75,36-45,40,本科,6508.2,984.7,29.4,8.7,38,6.2,4.6,6.3,9.4,7.9,6.1,337.61,5
7229,179,36-45,40,高中及以下,4675.0,4001.3,62.7,6.4,72,3.2,7.2,8.3,5.0,5.4,4.3,1808.04,9
7230,86,46-55,50,本科,8472.0,1494.2,19.8,9.5,27,5.3,3.3,4.6,7.4,3.4,3.9,370.7,5
7231,161,26-35,30,本科,6968.6,931.3,28.4,9.4,22,4.0,4.3,7.2,7.6,4.4,4.9,326.06,4
7232,122,18-25,22,本科,8221.2,2574.1,24.2,9.1,35,5.4,2.0,4.8,7.5,5.2,4.7,603.53,6
7233,166,46-55,50,大专,4422.6,372.3,19.4,7.3,31,4.8,2.3,1.4,6.6,7.9,4.2,337.67,5
7234,125,46-55,50,大专,6341.1,3513.9,48.2,7.2,62,4.3,6.2,8.0,7.2,4.8,4.8,1326.71,8
7235,162,26-35,30,硕士,13868.1,2126.9,23.8,7.6,54,4.1,2.7,5.9,8.3,6.9,5.6,472.76,6
7236,122,55+,60,高中及以下,3498.4,1871.8,28.5,8.6,36,7.0,3.1,2.8,7.5,7.6,4.7,603.53,6
7237,27,36-45,40,博士,16130.0,907.8,20.7,9.8,39,5.6,3.7,7.0,9.3,5.9,5.8,216.09,3
7238,162,36-45,40,博士,16558.9,1960.2,20.1,7.2,48,5.4,3.5,6.1,6.5,7.4,5.2,472.76,6
7239,141,36-45,40,本科,8595.6,2228.4,19.6,6.7,49,5.8,4.7,5.5,8.4,5.8,5.0,548.48,6
7240,159,26-35,30,硕士,6885.6,1242.2,23.8,9.0,31,7.3,2.7,7.3,8.0,7.1,6.0,286.16,4
7241,20,26-35,30,本科,8383.6,1654.2,21.8,8.1,28,3.8,3.2,8.9,7.1,5.9,5.8,642.68,6
7242,141,55+,60,高中及以下,3700.9,3004.0,19.2,10.0,25,5.5,3.9,5.0,8.8,6.0,5.1,548.48,6
7243,159,36-45,40,硕士,9098.3,1737.6,13.0,8.3,37,5.5,3.4,6.0,7.8,5.5,5.0,286.16,4
7244,82,55+,60,硕士,15692.4,2469.9,22.8,7.0,51,5.1,4.4,7.3,5.7,2.6,3.8,650.6,7
7245,185,26-35,30,高中及以下,2517.0,1608.9,17.7,8.7,16,4.5,5.5,5.5,10.0,4.4,4.9,303.08,4
7246,140,55+,60,本科,7675.8,539.9,16.1,8.7,27,6.1,4.4,5.2,6.6,3.9,3.9,186.32,2
7247,8,36-45,40,硕士,12269.0,348.6,12.7,6.8,39,5.3,2.9,5.2,6.4,6.8,4.8,92.81,0
7248,137,46-55,50,本科,9706.5,1014.6,5.0,9.0,25,7.0,3.9,4.8,8.3,4.9,4.6,107.55,1
7249,2,18-25,22,硕士,9583.5,829.7,24.1,6.2,13,3.3,3.2,3.7,5.7,4.6,3.5,283.64,4
7250,38,46-55,50,硕士,13378.0,1028.9,7.2,9.1,27,6.6,3.6,3.4,8.2,8.9,5.3,39.32,0
7251,84,18-25,22,硕士,11770.8,200.0,11.2,10.0,10,7.0,3.6,6.3,8.8,1.2,4.1,66.12,0
7252,73,18-25,22,高中及以下,2712.6,2377.3,32.8,6.7,44,4.0,3.4,6.3,6.9,5.2,4.8,709.56,7
7253,149,26-35,30,本科,12263.0,675.2,20.0,8.1,23,6.3,3.2,4.2,7.9,4.6,4.3,199.73,2
7254,68,26-35,30,本科,7903.3,1097.0,17.7,9.7,19,5.3,1.5,4.0,9.3,9.0,6.2,213.07,3
7255,160,26-35,30,大专,4010.5,200.0,5.0,9.6,18,6.9,2.4,3.4,9.0,6.1,4.9,56.0,0
7256,65,46-55,50,大专,4342.0,1559.0,25.4,8.3,33,3.5,3.6,3.5,8.3,6.4,4.7,576.08,6
7257,118,26-35,30,硕士,13791.6,1766.6,22.3,9.2,11,7.3,3.2,7.2,5.5,6.5,5.0,465.37,6
7258,128,46-55,50,本科,7668.3,1455.0,16.7,7.4,14,5.9,3.7,4.0,8.1,4.2,4.1,163.96,2
7259,181,18-25,22,博士,9886.5,200.0,22.1,8.6,5,7.0,5.1,7.0,8.6,2.1,4.3,62.98,0
7260,3,26-35,30,大专,4927.7,2479.9,36.3,7.3,38,4.5,4.6,6.6,6.4,7.5,5.2,680.64,7
7261,71,26-35,30,高中及以下,3536.6,1743.4,33.2,7.8,41,3.9,5.1,4.2,6.4,5.6,3.9,690.93,7
7262,48,26-35,30,大专,5667.4,442.1,8.5,10.0,20,5.7,3.4,5.7,8.6,5.7,5.2,209.27,3
7263,141,55+,60,本科,5451.3,1595.0,15.7,7.3,5,3.3,3.6,5.7,9.4,6.5,5.7,548.48,6
7264,106,46-55,50,高中及以下,3688.1,3313.0,32.1,5.5,52,5.6,5.2,5.0,8.4,6.0,4.8,978.66,8
7265,113,36-45,40,硕士,8823.2,3749.4,50.4,6.9,84,3.6,6.8,7.9,6.5,6.8,5.1,1742.79,9
7266,17,26-35,30,高中及以下,3567.8,1940.2,18.6,7.6,31,6.1,2.5,3.6,5.9,6.8,4.3,203.21,3
7267,119,36-45,40,硕士,8638.2,1084.4,21.3,6.7,19,5.3,3.0,3.8,6.1,5.3,3.9,314.8,4
7268,68,26-35,30,本科,8395.0,1843.9,15.6,9.1,15,4.3,3.0,4.5,6.6,6.1,4.5,213.07,3
7269,159,18-25,22,本科,7644.5,247.8,17.9,9.2,31,6.3,1.7,5.0,9.0,4.8,5.1,286.16,4
7270,80,36-45,40,本科,6910.5,839.7,12.3,9.4,21,6.4,2.4,4.6,7.3,6.3,4.9,119.14,1
7271,6,46-55,50,高中及以下,3897.7,2258.9,29.4,8.2,40,5.1,3.4,7.2,5.9,4.9,4.7,719.97,7
7272,9,26-35,30,本科,6974.1,1089.5,21.4,8.9,5,6.4,3.2,3.2,7.2,4.9,3.9,255.33,4
7273,70,26-35,30,高中及以下,4709.4,824.4,10.9,9.8,11,6.9,3.5,5.4,10.0,4.3,5.1,213.02,3
7274,73,46-55,50,博士,17259.9,2936.2,23.2,7.8,58,4.1,3.2,5.3,8.2,8.1,5.7,709.56,7
7275,141,18-25,22,硕士,14008.3,1436.2,23.2,7.7,44,6.8,2.6,7.2,7.7,5.3,5.4,548.48,6
7276,67,55+,60,高中及以下,2668.8,1741.0,14.9,8.9,31,5.2,2.8,5.3,8.3,6.5,5.3,404.86,5
7277,157,18-25,22,高中及以下,3389.6,553.6,15.9,8.3,34,6.1,3.5,5.5,6.7,7.6,5.2,238.37,3
7278,118,36-45,40,硕士,8949.0,854.7,21.6,8.1,53,4.8,5.0,4.5,4.3,5.9,3.5,465.37,6
7279,70,36-45,40,高中及以下,2875.3,1619.4,17.8,7.7,50,5.8,3.0,4.0,8.0,4.7,4.3,213.02,3
7280,59,36-45,40,高中及以下,2773.3,2019.4,16.3,8.1,53,6.2,4.6,6.9,8.4,3.4,4.7,393.68,5
7281,72,46-55,50,本科,10072.9,436.4,14.1,7.0,39,6.0,3.2,3.9,7.2,3.9,3.8,143.19,1
7282,71,36-45,40,本科,7454.3,1951.7,31.4,8.4,51,5.2,4.3,4.9,8.8,3.8,4.4,690.93,7
7283,122,55+,60,本科,9405.4,2097.2,24.0,7.5,22,6.0,3.6,4.5,5.0,5.8,3.9,603.53,6
7284,161,18-25,22,高中及以下,2324.0,2199.0,21.9,7.3,45,6.2,3.5,6.0,8.1,4.9,4.9,326.06,4
7285,54,26-35,30,大专,4982.0,871.4,11.7,7.1,47,3.9,3.1,7.6,8.7,4.2,5.4,416.13,5
7286,161,36-45,40,本科,8181.6,1228.3,18.0,7.7,55,6.2,1.9,6.9,7.9,5.4,5.5,326.06,4
7287,6,36-45,40,大专,5337.4,3326.8,18.9,9.1,41,3.6,4.9,5.4,8.2,7.1,5.2,719.97,7
7288,71,18-25,22,高中及以下,2434.9,1232.2,22.6,8.8,56,3.4,2.0,6.6,9.1,7.1,6.2,690.93,7
7289,75,46-55,50,硕士,11261.1,544.1,20.7,10.0,27,5.1,3.1,4.0,5.4,5.4,3.8,337.61,5
7290,6,18-25,22,高中及以下,3498.2,2263.1,32.8,7.2,45,6.2,4.8,2.6,8.9,4.8,4.0,719.97,7
7291,114,18-25,22,硕士,11754.6,660.6,15.9,8.3,31,8.1,3.6,5.9,5.2,6.9,4.6,122.44,1
7292,7,36-45,40,高中及以下,2799.5,680.9,15.5,8.3,33,3.6,4.0,5.9,8.0,5.5,5.0,319.72,4
7293,135,26-35,30,硕士,17905.7,2076.7,29.7,8.1,53,4.4,4.2,7.4,5.6,6.9,5.1,699.2,7
7294,135,55+,60,硕士,13392.8,2172.4,22.1,7.6,31,4.5,2.7,6.8,6.6,6.4,5.3,699.2,7
7295,41,36-45,40,大专,4144.8,1248.6,12.8,7.8,26,6.3,3.1,5.4,8.5,3.1,4.4,176.16,2
7296,17,46-55,50,本科,6479.4,463.6,14.2,7.3,38,5.9,1.0,6.1,7.8,5.9,5.5,203.21,3
7297,20,55+,60,博士,19789.7,2823.9,26.6,8.0,61,5.2,3.5,6.3,6.2,6.1,4.8,642.68,6
7298,64,18-25,22,大专,5035.8,1131.9,19.4,9.7,41,4.6,3.5,4.5,7.7,4.9,4.4,334.46,4
7299,161,36-45,40,高中及以下,3286.7,546.2,19.6,8.6,46,4.7,4.0,4.4,8.7,4.6,4.5,326.06,4
7300,122,36-45,40,高中及以下,2164.5,1543.9,21.9,7.8,21,4.0,4.8,5.7,6.5,5.0,4.2,603.53,6
7301,123,46-55,50,高中及以下,2330.7,1368.7,11.2,7.2,12,7.0,1.0,3.7,8.4,5.4,4.9,36.53,0
7302,109,36-45,40,本科,7875.1,791.8,14.4,8.4,18,5.8,2.9,5.5,8.5,5.4,5.1,137.77,1
7303,125,46-55,50,本科,14181.2,3633.7,38.5,7.4,34,1.5,6.8,7.1,5.3,3.4,3.5,1326.71,8
7304,185,26-35,30,大专,5532.4,1618.2,12.1,9.0,27,6.5,6.2,3.0,6.8,7.3,4.0,303.08,4
7305,173,18-25,22,高中及以下,2511.6,257.6,22.0,8.4,40,4.9,4.4,5.0,8.0,3.1,4.0,208.75,3
7306,6,46-55,50,本科,6297.2,2767.4,35.9,7.7,11,4.4,4.3,4.9,8.8,5.7,4.9,719.97,7
7307,82,18-25,22,大专,7224.1,1962.1,30.7,5.4,41,4.8,4.8,6.1,6.7,7.5,5.1,650.6,7
7308,157,26-35,30,硕士,12980.3,1711.0,5.0,9.5,22,5.3,2.5,3.3,9.0,6.3,5.0,238.37,3
7309,191,46-55,50,大专,4153.0,355.2,14.3,7.3,34,5.5,3.4,3.6,7.5,6.7,4.6,349.46,5
7310,43,55+,60,硕士,11342.7,1357.9,22.4,8.3,38,7.4,2.2,6.1,6.8,6.6,5.3,109.83,1
7311,125,36-45,40,高中及以下,3093.7,3620.4,47.8,6.6,61,2.9,5.7,6.2,4.4,5.0,3.6,1326.71,8
7312,179,46-55,50,本科,10714.5,5319.5,55.2,4.9,70,2.7,6.2,8.3,6.2,4.9,4.7,1808.04,9
7313,82,18-25,22,高中及以下,3166.7,2354.7,24.7,9.1,54,7.2,3.2,4.4,8.4,6.7,5.1,650.6,7
7314,82,46-55,50,大专,5527.0,1771.8,24.1,8.4,31,5.0,2.2,7.4,8.3,3.8,5.3,650.6,7
7315,21,26-35,30,大专,4731.7,725.8,9.2,9.1,11,6.4,2.1,3.5,8.3,2.0,3.6,118.42,1
7316,73,18-25,22,高中及以下,3430.1,2918.3,25.5,7.3,30,4.2,3.7,6.4,3.4,3.8,3.4,709.56,7
7317,180,26-35,30,本科,7835.6,1478.5,23.5,9.8,45,5.1,3.4,6.4,8.0,6.3,5.4,277.46,4
7318,165,36-45,40,硕士,12236.9,1002.5,18.2,6.9,54,4.0,3.1,5.4,9.2,5.8,5.4,224.25,3
7319,55,46-55,50,硕士,12545.1,1307.3,15.9,7.4,49,4.3,4.4,7.3,7.6,3.5,4.6,376.64,5
7320,187,26-35,30,高中及以下,3279.1,785.4,10.5,8.4,26,5.4,3.8,6.2,8.8,5.2,5.2,137.99,1
7321,22,26-35,30,硕士,8333.7,1024.0,9.1,10.0,19,7.1,3.8,5.2,9.2,6.3,5.4,158.78,1
7322,197,46-55,50,大专,3980.9,347.1,20.0,8.4,65,4.8,2.1,3.8,7.9,6.8,5.0,173.08,2
7323,106,36-45,40,本科,11194.6,3065.9,45.6,6.8,44,4.1,4.9,5.8,6.3,4.7,4.1,978.66,8
7324,55,36-45,40,博士,15299.4,1409.2,21.0,8.3,26,5.0,2.8,5.9,6.5,5.2,4.6,376.64,5
7325,47,18-25,22,高中及以下,4102.6,1749.0,22.8,9.1,25,5.7,2.8,4.5,6.8,7.0,4.8,427.14,6
7326,152,46-55,50,高中及以下,2791.8,653.6,9.0,7.8,28,4.6,2.0,3.8,8.5,5.7,4.9,75.19,0
7327,125,26-35,30,硕士,10635.0,3541.6,33.8,6.1,62,3.6,4.5,9.6,5.0,5.2,5.0,1326.71,8
7328,190,46-55,50,高中及以下,3695.2,649.2,11.0,9.9,39,5.5,3.6,5.7,9.9,6.6,5.8,94.96,0
7329,180,46-55,50,大专,6349.0,2004.1,12.8,8.8,47,4.7,4.0,4.9,6.5,6.8,4.6,277.46,4
7330,167,18-25,22,本科,9843.4,2930.7,37.2,8.1,59,2.9,2.9,3.9,4.8,4.2,3.3,989.1,8
7331,63,18-25,22,本科,7266.9,380.9,15.7,9.0,5,5.9,3.5,4.2,7.2,4.7,4.1,44.87,0
7332,167,26-35,30,硕士,12237.3,2408.6,30.1,9.4,44,4.7,3.2,7.1,6.5,6.5,5.3,989.1,8
7333,151,26-35,30,本科,8270.4,1396.5,20.5,7.3,34,6.8,4.0,4.7,9.0,5.2,4.8,209.86,3
7334,179,55+,60,大专,10131.9,4184.5,46.6,5.3,84,2.2,6.5,6.3,3.4,6.8,3.8,1808.04,9
7335,106,36-45,40,高中及以下,3933.2,3666.2,37.0,6.5,26,2.5,5.0,6.0,6.1,6.2,4.5,978.66,8
7336,54,55+,60,大专,5329.0,1075.7,21.7,7.4,44,4.5,4.7,6.6,4.8,5.4,4.1,416.13,5
7337,170,18-25,22,硕士,9488.3,1277.1,9.8,9.4,25,5.2,1.6,5.4,7.4,5.1,4.9,60.98,0
7338,125,26-35,30,本科,10381.1,4109.1,34.3,6.3,76,3.4,6.6,7.3,4.5,6.4,4.3,1326.71,8
7339,107,46-55,50,高中及以下,3211.5,289.7,8.4,8.9,5,5.6,2.4,4.0,7.5,6.6,4.8,176.72,2
7340,125,36-45,40,高中及以下,3749.0,3860.2,35.1,5.9,70,4.2,5.3,6.4,4.8,5.2,3.9,1326.71,8
7341,179,36-45,40,高中及以下,3911.1,4548.6,57.8,5.7,53,2.7,5.0,7.7,8.2,7.2,5.9,1808.04,9
7342,31,46-55,50,本科,11208.7,3867.8,30.2,9.5,46,5.2,4.2,5.6,5.1,4.7,3.8,946.03,7
7343,47,55+,60,大专,4467.5,1816.8,25.1,9.9,31,5.3,4.3,4.5,6.0,3.4,3.4,427.14,6
7344,28,36-45,40,大专,3688.0,367.0,11.8,8.2,14,8.3,5.4,6.4,9.3,7.9,6.0,81.4,0
7345,124,26-35,30,硕士,14211.9,389.5,22.1,7.9,26,6.7,3.8,6.1,7.2,6.6,5.1,266.9,4
7346,40,18-25,22,本科,8024.5,1958.4,19.5,9.4,43,3.4,3.9,5.4,7.0,4.4,4.2,310.59,4
7347,10,46-55,50,博士,17456.5,1179.3,14.8,7.7,7,4.4,2.5,4.7,6.1,6.1,4.5,93.37,0
7348,125,26-35,30,硕士,11318.9,3752.6,35.4,8.7,67,4.3,5.3,7.2,6.9,4.0,4.4,1326.71,8
7349,64,18-25,22,博士,16097.7,1997.7,22.8,7.5,7,5.0,4.0,7.2,7.9,6.7,5.7,334.46,4
7350,125,26-35,30,高中及以下,4985.0,3291.3,45.9,5.6,64,3.3,8.1,5.4,5.5,5.3,3.5,1326.71,8
7351,125,36-45,40,大专,4629.8,4463.4,40.8,7.0,57,3.5,2.7,8.2,6.5,9.6,6.6,1326.71,8
7352,65,36-45,40,大专,5863.2,545.6,16.3,9.2,52,5.3,2.8,8.2,8.4,7.4,6.5,576.08,6
7353,175,55+,60,本科,6992.9,1243.8,17.5,7.0,16,6.2,3.3,6.3,6.1,6.9,5.0,339.4,5
7354,125,36-45,40,本科,9017.5,3728.7,35.5,7.1,44,2.4,4.1,6.5,6.0,3.6,4.0,1326.71,8
7355,125,18-25,22,硕士,12111.5,3710.9,38.4,7.2,88,2.1,6.6,5.3,3.4,7.3,3.6,1326.71,8
7356,177,26-35,30,本科,7896.7,2128.9,20.5,7.7,21,5.2,4.3,3.7,7.8,6.9,4.6,634.94,6
7357,179,18-25,22,硕士,14009.4,4857.9,56.6,7.4,75,3.5,4.5,4.7,4.1,6.2,3.6,1808.04,9
7358,167,26-35,30,本科,9346.6,3135.1,35.6,7.5,56,4.5,5.1,4.3,4.7,5.7,3.5,989.1,8
7359,120,36-45,40,硕士,10454.2,1066.2,14.1,8.9,24,5.5,3.0,5.2,10.0,5.1,5.4,327.35,4
7360,113,46-55,50,硕士,9795.5,4446.2,50.3,6.7,67,3.6,6.3,7.4,4.4,6.9,4.4,1742.79,9
7361,72,36-45,40,本科,8571.9,1754.7,19.9,8.2,18,7.1,1.6,2.3,9.4,4.1,4.3,143.19,1
7362,31,55+,60,大专,5202.2,2563.7,36.3,6.8,24,4.4,5.9,3.9,5.2,5.8,3.4,946.03,7
7363,157,36-45,40,硕士,9050.6,1227.2,16.5,9.8,7,3.8,2.6,3.5,7.7,5.5,4.4,238.37,3
7364,172,26-35,30,本科,7905.0,1025.6,26.0,9.9,28,4.5,2.6,4.6,6.3,4.0,3.9,137.4,1
7365,84,26-35,30,高中及以下,2384.9,845.2,12.2,8.3,45,5.2,3.2,7.8,8.3,7.2,6.2,66.12,0
7366,177,26-35,30,高中及以下,3621.8,1638.7,21.4,7.1,55,6.8,4.6,2.3,5.5,4.7,2.9,634.94,6
7367,148,26-35,30,高中及以下,3953.3,1421.2,21.3,8.8,18,5.3,3.2,4.9,6.8,6.1,4.6,250.12,4
7368,179,36-45,40,硕士,14232.0,6021.0,58.3,7.7,74,1.9,6.2,8.2,3.7,5.3,4.0,1808.04,9
7369,167,36-45,40,博士,19359.8,2051.9,34.3,6.1,77,4.1,5.5,7.2,8.0,4.2,4.8,989.1,8
7370,3,36-45,40,本科,8389.7,1800.1,11.5,8.3,58,2.8,4.4,4.9,7.3,3.4,3.8,680.64,7
7371,60,18-25,22,高中及以下,2342.1,775.4,9.7,10.0,19,6.5,2.1,5.1,7.4,5.6,4.9,91.91,0
7372,135,36-45,40,大专,7635.3,1848.4,25.3,8.5,37,5.4,4.5,8.0,5.3,4.2,4.4,699.2,7
7373,166,18-25,22,大专,3189.0,1569.3,18.1,8.2,36,3.5,2.9,7.8,8.9,5.9,6.0,337.67,5
7374,175,26-35,30,大专,4298.3,951.8,18.1,8.4,24,5.3,2.2,5.9,5.1,5.0,4.3,339.4,5
7375,156,36-45,40,本科,8149.3,3389.8,27.7,7.2,61,4.8,4.3,6.4,7.2,5.9,5.0,958.89,8
7376,24,36-45,40,博士,16134.6,200.0,9.0,8.4,14,5.1,1.8,4.2,8.0,6.4,5.1,86.11,0
7377,7,46-55,50,高中及以下,3607.4,1925.4,14.8,9.6,45,5.6,3.6,4.7,7.3,5.8,4.6,319.72,4
7378,129,26-35,30,本科,6778.0,1173.5,14.4,8.8,5,7.5,2.2,3.5,6.8,4.6,3.9,89.7,0
7379,70,46-55,50,大专,5486.3,1006.4,13.8,10.0,12,6.5,1.5,7.4,8.3,4.7,5.6,213.02,3
7380,172,26-35,30,硕士,12435.6,1422.4,14.6,7.4,29,6.0,1.9,5.4,5.8,3.4,3.9,137.4,1
7381,151,26-35,30,硕士,10252.9,1279.3,20.0,8.5,19,5.7,1.6,3.1,6.6,2.5,3.3,209.86,3
7382,186,46-55,50,高中及以下,2998.4,1015.6,16.0,8.4,41,6.6,4.4,4.9,7.3,5.4,4.4,238.23,3
7383,36,26-35,30,高中及以下,2675.8,200.0,8.9,9.9,49,5.6,3.0,5.7,7.0,8.5,5.6,182.89,2
7384,195,55+,60,本科,9837.9,944.5,16.9,9.1,27,5.4,4.1,8.0,7.1,3.9,4.8,218.18,3
7385,101,36-45,40,硕士,7917.4,712.7,8.3,9.5,23,6.3,1.8,3.7,8.8,5.8,5.0,97.45,0
7386,73,55+,60,高中及以下,4128.5,2553.3,13.5,9.9,37,4.3,4.7,6.2,10.0,3.7,5.0,709.56,7
7387,125,36-45,40,大专,6612.9,4131.5,47.1,8.3,72,2.8,5.0,2.7,6.9,4.5,3.3,1326.71,8
7388,176,55+,60,博士,16848.8,900.4,20.3,9.3,21,5.6,2.3,5.6,9.3,9.0,6.5,150.36,1
7389,186,26-35,30,高中及以下,3129.5,1175.3,18.1,8.8,5,7.1,2.6,6.9,6.2,8.6,5.8,238.23,3
7390,113,55+,60,高中及以下,5109.5,4670.3,51.0,4.0,80,6.0,5.7,9.8,5.1,6.6,5.3,1742.79,9
7391,91,46-55,50,硕士,10410.9,1537.9,24.3,8.8,37,4.8,2.5,7.8,8.3,4.2,5.4,390.98,5
7392,71,26-35,30,高中及以下,4020.5,3467.4,25.1,8.8,38,6.2,3.7,4.9,8.0,6.5,5.0,690.93,7
7393,111,18-25,22,本科,5803.5,200.0,16.2,9.2,33,4.6,2.9,4.7,8.9,7.0,5.5,144.53,1
7394,157,46-55,50,博士,21328.3,1757.5,18.0,9.1,21,5.9,3.0,6.3,10.0,5.4,5.8,238.37,3
7395,5,36-45,40,本科,10587.9,396.0,13.4,9.7,37,4.9,2.4,3.8,6.4,4.4,3.8,117.43,1
7396,156,36-45,40,大专,5544.4,2442.6,23.3,7.6,44,6.4,3.9,4.3,5.5,4.4,3.5,958.89,8
7397,31,36-45,40,本科,8172.2,2586.4,28.5,8.6,41,3.5,5.0,6.0,6.7,6.3,4.7,946.03,7
7398,159,26-35,30,大专,3562.6,1435.9,14.0,8.8,13,7.6,2.3,4.4,8.3,5.5,4.9,286.16,4
7399,17,26-35,30,高中及以下,3298.0,898.9,17.9,8.2,6,5.6,3.7,6.5,8.6,3.2,4.7,203.21,3
7400,31,46-55,50,大专,5890.4,2494.8,37.8,7.8,43,3.2,5.4,6.2,9.6,6.1,5.5,946.03,7
7401,144,46-55,50,硕士,15099.7,649.1,20.8,8.2,21,4.8,2.5,4.7,7.7,4.6,4.5,192.46,2
7402,129,36-45,40,博士,13979.3,281.9,13.3,8.3,32,5.5,2.3,3.9,7.1,5.1,4.3,89.7,0
7403,65,26-35,30,硕士,11649.6,2873.5,10.5,7.5,40,3.8,2.9,5.7,8.0,4.1,4.7,576.08,6
7404,113,26-35,30,硕士,20280.5,5854.5,56.0,6.9,99,2.3,5.7,7.7,5.8,7.9,5.3,1742.79,9
7405,165,46-55,50,博士,16076.6,532.8,18.9,9.6,25,6.2,3.7,5.7,4.2,6.8,4.2,224.25,3
7406,108,18-25,22,大专,5939.8,394.7,22.8,8.5,19,7.9,1.9,4.9,5.1,7.1,4.6,192.01,2
7407,81,36-45,40,博士,10817.1,200.0,14.4,8.5,28,3.5,4.1,7.4,6.1,3.8,4.4,212.11,3
7408,84,46-55,50,硕士,11909.5,1384.8,8.1,10.0,7,5.1,1.9,8.4,6.9,6.7,6.0,66.12,0
7409,41,36-45,40,硕士,9620.9,1994.8,20.1,9.8,43,6.9,3.8,4.9,5.8,6.5,4.4,176.16,2
7410,159,26-35,30,硕士,11560.2,200.0,14.9,8.0,11,4.9,1.3,4.7,7.5,5.4,4.8,286.16,4
7411,106,36-45,40,博士,15680.6,3120.3,29.8,8.3,45,4.9,5.3,6.9,8.2,2.2,4.2,978.66,8
7412,88,36-45,40,博士,16214.5,1026.9,15.3,9.5,12,5.5,3.6,8.2,7.3,5.2,5.4,87.38,0
7413,113,46-55,50,本科,9728.6,4200.3,56.7,4.4,43,3.8,6.4,6.9,5.0,4.8,3.9,1742.79,9
7414,133,46-55,50,本科,5752.2,200.0,10.8,7.7,41,4.8,3.3,7.5,5.3,6.5,5.0,238.31,3
7415,71,36-45,40,本科,8281.3,1815.7,25.3,9.8,31,5.6,5.1,7.5,9.0,5.7,5.6,690.93,7
7416,143,36-45,40,高中及以下,2934.9,273.7,13.2,7.9,15,5.3,4.3,5.0,7.5,5.3,4.5,178.51,2
7417,30,26-35,30,大专,2599.5,200.0,29.3,9.5,21,5.3,2.8,5.0,6.5,7.7,5.1,81.31,0
7418,164,36-45,40,博士,18083.8,1631.7,18.1,8.6,20,4.9,4.4,6.1,5.9,6.0,4.5,388.92,5
7419,65,18-25,22,硕士,11438.3,2301.2,32.2,9.6,42,4.1,3.1,5.8,9.0,6.6,5.7,576.08,6
7420,47,26-35,30,硕士,12659.2,1196.8,24.1,9.4,26,3.6,4.5,7.2,7.3,4.7,4.8,427.14,6
7421,194,26-35,30,高中及以下,4036.5,1465.6,15.0,8.4,19,3.6,3.7,6.6,9.7,1.0,4.4,176.48,2
7422,176,26-35,30,高中及以下,3075.4,1319.3,14.7,9.0,12,5.7,3.3,3.9,8.4,2.7,3.8,150.36,1
7423,135,46-55,50,本科,10923.6,2375.5,35.4,7.7,52,4.2,4.0,6.2,4.6,7.7,4.7,699.2,7
7424,118,26-35,30,高中及以下,3593.1,1433.7,27.0,9.1,52,5.1,4.1,6.0,8.0,7.8,5.6,465.37,6
7425,70,18-25,22,本科,7187.1,1285.7,14.3,7.4,48,5.6,1.6,4.1,10.0,5.7,5.4,213.02,3
7426,128,55+,60,大专,4747.8,631.4,5.0,9.0,5,4.7,4.1,7.7,7.1,5.3,5.2,163.96,2
7427,65,46-55,50,高中及以下,3489.6,2970.0,23.8,9.0,39,5.5,5.3,4.6,6.3,9.3,5.0,576.08,6
7428,102,55+,60,大专,3703.6,1498.0,13.9,8.8,34,4.1,2.0,2.8,8.6,4.9,4.4,105.35,0
7429,119,18-25,22,大专,6829.3,1061.1,27.8,6.6,31,4.0,1.8,5.8,8.5,4.6,5.1,314.8,4
7430,55,55+,60,高中及以下,2239.1,2070.1,16.0,7.2,14,5.4,3.9,4.6,6.1,6.0,4.2,376.64,5
7431,125,18-25,22,大专,4554.7,4889.4,44.1,10.0,81,2.0,6.6,5.6,6.0,5.7,4.0,1326.71,8
7432,58,26-35,30,硕士,9468.1,508.4,10.7,9.9,25,6.8,2.7,4.7,7.8,7.6,5.4,206.7,3
7433,32,36-45,40,高中及以下,3281.3,1484.3,10.0,8.1,31,7.6,2.9,5.4,7.8,5.7,5.0,146.42,1
7434,164,36-45,40,硕士,10655.5,418.8,15.6,7.7,55,5.1,2.7,6.0,6.6,8.3,5.6,388.92,5
7435,141,26-35,30,高中及以下,2677.6,2923.5,17.9,9.7,35,4.3,4.6,6.0,5.6,5.0,4.1,548.48,6
7436,65,36-45,40,高中及以下,3289.0,1660.2,12.5,7.2,67,5.2,5.2,4.5,5.7,6.0,3.9,576.08,6
7437,152,26-35,30,本科,7773.6,499.9,17.4,9.0,41,6.0,4.1,4.4,6.7,5.7,4.2,75.19,0
7438,44,18-25,22,高中及以下,2355.6,1480.0,12.5,10.0,17,5.2,3.0,4.2,6.5,5.5,4.2,33.83,0
7439,153,18-25,22,博士,12207.7,1190.8,16.9,8.1,46,6.5,2.2,3.7,9.5,4.3,4.7,187.21,2
7440,1,18-25,22,硕士,8576.1,745.3,19.5,9.8,14,6.2,4.1,6.9,8.7,5.4,5.4,129.25,1
7441,3,26-35,30,博士,15990.0,1647.4,25.5,7.9,26,2.9,1.9,3.4,5.7,3.7,3.4,680.64,7
7442,15,36-45,40,本科,7180.2,651.4,7.1,10.0,21,6.0,3.4,8.8,7.8,4.8,5.6,84.58,0
7443,99,46-55,50,本科,7658.9,1241.1,6.3,8.1,29,7.4,3.0,4.6,7.2,6.6,4.8,117.38,1
7444,41,36-45,40,硕士,13413.6,573.9,18.2,9.7,40,4.5,4.6,5.0,7.8,5.9,4.7,176.16,2
7445,156,46-55,50,高中及以下,4720.8,3483.2,46.5,10.0,22,4.3,4.2,5.3,4.5,4.5,3.5,958.89,8
7446,187,36-45,40,高中及以下,3262.1,988.2,13.3,8.9,7,6.1,1.4,5.6,10.0,5.5,5.8,137.99,1
7447,106,26-35,30,本科,8173.5,3607.9,36.5,7.9,55,5.0,4.6,7.3,7.5,6.7,5.5,978.66,8
7448,124,36-45,40,大专,5234.9,1163.1,5.9,7.8,42,4.1,4.4,4.4,5.2,4.2,3.3,266.9,4
7449,73,26-35,30,大专,6860.8,2273.0,29.7,6.0,50,4.2,4.1,5.5,7.7,8.4,5.6,709.56,7
7450,91,46-55,50,本科,6110.6,1087.0,24.1,10.0,31,4.1,3.7,5.5,6.5,1.5,3.3,390.98,5
7451,125,46-55,50,高中及以下,2963.2,3119.4,41.3,6.3,76,2.7,4.1,9.0,5.5,5.8,5.2,1326.71,8
7452,113,46-55,50,硕士,20557.0,4320.9,55.1,5.5,70,3.4,6.0,6.5,4.9,4.3,3.6,1742.79,9
7453,71,26-35,30,本科,10179.4,1806.9,31.9,6.4,38,3.2,4.2,5.4,4.6,5.7,3.9,690.93,7
7454,59,26-35,30,本科,6433.9,1149.8,17.6,8.1,30,4.9,1.0,8.0,5.1,6.8,5.5,393.68,5
7455,125,18-25,22,本科,8237.0,3237.7,43.9,6.9,83,2.9,4.9,7.9,5.2,5.3,4.6,1326.71,8
7456,179,36-45,40,高中及以下,5108.1,5090.8,55.4,7.3,81,5.1,6.0,7.7,5.0,9.0,5.3,1808.04,9
7457,6,36-45,40,高中及以下,3685.1,2215.6,23.7,8.0,52,4.8,3.7,6.1,5.7,6.6,4.7,719.97,7
7458,17,18-25,22,本科,9287.6,980.0,16.2,9.5,23,5.5,1.9,6.2,7.9,7.8,6.0,203.21,3
7459,50,26-35,30,高中及以下,2837.2,979.2,8.8,8.7,24,4.9,3.9,7.7,7.3,7.9,6.0,205.22,3
7460,140,18-25,22,高中及以下,4408.2,1627.8,7.4,9.3,45,5.0,3.3,4.1,10.0,6.0,5.3,186.32,2
7461,15,36-45,40,高中及以下,2279.4,1027.8,16.3,7.4,53,4.5,3.8,7.2,7.7,6.3,5.5,84.58,0
7462,179,26-35,30,本科,8452.4,4693.5,56.8,6.1,88,2.1,6.4,7.4,3.6,6.1,4.0,1808.04,9
7463,83,36-45,40,博士,10018.6,760.3,13.2,8.0,5,6.0,1.5,4.7,7.1,5.3,4.7,88.39,0
7464,34,36-45,40,本科,6251.4,1829.3,17.2,9.5,21,3.9,1.8,4.0,7.8,6.9,5.1,337.83,5
7465,138,26-35,30,大专,5659.2,660.8,29.0,8.7,5,5.6,3.3,8.4,9.9,4.6,6.1,334.79,4
7466,192,18-25,22,本科,7082.7,1205.4,14.5,10.0,57,3.6,4.3,5.8,8.1,5.7,5.0,183.85,2
7467,153,18-25,22,高中及以下,3149.0,828.4,14.8,9.9,16,8.0,2.3,3.9,7.8,5.9,4.7,187.21,2
7468,96,26-35,30,博士,13511.8,200.0,12.1,9.4,48,6.6,3.4,6.8,8.7,6.7,5.9,199.56,2
7469,179,36-45,40,硕士,13579.2,3946.3,59.7,4.9,67,3.7,6.4,4.9,4.6,3.8,2.9,1808.04,9
7470,74,18-25,22,本科,7329.0,580.6,12.5,9.3,11,4.7,2.3,3.8,9.0,5.4,4.9,20.09,0
7471,40,36-45,40,本科,5947.0,609.0,17.7,8.0,16,6.4,4.7,5.7,8.6,7.9,5.7,310.59,4
7472,192,46-55,50,硕士,7301.0,852.5,15.1,9.9,53,5.1,1.8,5.3,8.7,4.7,5.1,183.85,2
7473,150,46-55,50,大专,5165.5,1400.7,13.8,8.4,18,6.0,3.4,7.0,7.2,7.2,5.6,190.66,2
7474,55,46-55,50,高中及以下,3917.7,1871.7,11.4,8.1,14,5.1,3.8,3.8,8.5,4.6,4.3,376.64,5
7475,125,18-25,22,本科,10107.7,4069.4,44.2,6.0,60,3.1,4.9,7.8,6.1,6.6,5.2,1326.71,8
7476,133,55+,60,本科,9924.7,1521.9,11.6,8.6,32,5.6,3.7,4.0,8.4,4.6,4.3,238.31,3
7477,88,55+,60,大专,4002.2,494.3,9.8,10.0,26,7.0,2.1,5.0,7.3,3.0,4.1,87.38,0
7478,145,36-45,40,大专,3752.0,1060.0,25.9,8.7,16,4.7,2.9,5.6,6.2,6.0,4.7,324.35,4
7479,73,36-45,40,本科,8241.8,2310.2,24.7,7.5,33,4.8,3.2,6.5,6.0,5.6,4.7,709.56,7
7480,91,26-35,30,本科,8062.4,1424.5,15.6,9.7,53,5.2,2.7,2.8,7.5,5.1,4.0,390.98,5
7481,198,26-35,30,本科,7932.1,1556.8,5.0,9.1,47,6.7,2.0,4.7,5.1,9.0,5.1,157.31,1
7482,192,26-35,30,大专,5572.4,1236.5,11.5,6.9,41,5.2,2.6,6.6,7.0,3.3,4.5,183.85,2
7483,22,36-45,40,博士,10699.9,1776.1,5.2,9.3,23,4.6,3.1,4.9,6.2,5.1,4.2,158.78,1
7484,118,46-55,50,大专,4885.2,990.8,13.4,8.7,17,5.6,3.6,7.0,7.8,8.1,6.0,465.37,6
7485,51,36-45,40,博士,14023.9,949.3,15.9,9.5,37,5.7,2.0,5.3,8.5,4.7,5.0,100.98,0
7486,66,36-45,40,大专,5629.5,1366.7,10.7,8.9,18,5.2,2.6,6.7,10.0,4.9,5.8,138.1,1
7487,141,55+,60,本科,7687.4,1801.8,23.4,9.0,51,3.8,6.4,4.9,7.7,3.4,3.7,548.48,6
7488,156,26-35,30,高中及以下,4357.2,3315.3,23.7,7.8,75,4.3,5.5,5.0,4.0,5.7,3.4,958.89,8
7489,72,46-55,50,硕士,8960.6,200.0,16.0,9.6,42,6.6,2.9,5.5,6.9,5.6,4.7,143.19,1
7490,118,36-45,40,博士,16393.3,1634.2,18.9,7.9,25,5.3,4.4,4.7,6.0,6.4,4.3,465.37,6
7491,135,36-45,40,本科,9779.2,2018.0,38.8,7.5,59,4.9,3.9,5.0,9.3,5.6,5.1,699.2,7
7492,113,26-35,30,高中及以下,2875.9,4640.5,55.9,6.2,96,2.2,5.9,8.3,3.6,5.8,4.2,1742.79,9
7493,0,26-35,30,高中及以下,3330.1,1412.3,15.6,7.2,17,7.7,4.4,3.1,3.8,7.9,3.6,243.89,3
7494,24,46-55,50,高中及以下,2994.0,229.9,17.6,9.5,5,4.8,3.6,3.0,8.1,5.1,4.1,86.11,0
7495,20,36-45,40,本科,10058.1,2174.7,35.9,8.8,20,4.1,4.3,4.4,6.6,7.6,4.7,642.68,6
7496,84,26-35,30,高中及以下,2035.8,1301.8,12.3,9.4,15,5.7,4.3,2.7,7.1,6.5,4.0,66.12,0
7497,97,46-55,50,本科,7185.4,231.7,16.8,7.8,49,5.0,3.4,5.4,6.8,5.3,4.5,192.68,2
7498,72,36-45,40,本科,8735.2,1562.0,32.1,8.0,13,5.6,1.7,4.8,7.7,6.5,5.2,143.19,1
7499,120,36-45,40,本科,7435.1,1115.2,14.3,8.6,31,5.7,3.0,5.8,9.6,5.6,5.6,327.35,4
7500,20,46-55,50,本科,6682.5,3226.3,25.1,8.2,42,3.5,3.3,4.4,10.0,8.0,5.9,642.68,6
7501,195,26-35,30,高中及以下,3798.9,992.7,15.0,8.3,30,5.2,2.8,7.3,7.3,6.4,5.6,218.18,3
7502,87,26-35,30,本科,7341.9,967.8,16.6,8.3,36,5.6,2.7,7.0,8.0,6.9,5.9,206.18,3
7503,6,55+,60,大专,7495.8,2551.4,20.9,7.6,45,4.9,6.2,3.0,6.0,8.2,4.0,719.97,7
7504,154,46-55,50,高中及以下,3757.3,1395.3,12.8,10.0,12,5.7,3.6,4.8,7.7,3.7,4.1,198.95,2
7505,53,18-25,22,高中及以下,3116.7,669.1,23.5,6.9,29,4.8,3.7,6.3,6.6,5.6,4.8,273.6,4
7506,6,18-25,22,博士,17649.8,2265.2,26.5,6.2,40,3.6,4.7,5.1,4.8,7.0,4.2,719.97,7
7507,55,46-55,50,高中及以下,3836.2,1891.3,5.0,8.5,26,4.6,3.7,7.2,5.4,4.8,4.4,376.64,5
7508,3,36-45,40,硕士,12544.8,2382.3,30.0,9.1,52,4.6,4.4,4.5,3.9,6.2,3.5,680.64,7
7509,107,36-45,40,本科,7579.3,241.4,6.7,6.5,12,8.6,3.3,5.6,10.0,7.9,6.2,176.72,2
7510,31,36-45,40,博士,19994.5,2120.9,34.4,7.3,42,5.2,5.3,6.9,4.9,5.1,4.1,946.03,7
7511,175,36-45,40,高中及以下,4448.3,1584.4,23.4,8.4,41,7.0,4.6,6.5,8.9,5.0,5.2,339.4,5
7512,151,55+,60,博士,27273.7,914.4,11.6,8.3,9,6.5,3.4,7.4,7.8,7.2,5.9,209.86,3
7513,177,26-35,30,博士,20788.5,2881.6,26.2,7.5,45,6.8,2.6,7.6,5.4,5.4,4.9,634.94,6
7514,71,55+,60,本科,5112.7,2815.9,27.5,10.0,42,5.4,6.3,7.0,5.1,5.6,4.2,690.93,7
7515,173,36-45,40,大专,5527.5,663.1,13.4,8.0,41,5.4,4.6,2.8,4.9,7.9,3.8,208.75,3
7516,167,26-35,30,高中及以下,3173.7,2053.5,39.0,8.6,58,1.7,4.8,5.8,8.5,5.4,4.9,989.1,8
7517,18,46-55,50,本科,7017.3,546.5,9.0,7.7,34,6.4,2.4,6.8,8.8,5.5,5.7,59.86,0
7518,132,36-45,40,本科,6681.1,876.7,7.4,9.8,5,6.0,4.0,5.4,10.0,9.1,6.4,51.3,0
7519,177,36-45,40,本科,8496.8,2353.1,23.8,10.0,63,6.3,3.9,5.5,7.0,5.2,4.5,634.94,6
7520,161,46-55,50,大专,3749.1,2336.6,21.1,7.8,48,5.3,3.3,7.7,6.8,3.0,4.5,326.06,4
7521,146,55+,60,高中及以下,4471.6,577.9,16.2,8.1,24,7.3,3.1,2.8,5.3,4.4,3.1,43.08,0
7522,113,18-25,22,本科,9319.1,4408.3,49.3,5.8,46,3.3,5.9,9.0,2.1,6.6,4.2,1742.79,9
7523,180,46-55,50,本科,6475.6,1010.5,17.4,8.8,7,5.1,4.5,6.0,5.6,1.6,3.1,277.46,4
7524,175,26-35,30,高中及以下,2836.8,1607.2,20.5,9.1,22,6.6,5.4,6.6,9.6,3.2,4.8,339.4,5
7525,125,36-45,40,大专,6141.0,3909.3,38.8,7.6,88,2.8,5.8,7.2,3.1,6.3,3.9,1326.71,8
7526,7,18-25,22,硕士,10922.5,1831.3,10.5,8.9,19,5.1,4.0,5.4,6.6,4.7,4.2,319.72,4
7527,175,26-35,30,高中及以下,2878.5,1115.7,13.4,7.3,25,4.9,3.1,3.1,7.5,7.9,4.8,339.4,5
7528,179,46-55,50,硕士,12739.7,4696.8,54.1,6.4,90,3.3,6.8,5.3,3.2,6.1,3.2,1808.04,9
7529,12,26-35,30,本科,9889.9,316.9,16.9,9.2,10,5.5,2.9,4.0,7.6,10.0,5.8,189.04,2
7530,122,26-35,30,硕士,12541.6,2195.0,29.7,9.1,60,4.7,3.1,4.4,6.0,2.6,3.3,603.53,6
7531,29,18-25,22,高中及以下,2746.1,416.7,7.6,8.4,22,6.9,2.2,7.4,6.8,5.3,5.3,110.86,1
7532,107,46-55,50,硕士,11167.3,955.5,16.3,8.8,29,5.0,3.7,4.6,5.7,5.6,4.0,176.72,2
7533,73,26-35,30,高中及以下,3677.6,2651.0,26.4,8.3,50,4.9,3.7,6.9,7.0,7.8,5.7,709.56,7
7534,106,26-35,30,高中及以下,4090.3,3137.6,30.2,8.3,54,4.5,4.1,9.2,7.5,9.7,7.0,978.66,8
7535,86,26-35,30,本科,9046.4,861.8,22.3,8.9,29,5.9,2.7,5.4,7.9,6.8,5.4,370.7,5
7536,184,36-45,40,本科,7571.2,261.9,8.9,7.9,23,7.5,1.9,7.0,10.0,8.3,7.0,118.69,1
7537,169,36-45,40,本科,8431.7,283.2,8.0,9.4,5,6.0,2.1,4.5,7.1,6.1,4.8,69.84,0
7538,122,26-35,30,博士,19405.0,2315.4,19.7,9.6,53,4.2,5.0,5.3,6.4,4.8,4.0,603.53,6
7539,76,18-25,22,高中及以下,4508.7,1133.1,9.5,8.3,27,4.5,2.8,5.5,5.8,6.6,4.7,161.91,1
7540,48,36-45,40,高中及以下,2834.3,1575.3,19.8,10.0,6,4.9,3.0,5.1,7.0,9.0,5.6,209.27,3
7541,71,36-45,40,本科,9907.0,2632.8,39.8,7.5,72,5.4,4.5,7.1,6.1,3.8,4.2,690.93,7
7542,3,18-25,22,本科,9096.8,1863.5,23.0,7.5,53,5.0,3.5,6.8,7.3,6.7,5.4,680.64,7
7543,34,26-35,30,高中及以下,3616.7,1533.3,23.3,8.6,18,3.4,4.8,3.6,6.9,4.9,3.7,337.83,5
7544,20,55+,60,大专,4441.5,1806.7,25.0,7.1,72,5.1,4.6,7.3,7.3,8.1,5.8,642.68,6
7545,125,26-35,30,硕士,16847.8,4170.4,47.8,7.1,62,3.5,5.5,4.8,4.4,5.9,3.5,1326.71,8
7546,96,36-45,40,本科,7591.2,648.7,13.8,8.4,20,6.3,2.6,6.5,9.5,5.9,5.9,199.56,2
7547,42,26-35,30,本科,5451.0,1474.7,8.7,8.1,5,5.5,4.7,6.0,4.5,6.1,4.1,132.2,1
7548,122,46-55,50,本科,7528.5,2674.0,27.2,9.7,50,4.4,1.6,5.2,7.9,4.0,4.7,603.53,6
7549,97,26-35,30,本科,11811.2,2144.7,20.5,8.5,6,6.7,3.8,3.0,7.8,3.0,3.4,192.68,2
7550,181,26-35,30,大专,4134.3,712.5,15.0,9.0,30,4.8,1.7,4.5,10.0,4.2,5.1,62.98,0
7551,122,36-45,40,大专,5561.6,1979.1,24.1,6.8,42,3.0,4.5,9.0,7.9,7.3,6.3,603.53,6
7552,135,36-45,40,大专,3882.2,1944.1,28.0,7.6,60,4.4,3.8,6.7,4.7,6.3,4.5,699.2,7
7553,135,26-35,30,本科,8894.0,2787.2,19.6,7.9,37,4.8,3.3,5.5,6.2,5.9,4.6,699.2,7
7554,69,26-35,30,高中及以下,4431.6,570.0,13.4,9.2,24,4.3,2.2,5.7,8.2,2.7,4.4,77.86,0
7555,177,26-35,30,本科,8016.0,1689.5,31.9,8.5,47,4.0,1.7,6.7,5.8,4.6,4.6,634.94,6
7556,125,46-55,50,大专,5770.1,3828.8,43.7,7.8,73,2.5,4.7,7.4,5.7,6.4,4.9,1326.71,8
7557,191,36-45,40,高中及以下,3450.4,439.8,14.8,9.2,28,4.2,2.9,4.9,9.3,4.4,4.9,349.46,5
7558,186,46-55,50,大专,3976.9,1489.2,23.9,7.4,44,6.0,1.5,6.3,7.8,3.3,4.8,238.23,3
7559,122,36-45,40,大专,5894.5,1519.7,25.1,8.4,35,5.3,4.0,8.7,5.5,3.5,4.5,603.53,6
7560,12,18-25,22,大专,5248.0,1031.4,27.3,7.8,5,4.8,4.2,5.9,6.3,5.3,4.4,189.04,2
7561,145,26-35,30,高中及以下,4530.9,1475.2,16.0,6.2,30,5.5,2.4,4.3,6.6,6.1,4.5,324.35,4
7562,1,46-55,50,本科,5588.7,768.4,12.1,9.9,5,5.7,1.3,3.7,8.1,6.4,5.0,129.25,1
7563,141,26-35,30,大专,3478.7,2430.7,26.6,8.4,16,6.2,5.1,5.9,6.9,4.7,4.3,548.48,6
7564,106,46-55,50,硕士,11969.0,2102.8,37.1,8.3,48,5.0,5.4,6.1,7.1,5.6,4.6,978.66,8
7565,117,26-35,30,大专,4862.1,725.2,9.3,9.1,23,4.1,2.1,4.2,8.0,5.1,4.6,46.12,0
7566,179,26-35,30,博士,18672.0,5284.6,42.7,7.6,69,1.1,6.8,6.4,1.0,4.9,2.5,1808.04,9
7567,143,18-25,22,大专,4854.1,208.6,7.1,10.0,43,5.7,3.1,4.9,9.0,4.6,4.8,178.51,2
7568,106,36-45,40,本科,8735.2,3002.0,26.5,7.9,59,3.7,4.1,7.7,4.2,5.5,4.4,978.66,8
7569,167,46-55,50,大专,4738.7,2944.6,42.8,5.6,69,3.4,6.0,7.8,5.7,5.1,4.5,989.1,8
7570,71,36-45,40,高中及以下,4454.9,2489.2,19.8,8.9,46,3.6,5.0,8.6,6.2,4.7,4.9,690.93,7
7571,179,36-45,40,硕士,15618.1,4382.0,59.7,7.1,98,3.0,8.5,7.6,8.2,6.0,5.0,1808.04,9
7572,23,26-35,30,高中及以下,3172.7,200.0,6.3,9.2,29,6.4,3.0,2.8,7.2,6.0,4.1,35.7,0
7573,179,26-35,30,硕士,16486.5,5221.2,54.9,7.7,88,1.2,7.2,8.9,4.8,5.4,4.4,1808.04,9
7574,125,55+,60,大专,5143.3,3521.9,41.7,5.5,86,3.1,6.3,7.2,7.6,6.7,5.2,1326.71,8
7575,174,55+,60,高中及以下,3042.6,563.5,18.9,7.7,19,5.8,2.7,4.3,8.6,6.2,5.1,195.72,2
7576,135,36-45,40,本科,10193.1,2130.3,30.7,8.8,34,5.9,3.6,7.9,7.7,5.2,5.4,699.2,7
7577,177,36-45,40,博士,18744.9,2108.3,21.5,8.3,40,5.1,4.5,6.8,6.7,2.5,3.9,634.94,6
7578,156,55+,60,本科,7706.1,2987.4,31.7,6.1,34,3.6,3.9,7.0,4.6,5.4,4.3,958.89,8
7579,5,18-25,22,本科,6629.3,1573.0,9.7,7.4,8,6.2,2.7,5.2,7.9,5.2,4.8,117.43,1
7580,44,26-35,30,本科,8477.6,318.5,18.6,10.0,29,6.3,3.9,4.4,8.3,4.9,4.5,33.83,0
7581,97,46-55,50,硕士,10024.7,1230.5,15.6,8.2,51,4.4,3.3,5.8,8.3,6.1,5.3,192.68,2
7582,179,36-45,40,本科,9972.9,5223.9,59.7,5.5,73,4.0,7.4,8.6,4.9,4.3,4.0,1808.04,9
7583,196,18-25,22,大专,3525.6,791.7,9.0,8.3,13,5.8,2.7,7.0,7.2,4.2,4.9,61.32,0
7584,34,18-25,22,高中及以下,4806.6,1410.6,30.1,9.1,48,4.4,3.5,5.7,8.6,6.2,5.4,337.83,5
7585,184,26-35,30,本科,9336.4,608.5,24.7,9.4,18,4.8,3.6,6.7,6.3,6.5,5.1,118.69,1
7586,73,55+,60,高中及以下,2824.5,3098.1,28.4,9.1,56,4.7,3.6,5.9,5.6,7.1,4.8,709.56,7
7587,53,36-45,40,本科,8544.1,1824.5,8.5,8.7,41,4.9,4.9,1.9,7.5,5.1,3.4,273.6,4
7588,22,55+,60,大专,5240.7,870.4,19.8,8.4,29,6.5,3.4,5.1,8.9,5.3,5.0,158.78,1
7589,20,26-35,30,硕士,17779.3,1955.9,21.6,5.1,30,7.2,3.5,7.1,6.8,3.6,4.5,642.68,6
7590,180,18-25,22,硕士,11166.7,1504.8,12.6,7.8,17,7.2,3.5,5.3,7.9,5.3,4.8,277.46,4
7591,82,26-35,30,高中及以下,3457.9,2425.9,16.7,9.0,38,3.4,2.9,5.0,9.7,6.2,5.6,650.6,7
7592,185,46-55,50,本科,8330.8,748.8,15.4,9.2,33,3.6,2.5,5.1,5.5,4.7,4.0,303.08,4
7593,113,36-45,40,硕士,10259.5,5073.7,47.7,5.4,72,2.5,4.5,5.6,4.0,6.2,3.9,1742.79,9
7594,86,46-55,50,高中及以下,3423.7,249.4,27.5,9.9,54,3.9,1.6,8.1,5.1,4.6,4.9,370.7,5
7595,161,36-45,40,本科,8228.4,682.3,19.3,7.2,45,6.7,2.9,6.6,10.0,6.8,6.3,326.06,4
7596,106,46-55,50,高中及以下,4781.3,2362.5,28.4,7.5,46,4.7,4.8,7.3,5.3,6.1,4.7,978.66,8
7597,113,26-35,30,本科,20755.7,4795.6,49.6,4.6,58,1.8,5.6,6.5,6.8,6.6,4.9,1742.79,9
7598,177,26-35,30,大专,3200.8,1955.0,24.8,9.0,23,5.3,3.8,5.1,5.9,6.4,4.4,634.94,6
7599,157,46-55,50,高中及以下,2655.8,600.8,14.0,9.6,46,6.1,2.5,4.6,6.8,9.4,5.6,238.37,3
7600,162,26-35,30,高中及以下,3285.9,1395.3,22.1,8.3,40,3.0,3.2,6.9,7.9,4.8,5.1,472.76,6
7601,131,26-35,30,硕士,8116.4,646.5,15.4,8.9,51,6.7,1.7,7.1,5.4,3.8,4.4,158.95,1
7602,36,36-45,40,大专,5837.1,420.7,16.3,9.4,70,5.7,3.0,1.2,9.1,6.2,4.3,182.89,2
7603,25,36-45,40,高中及以下,3291.5,243.0,11.1,9.6,20,5.5,3.9,4.0,6.8,4.2,3.7,165.82,2
7604,156,26-35,30,高中及以下,3614.3,1884.9,46.8,5.6,82,4.1,3.6,5.0,3.8,3.9,3.1,958.89,8
7605,154,26-35,30,博士,16879.0,1625.6,10.6,7.5,24,5.8,3.3,6.0,8.0,7.7,5.7,198.95,2
7606,105,36-45,40,本科,7995.1,1507.2,21.8,8.3,26,5.0,1.8,2.6,6.6,4.2,3.6,222.31,3
7607,78,36-45,40,高中及以下,4151.4,1184.2,17.1,9.7,26,5.7,2.4,6.1,5.5,3.1,3.9,162.68,1
7608,179,36-45,40,高中及以下,5377.2,5695.6,51.8,8.0,70,1.6,6.9,6.8,1.8,7.3,3.6,1808.04,9
7609,75,46-55,50,硕士,11585.6,1823.9,18.2,8.3,17,5.4,2.3,6.0,6.5,8.1,5.6,337.61,5
7610,62,55+,60,硕士,13391.3,370.2,5.7,8.8,10,3.8,1.0,5.0,5.2,9.5,5.5,49.09,0
7611,154,46-55,50,高中及以下,3048.3,795.0,10.8,7.0,25,5.2,4.0,6.0,9.9,7.0,6.0,198.95,2
7612,34,46-55,50,硕士,9282.0,1590.8,14.0,10.0,41,4.8,3.7,6.9,10.0,4.3,5.5,337.83,5
7613,134,55+,60,大专,5467.2,924.9,16.5,8.5,32,6.5,2.4,7.4,9.9,7.4,6.7,59.18,0
7614,164,26-35,30,硕士,10282.4,1726.5,20.6,7.7,46,6.4,3.6,8.0,5.4,7.9,5.6,388.92,5
7615,145,36-45,40,硕士,13048.2,989.6,19.3,9.4,46,3.5,4.0,3.6,8.0,2.4,3.4,324.35,4
7616,73,55+,60,大专,5495.5,1898.7,29.1,8.3,58,4.2,3.2,7.1,9.0,7.4,6.3,709.56,7
7617,136,36-45,40,硕士,8213.1,1455.8,10.3,8.8,35,6.5,1.0,4.8,7.6,5.0,4.8,67.81,0
7618,96,36-45,40,硕士,12701.3,200.0,15.4,9.9,25,4.0,3.2,3.7,6.6,6.6,4.4,199.56,2
7619,106,26-35,30,大专,6769.3,3665.3,27.1,8.0,77,3.7,3.8,6.1,6.6,7.7,5.3,978.66,8
7620,150,18-25,22,博士,16964.4,1159.9,7.2,8.7,33,6.3,2.8,5.7,9.2,2.9,4.7,190.66,2
7621,133,18-25,22,高中及以下,3813.8,640.3,19.8,7.5,61,5.6,3.3,3.3,9.8,7.5,5.4,238.31,3
7622,67,18-25,22,本科,5842.2,1184.7,18.7,8.1,61,5.6,3.4,4.7,5.0,5.9,4.0,404.86,5
7623,58,36-45,40,本科,8117.6,1109.2,8.9,7.5,5,5.6,2.8,3.9,5.4,7.4,4.4,206.7,3
7624,175,26-35,30,大专,4019.8,2007.4,21.6,8.4,12,5.8,1.7,6.8,7.9,4.7,5.3,339.4,5
7625,171,26-35,30,硕士,8222.4,1432.0,10.3,10.0,19,5.8,3.4,4.3,7.6,5.1,4.4,65.64,0
7626,87,26-35,30,本科,6706.1,1272.4,13.2,8.8,24,5.6,2.4,3.8,8.0,5.8,4.7,206.18,3
7627,175,26-35,30,大专,4841.5,2130.7,21.1,6.3,28,5.7,3.8,4.1,7.3,4.6,4.0,339.4,5
7628,108,55+,60,大专,5455.3,200.0,25.6,8.3,32,5.4,2.1,6.2,8.0,3.7,4.8,192.01,2
7629,171,26-35,30,硕士,6420.0,909.1,14.9,10.0,39,4.4,1.7,5.9,7.7,3.7,4.7,65.64,0
7630,42,36-45,40,高中及以下,3491.1,722.2,13.8,7.9,36,7.7,1.8,5.6,7.0,2.8,4.1,132.2,1
7631,157,36-45,40,硕士,11605.4,1553.0,8.6,7.6,11,5.5,4.1,5.7,7.8,7.5,5.4,238.37,3
7632,90,55+,60,本科,8717.6,606.7,17.4,8.0,51,2.9,3.5,6.1,9.1,5.1,5.3,163.54,2
7633,113,46-55,50,本科,8949.5,4353.5,51.4,6.0,53,1.5,6.7,5.4,4.1,4.7,3.1,1742.79,9
7634,118,36-45,40,硕士,11158.0,2188.6,21.6,7.4,56,4.7,2.8,4.8,6.5,6.9,4.8,465.37,6
7635,140,26-35,30,本科,9254.8,890.6,16.5,6.9,24,7.9,3.7,4.1,7.3,4.6,4.0,186.32,2
7636,22,46-55,50,博士,15047.5,1815.7,11.7,9.5,5,5.2,2.9,5.4,6.7,7.0,5.0,158.78,1
7637,59,46-55,50,高中及以下,3144.4,1904.5,14.5,10.0,20,4.7,3.4,6.9,5.9,6.1,4.9,393.68,5
7638,149,18-25,22,大专,4751.4,976.2,24.8,7.6,14,4.1,2.0,5.9,8.9,6.0,5.7,199.73,2
7639,0,46-55,50,本科,8848.6,1283.1,12.7,8.6,26,6.1,2.5,6.2,8.5,7.9,6.1,243.89,3
7640,82,18-25,22,大专,8315.2,2403.4,16.8,7.6,49,4.3,4.1,3.9,8.3,7.5,5.0,650.6,7
7641,73,46-55,50,大专,5088.8,2913.2,25.1,7.9,43,4.7,3.7,7.1,7.2,6.7,5.5,709.56,7
7642,111,46-55,50,高中及以下,4119.9,1224.6,16.4,9.9,33,7.5,2.9,6.4,8.9,4.8,5.3,144.53,1
7643,194,46-55,50,硕士,10056.9,1482.2,8.6,7.3,20,6.0,3.2,6.0,8.0,6.9,5.5,176.48,2
7644,156,36-45,40,硕士,16423.8,3616.6,28.1,8.4,64,3.8,3.3,7.6,7.4,6.2,5.6,958.89,8
7645,186,18-25,22,本科,6527.0,1382.1,20.6,10.0,32,6.8,2.3,4.0,8.5,5.0,4.7,238.23,3
7646,55,55+,60,高中及以下,2868.4,1372.0,16.2,6.3,15,5.7,3.1,5.5,6.9,5.2,4.6,376.64,5
7647,141,36-45,40,本科,10566.3,1678.6,28.9,7.6,49,6.2,2.9,5.4,5.0,6.0,4.3,548.48,6
7648,148,36-45,40,大专,5426.4,1306.7,17.6,10.0,18,6.0,2.5,3.6,6.5,7.8,4.8,250.12,4
7649,190,36-45,40,高中及以下,2638.9,1214.3,11.1,9.8,19,6.3,3.4,3.8,8.0,4.9,4.3,94.96,0
7650,198,26-35,30,硕士,10329.0,1405.6,17.2,9.4,5,4.3,3.7,4.3,8.1,6.4,4.8,157.31,1
7651,122,36-45,40,本科,7552.2,2731.7,26.3,8.3,19,6.2,4.5,5.6,6.6,6.0,4.6,603.53,6
7652,81,36-45,40,本科,4673.0,394.6,10.7,8.2,38,5.5,1.2,4.0,8.2,6.4,5.1,212.11,3
7653,156,55+,60,硕士,11054.2,2702.0,37.1,6.9,24,5.8,2.9,7.4,6.6,5.2,5.1,958.89,8
7654,73,26-35,30,硕士,13801.6,2874.6,27.9,8.0,87,5.4,3.5,6.1,7.0,3.8,4.3,709.56,7
7655,41,36-45,40,本科,9440.8,1522.6,13.1,7.7,22,3.5,2.0,4.7,7.7,4.9,4.7,176.16,2
7656,125,36-45,40,硕士,16344.4,3505.7,55.2,6.0,103,3.5,5.9,4.9,5.4,5.8,3.8,1326.71,8
7657,146,46-55,50,高中及以下,3419.9,1144.0,16.9,8.2,42,4.8,1.2,5.1,5.4,6.0,4.5,43.08,0
7658,87,18-25,22,本科,8360.3,398.3,17.7,8.2,20,5.5,3.4,4.3,8.6,5.9,4.9,206.18,3
7659,198,26-35,30,高中及以下,2706.7,1470.5,16.7,8.7,41,6.5,2.9,5.8,7.3,6.2,5.1,157.31,1
7660,67,18-25,22,博士,17592.4,1195.9,27.5,6.9,9,5.3,3.0,4.4,5.9,3.8,3.6,404.86,5
7661,55,36-45,40,本科,8933.9,1619.7,22.5,7.7,28,5.2,4.7,6.8,8.2,5.3,5.1,376.64,5
7662,151,46-55,50,博士,15918.2,200.0,15.8,10.0,24,5.5,4.1,4.1,6.8,4.8,3.9,209.86,3
7663,2,36-45,40,高中及以下,2228.0,881.0,11.1,6.1,26,5.2,2.7,3.3,8.0,6.7,4.8,283.64,4
7664,113,36-45,40,本科,8922.5,5215.5,55.0,6.6,89,2.3,7.0,6.9,2.9,5.5,3.4,1742.79,9
7665,82,18-25,22,硕士,12678.5,1851.7,21.2,7.8,14,6.0,3.2,5.1,6.1,5.2,4.2,650.6,7
7666,20,18-25,22,高中及以下,2770.8,2724.3,24.9,6.6,29,5.3,2.5,3.0,7.5,3.8,3.7,642.68,6
7667,82,36-45,40,本科,6677.2,1643.8,27.6,8.4,25,3.0,4.4,5.1,6.2,6.2,4.4,650.6,7
7668,119,26-35,30,本科,7859.3,1705.4,19.2,7.8,45,4.3,4.8,5.7,6.3,4.4,4.0,314.8,4
7669,114,55+,60,本科,8586.9,1609.2,13.0,9.2,16,6.8,2.8,8.5,8.5,8.1,6.8,122.44,1
7670,195,26-35,30,高中及以下,3062.3,1762.1,8.7,8.8,36,7.1,4.2,6.0,6.1,4.8,4.2,218.18,3
7671,53,26-35,30,博士,16348.8,582.6,22.0,7.0,15,4.5,3.7,5.2,7.1,6.5,4.8,273.6,4
7672,162,36-45,40,硕士,10990.9,1393.0,20.1,8.1,21,5.7,3.1,6.9,5.0,2.2,3.6,472.76,6
7673,175,18-25,22,高中及以下,2694.8,1129.8,15.1,7.8,23,3.5,3.9,2.6,7.6,4.6,3.7,339.4,5
7674,16,36-45,40,高中及以下,2248.0,968.5,16.7,8.2,8,6.7,3.9,6.2,6.0,8.4,5.3,53.9,0
7675,3,46-55,50,博士,18383.3,1773.5,31.5,8.9,28,4.6,3.4,3.6,7.4,7.7,4.9,680.64,7
7676,31,26-35,30,高中及以下,2975.3,3408.3,38.4,9.2,48,2.8,5.5,6.7,6.7,4.0,4.2,946.03,7
7677,12,26-35,30,本科,7857.8,821.1,11.5,8.2,29,5.2,1.9,8.0,4.3,4.9,4.6,189.04,2
7678,179,18-25,22,本科,9941.1,5081.6,51.0,7.8,81,2.8,7.1,7.2,5.6,7.9,4.9,1808.04,9
7679,14,46-55,50,高中及以下,2726.0,1175.7,8.3,9.8,23,6.2,3.8,5.9,4.8,6.6,4.4,26.45,0
7680,111,46-55,50,高中及以下,2214.8,1654.6,12.6,8.7,11,6.9,2.9,5.0,6.9,6.6,4.9,144.53,1
7681,197,26-35,30,高中及以下,2870.1,775.0,10.7,9.2,19,5.3,1.0,5.3,8.6,5.7,5.5,173.08,2
7682,83,36-45,40,本科,5102.8,1058.5,8.3,9.1,38,5.3,2.2,3.5,7.7,3.5,3.9,88.39,0
7683,65,18-25,22,高中及以下,4186.8,1668.5,21.1,10.0,53,5.4,4.2,8.1,10.0,5.9,6.3,576.08,6
7684,179,46-55,50,硕士,17444.2,5074.9,51.9,7.0,104,1.9,5.5,8.7,5.1,5.7,4.8,1808.04,9
7685,107,18-25,22,硕士,12182.7,1373.4,6.5,8.3,14,5.1,4.1,4.0,8.7,4.5,4.3,176.72,2
7686,156,36-45,40,硕士,8845.5,1563.2,36.4,7.7,42,4.2,6.0,5.8,6.2,5.1,4.0,958.89,8
7687,101,18-25,22,大专,3710.0,889.3,8.8,9.5,36,4.5,3.5,6.3,5.3,4.5,4.1,97.45,0
7688,108,26-35,30,本科,7957.1,200.0,12.4,8.9,34,7.0,1.8,6.1,7.5,8.2,6.0,192.01,2
7689,176,26-35,30,硕士,10149.6,798.8,9.6,8.2,5,6.1,2.5,2.6,9.5,4.1,4.3,150.36,1
7690,179,18-25,22,硕士,11686.4,5892.4,64.6,4.7,76,1.5,5.7,4.4,5.0,4.5,3.2,1808.04,9
7691,55,26-35,30,本科,6987.7,944.9,17.7,9.2,40,4.4,2.6,5.4,8.4,6.9,5.5,376.64,5
7692,119,26-35,30,高中及以下,4283.3,889.9,15.8,8.6,26,6.4,1.2,4.8,8.4,7.4,5.7,314.8,4
7693,185,18-25,22,博士,19693.4,1564.9,12.1,10.0,49,4.5,2.2,7.2,4.9,4.3,4.4,303.08,4
7694,180,26-35,30,高中及以下,3226.7,1551.6,19.7,7.6,45,4.6,2.7,4.7,5.7,5.6,4.2,277.46,4
7695,179,46-55,50,博士,20697.1,5067.6,53.1,7.1,87,2.1,4.9,6.5,7.6,6.4,5.2,1808.04,9
7696,177,46-55,50,高中及以下,5022.4,2699.5,24.1,8.7,43,4.6,3.3,2.5,5.8,7.2,4.0,634.94,6
7697,185,26-35,30,本科,7250.4,823.7,20.3,7.3,37,5.4,2.7,5.6,7.0,9.0,5.8,303.08,4
7698,177,36-45,40,本科,8910.5,1276.2,28.1,8.9,39,2.3,4.8,2.9,4.1,5.2,2.8,634.94,6
7699,122,46-55,50,大专,4292.8,2369.7,35.8,7.3,30,4.5,4.7,4.7,7.5,4.5,4.1,603.53,6
7700,179,46-55,50,高中及以下,3882.6,4767.3,52.8,7.4,97,3.0,5.8,8.7,3.8,5.8,4.4,1808.04,9
7701,108,36-45,40,大专,4513.9,890.3,21.9,9.5,18,5.7,3.5,6.7,8.8,7.8,6.2,192.01,2
7702,25,55+,60,大专,4937.6,1150.1,9.8,7.3,36,4.6,3.8,5.1,10.0,7.4,5.9,165.82,2
7703,73,36-45,40,本科,6518.0,1872.4,24.7,8.5,50,4.5,3.7,5.5,8.3,6.7,5.3,709.56,7
7704,60,36-45,40,硕士,16157.6,200.0,8.2,9.3,25,6.6,1.4,6.0,10.0,3.1,5.3,91.91,0
7705,25,36-45,40,大专,5007.0,810.9,15.5,9.6,5,6.6,3.3,3.7,8.9,4.1,4.3,165.82,2
7706,131,26-35,30,高中及以下,3742.1,750.2,7.1,9.4,30,5.5,2.0,6.2,5.9,5.0,4.6,158.95,1
7707,47,46-55,50,硕士,10380.9,2541.1,17.2,9.5,52,5.1,3.7,5.9,7.7,4.9,4.8,427.14,6
7708,43,36-45,40,高中及以下,2916.2,1265.3,12.0,10.0,12,5.9,1.0,7.3,10.0,6.8,6.7,109.83,1
7709,70,18-25,22,本科,5781.2,1273.6,15.5,8.4,24,4.7,3.0,4.7,9.3,4.6,4.9,213.02,3
7710,57,18-25,22,本科,10018.8,356.1,19.8,8.4,5,6.1,4.8,5.6,7.8,5.6,4.7,108.94,1
7711,117,46-55,50,高中及以下,2748.9,468.7,5.0,7.5,5,6.4,2.4,5.7,6.0,8.4,5.4,46.12,0
7712,3,18-25,22,高中及以下,3387.0,2444.4,27.1,7.5,74,4.5,3.8,5.9,8.3,7.3,5.6,680.64,7
7713,99,26-35,30,大专,4555.7,716.7,9.0,9.1,20,5.1,1.1,4.5,7.5,9.2,5.9,117.38,1
7714,135,26-35,30,本科,7585.1,2504.9,21.8,7.8,16,3.9,3.8,5.4,7.5,4.8,4.5,699.2,7
7715,45,18-25,22,本科,4612.0,1775.0,5.2,8.0,45,4.4,1.8,3.1,6.3,6.8,4.4,72.25,0
7716,32,36-45,40,高中及以下,3815.6,655.2,14.0,8.8,20,4.6,2.8,5.9,4.8,7.6,4.8,146.42,1
7717,179,26-35,30,硕士,17379.7,5498.1,54.9,7.1,97,2.9,6.6,5.1,4.0,4.2,2.9,1808.04,9
7718,166,36-45,40,大专,6311.6,922.9,16.3,8.5,43,5.4,4.5,6.4,6.5,5.7,4.7,337.67,5
7719,59,26-35,30,硕士,10786.9,1602.6,20.9,8.0,33,4.2,4.9,5.1,5.9,2.5,3.2,393.68,5
7720,167,26-35,30,高中及以下,3939.0,3015.3,32.8,7.8,65,5.4,6.1,6.5,7.6,6.2,4.9,989.1,8
7721,177,26-35,30,本科,9155.7,1923.9,29.0,10.0,44,3.7,3.0,5.0,6.2,4.2,4.0,634.94,6
7722,26,18-25,22,硕士,9994.0,442.8,12.6,7.6,14,6.4,2.7,4.8,10.0,7.4,6.0,46.95,0
7723,156,55+,60,博士,17855.2,3099.2,34.0,7.3,56,4.0,5.1,6.3,8.3,4.5,4.7,958.89,8
7724,113,26-35,30,本科,10997.1,4708.6,58.9,6.1,73,2.4,7.6,7.1,6.1,4.7,4.0,1742.79,9
7725,151,55+,60,硕士,9931.2,473.6,10.0,8.6,11,5.5,2.4,3.9,7.9,4.5,4.3,209.86,3
7726,147,18-25,22,本科,6855.6,832.7,7.0,9.5,41,5.1,1.9,4.0,9.3,3.6,4.6,39.63,0
7727,106,26-35,30,大专,5994.4,2538.1,30.9,7.3,52,4.9,5.1,3.2,7.5,6.1,4.1,978.66,8
7728,3,55+,60,本科,11804.5,3071.6,32.3,5.8,34,3.8,4.1,5.8,6.2,5.7,4.5,680.64,7
7729,136,46-55,50,本科,6243.3,987.5,17.7,8.7,26,6.2,2.4,3.5,6.7,7.0,4.6,67.81,0
7730,124,46-55,50,大专,4671.5,869.5,14.5,9.0,37,4.2,3.4,3.1,7.9,3.4,3.6,266.9,4
7731,108,26-35,30,博士,15023.9,435.4,19.6,9.9,33,6.3,2.6,5.8,7.1,4.5,4.6,192.01,2
7732,141,18-25,22,本科,7820.9,1338.5,26.7,7.9,46,4.2,3.0,7.1,5.6,5.7,4.8,548.48,6
7733,119,26-35,30,高中及以下,2525.1,977.3,18.9,6.6,40,5.6,2.0,3.0,9.2,6.3,5.0,314.8,4
7734,76,55+,60,大专,4116.3,1004.9,14.3,9.5,28,6.6,3.4,6.3,8.6,3.8,4.9,161.91,1
7735,162,36-45,40,大专,4171.8,1998.0,27.3,8.3,20,5.1,3.7,5.9,8.8,6.5,5.5,472.76,6
7736,154,18-25,22,本科,8023.6,238.2,23.0,10.0,19,6.4,4.6,5.5,6.4,2.6,3.5,198.95,2
7737,122,18-25,22,本科,7073.3,2204.9,30.2,8.3,52,5.5,4.0,6.9,6.9,4.2,4.6,603.53,6
7738,113,36-45,40,本科,13640.8,5321.0,60.6,5.0,88,1.8,7.0,7.2,4.8,4.8,3.8,1742.79,9
7739,133,26-35,30,硕士,9809.5,715.0,20.6,6.6,41,5.6,3.3,6.0,7.6,6.3,5.2,238.31,3
7740,125,55+,60,本科,11786.0,4969.7,42.1,6.9,66,3.0,3.8,8.8,6.4,3.9,4.9,1326.71,8
7741,50,26-35,30,本科,5284.9,413.4,16.4,8.2,7,6.4,4.2,5.0,6.3,7.7,4.8,205.22,3
7742,36,26-35,30,高中及以下,3350.8,776.0,16.7,7.6,17,5.4,2.4,5.7,8.5,5.8,5.4,182.89,2
7743,59,26-35,30,博士,20384.9,2231.7,22.7,8.8,17,4.8,1.6,7.9,4.9,4.4,4.7,393.68,5
7744,78,46-55,50,本科,5072.6,633.4,10.4,9.5,9,6.2,3.3,3.5,6.0,4.4,3.5,162.68,1
7745,174,26-35,30,高中及以下,3378.2,200.0,9.6,8.2,13,6.7,3.3,4.2,6.8,8.0,5.0,195.72,2
7746,25,26-35,30,博士,20879.1,376.8,10.9,8.8,22,3.7,3.2,4.9,7.5,3.1,4.0,165.82,2
7747,138,36-45,40,本科,8555.3,1923.3,27.4,7.7,5,4.8,1.2,4.9,7.3,5.5,4.9,334.79,4
7748,26,18-25,22,高中及以下,3963.1,842.7,12.6,9.8,15,7.3,2.6,2.2,10.0,4.9,4.5,46.95,0
7749,82,26-35,30,硕士,11354.9,1201.4,22.7,7.8,28,4.5,4.5,8.1,4.8,6.2,4.8,650.6,7
7750,87,55+,60,大专,4608.3,555.5,19.0,7.5,17,7.5,1.0,3.0,6.1,7.4,4.6,206.18,3
7751,148,26-35,30,硕士,11064.8,1157.1,9.8,10.0,16,5.6,2.9,6.2,8.0,7.1,5.7,250.12,4
7752,179,36-45,40,本科,8636.0,6006.2,47.5,7.4,55,2.2,8.2,5.9,5.4,5.0,3.5,1808.04,9
7753,131,36-45,40,硕士,10411.0,908.0,14.7,7.2,24,6.8,2.1,3.6,6.3,4.5,3.8,158.95,1
7754,179,46-55,50,本科,8068.3,4856.5,57.7,5.6,87,2.5,5.9,4.9,3.3,5.4,3.0,1808.04,9
7755,82,18-25,22,高中及以下,3283.1,2689.0,20.5,8.3,62,4.3,4.4,6.5,7.6,7.5,5.5,650.6,7
7756,156,46-55,50,大专,5844.4,3157.0,32.2,5.3,50,4.4,6.3,5.8,4.8,4.5,3.4,958.89,8
7757,120,26-35,30,大专,5222.6,766.3,23.1,9.4,25,6.0,2.4,5.8,7.1,5.1,4.8,327.35,4
7758,156,18-25,22,高中及以下,2955.0,2973.3,37.4,6.9,11,5.6,2.5,5.0,10.0,5.7,5.6,958.89,8
7759,140,36-45,40,硕士,12660.2,1087.5,24.7,8.4,37,4.1,4.1,6.0,7.7,4.1,4.5,186.32,2
7760,75,36-45,40,高中及以下,3571.2,1765.2,27.4,7.9,16,1.9,3.1,3.7,7.2,5.0,4.1,337.61,5
7761,116,36-45,40,本科,5537.4,393.8,17.2,10.0,29,5.4,3.4,8.3,7.1,3.9,5.0,143.35,1
7762,192,46-55,50,硕士,9800.3,1065.1,15.9,9.7,54,5.9,3.0,5.1,8.8,5.3,5.1,183.85,2
7763,135,26-35,30,硕士,10283.8,2481.6,26.6,8.2,47,5.5,4.4,7.1,6.4,4.3,4.5,699.2,7
7764,141,36-45,40,本科,8453.8,1128.7,27.1,7.4,47,5.6,3.4,6.8,5.4,8.3,5.4,548.48,6
7765,54,18-25,22,本科,4715.7,1650.2,13.4,9.2,25,7.0,2.1,4.9,9.3,6.4,5.6,416.13,5
7766,118,46-55,50,大专,3755.3,1279.0,23.3,9.0,25,4.8,3.5,3.7,7.1,9.4,5.3,465.37,6
7767,61,18-25,22,本科,7012.1,1159.3,20.6,10.0,12,5.1,3.4,6.6,8.7,6.8,5.8,123.27,1
7768,156,46-55,50,本科,11815.9,3639.8,42.6,7.8,36,3.2,5.0,5.5,7.3,4.1,4.1,958.89,8
7769,153,36-45,40,博士,19039.5,1037.7,7.5,8.4,19,3.8,2.1,4.1,7.2,5.0,4.4,187.21,2
7770,162,26-35,30,大专,7309.8,1259.2,21.3,8.6,50,5.1,4.0,4.4,7.7,6.0,4.6,472.76,6
7771,0,36-45,40,大专,5584.0,634.6,11.1,9.1,18,4.0,2.9,7.2,8.4,7.1,6.1,243.89,3
7772,141,26-35,30,本科,7976.8,2927.6,30.2,7.6,42,5.4,4.9,6.3,10.0,4.9,5.4,548.48,6
7773,41,36-45,40,高中及以下,3413.5,1220.6,19.3,9.3,55,5.6,3.5,6.0,9.2,1.9,4.4,176.16,2
7774,2,46-55,50,高中及以下,3823.4,1304.8,19.3,8.1,28,6.3,3.5,5.7,9.5,8.5,6.3,283.64,4
7775,165,18-25,22,硕士,11923.8,1010.9,14.3,8.5,32,4.8,3.5,8.7,8.3,6.2,6.1,224.25,3
7776,177,18-25,22,硕士,12354.9,2140.0,28.4,8.0,32,4.5,3.1,4.7,5.2,4.3,3.6,634.94,6
7777,173,46-55,50,高中及以下,3065.3,1603.8,13.1,7.2,5,5.1,1.5,5.6,4.7,5.3,4.2,208.75,3
7778,0,46-55,50,本科,8607.5,818.0,16.5,9.4,22,4.9,2.7,3.7,6.8,4.3,3.8,243.89,3
7779,3,26-35,30,大专,5028.1,3022.6,23.4,7.2,40,4.6,4.2,9.3,3.9,6.3,5.0,680.64,7
7780,156,36-45,40,本科,6473.3,2444.9,28.7,7.4,58,5.1,4.7,7.0,3.4,4.8,3.7,958.89,8
7781,177,36-45,40,高中及以下,4173.4,1063.9,26.1,6.5,14,4.9,4.4,6.0,8.7,7.1,5.6,634.94,6
7782,9,46-55,50,本科,7232.6,1372.1,19.7,9.2,39,6.1,1.1,4.9,6.6,5.6,4.7,255.33,4
7783,149,26-35,30,博士,14057.4,325.9,18.4,9.8,36,5.3,5.8,4.0,8.5,3.6,3.8,199.73,2
7784,122,36-45,40,本科,6056.8,1973.3,32.4,8.5,50,4.5,2.7,7.0,9.4,5.2,5.8,603.53,6
7785,91,26-35,30,博士,17398.8,1184.3,15.5,8.0,37,5.4,3.0,4.9,6.5,4.1,4.0,390.98,5
7786,149,46-55,50,本科,6078.1,654.5,15.9,7.5,11,8.6,3.0,5.3,7.7,6.8,5.2,199.73,2
7787,172,26-35,30,硕士,12897.8,1554.9,15.8,10.0,27,7.2,2.4,4.2,8.0,6.3,4.9,137.4,1
7788,159,55+,60,高中及以下,2996.2,2510.5,23.6,7.1,41,6.9,1.5,3.0,8.1,4.9,4.4,286.16,4
7789,125,46-55,50,大专,5309.9,3479.4,44.5,5.9,51,4.3,5.9,7.0,4.2,6.4,4.2,1326.71,8
7790,36,46-55,50,高中及以下,2790.2,1181.1,14.4,8.2,13,5.4,3.3,7.0,8.5,5.5,5.5,182.89,2
7791,20,55+,60,高中及以下,3221.8,1089.6,33.4,8.6,43,4.2,2.8,5.2,9.0,7.7,5.9,642.68,6
7792,73,36-45,40,硕士,9159.2,2056.4,24.5,7.8,23,4.0,5.6,7.8,5.0,4.9,4.3,709.56,7
7793,75,26-35,30,硕士,7095.8,687.7,14.9,7.9,27,4.9,2.5,5.0,8.2,7.8,5.6,337.61,5
7794,106,36-45,40,本科,10202.5,2965.3,38.5,9.0,31,4.2,6.3,6.9,4.4,4.6,3.6,978.66,8
7795,71,55+,60,高中及以下,3191.3,1843.9,35.0,8.4,25,5.9,5.0,5.2,9.3,3.8,4.5,690.93,7
7796,103,36-45,40,大专,4573.5,950.4,19.2,10.0,31,4.2,3.0,3.9,7.1,8.9,5.3,66.53,0
7797,198,26-35,30,本科,9234.7,1354.4,11.8,7.8,49,4.3,3.2,4.3,5.9,4.8,3.8,157.31,1
7798,86,18-25,22,本科,5982.7,1519.2,7.7,8.1,44,5.6,3.0,6.0,9.1,7.9,6.1,370.7,5
7799,75,46-55,50,高中及以下,3464.5,562.5,23.1,8.5,29,6.1,2.0,10.0,5.5,2.7,4.9,337.61,5
7800,106,26-35,30,硕士,15268.3,3316.1,41.3,9.6,27,3.8,5.5,5.1,7.3,6.0,4.5,978.66,8
7801,148,46-55,50,本科,6124.4,753.4,12.1,8.1,5,6.7,3.9,5.1,5.9,4.4,3.8,250.12,4
7802,175,55+,60,本科,8659.5,850.9,19.4,9.0,29,4.9,3.5,3.8,7.4,5.1,4.2,339.4,5
7803,81,18-25,22,大专,5821.0,200.0,18.7,8.1,8,3.2,2.3,6.3,6.6,3.3,4.3,212.11,3
7804,156,18-25,22,硕士,11767.8,3274.4,33.8,8.0,59,3.7,6.3,4.6,5.0,6.7,3.8,958.89,8
7805,6,18-25,22,高中及以下,3815.3,2315.3,25.7,7.4,39,3.2,6.0,9.0,5.0,6.0,4.9,719.97,7
7806,123,36-45,40,大专,4849.9,200.0,6.7,9.8,21,5.8,2.5,5.1,5.9,7.7,5.0,36.53,0
7807,169,55+,60,高中及以下,2403.1,200.0,18.2,8.6,9,5.6,2.4,5.8,5.5,4.9,4.3,69.84,0
7808,41,26-35,30,大专,5708.6,1172.6,9.0,6.9,16,4.9,3.7,5.6,7.1,3.7,4.2,176.16,2
7809,125,36-45,40,硕士,20372.8,4337.3,44.6,6.0,62,4.3,5.9,6.1,6.5,5.2,4.2,1326.71,8
7810,187,36-45,40,本科,7180.7,1412.4,16.5,6.8,49,7.3,1.9,6.3,4.6,7.8,5.1,137.99,1
7811,31,36-45,40,硕士,9666.1,3731.3,38.1,7.8,30,3.0,5.6,9.9,5.0,3.4,4.4,946.03,7
7812,175,36-45,40,本科,10219.0,1674.5,13.1,7.8,44,5.4,3.7,5.5,5.6,6.1,4.4,339.4,5
7813,152,55+,60,本科,8037.6,871.4,11.4,8.2,25,7.0,2.5,4.6,10.0,6.3,5.6,75.19,0
7814,71,26-35,30,高中及以下,2966.3,2066.4,31.3,9.3,57,4.9,4.8,5.6,6.7,7.7,5.0,690.93,7
7815,166,18-25,22,本科,7101.8,1674.2,19.7,7.5,39,5.6,3.6,5.5,5.4,6.3,4.4,337.67,5
7816,145,26-35,30,本科,9096.4,1539.8,23.0,7.8,23,5.7,2.8,4.7,9.3,6.8,5.5,324.35,4
7817,149,26-35,30,大专,3707.3,1196.1,19.2,8.5,46,6.7,4.0,6.0,6.3,5.3,4.5,199.73,2
7818,173,46-55,50,硕士,7909.7,1020.7,23.0,9.0,5,5.0,5.1,4.7,5.6,3.2,3.1,208.75,3
7819,71,46-55,50,博士,17556.3,2207.7,33.8,7.6,50,5.2,5.8,5.6,5.7,4.1,3.6,690.93,7
7820,179,36-45,40,本科,11699.7,4771.4,60.5,7.4,103,2.8,7.3,4.9,5.8,6.4,3.8,1808.04,9
7821,51,46-55,50,大专,4021.6,200.0,10.8,10.0,38,5.9,2.0,6.1,8.0,4.6,5.1,100.98,0
7822,65,26-35,30,高中及以下,3908.6,1851.4,41.1,5.9,33,4.9,3.6,4.7,6.7,5.9,4.4,576.08,6
7823,82,55+,60,博士,21389.4,2463.5,27.2,7.6,25,5.1,4.7,3.3,9.3,7.1,5.0,650.6,7
7824,143,26-35,30,高中及以下,2609.9,1164.7,13.0,10.0,25,5.8,1.8,7.0,6.2,6.1,5.3,178.51,2
7825,12,36-45,40,博士,11635.5,1188.1,14.4,8.0,24,6.9,2.2,4.4,6.2,6.5,4.6,189.04,2
7826,59,18-25,22,大专,6097.9,876.5,23.1,9.4,30,5.7,3.6,3.2,9.1,7.9,5.3,393.68,5
7827,94,26-35,30,大专,4066.2,200.0,11.6,8.3,11,8.2,3.6,6.5,6.7,6.9,5.2,100.27,0
7828,76,18-25,22,本科,7610.0,603.1,8.0,9.5,30,7.5,2.0,4.9,6.1,4.8,4.2,161.91,1
7829,185,36-45,40,博士,14681.4,858.1,11.1,7.3,18,4.2,5.5,5.6,10.0,3.8,4.8,303.08,4
7830,34,18-25,22,硕士,9128.0,1969.1,23.8,8.8,20,3.8,4.3,5.6,6.8,6.0,4.6,337.83,5
7831,7,26-35,30,硕士,12115.9,1698.5,16.0,8.4,7,4.8,2.6,3.8,6.5,8.1,4.9,319.72,4
7832,96,36-45,40,高中及以下,3143.4,291.4,12.7,8.7,39,6.7,2.0,7.6,6.3,5.9,5.4,199.56,2
7833,31,55+,60,博士,22778.9,3192.1,30.5,7.2,60,4.5,3.3,6.0,8.7,7.1,5.8,946.03,7
7834,113,18-25,22,硕士,16817.1,4236.5,58.5,5.3,67,0.5,4.6,6.0,7.2,6.4,4.9,1742.79,9
7835,6,36-45,40,大专,4994.1,2566.1,19.2,7.7,61,6.5,4.1,5.4,8.8,9.4,6.2,719.97,7
7836,179,36-45,40,本科,12430.3,4961.1,66.2,5.2,80,4.3,7.5,5.6,5.0,6.7,3.9,1808.04,9
7837,68,46-55,50,本科,12224.4,871.7,15.3,9.3,24,6.1,2.7,6.6,6.5,5.5,4.9,213.07,3
7838,72,26-35,30,本科,7617.5,1060.9,14.8,8.0,26,4.8,5.5,6.6,6.7,6.5,4.9,143.19,1
7839,106,18-25,22,大专,6752.9,2501.9,30.8,7.7,49,3.8,4.4,6.4,4.8,5.5,4.1,978.66,8
7840,59,18-25,22,博士,22070.6,1628.4,25.0,9.5,20,4.9,2.6,5.8,8.8,2.9,4.6,393.68,5
7841,62,36-45,40,博士,16137.4,818.7,9.4,9.2,30,4.4,1.6,7.2,8.4,5.6,5.8,49.09,0
7842,175,55+,60,大专,5280.6,1612.3,7.8,8.7,27,4.4,4.3,4.4,7.6,6.6,4.7,339.4,5
7843,177,36-45,40,博士,16987.0,1363.7,28.6,8.5,29,5.8,3.9,4.9,6.9,5.6,4.4,634.94,6
7844,7,36-45,40,本科,5876.0,1163.7,16.0,6.7,35,5.8,4.6,3.5,9.2,7.1,5.0,319.72,4
7845,50,46-55,50,本科,6265.3,688.2,11.5,9.3,24,4.3,1.9,3.4,8.8,7.3,5.3,205.22,3
7846,113,26-35,30,大专,7105.3,5036.3,50.6,5.7,97,0.9,7.3,7.5,6.3,1.8,3.4,1742.79,9
7847,197,36-45,40,高中及以下,4444.9,436.5,12.8,9.1,34,5.0,3.9,5.6,4.5,8.7,4.8,173.08,2
7848,185,26-35,30,高中及以下,3521.0,1488.8,17.9,9.5,29,4.3,5.1,7.0,9.3,6.1,5.7,303.08,4
7849,155,36-45,40,硕士,8782.0,200.0,19.8,8.4,20,5.4,3.0,6.2,9.5,8.3,6.4,72.65,0
7850,105,55+,60,本科,7684.3,1875.0,12.7,8.1,36,4.2,3.1,6.3,9.5,4.0,5.2,222.31,3
7851,177,26-35,30,大专,4989.1,2577.0,39.6,8.1,32,5.6,2.7,6.4,5.1,7.5,5.0,634.94,6
7852,118,46-55,50,高中及以下,5052.3,1156.7,25.3,7.5,38,6.4,3.1,5.7,9.4,6.3,5.7,465.37,6
7853,31,46-55,50,高中及以下,4092.1,2678.1,34.1,6.2,65,4.2,4.7,6.4,8.6,4.9,5.0,946.03,7
7854,71,46-55,50,本科,9439.7,2525.5,26.3,7.4,52,6.0,4.0,4.8,6.6,8.2,5.0,690.93,7
7855,179,26-35,30,硕士,14037.2,5230.3,58.4,7.5,80,1.2,7.0,9.8,6.7,7.5,5.9,1808.04,9
7856,192,36-45,40,本科,8758.8,1357.7,11.7,8.0,53,5.3,1.5,6.1,7.6,6.9,5.7,183.85,2
7857,174,26-35,30,本科,7818.2,811.6,6.3,9.0,38,5.1,3.0,5.7,8.9,4.1,4.9,195.72,2
7858,71,26-35,30,高中及以下,2645.3,2083.0,20.9,8.1,44,4.7,3.5,10.0,9.5,5.3,6.6,690.93,7
7859,176,46-55,50,本科,6156.0,1450.0,23.1,7.5,34,7.7,1.0,6.3,5.8,6.7,5.2,150.36,1
7860,6,26-35,30,大专,5539.0,2891.8,29.0,7.6,65,3.5,5.2,8.0,8.6,4.4,5.3,719.97,7
7861,157,46-55,50,本科,7390.5,1852.3,15.1,9.2,32,5.1,3.4,4.6,4.9,5.9,3.9,238.37,3
7862,183,26-35,30,高中及以下,2804.6,724.8,19.3,9.1,19,5.4,2.8,4.5,10.0,5.6,5.3,240.44,3
7863,64,26-35,30,高中及以下,3665.3,1230.3,15.6,6.7,27,4.8,2.6,2.7,7.9,7.1,4.7,334.46,4
7864,2,36-45,40,博士,17331.7,262.0,15.3,10.0,16,5.9,1.7,7.3,7.7,6.9,6.0,283.64,4
7865,165,26-35,30,本科,7567.9,1548.1,10.5,9.2,5,4.8,2.2,4.8,6.2,3.1,3.7,224.25,3
7866,71,18-25,22,博士,16022.1,1447.1,31.3,7.7,67,5.1,4.5,5.5,3.0,7.1,3.8,690.93,7
7867,34,26-35,30,本科,6886.5,1835.1,22.6,7.6,42,5.4,3.3,8.3,6.5,7.4,5.9,337.83,5
7868,29,26-35,30,大专,5523.3,332.9,5.0,8.9,37,6.1,3.8,5.4,9.4,5.6,5.3,110.86,1
7869,6,26-35,30,硕士,8547.9,2420.9,33.1,7.0,49,4.6,4.2,5.9,5.3,4.6,3.9,719.97,7
7870,183,18-25,22,高中及以下,3160.0,1292.0,11.5,9.3,15,5.1,2.3,5.0,8.6,5.4,5.1,240.44,3
7871,141,46-55,50,高中及以下,3874.9,1474.3,19.8,6.9,20,3.3,5.7,4.5,6.2,6.1,4.0,548.48,6
7872,90,46-55,50,硕士,12550.1,269.5,14.6,8.7,7,5.7,4.0,7.6,8.2,6.3,5.7,163.54,2
7873,149,26-35,30,硕士,10495.2,793.1,22.4,7.9,22,5.6,1.8,4.8,7.1,4.4,4.4,199.73,2
7874,145,46-55,50,硕士,14970.0,1248.5,16.1,10.0,57,5.0,2.6,6.9,9.1,6.7,6.1,324.35,4
7875,166,36-45,40,高中及以下,3267.7,1409.9,19.2,6.3,33,6.3,2.8,6.5,6.4,4.5,4.6,337.67,5
7876,64,46-55,50,硕士,7748.6,1333.6,18.3,10.0,32,4.3,3.6,3.8,4.6,4.8,3.3,334.46,4
7877,164,55+,60,高中及以下,2698.5,1862.5,18.9,9.3,35,4.5,4.0,6.4,8.1,4.5,4.9,388.92,5
7878,29,26-35,30,高中及以下,2810.9,200.0,12.7,9.3,28,6.2,5.5,5.0,7.7,6.9,4.8,110.86,1
7879,64,46-55,50,本科,8850.0,977.6,17.3,9.0,15,5.6,1.7,6.6,7.9,1.3,4.3,334.46,4
7880,179,18-25,22,本科,6487.8,4417.7,50.8,5.4,92,2.9,7.4,5.9,4.0,3.0,2.6,1808.04,9
7881,71,18-25,22,博士,21122.4,2500.6,31.3,6.5,58,4.9,3.4,5.6,7.8,6.5,5.2,690.93,7
7882,179,36-45,40,硕士,13828.6,4735.1,59.1,5.1,53,2.6,7.1,7.4,5.8,3.9,3.9,1808.04,9
7883,113,26-35,30,硕士,9266.1,5245.5,44.4,6.1,67,2.3,6.2,7.3,5.9,6.3,4.7,1742.79,9
7884,75,26-35,30,高中及以下,2913.1,1260.0,15.0,8.3,59,5.3,5.3,6.2,7.4,7.4,5.2,337.61,5
7885,98,46-55,50,大专,3386.8,1081.5,12.0,9.0,26,4.9,2.3,4.4,6.8,8.7,5.4,149.17,1
7886,5,55+,60,高中及以下,2665.7,757.7,14.4,8.6,7,6.1,2.1,5.8,9.8,5.4,5.7,117.43,1
7887,73,26-35,30,博士,13278.9,1217.6,36.7,7.6,45,4.7,3.8,8.7,6.4,4.8,5.1,709.56,7
7888,25,55+,60,高中及以下,3324.2,739.1,7.2,9.4,21,5.3,1.0,5.1,8.1,9.9,6.5,165.82,2
7889,169,26-35,30,高中及以下,3047.2,1084.4,7.7,10.0,33,6.4,1.7,4.0,5.7,5.5,4.1,69.84,0
7890,177,36-45,40,大专,4231.1,1738.0,20.0,7.1,54,4.5,4.7,2.4,7.5,5.5,3.7,634.94,6
7891,162,46-55,50,大专,5613.2,1150.4,22.3,9.2,11,6.8,3.4,6.2,7.5,6.6,5.3,472.76,6
7892,6,26-35,30,本科,11261.4,2556.0,27.2,7.7,8,5.4,3.4,6.9,9.4,5.6,5.8,719.97,7
7893,20,26-35,30,博士,10492.8,2148.2,25.9,8.9,36,7.4,4.3,4.3,7.7,3.6,3.8,642.68,6
7894,89,55+,60,大专,7590.6,778.5,18.7,6.7,33,6.3,3.0,3.6,7.6,6.0,4.5,247.96,3
7895,96,26-35,30,本科,6829.0,1083.4,20.3,9.3,10,6.5,4.1,5.2,8.3,5.2,4.8,199.56,2
7896,190,26-35,30,硕士,11475.2,413.5,14.5,8.5,42,5.6,2.5,3.5,5.6,6.0,4.0,94.96,0
7897,150,46-55,50,博士,13848.6,1436.3,15.4,7.7,31,7.6,3.5,4.8,8.8,8.0,5.7,190.66,2
7898,113,36-45,40,硕士,17928.3,4499.5,45.9,8.2,76,3.3,5.2,5.9,3.6,3.7,3.0,1742.79,9
7899,119,46-55,50,高中及以下,3614.7,629.1,14.4,6.9,41,4.4,3.2,4.6,8.0,5.1,4.6,314.8,4
7900,141,36-45,40,本科,8574.9,1939.7,32.9,10.0,49,4.0,4.7,3.6,5.7,5.5,3.6,548.48,6
7901,138,26-35,30,高中及以下,3911.1,1202.5,18.6,9.3,23,5.1,3.7,5.2,7.4,6.3,4.9,334.79,4
7902,195,46-55,50,硕士,10389.7,2223.0,15.4,8.3,19,5.8,3.5,5.9,10.0,3.4,5.0,218.18,3
7903,194,36-45,40,博士,15570.4,1309.4,17.1,8.2,28,6.9,3.2,6.6,7.7,4.8,5.0,176.48,2
7904,179,36-45,40,大专,6257.5,5271.3,69.3,4.4,92,2.7,6.6,7.6,5.2,7.9,5.0,1808.04,9
7905,148,55+,60,本科,9833.4,1126.4,16.9,7.7,18,5.9,3.3,4.9,6.0,5.5,4.2,250.12,4
7906,118,26-35,30,本科,7552.4,1536.8,33.2,9.2,32,3.9,3.5,4.2,4.6,5.7,3.6,465.37,6
7907,21,46-55,50,高中及以下,3146.3,882.1,14.8,10.0,30,5.8,1.4,6.5,8.3,7.9,6.3,118.42,1
7908,197,55+,60,高中及以下,3069.6,723.6,18.1,9.9,17,3.2,3.8,4.7,7.7,5.4,4.5,173.08,2
7909,164,36-45,40,高中及以下,3608.4,298.4,21.5,10.0,36,6.5,2.1,6.8,6.8,5.3,5.1,388.92,5
7910,157,36-45,40,本科,8621.4,1724.4,12.8,9.0,38,3.8,3.6,7.2,7.1,6.6,5.5,238.37,3
7911,119,26-35,30,高中及以下,5798.4,884.5,14.6,7.8,38,4.7,4.8,6.1,7.5,4.0,4.3,314.8,4
7912,28,26-35,30,本科,7947.7,200.0,5.0,9.0,8,7.1,2.3,4.6,7.3,3.8,4.2,81.4,0
7913,27,26-35,30,本科,7390.7,776.8,17.1,8.4,5,3.5,2.4,4.6,7.8,3.6,4.2,216.09,3
7914,113,26-35,30,硕士,12999.3,5424.9,43.8,6.5,69,1.8,5.4,8.2,5.2,4.8,4.4,1742.79,9
7915,106,26-35,30,硕士,11832.1,2745.1,33.7,6.8,78,4.0,4.2,2.9,5.4,6.1,3.5,978.66,8
7916,143,36-45,40,本科,6027.8,1242.1,13.3,8.2,7,3.8,1.9,2.8,8.6,6.3,4.8,178.51,2
7917,175,36-45,40,高中及以下,3678.0,2124.2,21.0,7.7,8,4.6,2.7,5.4,8.1,6.7,5.4,339.4,5
7918,3,55+,60,硕士,10009.9,2795.2,28.2,8.3,35,4.1,4.1,5.3,8.2,3.9,4.4,680.64,7
7919,122,26-35,30,本科,8111.0,2199.4,27.9,7.0,25,4.6,2.1,7.0,9.4,7.4,6.5,603.53,6
7920,104,18-25,22,本科,7852.9,200.0,17.0,9.2,24,5.6,5.0,6.2,7.5,4.2,4.4,126.31,1
7921,46,46-55,50,博士,25388.3,661.3,17.0,8.7,15,4.1,2.4,7.6,9.9,5.3,6.2,93.63,0
7922,68,18-25,22,高中及以下,3658.6,1015.7,12.4,8.0,41,4.3,3.6,6.0,4.0,7.8,4.6,213.07,3
7923,180,18-25,22,高中及以下,2488.6,1165.7,22.8,7.8,5,5.2,2.5,3.6,8.0,4.5,4.2,277.46,4
7924,153,26-35,30,本科,8607.9,550.6,30.2,9.1,21,5.9,2.5,4.5,9.0,7.8,5.7,187.21,2
7925,179,26-35,30,博士,21755.0,4976.7,37.6,6.8,102,0.7,6.0,9.2,2.9,6.7,4.5,1808.04,9
7926,73,36-45,40,高中及以下,3301.9,2817.2,41.0,8.8,61,4.4,4.6,6.1,4.9,4.1,3.7,709.56,7
7927,65,46-55,50,高中及以下,2767.8,1811.5,29.7,8.7,57,6.8,3.6,7.8,6.7,4.7,5.0,576.08,6
7928,61,55+,60,高中及以下,3618.2,743.1,15.5,10.0,38,5.9,2.7,5.7,6.9,6.4,5.0,123.27,1
7929,113,18-25,22,硕士,15673.0,4431.7,47.8,5.1,80,4.3,6.7,7.2,5.7,3.6,3.8,1742.79,9
7930,135,26-35,30,大专,5440.3,2351.5,26.9,6.8,67,5.3,4.7,6.6,6.0,4.0,4.1,699.2,7
7931,154,26-35,30,硕士,13603.3,623.4,20.1,7.4,16,5.9,3.4,6.3,7.1,3.8,4.4,198.95,2
7932,31,36-45,40,博士,22639.4,2534.6,40.3,8.1,40,5.5,5.1,7.5,7.9,5.6,5.3,946.03,7
7933,59,55+,60,博士,13823.2,829.2,15.2,8.7,32,5.6,3.0,7.2,6.1,5.0,4.8,393.68,5
7934,78,18-25,22,本科,8041.9,491.2,15.0,8.8,5,7.4,2.4,5.2,6.6,4.2,4.2,162.68,1
7935,4,18-25,22,硕士,7888.0,1029.6,15.0,7.7,37,6.4,2.5,4.0,8.2,5.3,4.6,117.43,1
7936,148,55+,60,本科,7876.8,991.8,14.0,9.2,7,4.1,2.4,6.5,7.9,8.8,6.3,250.12,4
7937,32,46-55,50,本科,6145.2,633.3,5.7,8.1,12,6.4,3.6,3.3,6.2,5.3,3.7,146.42,1
7938,86,46-55,50,硕士,7935.1,1035.8,13.5,8.0,36,4.4,3.3,7.5,9.9,5.0,5.9,370.7,5
7939,187,55+,60,高中及以下,3188.8,881.4,28.2,9.2,8,6.9,4.9,2.1,4.8,4.9,2.7,137.99,1
7940,140,26-35,30,大专,3710.7,1219.6,9.2,8.1,15,5.3,3.3,7.6,7.1,3.0,4.6,186.32,2
7941,125,46-55,50,硕士,9794.1,3302.9,41.7,8.1,49,2.8,6.4,6.7,5.9,4.7,4.0,1326.71,8
7942,10,26-35,30,高中及以下,3942.3,867.3,18.2,10.0,5,5.1,1.9,5.7,5.4,5.3,4.4,93.37,0
7943,11,26-35,30,高中及以下,2745.4,200.0,17.5,7.7,31,5.6,3.7,7.1,9.4,5.4,5.7,93.16,0
7944,132,36-45,40,大专,4531.7,308.9,5.7,9.1,36,6.2,2.1,4.1,8.0,7.7,5.4,51.3,0
7945,71,36-45,40,硕士,10720.5,2471.2,25.2,5.8,33,6.1,5.4,4.7,5.5,1.0,2.4,690.93,7
7946,68,26-35,30,高中及以下,3643.9,574.6,16.2,9.2,22,5.2,3.7,7.3,7.8,5.8,5.4,213.07,3
7947,73,36-45,40,本科,7005.4,3030.8,24.4,7.3,67,4.5,4.9,7.5,5.5,7.2,5.1,709.56,7
7948,133,18-25,22,高中及以下,4392.1,1388.0,18.7,8.3,35,4.0,3.8,7.1,10.0,5.3,5.9,238.31,3
7949,34,55+,60,本科,5119.4,1499.0,22.3,9.4,26,5.1,4.9,6.6,8.8,4.5,5.0,337.83,5
7950,184,46-55,50,博士,12616.1,1377.9,10.5,7.4,32,3.3,4.5,5.8,9.9,3.9,5.0,118.69,1
7951,186,55+,60,本科,5970.1,1020.4,9.0,7.5,38,6.6,2.7,2.7,10.0,6.3,5.0,238.23,3
7952,144,26-35,30,本科,10614.9,899.4,23.4,8.7,23,6.1,3.3,4.5,6.8,4.8,4.1,192.46,2
7953,186,18-25,22,硕士,13465.9,421.9,14.8,9.0,32,4.2,3.2,5.3,9.1,3.8,4.7,238.23,3
7954,80,18-25,22,高中及以下,3867.9,994.1,15.4,9.5,16,5.8,2.2,7.0,5.5,7.6,5.4,119.14,1
7955,43,55+,60,高中及以下,2283.7,301.1,16.1,10.0,46,4.5,2.4,5.1,7.5,4.3,4.5,109.83,1
7956,42,18-25,22,高中及以下,2787.8,373.6,12.6,8.2,46,7.3,3.1,5.3,6.7,6.8,4.9,132.2,1
7957,113,18-25,22,硕士,14452.6,4819.3,53.6,5.8,87,4.0,7.1,7.1,4.7,6.1,4.1,1742.79,9
7958,44,46-55,50,本科,7741.6,1208.2,9.6,8.9,11,5.0,3.1,3.8,8.7,5.3,4.6,33.83,0
7959,43,55+,60,博士,11956.3,768.7,21.9,7.9,14,4.2,2.9,6.2,8.7,5.7,5.5,109.83,1
7960,175,36-45,40,博士,18913.2,1716.0,26.0,8.0,23,6.1,3.2,4.9,9.2,5.8,5.2,339.4,5
7961,77,36-45,40,硕士,14356.7,539.5,19.1,9.6,17,5.9,3.9,3.8,7.6,5.2,4.2,110.06,1
7962,145,36-45,40,高中及以下,3295.9,1501.5,10.7,8.9,36,4.5,5.0,5.5,7.8,4.6,4.4,324.35,4
7963,179,26-35,30,高中及以下,3566.2,5239.0,61.0,5.5,56,1.0,5.9,6.4,6.8,3.6,4.0,1808.04,9
7964,65,26-35,30,高中及以下,2286.2,2244.0,25.3,7.8,16,4.7,5.1,5.2,6.7,3.8,3.8,576.08,6
7965,106,18-25,22,硕士,16215.7,2998.0,30.8,7.8,75,3.8,4.9,10.0,6.9,3.0,5.0,978.66,8
7966,137,36-45,40,本科,7204.0,541.9,10.8,7.9,45,5.3,3.4,4.8,8.7,6.8,5.3,107.55,1
7967,47,26-35,30,本科,8917.6,1289.8,20.3,8.0,51,5.1,3.1,4.4,5.2,5.8,4.0,427.14,6
7968,125,26-35,30,硕士,17919.3,4209.2,37.8,7.4,70,4.4,4.7,6.1,4.6,5.6,4.0,1326.71,8
7969,194,36-45,40,硕士,8012.6,1000.8,18.7,9.4,23,4.6,2.6,6.2,7.1,6.9,5.4,176.48,2
7970,191,46-55,50,硕士,12135.4,983.5,24.9,6.4,32,5.6,5.1,3.7,6.8,5.7,3.9,349.46,5
7971,135,46-55,50,本科,7816.4,1735.5,21.8,7.3,55,4.8,5.0,7.9,9.4,5.3,5.7,699.2,7
7972,88,46-55,50,本科,8048.5,1000.3,17.6,7.9,36,4.9,2.7,5.8,9.1,4.1,5.0,87.38,0
7973,54,18-25,22,本科,7412.8,987.4,25.2,8.7,23,6.2,1.9,7.6,7.0,2.7,4.7,416.13,5
7974,171,46-55,50,博士,13826.5,1042.3,13.7,7.0,19,6.7,3.1,6.5,6.1,6.5,5.0,65.64,0
7975,137,26-35,30,本科,7154.9,1013.7,15.2,8.9,27,6.7,1.8,5.3,10.0,2.9,4.9,107.55,1
7976,164,26-35,30,博士,26755.8,1338.9,16.0,9.1,48,5.8,2.7,4.5,9.8,6.3,5.5,388.92,5
7977,178,46-55,50,本科,7187.7,200.0,8.3,10.0,20,4.8,1.0,5.3,9.1,5.6,5.6,113.9,1
7978,190,36-45,40,本科,7818.2,1710.6,15.7,7.5,54,5.9,2.8,3.3,5.0,4.0,3.1,94.96,0
7979,25,26-35,30,硕士,6716.8,200.0,24.0,9.3,39,3.3,2.9,5.4,5.9,6.2,4.6,165.82,2
7980,92,46-55,50,大专,3678.3,203.2,12.5,9.0,42,7.9,2.6,5.9,7.7,5.3,5.0,73.55,0
7981,125,36-45,40,硕士,13273.1,4589.0,37.9,6.4,85,3.4,6.1,5.6,4.5,6.8,4.0,1326.71,8
7982,25,55+,60,本科,7183.2,200.0,5.0,8.7,17,6.4,3.0,8.0,7.2,6.4,5.7,165.82,2
7983,22,26-35,30,高中及以下,3438.5,1312.1,8.8,9.1,5,4.7,3.7,3.5,7.0,6.7,4.4,158.78,1
7984,0,55+,60,本科,6411.1,342.3,13.1,8.8,34,5.2,3.0,7.7,7.1,5.7,5.4,243.89,3
7985,135,46-55,50,博士,21911.5,1802.1,25.6,8.6,23,4.5,3.9,7.2,5.2,7.6,5.2,699.2,7
7986,125,18-25,22,大专,5315.7,3333.3,44.1,6.6,59,3.9,8.0,10.0,6.1,5.6,5.1,1326.71,8
7987,98,18-25,22,本科,6507.7,227.1,9.2,10.0,12,4.6,3.2,5.8,10.0,6.1,5.8,149.17,1
7988,48,26-35,30,大专,4295.0,200.0,18.5,7.9,46,6.3,2.8,5.3,5.9,6.8,4.7,209.27,3
7989,70,26-35,30,本科,5996.5,795.4,13.9,8.8,38,5.0,3.2,5.3,8.9,5.4,5.1,213.02,3
7990,133,46-55,50,本科,8518.1,678.8,12.9,10.0,19,5.7,1.0,5.7,10.0,5.2,5.8,238.31,3
7991,98,46-55,50,硕士,8863.7,556.4,11.9,9.6,15,4.8,3.2,5.9,4.2,5.1,3.9,149.17,1
7992,191,46-55,50,大专,4785.7,1577.4,19.5,10.0,14,6.2,1.8,8.4,8.2,6.6,6.4,349.46,5
7993,135,55+,60,博士,17213.8,2180.8,26.7,8.9,51,3.2,5.0,6.6,7.4,6.8,5.2,699.2,7
7994,113,36-45,40,硕士,17415.7,3881.6,55.8,5.7,76,3.0,6.3,7.4,7.2,5.0,4.7,1742.79,9
7995,6,26-35,30,硕士,15020.1,2803.0,22.5,8.7,66,2.9,2.4,3.3,5.1,3.5,3.1,719.97,7
7996,141,46-55,50,硕士,15148.0,1653.8,21.2,9.1,21,5.2,3.9,4.7,8.9,4.2,4.5,548.48,6
7997,120,26-35,30,高中及以下,2950.8,627.4,19.2,10.0,52,6.1,3.6,4.3,6.4,5.0,4.0,327.35,4
7998,128,26-35,30,大专,4840.4,1223.9,13.7,7.9,26,4.8,3.2,7.1,8.2,4.6,5.2,163.96,2
7999,86,18-25,22,本科,5165.8,1869.6,17.4,7.2,38,5.9,2.4,7.8,6.1,4.9,5.0,370.7,5
8000,113,46-55,50,本科,7592.3,4934.2,58.2,5.9,70,2.6,6.2,5.3,6.1,8.6,4.8,1742.79,9
8001,179,46-55,50,博士,25126.0,5347.3,48.8,8.1,63,1.5,6.9,6.3,5.6,5.6,4.0,1808.04,9
8002,53,18-25,22,本科,12244.3,1837.4,20.8,9.6,39,6.0,2.1,6.6,8.4,3.2,4.9,273.6,4
8003,50,26-35,30,高中及以下,3437.5,278.8,23.0,8.3,25,6.3,3.3,6.3,9.5,7.4,6.2,205.22,3
8004,3,36-45,40,高中及以下,3561.3,1778.7,24.1,6.1,42,4.1,4.1,4.0,8.7,6.9,5.0,680.64,7
8005,72,18-25,22,硕士,9875.1,200.0,19.8,6.8,23,4.9,1.9,4.0,5.8,6.8,4.5,143.19,1
8006,167,18-25,22,本科,8435.5,2509.5,34.0,7.8,64,3.0,4.8,7.6,7.3,7.1,5.6,989.1,8
8007,59,36-45,40,本科,12439.4,1934.4,18.8,8.1,64,5.0,4.6,6.3,7.7,3.4,4.3,393.68,5
8008,167,46-55,50,本科,8966.7,3006.0,33.4,8.0,29,4.5,5.1,4.1,8.6,5.5,4.5,989.1,8
8009,119,46-55,50,大专,4344.5,1185.3,19.9,8.6,39,5.3,2.9,3.6,10.0,5.9,5.2,314.8,4
8010,42,26-35,30,博士,15148.4,680.4,5.0,8.2,19,6.6,2.9,5.3,5.8,6.1,4.5,132.2,1
8011,31,26-35,30,本科,7683.7,2219.5,35.4,6.9,27,3.3,5.2,4.1,7.2,4.1,3.7,946.03,7
8012,141,46-55,50,高中及以下,2798.4,1754.5,17.3,7.3,55,5.6,3.3,5.6,5.9,4.7,4.2,548.48,6
8013,54,46-55,50,本科,8100.6,1382.3,22.7,8.9,16,5.8,4.2,5.0,6.3,9.5,5.3,416.13,5
8014,179,46-55,50,硕士,12702.8,4471.6,56.1,7.3,75,2.5,5.8,9.1,5.4,4.2,4.5,1808.04,9
8015,165,55+,60,高中及以下,3481.2,1560.9,17.2,9.3,17,5.3,2.9,5.3,5.8,6.3,4.6,224.25,3
8016,166,46-55,50,硕士,8369.8,1773.4,25.4,9.3,5,6.2,2.9,3.1,6.8,4.6,3.7,337.67,5
8017,6,26-35,30,高中及以下,3443.4,2075.9,28.3,7.8,52,5.9,4.8,6.2,6.8,5.8,4.7,719.97,7
8018,57,46-55,50,高中及以下,2317.7,200.0,18.1,8.1,34,6.4,4.4,5.9,9.0,3.1,4.5,108.94,1
8019,91,55+,60,本科,7116.8,1167.2,16.7,8.5,77,4.4,4.3,5.5,10.0,6.6,5.7,390.98,5
8020,58,18-25,22,高中及以下,2540.3,1401.1,17.2,8.3,5,5.0,2.6,4.4,7.0,8.8,5.4,206.7,3
8021,72,46-55,50,大专,3791.7,1106.4,14.3,7.9,42,5.0,2.9,4.4,7.3,2.8,3.7,143.19,1
8022,31,36-45,40,高中及以下,3305.9,3169.8,39.5,9.7,59,3.5,3.6,7.8,4.0,8.2,5.2,946.03,7
8023,29,36-45,40,大专,5532.3,811.4,17.8,10.0,19,4.2,3.7,3.1,7.5,7.3,4.6,110.86,1
8024,81,36-45,40,高中及以下,4658.4,200.0,7.0,8.3,21,4.9,4.2,4.5,8.0,4.5,4.3,212.11,3
8025,179,55+,60,高中及以下,7123.9,4806.1,59.0,6.5,105,3.7,7.3,6.0,6.2,7.2,4.5,1808.04,9
8026,177,46-55,50,硕士,13957.5,2371.7,26.8,10.0,53,4.6,4.0,1.3,8.0,3.4,3.1,634.94,6
8027,113,55+,60,本科,11053.3,5671.3,65.8,6.4,58,4.1,6.8,8.3,4.8,5.8,4.4,1742.79,9
8028,143,46-55,50,大专,4076.6,624.2,12.9,9.4,25,5.9,2.7,4.0,7.2,5.2,4.3,178.51,2
8029,72,18-25,22,本科,8021.9,830.4,14.8,9.7,29,5.3,3.7,6.9,5.4,4.2,4.2,143.19,1
8030,31,26-35,30,博士,17095.8,2250.5,36.9,6.7,39,2.9,5.6,3.5,6.1,6.6,3.8,946.03,7
8031,8,18-25,22,博士,20246.0,1575.7,11.3,9.8,34,5.7,2.5,4.8,5.0,4.7,3.8,92.81,0
8032,102,36-45,40,硕士,10227.3,1529.2,17.0,8.9,28,6.9,3.5,5.0,7.0,4.2,4.1,105.35,0
8033,106,26-35,30,本科,6932.4,3188.0,31.5,8.0,63,3.3,4.4,7.9,6.0,3.4,4.3,978.66,8
8034,96,26-35,30,高中及以下,4692.2,592.4,8.9,7.8,27,5.8,2.8,4.4,8.6,6.6,5.2,199.56,2
8035,115,18-25,22,硕士,9168.8,658.9,18.5,9.0,43,5.8,1.0,6.5,5.6,5.7,4.9,200.65,2
8036,113,36-45,40,硕士,16467.1,4889.7,57.2,4.6,77,2.2,5.9,6.7,3.4,5.6,3.6,1742.79,9
8037,144,55+,60,本科,9063.9,200.0,20.7,8.0,48,4.6,3.5,4.9,7.5,3.7,4.1,192.46,2
8038,173,36-45,40,本科,5630.9,1015.7,21.6,6.5,13,3.5,4.4,4.8,7.8,4.7,4.3,208.75,3
8039,176,36-45,40,硕士,12168.6,542.8,20.0,7.5,12,5.2,1.2,5.8,9.5,5.3,5.7,150.36,1
8040,69,55+,60,硕士,9098.4,695.6,7.0,10.0,28,5.2,3.0,3.6,7.6,3.6,3.8,77.86,0
8041,126,26-35,30,本科,8177.5,386.6,7.5,9.1,19,4.9,3.6,7.0,8.8,5.8,5.7,55.12,0
8042,188,46-55,50,大专,4368.3,200.0,14.4,6.9,32,6.7,3.2,5.7,9.8,4.6,5.3,63.64,0
8043,118,46-55,50,本科,9105.8,1258.2,28.1,6.8,23,4.9,4.9,5.2,6.5,3.8,3.7,465.37,6
8044,131,18-25,22,本科,6393.0,1478.3,5.0,7.6,14,5.6,1.0,5.7,4.8,7.1,4.9,158.95,1
8045,167,46-55,50,高中及以下,2738.7,3267.9,31.0,7.6,31,4.6,6.5,4.9,5.3,6.4,3.8,989.1,8
8046,31,18-25,22,大专,4627.6,2943.8,29.1,7.2,41,3.8,4.5,6.7,6.3,4.6,4.4,946.03,7
8047,40,46-55,50,本科,6566.8,1973.6,16.9,9.8,24,6.2,3.4,7.4,7.4,6.7,5.7,310.59,4
8048,179,26-35,30,大专,6098.1,5067.8,58.8,5.5,99,3.9,5.4,6.2,4.3,8.0,4.5,1808.04,9
8049,183,18-25,22,高中及以下,3647.1,242.9,11.6,7.7,21,5.9,3.3,8.0,6.3,7.2,5.7,240.44,3
8050,57,36-45,40,本科,6816.7,985.2,13.5,7.3,34,7.4,3.8,6.3,7.5,2.1,4.0,108.94,1
8051,16,36-45,40,高中及以下,3204.4,1175.5,7.6,10.0,11,8.3,1.0,4.8,6.4,4.4,4.3,53.9,0
8052,164,55+,60,本科,8766.1,1707.5,23.2,7.3,33,5.2,3.6,2.8,8.0,1.9,3.1,388.92,5
8053,54,18-25,22,博士,12657.7,1705.9,22.9,8.8,42,6.4,1.4,5.4,6.6,4.8,4.6,416.13,5
8054,137,55+,60,大专,4214.7,1208.7,14.6,9.9,30,6.0,1.0,5.6,9.1,6.1,5.8,107.55,1
8055,31,46-55,50,博士,24033.7,2849.5,37.8,6.3,67,4.5,5.5,5.6,6.9,7.4,4.9,946.03,7
8056,82,55+,60,高中及以下,2625.4,2259.7,29.6,7.0,40,5.9,3.7,4.2,5.3,6.9,4.2,650.6,7
8057,108,26-35,30,本科,5474.5,1484.7,17.6,8.0,17,5.5,2.1,5.6,7.2,5.7,5.0,192.01,2
8058,78,36-45,40,本科,7775.1,738.1,12.4,8.8,5,5.7,3.7,4.7,9.7,4.2,4.8,162.68,1
8059,125,36-45,40,大专,6289.9,3952.9,56.4,3.0,80,3.5,5.4,7.6,5.8,7.0,5.1,1326.71,8
8060,173,36-45,40,大专,3173.2,1092.0,22.7,7.9,29,6.4,3.4,3.1,6.3,5.6,3.8,208.75,3
8061,119,36-45,40,本科,8279.6,1857.5,7.6,8.2,49,4.1,3.5,5.8,10.0,6.6,5.9,314.8,4
8062,117,36-45,40,高中及以下,2849.4,582.2,5.0,10.0,21,5.4,1.9,4.0,6.6,5.4,4.3,46.12,0
8063,111,55+,60,大专,4696.2,922.6,10.3,9.6,28,7.1,4.6,4.8,10.0,4.0,4.7,144.53,1
8064,186,18-25,22,大专,4248.7,809.7,13.0,9.7,43,6.6,3.1,5.3,7.7,4.8,4.6,238.23,3
8065,3,26-35,30,大专,5632.0,2415.0,33.6,9.3,39,5.1,3.9,4.5,5.5,5.8,4.0,680.64,7
8066,22,36-45,40,高中及以下,5336.8,888.3,13.8,7.8,26,5.7,2.5,2.6,7.1,7.8,4.6,158.78,1
8067,91,46-55,50,博士,15629.7,1073.4,16.0,8.8,34,4.9,1.0,5.6,9.1,4.6,5.4,390.98,5
8068,167,36-45,40,大专,5925.4,3436.4,38.3,8.8,33,3.2,5.0,5.1,4.8,6.6,4.0,989.1,8
8069,180,36-45,40,大专,5316.1,1058.5,15.7,6.5,23,6.8,1.7,4.1,8.3,4.8,4.7,277.46,4
8070,184,46-55,50,本科,6861.0,842.6,19.0,9.9,28,7.3,1.0,5.4,7.6,6.9,5.5,118.69,1
8071,55,55+,60,硕士,11869.2,1277.2,21.1,8.1,5,6.3,3.1,7.1,7.2,2.0,4.2,376.64,5
8072,91,36-45,40,高中及以下,2972.5,1467.9,15.3,8.2,23,3.0,3.8,6.7,7.0,5.9,5.1,390.98,5
8073,137,26-35,30,本科,6610.8,775.2,10.9,8.9,5,7.1,3.6,4.8,9.0,6.4,5.3,107.55,1
8074,169,46-55,50,本科,6275.0,1142.8,16.7,8.4,5,5.3,2.3,5.5,7.3,9.2,6.0,69.84,0
8075,138,55+,60,高中及以下,2213.7,1257.8,6.8,7.8,28,5.1,1.2,4.6,6.6,6.8,5.0,334.79,4
8076,179,55+,60,高中及以下,4627.6,5063.9,61.2,5.6,90,2.8,6.2,7.7,5.1,4.1,3.9,1808.04,9
8077,51,36-45,40,高中及以下,3701.5,919.9,12.3,8.6,12,5.1,4.7,6.0,7.3,9.2,5.8,100.98,0
8078,117,36-45,40,大专,6269.9,644.1,16.0,7.1,47,5.8,2.2,5.1,7.8,6.0,5.1,46.12,0
8079,112,26-35,30,大专,4947.8,382.8,12.9,8.1,8,5.0,1.9,5.8,8.0,5.0,5.1,157.63,1
8080,173,18-25,22,博士,19832.2,747.0,13.5,9.0,19,4.5,3.4,10.0,7.8,6.2,6.4,208.75,3
8081,29,26-35,30,高中及以下,2889.3,575.9,17.2,9.8,5,6.1,2.1,3.9,10.0,7.6,5.8,110.86,1
8082,124,26-35,30,本科,9592.8,855.5,25.7,8.6,23,5.1,2.6,8.0,6.5,6.1,5.5,266.9,4
8083,138,26-35,30,本科,7663.1,847.4,8.9,7.8,27,5.4,2.6,6.0,7.7,2.9,4.4,334.79,4
8084,34,26-35,30,博士,16354.3,2384.4,16.2,7.6,24,5.9,3.6,3.8,8.6,6.0,4.7,337.83,5
8085,156,36-45,40,高中及以下,5014.7,3213.6,37.7,7.4,20,4.0,6.3,5.6,6.2,5.5,4.0,958.89,8
8086,125,36-45,40,本科,7524.1,3647.5,38.1,5.7,84,2.2,5.2,4.8,3.8,3.7,2.8,1326.71,8
8087,41,55+,60,本科,9027.0,811.0,7.2,8.5,28,3.7,3.2,4.4,5.0,5.9,3.9,176.16,2
8088,179,46-55,50,博士,26467.9,5973.0,58.0,5.8,76,3.5,6.2,6.6,3.5,5.6,3.6,1808.04,9
8089,170,26-35,30,本科,10505.0,551.7,10.8,7.9,12,6.6,1.8,5.7,9.7,5.5,5.7,60.98,0
8090,6,46-55,50,本科,8359.8,1724.6,18.4,8.3,57,1.9,5.4,7.7,5.9,5.5,4.7,719.97,7
8091,50,18-25,22,大专,4990.8,465.3,20.9,9.5,25,5.5,3.8,2.3,9.4,4.4,4.1,205.22,3
8092,82,46-55,50,大专,6025.4,2315.3,28.7,5.1,32,5.8,2.3,6.3,4.6,1.6,3.2,650.6,7
8093,113,18-25,22,大专,6856.2,4589.8,54.1,4.9,71,2.5,5.4,9.6,5.8,4.5,4.9,1742.79,9
8094,118,26-35,30,本科,8478.1,2262.3,23.5,9.1,33,4.8,4.7,2.0,5.6,1.7,2.0,465.37,6
8095,31,26-35,30,硕士,14601.3,3528.6,39.7,8.2,59,5.2,5.3,6.4,4.6,6.2,4.2,946.03,7
8096,25,26-35,30,本科,10277.0,1235.2,16.5,7.1,39,8.6,2.1,8.0,9.1,5.1,6.0,165.82,2
8097,180,26-35,30,本科,6881.6,595.2,9.8,9.2,30,7.7,2.3,5.1,10.0,7.7,6.2,277.46,4
8098,154,36-45,40,大专,4227.0,961.6,11.3,8.4,33,5.3,2.8,5.5,7.7,7.2,5.4,198.95,2
8099,29,36-45,40,高中及以下,3380.5,936.8,9.3,9.3,8,4.9,2.7,3.9,8.1,6.4,4.9,110.86,1
8100,178,55+,60,本科,4638.8,1003.0,11.1,8.4,34,4.8,4.9,5.9,8.2,6.9,5.3,113.9,1
8101,60,46-55,50,高中及以下,3147.2,792.3,10.9,8.0,42,4.0,2.0,1.4,8.3,3.8,3.6,91.91,0
8102,83,46-55,50,硕士,12641.5,977.1,12.6,7.8,26,7.0,1.8,4.2,5.8,6.0,4.3,88.39,0
8103,132,55+,60,博士,15047.1,418.0,9.5,8.2,15,5.0,2.7,4.0,6.6,5.5,4.2,51.3,0
8104,134,46-55,50,本科,6282.3,227.4,14.7,9.0,24,7.0,2.7,5.6,8.5,5.5,5.2,59.18,0
8105,113,18-25,22,本科,10186.5,4674.3,47.6,6.5,78,3.3,7.0,8.4,4.7,4.5,4.0,1742.79,9
8106,31,36-45,40,硕士,13743.4,3242.4,32.1,8.8,51,2.3,3.9,6.0,4.9,5.6,4.2,946.03,7
8107,70,26-35,30,高中及以下,2688.8,1553.5,23.6,10.0,28,5.9,2.6,4.6,8.8,7.2,5.5,213.02,3
8108,107,18-25,22,高中及以下,4052.3,369.8,14.0,9.4,29,7.4,3.1,7.4,6.4,3.8,4.6,176.72,2
8109,179,55+,60,博士,23565.8,5612.2,47.6,6.7,68,3.2,6.9,7.2,5.6,6.6,4.6,1808.04,9
8110,76,55+,60,高中及以下,3069.3,1741.8,14.8,8.9,25,5.6,3.6,5.7,7.9,4.2,4.6,161.91,1
8111,163,36-45,40,本科,8127.7,584.9,14.3,8.6,17,7.1,4.6,3.9,7.0,5.5,4.0,65.32,0
8112,2,36-45,40,本科,6970.0,861.6,17.6,8.8,22,5.2,2.8,8.8,4.6,7.2,5.5,283.64,4
8113,71,26-35,30,高中及以下,3889.8,1862.5,31.5,9.3,32,3.6,3.9,6.0,7.1,3.4,4.2,690.93,7
8114,59,18-25,22,博士,22891.9,236.5,19.1,8.5,49,7.1,3.0,5.5,7.5,3.1,4.2,393.68,5
8115,174,46-55,50,硕士,11000.1,452.6,17.6,9.2,39,4.6,1.7,6.3,9.0,4.5,5.4,195.72,2
8116,48,36-45,40,高中及以下,3397.2,1108.5,10.6,8.6,12,4.8,2.6,4.6,6.3,6.9,4.7,209.27,3
8117,179,36-45,40,大专,6319.3,5369.2,55.4,8.4,62,3.9,6.4,9.2,5.6,5.1,4.8,1808.04,9
8118,113,36-45,40,本科,7659.1,5436.6,57.2,7.6,76,1.2,6.0,7.1,4.7,7.6,4.7,1742.79,9
8119,167,36-45,40,高中及以下,5749.8,2068.0,36.5,6.3,27,5.1,5.7,2.6,5.1,2.4,2.1,989.1,8
8120,75,26-35,30,大专,5919.5,1643.7,16.1,8.5,33,4.3,4.0,6.1,5.9,4.7,4.2,337.61,5
8121,71,46-55,50,高中及以下,3090.8,2689.6,28.9,7.9,20,5.0,4.7,7.2,8.9,5.7,5.6,690.93,7
8122,27,36-45,40,硕士,12152.6,444.0,18.2,8.3,29,5.3,2.4,3.9,8.7,3.6,4.3,216.09,3
8123,128,26-35,30,高中及以下,3624.9,312.3,12.3,8.4,30,6.3,1.8,4.8,7.9,4.8,4.7,163.96,2
8124,34,46-55,50,高中及以下,3375.1,883.8,13.5,7.7,31,3.6,2.7,6.1,8.5,8.5,6.2,337.83,5
8125,135,26-35,30,本科,8733.0,2898.6,28.6,7.8,50,4.6,5.6,6.6,8.4,7.8,5.7,699.2,7
8126,9,46-55,50,本科,8897.3,1460.0,15.4,8.8,13,5.3,2.2,6.5,6.8,6.2,5.3,255.33,4
8127,31,55+,60,本科,6720.3,2591.6,27.3,7.2,39,5.6,5.0,6.5,5.7,7.7,5.0,946.03,7
8128,186,36-45,40,高中及以下,2866.4,1287.7,17.5,8.8,49,6.7,1.4,4.9,10.0,5.1,5.5,238.23,3
8129,153,46-55,50,硕士,8200.6,972.5,20.6,10.0,26,5.6,3.4,5.4,8.1,6.9,5.3,187.21,2
8130,25,36-45,40,高中及以下,2845.3,1035.2,14.0,8.2,32,5.7,3.2,4.6,5.9,5.1,4.0,165.82,2
8131,86,55+,60,本科,12301.1,745.1,19.0,8.0,21,4.8,3.6,5.1,7.6,6.2,4.9,370.7,5
8132,31,36-45,40,硕士,14309.0,3127.9,40.9,7.8,37,5.5,4.4,7.0,6.8,7.2,5.4,946.03,7
8133,107,26-35,30,高中及以下,2762.6,1279.6,14.7,7.8,41,5.7,3.5,4.2,6.8,6.3,4.4,176.72,2
8134,180,26-35,30,本科,6438.5,871.5,8.5,6.6,28,4.9,5.1,6.6,7.2,5.0,4.6,277.46,4
8135,73,26-35,30,硕士,12879.1,2440.0,21.0,7.3,34,5.1,2.9,6.8,8.9,5.1,5.5,709.56,7
8136,157,26-35,30,高中及以下,3384.5,1425.1,16.6,9.0,61,4.2,3.2,3.5,8.3,6.2,4.7,238.37,3
8137,27,36-45,40,本科,9157.9,430.8,17.1,10.0,16,5.3,2.8,2.7,7.4,6.3,4.3,216.09,3
8138,75,18-25,22,本科,7713.6,1544.0,8.5,8.6,55,4.2,4.5,6.8,9.4,4.6,5.3,337.61,5
8139,67,36-45,40,硕士,13755.2,1384.9,11.8,9.8,25,5.8,3.4,6.3,10.0,6.4,6.0,404.86,5
8140,44,26-35,30,高中及以下,3016.4,200.0,10.0,8.4,22,5.5,3.5,2.0,9.6,4.0,4.0,33.83,0
8141,66,55+,60,本科,8802.0,200.0,12.1,10.0,5,6.4,2.1,6.6,9.0,4.9,5.6,138.1,1
8142,162,36-45,40,硕士,13289.5,2116.8,20.9,9.0,67,4.4,4.2,7.0,8.8,4.2,5.1,472.76,6
8143,118,36-45,40,高中及以下,3941.2,2157.3,14.0,9.0,47,4.1,2.9,6.1,8.4,6.1,5.5,465.37,6
8144,156,36-45,40,本科,9552.5,2503.6,38.2,6.6,59,3.2,3.8,4.8,4.3,1.9,2.6,958.89,8
8145,103,36-45,40,博士,18696.2,200.0,15.9,8.7,28,4.4,2.4,5.2,7.3,7.4,5.3,66.53,0
8146,73,26-35,30,硕士,12758.4,2458.7,19.6,7.6,6,5.5,4.2,6.1,6.7,4.7,4.4,709.56,7
8147,165,36-45,40,硕士,10377.9,1064.7,13.0,9.9,35,5.7,1.0,4.2,7.5,6.2,5.0,224.25,3
8148,141,36-45,40,本科,6572.3,1339.5,21.7,6.6,43,5.2,2.6,7.4,7.6,5.4,5.5,548.48,6
8149,108,36-45,40,本科,9460.1,1807.3,10.4,10.0,19,3.8,4.6,3.8,9.9,5.5,4.8,192.01,2
8150,166,36-45,40,博士,18581.0,2050.9,13.0,9.1,37,5.6,1.9,4.2,5.7,3.5,3.6,337.67,5
8151,20,46-55,50,本科,6712.5,1755.7,35.5,7.6,15,5.7,3.7,6.8,7.3,8.0,5.8,642.68,6
8152,34,26-35,30,本科,6577.4,1803.9,19.2,8.1,28,4.3,3.9,4.0,8.5,5.4,4.6,337.83,5
8153,145,46-55,50,本科,4720.9,841.0,20.5,7.6,20,5.0,2.6,4.7,6.8,5.9,4.6,324.35,4
8154,105,26-35,30,高中及以下,3119.7,984.2,15.1,9.2,28,4.6,2.3,7.6,4.1,3.7,4.1,222.31,3
8155,179,46-55,50,本科,13936.2,5122.3,60.3,6.6,70,3.3,8.0,5.9,4.5,4.1,3.0,1808.04,9
8156,148,36-45,40,本科,9611.2,916.8,16.6,9.0,19,6.0,2.7,5.7,4.2,5.2,3.9,250.12,4
8157,0,26-35,30,博士,13303.5,1021.4,23.4,9.2,5,7.5,1.3,7.7,8.0,4.2,5.5,243.89,3
8158,164,26-35,30,博士,18722.0,1183.1,27.7,8.7,60,3.6,2.1,4.4,6.6,5.4,4.4,388.92,5
8159,116,36-45,40,高中及以下,2636.0,771.7,6.5,10.0,20,5.1,2.6,3.9,6.6,7.7,4.8,143.35,1
8160,135,26-35,30,大专,6945.3,2296.8,22.3,7.4,58,3.8,4.0,6.2,7.2,5.8,4.9,699.2,7
8161,186,36-45,40,高中及以下,3178.8,1587.2,12.4,8.7,25,3.7,3.1,5.9,7.8,6.6,5.4,238.23,3
8162,184,36-45,40,大专,4659.4,1216.9,11.3,8.2,44,5.3,3.6,7.4,7.0,3.2,4.5,118.69,1
8163,83,18-25,22,高中及以下,2921.7,1594.0,17.6,9.7,23,5.5,3.7,3.6,8.3,6.3,4.7,88.39,0
8164,73,18-25,22,博士,14031.5,2778.5,23.9,7.4,63,4.9,3.9,6.4,7.0,5.8,4.9,709.56,7
8165,65,26-35,30,大专,4820.6,1321.9,22.4,7.6,36,4.7,3.2,3.6,7.4,4.5,4.0,576.08,6
8166,116,36-45,40,博士,8332.7,200.0,13.0,8.4,33,3.2,1.8,3.3,7.7,7.9,5.1,143.35,1
8167,113,26-35,30,硕士,14998.8,5749.7,56.5,6.5,72,1.6,7.0,4.9,7.6,4.4,3.8,1742.79,9
8168,156,46-55,50,本科,8485.1,4686.7,27.2,6.8,64,3.0,4.4,6.0,10.0,8.3,6.3,958.89,8
8169,122,26-35,30,本科,8475.4,2332.3,19.5,7.1,28,3.7,4.5,3.3,6.2,4.3,3.3,603.53,6
8170,156,18-25,22,硕士,13504.4,2592.5,32.1,5.2,48,3.5,3.6,3.4,7.6,6.1,4.4,958.89,8
8171,31,55+,60,硕士,12811.8,3140.7,31.9,7.1,41,2.7,6.4,3.6,5.8,8.1,4.1,946.03,7
8172,112,26-35,30,高中及以下,2386.9,395.4,13.5,8.4,31,7.4,2.1,4.6,6.4,6.8,4.8,157.63,1
8173,88,36-45,40,本科,7181.3,811.8,17.7,8.9,12,5.6,2.0,6.4,9.5,6.5,6.1,87.38,0
8174,65,36-45,40,本科,7244.6,2628.0,20.4,7.0,30,3.3,2.9,7.1,8.8,5.1,5.6,576.08,6
8175,162,26-35,30,本科,7844.1,1516.2,26.1,8.5,54,4.4,4.1,5.6,5.2,8.0,4.8,472.76,6
8176,173,18-25,22,硕士,9893.8,256.8,15.7,10.0,20,5.6,1.3,8.8,6.9,5.0,5.7,208.75,3
8177,89,36-45,40,本科,8327.8,977.4,12.0,8.2,33,4.5,3.2,4.4,10.0,3.4,4.6,247.96,3
8178,138,55+,60,本科,5761.2,1480.3,24.7,10.0,22,5.9,4.9,5.8,6.3,6.5,4.6,334.79,4
8179,43,46-55,50,博士,20821.0,770.4,5.6,9.7,17,7.4,2.6,4.6,5.3,5.5,4.0,109.83,1
8180,119,26-35,30,高中及以下,2749.9,2241.7,13.8,7.5,14,4.6,1.9,6.8,7.2,7.0,5.7,314.8,4
8181,85,46-55,50,本科,9371.3,200.0,13.4,6.4,31,6.2,2.8,5.2,8.6,7.0,5.5,89.86,0
8182,125,46-55,50,博士,23666.0,3579.9,41.0,7.0,52,1.4,6.9,7.8,5.1,6.6,4.6,1326.71,8
8183,3,36-45,40,高中及以下,3870.3,1510.3,28.3,8.9,28,4.0,3.8,3.4,5.4,4.2,3.2,680.64,7
8184,86,46-55,50,大专,4427.0,1372.5,26.6,6.4,11,5.3,5.5,4.2,7.3,6.0,4.2,370.7,5
8185,113,46-55,50,高中及以下,4801.6,5102.4,57.9,5.9,87,2.2,2.6,6.0,4.0,8.7,5.0,1742.79,9
8186,191,26-35,30,本科,6638.1,1362.6,19.1,6.6,39,4.6,4.8,6.2,9.5,7.6,6.0,349.46,5
8187,193,36-45,40,博士,17091.3,200.0,14.2,9.1,37,5.8,1.0,6.0,9.0,6.9,6.1,42.7,0
8188,113,55+,60,高中及以下,4710.8,4833.7,57.7,6.6,83,5.8,5.4,6.7,5.9,6.3,4.6,1742.79,9
8189,41,46-55,50,硕士,11726.4,432.1,24.5,9.3,38,6.1,3.8,3.7,9.4,3.2,4.1,176.16,2
8190,70,26-35,30,硕士,9177.8,629.1,9.4,7.3,34,5.2,3.0,4.6,6.3,6.9,4.7,213.02,3
8191,77,26-35,30,高中及以下,2834.3,467.6,7.4,8.8,55,6.0,3.1,6.9,8.3,7.5,6.0,110.06,1
8192,54,18-25,22,高中及以下,2728.6,1592.7,21.6,5.6,35,4.6,3.4,7.6,5.6,7.4,5.4,416.13,5
8193,156,55+,60,大专,4516.9,2427.4,33.0,9.1,61,2.9,6.0,10.0,8.7,6.4,6.3,958.89,8
8194,7,55+,60,本科,8956.0,1107.0,20.6,9.9,19,6.3,1.1,5.2,7.0,4.0,4.5,319.72,4
8195,104,36-45,40,硕士,9664.3,664.4,13.7,9.4,19,6.3,3.0,4.1,10.0,6.6,5.5,126.31,1
8196,180,18-25,22,大专,5565.8,838.7,18.2,7.0,20,4.5,3.7,5.1,5.9,5.1,4.1,277.46,4
8197,159,26-35,30,高中及以下,4199.1,1151.1,20.2,7.6,24,7.5,3.0,6.5,8.1,3.9,4.9,286.16,4
8198,55,26-35,30,大专,5130.1,2257.5,16.9,8.4,46,5.5,2.0,5.8,5.7,6.5,4.9,376.64,5
8199,7,36-45,40,本科,8634.2,1021.8,16.5,8.1,9,4.6,2.9,2.7,5.9,5.0,3.5,319.72,4
8200,159,46-55,50,硕士,11717.2,950.2,17.6,7.6,57,4.0,2.2,7.2,7.7,3.4,4.9,286.16,4
8201,29,26-35,30,大专,4172.2,824.9,16.5,9.1,28,5.6,2.8,4.1,6.5,3.8,3.7,110.86,1
8202,0,26-35,30,高中及以下,4320.5,888.4,18.3,9.0,23,4.5,1.3,2.7,4.2,1.2,2.1,243.89,3
8203,6,26-35,30,博士,16944.2,2714.4,30.6,8.7,32,3.9,3.5,7.6,7.7,4.5,5.2,719.97,7
8204,125,36-45,40,本科,8105.3,3584.9,37.1,5.3,50,3.2,4.5,4.2,3.9,4.7,3.0,1326.71,8
8205,31,26-35,30,高中及以下,3896.7,2704.0,34.6,10.0,43,4.6,5.1,8.0,4.6,3.5,3.9,946.03,7
8206,48,18-25,22,硕士,11312.9,814.0,14.1,8.9,25,6.3,2.9,6.2,6.4,6.2,5.0,209.27,3
8207,6,36-45,40,高中及以下,3228.8,2931.9,35.2,7.8,67,5.7,4.4,6.3,6.7,7.5,5.2,719.97,7
8208,114,36-45,40,大专,4629.2,606.2,10.9,8.1,28,4.7,2.7,7.4,10.0,5.3,6.1,122.44,1
8209,18,36-45,40,博士,13233.8,456.5,7.7,9.0,7,6.9,4.7,4.1,9.0,5.6,4.7,59.86,0
8210,55,46-55,50,大专,3962.8,1611.3,19.8,7.6,27,5.3,3.9,5.3,7.7,4.4,4.4,376.64,5
8211,106,36-45,40,本科,7749.7,3309.4,24.8,6.6,37,2.5,2.1,4.2,6.8,3.1,3.7,978.66,8
8212,3,36-45,40,高中及以下,3026.1,1801.4,26.0,7.6,66,4.9,3.2,5.8,6.7,5.0,4.5,680.64,7
8213,113,26-35,30,硕士,11095.7,5693.8,55.7,5.4,91,4.1,7.1,5.9,7.7,7.9,5.1,1742.79,9
8214,36,26-35,30,高中及以下,4317.7,903.7,6.8,7.8,17,7.1,2.3,4.3,10.0,5.8,5.4,182.89,2
8215,125,26-35,30,本科,9135.7,3325.9,44.9,7.4,47,4.2,6.6,7.7,3.6,3.3,3.2,1326.71,8
8216,60,18-25,22,本科,6003.9,496.1,11.5,9.0,5,8.7,3.0,6.5,9.4,6.8,6.1,91.91,0
8217,166,18-25,22,本科,8045.1,1424.8,21.8,8.2,39,6.5,3.7,9.2,5.3,6.0,5.3,337.67,5
8218,141,18-25,22,硕士,14045.9,2528.8,16.7,6.9,32,5.3,3.4,4.4,7.2,6.3,4.6,548.48,6
8219,118,18-25,22,大专,5124.5,2161.4,18.2,8.8,42,6.2,3.4,6.3,5.8,6.9,4.9,465.37,6
8220,131,46-55,50,高中及以下,3032.8,1167.6,8.8,10.0,18,5.7,1.8,6.3,6.4,6.4,5.2,158.95,1
8221,199,26-35,30,本科,8889.6,710.2,10.8,8.7,25,5.1,2.0,4.4,7.2,6.4,4.9,47.32,0
8222,87,26-35,30,硕士,14160.7,1650.9,12.3,9.0,29,6.1,3.3,5.0,8.7,5.6,5.0,206.18,3
8223,75,18-25,22,大专,4429.5,1634.0,15.5,8.4,12,3.2,2.7,4.0,9.6,6.4,5.3,337.61,5
8224,118,46-55,50,大专,4518.5,1628.2,11.4,8.6,32,4.6,1.4,5.2,5.7,5.0,4.3,465.37,6
8225,12,18-25,22,大专,5209.8,368.0,7.8,8.7,27,6.8,3.6,3.8,8.6,8.9,5.6,189.04,2
8226,12,36-45,40,本科,7340.7,1092.0,19.9,6.9,44,5.2,2.5,5.2,5.8,4.5,4.1,189.04,2
8227,125,46-55,50,大专,6166.8,3898.9,42.9,7.8,45,5.5,5.0,10.0,6.7,7.7,6.3,1326.71,8
8228,151,55+,60,博士,15609.9,1092.0,13.2,7.5,19,5.0,2.3,4.1,4.8,5.0,3.6,209.86,3
8229,156,26-35,30,高中及以下,4076.8,3570.5,32.3,5.8,71,5.8,4.4,6.8,7.8,5.9,5.2,958.89,8
8230,138,36-45,40,高中及以下,2582.4,1649.5,25.0,8.2,17,5.0,4.8,7.2,7.3,5.3,5.0,334.79,4
8231,156,26-35,30,本科,13076.8,3459.3,43.3,8.6,48,5.6,5.0,5.4,7.2,3.4,3.9,958.89,8
8232,78,36-45,40,本科,8980.6,982.5,10.6,9.3,14,3.7,1.7,4.8,8.3,5.6,5.1,162.68,1
8233,158,26-35,30,本科,10865.3,729.1,9.7,8.6,24,6.9,1.4,1.7,7.2,5.2,3.8,45.09,0
8234,54,46-55,50,高中及以下,2841.7,1706.2,21.2,10.0,39,4.6,2.6,5.9,8.5,7.2,5.8,416.13,5
8235,71,46-55,50,大专,7981.5,2670.6,19.7,8.5,39,6.1,3.9,6.1,6.6,4.3,4.3,690.93,7
8236,6,46-55,50,本科,8423.8,2179.2,36.3,6.9,65,5.3,4.1,6.8,6.4,3.5,4.2,719.97,7
8237,177,36-45,40,硕士,10760.6,2081.8,31.2,8.4,36,4.9,5.9,4.5,6.4,4.8,3.6,634.94,6
8238,141,46-55,50,本科,9498.7,2416.4,25.3,7.5,47,6.2,3.2,5.8,10.0,5.7,5.7,548.48,6
8239,179,55+,60,本科,15314.4,4639.1,52.8,5.3,91,2.0,6.4,7.4,3.6,6.9,4.2,1808.04,9
8240,72,18-25,22,本科,5227.7,958.6,5.9,9.0,50,4.9,2.7,6.2,10.0,5.7,5.9,143.19,1
8241,177,18-25,22,硕士,12224.1,3197.9,28.3,7.0,49,4.8,3.2,9.2,6.1,7.8,6.1,634.94,6
8242,118,18-25,22,大专,4626.9,1213.9,23.9,7.8,55,4.7,2.9,5.2,9.3,6.2,5.5,465.37,6
8243,164,36-45,40,大专,3610.6,2089.2,28.8,7.0,31,6.5,2.9,5.3,7.3,7.3,5.3,388.92,5
8244,113,26-35,30,高中及以下,4270.4,5838.1,48.7,6.5,63,1.8,4.7,5.3,5.5,6.9,4.4,1742.79,9
8245,3,46-55,50,硕士,14694.1,2414.6,33.9,7.8,62,5.2,4.8,6.6,6.8,4.6,4.5,680.64,7
8246,111,18-25,22,大专,4007.2,1711.0,8.1,9.4,7,7.8,4.0,4.6,7.4,6.2,4.6,144.53,1
8247,156,18-25,22,本科,13583.0,2825.5,20.8,7.6,62,5.0,6.0,4.3,8.4,5.8,4.4,958.89,8
8248,191,26-35,30,高中及以下,2296.0,1143.9,21.7,6.6,13,4.7,4.6,6.4,6.6,5.1,4.5,349.46,5
8249,125,46-55,50,硕士,11369.5,4859.3,53.1,6.3,40,4.1,4.9,6.7,6.9,5.4,4.7,1326.71,8
8250,145,46-55,50,高中及以下,4253.2,200.0,23.0,8.2,22,4.4,3.7,5.2,7.3,7.4,5.2,324.35,4
8251,179,18-25,22,本科,13166.9,6377.2,62.6,6.7,65,2.5,8.5,8.2,2.7,6.5,3.8,1808.04,9
8252,158,18-25,22,硕士,8318.5,381.8,14.9,9.5,9,6.2,1.9,4.7,9.3,6.4,5.6,45.09,0
8253,167,18-25,22,硕士,10820.7,2783.8,34.0,9.0,44,5.6,3.6,4.8,7.0,8.0,5.1,989.1,8
8254,149,18-25,22,博士,10898.6,200.0,16.8,10.0,44,6.3,2.1,4.9,8.0,5.7,5.0,199.73,2
8255,114,55+,60,高中及以下,3985.5,1046.1,18.1,6.0,51,5.4,3.1,5.3,5.6,6.5,4.5,122.44,1
8256,145,26-35,30,硕士,12850.5,1189.3,21.3,8.6,56,7.1,2.8,6.6,8.1,6.2,5.6,324.35,4
8257,31,26-35,30,本科,8347.1,3731.6,30.6,8.9,37,4.8,3.2,6.1,7.8,8.1,5.8,946.03,7
8258,25,46-55,50,本科,7932.7,1304.0,5.7,7.4,40,4.8,4.8,6.2,8.3,4.4,4.7,165.82,2
8259,86,46-55,50,硕士,9454.3,1180.7,19.1,9.0,24,3.8,2.4,3.8,7.5,7.2,4.9,370.7,5
8260,31,55+,60,高中及以下,3104.5,2803.1,31.4,8.2,56,3.2,4.5,4.5,4.5,6.9,3.9,946.03,7
8261,89,18-25,22,硕士,12150.3,2052.1,16.3,8.3,24,5.6,4.0,8.1,3.4,6.7,4.6,247.96,3
8262,179,18-25,22,大专,6439.7,5250.6,57.7,3.7,81,2.7,6.3,7.5,4.2,3.0,3.3,1808.04,9
8263,161,46-55,50,高中及以下,3776.6,1607.1,12.9,8.0,60,5.4,2.8,6.6,7.8,2.7,4.5,326.06,4
8264,65,26-35,30,高中及以下,3071.0,1797.3,21.9,5.9,46,6.3,2.8,4.8,7.2,7.8,5.3,576.08,6
8265,179,36-45,40,硕士,20513.2,5698.2,49.3,8.3,81,3.9,7.7,8.9,4.2,5.8,4.3,1808.04,9
8266,11,36-45,40,大专,3704.9,1175.4,7.2,10.0,13,5.7,1.1,6.7,6.9,8.4,6.1,93.16,0
8267,113,26-35,30,高中及以下,4657.9,5353.6,48.0,4.7,101,2.9,6.0,7.8,6.7,5.4,4.8,1742.79,9
8268,36,26-35,30,硕士,10232.6,276.3,12.4,8.9,42,4.5,2.6,5.2,7.9,6.7,5.3,182.89,2
8269,73,18-25,22,本科,7869.3,1301.8,33.6,7.1,57,3.9,3.5,6.4,6.0,7.8,5.3,709.56,7
8270,82,26-35,30,硕士,12646.5,1690.2,25.7,7.1,36,2.6,2.7,4.5,7.1,6.7,4.8,650.6,7
8271,94,46-55,50,本科,4369.8,200.0,16.7,8.5,35,5.0,3.8,6.9,5.0,3.5,3.9,100.27,0
8272,141,18-25,22,博士,14566.3,2015.0,28.0,8.1,76,5.8,3.1,5.5,10.0,6.7,5.9,548.48,6
8273,135,26-35,30,大专,6789.1,1798.9,32.7,6.8,34,3.5,4.3,6.1,7.6,6.5,5.2,699.2,7
8274,113,46-55,50,本科,12495.2,4803.1,50.7,6.0,61,2.0,6.3,6.0,6.5,7.2,4.7,1742.79,9
8275,64,46-55,50,本科,8250.2,1671.5,17.2,7.9,44,5.9,1.9,2.9,8.8,6.3,4.9,334.46,4
8276,78,26-35,30,本科,6427.5,487.1,16.0,8.9,23,3.5,2.3,5.4,7.8,8.7,5.9,162.68,1
8277,46,36-45,40,高中及以下,2362.1,200.0,5.0,6.1,25,4.0,3.9,5.9,7.2,5.1,4.6,93.63,0
8278,9,46-55,50,大专,4531.2,1205.4,14.3,7.4,6,4.5,2.0,7.2,7.5,4.0,5.1,255.33,4
8279,76,55+,60,本科,7509.2,1116.5,14.9,8.7,18,5.3,1.1,4.0,7.7,7.2,5.2,161.91,1
8280,119,26-35,30,高中及以下,4108.2,947.2,19.9,7.0,31,6.2,3.4,5.4,7.1,4.9,4.5,314.8,4
8281,113,26-35,30,大专,7471.9,4656.6,55.7,4.5,65,2.8,6.9,7.0,3.9,7.9,4.4,1742.79,9
8282,134,36-45,40,高中及以下,3165.9,498.6,13.4,8.7,17,5.7,2.7,4.3,6.5,5.2,4.2,59.18,0
8283,65,26-35,30,本科,6243.6,1971.8,21.5,6.9,51,6.1,3.1,6.7,8.2,3.7,4.9,576.08,6
8284,106,26-35,30,博士,15882.9,3331.5,34.3,7.8,67,3.2,5.2,6.1,8.0,4.8,4.7,978.66,8
8285,189,26-35,30,高中及以下,3936.3,392.0,8.9,9.5,41,5.5,1.6,4.7,5.9,5.4,4.3,32.63,0
8286,76,18-25,22,高中及以下,2749.0,433.4,21.7,8.8,46,6.2,2.2,5.0,9.4,4.1,5.0,161.91,1
8287,98,26-35,30,大专,3954.1,894.9,13.7,10.0,5,6.8,3.4,4.6,9.3,5.5,5.1,149.17,1
8288,17,36-45,40,本科,6463.3,243.2,15.7,9.1,24,5.8,3.3,4.6,7.4,5.5,4.5,203.21,3
8289,31,46-55,50,本科,8802.5,2750.5,37.3,6.8,75,3.6,3.0,4.4,6.3,4.7,4.0,946.03,7
8290,133,46-55,50,本科,7461.1,753.9,9.9,9.1,6,6.2,3.8,4.8,8.0,5.6,4.7,238.31,3
8291,185,26-35,30,高中及以下,2999.2,1120.2,15.2,9.1,46,5.5,4.2,7.2,8.1,5.6,5.4,303.08,4
8292,180,55+,60,博士,15865.8,1558.2,18.1,7.6,24,5.7,3.0,6.0,8.9,3.6,4.9,277.46,4
8293,118,18-25,22,本科,5802.7,1481.6,18.9,8.7,37,4.2,4.6,4.7,9.8,4.7,4.8,465.37,6
8294,107,46-55,50,硕士,11234.4,200.0,23.1,8.6,6,6.4,4.0,4.9,7.7,5.4,4.6,176.72,2
8295,191,36-45,40,本科,6684.8,1535.5,24.4,8.2,34,6.0,2.4,6.9,8.9,7.1,6.2,349.46,5
8296,118,36-45,40,博士,13737.4,455.9,30.7,8.7,35,3.7,3.7,4.6,5.9,5.6,4.1,465.37,6
8297,180,26-35,30,硕士,8652.4,1797.7,14.3,8.1,34,5.4,3.8,2.7,5.6,3.9,2.9,277.46,4
8298,167,26-35,30,硕士,12523.1,3639.9,37.2,6.9,48,3.1,5.1,6.1,4.3,4.8,3.6,989.1,8
8299,113,18-25,22,博士,31873.1,5324.3,52.7,7.2,88,2.7,6.3,5.1,5.6,7.3,4.2,1742.79,9
8300,55,46-55,50,本科,8860.6,200.0,12.6,10.0,27,5.5,1.0,3.4,7.3,6.6,4.8,376.64,5
8301,113,46-55,50,硕士,14561.9,4778.4,54.2,7.1,60,2.3,6.8,7.5,4.8,4.2,3.7,1742.79,9
8302,152,26-35,30,本科,9018.8,1618.1,11.7,8.1,5,6.5,2.6,3.6,6.6,8.0,4.8,75.19,0
8303,154,46-55,50,本科,6250.8,200.0,14.2,7.7,41,5.0,3.0,5.9,9.4,8.6,6.4,198.95,2
8304,169,55+,60,高中及以下,3833.8,449.8,11.5,8.1,28,5.2,1.9,6.1,7.4,7.0,5.6,69.84,0
8305,106,36-45,40,高中及以下,3649.8,3403.9,42.2,8.8,47,4.7,5.1,4.5,7.0,4.3,3.8,978.66,8
8306,113,36-45,40,硕士,13232.9,4870.3,59.0,4.6,108,2.0,5.2,6.0,3.6,5.0,3.4,1742.79,9
8307,4,18-25,22,本科,6872.8,890.0,24.5,8.6,20,6.8,1.0,4.9,6.7,4.0,4.3,117.43,1
8308,93,36-45,40,本科,6137.9,713.2,20.7,8.6,48,5.5,4.8,4.7,10.0,3.2,4.4,106.95,0
8309,165,26-35,30,高中及以下,3371.6,200.0,15.1,8.9,40,4.4,1.6,6.9,9.8,2.6,5.3,224.25,3
8310,125,36-45,40,高中及以下,4485.8,2990.5,43.6,8.8,67,4.4,4.3,5.3,5.3,6.8,4.4,1326.71,8
8311,5,36-45,40,大专,5625.8,835.8,13.4,7.8,5,7.5,2.6,4.3,9.7,7.3,5.7,117.43,1
8312,62,26-35,30,高中及以下,3017.3,748.9,6.7,9.0,28,6.3,4.2,5.9,7.4,6.2,5.0,49.09,0
8313,138,26-35,30,高中及以下,2770.8,1871.4,19.5,8.4,50,5.6,2.1,4.7,8.5,3.3,4.4,334.79,4
8314,141,26-35,30,高中及以下,3734.1,1646.6,23.6,8.8,54,5.7,4.9,7.7,5.7,7.1,5.2,548.48,6
8315,144,18-25,22,本科,10215.0,718.7,7.1,9.1,32,4.9,2.1,2.6,5.9,5.9,3.8,192.46,2
8316,82,46-55,50,本科,8376.9,2712.4,25.5,9.3,64,6.0,3.9,5.9,8.8,6.5,5.5,650.6,7
8317,124,36-45,40,大专,4441.6,1928.4,20.0,8.6,38,5.7,1.2,4.9,7.1,4.4,4.5,266.9,4
8318,114,36-45,40,本科,8304.0,563.7,5.0,9.6,20,2.8,3.6,6.1,9.2,4.3,5.1,122.44,1
8319,173,18-25,22,高中及以下,3456.1,945.3,14.7,10.0,31,4.6,1.4,5.8,7.5,5.7,5.2,208.75,3
8320,31,36-45,40,本科,7077.2,3498.7,33.5,6.2,49,2.6,4.9,7.9,8.0,5.9,5.5,946.03,7
8321,47,36-45,40,高中及以下,3676.2,1215.0,19.4,7.9,38,4.3,2.0,1.0,8.4,2.9,3.2,427.14,6
8322,179,46-55,50,大专,5263.3,5132.5,57.5,6.6,65,2.3,8.2,8.5,6.1,5.9,4.7,1808.04,9
8323,70,36-45,40,大专,4548.7,945.0,13.1,9.7,38,4.6,3.7,7.7,6.2,4.5,4.7,213.02,3
8324,161,46-55,50,高中及以下,2687.5,1763.6,14.6,7.8,23,4.9,4.1,5.9,9.1,7.3,5.8,326.06,4
8325,179,26-35,30,硕士,17768.9,4702.6,57.1,4.5,44,3.5,6.6,8.4,6.6,6.8,5.3,1808.04,9
8326,106,46-55,50,博士,20142.9,3169.0,37.1,7.7,39,3.8,6.2,7.4,3.5,4.3,3.5,978.66,8
8327,86,26-35,30,本科,7545.3,1705.6,17.6,6.5,5,5.7,1.8,5.9,7.5,6.6,5.5,370.7,5
8328,82,18-25,22,本科,8441.8,2237.3,21.8,9.0,64,5.0,2.9,5.1,6.0,2.1,3.4,650.6,7
8329,113,26-35,30,硕士,18331.6,5526.0,50.6,7.3,79,1.4,6.9,8.2,3.9,8.1,4.8,1742.79,9
8330,73,36-45,40,高中及以下,3375.5,2962.9,31.3,8.2,58,5.0,4.4,6.8,6.3,5.5,4.7,709.56,7
8331,177,55+,60,博士,24855.7,1869.3,23.7,8.9,26,5.1,4.4,6.1,7.8,6.3,5.1,634.94,6
8332,106,36-45,40,大专,5666.9,2093.6,28.8,7.0,69,6.0,5.4,4.8,6.1,4.5,3.6,978.66,8
8333,3,18-25,22,博士,21972.1,2238.3,27.5,4.9,32,5.4,2.9,5.6,7.0,5.1,4.6,680.64,7
8334,72,46-55,50,大专,4835.2,247.3,16.4,7.1,19,5.8,3.1,6.6,8.7,3.5,4.9,143.19,1
8335,73,18-25,22,大专,7647.6,2546.4,26.8,7.9,72,5.2,3.9,4.3,8.3,5.9,4.7,709.56,7
8336,156,26-35,30,博士,21813.3,3528.9,37.4,6.4,13,4.1,2.2,4.8,4.6,6.8,4.3,958.89,8
8337,162,26-35,30,本科,7104.0,2474.5,28.9,8.9,23,5.4,4.5,3.8,8.4,5.0,4.3,472.76,6
8338,175,26-35,30,硕士,13905.6,402.1,19.7,10.0,26,7.6,4.3,6.8,8.2,5.0,5.1,339.4,5
8339,179,26-35,30,硕士,14190.3,4927.2,50.4,5.1,69,3.0,4.7,5.6,6.6,6.0,4.5,1808.04,9
8340,167,36-45,40,大专,4394.3,2705.4,29.3,7.5,59,4.6,2.7,9.2,6.9,5.4,5.8,989.1,8
8341,65,18-25,22,本科,7814.6,2054.3,23.7,7.3,43,5.0,2.4,7.8,6.3,6.0,5.4,576.08,6
8342,82,18-25,22,本科,8231.7,2535.1,17.4,7.7,61,4.5,4.4,7.3,8.2,5.9,5.5,650.6,7
8343,119,18-25,22,本科,5012.5,1400.4,11.4,7.4,11,6.5,3.0,4.7,5.5,5.4,4.0,314.8,4
8344,10,46-55,50,硕士,9982.7,283.3,15.7,8.4,29,5.3,2.4,4.7,8.9,3.7,4.6,93.37,0
8345,156,26-35,30,本科,7242.2,1612.0,33.9,7.8,49,1.7,4.4,8.6,5.0,3.7,4.3,958.89,8
8346,106,36-45,40,本科,12206.3,2938.4,30.9,7.8,33,5.3,2.7,5.6,7.8,4.6,4.8,978.66,8
8347,179,46-55,50,硕士,15190.9,4907.1,49.2,6.2,56,3.6,7.1,7.6,3.1,5.2,3.5,1808.04,9
8348,145,55+,60,硕士,8010.7,481.2,22.4,7.7,24,4.6,2.6,5.7,10.0,5.8,5.8,324.35,4
8349,148,36-45,40,本科,7893.4,1599.4,18.5,8.6,32,6.9,3.3,5.7,7.0,8.1,5.5,250.12,4
8350,42,26-35,30,本科,6673.4,200.0,13.8,7.8,9,6.2,2.1,7.4,9.3,3.7,5.5,132.2,1
8351,186,55+,60,硕士,7529.3,845.3,23.4,9.5,14,5.2,3.1,4.3,7.5,3.4,3.9,238.23,3
8352,191,36-45,40,本科,5772.1,1945.6,21.4,6.7,10,6.4,1.5,5.7,6.5,8.5,5.7,349.46,5
8353,122,55+,60,本科,6071.1,1485.3,19.5,6.9,33,5.3,3.6,5.6,5.6,8.5,5.1,603.53,6
8354,48,26-35,30,高中及以下,3279.8,714.8,19.8,9.5,36,4.4,3.7,4.2,8.6,6.2,4.9,209.27,3
8355,17,46-55,50,大专,3946.3,1031.7,12.3,7.1,17,4.4,2.3,5.2,8.3,8.4,5.9,203.21,3
8356,159,26-35,30,硕士,11690.8,1782.1,24.3,9.6,37,4.2,3.1,5.4,9.7,2.7,4.6,286.16,4
8357,128,36-45,40,高中及以下,3882.6,594.4,10.9,8.7,28,7.1,1.9,3.1,7.1,3.1,3.5,163.96,2
8358,34,36-45,40,本科,6334.2,983.2,14.5,8.3,42,3.7,3.6,5.5,8.3,5.3,4.9,337.83,5
8359,164,26-35,30,大专,5264.7,1872.9,20.1,8.2,61,5.8,3.1,8.1,6.2,5.5,5.2,388.92,5
8360,40,55+,60,大专,4379.2,855.3,13.0,7.4,21,5.1,3.1,2.3,7.9,6.6,4.4,310.59,4
8361,46,46-55,50,高中及以下,2551.9,200.0,20.0,10.0,36,7.7,2.5,4.3,8.8,6.5,5.2,93.63,0
8362,119,18-25,22,本科,7049.7,1314.8,18.2,8.7,35,5.2,3.7,3.1,6.1,5.7,3.7,314.8,4
8363,112,46-55,50,高中及以下,2586.1,925.2,15.8,10.0,19,5.2,3.4,6.1,7.0,4.0,4.4,157.63,1
8364,125,36-45,40,大专,4759.3,3159.1,34.5,6.8,59,2.9,6.5,6.1,4.1,4.6,3.3,1326.71,8
8365,113,46-55,50,博士,20231.9,6174.2,61.1,6.7,44,2.6,5.6,7.4,4.8,5.6,4.3,1742.79,9
8366,167,26-35,30,本科,7325.9,2637.5,23.8,6.3,48,2.7,4.0,6.4,5.9,4.4,4.2,989.1,8
8367,0,55+,60,本科,7704.6,897.1,13.6,9.3,5,4.7,4.1,3.3,7.4,6.0,4.2,243.89,3
8368,86,36-45,40,本科,8606.6,1212.3,15.1,6.8,51,4.3,4.1,6.0,6.0,5.2,4.3,370.7,5
8369,166,46-55,50,博士,17757.5,1573.3,15.5,9.1,26,6.3,3.1,5.5,10.0,4.9,5.4,337.67,5
8370,116,46-55,50,本科,4687.6,541.9,15.9,8.2,9,6.9,2.6,7.8,5.8,5.3,5.0,143.35,1
8371,195,26-35,30,本科,5450.2,1404.4,11.7,8.8,11,6.0,2.8,8.0,6.6,6.1,5.5,218.18,3
8372,192,36-45,40,硕士,12437.1,907.3,18.3,10.0,14,3.6,1.8,6.7,7.4,7.9,6.0,183.85,2
8373,186,36-45,40,本科,7841.0,907.9,16.6,7.7,30,5.0,4.7,4.4,5.9,4.5,3.6,238.23,3
8374,193,18-25,22,本科,6160.3,1016.6,12.1,9.1,27,5.3,2.1,6.5,8.8,6.4,5.9,42.7,0
8375,113,26-35,30,博士,15575.9,4979.5,54.1,6.3,79,1.9,7.1,6.7,1.5,7.1,3.4,1742.79,9
8376,113,18-25,22,本科,12047.5,5899.2,56.4,7.4,66,4.4,5.2,5.1,7.3,6.2,4.6,1742.79,9
8377,113,26-35,30,硕士,16636.5,4306.0,55.3,6.4,93,3.6,5.2,5.6,5.8,4.8,3.9,1742.79,9
8378,1,26-35,30,硕士,10401.1,1047.9,16.5,8.0,37,4.9,3.7,2.2,10.0,5.7,4.6,129.25,1
8379,53,55+,60,本科,8731.7,1150.1,14.8,7.9,47,5.0,3.6,4.8,6.0,4.5,3.9,273.6,4
8380,43,55+,60,大专,4853.8,1534.6,8.9,7.8,31,5.1,3.4,5.7,9.6,7.8,6.1,109.83,1
8381,31,36-45,40,硕士,11718.9,2426.4,40.0,8.3,42,4.0,4.9,4.0,4.1,3.9,2.7,946.03,7
8382,58,26-35,30,大专,5769.8,1807.0,17.2,10.0,18,6.0,2.3,5.9,8.8,6.0,5.6,206.7,3
8383,195,46-55,50,本科,6274.6,1766.0,25.5,7.1,26,5.3,1.5,8.0,8.5,7.5,6.6,218.18,3
8384,0,36-45,40,高中及以下,3908.5,1576.0,11.4,9.7,38,3.7,3.1,4.0,8.3,6.1,4.8,243.89,3
8385,106,26-35,30,本科,7099.5,2936.1,43.4,6.4,65,4.4,4.6,5.1,5.2,4.8,3.7,978.66,8
8386,167,46-55,50,本科,9728.0,3027.2,41.0,7.4,41,4.7,5.6,6.4,9.0,4.2,4.8,989.1,8
8387,81,26-35,30,本科,7123.0,200.0,16.7,8.8,29,6.8,3.1,6.3,6.6,3.5,4.2,212.11,3
8388,70,26-35,30,高中及以下,3409.6,478.6,12.8,8.7,47,5.5,2.6,4.8,5.5,6.2,4.3,213.02,3
8389,105,46-55,50,本科,7249.8,1302.0,21.7,7.2,43,5.9,3.2,6.7,8.9,5.4,5.5,222.31,3
8390,164,26-35,30,本科,8032.4,1533.7,22.8,7.6,36,4.3,4.1,7.6,7.8,7.6,6.0,388.92,5
8391,65,26-35,30,博士,25586.0,1866.5,22.0,8.5,40,4.7,4.5,8.1,5.7,4.7,4.6,576.08,6
8392,177,55+,60,本科,14965.6,2195.7,26.8,8.4,71,4.7,6.1,3.7,8.9,4.6,4.0,634.94,6
8393,64,46-55,50,博士,17875.6,1260.8,20.5,8.9,37,6.8,3.3,3.5,5.9,7.6,4.4,334.46,4
8394,82,18-25,22,大专,4796.4,2389.0,31.9,7.4,47,6.2,2.5,7.9,7.3,5.4,5.5,650.6,7
8395,86,18-25,22,本科,9871.2,1736.9,17.3,7.3,35,8.7,3.6,2.5,6.1,6.3,3.7,370.7,5
8396,135,26-35,30,博士,15478.3,2046.0,16.2,8.5,21,3.0,3.3,4.2,7.3,2.9,3.6,699.2,7
8397,28,55+,60,博士,16910.3,745.2,10.3,8.5,22,4.6,4.6,5.9,10.0,2.5,4.6,81.4,0
8398,64,55+,60,本科,6061.6,1309.8,15.4,7.0,27,4.6,3.5,5.3,7.0,4.4,4.3,334.46,4
8399,29,26-35,30,硕士,11041.7,399.9,25.0,8.4,17,6.7,2.2,4.0,7.0,4.5,4.1,110.86,1
8400,31,36-45,40,大专,4862.1,3603.2,33.4,7.5,33,3.8,5.2,3.9,6.4,5.0,3.6,946.03,7
8401,98,36-45,40,高中及以下,3163.7,573.3,14.2,8.2,51,5.4,3.4,3.7,8.5,4.6,4.3,149.17,1
8402,125,46-55,50,本科,7231.0,4600.6,48.5,6.7,59,3.6,5.9,6.2,4.2,2.8,2.9,1326.71,8
8403,124,26-35,30,硕士,14897.4,671.5,28.6,6.9,21,6.0,4.2,4.4,9.1,6.0,5.0,266.9,4
8404,156,18-25,22,博士,22543.3,2885.5,34.4,7.8,45,4.0,6.3,5.6,6.1,6.6,4.3,958.89,8
8405,135,36-45,40,高中及以下,3115.1,2619.2,24.1,8.6,25,4.7,3.9,7.4,7.3,5.4,5.2,699.2,7
8406,162,26-35,30,硕士,14043.7,1463.7,24.6,6.8,34,4.0,2.2,5.1,10.0,4.3,5.2,472.76,6
8407,179,46-55,50,硕士,21037.9,4393.1,57.9,5.3,43,2.8,4.6,5.1,1.0,4.9,2.5,1808.04,9
8408,122,26-35,30,高中及以下,3278.1,2669.2,24.8,9.0,35,4.2,4.4,7.2,7.0,6.8,5.4,603.53,6
8409,188,26-35,30,高中及以下,2714.1,1545.8,13.8,9.2,20,4.9,2.2,7.1,6.2,8.9,6.0,63.64,0
8410,59,26-35,30,本科,9436.2,924.4,27.0,10.0,34,4.7,3.1,5.3,4.6,6.5,4.2,393.68,5
8411,156,18-25,22,高中及以下,4725.8,2384.6,35.4,7.6,60,5.9,4.4,7.4,8.6,3.0,4.8,958.89,8
8412,140,18-25,22,高中及以下,2386.2,891.5,17.2,8.8,38,5.4,3.3,5.8,10.0,4.1,5.2,186.32,2
8413,124,55+,60,硕士,9997.6,1009.0,19.0,8.4,40,6.3,1.5,4.1,10.0,3.2,4.7,266.9,4
8414,28,18-25,22,本科,7561.3,1123.9,9.9,10.0,5,5.2,1.6,4.1,6.3,3.1,3.6,81.4,0
8415,85,26-35,30,硕士,10579.0,1070.7,8.1,6.9,50,7.0,4.4,4.7,10.0,1.7,4.1,89.86,0
8416,127,36-45,40,硕士,11510.5,1087.7,11.9,8.4,5,6.2,3.1,4.1,7.1,5.9,4.4,84.24,0
8417,162,46-55,50,本科,7586.3,2091.1,22.0,7.4,66,6.9,4.4,6.4,7.2,7.6,5.4,472.76,6
8418,3,18-25,22,大专,6237.3,1772.8,21.0,8.4,48,4.6,2.3,3.7,7.7,6.6,4.8,680.64,7
8419,53,36-45,40,大专,6308.9,991.3,13.2,8.8,19,6.1,2.5,5.9,7.8,5.6,5.2,273.6,4
8420,179,46-55,50,硕士,11243.8,4925.3,60.7,4.6,81,2.2,7.7,6.1,4.5,5.9,3.6,1808.04,9
8421,5,18-25,22,硕士,8240.1,310.5,15.5,8.8,19,3.9,2.0,5.1,7.7,7.2,5.4,117.43,1
8422,31,26-35,30,本科,8972.0,3245.5,39.1,8.6,40,6.6,3.5,4.8,5.1,4.7,3.7,946.03,7
8423,159,26-35,30,高中及以下,3491.9,995.4,18.2,8.6,30,5.3,4.1,4.6,6.9,5.1,4.2,286.16,4
8424,122,36-45,40,本科,6703.5,3450.3,17.4,9.7,59,6.6,3.0,3.4,7.3,6.3,4.4,603.53,6
8425,190,36-45,40,高中及以下,2567.7,757.9,11.9,9.4,13,5.6,3.6,3.6,10.0,4.6,4.7,94.96,0
8426,179,18-25,22,硕士,11514.5,5735.0,58.2,4.3,85,2.3,6.7,9.5,4.7,4.2,4.3,1808.04,9
8427,144,46-55,50,本科,7809.9,1572.8,14.6,7.8,26,5.2,2.8,4.1,7.1,8.2,5.1,192.46,2
8428,31,46-55,50,博士,17520.7,2762.3,34.3,7.8,63,3.8,3.6,5.9,9.4,3.0,4.7,946.03,7
8429,66,55+,60,博士,12608.4,1097.5,12.4,9.0,35,5.9,2.8,4.0,7.4,8.3,5.2,138.1,1
8430,82,46-55,50,博士,17321.2,1849.3,26.9,8.4,27,3.1,4.7,5.9,7.8,4.9,4.6,650.6,7
8431,46,18-25,22,大专,4952.8,575.5,19.2,10.0,5,7.3,2.3,4.6,9.7,4.1,4.9,93.63,0
8432,179,36-45,40,本科,12361.0,4953.7,56.9,5.3,73,3.7,7.1,8.3,6.8,3.8,4.4,1808.04,9
8433,75,18-25,22,硕士,9554.5,946.6,22.7,10.0,35,4.8,3.8,3.7,6.5,7.3,4.5,337.61,5
8434,98,46-55,50,本科,9696.5,1330.0,15.4,9.2,60,5.7,2.9,7.6,7.0,4.1,4.9,149.17,1
8435,113,55+,60,硕士,14916.5,4949.1,44.5,5.8,87,1.4,7.2,8.6,6.3,6.3,5.0,1742.79,9
8436,192,26-35,30,硕士,7020.1,345.7,7.9,9.0,29,6.5,3.0,4.7,9.8,6.4,5.5,183.85,2
8437,113,36-45,40,本科,11566.3,5788.4,56.5,5.1,85,3.1,6.5,7.5,4.2,6.8,4.4,1742.79,9
8438,103,46-55,50,大专,4249.7,338.5,13.3,8.5,16,5.9,4.4,5.1,7.6,3.9,4.1,66.53,0
8439,2,26-35,30,大专,5786.6,1263.0,18.7,7.6,7,5.9,4.7,3.8,4.6,7.5,3.9,283.64,4
8440,20,26-35,30,本科,11264.1,1686.6,21.8,9.6,43,4.5,4.8,3.3,7.3,6.1,4.1,642.68,6
8441,156,26-35,30,本科,6188.4,2403.9,40.2,7.6,47,4.5,3.9,7.0,6.5,6.7,5.2,958.89,8
8442,54,26-35,30,硕士,10213.2,1300.2,22.4,9.5,35,6.4,3.4,2.9,8.8,8.5,5.3,416.13,5
8443,115,26-35,30,本科,7290.0,1016.9,19.7,8.6,5,5.7,3.0,5.7,8.5,4.2,4.8,200.65,2
8444,22,55+,60,高中及以下,3032.5,943.0,8.8,8.6,5,4.7,4.4,6.0,8.2,6.5,5.3,158.78,1
8445,177,55+,60,高中及以下,4040.2,2368.4,21.4,6.2,50,3.4,3.2,3.8,6.5,5.4,4.0,634.94,6
8446,82,18-25,22,本科,8955.0,2071.0,26.6,8.0,24,4.3,3.8,7.5,7.8,6.9,5.8,650.6,7
8447,20,46-55,50,高中及以下,5311.5,1891.4,22.5,6.5,38,3.6,4.2,5.2,4.2,5.1,3.5,642.68,6
8448,39,36-45,40,硕士,10827.5,807.3,8.4,7.8,18,6.0,2.1,3.0,6.5,6.3,4.2,180.7,2
8449,66,46-55,50,本科,5071.8,200.0,5.0,8.5,25,6.3,2.6,4.6,10.0,3.6,4.8,138.1,1
8450,47,36-45,40,本科,7278.1,898.2,15.6,9.2,43,4.5,2.9,5.5,10.0,4.7,5.4,427.14,6
8451,154,26-35,30,高中及以下,3822.3,662.2,16.3,9.0,33,4.8,4.7,6.8,8.1,5.5,5.2,198.95,2
8452,91,18-25,22,硕士,18087.0,2039.3,13.6,9.0,27,6.1,5.6,8.5,6.5,4.5,4.8,390.98,5
8453,144,26-35,30,高中及以下,3538.4,531.4,7.6,9.0,18,5.9,2.6,3.6,7.0,4.7,4.0,192.46,2
8454,29,46-55,50,博士,14064.6,200.0,15.2,10.0,17,4.8,2.2,5.9,6.0,5.7,4.7,110.86,1
8455,82,46-55,50,本科,7644.6,2006.4,30.3,8.0,52,5.5,3.4,7.8,6.2,5.0,4.9,650.6,7
8456,127,18-25,22,博士,13426.7,200.0,5.0,8.6,12,7.1,4.3,3.2,8.9,4.1,4.0,84.24,0
8457,34,18-25,22,高中及以下,3120.6,1782.2,22.5,7.9,43,5.1,1.7,5.9,6.2,3.0,4.1,337.83,5
8458,114,46-55,50,大专,4165.6,1215.2,15.9,8.6,39,5.7,3.8,5.3,7.6,4.3,4.4,122.44,1
8459,26,26-35,30,高中及以下,2529.3,200.0,6.5,8.9,9,5.1,2.9,7.9,6.5,6.3,5.5,46.95,0
8460,58,46-55,50,本科,5586.3,938.7,22.6,9.9,42,6.4,2.7,5.9,6.7,6.5,5.1,206.7,3
8461,143,55+,60,高中及以下,3658.1,768.1,7.5,9.5,30,5.1,3.2,7.9,9.2,4.8,5.8,178.51,2
8462,20,26-35,30,本科,6733.1,1628.2,13.0,8.3,55,3.8,4.5,2.4,9.1,4.2,3.8,642.68,6
8463,40,26-35,30,本科,11665.6,1058.9,17.5,9.4,29,4.4,5.3,4.5,7.2,7.4,4.7,310.59,4
8464,168,46-55,50,本科,5565.2,1121.6,6.5,9.0,28,5.8,3.9,4.9,6.6,4.8,4.1,116.12,1
8465,183,26-35,30,硕士,8440.8,2023.3,18.9,9.4,11,4.5,2.8,6.1,5.5,4.0,4.1,240.44,3
8466,198,18-25,22,本科,9281.7,1514.2,13.5,8.1,17,5.4,2.7,3.7,9.2,3.8,4.4,157.31,1
8467,159,36-45,40,本科,6445.2,918.8,22.3,7.5,8,4.4,4.5,4.3,8.1,5.5,4.5,286.16,4
8468,125,26-35,30,本科,8217.8,4660.3,42.2,7.4,73,2.3,4.6,5.8,8.9,5.8,5.2,1326.71,8
8469,82,18-25,22,大专,6259.5,2405.2,18.9,6.8,48,5.0,5.0,3.6,5.2,3.3,2.7,650.6,7
8470,124,26-35,30,高中及以下,2779.9,1079.4,15.3,8.2,5,6.9,3.9,4.1,9.0,3.9,4.3,266.9,4
8471,54,26-35,30,硕士,9194.9,1617.1,22.0,9.0,75,5.8,2.0,6.8,7.0,5.9,5.3,416.13,5
8472,120,46-55,50,本科,5722.3,1958.8,20.4,9.1,53,4.9,3.2,4.9,8.1,5.4,4.8,327.35,4
8473,47,26-35,30,高中及以下,2350.1,1915.0,24.6,10.0,40,4.6,4.8,4.4,7.8,9.9,5.6,427.14,6
8474,55,36-45,40,高中及以下,2776.5,1053.0,13.9,7.8,27,5.9,3.3,3.3,8.4,6.8,4.8,376.64,5
8475,166,36-45,40,博士,18468.5,1674.9,25.5,7.9,45,4.0,3.7,5.8,6.7,4.6,4.4,337.67,5
8476,82,18-25,22,本科,9213.5,2795.3,34.5,7.2,62,5.5,6.6,6.6,8.4,6.9,5.3,650.6,7
8477,65,36-45,40,硕士,11399.7,1332.3,21.6,10.0,60,4.7,4.3,6.1,7.5,6.5,5.1,576.08,6
8478,176,36-45,40,高中及以下,3208.9,1589.1,12.1,9.7,8,4.6,4.6,5.4,4.5,5.1,3.6,150.36,1
8479,177,36-45,40,博士,14149.0,1399.3,27.4,7.1,49,4.7,4.0,4.5,5.1,7.6,4.3,634.94,6
8480,67,46-55,50,高中及以下,3537.5,1079.0,23.2,9.5,5,5.5,2.9,4.0,6.6,6.1,4.4,404.86,5
8481,6,46-55,50,硕士,13569.2,3002.4,24.0,6.4,47,4.8,3.7,4.7,8.8,6.4,5.2,719.97,7
8482,53,36-45,40,高中及以下,2605.0,901.4,15.7,7.7,32,4.0,3.7,6.7,8.8,6.1,5.6,273.6,4
8483,54,36-45,40,大专,4458.9,2077.1,12.9,8.2,19,6.3,4.7,3.5,7.7,6.4,4.4,416.13,5
8484,109,36-45,40,本科,6661.3,825.0,6.8,10.0,22,6.3,3.5,6.8,8.9,6.3,5.8,137.77,1
8485,106,55+,60,高中及以下,4095.2,2875.6,34.5,8.8,47,3.7,4.1,6.9,6.3,3.9,4.3,978.66,8
8486,97,18-25,22,高中及以下,4296.2,200.0,18.0,8.2,15,5.9,3.7,3.8,8.0,3.7,3.9,192.68,2
8487,11,36-45,40,本科,8756.6,1365.2,7.9,9.2,27,4.1,3.4,3.9,7.4,3.6,3.8,93.16,0
8488,138,18-25,22,博士,16502.9,1536.1,17.7,7.7,19,5.7,2.9,4.0,4.6,5.2,3.5,334.79,4
8489,31,46-55,50,本科,12314.6,2941.6,30.1,9.1,58,3.6,6.7,9.6,6.9,4.8,5.1,946.03,7
8490,156,46-55,50,高中及以下,2966.0,3952.2,33.7,7.7,34,3.0,5.0,7.2,7.0,5.9,5.0,958.89,8
8491,36,18-25,22,高中及以下,4046.9,1228.8,11.7,9.8,8,5.2,3.9,6.8,7.0,8.0,5.7,182.89,2
8492,122,46-55,50,博士,17290.6,2510.4,28.8,9.1,55,6.1,4.0,5.7,4.9,3.7,3.5,603.53,6
8493,167,26-35,30,博士,17878.1,3050.4,37.8,8.4,44,5.2,6.0,6.7,8.2,7.0,5.4,989.1,8
8494,47,26-35,30,硕士,12838.9,945.3,19.0,9.9,26,4.1,3.1,7.2,6.1,5.4,4.9,427.14,6
8495,156,18-25,22,大专,7137.9,3675.0,31.6,5.8,38,3.9,4.3,6.7,6.0,7.9,5.3,958.89,8
8496,59,18-25,22,硕士,11822.7,1497.0,14.5,10.0,43,4.1,2.4,6.3,5.9,3.9,4.3,393.68,5
8497,135,26-35,30,本科,6567.2,1626.3,26.2,7.3,26,5.8,3.1,6.2,8.1,6.9,5.6,699.2,7
8498,180,26-35,30,大专,4258.9,1035.2,16.1,9.5,5,6.4,2.9,6.1,10.0,5.1,5.6,277.46,4
8499,70,55+,60,大专,7790.2,200.0,26.9,8.9,53,5.7,4.0,6.1,10.0,4.4,5.3,213.02,3
8500,167,55+,60,高中及以下,3360.5,2086.6,35.4,7.4,55,3.4,6.2,4.8,7.2,4.8,3.9,989.1,8
8501,31,55+,60,大专,5584.9,2316.0,29.9,8.8,50,2.8,3.8,7.5,7.1,4.6,4.9,946.03,7
8502,144,26-35,30,本科,6935.7,1040.2,13.5,7.9,13,5.5,2.4,5.3,10.0,4.9,5.4,192.46,2
8503,55,26-35,30,本科,6217.4,892.1,17.7,8.6,38,7.0,4.7,6.5,6.1,5.4,4.5,376.64,5
8504,71,18-25,22,硕士,11325.4,1795.2,25.4,7.1,47,7.7,1.3,4.4,4.8,7.9,4.7,690.93,7
8505,71,26-35,30,大专,4448.9,2368.1,34.6,7.6,26,4.8,1.8,4.6,5.3,2.8,3.4,690.93,7
8506,148,26-35,30,大专,5640.4,943.6,12.7,7.4,29,4.0,4.8,1.0,6.4,5.8,3.1,250.12,4
8507,135,26-35,30,本科,8259.9,1625.2,24.2,7.6,53,3.6,4.5,7.2,8.8,5.3,5.4,699.2,7
8508,36,18-25,22,大专,4708.3,1140.0,9.1,9.3,38,5.8,2.0,5.6,6.6,2.8,4.0,182.89,2
8509,168,26-35,30,硕士,7368.5,1030.0,12.4,8.1,30,5.8,4.2,5.4,7.9,7.2,5.3,116.12,1
8510,71,46-55,50,博士,14979.9,2768.7,23.2,5.6,58,4.4,4.4,2.0,7.9,6.9,4.2,690.93,7
8511,69,36-45,40,本科,6425.9,200.0,11.3,10.0,5,5.2,2.5,4.8,8.9,6.3,5.4,77.86,0
8512,41,46-55,50,本科,6509.2,853.4,27.1,10.0,5,4.2,2.6,2.4,9.2,4.1,4.1,176.16,2
8513,41,18-25,22,高中及以下,3547.3,1901.0,21.8,6.8,17,7.5,4.3,5.6,9.7,8.3,6.1,176.16,2
8514,113,26-35,30,高中及以下,4326.2,4642.1,59.1,4.9,62,3.3,6.5,3.6,6.8,3.8,3.1,1742.79,9
8515,82,26-35,30,大专,7247.4,3323.6,34.3,8.8,51,4.1,3.5,5.3,8.1,5.7,5.0,650.6,7
8516,90,36-45,40,硕士,8425.6,1165.7,15.2,9.8,16,5.1,3.0,4.1,7.6,8.1,5.2,163.54,2
8517,86,55+,60,硕士,16426.4,212.7,25.9,9.1,41,5.7,4.7,5.1,4.6,5.7,3.7,370.7,5
8518,141,55+,60,高中及以下,3382.9,1537.2,27.4,7.3,45,4.4,4.4,4.5,6.5,8.0,4.8,548.48,6
8519,17,46-55,50,高中及以下,2906.5,1199.9,16.3,8.5,34,6.0,3.5,6.0,5.5,5.9,4.5,203.21,3
8520,70,26-35,30,本科,7203.0,863.5,19.2,9.1,52,4.8,1.0,6.7,6.7,5.3,5.2,213.02,3
8521,186,46-55,50,高中及以下,3446.5,1111.3,14.8,8.4,5,5.6,5.0,5.4,9.0,6.5,5.3,238.23,3
8522,107,46-55,50,大专,5224.5,1647.8,18.5,8.9,8,6.8,2.1,3.8,9.4,5.4,5.0,176.72,2
8523,31,36-45,40,大专,5705.2,3166.9,33.9,6.3,54,4.4,3.3,7.1,5.9,6.1,5.0,946.03,7
8524,113,26-35,30,本科,7332.4,5011.7,53.1,6.5,94,3.7,6.9,6.3,4.9,5.4,3.8,1742.79,9
8525,167,36-45,40,硕士,16387.8,2681.3,33.6,6.3,48,5.4,5.1,7.2,6.4,4.8,4.5,989.1,8
8526,79,36-45,40,高中及以下,3672.0,200.0,6.2,8.1,35,5.4,1.7,3.6,7.6,4.8,4.3,20.34,0
8527,115,36-45,40,高中及以下,2991.7,511.6,18.5,10.0,24,6.2,3.4,6.8,10.0,2.9,5.1,200.65,2
8528,179,26-35,30,博士,18127.9,4981.5,53.4,4.4,91,3.2,7.6,7.6,6.9,7.3,5.1,1808.04,9
8529,118,26-35,30,高中及以下,5326.4,2007.4,20.1,8.9,21,5.1,2.2,5.4,7.6,7.6,5.6,465.37,6
8530,135,36-45,40,高中及以下,2042.9,2252.4,26.3,6.6,15,4.4,5.1,3.6,5.5,8.4,4.3,699.2,7
8531,3,26-35,30,高中及以下,4396.3,2036.5,29.7,6.5,46,5.4,4.7,4.1,6.8,6.5,4.3,680.64,7
8532,164,46-55,50,大专,7229.6,727.7,24.2,9.4,41,5.0,3.5,5.9,5.5,6.8,4.7,388.92,5
8533,167,26-35,30,大专,6714.1,2811.7,35.7,7.4,68,5.3,4.2,6.0,6.6,5.6,4.6,989.1,8
8534,124,26-35,30,大专,4440.2,876.8,14.0,8.6,25,5.5,2.4,5.5,7.3,3.2,4.2,266.9,4
8535,20,26-35,30,本科,8109.8,2132.4,24.9,7.1,49,6.5,4.2,5.2,5.7,6.1,4.3,642.68,6
8536,191,46-55,50,硕士,10174.1,1323.1,19.4,9.0,51,6.9,3.5,4.2,7.1,4.8,4.1,349.46,5
8537,141,18-25,22,硕士,13992.1,1124.7,25.6,7.2,30,5.2,4.6,3.8,6.9,3.0,3.3,548.48,6
8538,99,46-55,50,本科,7390.4,200.0,19.4,8.0,36,5.9,2.2,3.3,7.8,4.1,4.0,117.38,1
8539,177,26-35,30,高中及以下,3266.2,2805.9,24.5,8.5,27,5.7,2.4,6.6,8.4,3.7,5.0,634.94,6
8540,89,36-45,40,高中及以下,2386.0,809.4,23.4,9.5,35,6.2,2.9,4.9,5.7,6.4,4.4,247.96,3
8541,132,26-35,30,博士,12279.5,1463.7,6.1,8.9,36,5.0,1.4,6.9,8.1,6.0,5.8,51.3,0
8542,54,36-45,40,高中及以下,4924.4,2268.2,20.1,8.3,5,6.3,5.1,5.1,5.5,5.0,3.7,416.13,5
8543,179,18-25,22,高中及以下,6530.8,4736.0,60.0,6.1,85,2.8,5.7,8.2,5.7,4.6,4.5,1808.04,9
8544,113,18-25,22,本科,9274.5,4651.7,52.1,7.4,65,1.7,6.8,7.8,4.2,3.8,3.5,1742.79,9
8545,55,46-55,50,大专,5181.9,2115.3,5.0,7.6,40,6.2,2.5,4.5,8.6,6.7,5.3,376.64,5
8546,19,36-45,40,本科,8771.0,340.2,15.3,7.7,5,5.2,4.6,6.7,7.0,7.2,5.3,36.15,0
8547,179,26-35,30,博士,15245.7,5500.8,53.1,6.3,72,1.2,4.8,7.8,4.4,4.4,4.1,1808.04,9
8548,47,26-35,30,硕士,13232.4,1595.6,29.0,10.0,17,4.5,4.1,3.5,8.0,4.9,4.1,427.14,6
8549,195,46-55,50,本科,8297.7,1877.2,13.5,8.0,32,7.8,1.0,3.9,7.6,7.2,5.2,218.18,3
8550,31,26-35,30,硕士,11309.4,2886.9,43.0,8.6,43,4.6,3.9,8.0,4.2,6.5,4.8,946.03,7
8551,106,46-55,50,大专,3850.9,2036.3,33.3,6.6,42,5.0,3.3,7.2,5.4,2.7,3.9,978.66,8
8552,113,26-35,30,本科,10354.2,4846.6,55.4,5.3,89,2.9,6.1,6.5,3.9,5.6,3.7,1742.79,9
8553,58,26-35,30,高中及以下,2639.8,1308.5,12.5,10.0,15,6.4,2.3,7.3,8.0,3.7,5.1,206.7,3
8554,197,18-25,22,硕士,10815.1,1110.7,21.1,5.7,7,6.2,2.9,8.3,8.6,4.9,5.8,173.08,2
8555,122,36-45,40,硕士,15009.2,1794.6,25.9,9.4,43,4.2,3.6,4.9,6.5,3.8,3.8,603.53,6
8556,120,46-55,50,大专,4760.6,1059.5,13.0,9.1,25,4.6,5.2,7.4,8.2,5.0,5.1,327.35,4
8557,177,36-45,40,硕士,14233.6,1712.2,30.5,7.5,71,3.0,1.9,5.5,9.5,7.3,6.1,634.94,6
8558,122,46-55,50,硕士,9478.7,2321.5,26.1,6.9,21,6.2,3.8,6.3,5.6,5.9,4.5,603.53,6
8559,106,36-45,40,高中及以下,5407.8,2664.0,40.3,7.4,77,6.1,4.1,4.9,5.1,4.9,3.7,978.66,8
8560,106,46-55,50,博士,22370.8,3460.7,38.2,7.7,66,3.1,3.9,5.8,3.0,5.5,3.5,978.66,8
8561,148,55+,60,本科,7478.7,1932.9,18.4,7.4,34,3.9,2.3,5.8,7.6,4.7,4.8,250.12,4
8562,75,46-55,50,本科,7458.5,1543.8,24.1,6.8,56,4.2,2.2,3.3,9.8,4.8,4.8,337.61,5
8563,113,26-35,30,高中及以下,6959.8,5025.4,55.1,7.2,79,2.3,7.2,8.2,4.7,4.6,4.0,1742.79,9
8564,71,36-45,40,本科,8350.6,1923.3,26.5,6.4,42,6.5,4.0,5.0,7.1,6.8,4.8,690.93,7
8565,179,36-45,40,硕士,18919.9,4958.7,58.2,8.2,83,1.8,5.7,6.8,4.7,7.1,4.5,1808.04,9
8566,48,26-35,30,硕士,9401.0,1301.5,11.2,8.4,52,6.7,2.8,5.5,6.5,3.5,4.0,209.27,3
8567,120,26-35,30,本科,7320.2,1426.7,24.4,9.1,37,4.1,3.4,5.2,10.0,7.5,6.0,327.35,4
8568,71,26-35,30,高中及以下,2953.9,2476.1,23.1,7.3,37,3.8,4.2,5.5,7.3,4.0,4.2,690.93,7
8569,118,26-35,30,硕士,16345.0,1149.2,26.1,8.7,30,5.5,3.5,5.4,6.5,8.3,5.3,465.37,6
8570,113,18-25,22,高中及以下,5827.6,4131.2,52.7,5.4,84,3.4,6.8,7.2,2.7,8.3,4.2,1742.79,9
8571,106,36-45,40,博士,16123.0,2055.7,36.0,8.1,46,5.4,5.6,5.8,10.0,4.6,5.0,978.66,8
8572,104,36-45,40,硕士,8478.2,731.4,11.1,7.1,31,4.3,2.3,4.9,7.3,8.0,5.4,126.31,1
8573,98,46-55,50,大专,5107.5,683.3,13.1,8.4,5,5.5,3.0,5.9,8.6,7.2,5.8,149.17,1
8574,90,36-45,40,高中及以下,3602.0,510.7,20.6,9.3,18,5.1,3.3,3.1,10.0,4.4,4.5,163.54,2
8575,31,46-55,50,高中及以下,3070.4,3331.1,34.6,5.9,59,3.4,3.6,7.8,5.4,5.6,4.9,946.03,7
8576,179,26-35,30,博士,16791.2,5441.3,51.4,6.8,101,2.5,7.5,7.1,7.3,6.1,4.8,1808.04,9
8577,192,36-45,40,本科,7085.5,1077.8,10.4,9.4,33,5.8,2.2,7.9,7.3,6.7,5.9,183.85,2
8578,106,36-45,40,本科,7807.9,2700.9,36.1,6.4,31,5.3,1.9,5.2,6.8,5.3,4.7,978.66,8
8579,100,46-55,50,硕士,14290.7,1351.5,9.4,8.6,5,5.9,3.0,4.5,8.4,4.1,4.4,36.04,0
8580,88,36-45,40,硕士,8422.8,810.5,5.1,10.0,9,4.1,3.0,6.4,5.8,6.9,5.0,87.38,0
8581,53,18-25,22,本科,9020.2,943.8,17.4,9.7,60,4.3,2.3,4.9,7.8,5.9,5.0,273.6,4
8582,14,36-45,40,大专,5410.2,1051.5,10.8,8.9,51,4.3,3.0,6.3,7.7,3.0,4.4,26.45,0
8583,3,36-45,40,本科,8501.5,2283.7,23.7,7.7,24,4.0,3.8,6.0,5.4,4.4,4.0,680.64,7
8584,119,46-55,50,大专,4288.1,986.8,15.6,6.5,40,5.1,2.2,5.0,8.3,7.0,5.5,314.8,4
8585,145,36-45,40,本科,6804.5,512.2,17.7,9.5,50,4.6,1.3,5.1,9.2,6.3,5.7,324.35,4
8586,20,55+,60,高中及以下,3076.4,1663.4,32.0,9.4,42,5.1,5.0,5.0,7.4,4.9,4.2,642.68,6
8587,108,26-35,30,大专,4765.3,1799.6,16.5,10.0,5,9.2,1.3,6.2,9.1,7.3,6.3,192.01,2
8588,39,18-25,22,高中及以下,2952.0,1280.8,16.5,8.4,11,7.2,2.5,6.8,9.8,3.8,5.5,180.7,2
8589,34,18-25,22,博士,14605.7,1548.9,23.7,9.8,11,6.1,2.8,5.0,5.6,8.5,5.1,337.83,5
8590,153,26-35,30,高中及以下,3608.4,754.0,16.2,8.5,13,6.8,1.0,2.4,9.5,4.0,4.4,187.21,2
8591,179,18-25,22,本科,9664.1,4607.5,51.5,5.2,88,4.1,6.3,8.4,3.9,4.0,3.8,1808.04,9
8592,179,26-35,30,本科,8800.6,5320.2,57.0,5.9,104,1.0,6.4,8.6,5.2,7.9,5.3,1808.04,9
8593,65,18-25,22,高中及以下,3946.5,2626.1,10.0,8.2,36,4.5,3.6,4.0,7.2,4.7,4.0,576.08,6
8594,61,26-35,30,本科,6308.9,677.0,9.9,8.4,5,4.9,1.3,7.4,7.4,4.0,5.2,123.27,1
8595,113,18-25,22,本科,10601.8,5946.7,52.6,5.2,121,2.3,5.5,8.7,3.3,6.7,4.6,1742.79,9
8596,191,18-25,22,本科,7162.8,653.6,12.2,7.6,48,5.8,4.3,8.0,8.4,3.8,5.2,349.46,5
8597,6,18-25,22,硕士,12180.6,1861.2,37.8,7.4,34,3.9,4.2,5.2,8.2,3.8,4.3,719.97,7
8598,180,36-45,40,本科,5132.6,1421.8,18.9,8.8,9,6.6,2.4,5.5,6.8,5.0,4.6,277.46,4
8599,32,26-35,30,大专,5738.1,1050.4,16.0,6.6,13,6.0,3.3,5.2,7.6,5.9,4.9,146.42,1
8600,75,55+,60,博士,18484.2,1317.7,18.8,9.1,36,5.4,4.3,8.3,7.7,4.3,5.2,337.61,5
8601,65,18-25,22,硕士,14446.2,1468.9,24.8,9.2,53,5.1,3.3,5.8,5.6,4.3,4.0,576.08,6
8602,141,18-25,22,本科,9008.0,2075.0,26.4,7.8,46,5.2,4.0,7.6,5.0,4.5,4.3,548.48,6
8603,154,46-55,50,大专,3835.2,1086.2,10.9,9.6,20,4.9,3.9,8.0,8.1,6.1,5.8,198.95,2
8604,156,26-35,30,大专,6287.2,2506.5,37.1,7.6,58,6.5,3.2,5.5,4.3,6.8,4.3,958.89,8
8605,15,18-25,22,高中及以下,2368.1,1012.7,12.7,8.2,28,7.0,4.2,4.7,7.8,6.1,4.7,84.58,0
8606,17,36-45,40,本科,6716.3,200.0,21.9,9.3,24,5.6,4.3,7.2,8.2,5.4,5.3,203.21,3
8607,179,36-45,40,硕士,14481.1,4120.0,64.3,5.4,62,4.5,7.6,6.6,8.0,4.8,4.5,1808.04,9
8608,162,36-45,40,硕士,9951.8,1752.0,16.9,8.4,20,5.0,2.9,3.6,7.6,6.4,4.6,472.76,6
8609,179,36-45,40,硕士,15161.7,4922.5,58.0,5.5,70,2.5,7.1,6.2,4.0,4.2,3.1,1808.04,9
8610,141,36-45,40,大专,4819.0,2892.8,26.2,7.8,21,4.5,4.6,3.7,7.2,7.1,4.5,548.48,6
8611,7,36-45,40,本科,6504.3,1644.4,25.6,9.8,36,6.3,3.0,7.4,6.8,7.0,5.6,319.72,4
8612,141,26-35,30,本科,5048.3,1393.5,19.1,8.0,24,4.1,6.1,4.1,7.2,4.3,3.6,548.48,6
8613,179,36-45,40,本科,11483.8,5008.4,59.9,6.7,95,2.1,5.7,5.8,7.9,6.8,5.0,1808.04,9
8614,73,26-35,30,高中及以下,3910.4,2559.2,37.3,8.0,49,5.2,4.7,4.0,5.5,4.6,3.4,709.56,7
8615,23,26-35,30,高中及以下,3153.3,211.1,5.0,6.9,8,6.5,1.6,3.6,9.5,7.3,5.6,35.7,0
8616,17,26-35,30,高中及以下,2772.1,1606.5,17.3,9.3,5,4.9,3.5,3.9,7.9,4.1,4.0,203.21,3
8617,25,18-25,22,本科,8628.8,1107.9,5.7,9.5,21,6.3,2.3,1.6,6.8,5.5,3.6,165.82,2
8618,20,18-25,22,本科,6524.0,2352.1,22.7,8.0,24,3.8,5.4,3.6,6.2,6.6,3.9,642.68,6
8619,122,26-35,30,硕士,9452.5,2781.8,38.1,9.9,22,4.1,4.4,6.8,6.2,3.4,4.1,603.53,6
8620,55,18-25,22,高中及以下,3495.2,1843.8,17.3,8.1,29,6.6,2.5,6.2,7.9,5.0,5.1,376.64,5
8621,6,55+,60,大专,5056.7,2099.5,19.1,6.3,30,6.9,5.6,4.3,9.0,7.5,5.1,719.97,7
8622,179,55+,60,高中及以下,4333.0,5104.7,52.3,5.5,77,3.9,3.4,5.6,5.5,4.9,4.1,1808.04,9
8623,141,36-45,40,本科,9713.2,1305.4,23.7,10.0,53,4.8,3.1,6.8,7.9,5.1,5.2,548.48,6
8624,177,26-35,30,本科,11520.1,1033.4,16.6,7.5,25,4.3,3.4,9.1,8.9,4.5,5.9,634.94,6
8625,109,46-55,50,本科,7705.0,560.8,15.7,7.9,5,7.3,2.0,6.6,5.8,3.4,4.2,137.77,1
8626,177,36-45,40,硕士,13098.1,2185.7,30.2,9.0,85,5.2,4.9,5.8,5.9,4.4,3.9,634.94,6
8627,147,46-55,50,高中及以下,2263.8,278.4,5.0,9.7,5,5.0,1.0,6.7,9.5,6.2,6.3,39.63,0
8628,156,46-55,50,大专,5298.4,3031.5,29.9,7.3,67,3.8,4.8,7.3,6.9,4.7,4.7,958.89,8
8629,75,36-45,40,高中及以下,2963.2,1468.3,16.3,9.5,50,4.8,4.1,8.2,5.3,6.8,5.2,337.61,5
8630,81,55+,60,大专,4099.7,717.1,11.5,9.7,42,6.5,1.7,8.3,7.4,7.1,6.3,212.11,3
8631,180,36-45,40,大专,4503.2,1184.9,17.6,9.6,56,4.8,3.5,4.0,7.3,6.4,4.6,277.46,4
8632,113,26-35,30,高中及以下,3791.1,4688.1,56.2,7.0,73,2.3,6.4,7.4,5.8,2.6,3.6,1742.79,9
8633,192,26-35,30,高中及以下,2816.3,1161.3,13.9,8.3,44,5.0,3.7,5.2,6.5,4.4,4.1,183.85,2
8634,97,26-35,30,本科,8367.3,968.0,13.9,8.1,12,6.2,3.8,4.9,7.3,7.9,5.2,192.68,2
8635,179,46-55,50,本科,16188.0,5280.3,56.5,6.6,90,3.1,5.2,9.8,4.9,5.1,4.9,1808.04,9
8636,31,55+,60,高中及以下,3606.5,3386.7,42.3,8.5,48,3.6,5.3,6.6,7.3,4.0,4.4,946.03,7
8637,50,36-45,40,高中及以下,3157.5,815.5,17.4,9.1,47,5.3,4.1,5.1,8.8,2.0,4.0,205.22,3
8638,144,18-25,22,本科,6553.5,200.0,11.2,6.2,35,6.9,3.0,6.2,9.0,7.5,6.1,192.46,2
8639,176,18-25,22,大专,3801.0,1100.3,19.1,7.7,19,6.6,3.8,2.7,7.9,5.3,4.0,150.36,1
8640,111,46-55,50,高中及以下,3363.5,730.5,6.5,9.8,12,5.7,4.3,7.4,8.8,4.1,5.2,144.53,1
8641,135,26-35,30,硕士,13441.9,2433.7,23.8,7.4,36,5.0,4.3,8.4,7.3,5.8,5.5,699.2,7
8642,121,55+,60,本科,9405.5,616.5,15.5,9.4,19,5.3,3.6,4.0,7.3,6.1,4.5,59.78,0
8643,60,18-25,22,硕士,9821.7,1277.0,13.2,9.4,16,6.0,4.2,7.1,6.3,6.9,5.2,91.91,0
8644,175,18-25,22,博士,18843.0,668.7,17.2,10.0,32,4.9,3.4,8.1,8.6,4.6,5.6,339.4,5
8645,167,36-45,40,高中及以下,5306.7,2614.6,34.5,8.1,50,3.8,5.5,6.7,5.7,7.9,5.0,989.1,8
8646,86,46-55,50,大专,3762.8,1761.6,18.2,8.4,23,6.0,2.4,6.0,7.8,3.2,4.5,370.7,5
8647,3,26-35,30,大专,6678.0,1503.2,28.2,7.8,30,5.0,3.9,6.4,5.9,6.3,4.8,680.64,7
8648,55,46-55,50,高中及以下,2654.9,1388.2,23.0,8.2,15,7.1,2.8,7.3,7.8,6.4,5.7,376.64,5
8649,2,26-35,30,硕士,10378.0,523.0,22.4,8.7,40,3.9,3.8,4.8,8.0,6.7,5.0,283.64,4
8650,191,26-35,30,大专,4873.1,1278.5,24.4,8.7,29,3.9,3.2,8.5,7.0,7.3,6.1,349.46,5
8651,164,26-35,30,高中及以下,2397.0,2216.6,24.0,8.0,45,6.0,2.9,6.1,10.0,6.0,5.9,388.92,5
8652,161,18-25,22,硕士,15851.1,1110.8,18.8,8.2,42,4.0,1.3,5.8,7.9,5.4,5.3,326.06,4
8653,166,26-35,30,本科,7288.2,366.0,23.1,9.1,19,7.3,4.6,4.0,5.2,4.1,3.1,337.67,5
8654,81,36-45,40,高中及以下,3294.9,1101.5,16.8,9.4,44,5.5,3.4,2.5,6.7,5.3,3.7,212.11,3
8655,20,55+,60,大专,4172.7,3339.4,29.3,7.2,56,5.0,3.9,4.1,5.8,4.8,3.6,642.68,6
8656,127,26-35,30,硕士,6542.9,291.9,15.2,8.8,33,6.2,2.8,7.0,9.3,5.3,5.8,84.24,0
8657,135,18-25,22,高中及以下,3910.7,2402.2,22.8,6.9,19,3.5,5.6,5.6,5.5,3.7,3.4,699.2,7
8658,108,55+,60,高中及以下,2956.4,1247.3,20.9,8.8,24,5.7,2.9,9.1,6.4,5.1,5.5,192.01,2
8659,197,36-45,40,博士,12988.5,1182.2,11.3,8.3,36,5.8,3.7,7.3,9.3,4.4,5.5,173.08,2
8660,112,36-45,40,高中及以下,3789.3,283.7,15.9,10.0,27,6.5,1.7,6.1,10.0,6.4,6.2,157.63,1
8661,87,18-25,22,高中及以下,2696.9,1688.2,14.1,9.9,10,5.2,2.0,5.0,7.0,6.2,4.9,206.18,3
8662,53,18-25,22,高中及以下,3034.5,601.6,8.0,7.9,34,4.7,2.4,3.2,8.5,4.9,4.4,273.6,4
8663,78,55+,60,本科,5783.6,1179.6,15.4,9.2,16,5.2,3.4,6.1,8.0,7.6,5.7,162.68,1
8664,125,36-45,40,本科,6375.5,2909.7,38.8,8.4,49,3.0,5.3,6.5,5.2,5.0,4.0,1326.71,8
8665,55,46-55,50,大专,4729.5,1360.1,13.9,9.2,28,4.9,2.7,4.1,7.8,3.4,4.0,376.64,5
8666,89,18-25,22,高中及以下,4231.6,1273.8,10.6,10.0,5,5.0,3.2,7.7,8.5,4.7,5.5,247.96,3
8667,60,55+,60,本科,8633.1,960.9,12.0,7.8,8,6.4,2.9,3.0,8.2,7.3,4.9,91.91,0
8668,180,36-45,40,本科,7559.1,200.0,16.8,8.2,36,4.4,3.6,5.8,4.2,6.2,4.1,277.46,4
8669,175,46-55,50,大专,8059.9,666.7,15.5,8.3,5,5.6,3.3,4.8,8.7,6.7,5.3,339.4,5
8670,28,26-35,30,本科,6520.7,501.1,13.7,10.0,26,5.0,2.3,6.3,8.6,4.5,5.2,81.4,0
8671,179,18-25,22,本科,12537.9,5140.6,55.8,5.9,96,4.2,6.7,9.7,3.9,3.7,4.0,1808.04,9
8672,140,46-55,50,高中及以下,2204.4,1076.5,27.1,9.4,29,7.0,2.0,3.0,8.5,4.5,4.3,186.32,2
8673,113,36-45,40,高中及以下,3483.7,5035.7,57.5,4.8,49,1.5,5.8,7.8,4.9,1.8,3.3,1742.79,9
8674,7,26-35,30,本科,6879.5,724.9,14.4,8.6,52,5.0,3.5,7.0,7.8,4.0,4.9,319.72,4
8675,106,26-35,30,高中及以下,4939.9,3405.0,36.1,7.1,50,5.3,3.4,6.0,6.0,7.0,4.9,978.66,8
8676,125,46-55,50,高中及以下,3943.6,4741.0,45.3,6.4,77,3.6,5.0,6.9,6.4,5.8,4.7,1326.71,8
8677,164,46-55,50,硕士,11521.6,1346.3,21.6,8.3,25,4.9,4.8,3.3,9.3,5.6,4.5,388.92,5
8678,4,46-55,50,本科,6412.2,200.0,17.4,9.5,24,7.0,3.1,5.0,7.2,7.9,5.3,117.43,1
8679,108,26-35,30,硕士,12008.9,200.0,15.1,8.9,27,5.5,1.7,5.7,8.8,5.5,5.5,192.01,2
8680,136,36-45,40,本科,6274.6,746.1,12.6,10.0,5,6.6,3.3,2.5,6.8,5.5,3.8,67.81,0
8681,125,55+,60,硕士,13711.3,3181.2,39.6,7.6,73,4.1,5.3,6.2,4.8,7.4,4.5,1326.71,8
8682,85,36-45,40,硕士,9772.7,471.2,9.5,8.5,24,7.7,3.1,4.7,6.5,5.0,4.2,89.86,0
8683,138,18-25,22,高中及以下,3312.6,823.6,11.4,10.0,63,5.4,3.2,6.7,9.0,2.8,4.8,334.79,4
8684,172,26-35,30,大专,2987.5,1712.8,18.7,8.3,25,5.9,3.1,5.5,8.1,5.7,5.1,137.4,1
8685,6,46-55,50,博士,16041.6,2640.5,32.9,8.1,28,5.1,4.7,5.0,8.6,3.2,4.1,719.97,7
8686,31,26-35,30,博士,27519.4,2711.7,38.5,9.9,47,4.3,3.4,5.9,4.9,5.5,4.2,946.03,7
8687,167,26-35,30,本科,9662.5,2179.3,29.9,8.7,60,4.8,4.6,6.0,5.0,4.7,3.8,989.1,8
8688,73,18-25,22,高中及以下,3737.0,2556.0,24.5,7.1,42,4.9,5.1,6.3,7.9,5.8,5.0,709.56,7
8689,83,36-45,40,高中及以下,2589.5,578.3,14.4,8.6,33,6.4,3.9,5.4,8.9,2.4,4.2,88.39,0
8690,141,55+,60,本科,9588.5,1617.7,19.2,8.1,43,6.2,3.9,5.0,8.8,5.9,5.1,548.48,6
8691,196,26-35,30,本科,9273.6,338.9,9.2,8.9,14,4.7,4.2,4.8,6.6,5.3,4.2,61.32,0
8692,152,46-55,50,高中及以下,3996.3,771.9,12.4,9.1,5,7.6,2.4,3.7,8.0,4.7,4.3,75.19,0
8693,78,26-35,30,高中及以下,2618.7,200.0,11.3,8.9,45,5.4,2.6,6.2,4.0,5.0,4.0,162.68,1
8694,96,26-35,30,高中及以下,3835.8,1673.8,10.0,10.0,5,5.2,1.4,6.4,10.0,5.0,5.9,199.56,2
8695,135,36-45,40,硕士,15451.7,1889.2,32.6,9.2,46,4.2,3.2,6.2,6.7,4.5,4.5,699.2,7
8696,113,26-35,30,本科,10040.1,4239.9,49.2,7.6,77,4.0,6.6,8.5,6.3,6.5,5.1,1742.79,9
8697,106,26-35,30,大专,5225.7,2864.5,32.9,6.6,52,4.7,5.5,8.4,5.0,9.7,5.8,978.66,8
8698,113,46-55,50,大专,10343.4,5258.5,52.0,6.9,92,2.3,5.5,8.1,6.3,6.9,5.3,1742.79,9
8699,141,18-25,22,本科,10807.3,1584.9,22.4,8.2,40,4.0,3.0,5.7,4.9,2.7,3.4,548.48,6
8700,88,46-55,50,本科,5736.7,763.9,15.1,9.1,8,5.0,3.1,3.5,7.5,4.4,4.0,87.38,0
8701,39,26-35,30,本科,9165.3,2045.2,15.9,8.1,36,4.4,3.7,5.0,6.2,4.8,4.0,180.7,2
8702,122,18-25,22,高中及以下,4429.0,1453.2,21.7,7.4,49,6.0,4.6,5.8,7.4,4.6,4.4,603.53,6
8703,77,36-45,40,高中及以下,3851.6,969.4,13.1,8.4,5,7.5,3.2,3.8,7.6,4.0,3.9,110.06,1
8704,110,26-35,30,高中及以下,3647.1,700.6,5.0,10.0,20,7.0,1.8,6.0,6.6,4.4,4.6,21.79,0
8705,194,55+,60,大专,6801.6,1093.9,19.6,8.7,25,4.7,2.4,6.4,7.2,4.4,4.8,176.48,2
8706,54,26-35,30,本科,4949.7,1821.2,21.1,7.6,35,5.0,2.9,6.3,5.8,7.3,5.1,416.13,5
8707,122,46-55,50,博士,18573.1,2008.3,29.0,6.3,27,3.7,4.4,5.1,8.9,8.0,5.7,603.53,6
8708,166,55+,60,高中及以下,3511.8,983.8,26.8,7.9,44,6.4,3.0,5.6,6.8,7.9,5.4,337.67,5
8709,83,26-35,30,硕士,11221.0,842.9,15.7,9.5,18,5.3,2.0,5.8,5.4,6.4,4.7,88.39,0
8710,134,26-35,30,高中及以下,2806.5,1029.2,11.7,10.0,22,5.8,1.0,5.5,6.2,5.7,4.8,59.18,0
8711,70,46-55,50,大专,5786.6,790.6,11.2,6.9,11,5.2,4.1,4.5,9.6,4.1,4.6,213.02,3
8712,50,36-45,40,本科,5106.9,200.0,13.6,9.0,55,3.6,2.5,1.7,7.9,6.0,4.1,205.22,3
8713,99,46-55,50,高中及以下,3563.2,250.6,11.3,6.8,27,4.3,3.9,4.4,3.7,4.0,2.9,117.38,1
8714,158,36-45,40,本科,5428.4,1159.9,15.2,7.5,24,7.2,2.0,4.8,9.5,6.0,5.5,45.09,0
8715,118,26-35,30,高中及以下,3537.6,2669.0,15.3,8.3,58,4.7,2.5,4.9,8.3,5.8,5.1,465.37,6
8716,167,55+,60,硕士,13388.7,3381.5,42.1,7.1,44,5.9,5.3,4.8,7.4,7.4,4.8,989.1,8
8717,67,26-35,30,硕士,10652.9,1460.8,18.2,7.9,20,6.4,3.9,6.6,7.8,4.4,4.8,404.86,5
8718,167,36-45,40,硕士,16025.5,2631.3,40.8,7.0,47,2.7,5.4,4.4,7.5,6.7,4.5,989.1,8
8719,180,46-55,50,硕士,11329.4,635.7,15.9,9.1,15,4.9,2.3,4.9,5.9,8.1,5.1,277.46,4
8720,82,36-45,40,本科,6237.3,2306.9,26.9,7.8,59,7.3,5.8,4.7,5.6,4.2,3.3,650.6,7
8721,179,55+,60,硕士,17461.7,5177.7,61.2,4.1,79,2.7,7.7,7.7,2.8,7.1,3.9,1808.04,9
8722,177,46-55,50,硕士,11634.7,3000.6,37.6,7.3,48,5.1,2.3,2.7,6.2,4.1,3.4,634.94,6
8723,16,46-55,50,大专,5426.9,504.0,5.0,9.8,9,7.8,3.5,6.6,8.1,3.0,4.6,53.9,0
8724,143,26-35,30,本科,8258.0,1021.7,22.4,7.7,31,7.8,4.5,1.0,8.5,7.9,4.3,178.51,2
8725,165,26-35,30,硕士,11200.1,636.9,12.8,8.3,18,6.3,3.8,6.7,8.2,3.6,4.7,224.25,3
8726,82,18-25,22,硕士,12930.8,2319.7,23.1,7.3,42,4.5,2.9,7.5,9.1,5.9,6.0,650.6,7
8727,75,46-55,50,大专,5085.8,1347.3,13.5,10.0,5,3.9,1.4,4.9,7.4,4.1,4.5,337.61,5
8728,176,18-25,22,本科,7680.4,843.6,7.4,9.9,35,4.0,2.5,3.5,8.0,6.1,4.7,150.36,1
8729,98,18-25,22,大专,4149.1,200.0,15.2,9.0,16,6.1,3.6,3.8,7.2,5.0,4.1,149.17,1
8730,140,46-55,50,高中及以下,3238.8,1390.8,21.5,8.8,37,5.4,2.8,6.9,7.7,5.3,5.3,186.32,2
8731,106,26-35,30,本科,10330.3,2727.1,41.4,7.3,46,3.6,5.4,4.8,4.4,4.6,3.2,978.66,8
8732,71,26-35,30,博士,21384.6,2557.1,21.4,7.6,50,3.4,3.9,7.1,5.0,6.2,4.7,690.93,7
8733,167,46-55,50,硕士,12175.0,2340.6,32.2,8.3,50,3.6,3.6,7.2,7.6,6.1,5.5,989.1,8
8734,108,26-35,30,本科,7687.4,1112.4,17.4,6.5,16,5.4,1.9,5.2,6.5,8.2,5.4,192.01,2
8735,62,26-35,30,高中及以下,3308.5,880.4,8.2,9.2,19,4.7,2.3,2.3,6.8,5.8,3.9,49.09,0
8736,191,36-45,40,本科,7838.6,359.5,16.6,8.7,22,4.6,2.0,1.9,8.0,6.1,4.3,349.46,5
8737,32,26-35,30,大专,5810.9,711.9,20.5,9.5,11,5.7,2.2,4.8,9.0,6.9,5.6,146.42,1
8738,31,46-55,50,大专,4552.5,3314.2,33.9,8.6,49,5.5,6.6,6.7,6.3,6.6,4.7,946.03,7
8739,179,36-45,40,硕士,16496.4,4378.6,58.0,5.9,102,1.1,6.6,7.5,4.3,5.3,3.9,1808.04,9
8740,179,46-55,50,博士,26740.7,4875.5,56.9,5.6,67,2.4,8.4,6.8,2.7,6.0,3.2,1808.04,9
8741,156,26-35,30,本科,8136.7,2807.8,26.6,7.8,59,3.9,4.6,6.3,6.7,4.6,4.4,958.89,8
8742,33,26-35,30,本科,7252.0,200.0,12.1,8.1,19,5.1,1.0,4.1,5.0,5.0,3.9,51.54,0
8743,156,46-55,50,本科,8758.9,2914.7,34.4,5.9,68,5.1,3.5,6.5,6.2,4.2,4.3,958.89,8
8744,40,26-35,30,大专,5873.1,1574.1,16.3,9.4,60,6.5,4.2,4.1,9.2,6.6,5.1,310.59,4
8745,8,18-25,22,本科,9048.1,1091.5,11.5,8.1,22,7.1,2.1,6.0,9.1,1.0,4.3,92.81,0
8746,71,36-45,40,本科,10765.1,2797.5,28.6,6.9,55,5.9,2.8,6.2,4.8,7.5,4.9,690.93,7
8747,145,46-55,50,本科,7150.2,1199.5,19.3,8.2,42,5.8,3.4,6.9,6.8,3.8,4.5,324.35,4
8748,73,26-35,30,本科,8046.2,2454.3,22.7,6.0,51,4.6,4.8,9.4,5.3,7.0,5.5,709.56,7
8749,148,18-25,22,硕士,12384.5,2063.7,8.8,7.7,52,6.1,3.8,8.3,9.0,5.7,6.0,250.12,4
8750,180,46-55,50,高中及以下,3758.9,2041.9,13.4,9.4,38,4.2,1.0,3.9,8.8,8.9,6.0,277.46,4
8751,122,26-35,30,高中及以下,2945.3,2567.5,26.1,7.7,26,3.1,5.4,4.7,8.7,8.0,5.3,603.53,6
8752,6,36-45,40,硕士,13347.0,1968.5,33.3,7.5,44,4.5,3.4,8.3,6.7,7.7,6.0,719.97,7
8753,6,26-35,30,博士,28969.8,2590.6,35.6,8.5,33,4.0,3.8,4.4,6.4,5.5,4.1,719.97,7
8754,35,36-45,40,博士,12242.1,200.0,9.9,9.9,27,5.6,3.4,6.7,7.7,4.4,4.9,43.78,0
8755,138,36-45,40,本科,7415.1,1760.6,13.6,8.9,43,5.8,1.5,4.4,10.0,3.1,4.8,334.79,4
8756,71,55+,60,硕士,13493.4,1804.1,32.4,6.1,16,5.5,4.0,5.9,7.3,5.9,4.9,690.93,7
8757,82,26-35,30,高中及以下,3513.1,1827.0,34.4,7.2,30,4.1,3.7,2.5,7.9,4.9,3.8,650.6,7
8758,76,36-45,40,高中及以下,1849.9,1564.2,17.1,10.0,28,6.9,2.2,4.2,6.3,3.9,3.8,161.91,1
8759,81,46-55,50,高中及以下,3359.9,1900.4,7.6,10.0,13,4.0,2.4,4.0,7.2,4.7,4.2,212.11,3
8760,125,18-25,22,大专,5189.0,4190.6,51.2,5.0,64,4.0,5.1,5.9,7.6,5.4,4.7,1326.71,8
8761,122,36-45,40,硕士,11690.0,2263.1,24.4,7.3,46,4.1,2.7,6.0,9.8,4.2,5.3,603.53,6
8762,175,36-45,40,高中及以下,3736.3,1358.9,20.7,8.1,5,7.1,2.7,6.0,8.0,7.3,5.7,339.4,5
8763,195,46-55,50,硕士,10560.1,1095.9,8.6,9.1,5,6.2,2.8,8.4,9.7,4.6,6.1,218.18,3
8764,167,36-45,40,硕士,16664.6,3100.9,35.8,9.0,59,4.8,2.9,5.4,9.7,5.6,5.5,989.1,8
8765,159,36-45,40,大专,5932.6,2503.8,12.9,7.9,15,4.6,4.1,7.0,7.4,7.4,5.6,286.16,4
8766,82,36-45,40,博士,19727.2,2417.6,36.5,6.1,30,4.1,4.4,4.5,7.6,4.7,4.2,650.6,7
8767,179,55+,60,高中及以下,3974.3,6427.6,49.1,6.1,111,2.5,7.3,6.8,6.2,5.5,4.2,1808.04,9
8768,81,26-35,30,大专,4003.1,1213.9,10.5,7.9,25,7.2,2.2,6.5,5.7,4.1,4.3,212.11,3
8769,9,26-35,30,硕士,9992.9,356.1,7.4,9.0,27,5.3,2.5,5.7,9.3,5.8,5.6,255.33,4
8770,113,26-35,30,高中及以下,5448.1,4692.3,47.8,6.4,41,2.3,5.6,10.0,5.9,4.6,5.1,1742.79,9
8771,64,36-45,40,硕士,11544.3,1534.2,18.1,8.3,24,5.8,3.9,6.7,6.8,4.7,4.6,334.46,4
8772,107,18-25,22,本科,7611.7,1463.0,21.2,9.5,36,4.0,2.5,2.9,6.3,3.6,3.3,176.72,2
8773,140,26-35,30,本科,9316.8,833.7,28.0,8.4,13,6.9,3.3,4.6,6.9,6.4,4.6,186.32,2
8774,175,26-35,30,高中及以下,4126.3,1424.4,10.7,6.7,74,5.5,3.2,5.7,8.5,8.1,5.9,339.4,5
8775,59,36-45,40,高中及以下,3278.7,1237.0,25.4,7.6,80,6.4,2.5,5.0,6.3,4.0,4.0,393.68,5
8776,179,36-45,40,高中及以下,4163.4,5102.8,47.2,6.1,60,1.2,5.1,7.4,4.6,8.4,5.1,1808.04,9
8777,197,26-35,30,高中及以下,2358.2,1450.6,9.6,9.9,14,6.7,3.0,7.0,8.3,6.7,5.9,173.08,2
8778,48,36-45,40,本科,6742.1,200.0,25.4,7.9,29,6.2,2.7,7.8,6.1,7.7,5.8,209.27,3
8779,75,26-35,30,大专,3986.7,1605.0,15.5,8.6,45,5.6,1.8,6.7,7.3,8.3,6.1,337.61,5
8780,148,26-35,30,高中及以下,2491.7,1062.5,11.6,9.8,35,5.9,2.5,5.4,2.8,6.0,3.7,250.12,4
8781,82,36-45,40,高中及以下,5995.0,3098.3,30.1,7.6,34,6.3,4.1,2.4,7.8,6.2,4.1,650.6,7
8782,53,36-45,40,大专,5410.9,1607.8,17.0,10.0,26,5.8,3.3,6.5,5.9,4.4,4.3,273.6,4
8783,88,36-45,40,大专,6088.2,200.0,15.3,10.0,12,5.8,2.3,6.2,7.2,1.0,3.8,87.38,0
8784,145,26-35,30,高中及以下,2622.1,1225.0,15.6,8.8,13,6.2,3.4,6.9,6.9,4.9,4.9,324.35,4
8785,3,18-25,22,高中及以下,4650.0,2731.5,29.2,8.4,41,5.0,4.3,8.6,6.4,5.8,5.3,680.64,7
8786,138,55+,60,本科,8705.8,421.0,23.3,9.9,39,4.0,3.3,3.1,7.2,6.3,4.3,334.79,4
8787,179,26-35,30,本科,11576.8,4864.6,52.6,6.8,87,3.3,6.6,7.7,3.7,8.4,4.7,1808.04,9
8788,195,18-25,22,大专,4372.6,1580.5,21.6,8.3,28,5.1,4.9,7.1,7.6,6.2,5.3,218.18,3
8789,59,46-55,50,大专,5059.2,1941.9,20.8,9.3,25,5.4,2.9,7.4,7.5,3.8,4.9,393.68,5
8790,156,18-25,22,硕士,12757.8,2489.0,26.2,6.3,43,5.9,4.0,8.9,4.9,5.1,4.8,958.89,8
8791,39,46-55,50,高中及以下,3962.4,200.0,12.5,9.2,24,4.8,2.1,4.4,8.8,4.7,4.8,180.7,2
8792,55,18-25,22,本科,9126.7,2036.6,16.2,8.1,27,3.5,4.3,5.0,5.6,7.1,4.4,376.64,5
8793,135,46-55,50,大专,6361.1,2396.5,20.7,7.9,61,2.3,4.1,5.6,8.3,5.0,4.8,699.2,7
8794,166,46-55,50,硕士,12406.7,1369.8,12.8,7.4,19,5.3,4.0,1.4,6.1,7.0,3.6,337.67,5
8795,20,36-45,40,硕士,10319.5,1202.9,26.6,8.9,29,4.5,4.0,5.7,4.0,7.0,4.2,642.68,6
8796,83,18-25,22,大专,3799.5,1207.4,17.4,8.0,25,6.0,3.5,3.4,6.7,5.7,4.0,88.39,0
8797,175,26-35,30,大专,7368.1,1931.1,18.9,8.7,15,3.6,3.7,2.4,7.5,1.8,2.8,339.4,5
8798,156,18-25,22,大专,5724.0,3245.6,37.3,6.5,34,5.5,3.7,6.7,6.9,7.0,5.4,958.89,8
8799,6,26-35,30,本科,7549.8,1513.3,33.1,8.3,47,3.7,5.1,6.2,6.5,5.5,4.5,719.97,7
8800,89,36-45,40,本科,8322.9,2341.2,20.4,8.4,9,5.0,2.9,7.7,5.7,6.7,5.3,247.96,3
8801,88,18-25,22,硕士,12727.1,505.3,5.0,8.3,21,6.8,2.3,5.1,6.2,5.5,4.5,87.38,0
8802,135,36-45,40,博士,20489.4,2779.4,38.2,6.4,82,4.2,4.4,8.2,8.2,4.2,5.3,699.2,7
8803,20,18-25,22,本科,6599.4,2857.8,29.4,7.2,32,4.8,4.2,6.0,7.8,3.6,4.4,642.68,6
8804,80,46-55,50,本科,7535.4,989.4,22.8,9.1,25,6.3,1.9,6.3,9.9,5.8,6.0,119.14,1
8805,179,36-45,40,本科,9024.9,5610.8,64.2,7.6,80,0.5,6.1,6.9,5.9,7.6,5.0,1808.04,9
8806,17,26-35,30,本科,6143.1,578.7,13.6,8.9,18,5.8,3.6,6.3,8.2,4.4,4.9,203.21,3
8807,30,18-25,22,硕士,8944.3,715.9,7.0,9.1,65,5.4,3.8,6.6,6.5,4.5,4.5,81.31,0
8808,124,46-55,50,高中及以下,3244.9,1139.1,26.0,9.7,35,6.0,1.6,3.9,8.6,5.7,5.0,266.9,4
8809,81,46-55,50,本科,9384.5,1201.4,13.8,10.0,17,3.8,1.9,4.9,8.3,6.7,5.4,212.11,3
8810,3,26-35,30,硕士,14296.2,2631.3,30.0,6.0,25,5.2,5.0,5.6,7.3,5.7,4.6,680.64,7
8811,58,26-35,30,高中及以下,4536.8,1080.6,5.9,8.0,31,4.1,3.8,7.5,8.8,5.6,5.7,206.7,3
8812,118,26-35,30,本科,5794.6,1590.2,29.2,6.4,56,4.8,4.5,3.7,6.2,3.3,3.1,465.37,6
8813,167,55+,60,大专,5532.3,2880.3,41.8,9.9,47,5.0,3.8,6.0,5.6,4.3,4.0,989.1,8
8814,133,26-35,30,本科,9180.7,1411.7,17.7,9.4,5,7.1,3.9,4.6,6.2,6.4,4.4,238.31,3
8815,0,26-35,30,大专,5272.9,828.5,18.5,10.0,37,5.7,2.9,7.5,8.2,6.9,6.0,243.89,3
8816,52,46-55,50,高中及以下,2935.4,200.0,18.5,8.5,18,6.1,3.6,9.5,10.0,6.4,6.9,75.42,0
8817,31,46-55,50,本科,11167.0,4264.3,37.7,7.9,30,3.9,4.3,7.0,7.4,3.3,4.4,946.03,7
8818,105,26-35,30,博士,17998.5,766.1,5.4,9.0,13,5.8,4.9,6.9,8.0,3.4,4.5,222.31,3
8819,71,46-55,50,本科,9562.9,2067.6,29.7,7.2,23,3.8,2.6,6.6,4.8,4.9,4.3,690.93,7
8820,118,36-45,40,高中及以下,3359.2,1689.3,23.4,6.7,61,8.3,3.7,6.5,4.9,9.3,5.4,465.37,6
8821,47,26-35,30,高中及以下,4689.3,1174.2,18.4,6.7,5,5.8,2.2,6.7,6.3,5.5,5.0,427.14,6
8822,144,26-35,30,硕士,8510.2,1675.6,16.5,7.1,5,3.2,2.2,7.3,9.2,4.8,5.8,192.46,2
8823,91,46-55,50,本科,6223.3,702.0,28.0,8.9,10,4.7,5.2,4.3,8.7,4.5,4.3,390.98,5
8824,77,26-35,30,本科,8124.5,979.8,18.6,7.6,31,5.7,1.8,5.5,7.0,4.6,4.6,110.06,1
8825,141,36-45,40,本科,7110.9,2316.5,25.1,9.3,36,5.0,3.1,8.2,7.9,7.0,6.2,548.48,6
8826,143,18-25,22,本科,4358.2,200.0,18.1,8.6,28,4.7,3.0,9.8,7.8,5.4,6.1,178.51,2
8827,20,26-35,30,本科,7837.0,1462.7,29.6,7.5,40,5.5,2.0,3.4,8.7,8.3,5.5,642.68,6
8828,177,26-35,30,硕士,10294.4,1868.2,28.4,7.7,26,5.2,3.0,4.4,5.3,5.7,4.0,634.94,6
8829,138,46-55,50,博士,18122.5,653.8,19.4,9.5,48,5.3,2.9,7.6,8.9,8.9,6.8,334.79,4
8830,73,55+,60,高中及以下,5355.9,1902.2,25.3,6.9,32,3.9,3.5,6.0,4.5,5.9,4.2,709.56,7
8831,111,46-55,50,本科,5801.7,868.4,8.0,7.6,56,5.4,1.9,5.5,6.3,5.9,4.8,144.53,1
8832,43,26-35,30,硕士,12696.3,1096.1,11.3,8.9,5,7.3,2.5,5.6,6.7,6.0,4.9,109.83,1
8833,34,26-35,30,大专,4685.8,1595.0,21.4,8.6,27,5.5,4.7,5.7,5.0,4.2,3.6,337.83,5
8834,179,46-55,50,硕士,12071.8,4559.4,52.4,5.2,88,2.5,6.0,7.2,6.9,7.5,5.3,1808.04,9
8835,120,18-25,22,高中及以下,2905.2,394.4,5.8,8.5,36,4.3,4.3,5.9,7.7,3.4,4.2,327.35,4
8836,136,55+,60,高中及以下,3032.7,699.9,8.9,7.2,5,5.4,2.0,5.5,7.9,6.6,5.4,67.81,0
8837,167,46-55,50,高中及以下,3443.4,2846.9,40.0,8.2,56,5.8,5.1,7.1,5.7,7.4,5.0,989.1,8
8838,164,18-25,22,大专,3737.0,1435.4,22.7,9.7,47,6.1,2.4,5.7,8.2,9.4,6.3,388.92,5
8839,25,26-35,30,高中及以下,3511.6,1027.5,9.2,10.0,40,5.7,1.6,7.1,7.1,6.6,5.7,165.82,2
8840,159,36-45,40,高中及以下,3213.1,1104.5,26.0,9.3,21,5.6,3.7,4.7,8.8,4.9,4.7,286.16,4
8841,73,18-25,22,硕士,12584.2,3366.8,34.8,7.0,22,5.7,3.9,5.9,8.4,5.3,5.0,709.56,7
8842,104,36-45,40,本科,10028.1,492.2,21.6,9.0,26,6.8,3.4,4.8,5.3,4.0,3.5,126.31,1
8843,3,36-45,40,本科,6437.6,2608.1,25.0,6.0,30,3.7,3.7,6.7,8.8,6.5,5.8,680.64,7
8844,106,36-45,40,高中及以下,3445.6,2579.0,39.1,6.5,38,3.1,4.8,6.9,6.8,4.9,4.6,978.66,8
8845,68,26-35,30,大专,3143.7,1519.4,21.1,8.4,18,5.1,2.9,5.8,7.7,5.2,4.9,213.07,3
8846,106,18-25,22,博士,20384.6,2748.6,39.7,8.4,73,5.7,3.4,8.3,7.7,6.1,5.8,978.66,8
8847,177,26-35,30,大专,6436.1,2013.0,18.0,7.0,35,5.0,4.8,5.7,7.8,4.6,4.5,634.94,6
8848,156,46-55,50,大专,5978.8,2648.6,25.7,5.4,27,4.2,4.6,6.8,9.7,5.6,5.7,958.89,8
8849,92,46-55,50,高中及以下,3157.8,633.6,5.5,7.6,50,5.8,2.0,6.1,9.3,3.6,5.1,73.55,0
8850,67,36-45,40,大专,4265.8,922.2,25.5,7.3,47,6.7,1.4,7.0,9.0,6.9,6.3,404.86,5
8851,61,26-35,30,大专,5469.6,291.4,21.4,9.2,47,4.8,3.5,5.2,5.9,6.7,4.6,123.27,1
8852,125,36-45,40,高中及以下,4044.8,4355.5,48.6,7.9,38,3.7,6.5,8.3,5.4,4.9,4.4,1326.71,8
8853,78,26-35,30,大专,5973.8,684.0,8.3,9.0,5,6.9,1.9,5.3,8.8,6.2,5.5,162.68,1
8854,107,26-35,30,大专,5085.0,1412.5,19.1,7.3,5,4.7,2.6,5.4,8.8,5.2,5.2,176.72,2
8855,66,36-45,40,高中及以下,3043.8,505.0,16.2,9.0,29,4.2,2.2,5.4,7.0,6.2,5.0,138.1,1
8856,113,26-35,30,博士,29154.1,4577.2,46.4,5.7,58,5.0,6.7,6.8,3.3,6.7,3.8,1742.79,9
8857,3,55+,60,大专,5606.8,2366.2,39.6,7.2,32,5.2,2.9,6.0,8.5,5.3,5.2,680.64,7
8858,86,55+,60,硕士,9774.4,1971.0,12.2,10.0,63,6.6,4.7,2.7,7.4,5.0,3.6,370.7,5
8859,166,26-35,30,本科,6201.8,2090.5,12.2,6.9,38,6.0,2.2,5.0,8.9,3.9,4.8,337.67,5
8860,48,26-35,30,大专,3183.3,737.5,10.5,9.6,38,4.8,3.8,4.9,5.3,3.0,3.2,209.27,3
8861,91,36-45,40,高中及以下,3912.9,946.9,28.5,8.0,36,5.8,3.9,3.2,6.1,6.6,4.0,390.98,5
8862,105,46-55,50,大专,4286.7,1274.0,20.1,9.8,29,4.9,1.9,3.6,7.0,9.3,5.4,222.31,3
8863,191,36-45,40,博士,11704.0,1084.4,18.3,9.1,37,3.3,3.7,4.8,5.6,3.8,3.5,349.46,5
8864,167,26-35,30,硕士,9943.7,2467.9,27.3,5.4,72,5.3,3.1,9.3,9.0,5.9,6.5,989.1,8
8865,113,55+,60,大专,7083.6,5085.1,53.5,5.3,103,2.5,7.3,6.5,5.9,3.7,3.6,1742.79,9
8866,48,36-45,40,本科,9768.7,318.3,12.2,9.2,5,6.2,1.8,6.8,5.7,4.9,4.7,209.27,3
8867,118,26-35,30,硕士,9186.2,1553.2,20.0,8.8,19,5.0,2.4,2.8,10.0,5.8,5.0,465.37,6
8868,124,46-55,50,大专,3223.5,1117.8,27.4,9.1,55,6.7,2.7,6.0,5.3,4.5,4.1,266.9,4
8869,106,36-45,40,硕士,14034.4,3669.8,34.4,8.7,83,3.8,3.0,9.8,5.6,5.6,5.6,978.66,8
8870,67,18-25,22,硕士,14823.8,1876.7,17.4,8.2,25,6.4,3.0,4.4,7.7,5.2,4.5,404.86,5
8871,165,26-35,30,高中及以下,4056.1,1631.5,6.7,10.0,17,5.4,3.4,7.3,6.1,5.6,4.9,224.25,3
8872,73,55+,60,本科,9913.0,2413.1,28.8,8.8,47,4.7,3.4,8.2,10.0,1.3,5.1,709.56,7
8873,87,36-45,40,博士,14819.5,351.4,14.8,7.7,43,4.6,1.2,5.9,6.9,4.2,4.7,206.18,3
8874,73,55+,60,硕士,10000.6,2608.1,30.9,8.8,56,4.1,4.5,4.7,6.8,3.8,3.7,709.56,7
8875,179,36-45,40,高中及以下,3954.7,5105.3,49.1,6.5,42,1.4,6.5,7.1,4.7,4.3,3.7,1808.04,9
8876,128,26-35,30,高中及以下,2585.5,1127.5,20.8,8.8,14,4.7,2.9,4.5,6.6,4.1,3.9,163.96,2
8877,9,26-35,30,高中及以下,2248.2,757.9,23.8,9.2,39,6.3,4.9,4.3,6.2,1.6,2.8,255.33,4
8878,55,36-45,40,高中及以下,3693.5,1838.2,17.6,6.0,5,4.9,5.3,6.3,7.9,4.5,4.6,376.64,5
8879,145,18-25,22,高中及以下,2558.2,2016.1,16.2,9.0,18,5.2,3.8,8.2,5.2,7.1,5.3,324.35,4
8880,109,36-45,40,博士,16342.0,1107.3,15.1,8.4,27,6.1,1.4,7.5,9.2,4.6,5.9,137.77,1
8881,113,46-55,50,大专,8521.2,4886.5,51.7,6.3,83,3.2,4.8,4.7,4.3,6.4,3.7,1742.79,9
8882,42,46-55,50,高中及以下,4139.9,242.2,8.6,8.5,24,5.6,2.5,6.7,5.9,3.0,4.1,132.2,1
8883,167,26-35,30,博士,17271.2,2147.3,31.8,7.2,56,4.5,4.1,7.4,6.2,5.4,4.8,989.1,8
8884,156,36-45,40,大专,6592.4,3142.9,34.9,6.4,12,3.7,5.1,5.4,4.7,4.7,3.5,958.89,8
8885,113,46-55,50,博士,20214.3,4393.6,56.6,6.7,84,3.9,7.4,5.5,6.1,6.2,4.0,1742.79,9
8886,75,26-35,30,博士,16164.3,1279.4,27.0,9.0,56,5.2,4.3,6.8,8.4,6.2,5.5,337.61,5
8887,122,26-35,30,大专,6926.3,1291.2,22.8,6.6,38,1.9,3.8,3.2,7.9,4.3,3.9,603.53,6
8888,27,55+,60,大专,4010.0,922.5,14.8,9.7,27,5.8,4.0,6.8,8.0,4.9,5.1,216.09,3
8889,106,18-25,22,大专,4698.6,3081.4,33.0,7.1,67,4.3,5.0,6.0,5.2,6.8,4.4,978.66,8
8890,20,18-25,22,硕士,12347.0,2121.1,22.1,7.7,49,4.3,4.3,4.6,5.5,7.2,4.3,642.68,6
8891,179,36-45,40,高中及以下,4654.6,5102.3,55.7,6.6,91,3.1,7.5,6.8,5.7,5.6,4.1,1808.04,9
8892,61,36-45,40,高中及以下,3047.0,717.8,19.7,10.0,25,5.1,4.3,3.9,6.0,5.3,3.7,123.27,1
8893,82,26-35,30,本科,7245.1,2088.4,32.0,7.1,52,6.6,2.5,6.5,7.0,8.2,5.8,650.6,7
8894,122,18-25,22,高中及以下,2972.3,1820.6,30.7,8.3,32,5.4,2.9,6.5,6.4,5.0,4.7,603.53,6
8895,55,46-55,50,大专,4798.1,936.1,23.8,8.8,27,5.7,4.7,7.0,5.9,8.2,5.4,376.64,5
8896,69,55+,60,本科,7701.2,1056.6,20.2,7.8,20,4.3,2.8,7.0,7.2,4.0,4.8,77.86,0
8897,179,36-45,40,硕士,15842.0,5375.3,55.9,6.3,73,3.1,5.6,9.8,6.6,5.2,5.4,1808.04,9
8898,167,46-55,50,高中及以下,3542.3,2047.9,33.2,7.1,58,3.0,5.3,9.5,7.6,5.6,5.7,989.1,8
8899,47,26-35,30,硕士,14395.4,1523.6,15.9,8.4,21,6.2,4.2,5.9,7.8,7.0,5.3,427.14,6
8900,89,55+,60,本科,7430.7,1618.8,15.2,8.6,28,5.6,3.9,8.3,10.0,5.9,6.4,247.96,3
8901,106,36-45,40,本科,6829.5,2769.9,35.1,9.0,49,4.0,5.9,8.0,5.1,5.9,4.6,978.66,8
8902,138,26-35,30,高中及以下,5032.4,1192.5,24.4,8.8,24,6.5,2.3,5.9,8.1,4.1,4.8,334.79,4
8903,156,36-45,40,硕士,11648.7,3043.3,29.5,6.2,38,3.7,4.2,4.2,6.2,8.1,4.7,958.89,8
8904,179,26-35,30,硕士,18330.7,4646.4,64.3,5.6,88,1.9,5.8,5.4,6.4,5.6,4.1,1808.04,9
8905,113,55+,60,博士,33571.7,5298.0,56.0,6.5,80,0.7,6.6,9.4,3.4,4.7,4.1,1742.79,9
8906,153,36-45,40,硕士,12118.7,1621.1,9.5,8.2,17,4.8,1.5,5.9,9.3,6.2,5.9,187.21,2
8907,174,26-35,30,高中及以下,3138.5,304.3,16.0,6.2,21,6.3,2.7,4.5,8.7,4.4,4.6,195.72,2
8908,173,36-45,40,本科,6955.2,1326.6,20.7,7.6,14,5.6,3.3,6.1,6.9,6.0,5.0,208.75,3
8909,177,26-35,30,高中及以下,3217.8,2481.3,24.0,9.3,31,6.6,3.3,5.1,7.8,7.2,5.3,634.94,6
8910,71,55+,60,博士,22022.8,2539.2,30.1,7.4,54,3.9,5.3,6.1,7.2,4.2,4.2,690.93,7
8911,135,26-35,30,本科,8473.5,2161.2,27.0,6.7,37,5.3,3.6,5.7,4.3,7.2,4.4,699.2,7
8912,141,18-25,22,本科,11215.3,2127.4,20.0,8.9,81,5.3,1.7,3.9,7.5,4.6,4.3,548.48,6
8913,55,46-55,50,高中及以下,3948.1,1920.7,23.8,9.6,28,4.7,3.6,4.3,7.8,3.2,3.9,376.64,5
8914,179,26-35,30,博士,35219.7,4182.1,58.0,6.7,80,2.0,6.5,7.8,6.1,8.2,5.4,1808.04,9
8915,145,36-45,40,高中及以下,3585.7,903.8,19.6,7.6,25,6.1,3.5,3.0,9.3,5.0,4.4,324.35,4
8916,34,46-55,50,本科,6765.4,1156.3,24.1,8.9,60,5.1,5.0,6.1,7.1,6.2,4.8,337.83,5
8917,21,36-45,40,本科,7010.6,1180.8,13.6,9.8,25,6.6,2.0,5.0,6.8,5.0,4.5,118.42,1
8918,145,55+,60,本科,6270.2,973.4,20.5,8.6,29,5.8,4.0,3.3,9.2,4.6,4.3,324.35,4
8919,115,46-55,50,大专,4974.0,1016.3,13.0,7.9,5,5.5,2.8,6.3,7.7,5.4,5.1,200.65,2
8920,157,26-35,30,高中及以下,3685.3,1756.0,23.1,8.2,34,5.0,2.8,9.1,8.0,6.5,6.3,238.37,3
8921,71,18-25,22,大专,8138.3,2020.3,26.4,8.1,29,4.3,4.3,8.1,5.3,4.2,4.4,690.93,7
8922,65,46-55,50,高中及以下,2621.1,2090.3,26.9,7.6,43,4.3,4.6,4.0,7.2,4.0,3.7,576.08,6
8923,54,36-45,40,本科,5787.8,1431.0,21.8,8.0,30,4.0,3.8,4.3,8.1,6.0,4.7,416.13,5
8924,9,46-55,50,高中及以下,2996.4,1523.8,15.5,9.4,28,5.2,4.7,7.7,7.4,6.2,5.4,255.33,4
8925,50,26-35,30,本科,9928.4,1485.1,17.2,10.0,47,4.3,2.9,6.4,9.1,5.8,5.7,205.22,3
8926,129,18-25,22,高中及以下,4108.9,200.0,15.6,10.0,44,5.2,1.0,8.0,7.6,4.8,5.7,89.7,0
8927,65,26-35,30,大专,4807.8,2722.1,20.1,8.3,6,3.4,6.1,6.3,5.7,3.1,3.4,576.08,6
8928,71,55+,60,硕士,10921.7,1747.1,28.9,9.1,45,5.2,3.5,5.4,6.9,6.7,4.9,690.93,7
8929,48,36-45,40,本科,7526.9,281.1,16.7,8.1,12,4.9,2.6,7.2,7.7,3.6,4.9,209.27,3
8930,107,36-45,40,高中及以下,3040.2,1748.0,12.5,8.9,11,6.3,3.2,5.8,8.5,3.4,4.6,176.72,2
8931,113,18-25,22,本科,9928.9,5311.0,43.0,5.2,56,1.8,7.7,6.7,5.1,5.0,3.7,1742.79,9
8932,191,36-45,40,博士,12148.3,1040.1,16.6,9.0,41,5.8,2.7,8.0,6.9,5.3,5.4,349.46,5
8933,109,46-55,50,硕士,11902.6,431.5,10.4,10.0,11,6.1,1.2,3.2,6.2,10.0,5.4,137.77,1
8934,144,36-45,40,高中及以下,2958.5,978.5,8.8,8.5,26,5.7,1.2,5.1,8.6,8.2,6.1,192.46,2
8935,113,26-35,30,硕士,15013.4,5249.1,55.5,5.3,81,3.4,5.7,7.1,2.1,3.1,2.7,1742.79,9
8936,179,26-35,30,博士,27869.7,5196.1,61.5,5.6,79,1.9,6.3,7.1,4.5,8.1,4.7,1808.04,9
8937,73,18-25,22,本科,9647.6,2102.7,33.4,8.4,40,4.7,4.4,7.1,7.5,5.7,5.2,709.56,7
8938,141,55+,60,大专,5060.0,1245.3,20.6,8.1,20,4.0,5.1,6.5,8.4,3.9,4.6,548.48,6
8939,70,26-35,30,大专,5837.9,1870.2,18.0,9.8,35,5.0,2.1,7.7,7.7,5.6,5.7,213.02,3
8940,166,18-25,22,本科,7157.3,1431.7,26.9,6.5,33,5.7,4.5,4.9,9.9,4.6,4.9,337.67,5
8941,68,55+,60,本科,5833.9,1035.3,17.6,9.6,5,4.8,4.3,3.9,7.1,3.6,3.6,213.07,3
8942,42,46-55,50,大专,4636.7,603.6,12.9,7.7,49,4.2,1.2,3.3,9.3,2.9,4.3,132.2,1
8943,179,46-55,50,本科,9238.8,4867.9,55.6,5.4,62,1.7,5.9,5.9,4.9,6.1,4.0,1808.04,9
8944,179,26-35,30,博士,21728.1,4616.2,50.6,4.6,92,3.7,5.6,5.0,5.1,3.4,3.1,1808.04,9
8945,135,36-45,40,本科,11957.3,2467.0,26.1,7.8,61,3.4,4.2,3.8,7.0,4.3,3.7,699.2,7
8946,57,46-55,50,本科,7719.6,767.0,11.0,9.6,36,5.4,2.3,5.0,6.9,5.4,4.6,108.94,1
8947,71,46-55,50,高中及以下,4894.7,1995.4,21.3,6.9,47,4.4,5.8,3.0,8.4,3.5,3.4,690.93,7
8948,149,18-25,22,硕士,13373.5,1597.1,11.0,6.5,7,5.6,3.9,6.6,7.0,4.3,4.6,199.73,2
8949,31,46-55,50,高中及以下,4764.4,3797.3,40.6,8.0,55,5.2,5.0,5.6,5.5,6.6,4.3,946.03,7
8950,77,36-45,40,本科,5555.0,625.9,15.8,9.7,22,6.5,3.0,2.1,10.0,4.4,4.3,110.06,1
8951,197,26-35,30,高中及以下,4720.3,469.2,13.9,9.8,28,6.6,3.5,6.2,6.8,4.0,4.4,173.08,2
8952,135,36-45,40,高中及以下,4429.7,2037.5,28.5,7.6,23,4.7,5.5,4.3,7.4,5.1,4.0,699.2,7
8953,20,36-45,40,高中及以下,5020.3,1912.7,27.2,9.9,26,6.0,3.9,6.1,5.6,4.2,4.0,642.68,6
8954,169,18-25,22,高中及以下,4360.7,200.0,12.9,7.6,39,5.8,1.4,5.5,8.1,4.9,5.1,69.84,0
8955,3,36-45,40,博士,18302.7,1827.5,22.7,8.8,28,5.5,3.5,4.5,8.0,5.8,4.7,680.64,7
8956,191,18-25,22,本科,6923.1,1929.1,23.7,8.5,33,6.9,4.8,7.6,4.9,4.5,4.2,349.46,5
8957,191,18-25,22,高中及以下,3620.9,1180.0,14.6,8.5,20,3.6,3.0,3.8,6.4,4.5,3.8,349.46,5
8958,73,36-45,40,本科,13451.4,1557.6,34.0,7.7,39,5.1,2.8,4.8,7.2,6.4,4.9,709.56,7
8959,117,46-55,50,高中及以下,3379.8,404.5,6.2,9.1,19,5.2,2.6,5.6,8.4,5.5,5.2,46.12,0
8960,20,26-35,30,本科,11982.0,2130.6,21.2,9.9,28,5.0,3.7,5.3,7.6,7.4,5.3,642.68,6
8961,71,26-35,30,高中及以下,3972.8,1652.4,30.3,8.3,44,5.1,2.5,4.5,7.9,5.5,4.8,690.93,7
8962,133,36-45,40,大专,4633.9,1623.0,17.9,9.6,34,5.1,2.5,6.6,7.6,5.9,5.4,238.31,3
8963,119,36-45,40,高中及以下,2621.9,1761.0,19.3,8.2,46,6.1,5.2,1.5,8.6,3.7,3.2,314.8,4
8964,4,55+,60,硕士,12897.6,1513.7,8.3,10.0,24,4.5,2.1,3.8,9.6,5.0,5.0,117.43,1
8965,54,26-35,30,大专,5540.7,2437.7,21.7,6.5,48,5.0,3.2,4.6,7.4,5.9,4.7,416.13,5
8966,191,46-55,50,高中及以下,3460.9,1300.5,25.5,8.1,24,4.0,2.8,4.3,5.0,8.0,4.5,349.46,5
8967,159,18-25,22,本科,9682.1,1703.9,15.4,9.1,20,4.0,2.1,3.4,9.6,7.7,5.6,286.16,4
8968,154,18-25,22,本科,8658.3,1117.7,26.0,7.5,5,5.5,2.8,5.9,8.4,4.4,4.9,198.95,2
8969,99,26-35,30,本科,5774.9,1308.7,12.5,10.0,28,5.6,3.6,4.5,4.7,5.9,3.8,117.38,1
8970,33,36-45,40,本科,4857.2,223.8,19.3,9.5,22,5.1,3.9,8.5,8.0,5.7,5.8,51.54,0
8971,161,46-55,50,硕士,14679.5,1415.0,21.9,8.0,42,4.8,3.1,6.3,7.2,6.3,5.2,326.06,4
8972,34,26-35,30,本科,7165.7,1518.1,26.5,8.1,21,5.5,3.9,7.7,9.3,6.3,6.1,337.83,5
8973,179,36-45,40,本科,9053.1,5333.9,59.9,7.2,103,3.4,5.2,6.1,5.3,8.3,4.9,1808.04,9
8974,7,46-55,50,硕士,12730.1,1765.0,9.1,7.8,43,5.0,4.6,4.8,8.2,7.6,5.2,319.72,4
8975,151,36-45,40,硕士,9096.4,748.0,5.0,6.9,41,5.1,4.4,5.7,8.0,2.8,4.1,209.86,3
8976,76,18-25,22,硕士,11241.9,962.6,12.9,9.7,40,5.8,1.6,2.9,6.8,10.0,5.4,161.91,1
8977,120,46-55,50,本科,7152.2,1921.7,19.6,7.3,35,4.4,4.3,4.0,7.5,4.6,4.0,327.35,4
8978,22,46-55,50,本科,5763.4,667.2,6.4,7.6,31,4.4,2.3,2.3,8.6,4.9,4.2,158.78,1
8979,7,26-35,30,高中及以下,2515.7,516.6,22.4,9.4,32,6.4,4.7,4.7,10.0,5.0,5.0,319.72,4
8980,177,36-45,40,大专,5425.5,2944.0,29.0,7.0,29,4.3,3.7,6.1,6.6,7.4,5.2,634.94,6
8981,191,18-25,22,本科,6661.8,1006.4,14.9,9.5,17,6.4,4.4,3.3,8.3,3.7,3.7,349.46,5
8982,164,36-45,40,高中及以下,3564.8,1086.4,15.3,8.8,38,5.0,4.1,3.4,6.8,4.1,3.5,388.92,5
8983,116,26-35,30,博士,24144.9,1268.6,15.1,8.4,14,4.0,2.3,2.0,5.7,4.6,3.2,143.35,1
8984,113,36-45,40,硕士,15434.4,4949.4,48.7,5.4,79,4.8,5.1,5.8,4.9,6.2,4.1,1742.79,9
8985,183,26-35,30,高中及以下,3479.0,652.8,25.3,8.4,20,5.3,4.0,4.7,6.4,5.3,4.1,240.44,3
8986,41,26-35,30,高中及以下,2394.8,573.2,15.1,7.9,36,4.9,4.7,2.9,8.9,7.2,4.8,176.16,2
8987,170,26-35,30,硕士,9991.1,1254.2,9.3,9.3,7,5.8,2.1,7.6,10.0,5.3,6.2,60.98,0
8988,186,36-45,40,高中及以下,3589.5,1307.2,21.9,9.9,11,3.1,2.0,6.7,8.1,5.3,5.5,238.23,3
8989,115,18-25,22,本科,7448.4,850.1,12.4,9.5,29,7.0,2.2,6.4,7.1,6.0,5.3,200.65,2
8990,47,46-55,50,大专,4685.4,1166.2,18.2,9.7,41,4.2,1.5,6.1,8.7,5.4,5.6,427.14,6
8991,99,36-45,40,高中及以下,4118.2,973.2,16.6,9.1,16,6.5,2.0,5.0,7.9,5.2,4.9,117.38,1
8992,122,36-45,40,高中及以下,3928.9,2594.0,16.6,5.6,6,5.4,3.9,8.4,5.2,5.8,5.0,603.53,6
8993,60,55+,60,大专,3855.9,1084.2,13.0,7.1,6,5.6,5.2,4.3,6.4,4.4,3.6,91.91,0
8994,179,26-35,30,本科,9180.9,5013.0,54.9,5.8,80,1.6,5.1,8.7,4.9,7.2,5.2,1808.04,9
8995,118,46-55,50,高中及以下,2542.0,361.8,23.6,7.8,26,5.3,3.4,4.0,7.0,4.9,4.1,465.37,6
8996,56,36-45,40,高中及以下,2633.0,889.8,7.3,7.9,22,6.2,3.6,4.3,6.7,6.9,4.6,64.12,0
8997,71,36-45,40,博士,16586.0,3291.7,21.2,7.3,50,5.3,4.3,7.2,6.9,3.5,4.4,690.93,7
8998,133,18-25,22,大专,3884.2,1127.9,10.9,7.1,5,6.0,2.2,6.2,8.7,5.6,5.5,238.31,3
8999,178,26-35,30,本科,8069.3,585.4,5.0,7.9,47,6.1,1.9,4.9,7.6,4.1,4.5,113.9,1
9000,75,18-25,22,本科,5479.0,935.4,10.2,9.7,20,3.4,2.9,6.5,7.4,3.5,4.6,337.61,5
9001,6,18-25,22,高中及以下,3392.8,2225.3,17.6,8.0,70,4.0,3.1,4.4,9.8,7.0,5.6,719.97,7
9002,32,36-45,40,本科,6996.0,1789.0,9.0,8.3,24,5.6,1.1,5.1,6.9,8.5,5.7,146.42,1
9003,0,26-35,30,高中及以下,3379.5,1195.8,15.6,9.8,46,7.2,2.4,5.0,8.4,4.9,4.9,243.89,3
9004,156,18-25,22,本科,9204.6,3484.2,31.8,7.3,40,5.7,3.8,4.1,4.0,5.1,3.2,958.89,8
9005,59,36-45,40,大专,7316.1,1016.5,13.2,9.7,18,6.9,3.3,6.9,6.5,7.5,5.5,393.68,5
9006,156,46-55,50,本科,8020.2,2782.8,29.0,7.0,50,5.1,5.5,7.5,7.7,8.0,5.8,958.89,8
9007,179,26-35,30,硕士,12070.6,4638.9,62.7,5.0,88,3.8,7.6,9.1,6.6,4.6,4.7,1808.04,9
9008,56,36-45,40,硕士,11146.4,919.2,16.6,7.1,28,5.2,2.3,5.2,6.3,7.4,5.1,64.12,0
9009,165,36-45,40,高中及以下,3239.2,1075.9,16.5,9.1,41,5.1,2.0,7.3,4.9,5.0,4.6,224.25,3
9010,86,18-25,22,博士,23346.0,1486.2,22.1,8.6,21,5.5,3.5,6.8,5.8,4.5,4.4,370.7,5
9011,131,46-55,50,高中及以下,2654.9,684.6,11.6,9.3,10,7.1,4.1,3.5,8.2,6.6,4.6,158.95,1
9012,156,36-45,40,高中及以下,3705.0,2352.0,32.4,6.8,25,3.3,4.2,6.7,6.8,6.2,5.0,958.89,8
9013,106,55+,60,本科,11695.4,3119.8,30.0,7.7,59,4.1,3.6,10.0,6.0,6.0,5.8,978.66,8
9014,40,18-25,22,硕士,11135.6,825.9,14.2,8.7,38,5.0,2.3,6.6,6.5,7.1,5.4,310.59,4
9015,2,55+,60,高中及以下,2429.5,1879.5,21.1,8.0,5,5.2,4.2,4.7,9.9,3.7,4.6,283.64,4
9016,2,26-35,30,高中及以下,3733.4,1094.9,20.5,8.7,48,5.3,3.6,6.5,4.3,5.5,4.1,283.64,4
9017,113,36-45,40,博士,16363.5,4717.7,54.9,5.3,49,2.1,7.0,10.0,3.0,5.7,4.3,1742.79,9
9018,173,26-35,30,硕士,10844.5,683.8,13.2,8.4,23,6.1,2.7,3.2,4.9,6.8,3.9,208.75,3
9019,111,55+,60,硕士,8693.3,751.4,12.0,8.6,34,6.1,2.6,4.1,9.5,4.2,4.7,144.53,1
9020,61,26-35,30,本科,7682.8,695.5,10.3,8.9,53,5.8,4.0,5.7,6.7,4.8,4.3,123.27,1
9021,31,26-35,30,大专,4860.7,3118.3,36.1,6.4,45,3.7,4.8,6.1,6.4,1.4,3.3,946.03,7
9022,73,18-25,22,博士,28172.5,2829.7,25.2,7.9,21,5.0,5.1,7.9,6.3,5.0,4.8,709.56,7
9023,179,46-55,50,硕士,10481.9,5765.8,56.3,4.9,78,2.7,5.7,5.3,4.9,6.3,3.9,1808.04,9
9024,107,18-25,22,大专,5311.2,1248.2,28.5,8.4,35,4.8,1.7,7.6,8.7,7.0,6.4,176.72,2
9025,29,26-35,30,本科,6853.4,1245.7,17.3,6.9,22,5.7,3.9,4.5,6.8,7.4,4.8,110.86,1
9026,55,18-25,22,本科,7022.4,1301.8,28.2,7.4,37,5.0,3.0,5.4,6.3,8.4,5.3,376.64,5
9027,198,36-45,40,本科,5005.8,1512.0,16.0,8.9,12,5.2,1.9,3.2,9.1,3.3,4.2,157.31,1
9028,113,36-45,40,硕士,14262.0,6038.8,55.6,5.2,62,2.9,6.6,8.7,3.1,5.2,3.9,1742.79,9
9029,20,46-55,50,本科,8387.6,2172.4,26.7,8.6,50,4.8,3.7,5.7,7.9,8.6,5.8,642.68,6
9030,75,26-35,30,硕士,13629.2,1754.0,16.2,8.5,45,4.7,2.0,2.4,9.1,4.5,4.3,337.61,5
9031,6,18-25,22,本科,9837.5,1709.4,38.3,7.1,67,4.9,5.5,2.6,7.1,6.8,3.9,719.97,7
9032,5,36-45,40,硕士,12277.9,200.0,14.0,9.9,40,5.1,2.6,3.1,7.7,3.8,3.8,117.43,1
9033,165,18-25,22,本科,5519.2,1259.6,13.1,9.1,16,4.7,2.8,2.9,5.7,2.1,2.7,224.25,3
9034,6,26-35,30,硕士,10370.5,2486.4,28.2,8.4,41,2.9,4.6,7.7,7.8,3.4,4.7,719.97,7
9035,166,55+,60,大专,5150.1,2173.8,5.5,7.2,32,4.3,2.1,2.3,7.2,6.0,4.1,337.67,5
9036,2,46-55,50,博士,17146.7,701.3,19.0,8.7,50,7.7,2.3,6.1,10.0,6.5,6.1,283.64,4
9037,137,26-35,30,大专,4766.3,1225.4,19.2,9.2,35,7.0,4.5,5.4,8.2,3.8,4.3,107.55,1
9038,164,36-45,40,本科,6304.6,850.2,22.9,8.0,33,6.9,4.9,4.4,7.5,6.3,4.5,388.92,5
9039,64,26-35,30,本科,7026.0,1399.0,15.3,7.7,30,4.0,3.1,7.4,8.9,2.8,5.0,334.46,4
9040,69,36-45,40,硕士,10737.5,785.3,9.9,8.6,28,4.8,2.1,6.2,6.3,5.6,4.9,77.86,0
9041,184,46-55,50,本科,6845.2,732.8,16.5,10.0,32,6.2,3.2,2.5,6.0,7.0,4.0,118.69,1
9042,59,36-45,40,硕士,12418.7,2086.0,15.7,8.3,23,6.7,3.7,5.9,8.1,4.9,4.9,393.68,5
9043,31,26-35,30,大专,6327.8,2880.0,26.8,6.9,37,4.4,6.0,2.4,5.1,7.0,3.3,946.03,7
9044,47,18-25,22,高中及以下,2985.7,2448.1,12.6,9.3,41,6.3,3.3,4.8,8.6,4.6,4.7,427.14,6
9045,31,26-35,30,本科,10426.3,2698.0,40.4,9.2,64,3.7,5.9,5.7,8.1,4.6,4.4,946.03,7
9046,9,26-35,30,高中及以下,4443.4,2128.9,13.3,10.0,5,6.1,3.0,5.0,6.1,8.5,5.2,255.33,4
9047,161,36-45,40,本科,5538.3,1843.7,24.6,9.8,20,4.9,3.0,2.8,5.1,4.5,3.1,326.06,4
9048,50,26-35,30,高中及以下,3454.7,1138.3,9.8,9.0,37,5.5,5.1,8.6,8.4,4.0,5.3,205.22,3
9049,153,46-55,50,高中及以下,2779.8,727.2,6.9,6.7,38,4.7,2.8,6.6,9.4,3.2,5.1,187.21,2
9050,3,46-55,50,硕士,9858.4,1565.1,25.6,8.6,34,4.1,3.1,4.2,8.5,7.0,5.2,680.64,7
9051,50,36-45,40,本科,9752.8,946.8,5.2,9.5,15,4.2,3.4,1.4,7.0,5.9,3.6,205.22,3
9052,44,46-55,50,高中及以下,3407.5,611.9,12.8,9.3,41,8.1,2.8,5.3,9.0,5.3,5.2,33.83,0
9053,27,36-45,40,高中及以下,3376.1,1044.1,18.6,8.2,14,5.5,2.0,6.4,7.0,4.5,4.8,216.09,3
9054,156,36-45,40,高中及以下,3761.5,2926.0,33.1,7.8,54,3.2,3.6,6.6,5.2,5.6,4.5,958.89,8
9055,145,36-45,40,硕士,8603.1,1396.9,17.1,9.1,11,3.7,4.0,4.5,9.4,5.0,4.8,324.35,4
9056,167,36-45,40,本科,9814.4,2813.8,40.0,6.9,43,4.1,5.7,7.4,5.5,7.9,5.1,989.1,8
9057,133,26-35,30,本科,8260.6,1839.2,10.1,8.4,16,6.0,3.1,3.5,6.8,4.6,3.8,238.31,3
9058,118,36-45,40,高中及以下,3228.8,1546.6,29.2,8.0,48,6.5,2.4,7.8,6.8,8.4,6.2,465.37,6
9059,186,26-35,30,高中及以下,2524.0,1148.4,14.9,9.0,12,5.1,3.7,8.2,8.0,6.1,5.8,238.23,3
9060,93,46-55,50,高中及以下,2480.5,1097.3,5.0,8.8,24,5.5,1.4,4.3,7.8,4.4,4.5,106.95,0
9061,152,26-35,30,高中及以下,3019.5,464.4,8.7,7.0,49,6.3,1.4,5.6,8.1,6.7,5.6,75.19,0
9062,47,36-45,40,高中及以下,3791.8,540.0,17.7,8.5,39,5.3,4.4,5.0,5.3,4.9,3.7,427.14,6
9063,162,46-55,50,本科,7062.6,674.5,22.4,6.7,31,6.0,1.4,6.9,7.2,6.6,5.7,472.76,6
9064,148,18-25,22,本科,6728.8,1481.9,12.2,9.6,25,5.9,3.0,6.5,5.1,4.6,4.2,250.12,4
9065,71,55+,60,大专,5356.4,2279.6,23.8,7.0,34,2.9,4.6,7.0,4.1,7.9,4.8,690.93,7
9066,187,46-55,50,大专,3084.9,1501.7,10.7,6.4,20,5.3,3.4,6.0,8.3,6.4,5.4,137.99,1
9067,177,36-45,40,大专,4732.8,999.7,22.3,8.4,29,5.7,4.6,4.5,5.0,3.9,3.2,634.94,6
9068,161,36-45,40,硕士,9681.3,1406.0,20.9,8.2,30,4.6,1.7,3.1,5.7,5.5,3.8,326.06,4
9069,113,36-45,40,高中及以下,4166.1,3849.6,53.3,6.5,74,1.7,5.5,5.7,5.1,7.4,4.4,1742.79,9
9070,118,46-55,50,高中及以下,4081.3,1501.1,23.0,9.1,47,5.8,3.5,3.5,9.1,6.8,5.0,465.37,6
9071,168,18-25,22,硕士,10906.2,872.4,14.6,8.4,5,3.0,2.2,5.9,8.3,6.6,5.6,116.12,1
9072,125,26-35,30,硕士,14407.7,3412.8,40.5,5.7,90,3.2,5.4,4.7,5.6,5.3,3.7,1326.71,8
9073,113,36-45,40,本科,11602.1,5372.2,58.0,6.8,80,2.9,6.5,8.6,5.1,4.5,4.3,1742.79,9
9074,73,46-55,50,博士,20541.4,2015.0,27.8,7.9,22,5.6,4.2,5.8,5.8,5.6,4.3,709.56,7
9075,113,46-55,50,硕士,10683.6,4792.0,54.0,5.2,77,3.6,6.7,7.0,2.3,2.9,2.5,1742.79,9
9076,2,26-35,30,硕士,9603.4,1193.0,23.6,8.4,47,4.1,2.2,6.0,7.0,5.3,4.9,283.64,4
9077,177,36-45,40,本科,9870.9,2034.1,22.1,7.0,31,4.2,4.8,3.9,6.9,4.2,3.6,634.94,6
9078,135,26-35,30,大专,5314.0,2462.1,27.1,5.8,36,3.7,5.6,5.9,5.4,5.7,4.1,699.2,7
9079,149,36-45,40,博士,11414.9,733.7,13.5,8.1,53,6.0,2.6,6.4,8.8,5.9,5.7,199.73,2
9080,106,46-55,50,本科,7781.2,2071.7,34.3,6.9,48,4.9,5.4,5.2,5.3,7.8,4.5,978.66,8
9081,191,18-25,22,高中及以下,2932.1,1645.1,16.6,8.4,42,5.4,2.3,3.2,8.6,6.6,4.9,349.46,5
9082,146,18-25,22,高中及以下,2725.6,200.0,6.8,9.8,21,7.5,2.5,2.9,9.2,5.8,4.8,43.08,0
9083,195,26-35,30,大专,5538.4,737.0,6.7,9.2,31,7.6,1.6,5.8,5.4,7.1,5.0,218.18,3
9084,196,26-35,30,硕士,9866.4,200.0,10.4,8.6,15,7.0,2.5,4.8,10.0,8.0,6.2,61.32,0
9085,113,36-45,40,博士,20763.2,5089.4,56.9,5.0,89,2.3,4.7,5.5,4.6,8.4,4.6,1742.79,9
9086,177,26-35,30,大专,6315.3,1860.2,25.1,8.0,35,3.0,3.3,7.5,5.9,5.0,4.8,634.94,6
9087,113,36-45,40,本科,11206.6,6132.5,45.5,6.3,66,0.9,7.7,6.5,4.6,8.7,4.6,1742.79,9
9088,51,26-35,30,硕士,9087.6,200.0,5.0,8.4,37,7.7,1.2,5.5,7.9,6.9,5.6,100.98,0
9089,4,26-35,30,高中及以下,3347.4,1334.4,5.4,8.6,11,6.4,2.1,6.5,6.8,5.9,5.2,117.43,1
9090,78,46-55,50,大专,5684.4,452.5,24.3,8.6,53,6.2,3.7,6.6,8.1,6.3,5.5,162.68,1
9091,146,26-35,30,博士,21967.8,240.8,14.2,9.7,27,5.1,3.2,5.0,8.1,7.2,5.3,43.08,0
9092,48,36-45,40,高中及以下,3437.2,1509.3,16.7,7.3,43,4.3,4.0,3.7,9.1,4.3,4.3,209.27,3
9093,122,18-25,22,本科,6781.0,2154.1,24.9,9.6,25,5.4,3.7,6.7,6.5,4.9,4.6,603.53,6
9094,90,46-55,50,高中及以下,2976.2,693.4,8.5,8.4,5,4.9,3.6,6.2,6.4,5.4,4.6,163.54,2
9095,160,26-35,30,本科,8395.5,200.0,12.5,7.7,5,6.4,4.3,6.6,5.9,4.5,4.2,56.0,0
9096,175,26-35,30,大专,5243.7,1684.3,12.4,8.9,30,4.8,4.9,7.1,8.9,3.0,4.7,339.4,5
9097,113,36-45,40,大专,7466.8,4021.7,58.4,6.7,52,1.6,8.2,7.0,7.2,5.2,4.4,1742.79,9
9098,124,18-25,22,高中及以下,3827.8,1413.4,16.6,8.6,43,5.0,4.9,6.3,8.8,5.9,5.3,266.9,4
9099,18,26-35,30,大专,5333.5,200.0,5.9,9.7,21,7.5,2.6,4.5,10.0,3.5,4.8,59.86,0
9100,150,26-35,30,本科,7045.9,1407.9,18.6,7.6,16,4.3,4.3,5.3,6.8,6.5,4.7,190.66,2
9101,6,26-35,30,高中及以下,4300.4,2161.8,22.2,8.0,49,4.2,3.4,7.4,5.5,6.1,4.9,719.97,7
9102,113,26-35,30,博士,21000.9,4375.6,52.5,7.7,81,1.0,7.4,7.9,6.1,8.3,5.3,1742.79,9
9103,31,18-25,22,本科,11773.5,3151.0,32.4,7.4,78,5.0,6.3,5.6,5.5,5.6,3.9,946.03,7
9104,75,36-45,40,硕士,12794.6,714.6,20.4,8.3,5,4.9,4.6,4.3,9.1,4.2,4.4,337.61,5
9105,113,26-35,30,博士,31768.8,4676.3,56.3,4.9,78,3.3,6.5,7.0,5.7,4.5,4.0,1742.79,9
9106,164,55+,60,本科,7040.8,343.5,25.1,10.0,23,6.5,3.1,5.2,8.0,7.2,5.4,388.92,5
9107,0,18-25,22,本科,8447.8,1721.1,13.8,10.0,42,6.1,3.1,5.5,6.0,4.1,4.0,243.89,3
9108,54,55+,60,硕士,7693.6,1629.8,25.0,8.0,64,5.5,3.7,3.8,7.7,3.3,3.7,416.13,5
9109,138,46-55,50,本科,7549.2,2013.4,5.7,8.2,5,4.5,3.5,7.2,9.3,8.0,6.5,334.79,4
9110,54,26-35,30,高中及以下,2572.1,2319.3,24.8,8.8,31,5.8,2.2,6.4,7.5,5.8,5.3,416.13,5
9111,25,36-45,40,硕士,7994.1,1773.8,10.8,8.9,28,5.2,1.8,6.1,6.7,4.9,4.8,165.82,2
9112,122,36-45,40,本科,10912.9,997.6,26.9,9.1,41,5.7,4.3,5.6,6.6,5.5,4.4,603.53,6
9113,47,18-25,22,大专,5039.3,723.9,11.7,8.0,31,4.2,5.2,5.3,5.5,6.3,4.1,427.14,6
9114,41,46-55,50,本科,7306.9,369.6,19.1,10.0,8,5.8,4.1,3.3,8.9,2.6,3.6,176.16,2
9115,113,46-55,50,硕士,14934.5,4997.5,52.9,6.2,94,2.5,6.0,5.9,5.4,3.8,3.5,1742.79,9
9116,115,55+,60,硕士,9597.7,1745.2,9.4,7.7,23,6.3,2.3,5.0,8.6,6.9,5.5,200.65,2
9117,113,18-25,22,硕士,13338.4,4183.1,60.6,6.6,76,2.2,7.5,6.9,5.0,4.7,3.7,1742.79,9
9118,167,36-45,40,高中及以下,4340.8,2433.4,32.1,7.0,34,2.9,4.5,7.0,4.7,5.1,4.2,989.1,8
9119,10,46-55,50,本科,9392.2,200.0,11.7,9.1,24,3.7,1.7,4.7,6.2,6.3,4.7,93.37,0
9120,31,36-45,40,硕士,10019.3,3107.1,37.3,7.6,33,4.3,5.6,7.1,7.4,8.4,5.7,946.03,7
9121,67,18-25,22,硕士,10916.3,2632.3,15.8,8.8,64,3.6,2.9,2.4,7.4,3.2,3.3,404.86,5
9122,91,26-35,30,大专,3319.0,2029.9,18.2,7.9,36,4.3,2.8,5.0,8.0,3.2,4.2,390.98,5
9123,11,46-55,50,本科,8651.5,1023.1,9.7,8.2,28,6.0,2.5,6.0,9.0,7.6,6.1,93.16,0
9124,40,26-35,30,博士,18053.6,584.0,17.9,7.6,28,5.5,2.8,7.5,9.7,5.0,5.9,310.59,4
9125,145,55+,60,高中及以下,3880.4,1779.4,18.7,7.6,38,6.1,2.9,5.9,9.2,4.8,5.3,324.35,4
9126,104,18-25,22,本科,8253.0,990.0,16.1,9.9,21,5.1,3.2,4.8,8.3,9.4,6.0,126.31,1
9127,180,36-45,40,高中及以下,3545.0,685.2,19.5,8.5,65,6.2,2.7,6.4,6.9,4.9,4.8,277.46,4
9128,74,46-55,50,博士,12944.5,200.0,19.5,8.6,6,6.0,4.2,5.0,6.8,2.9,3.6,20.09,0
9129,187,55+,60,本科,9466.9,320.8,13.7,10.0,16,5.4,4.7,3.6,6.7,5.8,3.9,137.99,1
9130,122,26-35,30,高中及以下,4704.0,2637.7,22.8,9.2,42,6.1,3.7,4.4,4.0,3.2,2.8,603.53,6
9131,59,46-55,50,本科,6796.5,1821.8,18.5,9.3,20,3.1,3.5,5.1,4.6,4.9,3.7,393.68,5
9132,3,18-25,22,硕士,10297.8,1449.2,28.4,9.5,47,4.3,5.0,2.9,8.7,6.1,4.3,680.64,7
9133,186,26-35,30,高中及以下,3475.2,1223.2,24.3,7.2,36,4.4,2.8,10.0,8.4,6.5,6.7,238.23,3
9134,140,46-55,50,大专,5738.0,917.8,14.9,9.2,45,6.5,2.5,4.3,7.0,3.5,3.9,186.32,2
9135,125,46-55,50,本科,7829.9,4453.2,39.2,6.6,46,3.0,4.7,3.5,5.8,6.3,3.8,1326.71,8
9136,69,55+,60,本科,5809.7,612.0,5.0,10.0,52,6.7,3.1,7.5,5.6,5.5,4.9,77.86,0
9137,112,26-35,30,高中及以下,3360.5,1138.2,22.1,9.6,28,6.6,1.7,4.4,9.4,5.6,5.3,157.63,1
9138,1,55+,60,高中及以下,3548.6,768.4,15.3,8.4,31,7.9,3.6,7.1,8.8,5.8,5.7,129.25,1
9139,115,36-45,40,大专,4428.0,1079.4,19.5,8.8,20,4.9,3.7,5.0,8.4,2.7,4.1,200.65,2
9140,59,18-25,22,博士,19502.3,1994.1,16.7,6.3,25,4.9,1.0,6.1,7.5,5.4,5.3,393.68,5
9141,126,36-45,40,本科,6275.2,1121.3,12.4,8.7,25,6.7,4.1,1.7,8.6,6.1,4.1,55.12,0
9142,3,46-55,50,本科,10427.8,2344.7,26.9,8.9,45,4.6,3.9,4.3,9.2,4.7,4.6,680.64,7
9143,183,26-35,30,本科,7562.6,200.0,12.7,9.9,14,5.4,2.6,5.7,7.2,4.4,4.6,240.44,3
9144,161,26-35,30,硕士,13451.3,836.4,7.9,9.2,21,4.1,1.4,4.8,6.8,4.5,4.4,326.06,4
9145,191,18-25,22,高中及以下,4414.0,1937.8,17.5,7.6,29,6.6,3.1,4.4,9.0,3.9,4.5,349.46,5
9146,53,26-35,30,本科,7059.5,1102.6,20.1,8.2,10,5.8,2.5,8.1,9.5,7.9,6.9,273.6,4
9147,65,36-45,40,大专,6234.4,2229.6,21.1,8.1,50,5.6,4.3,7.4,6.8,6.7,5.4,576.08,6
9148,65,36-45,40,本科,9472.9,1872.3,25.2,8.1,52,5.3,4.5,6.4,7.3,6.1,5.0,576.08,6
9149,12,36-45,40,本科,7874.6,1448.8,13.3,7.8,47,4.9,2.8,4.6,8.4,3.1,4.2,189.04,2
9150,156,26-35,30,大专,4760.0,3378.9,35.0,6.7,50,4.2,3.9,6.7,7.1,5.1,4.8,958.89,8
9151,67,18-25,22,本科,6761.6,1749.3,20.5,8.4,8,4.6,5.0,4.5,5.9,3.8,3.3,404.86,5
9152,99,55+,60,本科,6176.5,984.7,21.7,10.0,25,7.2,4.4,1.5,6.3,5.9,3.3,117.38,1
9153,113,26-35,30,大专,5309.3,4730.7,57.2,6.5,83,0.7,6.0,6.2,4.8,5.4,3.8,1742.79,9
9154,133,46-55,50,大专,3932.8,1190.0,10.4,8.1,63,6.7,3.0,5.3,7.7,7.1,5.3,238.31,3
9155,113,26-35,30,博士,31067.8,5066.1,53.4,5.4,92,3.4,8.0,6.7,4.9,4.8,3.5,1742.79,9
9156,22,26-35,30,高中及以下,2922.9,1264.1,11.9,8.0,20,5.4,4.9,4.0,7.7,4.6,4.0,158.78,1
9157,118,18-25,22,本科,7268.4,2125.7,23.2,8.0,35,4.6,3.4,5.8,7.1,3.3,4.1,465.37,6
9158,7,55+,60,博士,20091.8,1580.8,26.2,8.7,25,8.5,3.7,5.3,7.9,3.3,4.2,319.72,4
9159,58,55+,60,硕士,10906.0,631.1,17.0,8.8,14,5.3,3.6,7.3,8.3,3.3,4.9,206.7,3
9160,159,18-25,22,大专,3648.6,875.0,28.7,8.0,34,5.3,1.5,6.7,9.8,4.8,5.9,286.16,4
9161,76,36-45,40,高中及以下,2160.2,320.5,16.0,7.6,16,5.7,2.4,4.9,8.6,6.7,5.4,161.91,1
9162,167,36-45,40,大专,8908.8,3123.6,33.1,8.3,68,2.5,4.7,4.5,7.1,6.3,4.4,989.1,8
9163,72,26-35,30,本科,4975.4,1255.2,5.2,7.6,22,7.5,3.2,3.5,8.1,8.0,5.1,143.19,1
9164,9,26-35,30,本科,6668.1,1782.2,26.7,8.4,5,5.0,3.3,6.7,9.4,5.2,5.6,255.33,4
9165,76,36-45,40,本科,6698.5,200.0,15.0,8.4,23,5.6,3.4,5.1,8.8,5.0,4.9,161.91,1
9166,122,26-35,30,硕士,13671.0,1414.7,22.4,7.2,44,5.0,4.8,4.8,9.1,1.4,3.7,603.53,6
9167,113,26-35,30,高中及以下,3881.7,5109.3,57.1,6.7,79,1.9,7.4,7.7,2.5,4.7,3.2,1742.79,9
9168,172,26-35,30,本科,9475.4,744.6,15.0,8.2,23,4.5,2.7,6.1,6.5,1.0,3.5,137.4,1
9169,141,36-45,40,大专,5757.2,1200.7,20.5,7.7,31,5.6,3.3,4.4,8.2,7.9,5.4,548.48,6
9170,97,18-25,22,大专,4944.4,969.3,18.4,7.3,33,5.8,2.6,5.6,5.8,9.0,5.5,192.68,2
9171,156,46-55,50,本科,7951.6,2919.8,40.0,7.1,30,4.7,5.4,6.1,6.6,4.8,4.2,958.89,8
9172,36,26-35,30,本科,12192.6,1541.6,14.4,7.9,51,5.5,2.3,3.3,8.0,5.7,4.5,182.89,2
9173,113,55+,60,高中及以下,4111.4,4820.7,62.9,6.4,100,2.4,7.3,7.8,2.9,5.9,3.7,1742.79,9
9174,47,55+,60,高中及以下,4754.1,1734.9,18.6,8.0,42,5.9,2.8,5.5,7.3,5.1,4.7,427.14,6
9175,141,18-25,22,硕士,12542.2,1852.1,20.3,9.3,57,5.9,4.0,5.7,10.0,6.2,5.7,548.48,6
9176,71,26-35,30,大专,5988.7,1933.7,28.6,8.9,22,5.6,3.5,6.2,7.0,5.5,4.8,690.93,7
9177,162,26-35,30,大专,4159.0,1618.5,28.9,7.8,5,7.0,2.6,5.0,4.4,6.4,4.1,472.76,6
9178,57,36-45,40,本科,8531.6,538.0,16.3,10.0,19,5.6,1.9,3.1,6.9,7.1,4.6,108.94,1
9179,179,18-25,22,本科,9986.6,4251.9,62.9,7.3,92,3.4,6.4,8.1,6.0,4.2,4.3,1808.04,9
9180,122,36-45,40,大专,6008.1,969.5,24.5,8.4,42,4.2,5.8,7.6,4.3,4.4,3.8,603.53,6
9181,119,36-45,40,硕士,10242.3,794.3,14.0,8.3,23,4.6,3.0,1.0,9.1,5.3,4.0,314.8,4
9182,197,46-55,50,硕士,10418.9,722.6,20.3,7.7,33,5.4,2.3,6.1,5.7,5.9,4.7,173.08,2
9183,48,46-55,50,本科,7049.0,358.1,18.7,9.1,22,6.2,2.6,5.3,5.4,5.8,4.3,209.27,3
9184,56,18-25,22,本科,6066.8,1288.7,11.2,9.4,16,5.1,1.6,6.1,8.8,4.5,5.3,64.12,0
9185,170,36-45,40,大专,4454.4,488.4,5.0,9.9,5,6.8,3.7,4.4,10.0,6.1,5.3,60.98,0
9186,138,26-35,30,本科,8415.2,1287.1,17.8,8.6,13,4.3,3.3,5.7,10.0,5.3,5.5,334.79,4
9187,135,26-35,30,本科,8758.1,1870.2,21.7,8.2,29,4.3,4.4,6.5,6.0,1.9,3.5,699.2,7
9188,173,36-45,40,本科,8337.3,1213.9,17.2,7.7,29,6.2,3.5,4.5,10.0,7.9,5.9,208.75,3
9189,180,18-25,22,本科,10003.8,1299.1,22.6,8.3,7,6.6,3.0,7.4,9.3,9.3,7.0,277.46,4
9190,122,46-55,50,高中及以下,2606.5,2443.3,20.3,8.8,32,6.9,3.1,4.2,2.8,3.0,2.4,603.53,6
9191,59,55+,60,本科,7309.5,1464.5,22.1,8.4,17,5.0,3.3,6.1,6.9,6.1,5.0,393.68,5
9192,64,26-35,30,大专,4773.7,508.6,15.7,9.4,39,5.0,3.0,6.7,8.5,6.2,5.7,334.46,4
9193,177,26-35,30,大专,4578.7,1565.5,24.3,7.8,29,3.7,4.8,4.9,6.8,3.2,3.6,634.94,6
9194,32,26-35,30,本科,6701.6,1074.0,7.6,8.8,40,3.5,1.4,4.7,9.3,4.1,5.0,146.42,1
9195,91,26-35,30,高中及以下,4546.8,1485.1,17.7,7.9,51,5.3,3.2,5.5,8.1,5.4,5.0,390.98,5
9196,35,18-25,22,本科,4692.9,200.0,18.2,9.4,5,7.2,2.1,3.8,8.7,5.2,4.8,43.78,0
9197,141,18-25,22,大专,5882.7,2479.3,23.1,8.5,56,5.9,4.3,4.4,5.1,6.4,3.9,548.48,6
9198,136,26-35,30,大专,4754.2,1233.0,11.8,7.9,44,5.1,3.0,4.6,7.4,3.8,4.1,67.81,0
9199,179,26-35,30,本科,12695.1,4542.0,46.7,5.6,67,1.8,6.0,6.6,3.9,8.0,4.4,1808.04,9
9200,86,55+,60,本科,10381.7,782.4,17.6,8.6,30,4.8,2.1,6.5,4.4,5.8,4.5,370.7,5
9201,54,18-25,22,博士,15582.4,1646.2,30.2,9.2,18,4.4,3.1,5.7,5.8,4.1,4.0,416.13,5
9202,81,46-55,50,本科,8457.1,940.4,13.4,8.9,16,6.1,2.4,5.7,7.7,6.0,5.2,212.11,3
9203,143,55+,60,本科,6527.1,331.9,12.2,9.4,7,5.6,2.8,6.2,3.4,8.5,4.8,178.51,2
9204,20,36-45,40,高中及以下,4294.1,1953.7,27.7,7.6,29,6.4,3.0,7.9,5.7,8.0,5.7,642.68,6
9205,17,36-45,40,大专,3237.7,1575.7,18.8,8.7,38,2.8,3.2,4.4,6.1,2.9,3.4,203.21,3
9206,184,55+,60,本科,11101.3,1332.6,5.9,8.4,12,6.7,4.0,4.3,6.1,7.9,4.7,118.69,1
9207,19,36-45,40,高中及以下,3617.3,714.6,11.7,9.4,36,7.5,3.5,7.0,8.9,2.5,4.8,36.15,0
9208,187,26-35,30,本科,6045.6,200.0,22.7,10.0,16,4.5,3.9,4.8,7.8,2.8,3.8,137.99,1
9209,150,36-45,40,大专,5864.0,594.8,24.3,9.2,18,6.2,3.5,3.0,8.1,4.4,3.9,190.66,2
9210,107,26-35,30,本科,8925.7,995.2,14.3,8.8,18,6.1,3.7,4.2,6.0,4.4,3.6,176.72,2
9211,9,46-55,50,硕士,6318.9,1646.9,13.4,9.7,5,3.9,3.3,10.0,6.2,3.0,5.0,255.33,4
9212,95,26-35,30,高中及以下,3670.8,461.9,5.9,10.0,32,3.8,1.1,3.8,10.0,6.8,5.7,34.35,0
9213,179,18-25,22,博士,18621.7,5236.8,47.6,6.8,89,3.6,6.4,6.9,3.6,5.1,3.5,1808.04,9
9214,129,46-55,50,本科,6487.2,336.2,12.9,8.2,23,6.9,2.4,5.4,7.1,6.3,5.0,89.7,0
9215,73,18-25,22,博士,17445.4,2450.7,29.3,7.4,35,5.4,2.6,3.2,6.2,6.2,4.1,709.56,7
9216,108,36-45,40,本科,6243.7,1154.1,6.6,6.2,44,4.4,1.7,6.9,5.7,5.3,4.9,192.01,2
9217,125,18-25,22,大专,7369.6,3357.6,28.8,7.3,88,2.6,4.5,6.6,6.0,5.1,4.4,1326.71,8
9218,56,46-55,50,高中及以下,3575.2,1105.0,15.7,9.6,31,3.9,2.9,5.5,10.0,6.5,5.9,64.12,0
9219,156,36-45,40,高中及以下,2525.1,2927.9,25.9,5.5,54,4.3,4.8,5.9,6.9,8.0,5.3,958.89,8
9220,135,26-35,30,本科,7243.9,2478.3,20.3,7.0,29,4.5,4.8,8.1,8.4,3.7,5.1,699.2,7
9221,135,36-45,40,本科,8982.5,1783.9,25.6,9.0,54,3.9,4.4,7.7,8.1,6.6,5.8,699.2,7
9222,157,46-55,50,大专,3840.0,724.0,15.6,8.2,16,6.8,1.4,6.5,8.1,8.4,6.4,238.37,3
9223,153,36-45,40,硕士,10845.5,820.6,8.1,10.0,41,6.9,1.9,5.8,8.0,5.0,5.1,187.21,2
9224,113,26-35,30,博士,32100.8,4954.4,51.6,6.5,88,1.6,7.9,3.2,4.8,4.8,2.5,1742.79,9
9225,174,55+,60,高中及以下,2962.5,922.2,8.0,9.6,9,6.4,2.1,6.4,9.5,7.5,6.4,195.72,2
9226,111,36-45,40,高中及以下,3609.5,1129.4,15.2,9.1,17,6.2,3.9,6.6,6.4,6.1,4.9,144.53,1
9227,73,26-35,30,大专,5224.0,2186.1,32.0,7.2,56,5.5,4.4,4.8,8.4,4.7,4.5,709.56,7
9228,66,36-45,40,大专,5044.2,613.8,12.5,8.6,20,5.1,2.8,4.0,5.1,6.1,3.9,138.1,1
9229,29,46-55,50,本科,6887.9,1560.0,17.3,7.0,30,6.0,4.1,4.2,7.6,4.0,3.9,110.86,1
9230,154,46-55,50,高中及以下,3833.9,1109.8,13.7,8.3,26,5.4,3.8,6.4,10.0,4.6,5.5,198.95,2
9231,5,46-55,50,高中及以下,2646.4,344.9,13.9,9.6,22,5.8,3.0,6.2,7.8,4.2,4.8,117.43,1
9232,164,18-25,22,大专,4883.0,2828.0,20.9,9.6,27,4.3,2.6,6.7,6.3,5.8,5.0,388.92,5
9233,172,36-45,40,本科,7511.9,1424.1,10.1,10.0,13,7.8,2.4,3.8,6.9,7.4,4.8,137.4,1
9234,125,36-45,40,本科,9293.1,4095.6,42.8,5.5,50,2.6,4.7,6.5,5.7,4.9,4.2,1326.71,8
9235,59,18-25,22,高中及以下,2990.9,1042.5,24.8,7.8,23,4.1,2.5,5.0,9.7,7.2,5.9,393.68,5
9236,48,26-35,30,高中及以下,3046.8,999.0,9.3,8.1,48,5.4,2.1,5.8,7.5,8.9,6.0,209.27,3
9237,12,18-25,22,硕士,10352.7,1361.7,22.1,9.1,14,6.2,2.3,5.8,10.0,9.2,6.8,189.04,2
9238,179,36-45,40,本科,8336.6,4965.0,52.1,4.6,68,1.3,6.3,5.8,5.1,6.3,4.0,1808.04,9
9239,112,26-35,30,本科,6669.5,859.9,21.1,8.9,17,7.2,1.7,5.7,7.7,3.7,4.6,157.63,1
9240,82,26-35,30,高中及以下,2807.5,1917.9,23.0,8.7,38,6.8,4.8,6.7,7.8,4.6,4.8,650.6,7
9241,197,18-25,22,本科,10035.2,200.0,12.3,9.4,28,5.3,3.6,6.4,6.7,4.2,4.4,173.08,2
9242,17,36-45,40,高中及以下,3347.6,1380.4,19.8,8.3,10,3.8,2.2,4.4,8.8,5.2,4.9,203.21,3
9243,161,26-35,30,硕士,11776.0,1125.1,24.0,8.7,23,6.9,4.5,1.7,7.9,5.5,3.7,326.06,4
9244,175,55+,60,高中及以下,2550.6,2216.5,18.1,9.6,39,4.3,3.5,5.6,10.0,6.2,5.7,339.4,5
9245,162,46-55,50,高中及以下,3566.7,1517.0,27.1,7.4,6,4.5,2.3,5.8,10.0,5.1,5.6,472.76,6
9246,175,26-35,30,博士,11071.4,1488.5,17.6,8.9,29,6.7,1.9,4.3,6.6,7.2,4.9,339.4,5
9247,70,36-45,40,本科,7447.8,1018.4,11.5,10.0,20,4.7,2.2,3.1,6.8,2.4,3.2,213.02,3
9248,185,36-45,40,高中及以下,5023.0,2032.4,20.2,8.5,58,4.3,1.8,7.3,5.9,6.9,5.5,303.08,4
9249,177,26-35,30,博士,20387.6,1837.1,31.2,6.9,34,5.9,4.6,5.1,5.0,6.5,4.1,634.94,6
9250,135,18-25,22,高中及以下,2421.1,2459.3,22.2,9.1,40,3.2,4.2,5.7,4.8,8.4,4.8,699.2,7
9251,179,26-35,30,本科,10976.2,5187.8,52.5,6.5,96,2.3,6.0,9.1,5.2,3.6,4.3,1808.04,9
9252,167,36-45,40,大专,7938.1,2542.2,31.9,7.5,72,5.0,4.6,5.8,6.8,6.5,4.8,989.1,8
9253,166,36-45,40,博士,13594.3,1364.1,10.3,7.6,15,5.5,3.6,5.8,6.6,3.0,3.9,337.67,5
9254,20,18-25,22,本科,7427.2,1514.0,26.2,6.6,46,4.1,3.3,4.5,7.0,3.2,3.7,642.68,6
9255,113,36-45,40,博士,21863.1,5013.4,51.8,8.2,87,0.6,5.5,6.0,2.9,5.0,3.2,1742.79,9
9256,75,55+,60,博士,22759.4,1182.9,23.7,7.6,7,5.2,3.7,3.0,9.0,5.5,4.5,337.61,5
9257,43,26-35,30,高中及以下,2545.8,845.7,9.4,8.6,14,4.0,3.2,4.5,7.4,3.5,3.9,109.83,1
9258,125,36-45,40,博士,19835.6,3717.0,38.6,7.0,62,4.6,6.6,7.2,4.0,7.5,4.4,1326.71,8
9259,135,55+,60,大专,4970.7,2034.5,23.0,6.7,55,4.1,2.8,4.2,7.5,6.3,4.7,699.2,7
9260,73,46-55,50,本科,7428.6,2199.4,24.1,5.6,51,5.0,6.7,6.8,7.9,1.9,3.8,709.56,7
9261,122,26-35,30,本科,9710.7,3546.8,25.9,7.1,32,3.5,4.1,3.9,7.7,7.7,4.9,603.53,6
9262,165,18-25,22,大专,4980.8,1468.4,11.5,9.4,14,5.8,2.3,5.8,7.3,6.5,5.3,224.25,3
9263,145,18-25,22,大专,3265.9,469.8,21.6,9.4,22,6.0,2.4,5.0,8.0,6.5,5.2,324.35,4
9264,67,55+,60,大专,4481.2,1954.2,22.0,8.4,51,4.6,4.7,9.1,8.2,6.2,6.0,404.86,5
9265,198,26-35,30,硕士,10969.5,1573.9,10.9,8.7,30,7.2,1.1,1.1,8.5,5.1,4.0,157.31,1
9266,176,26-35,30,博士,20863.7,677.2,15.4,8.1,12,6.2,3.7,6.8,8.3,5.9,5.5,150.36,1
9267,157,18-25,22,本科,7346.3,2338.8,14.7,8.8,16,6.4,3.8,6.0,6.2,7.6,5.1,238.37,3
9268,194,55+,60,高中及以下,4042.7,365.9,6.4,9.8,13,5.6,3.3,5.2,6.3,5.7,4.4,176.48,2
9269,167,46-55,50,本科,10749.1,3235.8,29.9,7.4,62,3.7,4.0,4.6,6.6,7.0,4.6,989.1,8
9270,157,36-45,40,硕士,8534.3,1200.9,18.0,7.9,32,5.1,2.3,6.5,7.9,4.0,4.9,238.37,3
9271,171,46-55,50,高中及以下,2748.6,1613.5,16.8,8.2,14,7.1,3.5,5.1,7.5,3.0,4.0,65.64,0
9272,21,36-45,40,高中及以下,3601.3,654.7,17.6,7.1,40,5.1,3.1,4.6,10.0,5.7,5.4,118.42,1
9273,122,36-45,40,硕士,14555.7,1755.2,20.2,8.1,47,3.8,5.9,6.1,4.9,6.6,4.2,603.53,6
9274,71,26-35,30,高中及以下,2740.2,2497.7,29.9,8.8,15,4.1,3.4,5.9,4.7,6.0,4.3,690.93,7
9275,107,46-55,50,博士,20328.8,809.2,10.1,7.7,25,4.3,1.8,7.6,8.8,6.1,6.2,176.72,2
9276,176,55+,60,高中及以下,3654.4,1151.8,15.4,7.8,24,8.2,2.9,6.7,7.9,4.4,5.0,150.36,1
9277,71,18-25,22,大专,5701.4,3433.7,28.7,7.4,46,3.9,3.9,3.9,7.2,4.0,3.8,690.93,7
9278,20,18-25,22,高中及以下,3674.5,2455.9,35.5,8.2,58,5.5,3.4,7.4,4.1,6.2,4.6,642.68,6
9279,7,26-35,30,本科,5366.7,2017.7,22.7,9.9,35,6.4,1.7,4.6,8.7,6.9,5.5,319.72,4
9280,71,26-35,30,博士,21323.3,1686.0,23.2,7.4,14,4.6,2.5,4.5,5.8,5.4,4.1,690.93,7
9281,59,26-35,30,本科,7470.8,1219.8,18.2,8.6,33,5.8,2.9,2.9,9.5,6.7,5.0,393.68,5
9282,3,26-35,30,高中及以下,3627.8,2411.9,18.9,7.2,53,4.2,5.2,5.9,8.9,8.2,5.8,680.64,7
9283,73,18-25,22,大专,4681.7,3535.2,29.3,8.4,11,2.7,5.5,5.4,9.7,7.1,5.6,709.56,7
9284,122,46-55,50,高中及以下,3070.7,1830.6,23.4,6.6,31,5.9,4.6,6.7,7.1,3.9,4.4,603.53,6
9285,103,36-45,40,高中及以下,3554.4,200.0,17.6,10.0,19,6.1,1.8,4.6,6.4,5.0,4.3,66.53,0
9286,3,26-35,30,硕士,9339.9,2266.7,25.6,9.1,57,4.4,6.1,4.4,5.5,5.6,3.6,680.64,7
9287,34,36-45,40,本科,7395.8,892.9,23.2,7.0,23,4.8,2.4,6.5,8.4,4.2,5.1,337.83,5
9288,82,18-25,22,本科,8406.1,1461.1,26.9,8.1,48,5.9,4.5,6.5,9.5,5.6,5.5,650.6,7
9289,166,18-25,22,本科,5230.1,1823.6,16.5,10.0,23,5.8,3.4,6.9,7.0,5.4,5.0,337.67,5
9290,113,26-35,30,硕士,18175.8,4274.3,51.5,7.2,99,4.1,4.3,6.5,8.6,4.8,5.1,1742.79,9
9291,119,55+,60,本科,8715.7,1255.7,20.8,9.4,48,4.3,3.8,4.8,4.7,3.5,3.2,314.8,4
9292,106,46-55,50,本科,7276.6,2875.1,35.2,7.3,80,5.1,3.0,6.0,4.2,6.8,4.4,978.66,8
9293,177,46-55,50,本科,9349.7,1660.8,34.3,6.1,43,6.2,5.5,5.9,6.9,4.8,4.2,634.94,6
9294,159,26-35,30,硕士,7671.9,1601.7,15.3,7.1,7,6.5,1.4,7.5,6.0,8.9,6.2,286.16,4
9295,156,46-55,50,博士,19694.3,2949.2,42.9,7.6,68,4.6,4.9,6.1,5.6,4.8,4.0,958.89,8
9296,191,26-35,30,高中及以下,3390.0,1257.1,17.1,6.8,29,5.2,1.7,2.5,4.4,6.3,3.5,349.46,5
9297,3,46-55,50,大专,5492.7,2247.5,32.4,7.2,56,4.1,2.2,6.5,8.0,6.3,5.6,680.64,7
9298,120,36-45,40,高中及以下,2468.6,761.4,16.5,8.3,32,6.0,4.3,5.8,3.9,6.1,3.9,327.35,4
9299,47,36-45,40,大专,4301.4,1445.8,18.8,9.2,41,4.8,2.9,5.8,8.2,6.7,5.5,427.14,6
9300,197,26-35,30,本科,8967.4,200.0,15.8,8.2,22,6.1,1.8,6.5,9.4,9.2,6.9,173.08,2
9301,64,26-35,30,本科,8121.1,989.9,18.1,9.3,35,6.4,3.2,3.8,9.2,5.2,4.7,334.46,4
9302,27,26-35,30,硕士,9905.6,200.0,17.1,9.2,12,6.1,2.7,7.9,6.9,5.1,5.3,216.09,3
9303,5,36-45,40,高中及以下,4130.9,1390.6,13.0,8.8,22,5.9,3.7,2.0,9.9,5.7,4.5,117.43,1
9304,135,18-25,22,本科,9506.1,1025.7,18.0,7.6,50,4.6,3.8,3.9,6.7,3.6,3.5,699.2,7
9305,3,46-55,50,硕士,8132.3,1949.8,29.0,7.2,37,6.1,4.3,6.0,6.5,5.9,4.6,680.64,7
9306,6,55+,60,高中及以下,3308.9,1868.9,18.2,7.7,54,5.2,3.6,7.7,9.3,3.8,5.4,719.97,7
9307,65,26-35,30,大专,6978.5,2093.4,22.5,5.9,16,4.5,5.9,6.0,3.5,5.9,3.6,576.08,6
9308,149,26-35,30,硕士,12753.3,494.1,17.1,8.7,20,6.8,3.0,7.8,9.4,5.7,6.1,199.73,2
9309,133,26-35,30,博士,17140.4,710.4,32.6,6.8,31,5.7,1.3,5.6,7.0,5.4,5.0,238.31,3
9310,73,26-35,30,博士,16692.1,2576.0,37.9,7.6,29,4.3,3.8,7.0,7.3,6.0,5.3,709.56,7
9311,61,36-45,40,高中及以下,5291.7,611.1,11.2,8.6,43,5.8,2.5,4.6,8.6,5.3,4.9,123.27,1
9312,177,46-55,50,本科,9732.0,1250.4,16.4,7.3,34,4.8,3.0,2.3,7.1,7.1,4.3,634.94,6
9313,96,36-45,40,本科,5559.0,781.9,8.6,9.9,14,4.6,1.2,5.9,7.4,6.7,5.5,199.56,2
9314,36,36-45,40,本科,7004.0,200.0,18.0,10.0,15,5.7,3.7,4.4,4.7,6.4,3.9,182.89,2
9315,71,36-45,40,高中及以下,4953.3,2465.3,24.8,7.5,39,4.9,3.5,8.5,7.8,5.6,5.8,690.93,7
9316,75,36-45,40,硕士,13151.9,506.2,15.6,9.1,32,5.3,3.4,4.5,7.7,5.3,4.5,337.61,5
9317,113,18-25,22,硕士,16318.0,4147.8,53.8,7.6,85,2.8,7.7,6.4,4.4,4.4,3.2,1742.79,9
9318,128,36-45,40,硕士,10869.9,751.9,22.6,7.7,11,5.7,3.5,5.1,7.7,4.7,4.5,163.96,2
9319,113,46-55,50,大专,5697.5,4894.2,54.1,5.8,91,2.7,4.8,5.3,8.1,5.9,4.8,1742.79,9
9320,32,55+,60,高中及以下,2895.6,879.3,13.5,8.2,32,8.1,3.7,6.6,7.5,5.1,5.0,146.42,1
9321,144,36-45,40,博士,16022.8,831.0,13.5,8.5,50,4.6,2.7,6.8,8.7,6.0,5.8,192.46,2
9322,10,36-45,40,高中及以下,3408.7,495.5,11.8,9.9,18,5.7,2.8,5.1,9.6,6.5,5.7,93.37,0
9323,118,26-35,30,本科,7261.4,1834.7,23.7,8.2,69,4.9,4.2,4.7,6.5,6.3,4.4,465.37,6
9324,89,18-25,22,本科,8721.1,512.9,9.4,7.6,5,4.7,3.7,8.1,8.9,5.6,5.9,247.96,3
9325,47,26-35,30,高中及以下,2707.5,2090.8,20.8,8.7,42,5.9,3.1,2.5,9.2,4.8,4.3,427.14,6
9326,151,46-55,50,本科,7161.1,1154.8,11.4,7.9,7,4.4,5.6,8.5,9.8,3.7,5.5,209.86,3
9327,81,55+,60,高中及以下,4228.3,200.0,19.4,9.2,34,5.3,3.0,5.6,7.4,5.7,4.9,212.11,3
9328,108,18-25,22,本科,8039.2,890.0,9.7,8.2,41,4.1,2.6,6.4,10.0,4.6,5.6,192.01,2
9329,144,55+,60,高中及以下,3066.4,325.9,16.1,8.2,28,3.2,2.4,3.9,6.9,4.7,4.1,192.46,2
9330,167,26-35,30,大专,6492.5,3349.4,34.2,6.6,84,4.7,4.7,5.2,7.1,4.7,4.2,989.1,8
9331,39,26-35,30,高中及以下,3148.8,985.6,11.6,8.7,39,5.2,3.8,4.5,7.1,5.0,4.2,180.7,2
9332,86,26-35,30,博士,12446.2,1607.8,12.8,7.8,31,4.2,2.5,4.9,8.9,6.4,5.4,370.7,5
9333,16,46-55,50,大专,4217.8,680.4,5.0,8.7,5,6.5,3.7,5.0,6.7,6.2,4.6,53.9,0
9334,9,26-35,30,博士,14363.0,1871.4,14.4,7.4,12,5.1,3.5,6.0,5.5,7.0,4.8,255.33,4
9335,113,36-45,40,本科,14319.2,4759.3,51.9,5.7,78,0.5,7.1,9.4,6.0,6.6,5.3,1742.79,9
9336,124,46-55,50,大专,4090.2,1093.2,15.9,9.5,15,6.3,2.7,3.6,10.0,6.0,5.2,266.9,4
9337,36,46-55,50,博士,15174.4,1659.1,10.2,10.0,5,4.5,4.7,4.3,7.2,5.6,4.2,182.89,2
9338,33,18-25,22,硕士,14478.8,200.0,10.3,8.8,36,5.0,2.3,6.6,9.4,5.6,5.8,51.54,0
9339,135,26-35,30,博士,16826.0,1412.5,20.2,9.4,43,4.9,3.7,5.7,5.3,3.0,3.5,699.2,7
9340,167,36-45,40,本科,8019.1,1399.3,31.4,6.8,57,4.4,5.7,6.0,8.6,5.9,5.0,989.1,8
9341,195,18-25,22,高中及以下,3065.9,2567.0,14.1,7.7,36,4.4,3.8,4.9,7.6,6.3,4.8,218.18,3
9342,65,26-35,30,本科,10426.3,2293.0,22.8,8.4,17,5.0,2.5,6.2,7.6,2.4,4.3,576.08,6
9343,179,26-35,30,本科,14545.0,5401.9,51.0,6.5,71,1.9,6.5,8.5,5.9,6.4,5.0,1808.04,9
9344,153,18-25,22,博士,15325.9,799.9,7.9,7.8,28,5.6,3.2,3.5,7.8,3.5,3.8,187.21,2
9345,3,55+,60,硕士,11158.1,2759.6,26.8,5.8,39,5.3,4.1,7.5,8.2,6.8,5.8,680.64,7
9346,67,26-35,30,大专,4383.0,1212.5,32.7,8.4,16,6.4,2.3,4.5,7.9,4.7,4.6,404.86,5
9347,101,18-25,22,大专,4627.7,952.7,10.7,10.0,15,5.0,2.0,4.6,7.8,5.5,4.8,97.45,0
9348,73,18-25,22,硕士,14261.0,1943.1,29.1,9.3,58,4.0,4.8,4.4,7.3,5.8,4.3,709.56,7
9349,179,36-45,40,本科,15299.1,4983.2,50.7,5.7,77,2.8,6.9,8.7,6.3,5.8,5.0,1808.04,9
9350,179,36-45,40,本科,14117.1,4272.9,57.6,4.1,67,2.7,4.4,10.0,4.7,4.9,5.0,1808.04,9
9351,73,36-45,40,大专,5789.2,2539.5,26.8,7.9,42,4.3,4.4,7.5,4.5,4.9,4.2,709.56,7
9352,87,55+,60,本科,7716.1,1763.0,19.6,8.4,25,4.5,1.7,4.7,7.9,6.4,5.2,206.18,3
9353,159,26-35,30,硕士,11190.1,1066.6,17.7,8.9,25,5.0,2.1,5.4,6.8,7.6,5.4,286.16,4
9354,34,26-35,30,硕士,8109.5,1550.2,23.8,8.4,5,6.8,2.9,6.4,5.8,2.4,3.8,337.83,5
9355,30,36-45,40,高中及以下,2191.4,286.2,11.1,7.8,35,6.3,4.2,9.3,7.1,4.9,5.5,81.31,0
9356,156,55+,60,高中及以下,5066.3,2938.3,23.5,6.7,65,4.4,4.0,7.2,5.8,3.0,4.0,958.89,8
9357,113,18-25,22,硕士,13358.7,4095.9,56.8,5.9,73,1.8,7.1,8.8,4.8,3.3,3.8,1742.79,9
9358,42,18-25,22,硕士,10292.2,200.0,11.1,5.8,15,6.3,2.2,7.6,5.5,6.0,5.1,132.2,1
9359,174,26-35,30,大专,5844.2,334.6,22.0,9.3,41,4.7,3.6,6.4,6.5,5.2,4.7,195.72,2
9360,91,26-35,30,大专,4859.8,2268.0,23.9,8.0,33,7.2,3.6,5.1,6.6,5.8,4.5,390.98,5
9361,125,18-25,22,高中及以下,4318.2,3997.2,48.4,7.3,65,2.9,4.9,7.6,6.9,4.8,4.8,1326.71,8
9362,194,18-25,22,本科,6817.9,1160.1,20.0,8.7,33,6.1,1.8,4.4,7.3,4.2,4.3,176.48,2
9363,184,46-55,50,大专,3863.4,1001.7,17.1,7.9,40,5.1,4.1,4.4,6.5,3.8,3.6,118.69,1
9364,24,46-55,50,本科,5739.9,754.3,14.9,9.6,48,6.5,2.2,8.0,8.6,2.7,5.2,86.11,0
9365,156,18-25,22,硕士,11471.9,3443.2,26.9,7.0,56,2.4,5.1,5.9,5.4,5.3,4.0,958.89,8
9366,157,18-25,22,本科,6574.9,800.1,20.1,7.8,49,5.4,2.5,3.4,6.7,9.0,5.1,238.37,3
9367,167,18-25,22,本科,10728.4,2812.1,38.3,7.0,53,3.4,4.6,6.2,6.1,7.0,4.9,989.1,8
9368,179,26-35,30,本科,7443.0,4556.2,56.7,7.0,77,3.0,6.3,6.2,6.2,5.1,4.1,1808.04,9
9369,161,36-45,40,高中及以下,2738.6,806.9,25.0,6.1,26,5.5,3.3,4.4,5.7,6.2,4.2,326.06,4
9370,113,55+,60,高中及以下,4831.6,4609.5,56.7,4.0,80,2.9,6.6,7.4,6.1,5.4,4.5,1742.79,9
9371,107,46-55,50,大专,3990.4,984.5,23.2,9.6,17,6.8,3.9,5.9,6.9,7.6,5.3,176.72,2
9372,157,26-35,30,硕士,11575.3,759.1,17.0,7.5,17,6.4,3.8,5.7,7.1,2.6,3.9,238.37,3
9373,118,46-55,50,本科,7914.3,2064.7,23.6,8.8,50,4.3,4.5,6.4,6.7,4.9,4.5,465.37,6
9374,6,26-35,30,博士,16471.3,2172.0,32.7,7.8,58,7.4,4.4,5.8,7.0,5.3,4.5,719.97,7
9375,40,26-35,30,大专,4048.3,1721.6,13.5,7.8,46,5.5,4.2,4.7,8.9,7.4,5.4,310.59,4
9376,30,46-55,50,本科,7616.5,200.0,8.5,8.4,28,6.2,3.4,6.1,7.1,5.7,4.9,81.31,0
9377,25,36-45,40,高中及以下,2910.8,1329.1,14.6,9.2,35,4.7,4.0,5.8,5.4,6.0,4.3,165.82,2
9378,89,26-35,30,本科,7423.1,789.9,19.2,9.0,36,4.4,3.3,4.6,8.5,3.4,4.2,247.96,3
9379,31,26-35,30,硕士,13150.1,3165.1,42.8,5.7,16,3.2,6.2,5.0,7.8,5.0,4.2,946.03,7
9380,98,36-45,40,大专,4852.7,200.0,5.0,9.8,34,4.1,2.3,6.7,10.0,4.8,5.8,149.17,1
9381,179,26-35,30,硕士,14722.3,4022.4,50.6,7.7,89,3.3,6.7,6.8,3.6,6.0,3.7,1808.04,9
9382,90,36-45,40,本科,5371.9,1319.3,11.1,8.2,28,5.1,2.6,5.9,5.8,6.3,4.8,163.54,2
9383,112,26-35,30,高中及以下,3015.8,751.2,9.6,8.3,29,6.7,4.3,2.9,6.8,8.7,4.6,157.63,1
9384,18,18-25,22,本科,8012.9,692.5,5.0,8.5,11,6.2,1.7,7.0,6.2,7.3,5.6,59.86,0
9385,179,36-45,40,本科,14032.7,4851.0,53.3,6.2,87,2.6,7.0,7.1,4.8,5.3,3.9,1808.04,9
9386,164,36-45,40,本科,6401.6,2085.8,14.7,8.1,24,6.1,2.8,5.7,7.5,6.4,5.2,388.92,5
9387,104,36-45,40,大专,4915.8,435.9,10.0,8.4,5,5.3,3.4,4.4,7.8,4.8,4.4,126.31,1
9388,113,26-35,30,本科,12906.3,5502.0,59.2,4.5,76,2.8,6.4,8.6,4.6,7.1,4.9,1742.79,9
9389,180,18-25,22,硕士,8713.5,580.8,23.6,8.3,48,6.2,2.2,4.1,6.6,6.1,4.5,277.46,4
9390,93,18-25,22,博士,16056.8,1217.3,5.0,7.9,14,5.7,3.0,3.6,6.8,6.5,4.4,106.95,0
9391,29,18-25,22,本科,5840.5,200.0,20.0,10.0,15,4.9,3.3,6.2,6.6,5.8,4.8,110.86,1
9392,123,36-45,40,硕士,7432.7,955.3,19.7,9.0,8,6.7,2.9,3.0,7.2,4.3,3.7,36.53,0
9393,73,26-35,30,高中及以下,2605.5,1801.6,21.1,8.5,32,6.0,5.0,5.0,4.7,4.8,3.4,709.56,7
9394,73,46-55,50,硕士,10831.3,1914.6,32.0,8.6,45,4.2,4.0,5.0,6.9,5.7,4.5,709.56,7
9395,179,36-45,40,硕士,12033.1,4290.5,39.0,6.8,67,1.7,8.6,9.3,7.8,2.6,4.4,1808.04,9
9396,137,36-45,40,硕士,10080.6,1357.7,12.4,8.6,32,5.4,3.8,4.8,8.5,3.0,4.1,107.55,1
9397,148,46-55,50,大专,4019.2,1959.3,15.8,10.0,5,6.0,5.1,5.5,8.3,5.7,4.8,250.12,4
9398,148,36-45,40,大专,3723.1,1410.7,21.2,8.2,36,4.6,2.0,9.8,7.4,4.2,5.8,250.12,4
9399,125,26-35,30,高中及以下,3419.6,3435.1,45.5,6.6,56,3.3,6.8,5.4,6.5,7.6,4.6,1326.71,8
9400,187,26-35,30,硕士,12249.3,616.6,7.7,8.6,34,5.1,2.1,7.3,7.9,9.0,6.6,137.99,1
9401,57,18-25,22,大专,3664.8,1368.9,15.1,8.9,21,3.8,2.5,5.4,6.9,2.6,3.9,108.94,1
9402,106,46-55,50,本科,6398.5,4008.2,31.6,7.1,77,3.4,3.1,2.7,5.9,8.1,4.3,978.66,8
9403,138,36-45,40,硕士,14170.8,1099.0,33.3,7.8,25,5.1,2.8,4.6,8.5,6.0,5.1,334.79,4
9404,31,36-45,40,硕士,10219.3,2234.9,32.3,6.7,48,5.8,3.4,2.7,8.7,6.4,4.6,946.03,7
9405,58,36-45,40,高中及以下,3158.9,1054.2,5.9,6.9,5,5.2,4.4,4.0,6.6,5.4,3.9,206.7,3
9406,70,26-35,30,硕士,6471.8,1203.9,22.2,8.0,27,6.9,3.5,5.6,8.7,3.1,4.5,213.02,3
9407,82,26-35,30,本科,9222.7,2083.4,14.3,6.6,40,4.8,2.5,4.7,2.4,6.3,3.5,650.6,7
9408,73,26-35,30,硕士,10526.1,2091.4,37.8,6.1,49,4.6,3.9,6.9,8.8,3.9,5.0,709.56,7
9409,7,46-55,50,大专,5233.9,1123.2,14.9,8.2,24,7.2,3.7,6.7,9.4,6.7,6.0,319.72,4
9410,82,36-45,40,硕士,12337.9,2344.2,18.0,6.8,49,6.1,4.8,6.8,6.0,6.0,4.7,650.6,7
9411,42,46-55,50,硕士,12214.8,208.8,26.9,10.0,5,6.2,3.3,6.7,6.9,5.3,4.9,132.2,1
9412,20,46-55,50,大专,4606.8,2213.8,30.5,8.6,27,6.3,3.0,6.6,5.3,6.8,4.9,642.68,6
9413,61,26-35,30,本科,5198.2,200.0,17.9,8.1,11,5.0,2.6,3.2,4.2,7.1,3.8,123.27,1
9414,55,26-35,30,博士,18118.6,1296.0,14.2,8.9,26,5.5,3.1,4.1,6.1,5.2,4.0,376.64,5
9415,31,18-25,22,本科,7744.0,2588.2,29.7,6.5,33,3.9,5.0,4.8,6.9,7.2,4.7,946.03,7
9416,31,36-45,40,大专,3616.0,2379.7,40.7,8.2,24,3.8,4.3,7.1,8.6,5.6,5.5,946.03,7
9417,149,18-25,22,硕士,8836.9,724.9,13.0,7.2,23,5.2,2.5,4.1,6.2,6.8,4.5,199.73,2
9418,198,55+,60,本科,6635.2,1496.2,15.1,10.0,16,5.0,2.0,4.9,6.9,6.0,4.8,157.31,1
9419,6,36-45,40,大专,5304.5,1944.2,24.9,9.1,16,4.0,3.8,4.0,6.2,5.8,4.0,719.97,7
9420,113,36-45,40,本科,10210.4,5070.8,57.6,5.3,89,1.9,4.9,10.0,2.9,7.3,5.1,1742.79,9
9421,36,18-25,22,大专,4445.9,1274.9,18.2,8.9,27,6.5,2.6,3.7,7.0,7.2,4.7,182.89,2
9422,31,26-35,30,博士,13929.1,2712.8,28.7,7.4,47,4.1,4.7,4.5,6.3,4.1,3.6,946.03,7
9423,34,36-45,40,本科,9548.3,1187.5,22.2,9.7,12,4.2,1.8,2.9,8.9,4.3,4.3,337.83,5
9424,137,46-55,50,本科,9210.0,694.4,13.2,9.3,5,5.3,1.3,7.4,5.6,6.7,5.4,107.55,1
9425,27,36-45,40,本科,7424.6,945.3,11.7,8.5,23,5.7,2.5,3.6,7.6,4.8,4.2,216.09,3
9426,120,18-25,22,硕士,9151.9,2579.2,16.4,7.2,15,5.7,3.5,3.8,7.7,5.8,4.4,327.35,4
9427,54,36-45,40,本科,8829.1,1224.6,17.3,7.6,46,2.7,2.0,6.5,7.5,6.6,5.6,416.13,5
9428,186,18-25,22,大专,4876.1,211.3,26.7,7.8,19,6.6,2.9,6.9,7.3,7.2,5.7,238.23,3
9429,113,26-35,30,本科,9321.5,5040.5,52.1,7.4,65,1.1,5.7,7.6,3.9,6.6,4.4,1742.79,9
9430,166,46-55,50,大专,3468.7,495.8,11.9,8.5,19,4.4,2.6,4.4,8.2,6.2,5.0,337.67,5
9431,183,18-25,22,博士,15218.4,2400.5,20.7,7.6,38,4.1,2.2,6.4,5.6,5.0,4.5,240.44,3
9432,71,36-45,40,本科,7518.8,1499.0,30.9,5.3,61,4.0,3.0,5.7,6.4,6.2,4.8,690.93,7
9433,2,36-45,40,高中及以下,3501.0,1497.0,13.6,7.4,45,6.2,4.6,7.0,8.1,6.1,5.4,283.64,4
9434,192,46-55,50,大专,5561.8,1399.1,7.0,8.2,13,7.3,1.0,7.4,8.5,4.0,5.5,183.85,2
9435,40,46-55,50,大专,4424.9,1739.9,13.4,8.8,29,5.3,4.2,7.0,7.4,5.4,5.1,310.59,4
9436,96,36-45,40,本科,7896.0,1651.3,10.3,8.2,44,5.7,2.6,5.4,6.9,5.7,4.8,199.56,2
9437,97,18-25,22,大专,4629.3,1228.7,10.2,10.0,39,5.0,2.0,3.5,6.3,7.3,4.6,192.68,2
9438,31,36-45,40,本科,5907.8,1978.6,34.4,7.0,38,4.1,5.6,8.5,6.2,4.5,4.7,946.03,7
9439,106,36-45,40,本科,10656.2,3175.3,43.0,9.3,45,4.0,5.4,6.3,6.1,7.2,4.8,978.66,8
9440,156,46-55,50,大专,5480.6,2727.7,37.2,6.3,40,3.4,4.1,4.5,5.1,5.8,3.8,958.89,8
9441,88,36-45,40,大专,4161.3,234.7,20.0,8.0,13,8.1,2.9,7.6,8.5,4.0,5.3,87.38,0
9442,27,18-25,22,高中及以下,2134.8,1173.7,19.3,7.7,48,5.6,2.6,5.8,9.8,5.9,5.8,216.09,3
9443,121,36-45,40,高中及以下,3386.6,364.5,20.0,7.7,8,5.5,1.0,4.8,8.0,6.1,5.3,59.78,0
9444,183,18-25,22,高中及以下,3517.0,1182.1,25.2,7.5,45,4.4,3.2,7.7,8.8,5.6,5.9,240.44,3
9445,16,36-45,40,本科,6873.6,642.2,12.7,9.7,28,4.3,2.4,6.4,5.9,2.9,4.0,53.9,0
9446,64,18-25,22,高中及以下,4390.1,1084.0,19.1,10.0,43,6.0,1.9,7.1,6.6,6.2,5.4,334.46,4
9447,180,46-55,50,高中及以下,2894.2,2279.7,20.0,8.2,60,6.1,3.0,2.8,7.2,6.7,4.3,277.46,4
9448,125,26-35,30,本科,7676.6,3459.5,44.2,5.9,63,3.0,5.2,8.3,6.6,4.0,4.7,1326.71,8
9449,113,18-25,22,高中及以下,4060.5,4861.1,50.6,5.8,78,1.0,5.6,5.1,2.9,9.4,4.2,1742.79,9
9450,71,46-55,50,本科,9881.0,3215.8,33.1,8.2,42,4.9,3.9,7.8,6.7,7.6,5.8,690.93,7
9451,122,26-35,30,硕士,11093.3,1692.9,15.4,7.8,24,5.1,5.1,5.2,5.8,4.2,3.6,603.53,6
9452,107,36-45,40,硕士,8976.4,1326.7,12.5,9.3,13,5.7,3.3,4.5,10.0,6.6,5.6,176.72,2
9453,122,26-35,30,本科,7071.3,875.8,26.0,6.5,47,4.2,3.7,7.3,9.7,9.6,7.1,603.53,6
9454,52,26-35,30,本科,4977.2,440.6,11.6,7.5,27,5.6,2.3,5.9,8.6,6.1,5.6,75.42,0
9455,113,26-35,30,本科,9727.1,4865.9,52.3,7.5,105,1.9,6.7,5.9,4.4,6.9,4.0,1742.79,9
9456,20,26-35,30,高中及以下,4404.0,1391.3,29.3,10.0,28,6.0,4.1,4.4,7.7,4.6,4.2,642.68,6
9457,97,36-45,40,硕士,10775.2,1147.3,9.0,9.2,18,4.5,1.7,5.8,6.0,3.8,4.2,192.68,2
9458,35,26-35,30,大专,4492.8,234.2,11.0,10.0,27,4.3,3.5,5.1,9.4,4.2,4.8,43.78,0
9459,51,18-25,22,高中及以下,2991.7,746.4,12.0,10.0,36,5.4,3.0,5.0,8.2,8.2,5.7,100.98,0
9460,115,26-35,30,大专,5455.7,200.0,9.9,7.4,17,5.2,2.1,3.5,6.8,6.8,4.6,200.65,2
9461,172,55+,60,博士,11808.6,740.7,21.5,8.6,17,6.9,4.3,5.2,7.7,5.0,4.5,137.4,1
9462,106,36-45,40,硕士,12532.1,2845.3,32.7,5.7,36,6.0,3.8,6.8,4.1,7.1,4.6,978.66,8
9463,148,18-25,22,硕士,11743.1,1246.3,14.5,8.2,37,5.3,3.6,7.1,7.7,5.2,5.2,250.12,4
9464,86,18-25,22,高中及以下,4507.7,1130.5,17.1,9.2,12,4.5,4.2,1.7,8.3,5.3,3.8,370.7,5
9465,0,36-45,40,本科,7604.5,1537.8,12.5,9.5,33,5.7,2.6,4.3,7.1,7.0,4.9,243.89,3
9466,164,26-35,30,博士,20131.6,1932.9,24.8,8.9,50,6.4,4.0,2.3,9.1,7.0,4.7,388.92,5
9467,179,36-45,40,本科,10534.1,6000.2,64.9,4.8,88,1.6,8.0,6.8,5.7,5.7,4.1,1808.04,9
9468,71,55+,60,硕士,13029.3,3016.6,32.0,7.4,39,4.8,3.8,5.4,8.8,4.4,4.8,690.93,7
9469,195,36-45,40,硕士,9892.1,1029.2,13.8,7.7,5,3.8,3.8,2.9,7.7,3.9,3.6,218.18,3
9470,11,26-35,30,大专,5279.8,535.2,20.8,7.3,36,5.3,3.5,3.4,7.4,6.1,4.3,93.16,0
9471,45,36-45,40,硕士,9395.1,1068.4,14.0,8.7,5,5.2,3.0,4.5,9.7,5.3,5.1,72.25,0
9472,141,46-55,50,硕士,11286.5,2135.6,16.9,6.6,43,4.8,5.0,6.7,4.5,6.7,4.4,548.48,6
9473,139,46-55,50,硕士,10343.8,588.9,12.2,9.3,16,5.0,3.4,4.7,5.7,5.1,3.9,43.34,0
9474,180,46-55,50,博士,11818.9,1003.1,15.5,9.0,11,5.6,2.3,7.2,8.9,7.8,6.5,277.46,4
9475,165,18-25,22,高中及以下,3248.0,1550.5,25.3,9.7,18,5.9,1.9,6.5,8.2,5.3,5.4,224.25,3
9476,47,46-55,50,本科,7390.4,1201.7,25.3,6.3,19,6.6,2.9,6.9,6.0,6.1,5.0,427.14,6
9477,59,26-35,30,大专,7048.5,1893.4,19.0,8.7,60,4.4,1.4,3.6,6.2,6.6,4.5,393.68,5
9478,21,26-35,30,高中及以下,3267.4,998.6,15.2,9.8,23,5.4,3.9,4.4,8.0,5.8,4.6,118.42,1
9479,65,26-35,30,硕士,7017.8,2203.1,22.9,8.3,25,5.6,3.9,6.9,10.0,6.1,6.0,576.08,6
9480,113,18-25,22,大专,8395.4,5028.2,58.5,6.1,112,1.4,5.6,6.0,5.3,6.0,4.1,1742.79,9
9481,58,18-25,22,高中及以下,2324.4,380.9,18.8,8.4,23,5.0,3.3,4.7,7.6,4.1,4.2,206.7,3
9482,145,46-55,50,本科,8215.5,1240.0,18.9,8.5,27,5.0,3.5,3.3,5.8,3.2,3.0,324.35,4
9483,179,46-55,50,博士,24281.6,5211.3,52.7,7.0,79,2.1,6.7,5.9,6.8,4.5,4.0,1808.04,9
9484,47,26-35,30,大专,4160.1,631.6,31.6,8.8,54,3.8,3.1,5.6,6.1,5.8,4.6,427.14,6
9485,191,26-35,30,本科,8578.1,1248.8,19.0,7.5,32,7.6,3.3,6.9,10.0,5.4,5.9,349.46,5
9486,183,18-25,22,高中及以下,2775.1,1138.7,9.3,8.7,53,6.0,3.7,5.7,10.0,7.3,6.0,240.44,3
9487,73,36-45,40,高中及以下,4079.7,2224.1,24.6,9.1,29,4.8,3.4,6.9,7.6,4.4,4.9,709.56,7
9488,115,18-25,22,本科,6573.0,772.2,11.2,8.5,20,6.8,3.8,2.4,8.2,3.9,3.6,200.65,2
9489,150,36-45,40,博士,14801.8,1489.8,5.8,8.1,48,6.5,4.2,5.2,8.4,7.0,5.3,190.66,2
9490,167,26-35,30,博士,17476.2,3186.8,37.2,7.0,54,4.2,4.6,6.6,7.0,6.8,5.2,989.1,8
9491,53,36-45,40,大专,5348.7,1113.9,12.8,9.7,41,5.2,4.0,5.3,8.4,5.7,5.0,273.6,4
9492,133,55+,60,高中及以下,3697.1,2638.7,13.2,8.6,25,5.6,3.6,1.7,9.4,3.6,3.7,238.31,3
9493,159,26-35,30,硕士,7159.8,284.0,14.4,6.8,36,4.7,4.2,8.1,8.8,5.3,5.7,286.16,4
9494,77,18-25,22,本科,6766.7,496.6,6.9,8.4,14,5.6,1.8,1.4,6.2,7.0,3.9,110.06,1
9495,167,26-35,30,高中及以下,2804.0,3737.8,43.4,7.2,62,2.8,5.0,5.5,6.9,6.1,4.6,989.1,8
9496,133,18-25,22,高中及以下,3219.4,200.0,10.1,9.3,20,5.1,3.0,5.3,6.2,6.0,4.6,238.31,3
9497,113,26-35,30,硕士,18618.5,4292.0,59.8,5.4,68,3.6,5.3,6.4,5.9,7.1,4.8,1742.79,9
9498,36,18-25,22,大专,3415.6,517.3,15.2,8.6,21,7.5,3.5,5.6,4.9,3.9,3.6,182.89,2
9499,186,36-45,40,大专,3313.6,1650.7,21.5,8.3,6,5.0,2.2,3.2,7.2,4.4,3.9,238.23,3
9500,34,26-35,30,高中及以下,3731.3,642.0,23.7,9.1,18,6.5,2.1,5.5,7.6,5.4,5.0,337.83,5
9501,141,36-45,40,大专,6414.3,1259.9,25.4,7.4,41,5.9,4.7,4.6,8.1,8.7,5.4,548.48,6
9502,6,36-45,40,本科,10652.9,2183.9,36.2,8.1,26,5.1,4.3,6.7,9.7,4.2,5.3,719.97,7
9503,41,26-35,30,本科,7957.0,975.0,15.7,7.9,22,5.1,4.6,8.2,9.3,6.5,6.2,176.16,2
9504,143,46-55,50,本科,9365.4,501.3,14.4,8.8,54,7.4,1.4,7.7,7.4,5.1,5.6,178.51,2
9505,100,26-35,30,硕士,10923.2,200.0,5.0,9.7,28,7.7,4.9,5.5,6.4,4.6,4.0,36.04,0
9506,180,36-45,40,高中及以下,3442.1,1607.6,17.3,6.6,10,4.2,1.9,7.4,8.1,5.1,5.6,277.46,4
9507,108,55+,60,本科,15965.5,996.7,6.5,9.6,60,6.4,1.3,9.0,4.5,8.1,6.0,192.01,2
9508,71,18-25,22,博士,20589.8,2159.1,36.2,10.0,30,4.5,3.6,4.9,7.2,3.8,4.0,690.93,7
9509,197,46-55,50,高中及以下,3694.1,1811.2,18.0,8.9,15,6.6,4.3,4.9,9.0,5.9,5.0,173.08,2
9510,39,36-45,40,大专,7186.3,1506.0,16.1,8.8,17,6.4,1.0,5.2,8.0,4.9,5.0,180.7,2
9511,71,26-35,30,本科,8931.3,1854.8,26.6,7.3,49,4.4,4.0,7.1,7.0,7.4,5.6,690.93,7
9512,177,46-55,50,硕士,16524.9,2662.7,20.0,8.3,31,4.6,4.0,5.7,8.4,2.9,4.3,634.94,6
9513,175,18-25,22,大专,6237.3,1660.2,24.4,8.7,54,5.4,2.7,4.1,7.0,6.9,4.8,339.4,5
9514,125,36-45,40,本科,8530.9,3786.7,41.4,6.8,29,2.5,5.3,6.9,4.6,8.2,4.9,1326.71,8
9515,36,26-35,30,大专,7777.3,1361.1,16.2,7.4,5,7.0,4.3,5.3,7.7,5.6,4.7,182.89,2
9516,113,26-35,30,博士,25434.8,5090.8,53.8,5.4,87,0.8,7.0,5.9,3.7,4.2,2.9,1742.79,9
9517,135,18-25,22,大专,6568.2,2640.8,29.7,8.1,6,3.2,5.3,3.4,10.0,6.1,4.8,699.2,7
9518,75,55+,60,硕士,9498.5,1077.8,18.5,8.7,5,4.1,3.7,6.0,8.3,9.2,6.2,337.61,5
9519,180,36-45,40,硕士,9372.7,1337.4,21.2,9.0,28,5.5,2.3,8.4,9.0,3.1,5.5,277.46,4
9520,59,46-55,50,高中及以下,3622.9,646.2,28.6,7.9,40,5.6,3.6,4.6,7.8,6.0,4.7,393.68,5
9521,48,46-55,50,硕士,6896.6,478.3,11.9,9.0,22,6.2,4.3,6.6,9.3,6.2,5.7,209.27,3
9522,86,26-35,30,大专,4834.1,1090.5,17.8,9.7,36,5.4,6.0,7.2,7.0,4.3,4.4,370.7,5
9523,32,18-25,22,大专,4438.4,200.0,16.5,8.5,25,8.1,3.9,4.0,8.5,5.0,4.4,146.42,1
9524,122,46-55,50,博士,21926.0,1693.6,27.2,8.1,35,5.3,3.3,6.5,7.1,6.8,5.4,603.53,6
9525,8,26-35,30,大专,4237.4,314.5,18.6,9.3,44,7.5,2.6,4.5,6.8,4.1,4.0,92.81,0
9526,7,18-25,22,博士,13257.8,1469.5,24.5,6.9,36,5.9,1.8,3.4,10.0,6.3,5.4,319.72,4
9527,40,36-45,40,硕士,15234.7,2053.5,23.4,9.5,24,4.8,3.5,4.1,8.7,5.9,4.8,310.59,4
9528,31,36-45,40,大专,6716.2,2240.2,31.4,7.4,43,5.1,5.1,6.7,6.5,6.9,5.0,946.03,7
9529,0,46-55,50,高中及以下,2590.0,200.0,14.4,9.4,12,4.6,2.4,6.2,6.0,6.8,5.1,243.89,3
9530,122,26-35,30,大专,5607.9,2544.9,32.6,7.1,8,4.7,3.1,5.5,7.4,4.6,4.6,603.53,6
9531,125,55+,60,本科,11010.4,4262.6,41.7,6.7,36,5.0,4.8,5.1,8.8,7.3,5.4,1326.71,8
9532,179,26-35,30,高中及以下,5946.2,4943.7,56.3,6.1,63,2.9,7.0,8.7,5.5,2.4,3.7,1808.04,9
9533,3,46-55,50,大专,3553.2,2735.8,19.3,8.4,31,3.3,6.9,4.5,5.1,5.4,3.3,680.64,7
9534,15,46-55,50,本科,6766.7,762.3,13.0,7.4,29,6.0,1.7,5.0,6.5,5.2,4.5,84.58,0
9535,89,46-55,50,高中及以下,5893.2,956.2,19.7,7.8,14,5.4,2.7,4.2,7.8,3.9,4.2,247.96,3
9536,75,26-35,30,高中及以下,2830.0,1258.8,29.7,8.9,39,4.2,4.6,2.8,8.8,5.3,4.2,337.61,5
9537,113,36-45,40,高中及以下,4762.9,4802.6,54.0,7.1,78,1.9,6.9,7.2,3.0,3.9,3.0,1742.79,9
9538,56,18-25,22,高中及以下,3229.6,498.2,17.7,8.3,30,6.9,2.4,5.8,10.0,3.8,5.3,64.12,0
9539,118,46-55,50,本科,7282.0,1867.2,15.7,9.9,26,6.0,3.5,5.1,7.6,6.7,5.0,465.37,6
9540,176,46-55,50,大专,4989.0,780.5,13.7,5.7,18,5.4,4.0,6.7,5.1,3.1,3.7,150.36,1
9541,119,18-25,22,硕士,10759.6,947.1,24.9,8.6,56,5.2,2.9,6.6,7.4,6.8,5.5,314.8,4
9542,154,36-45,40,高中及以下,2766.1,200.0,11.9,9.1,19,4.4,3.5,3.9,7.7,5.6,4.4,198.95,2
9543,134,26-35,30,高中及以下,3453.7,633.1,9.5,7.9,23,4.8,4.9,1.0,8.2,2.2,2.6,59.18,0
9544,171,46-55,50,本科,5631.7,200.0,17.7,10.0,39,5.0,1.0,6.4,8.6,6.5,6.0,65.64,0
9545,31,26-35,30,硕士,10988.7,3839.5,34.1,7.2,31,3.2,4.7,10.0,6.2,5.5,5.5,946.03,7
9546,31,36-45,40,高中及以下,2684.8,2412.6,30.7,7.9,59,5.2,2.3,6.2,8.6,7.1,5.9,946.03,7
9547,179,36-45,40,博士,38604.0,5324.6,51.1,8.0,65,3.0,7.1,8.7,3.0,4.6,3.6,1808.04,9
9548,167,18-25,22,高中及以下,2943.0,3437.8,31.8,8.2,47,4.4,3.0,7.5,4.9,7.6,5.3,989.1,8
9549,31,26-35,30,本科,10997.0,3002.5,35.6,8.3,31,3.9,2.2,5.8,3.8,5.7,4.1,946.03,7
9550,30,55+,60,高中及以下,3023.6,742.7,8.2,10.0,30,7.6,2.9,4.3,9.0,7.6,5.6,81.31,0
9551,167,26-35,30,大专,5455.4,2786.0,37.2,8.3,46,3.2,5.7,5.2,7.8,4.3,4.1,989.1,8
9552,191,46-55,50,高中及以下,2892.1,1780.2,19.2,7.5,29,4.7,3.1,4.0,9.8,5.5,5.1,349.46,5
9553,113,36-45,40,本科,13879.3,5199.9,55.5,5.9,104,3.0,6.1,9.1,7.2,6.0,5.5,1742.79,9
9554,106,36-45,40,本科,7400.4,2578.4,41.0,8.9,29,5.1,3.9,5.7,6.0,6.0,4.5,978.66,8
9555,41,46-55,50,高中及以下,2500.0,1391.1,14.5,8.7,21,5.7,2.7,5.0,9.0,4.0,4.8,176.16,2
9556,4,26-35,30,本科,6260.5,200.0,18.7,9.6,25,7.8,1.0,5.0,7.6,5.0,4.9,117.43,1
9557,65,36-45,40,大专,5594.5,1438.1,24.5,8.1,44,2.9,3.2,8.4,5.6,4.2,4.7,576.08,6
9558,185,36-45,40,硕士,9318.9,1817.1,16.5,7.7,5,5.0,2.1,7.7,6.6,5.5,5.4,303.08,4
9559,139,46-55,50,高中及以下,1839.7,819.0,10.9,7.0,22,6.1,3.9,5.4,10.0,4.0,5.0,43.34,0
9560,27,26-35,30,硕士,7675.9,490.3,21.6,9.0,16,4.3,2.5,3.1,7.9,4.9,4.2,216.09,3
9561,6,46-55,50,本科,4881.2,1831.7,32.1,9.9,61,5.1,3.6,3.8,6.1,6.6,4.2,719.97,7
9562,156,36-45,40,高中及以下,3328.3,2435.7,27.1,8.3,42,3.5,4.5,6.5,8.4,5.7,5.2,958.89,8
9563,73,26-35,30,硕士,14916.9,2611.3,31.9,7.9,38,2.8,6.0,4.8,8.1,4.2,4.0,709.56,7
9564,192,26-35,30,本科,7924.1,1332.9,10.2,9.2,8,6.5,2.5,5.1,8.8,5.2,5.1,183.85,2
9565,108,36-45,40,本科,8259.3,1270.6,6.9,7.9,5,6.0,2.0,3.0,9.5,6.9,5.3,192.01,2
9566,73,18-25,22,硕士,12438.4,2342.1,25.6,6.8,48,5.6,3.8,6.1,5.3,1.6,3.2,709.56,7
9567,55,18-25,22,硕士,11176.1,1871.5,23.6,8.7,64,3.4,3.0,4.5,10.0,5.0,5.1,376.64,5
9568,156,36-45,40,博士,15563.3,2532.8,36.3,8.6,56,4.8,4.1,4.7,6.5,6.4,4.4,958.89,8
9569,106,55+,60,硕士,11599.5,4340.3,33.1,6.9,34,6.2,4.4,3.0,10.0,8.2,5.4,978.66,8
9570,148,26-35,30,博士,18426.6,410.8,24.3,9.7,51,6.4,4.7,5.7,7.3,3.8,4.1,250.12,4
9571,124,26-35,30,大专,4418.0,1339.7,16.4,9.6,27,5.1,2.4,5.1,9.1,7.6,5.9,266.9,4
9572,183,36-45,40,本科,8212.6,1761.8,17.9,8.4,33,6.8,3.3,6.7,7.0,5.2,4.9,240.44,3
9573,3,18-25,22,大专,5688.9,1655.2,29.7,6.8,48,3.9,4.9,4.3,5.6,6.2,3.9,680.64,7
9574,128,36-45,40,本科,7328.8,846.5,17.5,9.0,21,4.7,1.2,4.8,8.2,4.6,4.9,163.96,2
9575,97,26-35,30,硕士,6606.5,282.9,25.7,9.3,43,7.3,1.9,4.8,8.4,6.3,5.3,192.68,2
9576,161,46-55,50,本科,8685.6,260.7,24.7,9.2,55,3.7,3.0,5.4,7.9,6.5,5.2,326.06,4
9577,141,18-25,22,本科,7128.6,2269.3,25.9,7.6,61,5.0,4.5,8.1,7.3,5.5,5.3,548.48,6
9578,82,26-35,30,本科,8496.4,1886.8,31.7,7.4,30,5.1,2.0,4.7,4.7,5.7,4.0,650.6,7
9579,82,46-55,50,本科,10962.1,2593.1,22.7,6.1,39,5.1,2.0,3.6,5.3,5.7,3.9,650.6,7
9580,3,46-55,50,高中及以下,3659.7,1761.5,27.9,8.2,36,7.3,4.7,4.7,4.3,5.2,3.4,680.64,7
9581,196,46-55,50,硕士,8921.0,1189.1,12.6,9.4,62,6.4,3.4,6.0,10.0,5.0,5.5,61.32,0
9582,156,26-35,30,本科,8551.0,3086.4,38.4,8.1,39,4.8,4.2,4.6,5.8,7.7,4.6,958.89,8
9583,32,26-35,30,高中及以下,3081.9,729.5,9.3,7.7,27,7.0,1.1,3.9,7.3,6.3,4.8,146.42,1
9584,118,26-35,30,高中及以下,2590.0,1107.0,11.5,6.8,15,4.5,3.3,5.6,9.4,5.0,5.2,465.37,6
9585,179,46-55,50,硕士,17822.6,5344.0,46.9,5.7,40,3.8,5.0,5.6,7.6,7.9,5.3,1808.04,9
9586,31,46-55,50,高中及以下,4085.9,3584.1,36.3,7.6,65,1.3,4.1,5.9,8.4,3.2,4.4,946.03,7
9587,176,36-45,40,本科,10349.3,951.4,18.0,9.7,11,5.3,1.0,3.3,6.5,6.6,4.5,150.36,1
9588,149,26-35,30,硕士,11625.1,1133.7,15.2,7.3,49,5.2,2.6,4.1,6.7,6.6,4.6,199.73,2
9589,72,46-55,50,博士,14983.6,1130.0,13.8,7.8,51,4.9,1.0,7.1,6.9,6.4,5.7,143.19,1
9590,43,46-55,50,高中及以下,3660.7,430.5,7.5,9.4,25,5.7,2.8,5.1,3.5,4.6,3.4,109.83,1
9591,126,26-35,30,本科,6491.7,1401.2,11.4,8.1,29,3.8,2.9,2.9,7.9,4.9,4.1,55.12,0
9592,97,36-45,40,硕士,12001.4,1400.0,15.4,8.5,42,4.8,1.0,2.8,8.7,5.1,4.6,192.68,2
9593,65,36-45,40,博士,21616.0,1283.7,22.0,7.4,26,3.9,6.2,6.7,7.7,5.8,4.9,576.08,6
9594,167,26-35,30,本科,11391.0,4175.3,31.9,7.1,45,3.9,5.4,4.0,8.2,6.9,4.7,989.1,8
9595,197,46-55,50,大专,3501.6,733.4,10.7,9.0,11,6.0,3.4,4.4,8.2,4.7,4.5,173.08,2
9596,113,26-35,30,本科,12535.7,4960.4,49.2,6.7,71,3.4,5.5,6.4,7.2,8.2,5.4,1742.79,9
9597,20,26-35,30,本科,7097.1,1875.7,29.6,7.7,46,5.8,2.6,4.8,5.0,6.5,4.3,642.68,6
9598,31,26-35,30,硕士,11046.3,2209.5,40.7,6.1,47,4.0,4.3,8.6,7.8,3.5,5.1,946.03,7
9599,162,55+,60,高中及以下,2945.6,1551.6,20.6,8.4,30,3.9,4.1,5.6,7.6,6.6,5.1,472.76,6
9600,182,36-45,40,本科,7715.1,200.0,20.9,10.0,23,5.6,2.8,7.4,8.2,5.4,5.6,50.86,0
9601,24,26-35,30,高中及以下,2405.2,1040.2,15.6,8.7,38,6.0,3.8,5.4,7.3,3.8,4.2,86.11,0
9602,39,18-25,22,大专,5892.1,1783.0,22.0,9.0,5,6.2,4.0,5.3,7.4,5.8,4.7,180.7,2
9603,179,18-25,22,硕士,16858.8,4917.2,65.4,6.7,80,1.4,7.8,8.1,4.1,6.3,4.2,1808.04,9
9604,112,36-45,40,大专,7820.6,495.5,15.9,9.1,27,6.2,1.0,4.9,10.0,5.2,5.6,157.63,1
9605,191,36-45,40,高中及以下,2468.3,1471.5,20.4,9.8,33,3.8,4.7,4.3,8.0,4.8,4.2,349.46,5
9606,86,36-45,40,高中及以下,3171.0,2745.5,20.0,8.7,52,3.1,2.9,5.1,8.0,7.2,5.4,370.7,5
9607,43,18-25,22,大专,4630.7,951.0,16.2,9.7,23,6.8,2.8,3.4,10.0,5.0,4.9,109.83,1
9608,27,46-55,50,博士,21037.1,442.2,5.8,9.6,37,5.6,2.7,4.4,4.3,5.6,3.7,216.09,3
9609,113,18-25,22,硕士,11784.7,4582.6,57.5,7.0,85,2.4,5.4,4.7,1.1,6.4,2.7,1742.79,9
9610,125,26-35,30,硕士,11469.7,3777.9,34.2,8.0,64,2.9,5.5,3.9,5.0,5.6,3.4,1326.71,8
9611,113,26-35,30,高中及以下,7427.7,5512.9,56.5,6.9,68,2.0,6.8,7.3,3.4,5.8,3.7,1742.79,9
9612,125,55+,60,硕士,17328.1,3164.3,35.5,6.4,57,4.4,6.1,5.5,4.5,4.4,3.2,1326.71,8
9613,151,26-35,30,本科,9130.3,408.5,17.6,6.6,26,4.7,4.4,6.9,8.3,4.3,4.9,209.86,3
9614,122,26-35,30,高中及以下,4232.7,2043.3,20.0,9.2,41,3.7,2.9,4.2,7.4,6.7,4.8,603.53,6
9615,156,26-35,30,硕士,14501.9,2910.8,35.0,10.0,59,2.3,4.4,6.1,4.9,8.8,5.0,958.89,8
9616,122,26-35,30,硕士,8933.2,1510.7,21.1,8.4,52,6.0,3.0,4.9,6.6,5.6,4.5,603.53,6
9617,191,46-55,50,本科,5880.9,1083.1,6.6,8.7,36,5.5,3.4,4.1,5.3,5.4,3.7,349.46,5
9618,138,36-45,40,本科,8229.7,295.9,17.4,7.9,21,4.9,3.8,5.2,6.5,4.7,4.1,334.79,4
9619,157,18-25,22,大专,5765.6,803.8,18.0,8.9,39,7.1,2.7,6.7,6.3,2.0,3.9,238.37,3
9620,75,26-35,30,本科,6777.5,662.6,5.4,9.5,29,5.5,4.4,5.8,8.0,6.5,5.2,337.61,5
9621,54,26-35,30,本科,8873.5,1212.2,21.3,9.1,31,4.8,2.5,2.7,6.8,7.7,4.6,416.13,5
9622,109,26-35,30,硕士,8848.1,1561.1,15.8,9.4,26,7.9,4.0,3.1,9.7,5.8,4.7,137.77,1
9623,145,46-55,50,本科,6239.2,1833.6,20.3,8.4,46,6.3,4.3,7.3,6.5,6.4,5.2,324.35,4
9624,20,46-55,50,本科,11105.0,3165.7,22.4,7.7,40,3.4,3.9,8.7,7.2,2.9,4.8,642.68,6
9625,141,55+,60,博士,16866.8,869.0,23.5,8.1,42,3.5,4.8,7.1,6.5,8.0,5.5,548.48,6
9626,125,18-25,22,博士,19045.5,4209.5,47.6,6.2,78,3.3,6.8,7.7,6.7,4.9,4.5,1326.71,8
9627,164,36-45,40,硕士,14680.5,1189.7,27.3,8.0,26,4.6,3.3,4.8,7.3,3.4,4.0,388.92,5
9628,187,18-25,22,博士,19581.5,327.4,14.3,9.3,18,6.2,1.0,2.1,10.0,4.7,4.7,137.99,1
9629,106,46-55,50,硕士,15105.3,2898.0,27.4,6.9,40,4.6,4.8,8.8,8.1,6.4,6.0,978.66,8
9630,4,26-35,30,大专,5074.4,200.0,15.3,7.6,38,4.4,1.9,2.8,9.3,5.3,4.7,117.43,1
9631,155,46-55,50,大专,4111.2,200.0,9.2,9.3,13,3.9,1.7,6.2,10.0,5.1,5.8,72.65,0
9632,20,26-35,30,高中及以下,3884.8,1922.5,33.1,7.2,26,5.7,5.0,7.4,6.5,1.7,3.7,642.68,6
9633,63,46-55,50,高中及以下,2420.7,419.9,8.0,7.7,19,6.5,2.7,4.9,9.0,5.8,5.2,44.87,0
9634,127,18-25,22,硕士,13919.5,344.0,18.0,8.7,62,4.6,4.9,4.7,6.9,4.8,4.0,84.24,0
9635,48,26-35,30,硕士,9748.6,1030.5,18.3,6.4,36,6.7,2.9,6.5,8.4,6.9,5.8,209.27,3
9636,179,18-25,22,博士,29622.8,5136.0,53.3,5.4,59,4.6,6.5,9.7,3.5,4.7,4.2,1808.04,9
9637,21,46-55,50,硕士,11296.5,278.8,8.9,9.2,25,6.0,2.5,3.0,8.7,4.9,4.4,118.42,1
9638,125,26-35,30,本科,6893.6,3486.2,49.5,8.5,70,2.9,4.7,7.1,8.9,5.6,5.5,1326.71,8
9639,166,26-35,30,大专,5542.0,2095.3,16.9,7.2,32,4.6,4.0,9.5,7.4,6.1,6.0,337.67,5
9640,113,46-55,50,高中及以下,4177.1,4550.2,58.7,5.3,76,0.5,8.4,7.3,5.7,7.7,4.7,1742.79,9
9641,6,36-45,40,高中及以下,3438.6,2728.7,39.5,7.2,52,5.2,3.9,5.0,7.5,5.1,4.5,719.97,7
9642,135,55+,60,硕士,12920.1,2266.3,25.6,8.5,51,3.8,4.4,4.0,4.1,8.0,4.0,699.2,7
9643,197,46-55,50,大专,5391.6,1123.2,16.8,8.9,19,7.2,3.5,4.9,10.0,5.9,5.4,173.08,2
9644,179,36-45,40,本科,10668.6,5456.8,48.7,6.8,39,0.9,6.7,7.0,4.5,4.3,3.6,1808.04,9
9645,165,18-25,22,硕士,8381.2,353.7,22.0,8.5,10,4.0,1.3,5.0,8.2,5.5,5.2,224.25,3
9646,40,46-55,50,本科,6913.3,730.3,13.8,8.6,45,6.9,4.4,6.3,6.5,6.1,4.8,310.59,4
9647,179,26-35,30,本科,10055.8,5306.4,54.5,5.1,61,2.5,7.4,5.2,5.6,5.7,3.7,1808.04,9
9648,120,46-55,50,本科,5466.0,697.5,21.0,6.4,40,5.5,2.5,6.2,8.4,5.0,5.2,327.35,4
9649,141,18-25,22,大专,5116.5,1924.2,24.5,7.5,56,4.4,2.7,6.8,6.9,7.7,5.7,548.48,6
9650,104,36-45,40,高中及以下,3491.4,200.0,10.7,8.1,37,6.3,2.3,5.7,7.9,4.5,4.8,126.31,1
9651,69,46-55,50,博士,13180.7,200.0,18.9,8.8,27,5.5,2.5,5.4,6.4,5.1,4.5,77.86,0
9652,122,26-35,30,高中及以下,4145.3,2179.8,29.9,9.1,34,5.9,3.1,6.6,6.8,5.5,5.0,603.53,6
9653,86,18-25,22,高中及以下,3326.6,1053.5,20.1,9.5,25,6.1,3.4,6.8,9.7,5.8,5.9,370.7,5
9654,179,55+,60,硕士,13511.2,4488.7,55.0,6.8,97,2.8,6.8,7.5,4.9,5.4,4.1,1808.04,9
9655,50,36-45,40,大专,5348.5,671.0,19.2,6.5,52,6.9,2.1,7.8,8.5,3.8,5.4,205.22,3
9656,183,46-55,50,高中及以下,2338.9,1098.7,9.8,6.5,19,5.7,2.0,6.1,8.2,5.0,5.2,240.44,3
9657,112,36-45,40,博士,15306.5,335.3,8.3,8.8,5,5.6,2.1,2.3,8.6,6.6,4.7,157.63,1
9658,20,26-35,30,本科,10328.3,1818.9,16.3,6.8,28,5.7,4.2,7.3,9.9,3.9,5.4,642.68,6
9659,140,26-35,30,高中及以下,3327.1,200.0,9.9,9.4,25,6.0,2.5,8.0,6.5,2.7,4.6,186.32,2
9660,17,46-55,50,博士,17525.1,820.3,22.9,10.0,53,5.2,2.8,3.9,9.8,5.7,5.1,203.21,3
9661,165,26-35,30,硕士,9074.5,1125.5,16.1,8.3,37,5.5,3.6,6.7,9.3,4.2,5.3,224.25,3
9662,82,36-45,40,高中及以下,2279.3,2493.1,16.4,7.9,45,4.2,4.3,5.6,5.5,8.2,4.9,650.6,7
9663,138,46-55,50,本科,10556.3,539.9,17.6,8.4,26,4.5,2.8,3.6,8.5,3.1,3.9,334.79,4
9664,125,26-35,30,大专,4745.1,3869.0,45.0,7.1,90,4.3,4.8,4.9,4.0,6.6,3.7,1326.71,8
9665,71,36-45,40,本科,8756.8,3233.2,31.6,8.8,27,3.5,5.2,4.1,10.0,3.0,4.1,690.93,7
9666,71,36-45,40,本科,8605.0,2979.5,26.0,6.2,40,3.6,4.8,5.8,4.2,3.1,3.1,690.93,7
9667,192,36-45,40,高中及以下,2449.4,423.2,14.8,9.1,31,6.3,2.1,4.8,7.4,4.9,4.6,183.85,2
9668,124,26-35,30,本科,8622.9,598.2,12.8,10.0,39,4.8,2.0,6.4,9.3,5.2,5.7,266.9,4
9669,177,36-45,40,本科,7345.9,2223.0,24.0,9.3,23,6.7,3.4,4.4,8.3,5.3,4.7,634.94,6
9670,65,26-35,30,本科,7339.5,1761.8,18.4,6.9,61,5.4,3.3,5.7,9.3,9.3,6.5,576.08,6
9671,151,18-25,22,硕士,16185.0,374.4,9.8,8.3,33,6.9,3.8,4.8,7.4,7.1,5.0,209.86,3
9672,71,36-45,40,大专,5886.7,1663.8,24.9,6.4,49,5.3,2.5,4.8,5.5,6.9,4.6,690.93,7
9673,27,26-35,30,大专,5483.0,1833.8,7.1,7.9,10,5.3,4.1,3.6,7.5,5.7,4.2,216.09,3
9674,125,55+,60,本科,11410.6,3438.7,33.9,5.9,59,4.0,5.0,6.4,6.9,5.4,4.6,1326.71,8
9675,82,26-35,30,本科,8596.5,2250.2,29.6,7.7,36,3.5,5.7,6.7,5.9,6.7,4.7,650.6,7
9676,27,26-35,30,本科,6723.3,1603.7,14.3,9.1,39,5.1,2.7,6.0,7.7,7.3,5.6,216.09,3
9677,111,18-25,22,大专,6192.6,979.4,12.3,8.6,12,6.0,3.7,5.7,9.2,4.3,5.0,144.53,1
9678,90,46-55,50,高中及以下,2797.3,1359.9,17.5,8.1,27,5.8,4.8,4.1,8.8,6.2,4.8,163.54,2
9679,64,55+,60,本科,5319.9,1387.4,18.0,8.5,33,4.8,4.6,6.1,7.6,5.8,4.9,334.46,4
9680,29,36-45,40,硕士,11766.6,410.6,16.9,9.4,39,7.8,2.7,3.9,8.0,6.8,5.0,110.86,1
9681,125,18-25,22,本科,11992.8,3890.1,40.1,6.5,22,4.8,4.8,6.5,7.9,5.4,5.0,1326.71,8
9682,31,18-25,22,高中及以下,2728.2,2435.6,43.9,8.7,41,3.6,5.1,5.7,5.7,6.2,4.3,946.03,7
9683,165,26-35,30,高中及以下,2636.2,1210.5,13.8,8.8,35,4.4,2.3,5.7,5.5,4.7,4.2,224.25,3
9684,3,26-35,30,本科,8606.5,2014.4,21.0,7.3,60,6.5,4.3,5.0,6.3,6.4,4.4,680.64,7
9685,169,26-35,30,高中及以下,2861.4,200.0,10.1,7.5,29,6.3,1.1,2.2,7.4,6.1,4.3,69.84,0
9686,59,18-25,22,大专,5453.4,2219.2,26.2,7.6,58,5.7,4.7,4.9,6.7,8.0,4.9,393.68,5
9687,125,46-55,50,硕士,11511.5,4286.3,41.2,6.7,65,3.4,5.5,4.2,7.9,5.2,4.2,1326.71,8
9688,125,36-45,40,本科,7123.2,3651.5,38.0,6.1,52,2.6,3.7,8.4,4.9,5.4,4.8,1326.71,8
9689,71,18-25,22,高中及以下,2006.6,2415.9,34.0,8.0,47,4.2,3.4,4.8,6.2,3.9,3.8,690.93,7
9690,125,36-45,40,本科,10135.1,3074.9,41.3,7.5,37,2.5,5.2,8.3,6.9,3.0,4.5,1326.71,8
9691,106,55+,60,高中及以下,3964.0,3302.8,31.1,6.2,27,4.1,6.6,9.1,7.7,5.7,5.5,978.66,8
9692,140,46-55,50,本科,7873.2,973.6,16.4,8.9,32,5.7,3.5,7.1,7.5,5.1,5.1,186.32,2
9693,73,26-35,30,硕士,11065.3,2056.0,26.3,7.3,35,4.1,2.7,3.9,8.2,7.0,5.1,709.56,7
9694,87,26-35,30,博士,19796.5,200.0,8.5,8.6,50,4.6,2.9,3.4,6.7,4.2,3.7,206.18,3
9695,156,36-45,40,博士,20270.9,3485.1,32.6,8.5,37,4.3,4.3,3.7,2.7,5.0,2.6,958.89,8
9696,8,36-45,40,高中及以下,2316.7,200.0,17.0,9.5,15,4.0,2.9,4.6,8.1,2.0,3.8,92.81,0
9697,185,18-25,22,硕士,8662.4,735.4,6.0,7.7,6,4.9,4.7,3.8,6.5,5.4,3.8,303.08,4
9698,82,26-35,30,本科,6290.0,2256.2,26.6,7.7,37,4.8,2.9,4.3,8.5,1.9,3.8,650.6,7
9699,180,46-55,50,硕士,9136.1,1586.4,7.3,9.6,50,4.3,2.8,4.0,7.4,6.2,4.6,277.46,4
9700,71,46-55,50,高中及以下,2747.8,2492.0,27.7,7.4,5,5.9,5.3,7.2,6.9,4.6,4.6,690.93,7
9701,164,46-55,50,高中及以下,3043.9,2100.1,26.9,9.6,33,6.3,2.1,3.3,7.1,5.9,4.4,388.92,5
9702,31,26-35,30,大专,7922.6,2081.9,35.7,7.6,39,4.9,4.9,6.4,8.1,5.1,4.9,946.03,7
9703,156,36-45,40,本科,11618.0,2456.6,33.4,8.9,70,3.2,4.4,6.1,5.8,6.3,4.6,958.89,8
9704,117,36-45,40,大专,7123.2,522.5,10.0,9.4,59,4.7,3.3,5.5,7.8,3.8,4.4,46.12,0
9705,125,46-55,50,高中及以下,3523.6,4190.3,45.1,7.3,50,3.1,5.9,8.6,6.4,8.5,5.9,1326.71,8
9706,167,18-25,22,大专,6202.2,1999.5,32.8,7.0,62,3.1,4.0,5.5,8.8,6.1,5.3,989.1,8
9707,106,46-55,50,博士,16739.5,2951.1,35.0,6.8,51,3.9,3.8,6.0,6.5,5.7,4.7,978.66,8
9708,145,26-35,30,本科,8690.7,923.0,15.1,7.1,32,6.1,2.8,2.4,5.4,5.5,3.4,324.35,4
9709,20,55+,60,博士,21924.4,2567.1,27.2,8.6,38,5.8,4.8,7.2,7.0,5.4,4.9,642.68,6
9710,191,55+,60,高中及以下,2951.7,940.7,14.9,8.9,31,3.9,3.8,5.3,8.3,4.2,4.5,349.46,5
9711,113,26-35,30,本科,8509.6,4759.0,68.5,4.9,65,2.2,5.3,5.3,5.5,7.6,4.5,1742.79,9
9712,167,26-35,30,本科,11143.6,2788.5,31.6,8.0,47,4.4,3.9,7.4,4.8,3.9,4.0,989.1,8
9713,6,36-45,40,本科,7943.9,2209.4,26.4,7.7,33,5.9,2.6,5.7,5.0,4.6,4.0,719.97,7
9714,31,18-25,22,硕士,8979.0,3345.3,26.0,8.1,81,5.6,3.9,8.1,3.7,5.4,4.4,946.03,7
9715,135,46-55,50,博士,23059.2,2181.9,29.7,7.8,23,2.9,3.5,4.3,5.7,5.1,3.8,699.2,7
9716,71,46-55,50,本科,7687.8,2591.9,30.7,9.2,53,4.7,3.3,6.6,4.5,6.1,4.4,690.93,7
9717,156,26-35,30,高中及以下,4074.7,3257.4,31.4,7.0,45,4.7,2.9,8.3,8.4,6.1,6.1,958.89,8
9718,162,36-45,40,硕士,13985.6,1409.7,22.3,8.0,29,5.4,3.4,5.9,8.1,6.5,5.4,472.76,6
9719,141,55+,60,本科,9865.4,2081.8,26.0,7.6,48,6.1,3.4,7.4,8.9,6.7,6.1,548.48,6
9720,125,55+,60,高中及以下,3330.5,3265.1,42.9,6.3,46,5.5,4.9,8.1,7.0,6.9,5.6,1326.71,8
9721,125,36-45,40,博士,19215.8,3903.0,35.5,6.5,53,2.7,5.0,6.7,6.8,3.8,4.2,1326.71,8
9722,179,46-55,50,高中及以下,4803.7,5090.4,58.4,5.6,94,0.5,5.5,5.3,4.2,5.2,3.4,1808.04,9
9723,179,18-25,22,博士,17382.2,4715.1,57.6,5.1,62,4.6,6.7,3.2,3.1,4.6,2.2,1808.04,9
9724,135,26-35,30,本科,8357.2,2539.1,28.5,7.6,72,4.5,4.2,8.7,5.9,7.5,5.7,699.2,7
9725,82,36-45,40,高中及以下,2556.1,2034.1,31.8,8.4,23,3.6,3.8,3.1,4.2,7.9,3.8,650.6,7
9726,36,36-45,40,本科,6105.2,1303.4,22.2,8.0,24,4.2,2.6,4.8,8.0,4.5,4.6,182.89,2
9727,135,36-45,40,本科,7597.6,2376.4,26.6,7.1,53,5.4,5.2,5.4,4.6,6.5,4.0,699.2,7
9728,87,26-35,30,高中及以下,3452.3,878.4,20.4,8.2,20,7.8,3.0,5.7,8.7,4.1,4.9,206.18,3
9729,98,55+,60,本科,6772.3,943.2,16.5,9.3,56,3.8,3.6,4.3,8.1,7.6,5.2,149.17,1
9730,101,46-55,50,高中及以下,2736.0,460.2,9.6,8.7,5,5.7,4.3,5.9,4.9,8.6,4.9,97.45,0
9731,87,36-45,40,高中及以下,3267.8,1848.5,14.8,8.1,21,5.8,2.9,7.0,7.7,6.7,5.7,206.18,3
9732,167,18-25,22,高中及以下,5588.8,3685.7,40.3,8.0,45,3.4,6.0,4.9,7.5,6.9,4.7,989.1,8
9733,21,55+,60,博士,12053.8,1615.7,8.5,10.0,54,5.8,2.7,5.0,8.2,4.9,4.8,118.42,1
9734,111,36-45,40,高中及以下,2508.9,1007.0,12.9,10.0,20,5.3,2.4,7.0,7.3,6.8,5.7,144.53,1
9735,73,26-35,30,本科,9173.7,3242.8,28.4,7.6,28,5.1,3.7,5.2,8.8,5.7,5.1,709.56,7
9736,159,36-45,40,高中及以下,3035.4,1249.4,24.8,10.0,28,4.5,3.5,6.2,8.1,3.9,4.7,286.16,4
9737,55,26-35,30,高中及以下,3085.4,1789.6,13.6,6.7,17,4.2,2.3,8.6,5.5,5.8,5.4,376.64,5
9738,102,26-35,30,硕士,9368.1,557.2,23.9,9.1,36,6.7,3.6,6.5,8.9,8.9,6.4,105.35,0
9739,160,36-45,40,高中及以下,3375.9,291.4,12.1,6.7,35,6.3,3.3,5.9,8.4,3.1,4.5,56.0,0
9740,89,26-35,30,高中及以下,2467.4,671.1,24.7,8.6,35,3.9,4.0,5.5,6.4,2.4,3.5,247.96,3
9741,71,26-35,30,高中及以下,3383.0,1958.0,26.6,8.0,48,4.5,5.5,5.1,5.0,3.2,3.0,690.93,7
9742,143,26-35,30,高中及以下,2109.9,1679.0,22.3,8.4,31,5.8,2.8,4.8,8.9,2.2,4.1,178.51,2
9743,106,46-55,50,本科,7276.8,3896.8,29.4,8.2,31,4.4,1.5,5.7,7.6,2.2,4.2,978.66,8
9744,120,46-55,50,高中及以下,3845.7,1649.8,23.7,9.7,17,5.6,3.2,2.3,9.3,5.1,4.3,327.35,4
9745,73,26-35,30,本科,9297.5,2394.9,25.9,7.3,21,3.8,2.0,5.9,7.8,4.8,5.0,709.56,7
9746,128,26-35,30,硕士,11602.3,493.4,16.7,9.7,10,5.3,3.4,4.2,5.8,5.6,4.0,163.96,2
9747,136,46-55,50,硕士,11526.3,612.2,11.0,9.2,51,5.8,3.7,6.1,7.8,7.8,5.7,67.81,0
9748,98,36-45,40,本科,6102.5,361.3,6.0,7.9,28,6.9,4.8,3.0,8.2,3.8,3.6,149.17,1
9749,41,36-45,40,大专,4592.6,1701.2,22.4,10.0,5,6.9,4.0,6.5,6.3,2.4,3.8,176.16,2
9750,65,55+,60,高中及以下,3295.3,2148.1,26.3,8.6,49,4.4,2.3,10.0,5.7,4.3,5.4,576.08,6
9751,73,46-55,50,大专,4226.0,2341.5,30.4,7.7,76,5.9,5.8,6.6,6.7,9.5,5.7,709.56,7
9752,106,36-45,40,本科,5983.0,2946.7,27.5,8.9,19,5.1,4.9,5.0,6.6,5.1,4.1,978.66,8
9753,180,46-55,50,高中及以下,3493.7,1166.2,21.9,7.9,22,5.5,3.0,4.8,8.7,5.0,4.9,277.46,4
9754,3,36-45,40,高中及以下,4531.2,1872.4,33.1,7.1,48,4.6,3.1,1.7,6.5,5.4,3.4,680.64,7
9755,48,55+,60,高中及以下,2740.1,664.5,23.3,8.9,29,4.3,3.3,6.8,7.7,5.9,5.4,209.27,3
9756,2,26-35,30,高中及以下,4065.7,1196.6,18.3,7.1,21,5.3,1.8,8.7,8.6,7.0,6.7,283.64,4
9757,126,36-45,40,硕士,10069.4,753.0,17.7,9.3,38,6.4,2.2,5.5,8.1,4.3,4.8,55.12,0
9758,55,36-45,40,大专,3660.7,1156.1,20.6,8.8,23,4.2,3.0,6.1,6.6,8.3,5.6,376.64,5
9759,197,36-45,40,高中及以下,3562.8,926.5,10.4,10.0,21,6.0,3.8,4.0,9.9,5.6,5.0,173.08,2
9760,47,18-25,22,大专,4699.2,1405.5,22.1,8.7,62,5.1,3.8,3.5,8.3,4.7,4.2,427.14,6
9761,104,36-45,40,硕士,11697.0,852.3,9.3,9.9,24,4.5,1.6,6.1,9.0,5.1,5.5,126.31,1
9762,70,36-45,40,博士,19872.8,1373.9,14.2,6.0,55,5.3,1.7,6.3,10.0,5.8,6.1,213.02,3
9763,64,46-55,50,高中及以下,3803.9,1054.7,21.9,7.9,21,4.8,3.7,1.0,6.9,3.6,2.8,334.46,4
9764,186,46-55,50,高中及以下,3388.4,619.9,19.2,9.7,42,5.1,2.2,3.0,10.0,3.7,4.5,238.23,3
9765,177,36-45,40,本科,9372.8,1292.6,22.9,6.4,61,6.3,4.9,7.6,7.9,4.7,5.1,634.94,6
9766,1,46-55,50,博士,16227.0,954.0,13.2,8.4,16,6.0,1.0,5.6,7.2,8.4,5.9,129.25,1
9767,80,36-45,40,大专,4119.5,452.0,17.8,9.6,5,5.7,3.9,5.3,7.6,10.0,6.0,119.14,1
9768,135,36-45,40,高中及以下,3826.6,1434.2,27.8,8.6,52,5.2,4.5,6.7,5.1,5.3,4.2,699.2,7
9769,106,26-35,30,硕士,9756.6,2977.2,30.6,8.8,52,3.3,6.1,4.9,7.9,6.0,4.5,978.66,8
9770,194,36-45,40,大专,4062.6,309.1,21.4,9.9,19,6.6,3.7,2.3,9.3,6.6,4.7,176.48,2
9771,148,18-25,22,本科,8108.5,891.6,19.1,8.2,44,5.9,1.0,8.4,9.4,7.2,7.0,250.12,4
9772,125,36-45,40,博士,18902.8,3688.7,40.3,5.9,54,3.2,6.0,8.5,5.8,6.1,5.0,1326.71,8
9773,86,26-35,30,大专,4070.4,1059.7,16.9,10.0,20,5.0,2.6,2.8,8.2,6.9,4.7,370.7,5
9774,39,26-35,30,硕士,17139.2,909.4,6.2,9.5,17,6.2,2.7,5.8,8.3,5.6,5.2,180.7,2
9775,145,46-55,50,高中及以下,3635.8,1188.5,22.5,7.9,5,6.4,2.6,6.6,9.2,8.0,6.4,324.35,4
9776,6,26-35,30,硕士,13293.3,1893.9,31.3,8.8,44,5.3,3.9,6.1,8.2,3.0,4.4,719.97,7
9777,179,36-45,40,本科,12261.0,5014.9,56.2,6.1,115,1.6,5.9,6.2,4.3,3.9,3.3,1808.04,9
9778,83,26-35,30,大专,4811.2,1238.0,12.1,10.0,72,6.5,1.8,8.1,10.0,6.3,6.7,88.39,0
9779,118,26-35,30,高中及以下,2833.2,2663.3,24.4,9.1,31,3.8,2.8,5.6,7.6,4.3,4.6,465.37,6
9780,89,26-35,30,本科,7940.9,1590.9,14.2,7.2,37,3.7,3.0,5.5,7.6,4.5,4.6,247.96,3
9781,81,36-45,40,本科,7997.5,258.4,9.8,8.1,26,5.5,3.3,5.6,8.0,3.4,4.4,212.11,3
9782,194,36-45,40,硕士,10179.4,696.2,18.8,8.7,38,4.6,2.2,5.2,8.9,4.5,5.0,176.48,2
9783,119,26-35,30,高中及以下,3675.2,861.9,18.2,8.7,32,7.0,3.0,6.1,5.1,8.5,5.2,314.8,4
9784,177,36-45,40,大专,6286.3,2219.3,20.8,7.3,47,2.7,1.8,7.2,7.9,6.4,5.9,634.94,6
9785,47,26-35,30,本科,6253.2,1225.2,17.3,8.3,18,2.8,4.7,4.3,9.1,3.7,4.2,427.14,6
9786,114,36-45,40,本科,7558.6,1354.7,17.4,6.7,23,5.2,1.8,7.1,6.6,5.6,5.3,122.44,1
9787,108,26-35,30,大专,5244.3,520.5,14.3,8.8,63,5.9,4.0,6.9,9.8,4.5,5.5,192.01,2
9788,86,18-25,22,本科,7731.0,1402.5,14.1,9.9,28,3.7,3.3,4.8,8.6,6.4,5.2,370.7,5
9789,109,46-55,50,大专,3503.1,974.4,6.5,9.0,20,4.8,2.5,3.4,8.2,5.1,4.4,137.77,1
9790,57,26-35,30,高中及以下,2868.6,1247.0,21.9,9.2,34,6.8,3.2,5.1,6.6,5.7,4.5,108.94,1
9791,162,36-45,40,高中及以下,4432.3,2044.1,15.7,8.5,55,4.2,2.9,5.9,7.9,5.3,5.0,472.76,6
9792,125,46-55,50,本科,8830.7,3753.2,35.2,8.2,55,3.0,4.3,7.4,7.2,7.0,5.6,1326.71,8
9793,27,46-55,50,高中及以下,3659.9,607.1,18.0,7.8,32,5.9,3.4,4.3,9.4,3.4,4.4,216.09,3
9794,107,26-35,30,本科,8362.8,1979.8,14.5,7.2,26,5.7,2.5,4.9,7.1,4.4,4.3,176.72,2
9795,183,36-45,40,本科,7978.0,1193.6,17.1,7.6,7,5.1,3.5,6.6,9.6,4.3,5.4,240.44,3
9796,182,36-45,40,硕士,9805.9,606.5,12.0,9.8,32,5.4,3.9,4.8,8.2,5.4,4.7,50.86,0
9797,195,18-25,22,本科,5193.1,332.4,18.0,9.9,30,6.5,2.1,5.7,7.6,6.4,5.3,218.18,3
9798,54,26-35,30,高中及以下,3047.2,2006.0,22.2,7.7,60,4.3,3.2,4.1,7.4,6.0,4.5,416.13,5
9799,164,26-35,30,硕士,10781.7,1402.6,15.1,9.0,35,4.1,1.1,6.2,4.5,5.6,4.5,388.92,5
9800,124,18-25,22,高中及以下,3372.9,1554.7,6.3,6.5,23,6.2,1.8,5.1,7.7,4.8,4.8,266.9,4
9801,158,26-35,30,本科,5808.5,1363.5,5.0,8.4,7,5.6,1.4,3.4,5.0,5.0,3.6,45.09,0
9802,134,36-45,40,大专,5352.4,594.2,10.5,7.8,30,5.3,4.7,3.3,3.6,5.8,3.0,59.18,0
9803,55,55+,60,大专,4588.6,1746.9,18.7,8.6,28,4.3,1.9,7.6,7.0,7.5,6.0,376.64,5
9804,20,36-45,40,高中及以下,3595.5,2334.6,19.5,6.2,52,5.5,4.8,4.3,5.9,5.6,3.8,642.68,6
9805,108,36-45,40,高中及以下,2784.6,352.7,6.1,7.8,38,6.2,4.5,5.2,9.1,4.3,4.7,192.01,2
9806,84,26-35,30,大专,4625.0,1370.0,12.5,9.5,35,7.7,1.8,5.2,9.5,7.0,5.9,66.12,0
9807,90,36-45,40,博士,22538.6,1349.5,9.7,10.0,38,7.0,1.4,3.7,9.3,6.5,5.4,163.54,2
9808,122,26-35,30,本科,7743.0,1893.5,25.7,8.4,38,5.2,5.8,9.0,3.7,5.9,4.5,603.53,6
9809,157,55+,60,本科,7579.6,634.3,6.2,8.9,32,6.7,1.0,7.8,8.1,7.3,6.5,238.37,3
9810,150,46-55,50,硕士,11364.9,688.2,11.2,9.2,5,5.0,2.7,5.2,8.4,6.2,5.3,190.66,2
9811,106,18-25,22,博士,19887.8,3354.0,27.0,8.6,48,4.8,5.3,4.8,8.3,6.1,4.7,978.66,8
9812,113,26-35,30,博士,35339.6,4240.0,59.1,6.8,106,2.3,5.7,6.4,5.3,6.9,4.5,1742.79,9
9813,122,36-45,40,硕士,12884.7,2413.1,24.5,10.0,54,4.3,4.0,7.0,5.9,5.1,4.6,603.53,6
9814,156,55+,60,本科,7229.6,3384.2,34.4,8.1,44,3.8,4.1,5.2,8.1,6.8,5.2,958.89,8
9815,177,36-45,40,本科,7853.2,1771.5,34.0,7.6,71,3.3,4.3,4.5,8.5,8.1,5.4,634.94,6
9816,113,55+,60,大专,3893.2,4879.2,51.1,6.6,74,2.8,7.4,8.4,3.5,4.1,3.5,1742.79,9
9817,175,26-35,30,高中及以下,2625.1,878.7,13.3,9.5,58,3.6,1.9,5.1,8.3,6.7,5.5,339.4,5
9818,180,26-35,30,大专,6727.4,1188.1,18.8,9.0,44,4.8,5.2,6.1,10.0,4.3,5.1,277.46,4
9819,47,55+,60,大专,5795.9,2047.5,15.2,7.9,58,6.3,5.3,6.6,6.0,5.2,4.3,427.14,6
9820,106,26-35,30,博士,28555.9,3348.0,34.9,10.0,65,4.5,5.2,6.2,6.4,4.1,4.0,978.66,8
9821,73,46-55,50,硕士,10125.0,2079.1,22.7,9.5,35,5.8,3.7,6.4,7.0,4.3,4.5,709.56,7
9822,31,26-35,30,本科,8504.1,2910.8,26.4,7.2,53,4.1,5.6,8.4,5.0,5.0,4.5,946.03,7
9823,64,26-35,30,博士,16590.3,1118.7,10.4,6.8,13,5.9,3.4,4.4,3.6,4.0,2.9,334.46,4
9824,90,26-35,30,本科,7833.1,678.1,14.5,8.9,40,4.5,1.6,6.6,9.4,2.7,5.1,163.54,2
9825,113,55+,60,大专,6741.3,4056.0,53.0,6.7,83,3.3,7.0,6.6,5.8,7.7,4.7,1742.79,9
9826,113,26-35,30,本科,7252.7,4512.6,47.7,5.3,85,3.4,6.2,5.9,4.4,6.3,3.9,1742.79,9
9827,73,55+,60,高中及以下,2830.0,1966.7,29.5,9.1,34,4.1,4.9,7.5,6.7,9.1,6.0,709.56,7
9828,185,46-55,50,高中及以下,3239.1,791.1,24.1,8.3,41,6.2,6.2,7.8,7.4,8.0,5.7,303.08,4
9829,7,36-45,40,高中及以下,2821.9,1093.6,27.1,8.5,22,5.3,1.7,3.3,7.6,4.7,4.2,319.72,4
9830,156,36-45,40,大专,6490.1,2820.0,31.4,7.9,73,5.0,5.5,5.1,6.4,5.8,4.2,958.89,8
9831,179,18-25,22,本科,11558.4,4783.7,53.9,4.0,46,3.0,7.0,4.0,5.1,3.9,2.7,1808.04,9
9832,158,46-55,50,博士,12216.4,285.1,5.0,10.0,8,6.3,3.0,5.9,7.1,7.3,5.4,45.09,0
9833,30,26-35,30,大专,3595.8,1170.8,5.0,9.1,64,3.4,2.5,4.0,7.3,5.1,4.3,81.31,0
9834,175,36-45,40,高中及以下,3275.9,1846.0,13.2,7.1,10,3.9,4.6,7.0,7.0,7.0,5.3,339.4,5
9835,68,55+,60,本科,11582.3,1637.6,19.0,9.0,33,5.0,1.0,6.3,6.6,8.2,5.9,213.07,3
9836,56,18-25,22,高中及以下,2948.7,200.0,8.4,7.9,31,7.7,2.1,4.5,4.6,5.7,3.9,64.12,0
9837,183,55+,60,大专,5422.2,276.3,28.0,7.3,48,5.2,2.5,5.4,4.7,5.0,4.0,240.44,3
9838,112,36-45,40,本科,8984.5,938.3,16.8,10.0,40,6.7,3.3,7.2,9.0,4.0,5.3,157.63,1
9839,100,36-45,40,高中及以下,3803.8,576.9,7.2,9.0,27,6.3,3.2,6.2,7.4,4.2,4.6,36.04,0
9840,59,55+,60,大专,3295.8,1030.1,25.1,7.6,60,4.5,1.9,3.0,8.7,6.2,4.8,393.68,5
9841,113,18-25,22,本科,14696.0,5314.6,50.6,5.2,86,3.1,4.9,5.6,4.7,6.7,4.2,1742.79,9
9842,111,36-45,40,高中及以下,2903.4,1848.4,8.8,9.1,18,7.0,2.3,4.7,6.4,4.6,4.2,144.53,1
9843,76,26-35,30,高中及以下,3480.9,489.1,12.7,9.3,30,5.9,2.9,5.6,7.0,7.7,5.4,161.91,1
9844,73,18-25,22,高中及以下,1933.7,2085.4,33.2,8.3,39,4.9,4.2,6.0,7.8,6.5,5.2,709.56,7
9845,64,36-45,40,大专,3641.1,596.4,13.3,7.9,25,6.0,1.2,3.1,5.5,7.4,4.4,334.46,4
9846,151,18-25,22,大专,4920.5,1903.2,6.9,9.5,19,4.2,3.9,6.1,9.1,4.5,5.1,209.86,3
9847,177,26-35,30,本科,7423.9,2014.4,18.9,7.8,47,4.0,6.1,7.5,6.2,3.5,4.0,634.94,6
9848,125,18-25,22,本科,8748.3,3968.8,38.5,5.5,48,3.4,5.8,7.2,6.8,5.7,4.8,1326.71,8
9849,113,46-55,50,本科,11379.9,4662.6,56.5,6.3,58,3.0,5.6,8.4,4.1,4.6,4.1,1742.79,9
9850,156,36-45,40,本科,9724.0,2609.7,34.0,7.4,48,3.0,4.6,6.3,4.4,4.3,3.6,958.89,8
9851,121,55+,60,大专,3590.3,386.7,12.6,8.5,5,5.4,1.8,8.2,7.6,7.0,6.3,59.78,0
9852,71,26-35,30,大专,4800.8,2070.1,33.0,8.3,25,4.2,3.0,4.8,7.8,8.0,5.5,690.93,7
9853,97,55+,60,硕士,12594.4,1182.5,6.8,8.8,71,7.2,5.4,3.9,8.6,6.2,4.6,192.68,2
9854,89,36-45,40,硕士,7821.5,1557.9,21.0,8.3,40,3.4,3.0,3.2,10.0,4.6,4.7,247.96,3
9855,91,18-25,22,硕士,8288.7,1652.3,26.3,8.5,24,6.5,4.0,5.8,8.4,4.1,4.7,390.98,5
9856,125,36-45,40,大专,5452.7,4936.8,39.8,6.9,53,4.5,5.2,4.3,8.4,5.8,4.5,1326.71,8
9857,113,26-35,30,大专,5402.0,4763.9,55.4,6.1,87,1.6,6.6,7.9,4.7,4.1,3.8,1742.79,9
9858,6,55+,60,高中及以下,2939.4,3257.1,29.7,6.2,25,5.3,3.7,9.6,6.3,5.0,5.4,719.97,7
9859,20,46-55,50,大专,4774.5,1796.7,25.2,6.2,41,4.0,4.4,4.4,8.1,5.8,4.6,642.68,6
9860,0,36-45,40,博士,15701.7,1438.0,19.8,9.3,50,5.0,2.5,5.0,6.8,4.7,4.4,243.89,3
9861,179,26-35,30,本科,11155.8,4791.9,54.9,4.1,96,2.4,6.1,8.2,2.6,3.9,3.3,1808.04,9
9862,86,55+,60,硕士,10008.0,1150.7,28.5,8.2,48,3.4,3.0,7.2,6.7,5.6,5.1,370.7,5
9863,106,26-35,30,本科,7619.3,2913.1,30.2,7.5,36,5.1,5.0,5.3,5.9,6.5,4.3,978.66,8
9864,3,18-25,22,高中及以下,4477.8,2518.1,29.5,7.6,59,4.7,5.2,5.8,7.4,5.9,4.7,680.64,7
9865,89,36-45,40,本科,9144.2,878.8,18.6,8.0,37,6.6,2.3,5.1,7.5,4.9,4.7,247.96,3
9866,138,36-45,40,高中及以下,4694.3,1413.3,16.5,8.1,5,6.6,2.9,9.0,8.9,4.5,6.0,334.79,4
9867,59,55+,60,硕士,16128.0,1940.0,21.5,8.5,62,6.2,3.3,5.4,5.0,5.2,4.0,393.68,5
9868,133,26-35,30,大专,4532.2,787.4,13.1,9.2,36,5.2,4.3,6.5,6.6,5.4,4.7,238.31,3
9869,17,18-25,22,博士,23777.1,1968.7,11.8,7.4,15,4.4,3.3,6.4,9.5,7.4,6.2,203.21,3
9870,113,36-45,40,博士,25407.7,5285.1,50.2,5.9,96,0.6,6.6,5.8,5.5,6.0,4.0,1742.79,9
9871,191,18-25,22,本科,7131.2,652.5,13.2,7.7,19,5.9,2.6,2.5,7.0,5.1,3.8,349.46,5
9872,185,26-35,30,大专,4368.5,1254.7,18.9,10.0,20,6.8,5.3,4.3,9.2,5.8,4.8,303.08,4
9873,166,46-55,50,本科,7583.4,2025.0,19.1,8.4,40,5.6,2.4,6.0,8.0,6.3,5.5,337.67,5
9874,106,55+,60,本科,7731.2,3239.8,36.6,8.3,43,4.8,5.2,5.2,9.6,4.9,4.9,978.66,8
9875,3,36-45,40,博士,14686.9,2219.8,30.9,7.2,59,4.4,3.6,3.2,6.0,5.7,3.7,680.64,7
9876,122,18-25,22,本科,11545.1,1461.1,21.5,9.0,34,4.1,5.2,6.0,6.9,4.2,4.1,603.53,6
9877,20,26-35,30,硕士,10697.6,2036.4,28.1,7.4,50,5.7,5.3,6.2,9.4,4.4,5.0,642.68,6
9878,50,18-25,22,本科,6755.7,863.3,14.9,9.8,26,3.1,3.6,5.8,8.9,6.3,5.5,205.22,3
9879,125,18-25,22,硕士,13389.3,4629.2,40.3,8.0,41,4.2,5.2,8.2,6.7,3.9,4.6,1326.71,8
9880,86,55+,60,高中及以下,3301.7,1489.5,19.2,8.1,29,5.7,2.3,3.5,8.6,7.0,5.1,370.7,5
9881,28,18-25,22,本科,8132.7,1119.0,12.2,8.4,25,6.3,2.5,5.3,10.0,6.3,5.8,81.4,0
9882,50,36-45,40,高中及以下,4194.8,1949.4,14.7,10.0,48,8.1,4.3,4.8,6.6,4.4,3.9,205.22,3
9883,71,26-35,30,高中及以下,2196.1,2969.8,25.6,6.7,56,4.0,5.6,5.8,7.7,5.2,4.5,690.93,7
9884,174,46-55,50,本科,6409.5,1090.3,14.6,8.3,10,4.5,1.4,2.7,10.0,6.4,5.3,195.72,2
9885,180,26-35,30,博士,16292.7,1829.2,23.6,9.2,35,5.6,2.0,6.6,8.9,5.5,5.7,277.46,4
9886,197,26-35,30,本科,5878.0,356.6,5.6,8.4,38,4.7,3.0,3.5,5.6,1.6,2.6,173.08,2
9887,173,55+,60,高中及以下,2993.0,1449.6,17.9,9.6,14,6.4,3.0,5.2,7.3,4.8,4.5,208.75,3
9888,189,46-55,50,本科,10344.1,840.7,18.2,9.7,16,6.0,2.6,6.0,6.8,1.8,3.8,32.63,0
9889,113,36-45,40,大专,6133.7,4495.3,59.7,5.9,107,4.2,7.5,6.6,6.2,5.6,4.2,1742.79,9
9890,113,36-45,40,本科,11930.4,5087.4,57.4,5.4,92,4.7,6.7,5.7,4.5,3.6,3.0,1742.79,9
9891,86,36-45,40,高中及以下,3108.3,2472.8,15.3,7.3,29,5.0,4.1,8.2,5.7,3.6,4.4,370.7,5
9892,68,36-45,40,本科,5503.2,1033.6,16.9,9.3,14,6.2,2.3,4.4,10.0,5.6,5.4,213.07,3
9893,135,26-35,30,大专,4866.2,2067.8,21.9,6.0,29,4.9,5.6,5.6,7.4,6.2,4.7,699.2,7
9894,162,55+,60,大专,3452.9,2737.6,20.8,10.0,52,5.5,3.6,5.1,6.5,4.8,4.2,472.76,6
9895,191,26-35,30,本科,6092.4,1446.6,18.5,8.3,21,5.3,4.2,5.0,4.9,3.7,3.3,349.46,5
9896,128,18-25,22,高中及以下,3301.8,200.0,5.0,8.7,41,6.4,4.7,5.6,10.0,6.2,5.6,163.96,2
9897,160,26-35,30,大专,5169.3,1439.5,11.5,8.7,5,6.8,2.3,3.2,10.0,7.4,5.6,56.0,0
9898,70,36-45,40,硕士,10949.2,573.2,14.8,9.3,40,5.7,2.6,2.9,5.9,4.4,3.4,213.02,3
9899,71,18-25,22,本科,10881.8,2243.2,35.2,8.4,66,4.6,4.1,3.0,7.4,3.3,3.3,690.93,7
9900,4,36-45,40,本科,7399.7,1063.6,13.0,6.9,19,5.6,2.3,8.2,5.8,6.4,5.5,117.43,1
9901,113,26-35,30,本科,14295.5,4390.2,55.9,5.5,84,1.8,5.7,5.3,6.4,3.6,3.6,1742.79,9
9902,132,18-25,22,博士,13797.1,920.2,24.7,7.6,20,5.0,1.7,6.0,7.4,5.0,5.0,51.3,0
9903,103,36-45,40,高中及以下,2224.7,513.9,17.9,8.4,30,7.5,1.7,2.7,6.0,5.5,3.8,66.53,0
9904,71,36-45,40,硕士,9064.6,2413.3,24.7,6.4,36,4.6,4.7,6.1,7.2,6.0,4.8,690.93,7
9905,162,36-45,40,本科,7930.7,1470.1,23.1,9.9,25,5.1,4.4,6.7,9.7,4.8,5.4,472.76,6
9906,133,26-35,30,本科,6147.9,1044.8,13.5,8.0,18,5.6,2.9,4.6,6.0,4.9,4.0,238.31,3
9907,188,26-35,30,高中及以下,2303.4,1259.5,19.6,8.6,5,3.6,3.9,4.9,7.7,4.4,4.3,63.64,0
9908,86,46-55,50,高中及以下,3865.7,1458.8,15.9,7.8,31,4.3,3.5,5.3,5.7,6.1,4.4,370.7,5
9909,179,18-25,22,本科,7756.3,4306.8,50.3,6.5,61,3.3,5.3,6.7,8.7,6.6,5.5,1808.04,9
9910,183,46-55,50,硕士,9915.6,2056.3,13.9,9.6,50,5.4,3.1,4.1,6.8,3.4,3.6,240.44,3
9911,162,18-25,22,本科,6741.6,1205.7,21.5,8.0,63,3.9,4.4,4.2,6.0,4.2,3.5,472.76,6
9912,125,26-35,30,博士,13232.3,4364.8,47.9,5.7,83,2.7,6.0,6.5,5.4,4.9,3.9,1326.71,8
9913,125,26-35,30,硕士,17941.4,4117.7,42.4,7.3,53,3.4,5.0,4.0,7.4,6.5,4.4,1326.71,8
9914,191,36-45,40,博士,15484.6,1739.7,9.6,8.6,48,5.3,2.5,6.7,6.6,8.4,5.8,349.46,5
9915,99,36-45,40,本科,4405.8,615.6,8.6,7.7,22,6.2,3.6,4.4,8.1,7.8,5.3,117.38,1
9916,106,26-35,30,本科,6411.8,2858.4,26.6,6.2,40,3.6,5.0,5.9,5.4,5.0,3.9,978.66,8
9917,179,26-35,30,本科,10575.6,5156.6,58.7,7.9,105,2.0,6.8,8.9,4.8,4.8,4.3,1808.04,9
9918,179,18-25,22,高中及以下,3901.8,5669.9,57.8,5.8,79,5.4,6.9,8.8,4.7,6.5,4.7,1808.04,9
9919,69,36-45,40,本科,7675.6,384.9,6.7,10.0,10,6.2,1.6,5.6,7.6,3.0,4.4,77.86,0
9920,159,26-35,30,大专,4285.9,1413.0,13.2,10.0,15,5.2,1.3,6.3,7.3,6.8,5.6,286.16,4
9921,113,36-45,40,高中及以下,4067.2,4825.5,57.4,4.1,85,0.5,8.1,8.1,6.4,8.0,5.3,1742.79,9
9922,145,55+,60,硕士,10328.3,1428.4,9.4,8.9,28,5.5,3.0,6.5,7.8,3.5,4.7,324.35,4
9923,114,55+,60,高中及以下,3301.5,991.1,20.9,9.8,35,5.3,1.8,4.5,8.7,6.2,5.3,122.44,1
9924,82,26-35,30,高中及以下,3543.8,2040.9,32.6,6.4,56,3.9,4.7,4.7,6.5,2.7,3.3,650.6,7
9925,46,36-45,40,高中及以下,3312.0,452.1,13.3,7.6,31,5.2,1.6,4.8,7.5,5.8,4.9,93.63,0
9926,71,26-35,30,大专,5324.0,2571.2,25.7,8.3,45,3.0,5.3,6.6,7.2,4.5,4.5,690.93,7
9927,17,18-25,22,高中及以下,5435.2,1550.3,18.0,7.6,53,6.6,2.4,3.4,4.8,2.4,2.7,203.21,3
9928,64,36-45,40,博士,16838.1,1078.6,12.2,7.9,29,4.3,2.6,6.3,10.0,5.7,5.9,334.46,4
9929,104,26-35,30,高中及以下,3284.9,1110.6,8.8,9.2,18,5.3,3.8,5.1,9.0,3.0,4.3,126.31,1
9930,112,18-25,22,博士,16300.8,940.9,13.2,9.5,31,4.7,3.5,6.2,6.9,3.3,4.2,157.63,1
9931,167,26-35,30,高中及以下,3040.7,2270.5,27.9,5.2,65,3.9,2.2,5.2,4.7,7.1,4.5,989.1,8
9932,9,18-25,22,高中及以下,2620.5,516.4,15.7,7.5,15,3.8,3.7,4.4,7.3,6.7,4.7,255.33,4
9933,7,36-45,40,硕士,10581.1,1422.5,11.5,7.8,50,5.2,1.7,7.4,9.9,9.2,7.3,319.72,4
9934,67,55+,60,高中及以下,3111.6,1739.0,6.1,7.3,49,3.5,3.1,8.5,7.5,4.9,5.5,404.86,5
9935,6,26-35,30,本科,10920.1,3045.8,30.0,8.4,31,6.2,4.8,6.8,6.9,5.7,4.9,719.97,7
9936,3,36-45,40,大专,5367.7,2982.7,22.0,7.6,7,4.8,4.1,5.5,7.1,5.5,4.6,680.64,7
9937,107,36-45,40,高中及以下,2882.1,1412.1,10.7,9.7,20,5.2,1.4,6.9,8.4,1.7,4.7,176.72,2
9938,118,26-35,30,本科,6848.1,1325.5,21.3,8.7,61,5.3,3.8,5.5,6.2,3.2,3.7,465.37,6
9939,59,26-35,30,本科,7608.9,1506.9,20.6,7.6,37,4.9,4.4,2.9,7.3,4.9,3.7,393.68,5
9940,183,26-35,30,硕士,11613.5,876.9,13.2,8.2,24,7.1,3.3,5.3,9.9,5.1,5.3,240.44,3
9941,145,36-45,40,高中及以下,3919.3,1118.4,25.8,8.0,44,5.0,3.8,4.0,8.7,4.3,4.3,324.35,4
9942,15,46-55,50,高中及以下,3231.0,267.8,13.3,10.0,24,5.3,3.1,3.4,8.9,6.1,4.8,84.58,0
9943,186,36-45,40,大专,5104.7,1561.5,14.9,10.0,32,6.6,5.0,4.1,8.5,6.4,4.7,238.23,3
9944,125,36-45,40,高中及以下,4546.8,4347.7,39.4,7.6,66,3.9,7.0,9.0,7.6,3.4,4.7,1326.71,8
9945,31,55+,60,本科,8795.8,2315.6,36.9,8.3,60,3.5,4.9,4.7,5.4,7.3,4.3,946.03,7
9946,20,46-55,50,硕士,11557.0,1675.3,23.7,7.2,46,5.2,3.2,6.1,8.3,5.8,5.3,642.68,6
9947,27,46-55,50,本科,6133.7,1549.7,20.0,8.3,30,6.1,3.0,2.5,8.0,5.9,4.3,216.09,3
9948,113,46-55,50,高中及以下,4087.9,5180.9,55.4,4.1,70,2.8,6.1,8.6,5.0,2.7,3.8,1742.79,9
9949,107,46-55,50,高中及以下,2366.8,1189.7,16.6,8.4,30,6.9,1.7,7.7,7.9,6.6,6.1,176.72,2
9950,176,36-45,40,本科,6836.3,1043.3,11.0,8.8,29,5.7,3.5,4.4,8.3,6.0,4.8,150.36,1
9951,34,26-35,30,本科,10633.7,2158.3,16.1,9.5,46,5.3,3.9,7.8,4.5,6.7,4.9,337.83,5
9952,60,26-35,30,硕士,10660.5,857.1,12.4,9.3,27,5.9,2.4,8.7,9.0,7.1,6.7,91.91,0
9953,160,36-45,40,大专,4320.7,282.6,10.6,7.1,20,6.5,3.0,5.7,5.9,6.4,4.7,56.0,0
9954,108,46-55,50,高中及以下,2660.6,363.2,12.8,9.4,5,7.1,1.5,3.7,6.0,7.2,4.6,192.01,2
9955,125,36-45,40,高中及以下,2813.4,3521.1,41.0,6.0,50,3.8,6.1,5.4,4.5,3.9,3.1,1326.71,8
9956,90,46-55,50,硕士,9538.2,347.8,15.5,9.1,5,5.3,3.7,6.3,5.6,5.1,4.3,163.54,2
9957,91,36-45,40,本科,7729.6,459.7,22.8,7.1,34,4.7,3.3,4.0,7.3,6.7,4.7,390.98,5
9958,192,36-45,40,本科,7437.0,749.0,24.1,7.8,14,6.0,2.5,3.6,8.2,5.4,4.6,183.85,2
9959,180,46-55,50,硕士,10001.6,1442.3,21.9,5.9,19,4.1,2.4,6.9,9.0,4.8,5.6,277.46,4
9960,137,55+,60,博士,15399.3,730.7,14.4,9.2,33,4.7,4.2,4.2,6.8,2.2,3.2,107.55,1
9961,62,36-45,40,本科,9078.1,669.0,9.8,7.7,18,5.1,1.6,7.5,8.5,4.6,5.7,49.09,0
9962,162,46-55,50,大专,6317.3,2164.0,22.6,8.7,31,3.4,2.9,3.7,7.8,4.8,4.2,472.76,6
9963,117,46-55,50,本科,6274.5,1888.6,12.9,9.1,37,3.9,4.9,5.4,6.2,7.7,4.8,46.12,0
9964,127,46-55,50,硕士,9335.7,1252.3,13.3,8.9,11,6.3,3.7,2.4,10.0,6.0,4.7,84.24,0
9965,125,55+,60,大专,5382.6,2984.4,43.2,6.5,83,3.7,5.1,6.0,5.5,5.0,4.0,1326.71,8
9966,5,46-55,50,高中及以下,3181.4,309.4,18.7,9.4,17,5.3,2.1,4.6,7.3,3.9,4.2,117.43,1
9967,39,18-25,22,本科,8035.9,887.7,14.0,9.8,55,6.7,2.1,5.4,8.8,6.6,5.6,180.7,2
9968,86,18-25,22,博士,13844.2,1510.3,19.0,9.5,25,5.0,4.2,6.4,9.2,3.7,4.9,370.7,5
9969,9,26-35,30,高中及以下,2376.9,530.3,5.0,7.3,9,5.2,4.2,4.8,5.4,4.0,3.5,255.33,4
9970,143,46-55,50,本科,5590.0,1305.9,16.8,8.2,39,5.3,2.1,6.3,8.3,5.3,5.4,178.51,2
9971,54,18-25,22,本科,10470.7,1784.1,24.6,8.1,51,4.0,2.8,5.3,6.9,5.9,4.8,416.13,5
9972,180,26-35,30,硕士,13549.6,841.6,24.8,10.0,24,7.2,3.1,5.9,5.9,7.5,5.1,277.46,4
9973,177,55+,60,高中及以下,5030.0,2310.2,27.0,8.1,45,6.1,2.8,6.5,8.5,6.6,5.8,634.94,6
9974,125,26-35,30,大专,5319.9,3376.6,44.7,4.9,98,2.2,6.6,7.5,4.6,4.4,3.8,1326.71,8
9975,54,26-35,30,本科,7132.9,832.5,31.3,8.5,11,5.0,1.6,5.9,4.8,6.7,4.7,416.13,5
9976,131,36-45,40,高中及以下,2555.3,1345.6,21.3,6.2,27,6.5,2.5,4.2,6.7,5.6,4.4,158.95,1
9977,32,55+,60,高中及以下,2650.2,822.7,21.0,8.6,32,6.3,1.3,7.3,7.6,5.2,5.6,146.42,1
9978,106,36-45,40,本科,11937.8,3358.0,25.0,7.2,65,4.9,4.8,6.7,7.1,7.6,5.4,978.66,8
9979,70,46-55,50,硕士,7234.5,1163.5,13.7,8.0,26,3.3,3.3,6.0,9.3,6.5,5.8,213.02,3
9980,73,18-25,22,博士,19317.2,2046.0,28.6,8.7,32,2.4,3.7,5.8,5.0,7.2,4.6,709.56,7
9981,67,46-55,50,本科,8915.3,1708.4,13.3,8.7,57,5.8,2.1,5.4,4.1,5.2,3.9,404.86,5
9982,65,26-35,30,高中及以下,3533.0,2773.2,23.7,6.2,36,6.8,4.9,4.9,4.6,5.5,3.6,576.08,6
9983,111,36-45,40,本科,4867.1,1128.4,12.3,8.5,27,5.9,2.6,3.8,8.3,7.5,5.2,144.53,1
9984,75,26-35,30,大专,8175.1,1178.7,18.7,5.7,21,6.2,3.0,6.3,6.4,5.5,4.8,337.61,5
9985,59,36-45,40,硕士,11011.9,1182.1,27.6,6.2,33,5.3,2.4,6.0,6.8,8.6,5.8,393.68,5
9986,54,36-45,40,高中及以下,3962.8,1808.4,31.8,8.6,21,6.0,5.2,6.4,7.5,4.4,4.5,416.13,5
9987,161,18-25,22,高中及以下,2845.1,740.8,21.6,9.1,21,5.9,4.1,5.4,5.3,5.2,4.0,326.06,4
9988,24,26-35,30,大专,4016.7,324.3,5.0,7.3,27,5.7,3.2,3.6,6.8,4.1,3.7,86.11,0
9989,82,55+,60,本科,8791.4,3028.9,27.2,7.6,49,4.7,1.7,5.1,8.6,8.2,6.0,650.6,7
9990,156,55+,60,本科,6998.9,3079.5,35.7,6.4,81,3.8,5.5,4.0,5.8,1.0,2.3,958.89,8
9991,43,18-25,22,本科,8883.4,1364.2,11.3,8.6,41,5.6,2.4,5.9,6.2,6.2,4.9,109.83,1
9992,73,36-45,40,本科,12488.3,2811.9,20.5,8.1,50,3.8,6.6,8.4,7.1,5.9,5.2,709.56,7
9993,3,26-35,30,高中及以下,4109.6,1356.5,27.9,7.0,48,3.4,3.2,3.7,4.6,5.0,3.3,680.64,7
9994,156,26-35,30,本科,10931.4,3760.0,40.5,6.0,29,3.8,5.8,6.4,4.8,6.6,4.3,958.89,8
9995,161,26-35,30,高中及以下,2850.6,2413.8,23.1,8.8,35,4.1,3.1,5.8,10.0,4.9,5.5,326.06,4
9996,118,46-55,50,大专,4815.7,1549.8,19.0,9.4,18,3.7,3.8,7.9,7.1,4.5,5.0,465.37,6
9997,131,18-25,22,本科,8149.3,501.0,18.8,8.9,5,6.0,3.4,2.6,8.9,6.5,4.7,158.95,1
9998,51,36-45,40,本科,7043.9,592.0,17.9,8.7,7,5.4,3.0,4.8,7.1,4.8,4.3,100.98,0
9999,137,26-35,30,本科,7063.8,675.9,12.2,9.0,40,3.0,1.5,1.4,6.8,3.5,3.1,107.55,1
