city_i,city_j,distance_km,flow_people,flow_capital_million,info_flow_index,supply_chain_strength,co_patents,gravity_score
0,1,2240.4,26,0.12,0.35,0.0,0,0.33
0,2,642.7,447,5.25,12.59,0.093,0,10.62
0,3,3071.6,75,0.56,0.5,0.0,0,1.01
0,4,2620.9,11,0.05,0.11,0.0,0,0.14
0,5,2566.7,11,0.1,0.2,0.0,0,0.15
0,6,2575.4,114,1.02,0.74,0.0,0,1.25
0,7,3370.8,30,0.46,0.13,0.0,0,0.72
0,8,2954.2,7,0.05,0.06,0.0,0,0.12
0,9,866.4,146,1.74,10.99,0.052,0,2.3
0,10,3128.1,7,0.08,0.07,0.0,0,0.15
0,11,1309.3,26,0.05,1.32,0.007,0,0.26
0,12,1840.3,14,0.21,1.05,0.001,0,0.4
0,13,3522.3,0,0.01,0.0,0.0,0,0.01
0,14,2755.2,2,0.02,0.03,0.0,0,0.03
0,15,2654.9,3,0.06,0.11,0.0,0,0.11
0,16,1196.2,13,0.16,0.92,0.01,0,0.17
0,17,1784.8,19,0.41,1.84,0.001,0,0.64
0,18,628.6,114,1.34,3.16,0.063,0,1.46
0,19,1646.7,7,0.09,0.27,0.002,0,0.11
0,20,1573.2,104,1.48,5.73,0.004,0,1.66
0,21,2584.1,29,0.12,0.13,0.0,0,0.3
0,22,1442.0,17,0.21,2.2,0.001,0,0.38
0,23,3101.2,1,0.02,0.02,0.0,0,0.04
0,24,1131.2,36,0.38,3.17,0.007,0,0.54
0,25,1229.2,147,0.88,3.21,0.009,0,1.72
0,26,3898.6,0,0.01,0.01,0.0,0,0.02
0,27,3411.3,18,0.16,0.07,0.0,0,0.25
0,28,2448.3,2,0.14,0.15,0.0,0,0.23
0,29,3465.5,3,0.03,0.03,0.0,0,0.06
0,30,1678.8,9,0.25,0.64,0.001,0,0.29
0,31,3276.1,68,1.14,0.43,0.0,0,1.42
0,32,1318.7,6,0.26,1.91,0.007,0,0.43
0,33,3230.2,1,0.02,0.03,0.0,0,0.03
0,34,1427.9,176,0.7,7.73,0.001,0,2.42
0,35,2490.0,3,0.07,0.07,0.0,0,0.11
0,36,1811.5,15,0.06,1.44,0.002,0,0.39
0,37,2340.2,3,0.04,0.07,0.0,0,0.07
0,38,562.2,45,0.85,5.74,0.052,0,1.53
0,39,3103.4,15,0.51,0.09,0.0,0,0.52
0,40,2959.1,34,0.22,0.28,0.0,0,0.38
0,41,2624.2,25,0.09,0.2,0.0,0,0.31
0,42,2097.9,13,0.13,0.32,0.001,0,0.19
0,43,2252.1,26,0.15,0.24,0.0,0,0.29
0,44,3362.7,1,0.01,0.01,0.0,0,0.02
0,45,3111.9,10,0.07,0.02,0.0,0,0.11
0,46,3597.8,3,0.03,0.01,0.0,0,0.05
0,47,3607.0,36,0.17,0.04,0.0,0,0.38
0,48,378.9,505,2.64,37.68,0.166,0,7.13
0,49,3923.4,0,0.01,0.0,0.0,0,0.02
0,50,3360.8,4,0.05,0.06,0.0,0,0.12
0,51,882.0,11,0.17,3.86,0.014,0,0.32
0,52,4174.6,2,0.01,0.01,0.0,0,0.04
0,53,3012.0,8,0.66,0.14,0.0,0,0.7
0,54,372.7,652,6.7,79.48,0.037,1,15.58
0,55,3204.9,10,0.44,0.15,0.0,0,0.55
0,56,2875.2,7,0.06,0.05,0.0,0,0.08
0,57,3120.6,12,0.04,0.06,0.0,0,0.18
0,58,1422.6,36,0.88,2.86,0.007,0,1.03
0,59,1639.7,45,1.28,5.97,0.002,0,1.64
0,60,3115.6,11,0.06,0.07,0.0,0,0.27
0,61,2733.7,1,0.06,0.2,0.0,0,0.14
0,62,1223.3,11,0.11,0.89,0.011,0,0.15
0,63,2210.4,1,0.01,0.11,0.0,0,0.06
0,64,1412.2,119,1.02,5.05,0.005,0,1.43
0,65,1810.9,23,0.68,1.58,0.002,0,0.99
0,66,3409.4,10,0.1,0.03,0.0,0,0.17
0,67,511.5,504,3.93,33.43,0.049,1,6.19
0,68,2811.7,15,0.17,0.16,0.0,0,0.22
0,69,2527.7,15,0.03,0.11,0.0,0,0.18
0,70,2103.7,14,0.08,0.6,0.001,0,0.45
0,71,1857.2,26,0.5,3.84,0.001,0,1.71
0,72,2866.7,38,0.36,0.12,0.0,0,0.52
0,73,1185.1,316,7.41,15.78,0.015,0,12.1
0,74,3140.6,5,0.04,0.01,0.0,0,0.06
0,75,2896.6,14,0.15,0.38,0.0,0,0.52
0,76,1634.3,51,0.38,1.03,0.002,0,0.7
0,77,2956.7,0,0.06,0.11,0.0,0,0.07
0,78,1224.8,139,0.28,1.71,0.015,0,1.45
0,79,3263.4,1,0.01,0.01,0.0,0,0.03
0,80,2591.0,2,0.09,0.23,0.0,0,0.13
0,81,3873.1,12,0.09,0.02,0.0,0,0.18
0,82,3470.9,26,0.09,0.12,0.0,0,0.81
0,83,2698.5,11,0.18,0.1,0.0,0,0.2
0,84,1457.3,4,0.08,1.44,0.002,0,0.24
0,85,3272.6,8,0.21,0.05,0.0,0,0.24
0,86,798.5,125,1.17,21.99,0.038,0,3.56
0,87,2516.8,14,0.11,0.33,0.0,0,0.23
0,88,2729.3,5,0.08,0.12,0.0,0,0.11
0,89,2025.4,68,0.34,1.05,0.001,0,1.13
0,90,2150.0,30,0.19,0.77,0.0,0,0.35
0,91,3342.6,53,0.13,0.09,0.0,0,0.54
0,92,1797.8,13,0.35,0.38,0.002,0,0.4
0,93,1280.4,14,0.16,2.82,0.004,0,0.9
0,94,3089.0,7,0.07,0.04,0.0,0,0.1
0,95,3023.2,5,0.01,0.01,0.0,0,0.07
0,96,2954.6,4,0.06,0.09,0.0,0,0.28
0,97,2922.2,17,0.15,0.16,0.0,0,0.22
0,98,1052.7,13,0.39,4.43,0.017,0,1.27
0,99,2693.2,15,0.05,0.19,0.0,0,0.2
0,100,2383.4,4,0.05,0.1,0.0,0,0.07
0,101,3570.5,5,0.07,0.01,0.0,0,0.23
0,102,3122.8,14,0.03,0.03,0.0,0,0.19
0,103,1721.9,12,0.12,0.77,0.002,0,0.14
0,104,1975.9,13,0.16,0.65,0.001,0,0.19
0,105,1426.1,13,0.33,2.4,0.004,0,0.53
0,106,2397.0,434,2.61,1.99,0.0,0,5.48
0,107,602.8,96,0.81,11.48,0.001,0,1.32
0,108,1141.8,45,0.59,4.23,0.008,0,0.98
0,109,1221.2,62,0.54,1.71,0.007,0,0.77
0,110,2029.5,4,0.03,0.09,0.001,0,0.1
0,111,3378.2,14,0.05,0.04,0.0,0,0.15
0,112,2358.3,14,0.21,0.22,0.0,0,0.22
0,113,833.5,1535,16.69,55.91,0.024,0,18.55
0,114,919.3,33,1.45,3.6,0.027,0,2.17
0,115,1596.1,53,0.53,2.19,0.001,0,0.72
0,116,3384.2,17,0.18,0.04,0.0,0,0.21
0,117,1881.6,8,0.13,0.28,0.001,0,0.14
0,118,1906.8,96,0.55,3.79,0.002,0,1.07
0,119,2443.5,105,0.19,0.38,0.0,0,1.06
0,120,1708.6,55,0.54,1.46,0.001,0,0.61
0,121,1177.8,20,0.4,1.38,0.017,0,0.49
0,122,1451.6,331,0.67,7.31,0.007,0,3.69
0,123,1951.2,10,0.06,0.19,0.001,0,0.19
0,124,2605.0,17,0.36,0.22,0.0,0,0.52
0,125,713.7,527,7.21,66.84,0.02,1,22.07
0,126,1784.5,5,0.14,0.44,0.002,0,0.16
0,127,3563.1,10,0.03,0.03,0.0,0,0.11
0,128,3575.5,21,0.22,0.04,0.0,0,0.36
0,129,2276.1,4,0.26,0.31,0.0,0,0.28
0,130,2854.6,6,0.04,0.03,0.0,0,0.07
0,131,3796.8,7,0.23,0.01,0.0,0,0.29
0,132,777.5,23,0.55,4.82,0.013,0,0.55
0,133,3465.3,39,0.46,0.07,0.0,0,0.55
0,134,3116.5,6,0.05,0.04,0.0,0,0.09
0,135,2314.3,119,1.18,1.1,0.0,0,1.55
0,136,1602.2,4,0.04,0.63,0.001,0,0.19
0,137,2967.7,3,0.1,0.04,0.0,0,0.16
0,138,2520.9,13,0.47,0.62,0.0,0,0.59
0,139,1443.6,17,0.2,0.57,0.002,0,0.22
0,140,2254.8,24,0.27,0.4,0.0,0,0.47
0,141,2720.4,22,0.12,0.64,0.0,0,0.77
0,142,3024.1,4,0.03,0.01,0.0,0,0.05
0,143,2941.5,15,0.03,0.12,0.0,0,0.16
0,144,1128.9,39,0.44,4.31,0.016,0,0.93
0,145,1622.8,62,0.4,3.44,0.002,0,0.71
0,146,2766.7,7,0.09,0.05,0.0,0,0.1
0,147,1867.8,2,0.12,0.32,0.0,0,0.14
0,148,1947.1,6,0.07,0.96,0.001,0,0.46
0,149,2896.5,7,0.16,0.28,0.0,0,0.34
0,150,2167.4,18,0.1,0.57,0.0,0,0.37
0,151,1383.0,57,0.17,2.83,0.007,0,0.91
0,152,3876.6,3,0.04,0.01,0.0,0,0.04
0,153,2066.9,11,0.2,0.56,0.001,0,0.56
0,154,2967.2,32,0.32,0.2,0.0,0,0.33
0,155,2559.3,7,0.08,0.08,0.0,0,0.09
0,156,1545.6,163,1.36,13.78,0.005,0,2.98
0,157,1794.4,60,0.76,1.64,0.001,0,0.86
0,158,1880.7,24,0.08,0.32,0.002,0,0.28
0,159,2717.1,31,0.35,0.24,0.0,0,0.55
0,160,2062.8,2,0.18,0.15,0.001,0,0.2
0,161,2216.2,21,0.43,0.65,0.0,0,0.47
0,162,3072.3,47,0.68,0.21,0.0,0,0.8
0,163,3743.4,1,0.02,0.01,0.0,0,0.04
0,164,1749.9,126,0.49,1.23,0.001,0,2.03
0,165,2648.8,17,0.13,0.38,0.0,0,0.58
0,166,3261.0,49,0.08,0.22,0.0,0,0.62
0,167,840.8,569,10.69,51.36,0.014,0,24.43
0,168,2302.0,14,0.13,0.37,0.0,0,0.23
0,169,2772.9,3,0.06,0.07,0.0,0,0.13
0,170,2498.7,5,0.03,0.11,0.0,0,0.07
0,171,2990.0,7,0.09,0.03,0.0,0,0.11
0,172,3261.8,8,0.15,0.07,0.0,0,0.18
0,173,848.9,143,2.01,10.65,0.011,0,2.62
0,174,2752.0,21,0.13,0.18,0.0,0,0.26
0,175,1412.4,95,1.04,2.44,0.008,0,1.31
0,176,2631.1,11,0.13,0.14,0.0,0,0.39
0,177,1989.6,39,0.99,2.64,0.001,0,2.18
0,178,2989.5,1,0.06,0.06,0.0,0,0.12
0,179,1929.6,486,4.41,4.35,0.001,0,5.7
0,180,2414.0,76,0.37,0.34,0.0,0,0.83
0,181,3048.1,1,0.03,0.02,0.0,0,0.06
0,182,1102.7,45,0.39,0.75,0.006,0,0.54
0,183,1341.2,54,0.55,2.86,0.005,0,1.47
0,184,3576.9,14,0.17,0.02,0.0,0,0.17
0,185,3900.0,9,0.25,0.02,0.0,0,0.33
0,186,474.3,378,0.43,26.41,0.136,0,3.87
0,187,2039.9,28,0.27,0.57,0.0,0,0.33
0,188,1262.6,41,0.27,1.38,0.006,0,0.59
0,189,2106.8,1,0.06,0.08,0.001,0,0.07
0,190,2568.4,8,0.05,0.07,0.0,0,0.15
0,191,631.2,321,3.11,13.47,0.07,0,5.67
0,192,817.7,47,0.47,12.42,0.037,0,1.16
0,193,2372.4,1,0.03,0.06,0.0,0,0.09
0,194,3149.9,3,0.07,0.07,0.0,0,0.1
0,195,3034.5,5,0.2,0.11,0.0,0,0.25
0,196,1696.2,2,0.09,0.37,0.001,0,0.15
0,197,1535.6,5,0.07,3.4,0.003,0,0.48
0,198,2548.3,8,0.04,0.3,0.0,0,0.14
0,199,3404.4,7,0.08,0.02,0.0,0,0.1
1,2,2857.1,25,0.5,0.18,0.0,0,0.84
1,3,1124.1,471,3.74,10.89,0.009,0,5.75
1,4,1973.7,1,0.06,0.34,0.001,0,0.08
1,5,1204.8,3,0.02,1.23,0.008,0,0.19
1,6,2397.3,17,0.23,0.79,0.0,0,0.62
1,7,1376.3,45,0.47,2.87,0.001,0,0.69
1,8,3263.2,1,0.01,0.02,0.0,0,0.04
1,9,1387.7,25,0.18,2.0,0.009,0,0.31
1,10,1561.6,32,0.08,0.6,0.002,0,0.38
1,11,1335.3,19,0.03,0.7,0.001,0,0.29
1,12,2455.9,5,0.07,0.12,0.0,0,0.13
1,13,3260.7,0,0.01,0.01,0.0,0,0.02
1,14,3647.2,0,0.01,0.0,0.0,0,0.02
1,15,1231.1,5,0.11,1.36,0.007,0,0.12
1,16,1287.1,20,0.41,0.68,0.004,0,0.46
1,17,3040.2,37,0.09,0.06,0.0,0,0.54
1,18,2127.2,1,0.03,0.11,0.001,0,0.05
1,19,2700.5,0,0.01,0.02,0.0,0,0.02
1,20,2605.7,38,0.54,0.35,0.0,0,0.8
1,21,1110.1,11,0.24,1.53,0.01,0,0.33
1,22,2961.2,3,0.03,0.04,0.0,0,0.06
1,23,1584.1,15,0.02,0.31,0.001,0,0.19
1,24,1115.1,24,0.26,0.9,0.021,0,0.53
1,25,1819.5,15,0.15,0.53,0.001,0,0.15
1,26,3115.6,0,0.01,0.01,0.0,0,0.02
1,27,1660.8,14,0.33,1.12,0.002,0,0.96
1,28,3610.7,2,0.03,0.01,0.0,0,0.03
1,29,1391.5,4,0.08,0.49,0.007,0,0.09
1,30,2014.5,6,0.08,0.12,0.0,0,0.15
1,31,1064.0,310,1.33,20.23,0.022,0,5.54
1,32,2105.2,8,0.02,0.25,0.0,0,0.17
1,33,1061.3,9,0.14,0.75,0.002,0,0.22
1,34,3286.8,10,0.2,0.05,0.0,0,0.21
1,35,1669.2,2,0.05,0.25,0.003,0,0.15
1,36,2354.6,8,0.05,0.22,0.0,0,0.1
1,37,1768.5,0,0.05,0.06,0.001,0,0.06
1,38,1864.5,7,0.08,0.09,0.001,0,0.08
1,39,3473.5,3,0.05,0.02,0.0,0,0.07
1,40,4355.3,6,0.16,0.01,0.0,0,0.16
1,41,1704.0,17,0.2,1.16,0.002,0,0.23
1,42,1392.7,30,0.07,1.08,0.004,0,0.45
1,43,1079.8,13,0.26,1.57,0.007,0,0.57
1,44,1686.7,3,0.03,0.2,0.003,0,0.04
1,45,889.4,16,0.14,1.21,0.011,0,0.2
1,46,1512.1,16,0.15,0.35,0.004,0,0.28
1,47,2135.4,9,0.08,0.86,0.0,0,0.32
1,48,2087.2,19,0.15,0.26,0.0,0,0.45
1,49,2701.7,2,0.06,0.02,0.0,0,0.06
1,50,2312.5,19,0.3,0.25,0.0,0,0.42
1,51,2716.6,6,0.04,0.06,0.0,0,0.1
1,52,2024.5,3,0.02,0.16,0.001,0,0.08
1,53,1135.3,44,0.29,3.76,0.01,0,0.49
1,54,2058.9,52,0.39,0.73,0.0,0,0.56
1,55,1268.8,92,0.82,4.94,0.004,0,1.12
1,56,813.0,20,0.3,1.55,0.046,0,0.37
1,57,2545.1,9,0.1,0.06,0.0,0,0.15
1,58,2317.0,14,0.2,0.27,0.0,0,0.4
1,59,1252.1,125,0.93,2.22,0.003,0,1.42
1,60,3207.3,3,0.04,0.03,0.0,0,0.09
1,61,3042.2,3,0.03,0.05,0.0,0,0.08
1,62,2170.0,11,0.2,0.08,0.0,0,0.21
1,63,2442.3,1,0.02,0.08,0.0,0,0.03
1,64,1747.1,64,0.65,1.0,0.001,0,0.74
1,65,2174.2,22,0.34,1.37,0.0,0,0.67
1,66,1894.5,10,0.08,0.66,0.0,0,0.11
1,67,2267.2,21,0.07,0.53,0.0,0,0.34
1,68,655.2,153,3.32,5.78,0.079,0,5.0
1,69,3077.0,2,0.01,0.03,0.0,0,0.03
1,70,2539.4,17,0.03,0.11,0.0,0,0.18
1,71,1040.8,381,3.83,12.66,0.023,0,3.9
1,72,1696.4,15,0.04,0.43,0.003,0,0.17
1,73,1213.1,80,0.2,5.55,0.006,0,1.4
1,74,2654.6,1,0.01,0.01,0.0,0,0.02
1,75,2176.1,53,0.51,0.35,0.0,0,0.59
1,76,2296.3,19,0.06,0.24,0.0,0,0.32
1,77,4340.4,8,0.07,0.0,0.0,0,0.12
1,78,3051.1,5,0.04,0.05,0.0,0,0.23
1,79,2074.8,0,0.01,0.04,0.0,0,0.06
1,80,2987.9,3,0.06,0.04,0.0,0,0.09
1,81,1703.3,16,0.04,0.68,0.003,0,0.19
1,82,1320.4,116,0.36,7.41,0.004,0,1.92
1,83,3162.7,4,0.04,0.04,0.0,0,0.05
1,84,2599.1,2,0.02,0.05,0.0,0,0.03
1,85,1073.4,6,0.27,1.88,0.004,0,0.35
1,86,1630.0,50,0.24,1.29,0.0,0,0.53
1,87,1366.6,25,0.35,0.93,0.004,0,0.36
1,88,695.7,9,0.03,1.86,0.059,0,0.29
1,89,3347.3,1,0.14,0.04,0.0,0,0.17
1,90,1741.5,21,0.17,0.59,0.002,0,0.27
1,91,1912.8,6,0.08,0.64,0.001,0,0.32
1,92,704.6,63,0.47,2.19,0.056,0,1.05
1,93,1198.7,24,0.22,1.11,0.014,0,0.27
1,94,1898.0,23,0.05,0.43,0.002,0,0.29
1,95,2338.8,1,0.03,0.04,0.0,0,0.04
1,96,2535.7,15,0.04,0.17,0.0,0,0.24
1,97,3221.3,15,0.14,0.06,0.0,0,0.18
1,98,1195.5,10,0.22,2.1,0.009,0,0.44
1,99,2088.6,5,0.07,0.29,0.0,0,0.07
1,100,361.2,34,0.32,2.42,0.143,0,0.81
1,101,2283.8,7,0.08,0.15,0.0,0,0.12
1,102,1592.3,15,0.21,0.31,0.002,0,0.3
1,103,1949.5,8,0.09,0.17,0.0,0,0.1
1,104,578.5,98,0.22,3.01,0.057,0,1.23
1,105,2612.7,7,0.17,0.42,0.0,0,0.18
1,106,2006.9,54,0.54,3.81,0.001,0,1.08
1,107,2525.3,6,0.02,0.09,0.0,0,0.09
1,108,2183.9,40,0.38,0.3,0.001,0,0.46
1,109,1167.7,10,0.5,2.1,0.005,0,0.58
1,110,3099.1,0,0.01,0.01,0.0,0,0.01
1,111,2245.8,14,0.15,0.25,0.0,0,0.24
1,112,448.0,70,0.83,5.39,0.123,0,1.64
1,113,2295.7,139,0.49,1.34,0.0,0,1.76
1,114,1424.7,19,0.07,0.99,0.004,0,0.23
1,115,644.3,108,1.28,6.98,0.042,0,1.7
1,116,2902.6,6,0.05,0.05,0.0,0,0.08
1,117,1534.6,3,0.01,0.3,0.001,0,0.08
1,118,3104.6,64,0.59,0.14,0.0,0,1.0
1,119,2460.2,18,0.29,0.58,0.0,0,0.3
1,120,1710.8,63,0.43,1.88,0.002,0,0.71
1,121,1172.6,3,0.01,1.02,0.002,0,0.05
1,122,798.6,432,2.72,15.86,0.046,0,5.2
1,123,882.9,5,0.04,0.82,0.05,0,0.1
1,124,2450.2,12,0.07,0.55,0.0,0,0.24
1,125,2276.2,25,0.47,1.57,0.0,0,2.3
1,126,576.3,55,0.6,1.7,0.061,0,0.93
1,127,1520.5,9,0.05,0.44,0.003,0,0.22
1,128,1337.6,45,0.18,1.03,0.007,0,0.5
1,129,1810.9,14,0.07,0.53,0.001,0,0.15
1,130,4130.7,1,0.02,0.0,0.0,0,0.03
1,131,1717.3,48,0.5,0.74,0.003,0,0.51
1,132,1513.8,4,0.07,0.22,0.001,0,0.1
1,133,2093.7,6,0.05,0.47,0.0,0,0.13
1,134,2219.2,7,0.05,0.09,0.0,0,0.1
1,135,2893.7,16,0.36,0.52,0.0,0,0.73
1,136,1182.4,16,0.15,0.82,0.006,0,0.16
1,137,1885.6,7,0.02,0.38,0.001,0,0.13
1,138,1840.5,11,0.14,0.84,0.001,0,0.59
1,139,2580.8,3,0.03,0.03,0.0,0,0.05
1,140,1320.5,29,0.34,1.05,0.004,0,0.41
1,141,3759.5,19,0.13,0.04,0.0,0,0.28
1,142,888.5,8,0.05,0.65,0.014,0,0.13
1,143,3234.7,2,0.01,0.03,0.0,0,0.06
1,144,1156.8,106,1.36,1.74,0.014,0,1.36
1,145,2700.0,18,0.1,0.15,0.0,0,0.25
1,146,3377.7,1,0.03,0.0,0.0,0,0.03
1,147,941.4,7,0.03,0.63,0.035,0,0.09
1,148,2888.8,14,0.09,0.11,0.0,0,0.3
1,149,811.1,49,0.1,7.11,0.004,0,0.9
1,150,1279.0,2,0.07,1.84,0.009,0,0.23
1,151,2439.4,7,0.14,0.22,0.0,0,0.16
1,152,1746.9,7,0.23,0.33,0.002,0,0.4
1,153,1969.0,24,0.22,0.79,0.001,0,0.71
1,154,2783.9,23,0.2,0.08,0.0,0,0.24
1,155,347.5,156,0.37,5.77,0.146,0,2.16
1,156,772.4,38,1.17,13.42,0.037,0,3.05
1,157,2998.9,16,0.18,0.09,0.0,0,0.18
1,158,1837.2,2,0.02,0.2,0.0,0,0.09
1,159,1199.7,136,1.31,3.83,0.008,0,1.92
1,160,387.3,22,0.18,3.53,0.051,0,0.3
1,161,591.0,183,2.37,10.71,0.084,0,2.87
1,162,1636.2,78,0.4,4.7,0.003,0,0.8
1,163,1512.6,2,0.03,0.33,0.004,0,0.1
1,164,1680.6,23,0.85,2.29,0.001,0,1.51
1,165,1108.7,39,0.45,2.62,0.008,0,0.5
1,166,1369.2,25,0.24,1.95,0.006,0,0.43
1,167,2509.7,88,0.55,0.56,0.0,0,0.9
1,168,1155.7,13,0.14,1.51,0.005,0,0.27
1,169,2946.9,1,0.04,0.01,0.0,0,0.09
1,170,302.8,31,0.72,4.68,0.228,0,1.02
1,171,1174.4,24,0.14,1.26,0.008,0,0.25
1,172,3067.4,9,0.16,0.05,0.0,0,0.18
1,173,2863.8,40,0.1,0.09,0.0,0,0.46
1,174,1128.0,113,0.26,2.62,0.017,0,1.55
1,175,2125.2,6,0.05,0.4,0.0,0,0.23
1,176,2587.5,2,0.09,0.08,0.0,0,0.09
1,177,3126.3,19,0.24,0.17,0.0,0,0.53
1,178,890.9,6,0.09,1.46,0.027,0,0.19
1,179,1085.8,205,0.98,13.13,0.018,0,2.44
1,180,312.7,185,3.48,24.91,0.121,1,6.54
1,181,1188.9,3,0.12,0.44,0.008,0,0.32
1,182,2032.8,6,0.12,0.18,0.001,0,0.13
1,183,2048.5,29,0.5,0.82,0.0,0,0.51
1,184,2556.8,4,0.06,0.1,0.0,0,0.08
1,185,2755.5,38,0.43,0.15,0.0,0,0.45
1,186,1861.3,11,0.1,0.36,0.001,0,0.13
1,187,2412.6,6,0.05,0.22,0.0,0,0.16
1,188,2351.3,2,0.04,0.07,0.0,0,0.05
1,189,1830.5,2,0.08,0.11,0.002,0,0.1
1,190,2057.4,5,0.04,0.39,0.001,0,0.12
1,191,1616.8,76,0.21,1.81,0.001,0,1.01
1,192,2438.0,3,0.09,0.29,0.0,0,0.11
1,193,2494.3,1,0.01,0.04,0.0,0,0.05
1,194,1215.4,20,0.04,1.58,0.011,0,0.27
1,195,926.6,24,0.17,8.55,0.026,0,0.36
1,196,3061.6,4,0.01,0.02,0.0,0,0.05
1,197,1285.7,7,0.14,2.17,0.007,0,0.46
1,198,2413.0,16,0.28,0.1,0.0,0,0.29
1,199,1212.4,1,0.07,0.64,0.006,0,0.11
2,3,3612.8,127,1.41,0.21,0.0,0,1.93
2,4,2933.2,2,0.08,0.14,0.0,0,0.16
2,5,3039.3,8,0.21,0.08,0.0,0,0.24
2,6,2768.8,57,1.28,0.57,0.0,0,1.47
2,7,3911.1,21,0.25,0.03,0.0,0,0.46
2,8,2947.4,16,0.04,0.06,0.0,0,0.27
2,9,1503.0,188,0.83,1.75,0.004,0,2.04
2,10,3592.6,3,0.05,0.02,0.0,0,0.05
2,11,1938.3,6,0.05,0.39,0.001,0,0.07
2,12,2262.9,19,0.16,0.59,0.0,0,0.69
2,13,3633.4,0,0.01,0.01,0.0,0,0.02
2,14,2567.8,3,0.02,0.05,0.0,0,0.04
2,15,3289.9,9,0.24,0.05,0.0,0,0.29
2,16,1834.3,5,0.04,0.34,0.001,0,0.19
2,17,1598.6,117,2.07,2.64,0.002,0,2.42
2,18,1134.7,28,0.31,1.59,0.009,0,0.59
2,19,1967.8,8,0.07,0.22,0.001,0,0.13
2,20,1918.5,34,0.29,7.17,0.001,0,0.46
2,21,3075.0,8,0.03,0.06,0.0,0,0.16
2,22,1203.3,49,0.56,2.7,0.014,0,0.58
2,23,3732.7,2,0.07,0.01,0.0,0,0.09
2,24,1742.0,16,0.06,0.56,0.002,0,0.26
2,25,1787.3,16,0.04,1.2,0.002,0,0.32
2,26,4125.6,1,0.01,0.0,0.0,0,0.03
2,27,4049.9,17,0.17,0.02,0.0,0,0.24
2,28,2191.7,4,0.09,0.33,0.001,0,0.27
2,29,4106.6,2,0.06,0.01,0.0,0,0.08
2,30,2196.6,27,0.16,0.27,0.0,0,0.76
2,31,3904.5,43,0.6,0.08,0.0,0,1.44
2,32,1805.3,26,0.25,1.43,0.0,0,0.6
2,33,3813.8,5,0.04,0.01,0.0,0,0.07
2,34,974.2,100,1.05,12.34,0.017,0,2.52
2,35,2861.7,3,0.04,0.03,0.0,0,0.11
2,36,1925.0,59,0.28,0.73,0.001,0,0.72
2,37,2923.1,9,0.02,0.02,0.0,0,0.1
2,38,1178.1,5,0.08,0.82,0.004,0,0.14
2,39,3060.3,30,0.2,0.12,0.0,0,0.38
2,40,2561.8,17,0.35,0.37,0.0,0,0.39
2,41,3226.6,18,0.26,0.07,0.0,0,0.35
2,42,2711.7,7,0.24,0.16,0.0,0,0.29
2,43,2887.1,6,0.01,0.1,0.0,0,0.09
2,44,3998.6,1,0.01,0.01,0.0,0,0.02
2,45,3713.7,8,0.08,0.01,0.0,0,0.12
2,46,4238.7,9,0.02,0.01,0.0,0,0.1
2,47,4022.8,14,0.37,0.05,0.0,0,0.46
2,48,953.9,43,0.61,6.58,0.032,0,0.72
2,49,4262.0,0,0.0,0.0,0.0,0,0.03
2,50,3693.9,31,0.39,0.06,0.0,0,0.45
2,51,1037.7,105,1.25,2.7,0.017,0,1.31
2,52,4813.3,0,0.02,0.0,0.0,0,0.03
2,53,3654.6,7,0.17,0.05,0.0,0,0.29
2,54,962.9,349,2.85,15.3,0.006,0,3.61
2,55,3847.6,8,0.2,0.08,0.0,0,0.67
2,56,3444.8,10,0.07,0.01,0.0,0,0.12
2,57,3356.1,2,0.03,0.06,0.0,0,0.06
2,58,1518.4,31,0.91,3.29,0.002,0,0.95
2,59,2265.6,63,0.24,0.85,0.0,0,0.82
2,60,3160.0,5,0.04,0.03,0.0,0,0.09
2,61,3121.8,1,0.1,0.04,0.0,0,0.12
2,62,1382.3,41,0.43,0.93,0.007,0,0.47
2,63,2672.9,1,0.01,0.06,0.0,0,0.05
2,64,1736.4,48,0.22,5.94,0.001,0,1.62
2,65,1989.7,47,1.01,2.15,0.001,0,1.37
2,66,3845.9,3,0.06,0.02,0.0,0,0.14
2,67,957.3,156,0.52,11.87,0.016,0,2.32
2,68,3444.8,27,0.23,0.06,0.0,0,0.28
2,69,2494.8,2,0.11,0.11,0.0,0,0.12
2,70,2532.4,70,0.32,0.33,0.0,0,0.76
2,71,2346.4,42,1.26,3.71,0.0,0,3.01
2,72,3480.9,11,0.08,0.03,0.0,0,0.18
2,73,1728.0,189,3.76,5.76,0.002,0,4.06
2,74,3350.1,3,0.04,0.01,0.0,0,0.04
2,75,3463.0,12,0.08,0.12,0.0,0,0.32
2,76,2082.7,77,0.57,0.66,0.001,0,0.83
2,77,2564.3,26,0.26,0.25,0.0,0,0.31
2,78,844.8,77,1.94,11.01,0.031,0,2.45
2,79,3636.9,1,0.01,0.0,0.0,0,0.03
2,80,2601.7,24,0.2,0.23,0.0,0,0.27
2,81,4509.4,2,0.11,0.01,0.0,0,0.23
2,82,4107.8,42,0.25,0.05,0.0,0,0.64
2,83,2671.3,4,0.08,0.07,0.0,0,0.11
2,84,1421.6,14,0.17,1.47,0.004,0,0.68
2,85,3864.4,9,0.08,0.01,0.0,0,0.1
2,86,1298.5,75,0.87,6.32,0.007,0,2.33
2,87,3141.6,35,0.6,0.18,0.0,0,0.72
2,88,3368.4,13,0.21,0.03,0.0,0,0.21
2,89,1760.2,87,1.37,1.67,0.001,0,1.87
2,90,2479.9,18,0.34,0.31,0.0,0,0.42
2,91,3764.6,22,0.11,0.06,0.0,0,0.49
2,92,2440.0,12,0.11,0.16,0.0,0,0.19
2,93,1920.4,24,0.38,0.92,0.0,0,0.44
2,94,3698.0,11,0.11,0.02,0.0,0,0.13
2,95,3296.9,1,0.02,0.01,0.0,0,0.06
2,96,3165.9,20,0.24,0.05,0.0,0,0.84
2,97,2922.3,10,0.09,0.14,0.0,0,0.24
2,98,1684.6,82,0.34,1.81,0.002,0,1.04
2,99,2985.2,10,0.21,0.07,0.0,0,0.22
2,100,3018.3,1,0.04,0.03,0.0,0,0.04
2,101,3945.5,10,0.11,0.01,0.0,0,0.13
2,102,3754.7,1,0.04,0.02,0.0,0,0.06
2,103,1972.6,18,0.09,0.46,0.0,0,0.25
2,104,2539.8,13,0.28,0.21,0.0,0,0.52
2,105,1378.7,68,0.99,7.36,0.004,0,3.0
2,106,2677.1,100,0.64,1.38,0.0,0,2.58
2,107,853.1,155,0.47,7.77,0.037,0,1.93
2,108,1295.8,74,1.56,4.76,0.003,0,1.91
2,109,1863.7,28,0.1,0.65,0.001,0,0.33
2,110,1877.5,4,0.13,0.11,0.001,0,0.14
2,111,3730.0,25,0.19,0.02,0.0,0,0.28
2,112,2934.3,47,0.84,0.16,0.0,0,0.96
2,113,939.4,1927,32.36,72.71,0.022,0,34.01
2,114,1470.4,27,0.79,2.3,0.003,0,0.87
2,115,2215.8,45,0.4,0.69,0.0,0,0.65
2,116,3569.3,10,0.02,0.03,0.0,0,0.19
2,117,2256.3,3,0.11,0.13,0.0,0,0.12
2,118,1721.6,71,1.04,3.66,0.002,0,1.13
2,119,2599.9,10,0.52,0.6,0.0,0,0.65
2,120,2281.3,84,1.12,0.78,0.0,0,1.2
2,121,1738.1,11,0.24,0.56,0.001,0,0.26
2,122,2060.0,128,2.58,2.7,0.001,0,2.78
2,123,2466.5,3,0.02,0.05,0.0,0,0.04
2,124,2787.3,42,0.05,0.24,0.0,0,0.47
2,125,849.5,418,10.96,79.41,0.043,0,22.0
2,126,2368.0,3,0.05,0.2,0.0,0,0.16
2,127,4205.1,8,0.08,0.0,0.0,0,0.09
2,128,4194.7,2,0.12,0.01,0.0,0,0.17
2,129,2596.6,4,0.17,0.14,0.0,0,0.24
2,130,2511.2,3,0.05,0.05,0.0,0,0.05
2,131,4438.4,8,0.02,0.01,0.0,0,0.12
2,132,1353.0,33,0.14,1.04,0.005,0,0.42
2,133,3866.6,3,0.05,0.04,0.0,0,0.15
2,134,3433.9,3,0.03,0.02,0.0,0,0.07
2,135,2676.8,39,0.64,1.24,0.0,0,0.77
2,136,2233.8,3,0.11,0.16,0.0,0,0.15
2,137,3342.4,3,0.07,0.03,0.0,0,0.14
2,138,2855.2,45,0.26,0.23,0.0,0,0.75
2,139,1415.1,14,0.02,0.48,0.006,0,0.17
2,140,2687.0,13,0.22,0.28,0.0,0,0.28
2,141,2481.1,157,1.24,1.34,0.0,0,2.5
2,142,3603.7,1,0.01,0.01,0.0,0,0.04
2,143,2941.3,13,0.12,0.1,0.0,0,0.18
2,144,1768.7,39,0.54,2.81,0.001,0,0.57
2,145,1565.0,95,2.99,3.8,0.005,0,4.16
2,146,2679.7,13,0.08,0.09,0.0,0,0.13
2,147,2376.2,13,0.11,0.07,0.0,0,0.17
2,148,1867.3,24,1.57,1.42,0.002,0,1.96
2,149,3469.6,30,0.54,0.11,0.0,0,0.69
2,150,2605.3,100,0.72,0.27,0.0,0,1.22
2,151,1417.9,14,0.21,5.02,0.004,0,1.01
2,152,4516.1,5,0.02,0.0,0.0,0,0.06
2,153,2329.3,13,0.38,0.24,0.0,0,0.51
2,154,3443.5,6,0.04,0.09,0.0,0,0.1
2,155,3164.6,5,0.05,0.04,0.0,0,0.08
2,156,2183.9,294,2.41,3.4,0.001,0,3.02
2,157,1630.6,77,0.49,3.16,0.002,0,1.07
2,158,2437.0,2,0.01,0.06,0.0,0,0.03
2,159,3354.6,13,0.05,0.07,0.0,0,0.41
2,160,2647.8,3,0.01,0.07,0.0,0,0.04
2,161,2771.8,109,1.37,0.37,0.0,0,2.26
2,162,3514.2,14,0.75,0.06,0.0,0,0.92
2,163,4367.1,3,0.02,0.0,0.0,0,0.05
2,164,2084.6,154,1.03,2.0,0.001,0,2.03
2,165,3287.9,26,0.3,0.09,0.0,0,0.55
2,166,3903.5,5,0.24,0.04,0.0,0,0.26
2,167,1136.0,265,6.02,24.85,0.007,0,7.64
2,168,2768.6,21,0.26,0.15,0.0,0,0.39
2,169,2831.8,11,0.14,0.06,0.0,0,0.14
2,170,3124.9,3,0.05,0.04,0.0,0,0.14
2,171,3510.6,18,0.16,0.01,0.0,0,0.19
2,172,3377.1,4,0.05,0.03,0.0,0,0.19
2,173,443.9,225,2.67,23.36,0.078,0,4.69
2,174,3254.1,13,0.25,0.09,0.0,0,0.4
2,175,1591.5,100,0.72,2.48,0.002,0,1.76
2,176,2776.8,4,0.17,0.15,0.0,0,0.3
2,177,1815.6,106,2.33,4.54,0.002,0,2.41
2,178,3627.7,9,0.12,0.03,0.0,0,0.18
2,179,2563.2,154,1.56,2.13,0.0,0,3.95
2,180,3008.3,5,0.22,0.22,0.0,0,0.28
2,181,3573.8,11,0.11,0.02,0.0,0,0.12
2,182,1610.7,2,0.2,0.29,0.001,0,0.24
2,183,1843.3,28,0.66,2.15,0.001,0,1.01
2,184,3887.0,4,0.03,0.02,0.0,0,0.11
2,185,4220.6,8,0.19,0.02,0.0,0,0.3
2,186,1007.8,101,0.27,6.59,0.016,0,1.04
2,187,2492.7,12,0.12,0.23,0.0,0,0.18
2,188,1332.6,28,0.38,1.28,0.004,0,0.4
2,189,2672.0,2,0.06,0.05,0.0,0,0.11
2,190,2853.7,5,0.05,0.05,0.0,0,0.1
2,191,1241.0,263,2.84,13.36,0.013,0,3.18
2,192,819.7,123,0.86,11.47,0.058,0,3.18
2,193,2508.1,4,0.07,0.07,0.0,0,0.13
2,194,3685.5,11,0.02,0.04,0.0,0,0.18
2,195,3672.5,50,0.15,0.03,0.0,0,0.59
2,196,1475.3,22,0.22,1.35,0.004,0,0.23
2,197,1991.5,26,0.4,0.96,0.001,0,0.79
2,198,3048.9,1,0.01,0.14,0.0,0,0.09
2,199,3992.4,3,0.03,0.0,0.0,0,0.05
3,4,1541.2,59,0.69,5.39,0.003,0,1.06
3,5,745.4,54,1.73,17.76,0.032,0,2.22
3,6,2079.3,298,3.14,17.6,0.001,0,3.79
3,7,299.3,1901,21.72,123.69,0.267,6,61.26
3,8,2972.2,5,0.11,0.16,0.0,0,0.22
3,9,2314.3,91,1.02,2.42,0.0,0,1.22
3,10,616.5,190,3.31,13.55,0.023,0,5.8
3,11,2426.6,15,0.09,0.61,0.0,0,0.25
3,12,3578.0,49,0.33,0.07,0.0,0,0.84
3,13,2673.9,7,0.07,0.12,0.0,0,0.08
3,14,3582.1,3,0.01,0.01,0.0,0,0.07
3,15,2172.8,18,0.24,0.67,0.0,0,0.6
3,16,2349.2,21,0.14,0.19,0.0,0,0.36
3,17,3275.0,238,1.48,0.14,0.0,0,2.73
3,18,3119.1,7,0.02,0.09,0.0,0,0.17
3,19,3805.5,12,0.12,0.01,0.0,0,0.15
3,20,3709.0,152,1.82,0.24,0.0,0,2.04
3,21,644.8,64,0.6,39.43,0.072,0,2.37
3,22,3338.3,21,0.36,0.11,0.0,0,0.64
3,23,2384.7,15,0.15,0.2,0.0,0,0.32
3,24,1983.8,23,0.38,1.45,0.001,0,0.58
3,25,2912.5,20,0.08,0.26,0.0,0,0.44
3,26,2289.1,12,0.36,0.17,0.0,0,0.37
3,27,2280.1,14,0.34,2.46,0.0,0,0.8
3,28,3689.5,35,0.18,0.04,0.0,0,0.46
3,29,1723.9,14,0.14,2.23,0.001,0,0.71
3,30,3136.8,56,0.31,0.08,0.0,0,0.58
3,31,1199.7,402,2.09,49.85,0.013,0,5.88
3,32,3203.7,32,0.07,0.21,0.0,0,0.39
3,33,482.7,90,2.22,16.87,0.138,0,2.91
3,34,3773.7,8,0.64,0.19,0.0,0,0.66
3,35,1287.3,17,0.99,2.63,0.007,0,1.25
3,36,2451.3,75,0.6,1.01,0.0,0,0.82
3,37,2848.4,3,0.06,0.04,0.0,0,0.09
3,38,2826.6,19,0.25,0.07,0.0,0,0.32
3,39,3172.9,58,0.23,0.3,0.0,0,0.61
3,40,4456.8,58,0.3,0.03,0.0,0,1.26
3,41,2719.5,27,0.58,0.4,0.0,0,0.61
3,42,2493.2,83,0.56,0.71,0.0,0,1.84
3,43,2144.7,45,0.5,0.73,0.001,0,0.84
3,44,2357.5,8,0.14,0.31,0.0,0,0.17
3,45,679.3,76,1.04,13.45,0.064,0,1.35
3,46,1781.1,23,0.19,2.53,0.002,0,1.0
3,47,1109.8,468,1.56,27.82,0.02,0,7.02
3,48,3019.7,43,0.08,0.29,0.0,0,0.56
3,49,1721.5,15,0.02,0.8,0.002,0,0.17
3,50,1492.1,27,1.07,10.48,0.0,0,1.64
3,51,3706.6,27,0.23,0.03,0.0,0,0.34
3,52,2017.0,10,0.48,0.55,0.001,0,0.58
3,53,1817.2,186,1.22,4.97,0.001,0,2.02
3,54,2987.6,74,0.48,0.64,0.0,0,1.04
3,55,1836.8,184,1.64,5.64,0.001,0,2.06
3,56,328.4,72,1.73,23.04,0.248,0,5.14
3,57,1945.1,50,0.55,0.96,0.001,0,0.92
3,58,2602.0,16,0.18,1.03,0.0,0,0.48
3,59,2374.4,51,0.77,2.06,0.0,0,1.14
3,60,2814.8,14,0.24,0.19,0.0,0,0.26
3,61,4151.5,18,0.28,0.02,0.0,0,0.28
3,62,2543.7,12,0.09,0.09,0.0,0,0.12
3,63,3561.3,7,0.12,0.03,0.0,0,0.13
3,64,2062.2,127,2.08,2.27,0.001,0,2.45
3,65,2255.7,80,3.44,3.2,0.0,0,6.87
3,66,886.7,41,1.22,14.59,0.002,0,1.55
3,67,3229.0,64,1.49,0.42,0.0,0,1.6
3,68,1236.5,376,2.87,8.74,0.002,0,4.54
3,69,2952.0,17,0.11,0.1,0.0,0,0.35
3,70,3662.9,30,0.36,0.07,0.0,0,0.41
3,71,1291.9,272,2.15,19.74,0.007,0,6.29
3,72,2633.9,48,0.51,0.77,0.0,0,0.92
3,73,1891.8,419,4.2,9.94,0.001,0,4.72
3,74,2076.8,6,0.13,0.19,0.0,0,0.36
3,75,3181.0,113,0.96,0.45,0.0,0,1.18
3,76,3413.3,13,0.65,0.1,0.0,0,1.0
3,77,4436.6,26,0.27,0.01,0.0,0,0.41
3,78,3556.8,7,0.05,0.11,0.0,0,0.45
3,79,1230.5,21,0.33,1.49,0.015,0,0.89
3,80,2805.7,15,0.93,0.26,0.0,0,1.01
3,81,1725.6,174,1.75,4.71,0.001,0,2.41
3,82,1527.0,233,1.27,28.39,0.005,0,5.29
3,83,2973.9,15,0.09,0.14,0.0,0,0.18
3,84,2897.5,7,0.09,0.11,0.0,0,0.15
3,85,598.6,141,1.42,20.63,0.058,0,3.53
3,86,2314.7,193,1.75,2.69,0.0,0,1.96
3,87,2376.7,65,0.95,0.82,0.0,0,1.47
3,88,1436.9,60,0.51,2.95,0.005,0,0.87
3,89,3552.5,8,0.26,0.13,0.0,0,0.57
3,90,1606.8,169,1.24,4.78,0.003,0,1.95
3,91,954.5,507,4.16,50.6,0.019,0,15.38
3,92,1825.6,140,0.19,1.26,0.001,0,1.6
3,93,2270.4,32,0.96,0.46,0.0,0,1.66
3,94,2790.5,7,0.15,0.21,0.0,0,0.31
3,95,1735.1,5,0.22,1.22,0.002,0,0.26
3,96,2030.2,101,0.92,3.07,0.001,0,1.25
3,97,2934.1,15,0.4,0.41,0.0,0,0.73
3,98,2131.6,30,0.28,2.62,0.0,0,0.34
3,99,1631.0,119,0.57,2.53,0.001,0,1.84
3,100,1347.8,63,0.48,0.91,0.007,0,1.54
3,101,1331.5,105,0.94,5.89,0.007,0,1.29
3,102,2383.1,11,0.39,0.63,0.0,0,0.62
3,103,2074.6,31,0.42,0.8,0.0,0,0.42
3,104,1101.7,170,0.98,15.48,0.013,0,2.23
3,105,2927.4,15,0.48,0.78,0.0,0,0.67
3,106,1728.2,119,1.81,26.97,0.003,0,7.69
3,107,3479.8,44,0.19,0.12,0.0,0,0.68
3,108,2594.3,33,0.07,0.9,0.0,0,0.58
3,109,2214.0,48,0.26,1.56,0.0,0,1.56
3,110,3230.3,9,0.07,0.02,0.0,0,0.11
3,111,1391.0,56,0.57,8.93,0.005,0,0.6
3,112,764.4,463,1.45,21.68,0.028,0,5.13
3,113,2836.7,284,9.2,4.19,0.0,0,12.91
3,114,2156.3,68,2.05,1.0,0.0,0,2.11
3,115,1614.3,160,1.52,4.57,0.003,0,2.42
3,116,2269.0,41,0.51,1.18,0.0,0,0.85
3,117,1598.2,7,0.13,1.04,0.004,0,0.41
3,118,3297.2,71,0.78,0.38,0.0,0,1.95
3,119,2231.4,318,3.64,2.5,0.0,0,4.54
3,120,2834.7,39,1.37,1.01,0.0,0,1.38
3,121,1893.9,78,0.69,0.62,0.001,0,1.16
3,122,1687.1,986,8.49,10.36,0.001,0,10.04
3,123,1151.3,9,0.2,3.02,0.003,0,0.42
3,124,2126.8,66,0.32,3.36,0.001,0,0.88
3,125,2864.0,226,2.85,2.75,0.0,0,5.4
3,126,1315.1,61,0.89,2.39,0.003,0,1.43
3,127,1858.3,18,0.44,1.54,0.0,0,0.57
3,128,1149.7,359,2.04,7.68,0.005,0,5.34
3,129,1593.0,153,0.46,2.53,0.002,0,1.82
3,130,4193.6,9,0.09,0.01,0.0,0,0.1
3,131,1933.1,82,0.78,3.11,0.001,0,0.86
3,132,2294.1,20,0.22,0.39,0.0,0,0.42
3,133,1129.9,103,3.81,15.79,0.003,0,3.85
3,134,1519.9,30,0.14,2.07,0.004,0,0.55
3,135,4017.1,86,0.99,0.15,0.0,0,1.91
3,136,2302.2,42,0.36,0.48,0.0,0,0.72
3,137,1184.8,122,2.51,4.0,0.012,0,2.63
3,138,1455.8,144,0.7,11.48,0.007,0,4.23
3,139,2882.9,12,0.13,0.08,0.0,0,0.21
3,140,1137.1,28,0.59,9.74,0.01,0,2.54
3,141,3751.2,113,0.87,0.25,0.0,0,1.54
3,142,390.3,153,5.07,6.32,0.219,0,5.41
3,143,2941.6,6,0.48,0.43,0.0,0,0.53
3,144,2146.2,200,1.14,1.6,0.0,0,2.08
3,145,2937.7,77,0.52,0.64,0.0,0,2.04
3,146,3219.0,6,0.06,0.06,0.0,0,0.08
3,147,1244.6,21,0.31,2.82,0.007,0,0.42
3,148,3008.6,112,1.1,0.35,0.0,0,1.53
3,149,349.3,1484,18.36,79.07,0.224,1,19.68
3,150,1177.4,345,2.72,6.54,0.018,0,4.1
3,151,2752.4,24,0.24,0.55,0.0,0,0.44
3,152,1855.7,77,0.4,1.22,0.001,0,0.95
3,153,1893.5,52,0.44,1.8,0.001,0,1.16
3,154,3847.1,21,0.27,0.09,0.0,0,1.04
3,155,825.0,116,0.65,7.72,0.038,0,1.36
3,156,1835.8,126,3.16,20.88,0.001,0,8.24
3,157,3218.7,103,1.54,0.35,0.0,0,1.72
3,158,2959.7,2,0.13,0.06,0.0,0,0.23
3,159,2106.4,38,1.2,2.67,0.001,0,1.87
3,160,1061.2,216,1.02,3.34,0.019,0,2.21
3,161,858.0,440,1.61,53.09,0.039,0,6.35
3,162,769.1,351,7.6,73.99,0.032,0,24.43
3,163,1335.1,41,0.47,2.22,0.009,0,0.71
3,164,1808.3,194,1.48,6.32,0.001,0,2.64
3,165,2032.5,21,0.56,2.93,0.001,0,0.93
3,166,1947.7,50,0.43,4.51,0.001,0,3.73
3,167,3518.5,191,2.25,0.96,0.0,0,3.59
3,168,966.2,181,1.53,10.73,0.022,0,4.59
3,169,2657.4,21,0.12,0.29,0.0,0,0.52
3,170,1133.3,105,0.23,3.2,0.005,0,1.59
3,171,201.2,1911,16.42,33.09,0.227,2,26.83
3,172,2553.2,30,0.31,0.85,0.0,0,0.89
3,173,3492.3,37,0.35,0.09,0.0,0,0.51
3,174,464.6,1679,10.61,40.44,0.18,3,20.34
3,175,2409.5,57,0.58,1.36,0.0,0,1.14
3,176,2281.4,12,0.09,1.64,0.0,0,0.76
3,177,3284.4,21,0.52,0.74,0.0,0,1.6
3,178,1419.0,112,0.5,4.72,0.006,0,1.26
3,179,2202.8,1257,5.33,17.21,0.0,0,21.67
3,180,816.2,475,5.91,46.19,0.031,0,9.92
3,181,140.7,565,5.11,30.71,0.334,2,16.41
3,182,3108.1,12,0.18,0.07,0.0,0,0.21
3,183,3150.3,144,1.13,0.39,0.0,0,1.49
3,184,1699.6,74,0.41,4.01,0.002,0,1.37
3,185,1804.3,271,2.41,3.02,0.0,0,2.92
3,186,2619.2,97,0.44,0.96,0.0,0,1.59
3,187,3536.1,6,0.06,0.05,0.0,0,0.16
3,188,2712.0,33,0.09,0.14,0.0,0,0.34
3,189,2940.5,4,0.04,0.04,0.0,0,0.07
3,190,1675.4,24,0.75,2.38,0.001,0,1.01
3,191,2450.9,88,0.95,2.0,0.0,0,1.82
3,192,2992.6,40,0.33,0.34,0.0,0,0.5
3,193,2312.3,19,0.15,0.26,0.0,0,0.22
3,194,91.5,12399,80.2,44.41,0.469,9,226.91
3,195,1417.7,151,1.43,17.33,0.002,0,1.91
3,196,3344.5,3,0.06,0.11,0.0,0,0.12
3,197,1661.4,12,0.09,4.11,0.004,0,0.63
3,198,3503.9,36,0.38,0.07,0.0,0,0.6
3,199,624.9,72,2.11,11.52,0.035,0,2.58
4,5,857.0,72,0.87,2.81,0.039,0,0.88
4,6,542.1,134,0.31,28.84,0.114,0,2.28
4,7,1717.4,36,0.49,1.63,0.0,0,0.54
4,8,1431.3,9,0.13,0.5,0.005,0,0.2
4,9,2250.5,12,0.09,0.36,0.0,0,0.2
4,10,1056.5,21,0.15,1.03,0.016,0,0.32
4,11,2722.3,1,0.03,0.08,0.0,0,0.07
4,12,3908.4,10,0.1,0.01,0.0,0,0.14
4,13,1288.1,2,0.06,0.25,0.006,0,0.08
4,14,2074.9,0,0.02,0.05,0.001,0,0.02
4,15,3200.0,4,0.02,0.02,0.0,0,0.06
4,16,2569.3,8,0.07,0.02,0.0,0,0.09
4,17,1992.1,23,0.28,1.2,0.001,0,0.37
4,18,2982.8,0,0.04,0.02,0.0,0,0.04
4,19,3958.8,1,0.01,0.0,0.0,0,0.03
4,20,3862.2,50,0.39,0.03,0.0,0,0.6
4,21,976.3,25,0.14,2.05,0.013,0,0.28
4,22,2193.9,5,0.17,0.17,0.0,0,0.21
4,23,3553.5,0,0.01,0.0,0.0,0,0.02
4,24,1961.4,2,0.05,0.17,0.001,0,0.08
4,25,3120.3,1,0.02,0.03,0.0,0,0.07
4,26,1325.0,3,0.03,0.47,0.004,0,0.11
4,27,3580.2,2,0.04,0.03,0.0,0,0.07
4,28,2249.8,2,0.04,0.13,0.0,0,0.05
4,29,3141.5,6,0.07,0.02,0.0,0,0.11
4,30,3517.2,0,0.02,0.01,0.0,0,0.08
4,31,2643.3,52,0.25,0.74,0.0,0,0.86
4,32,3393.1,1,0.02,0.02,0.0,0,0.06
4,33,2011.0,6,0.03,0.08,0.0,0,0.08
4,34,2698.1,9,0.09,0.2,0.0,0,0.4
4,35,305.6,18,0.12,3.69,0.234,0,0.72
4,36,1173.4,42,0.88,1.71,0.009,0,0.91
4,37,3601.4,0,0.01,0.0,0.0,0,0.01
4,38,2684.7,2,0.02,0.01,0.0,0,0.03
4,39,1633.6,34,0.1,0.43,0.003,0,0.5
4,40,2999.5,5,0.13,0.06,0.0,0,0.17
4,41,3624.8,5,0.1,0.01,0.0,0,0.15
4,42,3204.5,10,0.11,0.02,0.0,0,0.12
4,43,2985.8,5,0.01,0.03,0.0,0,0.05
4,44,3626.0,1,0.01,0.0,0.0,0,0.02
4,45,2143.0,4,0.04,0.08,0.0,0,0.05
4,46,3226.2,2,0.03,0.02,0.0,0,0.09
4,47,1206.9,30,0.17,5.09,0.012,0,0.51
4,48,2771.9,11,0.16,0.08,0.0,0,0.2
4,49,1329.4,6,0.08,0.19,0.01,0,0.08
4,50,761.9,72,0.11,4.95,0.074,0,0.84
4,51,3470.5,7,0.02,0.01,0.0,0,0.08
4,52,3542.9,8,0.05,0.01,0.0,0,0.12
4,53,3059.5,11,0.23,0.07,0.0,0,0.36
4,54,2739.2,1,0.05,0.18,0.0,0,0.09
4,55,3148.9,4,0.17,0.12,0.0,0,0.19
4,56,1683.9,0,0.05,0.28,0.003,0,0.07
4,57,600.5,19,0.28,4.79,0.046,0,0.53
4,58,1498.8,87,0.45,2.3,0.003,0,0.98
4,59,2863.6,20,0.27,0.16,0.0,0,0.32
4,60,1292.0,4,0.03,0.46,0.005,0,0.23
4,61,4701.0,10,0.1,0.0,0.0,0,0.11
4,62,1568.5,6,0.06,0.23,0.004,0,0.08
4,63,4069.7,1,0.01,0.0,0.0,0,0.03
4,64,1214.9,77,1.37,3.79,0.013,0,1.41
4,65,1018.6,89,0.14,9.33,0.019,0,1.13
4,66,1120.9,13,0.06,2.11,0.007,0,0.26
4,67,3002.6,7,0.16,0.08,0.0,0,0.4
4,68,2481.5,6,0.14,0.15,0.0,0,0.19
4,69,1442.7,2,0.07,0.63,0.004,0,0.08
4,70,4090.0,1,0.04,0.01,0.0,0,0.05
4,71,1077.6,153,0.81,8.53,0.022,0,3.07
4,72,3658.5,2,0.01,0.01,0.0,0,0.06
4,73,1646.3,128,1.01,2.57,0.002,0,1.63
4,74,691.4,7,0.05,0.54,0.058,0,0.07
4,75,4089.5,4,0.09,0.01,0.0,0,0.18
4,76,3696.8,4,0.02,0.01,0.0,0,0.05
4,77,2977.2,2,0.1,0.05,0.0,0,0.12
4,78,2532.2,7,0.25,0.18,0.0,0,0.29
4,79,754.4,1,0.02,0.67,0.047,0,0.03
4,80,1281.2,4,0.14,0.82,0.004,0,0.21
4,81,3237.9,12,0.11,0.05,0.0,0,0.14
4,82,2977.7,44,0.14,0.18,0.0,0,0.59
4,83,1443.3,8,0.05,0.6,0.003,0,0.2
4,84,1740.3,12,0.13,0.25,0.002,0,0.16
4,85,2123.7,18,0.18,0.11,0.0,0,0.2
4,86,1859.9,37,0.3,2.03,0.001,0,0.45
4,87,3304.9,4,0.04,0.03,0.0,0,0.05
4,88,2614.0,0,0.03,0.07,0.0,0,0.05
4,89,2214.4,24,0.19,0.21,0.001,0,0.38
4,90,471.6,92,0.39,9.53,0.089,0,1.07
4,91,1001.2,63,0.44,5.76,0.02,0,1.68
4,92,2416.0,4,0.03,0.04,0.0,0,0.06
4,93,2539.5,11,0.06,0.04,0.0,0,0.12
4,94,3867.7,1,0.0,0.01,0.0,0,0.03
4,95,430.3,19,0.55,2.42,0.201,0,0.6
4,96,562.0,56,0.7,13.45,0.071,0,0.92
4,97,1393.0,4,0.06,1.09,0.001,0,0.28
4,98,2153.9,3,0.11,0.2,0.001,0,0.15
4,99,115.4,954,4.25,12.81,0.542,0,11.65
4,100,2332.6,1,0.02,0.05,0.0,0,0.03
4,101,1047.6,13,0.15,2.24,0.016,0,0.16
4,102,3560.4,4,0.05,0.02,0.0,0,0.08
4,103,967.0,7,0.08,1.17,0.026,0,0.24
4,104,1450.0,47,0.56,0.69,0.003,0,0.57
4,105,1782.6,13,0.45,1.16,0.002,0,0.47
4,106,281.7,2571,28.05,46.02,0.154,6,32.87
4,107,3193.8,4,0.12,0.04,0.0,0,0.18
4,108,1650.8,12,0.28,0.84,0.001,0,0.3
4,109,2431.1,7,0.08,0.19,0.0,0,0.17
4,110,1861.1,3,0.01,0.09,0.001,0,0.04
4,111,809.8,81,0.21,2.12,0.019,0,0.86
4,112,1568.4,29,0.07,1.02,0.004,0,0.33
4,113,1998.2,230,2.52,3.8,0.0,0,2.76
4,114,1842.2,18,0.17,0.51,0.002,0,0.19
4,115,1945.7,21,0.22,0.51,0.0,0,0.5
4,116,951.7,46,0.48,2.81,0.023,0,0.67
4,117,761.9,19,0.2,1.02,0.042,0,0.23
4,118,1973.2,40,0.16,0.61,0.001,0,0.41
4,119,718.2,106,0.87,9.76,0.03,0,1.29
4,120,3295.5,11,0.18,0.04,0.0,0,0.19
4,121,1706.1,3,0.01,0.28,0.002,0,0.06
4,122,1859.3,51,0.26,2.1,0.0,0,0.6
4,123,1161.2,3,0.11,0.23,0.007,0,0.11
4,124,587.4,21,0.36,12.35,0.053,0,1.05
4,125,2083.8,145,1.05,2.27,0.001,0,1.53
4,126,1612.7,8,0.02,0.29,0.003,0,0.08
4,127,3281.5,4,0.07,0.01,0.0,0,0.1
4,128,2673.8,3,0.01,0.06,0.0,0,0.1
4,129,344.8,133,0.76,5.25,0.228,0,1.83
4,130,2724.6,2,0.0,0.02,0.0,0,0.03
4,131,3403.5,6,0.04,0.02,0.0,0,0.08
4,132,1993.3,1,0.02,0.15,0.0,0,0.03
4,133,1027.5,28,0.33,2.3,0.021,0,0.75
4,134,501.2,13,0.27,3.68,0.114,0,0.38
4,135,4420.0,17,0.35,0.01,0.0,0,0.59
4,136,2774.4,7,0.03,0.03,0.0,0,0.08
4,137,501.6,29,0.82,4.41,0.057,0,1.05
4,138,138.1,1931,28.98,12.63,0.547,2,48.9
4,139,1732.8,3,0.03,0.16,0.001,0,0.07
4,140,660.4,152,0.27,5.36,0.095,0,1.93
4,141,2262.4,36,0.38,0.74,0.0,0,0.78
4,142,1853.9,2,0.01,0.08,0.002,0,0.03
4,143,1400.7,11,0.04,2.22,0.001,0,0.16
4,144,2261.8,18,0.32,0.23,0.0,0,0.35
4,145,1706.8,11,0.18,1.63,0.0,0,0.34
4,146,1690.7,2,0.11,0.26,0.001,0,0.17
4,147,1156.3,8,0.07,0.67,0.006,0,0.11
4,148,1654.3,41,0.11,1.46,0.003,0,0.62
4,149,1726.4,15,0.3,0.86,0.003,0,0.32
4,150,720.6,88,0.52,2.15,0.008,0,1.15
4,151,1643.9,28,0.24,0.96,0.001,0,0.32
4,152,3353.2,2,0.0,0.01,0.0,0,0.04
4,153,619.5,130,0.37,3.63,0.089,0,1.78
4,154,4599.0,5,0.01,0.0,0.0,0,0.07
4,155,1926.7,5,0.07,0.2,0.001,0,0.08
4,156,2224.7,31,0.13,1.33,0.0,0,1.09
4,157,1928.5,25,0.48,0.82,0.001,0,0.54
4,158,3476.9,0,0.03,0.0,0.0,0,0.04
4,159,3173.0,13,0.13,0.07,0.0,0,0.23
4,160,1613.1,4,0.04,0.3,0.001,0,0.07
4,161,1383.6,28,0.81,2.26,0.002,0,0.89
4,162,893.2,44,0.22,7.59,0.029,0,0.93
4,163,2866.1,5,0.05,0.02,0.0,0,0.17
4,164,871.2,32,0.35,7.1,0.02,0,0.43
4,165,3081.5,10,0.16,0.05,0.0,0,0.19
4,166,3259.6,1,0.04,0.04,0.0,0,0.11
4,167,3357.7,100,0.87,0.14,0.0,0,1.13
4,168,818.6,68,0.16,1.57,0.047,0,0.89
4,169,1116.3,14,0.14,0.64,0.017,0,0.15
4,170,2200.2,4,0.04,0.09,0.0,0,0.07
4,171,1341.0,5,0.28,0.34,0.006,0,0.33
4,172,1097.1,20,0.06,1.76,0.011,0,0.25
4,173,2640.3,17,0.11,0.11,0.0,0,0.2
4,174,1101.8,12,0.18,1.83,0.008,0,0.74
4,175,1365.5,8,0.61,2.96,0.007,0,0.61
4,176,741.7,40,0.55,4.42,0.056,0,1.09
4,177,1932.0,31,0.29,1.61,0.001,0,0.85
4,178,2719.2,6,0.02,0.07,0.0,0,0.08
4,179,2867.2,54,0.11,0.46,0.0,0,0.95
4,180,1757.4,13,0.34,0.99,0.001,0,0.57
4,181,1409.6,8,0.19,0.29,0.008,0,0.23
4,182,3213.9,1,0.0,0.01,0.0,0,0.03
4,183,3364.1,8,0.03,0.03,0.0,0,0.09
4,184,958.9,21,0.19,3.14,0.018,0,0.37
4,185,1289.1,75,0.14,2.36,0.009,0,0.91
4,186,2165.7,29,0.29,0.56,0.0,0,0.4
4,187,3973.8,2,0.03,0.01,0.0,0,0.09
4,188,1671.5,4,0.04,0.45,0.002,0,0.09
4,189,3567.2,0,0.01,0.0,0.0,0,0.01
4,190,142.6,665,13.13,5.87,0.418,0,15.69
4,191,2177.7,13,0.05,0.57,0.0,0,0.3
4,192,2134.6,5,0.06,0.29,0.0,0,0.06
4,193,816.9,38,0.34,0.5,0.023,0,0.43
4,194,1542.2,24,0.1,0.67,0.002,0,0.36
4,195,2736.9,3,0.09,0.13,0.0,0,0.1
4,196,2099.8,3,0.04,0.09,0.0,0,0.07
4,197,1186.9,19,0.18,2.3,0.014,0,0.29
4,198,4179.6,1,0.02,0.0,0.0,0,0.06
4,199,2165.6,2,0.03,0.07,0.0,0,0.03
5,6,1372.5,59,2.4,5.65,0.008,0,2.48
5,7,990.6,228,2.24,5.54,0.018,0,2.37
5,8,2274.2,1,0.06,0.16,0.0,0,0.07
5,9,1938.7,9,0.14,1.4,0.001,0,0.29
5,10,561.5,60,0.44,3.96,0.078,0,0.71
5,11,2240.4,6,0.01,0.09,0.0,0,0.07
5,12,3449.0,1,0.02,0.03,0.0,0,0.04
5,13,2102.8,1,0.02,0.06,0.0,0,0.04
5,14,2845.2,1,0.01,0.02,0.0,0,0.01
5,15,2430.0,4,0.01,0.06,0.0,0,0.05
5,16,2118.5,3,0.03,0.09,0.0,0,0.04
5,17,2540.3,13,0.05,0.21,0.0,0,0.21
5,18,2748.2,1,0.01,0.02,0.0,0,0.03
5,19,3591.4,0,0.01,0.0,0.0,0,0.02
5,20,3492.6,73,0.52,0.08,0.0,0,0.88
5,21,119.3,154,3.28,13.19,0.28,0,4.45
5,22,2627.9,6,0.11,0.11,0.0,0,0.14
5,23,2747.4,1,0.02,0.01,0.0,0,0.03
5,24,1603.3,9,0.07,0.51,0.001,0,0.17
5,25,2700.3,4,0.19,0.1,0.0,0,0.22
5,26,1911.7,2,0.02,0.08,0.001,0,0.05
5,27,2742.5,2,0.14,0.1,0.0,0,0.15
5,28,2944.2,1,0.01,0.02,0.0,0,0.04
5,29,2285.3,5,0.01,0.11,0.0,0,0.12
5,30,3023.0,2,0.04,0.03,0.0,0,0.06
5,31,1786.5,80,0.89,2.31,0.0,0,0.93
5,32,2991.8,15,0.08,0.04,0.0,0,0.17
5,33,1181.7,7,0.12,0.55,0.004,0,0.18
5,34,3084.3,8,0.12,0.12,0.0,0,0.13
5,35,568.8,24,0.07,1.1,0.11,0,0.26
5,36,1710.2,16,0.12,0.59,0.002,0,0.3
5,37,2941.6,0,0.01,0.01,0.0,0,0.01
5,38,2441.8,1,0.01,0.03,0.0,0,0.05
5,39,2480.3,8,0.07,0.15,0.0,0,0.12
5,40,3711.6,13,0.13,0.02,0.0,0,0.14
5,41,2906.0,4,0.04,0.07,0.0,0,0.08
5,42,2551.0,7,0.09,0.06,0.0,0,0.12
5,43,2274.2,5,0.02,0.16,0.0,0,0.09
5,44,2795.5,0,0.01,0.02,0.0,0,0.02
5,45,1290.9,10,0.09,0.83,0.006,0,0.21
5,46,2369.2,5,0.04,0.11,0.0,0,0.08
5,47,1084.4,48,0.42,8.87,0.018,0,0.55
5,48,2596.0,6,0.08,0.09,0.0,0,0.09
5,49,1560.6,2,0.0,0.11,0.003,0,0.02
5,50,1115.2,91,0.53,2.48,0.017,0,1.09
5,51,3309.2,2,0.02,0.01,0.0,0,0.06
5,52,2698.3,2,0.03,0.05,0.0,0,0.05
5,53,2228.8,7,0.14,0.27,0.0,0,0.17
5,54,2562.4,4,0.02,0.33,0.0,0,0.2
5,55,2305.7,21,0.2,0.41,0.0,0,0.57
5,56,831.6,14,0.21,0.87,0.006,0,0.34
5,57,1369.9,17,0.14,0.67,0.009,0,0.25
5,58,1887.0,22,0.21,0.52,0.002,0,0.26
5,59,2294.6,43,0.05,0.37,0.0,0,0.51
5,60,2148.8,10,0.08,0.2,0.0,0,0.13
5,61,4151.7,1,0.01,0.0,0.0,0,0.04
5,62,1853.4,0,0.03,0.13,0.001,0,0.08
5,63,3528.0,0,0.01,0.0,0.0,0,0.01
5,64,1379.3,103,0.9,1.92,0.002,0,1.22
5,65,1515.6,26,0.31,3.53,0.004,0,0.63
5,66,861.7,26,0.24,5.26,0.026,0,0.32
5,67,2822.0,16,0.08,0.16,0.0,0,0.29
5,68,1641.0,74,0.63,0.5,0.003,0,1.06
5,69,2218.3,3,0.04,0.16,0.0,0,0.13
5,70,3587.3,2,0.06,0.02,0.0,0,0.1
5,71,710.0,205,6.18,26.48,0.022,0,6.22
5,72,2898.2,2,0.06,0.05,0.0,0,0.07
5,73,1398.7,150,0.5,6.25,0.008,0,3.28
5,74,1489.8,1,0.02,0.16,0.005,0,0.04
5,75,3377.8,10,0.03,0.05,0.0,0,0.17
5,76,3255.7,1,0.07,0.02,0.0,0,0.08
5,77,3691.6,3,0.02,0.01,0.0,0,0.05
5,78,2877.2,4,0.04,0.09,0.0,0,0.17
5,79,893.2,20,0.28,0.32,0.035,0,0.35
5,80,2079.7,1,0.04,0.21,0.001,0,0.11
5,81,2388.5,27,0.22,0.14,0.0,0,0.65
5,82,2120.8,18,0.37,0.88,0.001,0,0.4
5,83,2251.2,9,0.1,0.09,0.0,0,0.15
5,84,2178.5,3,0.02,0.09,0.0,0,0.05
5,85,1289.9,8,0.08,1.01,0.008,0,0.15
5,86,1771.9,37,0.2,2.04,0.001,0,0.44
5,87,2570.7,7,0.11,0.06,0.0,0,0.14
5,88,1789.5,5,0.16,0.27,0.001,0,0.16
5,89,2812.5,12,0.09,0.12,0.0,0,0.33
5,90,861.4,134,0.72,2.82,0.026,0,1.57
5,91,822.7,186,1.67,10.4,0.046,0,2.05
5,92,1778.4,8,0.13,0.25,0.002,0,0.14
5,93,2061.6,12,0.05,0.2,0.0,0,0.23
5,94,3093.3,4,0.04,0.03,0.0,0,0.06
5,95,1157.6,2,0.09,0.3,0.006,0,0.19
5,96,1399.6,48,0.49,1.22,0.008,0,0.53
5,97,2234.5,4,0.11,0.27,0.0,0,0.12
5,98,1785.2,12,0.18,0.43,0.001,0,0.46
5,99,962.5,6,0.17,1.55,0.034,0,0.22
5,100,1547.0,5,0.01,0.25,0.005,0,0.06
5,101,1146.0,7,0.16,0.93,0.015,0,0.22
5,102,2752.1,3,0.08,0.07,0.0,0,0.1
5,103,1344.1,31,0.23,0.44,0.008,0,0.34
5,104,807.4,72,0.66,3.99,0.055,0,0.78
5,105,2211.1,15,0.43,0.34,0.0,0,0.53
5,106,1001.0,140,3.07,16.5,0.021,0,3.3
5,107,3054.9,9,0.04,0.05,0.0,0,0.25
5,108,1913.2,4,0.04,1.03,0.001,0,0.07
5,109,1973.8,24,0.25,0.44,0.001,0,0.43
5,110,2486.7,1,0.02,0.03,0.0,0,0.02
5,111,1059.8,101,0.66,1.84,0.021,0,1.21
5,112,763.9,72,0.13,3.57,0.038,0,1.04
5,113,2191.4,340,1.56,2.14,0.0,0,4.28
5,114,1657.9,11,0.12,0.5,0.002,0,0.28
5,115,1390.2,21,0.28,1.79,0.002,0,0.48
5,116,1723.0,4,0.15,0.36,0.001,0,0.21
5,117,878.6,4,0.05,0.98,0.027,0,0.05
5,118,2557.7,32,0.31,0.38,0.0,0,0.53
5,119,1505.8,16,0.3,1.61,0.004,0,0.44
5,120,2756.0,23,0.18,0.19,0.0,0,0.42
5,121,1426.6,11,0.02,0.7,0.004,0,0.13
5,122,1378.9,48,0.32,2.94,0.002,0,1.21
5,123,647.0,32,0.33,1.31,0.054,0,0.86
5,124,1422.7,50,0.46,1.86,0.004,0,0.68
5,125,2236.9,61,0.41,1.5,0.0,0,1.38
5,126,1029.9,3,0.15,0.67,0.025,0,0.17
5,127,2425.3,3,0.02,0.1,0.0,0,0.04
5,128,1832.5,11,0.11,0.55,0.001,0,0.16
5,129,852.0,23,0.05,1.9,0.019,0,0.38
5,130,3449.2,0,0.0,0.0,0.0,0,0.01
5,131,2546.9,12,0.11,0.14,0.0,0,0.13
5,132,1811.3,0,0.03,0.18,0.001,0,0.06
5,133,982.7,64,0.73,3.09,0.003,0,1.08
5,134,1016.0,2,0.08,1.62,0.008,0,0.19
5,135,3935.5,7,0.03,0.02,0.0,0,0.27
5,136,2209.3,5,0.08,0.06,0.0,0,0.08
5,137,681.1,38,0.12,4.36,0.081,0,0.39
5,138,747.9,68,0.2,8.35,0.033,0,1.97
5,139,2164.9,4,0.03,0.08,0.0,0,0.05
5,140,402.5,65,1.69,6.83,0.045,0,2.09
5,141,3009.7,7,0.28,0.12,0.0,0,0.32
5,142,1008.0,13,0.07,0.46,0.009,0,0.17
5,143,2243.8,27,0.12,0.19,0.0,0,0.29
5,144,1848.2,7,0.13,0.53,0.002,0,0.23
5,145,2207.3,23,0.19,0.35,0.0,0,0.42
5,146,2493.0,0,0.01,0.04,0.0,0,0.03
5,147,713.4,16,0.18,0.99,0.005,0,0.34
5,148,2265.3,22,0.05,0.39,0.0,0,0.26
5,149,874.2,47,0.5,5.28,0.012,0,0.62
5,150,460.3,62,1.48,8.79,0.068,0,2.81
5,151,2039.7,4,0.09,0.34,0.001,0,0.23
5,152,2499.7,3,0.03,0.08,0.0,0,0.12
5,153,1148.1,26,0.22,2.05,0.013,0,0.54
5,154,3958.2,7,0.09,0.01,0.0,0,0.11
5,155,1092.0,5,0.25,1.35,0.004,0,0.31
5,156,1666.1,67,2.07,3.46,0.002,0,2.86
5,157,2482.7,10,0.1,0.14,0.0,0,0.16
5,158,2916.6,1,0.02,0.02,0.0,0,0.03
5,159,2390.2,27,0.1,0.35,0.0,0,0.3
5,160,907.1,16,0.11,0.89,0.037,0,0.42
5,161,636.5,72,1.38,9.69,0.043,0,2.36
5,162,530.3,290,2.51,11.96,0.132,0,3.07
5,163,2028.2,3,0.02,0.16,0.0,0,0.04
5,164,1089.8,172,1.1,3.82,0.018,0,2.01
5,165,2302.0,6,0.43,0.21,0.0,0,0.43
5,166,2417.3,14,0.16,0.28,0.0,0,0.29
5,167,3149.2,10,0.06,0.32,0.0,0,0.27
5,168,271.1,345,0.82,8.55,0.261,0,4.59
5,169,1954.2,9,0.12,0.21,0.0,0,0.22
5,170,1386.7,6,0.06,0.74,0.004,0,0.07
5,171,564.1,37,0.29,1.93,0.106,0,0.48
5,172,1938.5,3,0.03,0.44,0.001,0,0.06
5,173,2860.0,5,0.16,0.05,0.0,0,0.16
5,174,281.0,243,1.53,18.44,0.277,0,3.79
5,175,1700.3,8,0.63,1.64,0.002,0,0.73
5,176,1575.8,21,0.03,0.75,0.003,0,0.22
5,177,2542.2,10,0.33,0.5,0.0,0,0.33
5,178,1873.6,2,0.06,0.38,0.001,0,0.09
5,179,2221.1,98,2.4,2.72,0.0,0,2.87
5,180,942.4,94,1.12,5.68,0.023,0,1.35
5,181,638.3,114,1.26,1.69,0.038,0,1.49
5,182,2851.3,0,0.02,0.03,0.0,0,0.03
5,183,2949.2,8,0.09,0.06,0.0,0,0.11
5,184,1362.9,17,0.29,0.69,0.004,0,0.3
5,185,1593.5,39,0.37,1.01,0.005,0,0.4
5,186,2094.3,11,0.37,0.47,0.0,0,0.38
5,187,3463.5,8,0.1,0.01,0.0,0,0.21
5,188,2012.1,1,0.05,0.16,0.0,0,0.06
5,189,2960.1,3,0.01,0.02,0.0,0,0.04
5,190,976.6,14,0.04,2.07,0.017,0,0.21
5,191,1989.6,17,0.1,1.05,0.001,0,0.49
5,192,2346.5,25,0.08,0.22,0.0,0,0.26
5,193,1579.6,0,0.02,0.31,0.001,0,0.05
5,194,775.7,38,0.42,5.83,0.022,0,0.65
5,195,1888.7,16,0.26,0.78,0.002,0,0.51
5,196,2615.9,1,0.02,0.03,0.0,0,0.04
5,197,1048.1,13,0.05,1.47,0.012,0,0.33
5,198,3564.6,3,0.01,0.02,0.0,0,0.05
5,199,1349.8,5,0.08,0.25,0.007,0,0.12
6,7,2259.5,43,0.36,2.08,0.0,0,1.44
6,8,901.9,592,4.46,14.58,0.038,0,6.06
6,9,2389.7,270,2.35,2.7,0.0,0,3.36
6,10,1594.0,169,1.8,2.62,0.003,0,1.89
6,11,2938.3,21,0.17,0.22,0.0,0,0.35
6,12,4071.8,111,0.49,0.03,0.0,0,1.29
6,13,991.7,31,0.46,4.0,0.01,0,0.69
6,14,1539.1,29,0.32,0.91,0.003,0,0.51
6,15,3598.1,9,0.06,0.05,0.0,0,0.17
6,16,2773.4,20,0.12,0.1,0.0,0,0.29
6,17,1583.8,19,1.42,5.39,0.001,0,1.6
6,18,3032.4,22,0.09,0.14,0.0,0,0.29
6,19,4060.1,7,0.09,0.01,0.0,0,0.09
6,20,3967.6,93,1.01,0.2,0.0,0,3.74
6,21,1490.9,121,1.46,5.47,0.002,0,2.31
6,22,1852.6,45,1.46,2.93,0.0,0,2.48
6,23,3979.5,9,0.03,0.01,0.0,0,0.1
6,24,2151.0,27,0.1,0.58,0.0,0,0.3
6,25,3281.4,78,0.57,0.08,0.0,0,0.89
6,26,1357.4,32,0.71,2.51,0.007,0,0.74
6,27,4040.9,24,0.39,0.04,0.0,0,0.43
6,28,1744.2,78,0.61,1.32,0.001,0,1.74
6,29,3638.7,44,0.46,0.09,0.0,0,0.49
6,30,3713.7,24,0.09,0.04,0.0,0,0.3
6,31,3152.6,69,1.92,1.06,0.0,0,2.82
6,32,3532.8,16,0.22,0.17,0.0,0,0.35
6,33,2544.1,15,0.08,0.22,0.0,0,0.21
6,34,2364.6,204,1.79,2.58,0.0,0,2.21
6,35,803.7,116,2.02,5.98,0.007,0,2.49
6,36,859.2,335,1.23,20.09,0.021,0,5.18
6,37,3909.3,2,0.0,0.01,0.0,0,0.02
6,38,2754.3,14,0.1,0.08,0.0,0,0.17
6,39,1109.2,65,1.32,22.43,0.006,0,1.91
6,40,2478.9,58,0.9,1.93,0.0,0,1.03
6,41,3976.0,33,0.75,0.04,0.0,0,0.97
6,42,3516.2,30,0.15,0.1,0.0,0,0.38
6,43,3343.3,17,0.11,0.12,0.0,0,0.27
6,44,4077.4,7,0.05,0.01,0.0,0,0.09
6,45,2663.2,37,0.49,0.22,0.0,0,0.56
6,46,3729.8,35,0.13,0.03,0.0,0,0.41
6,47,1668.0,52,0.6,9.22,0.001,0,4.34
6,48,2794.9,43,0.82,0.42,0.0,0,0.9
6,49,1628.6,12,0.18,0.61,0.003,0,0.2
6,50,1111.2,625,1.7,14.66,0.015,0,6.44
6,51,3454.3,5,0.12,0.08,0.0,0,0.24
6,52,4070.1,21,0.2,0.03,0.0,0,0.23
6,53,3515.4,71,0.56,0.12,0.0,0,0.73
6,54,2764.5,63,0.76,1.19,0.0,0,0.91
6,55,3619.9,49,0.46,0.17,0.0,0,1.14
6,56,2204.0,19,0.1,0.56,0.0,0,0.24
6,57,602.6,217,2.02,13.08,0.12,0,3.24
6,58,1254.7,42,1.46,18.95,0.012,0,1.66
6,59,3129.1,89,0.59,0.83,0.0,0,0.94
6,60,810.1,271,0.95,10.42,0.035,0,5.46
6,61,4910.7,4,0.13,0.0,0.0,0,0.19
6,62,1393.0,98,1.27,2.24,0.001,0,1.5
6,63,4285.3,8,0.12,0.0,0.0,0,0.12
6,64,1196.7,386,3.05,16.02,0.009,0,4.28
6,65,781.2,443,12.07,55.28,0.066,0,15.69
6,66,1623.5,74,0.45,3.69,0.002,0,0.91
6,67,3017.2,167,1.58,1.1,0.0,0,3.01
6,68,2953.8,32,0.25,0.27,0.0,0,0.58
6,69,910.0,37,0.62,7.67,0.009,0,1.55
6,70,4278.5,7,0.16,0.04,0.0,0,0.16
6,71,1400.3,238,3.57,30.04,0.006,0,5.22
6,72,4042.4,11,0.09,0.03,0.0,0,0.54
6,73,1806.8,490,4.55,8.6,0.002,0,5.51
6,74,581.4,48,0.65,3.17,0.02,0,0.82
6,75,4428.6,14,0.24,0.03,0.0,0,0.49
6,76,3853.4,17,0.24,0.05,0.0,0,0.85
6,77,2455.9,13,0.1,0.33,0.0,0,0.39
6,78,2232.5,106,1.04,1.43,0.0,0,1.55
6,79,1203.9,13,0.16,1.74,0.003,0,0.2
6,80,741.7,209,2.47,13.35,0.061,0,3.34
6,81,3761.0,35,0.31,0.12,0.0,0,1.16
6,82,3485.0,265,2.8,0.53,0.0,0,3.01
6,83,901.4,207,0.8,7.26,0.033,0,4.32
6,84,1429.2,44,0.17,3.84,0.003,0,0.68
6,85,2655.4,31,0.18,0.35,0.0,0,0.44
6,86,1898.3,54,0.28,7.27,0.001,0,1.01
6,87,3673.0,45,0.29,0.1,0.0,0,0.47
6,88,3067.7,25,0.07,0.15,0.0,0,0.51
6,89,1764.4,129,0.45,8.28,0.001,0,1.54
6,90,669.1,379,2.77,24.59,0.014,0,7.96
6,91,1498.3,660,1.76,13.59,0.004,0,6.85
6,92,2741.3,12,0.03,0.15,0.0,0,0.29
6,93,2761.6,52,0.27,0.26,0.0,0,0.6
6,94,4261.4,6,0.18,0.01,0.0,0,0.19
6,95,618.6,169,0.49,8.29,0.069,0,1.97
6,96,398.8,1149,8.08,69.51,0.13,2,19.39
6,97,862.0,72,4.16,35.21,0.016,0,4.82
6,98,2334.1,63,0.93,1.17,0.0,0,1.3
6,99,473.3,107,2.2,25.07,0.096,0,5.84
6,100,2758.2,3,0.09,0.1,0.0,0,0.11
6,101,1453.7,67,0.44,5.86,0.004,0,0.72
6,102,3988.5,4,0.23,0.03,0.0,0,0.39
6,103,858.2,224,1.28,7.04,0.011,0,2.6
6,104,1836.0,48,0.34,1.86,0.002,0,1.49
6,105,1474.8,273,2.24,12.5,0.005,0,2.74
6,106,391.9,5445,58.55,359.76,0.242,31,58.55
6,107,3173.8,20,0.55,0.18,0.0,0,0.75
6,108,1480.3,191,1.26,6.88,0.003,0,2.04
6,109,2646.3,26,0.23,0.51,0.0,0,0.31
6,110,1406.4,3,0.17,0.86,0.008,0,0.17
6,111,1199.3,375,2.54,4.45,0.007,0,4.64
6,112,2028.1,135,0.84,1.96,0.001,0,3.37
6,113,1837.3,485,7.47,37.26,0.001,0,16.62
6,114,1941.6,44,0.44,2.29,0.001,0,0.62
6,115,2247.7,109,1.79,1.75,0.0,0,1.97
6,116,810.0,102,1.83,16.95,0.029,0,2.76
6,117,945.5,95,0.54,3.89,0.007,0,1.8
6,118,1541.1,74,2.41,16.38,0.004,0,3.72
6,119,214.1,3980,102.81,120.37,0.291,7,115.26
6,120,3528.2,26,0.9,0.21,0.0,0,1.2
6,121,1877.1,7,0.19,0.81,0.0,0,0.37
6,122,2126.5,176,1.92,4.68,0.001,0,6.26
6,123,1528.9,15,0.1,1.39,0.001,0,0.48
6,124,52.9,16045,218.29,162.25,0.498,20,498.81
6,125,1942.3,374,1.01,22.95,0.001,0,3.85
6,126,1955.1,11,0.72,0.92,0.001,0,0.74
6,127,3778.7,16,0.37,0.05,0.0,0,0.41
6,128,3202.7,11,0.27,0.16,0.0,0,0.43
6,129,586.4,368,1.94,9.72,0.056,0,4.14
6,130,2200.9,29,0.11,0.29,0.001,0,0.34
6,131,3912.7,11,0.37,0.05,0.0,0,0.45
6,132,2075.6,64,0.35,0.47,0.0,0,0.7
6,133,1486.9,199,1.43,10.98,0.003,0,2.2
6,134,853.4,24,0.44,13.98,0.044,0,1.14
6,135,4589.3,76,1.59,0.03,0.0,0,1.83
6,136,3040.6,4,0.1,0.11,0.0,0,0.16
6,137,1008.9,39,2.26,7.79,0.021,0,2.26
6,138,626.5,1008,11.69,106.0,0.04,0,14.1
6,139,1427.0,11,0.14,2.08,0.007,0,0.25
6,140,1090.6,42,1.2,14.18,0.008,0,2.62
6,141,1733.3,83,2.67,8.82,0.002,0,3.97
6,142,2379.3,17,0.15,0.17,0.0,0,0.33
6,143,871.6,349,1.57,14.64,0.024,0,4.8
6,144,2461.1,219,1.79,1.24,0.0,0,2.34
6,145,1352.1,346,4.45,16.2,0.005,0,5.85
6,146,1149.1,46,0.22,5.15,0.006,0,1.0
6,147,1495.0,17,0.12,1.36,0.003,0,0.21
6,148,1220.7,275,3.3,12.92,0.003,0,3.33
6,149,2246.6,61,0.95,1.62,0.0,0,1.2
6,150,1120.0,289,1.09,16.68,0.019,0,3.08
6,151,1375.0,117,2.89,7.41,0.005,0,3.22
6,152,3871.0,17,0.44,0.03,0.0,0,0.59
6,153,549.5,1554,16.53,33.01,0.064,0,17.44
6,154,4876.8,37,0.09,0.01,0.0,0,0.41
6,155,2399.7,18,0.27,0.61,0.0,0,0.8
6,156,2511.5,103,3.73,4.63,0.0,0,5.86
6,157,1519.4,179,1.92,9.64,0.004,0,2.1
6,158,3718.6,3,0.02,0.03,0.0,0,0.08
6,159,3582.1,13,0.32,0.2,0.0,0,0.48
6,160,2017.2,48,0.31,0.56,0.001,0,0.8
6,161,1822.6,103,0.74,7.9,0.002,0,1.68
6,162,1427.5,190,0.41,23.26,0.006,0,3.16
6,163,3396.9,16,0.15,0.08,0.0,0,0.2
6,164,930.4,949,11.11,60.66,0.026,0,12.91
6,165,3489.0,14,0.03,0.14,0.0,0,0.17
6,166,3728.6,84,0.91,0.16,0.0,0,1.17
6,167,3375.5,34,1.25,0.33,0.0,0,2.74
6,168,1276.1,89,0.67,7.05,0.006,0,1.08
6,169,581.8,152,1.89,25.42,0.094,0,2.55
6,170,2650.1,28,0.06,0.29,0.0,0,0.35
6,171,1879.9,13,0.59,2.45,0.001,0,0.59
6,172,743.8,207,3.23,23.49,0.065,0,4.46
6,173,2417.0,39,1.0,1.11,0.0,0,1.03
6,174,1631.8,61,0.78,4.28,0.004,0,3.52
6,175,1185.6,342,7.05,18.01,0.013,0,7.32
6,176,203.4,2090,21.26,52.04,0.09,2,23.0
6,177,1484.5,286,5.61,34.33,0.004,0,10.87
6,178,3196.3,19,0.18,0.21,0.0,0,0.27
6,179,3182.8,235,0.58,2.23,0.0,0,5.03
6,180,2218.0,349,1.72,2.89,0.0,0,3.63
6,181,1949.4,32,0.28,1.08,0.001,0,0.48
6,182,3335.0,16,0.16,0.02,0.0,0,0.17
6,183,3513.5,80,0.71,0.18,0.0,0,0.81
6,184,1221.6,161,1.05,8.35,0.004,0,3.65
6,185,1551.4,416,3.83,8.91,0.004,0,7.04
6,186,2163.5,36,0.37,2.71,0.0,0,0.81
6,187,4169.9,13,0.08,0.02,0.0,0,0.52
6,188,1440.7,34,0.52,2.06,0.006,0,0.64
6,189,3838.6,5,0.04,0.01,0.0,0,0.18
6,190,404.1,1235,8.92,17.98,0.029,2,15.09
6,191,2247.3,170,2.65,4.02,0.0,0,2.69
6,192,1949.1,221,0.7,3.07,0.001,0,3.29
6,193,328.6,689,5.28,19.46,0.119,0,8.04
6,194,2083.0,184,1.97,2.52,0.001,0,2.9
6,195,3217.7,18,0.28,0.15,0.0,0,0.68
6,196,1707.8,7,0.16,2.13,0.002,0,0.35
6,197,1368.3,293,1.84,6.57,0.007,0,3.01
6,198,4444.8,69,0.61,0.03,0.0,0,0.79
6,199,2702.4,13,0.04,0.13,0.0,0,0.18
7,8,3135.7,15,0.12,0.06,0.0,0,0.19
7,9,2609.1,27,0.07,0.65,0.0,0,0.49
7,10,691.1,194,1.69,8.78,0.057,0,3.22
7,11,2698.5,22,0.34,0.1,0.0,0,0.36
7,12,3830.5,3,0.04,0.03,0.0,0,0.33
7,13,2761.2,0,0.01,0.02,0.0,0,0.02
7,14,3784.9,3,0.03,0.0,0.0,0,0.03
7,15,2334.3,7,0.11,0.34,0.0,0,0.15
7,16,2628.4,3,0.05,0.05,0.0,0,0.14
7,17,3530.8,39,0.14,0.04,0.0,0,0.41
7,18,3411.0,6,0.13,0.02,0.0,0,0.17
7,19,4073.3,1,0.04,0.0,0.0,0,0.05
7,20,3977.6,22,0.37,0.08,0.0,0,0.52
7,21,904.6,106,0.84,7.35,0.014,0,1.2
7,22,3610.8,1,0.1,0.03,0.0,0,0.13
7,23,2498.2,1,0.09,0.08,0.0,0,0.09
7,24,2280.1,11,0.24,0.38,0.0,0,0.42
7,25,3184.7,7,0.04,0.08,0.0,0,0.19
7,26,2294.5,9,0.06,0.11,0.0,0,0.13
7,27,2346.9,39,0.34,0.8,0.0,0,0.54
7,28,3917.4,4,0.02,0.01,0.0,0,0.06
7,29,1747.0,14,0.53,0.86,0.002,0,0.54
7,30,3389.1,8,0.05,0.02,0.0,0,0.14
7,31,1230.6,206,3.21,43.88,0.009,0,5.09
7,32,3474.1,27,0.05,0.03,0.0,0,0.31
7,33,489.7,107,1.94,4.75,0.08,0,2.22
7,34,4054.8,15,0.11,0.03,0.0,0,0.28
7,35,1492.8,17,0.24,0.72,0.006,0,0.25
7,36,2699.1,40,0.2,0.17,0.0,0,0.44
7,37,3051.9,0,0.01,0.02,0.0,0,0.03
7,38,3120.5,1,0.01,0.02,0.0,0,0.08
7,39,3330.4,8,0.02,0.03,0.0,0,0.16
7,40,4681.7,47,0.49,0.01,0.0,0,0.6
7,41,2895.3,5,0.17,0.12,0.0,0,0.19
7,42,2711.8,13,0.13,0.18,0.0,0,0.17
7,43,2349.4,9,0.02,0.25,0.0,0,0.15
7,44,2435.4,10,0.12,0.11,0.0,0,0.15
7,45,747.5,104,1.4,4.88,0.009,0,1.53
7,46,1782.9,41,0.11,0.86,0.002,0,0.82
7,47,1047.7,67,4.15,11.75,0.019,0,4.24
7,48,3315.9,49,0.19,0.06,0.0,0,0.52
7,49,1661.5,3,0.13,0.36,0.002,0,0.25
7,50,1533.9,64,1.13,2.09,0.002,0,1.14
7,51,3999.6,11,0.13,0.01,0.0,0,0.31
7,52,1928.5,10,0.14,0.39,0.001,0,0.36
7,53,1923.7,13,0.45,1.42,0.001,0,0.46
7,54,3283.9,15,0.22,0.16,0.0,0,0.57
7,55,1912.9,58,1.11,1.56,0.001,0,1.61
7,56,563.7,91,1.34,6.75,0.134,0,1.88
7,57,2051.3,8,0.17,0.71,0.0,0,0.18
7,58,2871.6,10,0.25,0.22,0.0,0,0.48
7,59,2627.3,310,1.14,0.84,0.0,0,4.16
7,60,2956.0,17,0.06,0.05,0.0,0,0.23
7,61,4369.2,25,0.07,0.01,0.0,0,0.27
7,62,2823.0,2,0.04,0.05,0.0,0,0.09
7,63,3791.9,3,0.02,0.01,0.0,0,0.04
7,64,2342.5,16,1.09,1.03,0.0,0,1.48
7,65,2505.3,155,0.28,0.93,0.0,0,2.3
7,66,862.8,97,0.2,5.8,0.034,0,0.98
7,67,3523.7,39,0.16,0.08,0.0,0,0.65
7,68,1374.9,105,2.0,5.3,0.007,0,2.22
7,69,3152.3,3,0.05,0.05,0.0,0,0.07
7,70,3903.0,21,0.21,0.04,0.0,0,0.22
7,71,1583.6,160,0.87,13.72,0.002,0,2.88
7,72,2783.1,14,0.25,0.14,0.0,0,0.26
7,73,2191.1,96,0.76,3.47,0.0,0,1.29
7,74,2185.1,9,0.09,0.07,0.0,0,0.1
7,75,3346.7,28,0.3,0.08,0.0,0,0.31
7,76,3672.6,49,0.26,0.05,0.0,0,0.51
7,77,4660.8,3,0.12,0.0,0.0,0,0.15
7,78,3840.6,4,0.08,0.03,0.0,0,0.22
7,79,1279.3,8,0.2,0.58,0.002,0,0.2
7,80,2997.0,3,0.12,0.12,0.0,0,0.15
7,81,1664.1,39,0.62,3.24,0.001,0,1.39
7,82,1534.3,56,4.37,7.15,0.003,0,4.52
7,83,3160.6,5,0.09,0.05,0.0,0,0.11
7,84,3165.2,4,0.13,0.03,0.0,0,0.16
7,85,589.9,32,1.26,7.97,0.085,0,1.29
7,86,2613.2,18,0.51,1.17,0.0,0,0.57
7,87,2556.1,7,0.14,0.39,0.0,0,0.25
7,88,1586.8,24,0.3,1.7,0.004,0,0.78
7,89,3801.5,8,0.19,0.04,0.0,0,0.38
7,90,1843.0,17,0.12,1.73,0.001,0,0.54
7,91,961.9,211,3.62,16.52,0.021,0,5.69
7,92,2080.9,14,0.38,0.54,0.0,0,0.42
7,93,2547.2,31,0.27,0.18,0.0,0,0.36
7,94,2921.8,7,0.13,0.06,0.0,0,0.14
7,95,1849.7,8,0.02,0.3,0.0,0,0.13
7,96,2162.7,14,0.08,1.2,0.0,0,0.27
7,97,3099.2,9,0.1,0.18,0.0,0,0.13
7,98,2424.9,21,0.1,0.38,0.0,0,0.25
7,99,1795.4,12,0.07,1.28,0.001,0,0.43
7,100,1557.9,13,0.1,0.56,0.003,0,0.14
7,101,1309.8,12,0.33,3.1,0.01,0,0.95
7,102,2493.8,4,0.05,0.33,0.0,0,0.19
7,103,2334.1,8,0.16,0.26,0.0,0,0.21
7,104,1399.6,12,0.16,2.7,0.004,0,0.76
7,105,3196.6,12,0.1,0.08,0.0,0,0.24
7,106,1931.2,429,6.76,8.96,0.001,0,8.84
7,107,3775.3,13,0.1,0.03,0.0,0,0.18
7,108,2876.4,2,0.14,0.21,0.0,0,0.21
7,109,2495.6,28,0.08,0.22,0.0,0,0.41
7,110,3471.7,1,0.01,0.0,0.0,0,0.02
7,111,1422.2,17,0.49,2.3,0.004,0,1.04
7,112,1050.9,132,0.98,5.92,0.025,0,1.38
7,113,3126.9,77,1.21,1.15,0.0,0,1.63
7,114,2455.6,24,0.29,0.18,0.0,0,0.37
7,115,1900.6,95,0.62,0.79,0.002,0,1.31
7,116,2351.8,32,0.33,0.2,0.0,0,0.5
7,117,1863.4,1,0.07,0.78,0.001,0,0.09
7,118,3547.0,25,0.24,0.12,0.0,0,0.31
7,119,2426.7,45,0.45,0.92,0.0,0,0.8
7,120,3082.2,20,0.18,0.38,0.0,0,0.33
7,121,2193.2,29,0.17,0.28,0.001,0,0.32
7,122,1980.3,72,0.81,5.11,0.0,0,1.42
7,123,1447.4,8,0.03,0.84,0.003,0,0.23
7,124,2304.1,49,0.47,0.88,0.0,0,0.52
7,125,3156.9,101,1.72,0.67,0.0,0,4.39
7,126,1610.4,9,0.13,0.63,0.004,0,0.14
7,127,1872.8,36,0.1,0.81,0.001,0,0.89
7,128,1090.3,45,1.31,6.47,0.007,0,2.18
7,129,1814.8,22,0.42,0.62,0.001,0,0.52
7,130,4413.9,4,0.03,0.0,0.0,0,0.07
7,131,1910.0,25,0.17,1.35,0.001,0,0.53
7,132,2593.3,0,0.01,0.07,0.0,0,0.05
7,133,1115.5,110,0.87,9.02,0.011,0,2.27
7,134,1612.2,8,0.07,0.96,0.003,0,0.22
7,135,4256.4,34,0.06,0.07,0.0,0,0.44
7,136,2558.7,2,0.06,0.11,0.0,0,0.15
7,137,1302.2,27,0.54,2.57,0.009,0,1.28
7,138,1649.1,54,0.7,2.37,0.002,0,0.72
7,139,3151.1,12,0.16,0.03,0.0,0,0.17
7,140,1392.0,35,0.54,4.66,0.005,0,1.14
7,141,3962.9,41,0.42,0.11,0.0,0,0.44
7,142,527.8,24,0.16,3.39,0.078,0,1.17
7,143,3105.1,13,0.14,0.13,0.0,0,0.18
7,144,2435.1,22,0.1,0.7,0.0,0,0.38
7,145,3197.6,15,0.32,0.2,0.0,0,0.98
7,146,3407.8,1,0.04,0.01,0.0,0,0.05
7,147,1540.0,2,0.06,0.48,0.003,0,0.14
7,148,3251.1,9,0.17,0.1,0.0,0,0.24
7,149,566.2,140,4.9,21.39,0.055,0,8.01
7,150,1441.4,10,0.51,4.5,0.007,0,0.63
7,151,3023.3,14,0.18,0.12,0.0,0,0.19
7,152,1808.7,36,0.19,0.62,0.002,0,0.66
7,153,2128.6,97,0.6,0.6,0.0,0,1.38
7,154,4034.6,19,0.07,0.02,0.0,0,0.35
7,155,1052.0,21,0.25,3.94,0.026,0,0.44
7,156,2112.0,332,2.18,6.46,0.0,0,3.74
7,157,3473.1,37,0.31,0.09,0.0,0,0.58
7,158,3197.8,1,0.03,0.03,0.0,0,0.08
7,159,2259.5,5,0.27,1.19,0.0,0,0.34
7,160,1351.2,16,0.08,1.25,0.009,0,0.32
7,161,1156.4,71,0.2,7.15,0.013,0,1.93
7,162,862.4,252,3.28,23.54,0.045,0,4.24
7,163,1252.9,100,0.44,1.88,0.005,0,1.1
7,164,2074.7,28,0.52,2.23,0.001,0,1.24
7,165,2193.1,37,0.57,1.71,0.0,0,0.8
7,166,2019.8,87,0.25,3.14,0.0,0,1.23
7,167,3809.2,88,0.89,0.15,0.0,0,1.34
7,168,1233.6,39,0.11,4.06,0.005,0,0.41
7,169,2827.9,12,0.02,0.07,0.0,0,0.13
7,170,1338.5,10,0.44,1.95,0.006,0,0.47
7,171,429.3,35,0.66,6.93,0.182,0,1.43
7,172,2666.4,10,0.18,0.23,0.0,0,0.75
7,173,3785.3,11,0.1,0.04,0.0,0,0.16
7,174,715.0,302,3.62,21.53,0.035,0,6.91
7,175,2681.5,74,0.2,0.44,0.0,0,0.81
7,176,2457.9,15,0.19,0.43,0.0,0,0.28
7,177,3529.3,191,1.67,0.21,0.0,0,2.36
7,178,1521.1,11,0.34,1.81,0.003,0,0.35
7,179,2436.3,187,3.6,5.48,0.0,0,4.06
7,180,1079.2,283,3.1,10.82,0.019,0,5.46
7,181,356.4,387,1.51,13.8,0.281,0,4.92
7,182,3386.1,4,0.04,0.02,0.0,0,0.06
7,183,3419.2,21,0.14,0.14,0.0,0,0.29
7,184,1712.0,39,0.37,0.82,0.002,0,0.4
7,185,1759.8,62,1.02,2.84,0.001,0,1.44
7,186,2918.4,48,0.27,0.33,0.0,0,0.64
7,187,3776.4,4,0.08,0.02,0.0,0,0.12
7,188,2988.3,5,0.08,0.06,0.0,0,0.21
7,189,3163.2,3,0.03,0.02,0.0,0,0.04
7,190,1857.2,33,0.26,0.71,0.001,0,0.47
7,191,2749.6,40,0.43,0.68,0.0,0,0.76
7,192,3282.9,12,0.26,0.08,0.0,0,0.32
7,193,2515.0,2,0.02,0.08,0.0,0,0.06
7,194,227.9,814,15.11,42.2,0.086,3,16.1
7,195,1510.9,35,0.45,5.01,0.006,0,0.74
7,196,3605.9,13,0.14,0.01,0.0,0,0.18
7,197,1952.6,51,0.68,1.14,0.001,0,0.72
7,198,3709.6,15,0.15,0.03,0.0,0,0.27
7,199,546.0,70,0.15,4.79,0.134,0,1.25
8,9,3012.3,39,0.16,0.07,0.0,0,0.48
8,10,2453.9,2,0.01,0.06,0.0,0,0.08
8,11,3617.2,4,0.04,0.01,0.0,0,0.05
8,12,4656.0,5,0.05,0.0,0.0,0,0.06
8,13,851.8,2,0.06,0.56,0.025,0,0.14
8,14,825.2,2,0.05,0.63,0.01,0,0.05
8,15,4433.7,0,0.02,0.0,0.0,0,0.03
8,16,3446.0,0,0.0,0.01,0.0,0,0.01
8,17,1414.7,34,0.39,0.92,0.004,0,0.43
8,18,3511.3,4,0.04,0.0,0.0,0,0.06
8,19,4565.7,0,0.0,0.0,0.0,0,0.01
8,20,4481.2,7,0.08,0.01,0.0,0,0.11
8,21,2392.8,2,0.02,0.11,0.0,0,0.04
8,22,1797.9,2,0.04,0.27,0.001,0,0.05
8,23,4834.0,0,0.0,0.0,0.0,0,0.01
8,24,2839.5,3,0.03,0.03,0.0,0,0.04
8,25,3887.2,3,0.05,0.01,0.0,0,0.07
8,26,1614.6,11,0.13,0.12,0.004,0,0.18
8,27,4919.2,6,0.08,0.0,0.0,0,0.09
8,28,1195.1,10,0.1,0.59,0.008,0,0.14
8,29,4536.3,1,0.04,0.0,0.0,0,0.04
8,30,4347.1,2,0.01,0.0,0.0,0,0.03
8,31,4053.8,4,0.08,0.03,0.0,0,0.31
8,32,4104.1,0,0.01,0.0,0.0,0,0.03
8,33,3441.9,0,0.0,0.01,0.0,0,0.01
8,34,2255.4,1,0.11,0.27,0.0,0,0.14
8,35,1705.4,0,0.01,0.24,0.001,0,0.02
8,36,1175.2,40,0.23,1.57,0.009,0,0.55
8,37,4659.0,0,0.0,0.0,0.0,0,0.0
8,38,3274.2,0,0.01,0.01,0.0,0,0.02
8,39,210.5,331,1.43,7.55,0.389,0,4.83
8,40,1793.0,33,0.74,0.72,0.002,0,1.07
8,41,4766.9,7,0.06,0.0,0.0,0,0.09
8,42,4276.6,1,0.01,0.0,0.0,0,0.05
8,43,4148.1,1,0.01,0.0,0.0,0,0.03
8,44,4949.7,0,0.0,0.0,0.0,0,0.01
8,45,3565.0,3,0.04,0.0,0.0,0,0.05
8,46,4629.3,0,0.02,0.0,0.0,0,0.04
8,47,2411.6,12,0.18,0.47,0.0,0,0.19
8,48,3252.3,10,0.05,0.02,0.0,0,0.11
8,49,2177.3,1,0.01,0.04,0.001,0,0.02
8,50,1795.6,10,0.07,0.95,0.002,0,0.11
8,51,3820.9,0,0.02,0.0,0.0,0,0.03
8,52,4971.0,0,0.01,0.0,0.0,0,0.02
8,53,4392.7,17,0.06,0.0,0.0,0,0.18
8,54,3226.8,15,0.06,0.06,0.0,0,0.23
8,55,4505.5,5,0.07,0.01,0.0,0,0.09
8,56,3105.8,2,0.02,0.01,0.0,0,0.03
8,57,1177.1,15,0.17,1.03,0.011,0,0.2
8,58,1534.2,6,0.32,0.79,0.001,0,0.48
8,59,3852.6,14,0.18,0.03,0.0,0,0.5
8,60,299.8,7,0.06,4.02,0.185,0,0.43
8,61,5533.6,1,0.0,0.0,0.0,0,0.03
8,62,1744.5,0,0.03,0.18,0.001,0,0.04
8,63,4927.3,0,0.0,0.0,0.0,0,0.01
8,64,1790.7,2,0.05,0.56,0.001,0,0.21
8,65,1257.1,197,2.5,4.2,0.009,0,4.05
8,66,2424.0,1,0.06,0.11,0.0,0,0.14
8,67,3450.2,64,0.64,0.05,0.0,0,0.69
8,68,3842.3,3,0.03,0.01,0.0,0,0.06
8,69,455.6,54,0.32,2.86,0.074,0,0.61
8,70,4888.3,3,0.05,0.0,0.0,0,0.09
8,71,2234.8,6,0.23,0.57,0.0,0,0.28
8,72,4862.1,1,0.03,0.0,0.0,0,0.03
8,73,2491.8,23,0.24,0.23,0.0,0,0.38
8,74,1057.9,4,0.04,0.09,0.023,0,0.08
8,75,5202.5,4,0.04,0.0,0.0,0,0.06
8,76,4435.4,3,0.02,0.0,0.0,0,0.04
8,77,1767.5,16,0.17,0.25,0.002,0,0.18
8,78,2212.3,5,0.13,0.15,0.0,0,0.16
8,79,1970.0,0,0.02,0.04,0.001,0,0.02
8,80,364.5,38,0.84,4.15,0.121,0,1.38
8,81,4662.7,2,0.01,0.0,0.0,0,0.03
8,82,4385.6,7,0.22,0.01,0.0,0,0.25
8,83,281.3,24,0.7,2.89,0.17,0,1.63
8,84,1533.5,14,0.04,0.34,0.005,0,0.17
8,85,3554.1,7,0.06,0.01,0.0,0,0.09
8,86,2447.9,10,0.1,0.34,0.0,0,0.41
8,87,4482.9,2,0.08,0.0,0.0,0,0.08
8,88,3945.9,2,0.02,0.0,0.0,0,0.02
8,89,1430.3,12,0.19,1.55,0.006,0,0.2
8,90,1523.0,43,0.16,0.59,0.004,0,0.54
8,91,2296.7,19,0.36,0.42,0.0,0,0.38
8,92,3529.9,0,0.01,0.01,0.0,0,0.02
8,93,3453.2,2,0.1,0.02,0.0,0,0.13
8,94,5087.7,0,0.02,0.0,0.0,0,0.03
8,95,1332.3,2,0.08,0.26,0.008,0,0.09
8,96,1002.9,8,0.39,1.92,0.016,0,0.48
8,97,41.9,3450,18.06,18.4,0.239,1,36.1
8,98,3002.8,3,0.07,0.03,0.0,0,0.09
8,99,1342.9,17,0.17,0.98,0.005,0,0.17
8,100,3621.6,0,0.0,0.0,0.0,0,0.01
8,101,2148.8,7,0.15,0.09,0.001,0,0.16
8,102,4844.5,2,0.01,0.0,0.0,0,0.03
8,103,1453.3,4,0.09,0.52,0.001,0,0.12
8,104,2689.8,1,0.03,0.04,0.0,0,0.07
8,105,1573.9,39,0.44,0.65,0.001,0,0.46
8,106,1285.3,108,1.74,5.16,0.002,0,1.75
8,107,3549.5,1,0.05,0.01,0.0,0,0.08
8,108,1819.6,14,0.06,0.58,0.002,0,0.14
8,109,3335.5,4,0.01,0.01,0.0,0,0.08
8,110,1139.4,3,0.02,0.26,0.005,0,0.06
8,111,1907.7,25,0.14,0.18,0.0,0,0.26
8,112,2915.8,3,0.02,0.06,0.0,0,0.06
8,113,2126.2,168,0.41,1.89,0.0,0,1.81
8,114,2554.5,8,0.09,0.09,0.0,0,0.14
8,115,3031.0,15,0.12,0.03,0.0,0,0.16
8,116,1067.3,6,0.1,1.77,0.001,0,0.21
8,117,1745.9,3,0.12,0.05,0.002,0,0.13
8,118,1312.1,59,0.5,2.55,0.008,0,0.73
8,119,803.2,81,1.11,6.18,0.056,0,1.19
8,120,4207.1,6,0.06,0.01,0.0,0,0.09
8,121,2566.5,3,0.02,0.02,0.0,0,0.04
8,122,2886.0,24,0.2,0.25,0.0,0,0.34
8,123,2381.9,1,0.02,0.03,0.0,0,0.03
8,124,851.5,85,1.13,4.0,0.014,0,1.35
8,125,2245.9,34,0.47,1.11,0.0,0,1.05
8,126,2778.3,1,0.03,0.02,0.0,0,0.03
8,127,4676.1,1,0.02,0.0,0.0,0,0.02
8,128,4102.8,2,0.03,0.0,0.0,0,0.05
8,129,1467.4,3,0.09,0.48,0.007,0,0.18
8,130,1514.3,1,0.01,0.12,0.003,0,0.02
8,131,4813.6,0,0.03,0.0,0.0,0,0.04
8,132,2658.2,3,0.02,0.03,0.0,0,0.05
8,133,2240.1,12,0.1,0.22,0.0,0,0.15
8,134,1594.4,4,0.05,0.22,0.002,0,0.05
8,135,5168.5,19,0.03,0.0,0.0,0,0.21
8,136,3767.3,4,0.02,0.01,0.0,0,0.05
8,137,1845.4,2,0.07,0.37,0.0,0,0.12
8,138,1527.1,6,0.4,0.92,0.003,0,0.41
8,139,1542.7,2,0.04,0.16,0.003,0,0.05
8,140,1981.5,12,0.08,0.54,0.0,0,0.15
8,141,1051.4,40,1.71,6.73,0.009,0,1.81
8,142,3280.3,1,0.02,0.0,0.0,0,0.02
8,143,30.7,5141,133.36,15.39,0.334,1,157.0
8,144,3142.4,3,0.06,0.03,0.0,0,0.08
8,145,1383.0,46,0.25,2.68,0.006,0,0.63
8,146,412.3,7,0.25,1.23,0.096,0,0.57
8,147,2333.6,6,0.01,0.03,0.0,0,0.07
8,148,1086.3,81,0.15,1.66,0.017,0,0.91
8,149,3148.4,1,0.03,0.04,0.0,0,0.05
8,150,2001.3,13,0.11,0.31,0.001,0,0.19
8,151,1576.2,16,0.29,0.89,0.001,0,0.4
8,152,4772.9,2,0.0,0.0,0.0,0,0.02
8,153,1305.2,13,0.1,1.27,0.007,0,0.15
8,154,5580.2,0,0.02,0.0,0.0,0,0.03
8,155,3290.7,1,0.01,0.01,0.0,0,0.03
8,156,3273.1,18,0.11,0.1,0.0,0,0.55
8,157,1364.0,6,0.18,1.21,0.009,0,0.57
8,158,4402.6,0,0.01,0.0,0.0,0,0.01
8,159,4426.5,7,0.09,0.01,0.0,0,0.1
8,160,2877.5,1,0.03,0.02,0.0,0,0.07
8,161,2703.6,13,0.13,0.14,0.0,0,0.18
8,162,2283.0,63,0.25,0.47,0.0,0,0.67
8,163,4296.2,0,0.0,0.0,0.0,0,0.01
8,164,1652.7,10,0.03,0.97,0.003,0,0.14
8,165,4333.1,1,0.05,0.0,0.0,0,0.05
8,166,4612.8,12,0.05,0.0,0.0,0,0.16
8,167,3794.2,13,0.16,0.04,0.0,0,0.38
8,168,2170.7,1,0.01,0.21,0.001,0,0.04
8,169,321.5,93,0.4,5.56,0.108,0,1.42
8,170,3528.6,2,0.02,0.01,0.0,0,0.04
8,171,2771.6,3,0.07,0.03,0.0,0,0.09
8,172,683.1,20,0.15,3.04,0.056,0,0.66
8,173,2524.5,6,0.18,0.07,0.0,0,0.24
8,174,2530.8,19,0.04,0.13,0.0,0,0.38
8,175,1585.6,118,1.1,1.06,0.002,0,1.46
8,176,698.8,55,0.85,3.11,0.038,0,0.87
8,177,1220.6,71,1.01,8.5,0.008,0,1.55
8,178,4086.3,1,0.03,0.0,0.0,0,0.03
8,179,3953.1,6,0.14,0.04,0.0,0,0.36
8,180,3104.8,7,0.18,0.06,0.0,0,0.27
8,181,2839.4,0,0.02,0.02,0.0,0,0.04
8,182,3890.8,0,0.0,0.0,0.0,0,0.01
8,183,4097.4,1,0.06,0.01,0.0,0,0.07
8,184,1797.3,10,0.19,0.38,0.0,0,0.3
8,185,2066.0,21,0.12,0.76,0.001,0,0.24
8,186,2637.0,1,0.04,0.18,0.0,0,0.08
8,187,4791.4,2,0.04,0.0,0.0,0,0.04
8,188,1692.5,1,0.04,0.13,0.0,0,0.05
8,189,4552.0,0,0.01,0.0,0.0,0,0.01
8,190,1300.6,12,0.07,0.9,0.01,0,0.27
8,191,2801.4,15,0.16,0.24,0.0,0,0.29
8,192,2181.3,4,0.07,0.16,0.0,0,0.07
8,193,776.1,12,0.05,0.58,0.042,0,0.17
8,194,2970.5,0,0.02,0.07,0.0,0,0.05
8,195,4109.3,5,0.01,0.0,0.0,0,0.11
8,196,1556.1,2,0.05,0.26,0.002,0,0.15
8,197,2112.5,21,0.05,0.26,0.0,0,0.22
8,198,5140.6,2,0.03,0.0,0.0,0,0.04
8,199,3596.8,0,0.02,0.0,0.0,0,0.04
9,10,2486.4,2,0.02,0.15,0.0,0,0.12
9,11,634.8,96,1.2,6.0,0.108,0,1.46
9,12,1682.2,44,0.46,1.95,0.002,0,1.08
9,13,3381.4,0,0.01,0.01,0.0,0,0.02
9,14,3058.0,2,0.01,0.01,0.0,0,0.03
9,15,1863.7,14,0.07,0.69,0.0,0,0.45
9,16,467.3,32,0.29,6.02,0.189,0,0.73
9,17,2189.7,13,0.24,0.63,0.001,0,0.65
9,18,814.6,5,0.38,3.51,0.025,0,0.46
9,19,1709.2,13,0.12,0.35,0.002,0,0.15
9,20,1612.2,98,1.07,5.65,0.002,0,1.78
9,21,1924.5,15,0.52,0.64,0.001,0,0.53
9,22,1956.3,27,0.19,0.85,0.001,0,0.61
9,23,2318.7,5,0.07,0.13,0.0,0,0.12
9,24,338.0,103,0.51,10.66,0.224,0,1.67
9,25,892.0,75,0.72,6.73,0.033,0,2.01
9,26,3575.4,2,0.01,0.01,0.0,0,0.06
9,27,2595.7,13,0.14,0.43,0.0,0,0.5
9,28,2857.0,4,0.01,0.07,0.0,0,0.05
9,29,2605.3,51,0.42,0.1,0.0,0,0.52
9,30,1337.5,12,0.39,1.18,0.003,0,0.76
9,31,2411.1,294,1.48,2.2,0.0,0,5.1
9,32,1148.1,14,0.45,2.52,0.02,0,0.76
9,33,2410.9,5,0.09,0.13,0.0,0,0.1
9,34,2125.5,54,0.31,0.98,0.0,0,0.55
9,35,2036.2,7,0.03,0.11,0.0,0,0.12
9,36,1849.5,65,1.0,1.09,0.001,0,1.21
9,37,1739.7,1,0.0,0.18,0.002,0,0.02
9,38,513.8,27,0.21,4.82,0.119,0,0.43
9,39,3198.1,11,0.27,0.07,0.0,0,0.37
9,40,3497.1,3,0.21,0.05,0.0,0,0.23
9,41,1950.8,9,0.86,0.82,0.0,0,0.92
9,42,1411.7,24,0.39,1.57,0.003,0,0.73
9,43,1469.4,11,0.16,1.36,0.003,0,0.34
9,44,2559.3,3,0.03,0.09,0.0,0,0.1
9,45,2271.2,23,0.1,0.18,0.0,0,0.29
9,46,2737.2,11,0.21,0.09,0.0,0,0.23
9,47,3021.7,16,0.37,0.18,0.0,0,0.42
9,48,710.9,138,2.21,12.24,0.073,0,2.88
9,49,3439.5,1,0.01,0.0,0.0,0,0.02
9,50,2909.0,15,0.15,0.21,0.0,0,0.18
9,51,1394.5,35,0.1,1.35,0.003,0,0.41
9,52,3310.3,4,0.08,0.02,0.0,0,0.08
9,53,2167.0,7,0.21,1.03,0.0,0,0.51
9,54,680.3,557,0.7,26.33,0.015,0,6.72
9,55,2356.6,35,0.09,0.84,0.0,0,0.47
9,56,2079.9,5,0.36,0.24,0.001,0,0.44
9,57,2827.6,5,0.07,0.09,0.0,0,0.17
9,58,1576.7,76,0.32,3.3,0.004,0,1.11
9,59,936.2,111,1.99,13.72,0.012,0,2.59
9,60,3092.8,4,0.06,0.05,0.0,0,0.07
9,61,2532.0,5,0.03,0.19,0.0,0,0.12
9,62,1360.0,7,0.1,1.21,0.005,0,0.19
9,63,1916.8,13,0.1,0.3,0.001,0,0.22
9,64,1228.2,63,0.85,6.15,0.005,0,1.11
9,65,1756.3,275,0.52,5.22,0.002,0,3.0
9,66,2800.0,8,0.38,0.15,0.0,0,0.45
9,67,914.7,148,5.06,15.47,0.04,0,5.19
9,68,1945.4,60,0.6,0.76,0.0,0,0.68
9,69,2658.0,2,0.21,0.15,0.0,0,0.23
9,70,1892.8,5,0.27,0.81,0.002,0,0.46
9,71,1260.2,167,2.56,23.21,0.002,0,3.07
9,72,2148.4,24,0.28,0.6,0.001,0,0.37
9,73,604.1,1712,9.49,70.71,0.065,0,21.03
9,74,2884.2,0,0.02,0.03,0.0,0,0.05
9,75,2310.6,20,0.14,0.89,0.0,0,0.5
9,76,1464.2,27,0.46,3.1,0.003,0,0.68
9,77,3489.1,2,0.15,0.02,0.0,0,0.18
9,78,1893.7,58,0.62,0.69,0.0,0,0.82
9,79,2755.5,5,0.01,0.02,0.0,0,0.06
9,80,2658.0,10,0.05,0.12,0.0,0,0.25
9,81,3007.2,10,0.19,0.17,0.0,0,0.69
9,82,2605.3,79,0.91,0.98,0.0,0,1.71
9,83,2804.9,7,0.06,0.07,0.0,0,0.11
9,84,1760.9,1,0.01,0.37,0.001,0,0.1
9,85,2442.6,3,0.07,0.13,0.0,0,0.26
9,86,589.4,250,2.65,49.26,0.137,1,3.62
9,87,1771.5,21,0.07,1.66,0.002,0,0.28
9,88,1865.5,29,0.27,0.56,0.0,0,0.31
9,89,2483.6,85,0.65,0.4,0.0,0,1.27
9,90,1802.3,47,0.06,1.34,0.001,0,0.51
9,91,2757.7,73,0.31,0.45,0.0,0,0.87
9,92,946.9,6,0.2,3.38,0.02,0,0.5
9,93,513.8,145,0.25,5.86,0.171,0,1.75
9,94,2381.1,14,0.09,0.19,0.0,0,0.18
9,95,2680.2,2,0.08,0.03,0.0,0,0.09
9,96,2709.1,29,0.27,0.29,0.0,0,0.32
9,97,2973.7,16,0.06,0.12,0.0,0,0.23
9,98,192.5,1004,11.36,29.0,0.106,2,15.02
9,99,2347.9,25,0.16,0.27,0.0,0,0.51
9,100,1517.1,10,0.05,0.41,0.006,0,0.12
9,101,3046.8,4,0.06,0.04,0.0,0,0.11
9,102,2338.6,8,0.03,0.28,0.0,0,0.11
9,103,1577.0,14,0.48,0.87,0.004,0,0.5
9,104,1218.8,53,0.1,2.57,0.007,0,0.64
9,105,1750.5,22,0.53,1.21,0.002,0,1.07
9,106,2099.2,33,1.26,4.8,0.001,0,2.44
9,107,1166.9,87,0.62,3.37,0.009,0,1.12
9,108,1317.6,67,0.54,2.61,0.009,0,1.01
9,109,414.3,495,1.26,20.74,0.142,0,5.09
9,110,2362.6,5,0.01,0.07,0.0,0,0.06
9,111,2897.6,16,0.09,0.13,0.0,0,0.19
9,112,1564.3,9,0.6,1.66,0.004,0,0.8
9,113,1218.0,406,0.79,45.73,0.009,0,6.78
9,114,458.7,58,1.18,14.46,0.14,0,1.24
9,115,746.7,131,2.93,13.37,0.057,0,4.12
9,116,3147.2,16,0.1,0.1,0.0,0,0.17
9,117,1497.3,9,0.15,0.5,0.004,0,0.16
9,118,2293.3,141,0.41,1.32,0.0,0,1.6
9,119,2325.9,43,0.11,0.55,0.0,0,0.53
9,120,1205.2,38,0.51,6.49,0.014,0,1.11
9,121,547.0,90,0.96,4.96,0.09,0,1.82
9,122,630.6,105,5.83,25.61,0.073,0,9.57
9,123,1291.7,4,0.09,0.68,0.012,0,0.13
9,124,2432.6,53,0.91,0.61,0.0,0,2.17
9,125,1142.1,387,13.21,29.27,0.002,0,14.61
9,126,999.2,38,0.16,2.22,0.024,0,0.46
9,127,2706.7,7,0.12,0.11,0.0,0,0.22
9,128,2716.0,10,0.21,0.14,0.0,0,0.26
9,129,1928.0,4,0.03,0.81,0.001,0,0.14
9,130,3335.3,1,0.01,0.02,0.0,0,0.02
9,131,2938.0,5,0.21,0.12,0.0,0,0.31
9,132,367.5,63,0.28,8.8,0.133,0,0.88
9,133,2906.8,34,0.4,0.14,0.0,0,0.56
9,134,2701.7,3,0.01,0.05,0.0,0,0.05
9,135,2199.6,77,0.46,1.7,0.0,0,0.89
9,136,869.7,23,0.16,1.67,0.038,0,0.64
9,137,2474.1,6,0.16,0.2,0.0,0,0.25
9,138,2124.6,59,0.67,1.17,0.0,0,0.82
9,139,1742.4,1,0.08,0.25,0.001,0,0.1
9,140,1720.1,79,0.43,0.86,0.002,0,0.94
9,141,3087.8,24,0.3,0.4,0.0,0,0.4
9,142,2212.4,2,0.03,0.17,0.0,0,0.25
9,143,2991.9,12,0.15,0.11,0.0,0,0.19
9,144,269.8,473,1.26,60.71,0.188,1,9.17
9,145,1914.6,333,3.15,2.89,0.001,0,3.73
9,146,2943.9,3,0.02,0.02,0.0,0,0.06
9,147,1230.9,16,0.25,0.96,0.007,0,0.3
9,148,2207.8,59,0.08,1.19,0.0,0,0.64
9,149,2095.7,16,0.04,0.64,0.0,0,0.4
9,150,1631.5,68,0.16,1.44,0.003,0,1.19
9,151,1624.3,31,0.32,1.55,0.001,0,0.53
9,152,3013.3,6,0.06,0.04,0.0,0,0.12
9,153,1840.2,45,0.43,1.41,0.001,0,0.83
9,154,2579.6,53,0.34,0.2,0.0,0,0.57
9,155,1718.4,9,0.15,0.79,0.003,0,0.22
9,156,681.0,1981,9.52,76.11,0.038,1,22.78
9,157,2173.8,71,0.71,0.54,0.0,0,1.11
9,158,1401.3,15,0.04,0.59,0.005,0,0.18
9,159,1913.1,85,0.57,1.63,0.0,0,0.86
9,160,1262.2,12,0.04,1.2,0.009,0,0.16
9,161,1462.5,150,3.89,5.74,0.003,0,4.16
9,162,2468.2,229,2.24,0.65,0.0,0,2.91
9,163,2880.6,10,0.06,0.05,0.0,0,0.15
9,164,1460.5,57,1.41,3.02,0.005,0,2.02
9,165,1836.5,66,0.8,1.2,0.002,0,1.15
9,166,2419.5,48,0.88,0.82,0.0,0,0.9
9,167,1217.2,595,1.23,18.44,0.001,0,6.62
9,168,1702.7,8,0.17,1.98,0.002,0,0.3
9,169,2758.0,7,0.06,0.09,0.0,0,0.17
9,170,1635.8,22,0.03,0.65,0.002,0,0.31
9,171,2266.1,12,0.06,0.13,0.0,0,0.26
9,172,3131.0,9,0.08,0.06,0.0,0,0.27
9,173,1604.7,56,0.64,1.96,0.002,0,0.76
9,174,2065.9,95,0.88,0.95,0.001,0,1.1
9,175,1456.7,86,0.73,4.92,0.002,0,2.38
9,176,2508.8,42,0.39,0.21,0.0,0,0.68
9,177,2352.6,83,1.59,1.54,0.0,0,1.6
9,178,2124.7,4,0.08,0.4,0.001,0,0.1
9,179,1165.4,194,3.62,42.15,0.012,0,7.91
9,180,1590.1,92,0.84,3.35,0.002,0,1.33
9,181,2314.8,4,0.04,0.23,0.0,0,0.11
9,182,963.4,26,0.09,1.46,0.032,0,0.34
9,183,1125.2,230,1.17,8.27,0.005,0,2.8
9,184,3148.5,19,0.05,0.04,0.0,0,0.21
9,185,3443.0,12,0.09,0.05,0.0,0,0.27
9,186,598.3,526,5.56,13.02,0.098,0,5.94
9,187,1788.5,16,0.14,0.79,0.0,0,0.36
9,188,1498.7,26,0.16,0.61,0.006,0,0.54
9,189,1576.1,4,0.16,0.31,0.005,0,0.19
9,190,2245.0,5,0.27,0.27,0.0,0,0.3
9,191,309.8,435,11.22,73.13,0.301,0,14.82
9,192,1312.3,13,0.29,3.89,0.011,0,0.43
9,193,2292.6,4,0.02,0.17,0.0,0,0.05
9,194,2399.3,11,0.04,0.52,0.0,0,0.31
9,195,2169.5,50,0.46,0.73,0.0,0,0.61
9,196,2150.6,5,0.1,0.28,0.0,0,0.19
9,197,1063.9,26,1.26,6.26,0.024,0,1.41
9,198,2138.9,16,0.08,0.5,0.0,0,0.41
9,199,2578.1,8,0.08,0.05,0.0,0,0.09
10,11,2740.3,5,0.08,0.03,0.0,0,0.08
10,12,3938.5,5,0.01,0.01,0.0,0,0.08
10,13,2077.1,2,0.01,0.05,0.001,0,0.02
10,14,3131.1,0,0.01,0.01,0.0,0,0.01
10,15,2719.9,3,0.07,0.04,0.0,0,0.08
10,16,2631.4,1,0.03,0.02,0.0,0,0.04
10,17,2972.9,4,0.14,0.05,0.0,0,0.14
10,18,3299.2,0,0.02,0.01,0.0,0,0.02
10,19,4109.5,1,0.01,0.0,0.0,0,0.01
10,20,4011.0,5,0.02,0.01,0.0,0,0.12
10,21,562.0,3,0.25,2.78,0.051,0,0.31
10,22,3106.5,6,0.08,0.02,0.0,0,0.11
10,23,2969.8,1,0.02,0.01,0.0,0,0.03
10,24,2149.0,1,0.01,0.08,0.0,0,0.03
10,25,3212.8,7,0.04,0.02,0.0,0,0.11
10,26,1674.5,2,0.08,0.11,0.002,0,0.08
10,27,2888.0,16,0.09,0.06,0.0,0,0.26
10,28,3296.4,2,0.02,0.01,0.0,0,0.03
10,29,2340.3,6,0.04,0.08,0.0,0,0.07
10,30,3504.2,0,0.01,0.0,0.0,0,0.02
10,31,1816.1,41,0.15,1.55,0.0,0,0.82
10,32,3506.2,9,0.09,0.01,0.0,0,0.11
10,33,1089.4,16,0.06,0.63,0.022,0,0.32
10,34,3582.6,12,0.35,0.02,0.0,0,0.4
10,35,880.7,15,0.15,0.71,0.019,0,0.16
10,36,2133.0,15,0.09,0.41,0.001,0,0.28
10,37,3329.9,0,0.0,0.0,0.0,0,0.01
10,38,2993.9,1,0.01,0.01,0.0,0,0.03
10,39,2645.5,5,0.01,0.09,0.0,0,0.07
10,40,4052.1,11,0.04,0.01,0.0,0,0.13
10,41,3243.1,3,0.02,0.04,0.0,0,0.04
10,42,2953.1,0,0.02,0.04,0.0,0,0.03
10,43,2635.9,3,0.02,0.03,0.0,0,0.05
10,44,2961.1,2,0.03,0.01,0.0,0,0.04
10,45,1295.5,1,0.01,0.6,0.005,0,0.07
10,46,2396.9,3,0.02,0.08,0.0,0,0.06
10,47,576.8,143,0.49,12.32,0.041,0,3.05
10,48,3153.7,7,0.08,0.03,0.0,0,0.08
10,49,1149.1,1,0.03,0.27,0.013,0,0.03
10,50,875.9,22,0.21,3.3,0.042,0,0.29
10,51,3865.4,1,0.01,0.0,0.0,0,0.04
10,52,2604.9,6,0.01,0.04,0.0,0,0.09
10,53,2411.0,27,0.26,0.19,0.0,0,0.27
10,54,3120.2,8,0.27,0.07,0.0,0,0.28
10,55,2443.6,9,0.12,0.21,0.0,0,0.2
10,56,895.7,6,0.06,1.48,0.026,0,0.18
10,57,1361.0,25,0.35,0.58,0.008,0,0.64
10,58,2368.5,6,0.2,0.2,0.0,0,0.24
10,59,2755.4,3,0.07,0.26,0.0,0,0.1
10,60,2266.7,2,0.06,0.1,0.0,0,0.13
10,61,4592.5,2,0.01,0.0,0.0,0,0.04
10,62,2362.9,1,0.03,0.03,0.0,0,0.03
10,63,3980.2,1,0.01,0.0,0.0,0,0.01
10,64,1902.5,23,0.38,0.81,0.001,0,0.59
10,65,1947.9,44,0.54,1.39,0.001,0,1.37
10,66,336.0,126,2.09,5.6,0.245,0,2.1
10,67,3378.3,9,0.08,0.06,0.0,0,0.12
10,68,1820.0,12,0.14,0.6,0.001,0,0.26
10,69,2499.1,5,0.03,0.03,0.0,0,0.08
10,70,4057.3,4,0.1,0.01,0.0,0,0.12
10,71,1271.4,21,0.98,5.85,0.01,0,1.06
10,72,3188.1,4,0.1,0.01,0.0,0,0.14
10,73,1958.7,31,0.34,1.04,0.001,0,0.79
10,74,1494.7,1,0.01,0.13,0.004,0,0.02
10,75,3712.4,5,0.08,0.02,0.0,0,0.1
10,76,3754.1,10,0.1,0.01,0.0,0,0.19
10,77,4030.2,2,0.03,0.0,0.0,0,0.04
10,78,3385.4,4,0.02,0.02,0.0,0,0.15
10,79,614.4,15,0.13,0.79,0.056,0,0.17
10,80,2335.6,7,0.04,0.13,0.0,0,0.08
10,81,2325.6,5,0.06,0.35,0.0,0,0.13
10,82,2142.9,4,0.17,0.76,0.001,0,0.3
10,83,2494.1,6,0.03,0.03,0.0,0,0.07
10,84,2649.4,4,0.02,0.03,0.0,0,0.07
10,85,1204.8,6,0.11,0.72,0.014,0,0.12
10,86,2332.6,68,0.51,0.38,0.0,0,0.7
10,87,2900.2,1,0.03,0.04,0.0,0,0.09
10,88,2007.7,3,0.03,0.12,0.0,0,0.1
10,89,3223.3,3,0.02,0.02,0.0,0,0.13
10,90,1274.7,23,0.38,1.31,0.008,0,0.46
10,91,357.9,61,4.53,14.98,0.209,0,5.28
10,92,2216.7,1,0.01,0.13,0.001,0,0.02
10,93,2566.9,7,0.11,0.05,0.0,0,0.14
10,94,3359.5,8,0.05,0.01,0.0,0,0.12
10,95,1158.7,6,0.07,0.36,0.013,0,0.11
10,96,1472.9,35,0.1,0.69,0.004,0,0.43
10,97,2418.4,8,0.04,0.16,0.0,0,0.11
10,98,2325.5,2,0.01,0.11,0.0,0,0.06
10,99,1122.7,5,0.22,0.83,0.004,0,0.23
10,100,1854.1,4,0.03,0.08,0.001,0,0.06
10,101,738.9,33,0.55,2.65,0.012,0,0.56
10,102,2970.0,7,0.05,0.03,0.0,0,0.09
10,103,1810.4,5,0.02,0.22,0.002,0,0.07
10,104,1306.1,35,0.27,0.72,0.008,0,0.38
10,105,2685.9,11,0.17,0.08,0.0,0,0.26
10,106,1297.5,425,1.23,4.97,0.008,0,5.89
10,107,3613.6,3,0.08,0.01,0.0,0,0.09
10,108,2429.2,9,0.09,0.38,0.0,0,0.12
10,109,2487.9,3,0.05,0.07,0.0,0,0.05
10,110,2879.7,2,0.01,0.01,0.0,0,0.03
10,111,774.9,38,0.43,5.32,0.061,0,0.69
10,112,1123.3,26,0.13,1.89,0.018,0,0.54
10,113,2726.1,52,1.31,0.89,0.0,0,1.38
10,114,2219.0,0,0.02,0.13,0.0,0,0.04
10,115,1888.3,4,0.11,0.4,0.001,0,0.16
10,116,1668.8,15,0.23,0.68,0.003,0,0.27
10,117,1380.9,2,0.01,0.78,0.003,0,0.03
10,118,2973.1,37,0.13,0.1,0.0,0,0.4
10,119,1774.4,18,0.52,0.96,0.002,0,0.57
10,120,3221.3,21,0.08,0.05,0.0,0,0.32
10,121,1984.4,3,0.01,0.09,0.0,0,0.08
10,122,1903.4,22,0.16,0.83,0.001,0,0.25
10,123,1199.0,11,0.13,0.36,0.009,0,0.14
10,124,1635.6,41,0.07,0.86,0.002,0,0.5
10,125,2778.8,29,0.22,0.52,0.0,0,0.33
10,126,1537.0,10,0.06,0.18,0.003,0,0.13
10,127,2474.7,0,0.01,0.06,0.0,0,0.02
10,128,1747.3,42,0.25,1.06,0.002,0,0.53
10,129,1216.6,2,0.01,0.46,0.006,0,0.13
10,130,3778.9,0,0.0,0.0,0.0,0,0.01
10,131,2545.5,5,0.03,0.07,0.0,0,0.06
10,132,2371.9,3,0.04,0.03,0.0,0,0.04
10,133,540.2,27,0.4,5.8,0.037,0,1.31
10,134,923.8,6,0.03,1.5,0.023,0,0.14
10,135,4409.7,4,0.11,0.01,0.0,0,0.12
10,136,2674.2,2,0.02,0.02,0.0,0,0.03
10,137,612.4,10,0.1,2.91,0.039,0,0.22
10,138,1010.5,81,0.42,4.11,0.027,0,1.04
10,139,2637.7,1,0.01,0.02,0.0,0,0.02
10,140,913.6,9,0.16,2.72,0.037,0,0.19
10,141,3318.5,16,0.19,0.06,0.0,0,0.35
10,142,1002.8,2,0.03,0.4,0.009,0,0.03
10,143,2423.5,11,0.02,0.09,0.0,0,0.12
10,144,2377.3,13,0.26,0.23,0.0,0,0.34
10,145,2655.6,19,0.07,0.12,0.0,0,0.24
10,146,2742.1,4,0.04,0.01,0.0,0,0.05
10,147,1271.3,2,0.06,0.26,0.009,0,0.07
10,148,2663.8,20,0.11,0.11,0.0,0,0.24
10,149,929.6,16,0.87,2.68,0.004,0,0.91
10,150,990.3,13,0.48,2.71,0.002,0,0.5
10,151,2522.1,21,0.03,0.2,0.0,0,0.24
10,152,2461.6,0,0.01,0.03,0.0,0,0.03
10,153,1546.7,43,0.53,1.1,0.002,0,0.53
10,154,4344.0,4,0.01,0.0,0.0,0,0.07
10,155,1337.1,2,0.08,0.41,0.008,0,0.11
10,156,2151.3,17,0.26,1.29,0.001,0,0.4
10,157,2911.9,5,0.09,0.08,0.0,0,0.19
10,158,3368.6,1,0.01,0.0,0.0,0,0.03
10,159,2662.8,3,0.08,0.13,0.0,0,0.1
10,160,1356.2,4,0.06,0.6,0.002,0,0.07
10,161,1088.5,43,0.11,4.68,0.015,0,0.52
10,162,171.8,811,7.17,33.54,0.471,1,8.47
10,163,1923.5,3,0.01,0.15,0.001,0,0.04
10,164,1585.3,41,0.44,1.04,0.003,0,1.16
10,165,2582.6,10,0.02,0.24,0.0,0,0.15
10,166,2555.3,16,0.23,0.18,0.0,0,0.3
10,167,3701.2,17,0.11,0.04,0.0,0,0.3
10,168,827.7,15,0.51,1.74,0.019,0,0.57
10,169,2151.2,1,0.03,0.12,0.0,0,0.04
10,170,1656.2,2,0.08,0.15,0.001,0,0.18
10,171,443.5,26,0.33,2.95,0.158,0,0.5
10,172,1975.7,44,0.24,0.2,0.0,0,0.53
10,173,3396.2,8,0.04,0.02,0.0,0,0.11
10,174,448.2,183,0.86,6.97,0.198,0,2.13
10,175,2192.8,29,0.06,0.59,0.0,0,0.34
10,176,1787.4,6,0.03,0.29,0.002,0,0.07
10,177,2944.2,16,0.25,0.15,0.0,0,0.27
10,178,2019.2,1,0.02,0.19,0.0,0,0.07
10,179,2637.8,33,0.81,0.76,0.0,0,0.93
10,180,1255.3,10,0.27,2.76,0.009,0,0.41
10,181,479.0,40,0.1,1.91,0.057,0,0.45
10,182,3377.8,0,0.01,0.01,0.0,0,0.01
10,183,3460.0,10,0.08,0.03,0.0,0,0.17
10,184,1085.3,7,0.16,1.73,0.021,0,0.34
10,185,1216.8,31,0.65,2.69,0.002,0,0.82
10,186,2655.3,6,0.05,0.07,0.0,0,0.12
10,187,3931.6,2,0.03,0.0,0.0,0,0.04
10,188,2510.3,4,0.01,0.03,0.0,0,0.06
10,189,3384.5,0,0.0,0.0,0.0,0,0.01
10,190,1198.9,26,0.11,1.01,0.012,0,0.37
10,191,2549.2,4,0.05,0.24,0.0,0,0.26
10,192,2879.5,23,0.04,0.06,0.0,0,0.28
10,193,1870.5,5,0.02,0.08,0.001,0,0.08
10,194,573.9,92,2.6,5.52,0.113,0,3.33
10,195,2021.5,12,0.15,0.35,0.0,0,0.25
10,196,3063.3,2,0.0,0.01,0.0,0,0.03
10,197,1604.6,15,0.05,0.67,0.003,0,0.33
10,198,3973.8,5,0.1,0.0,0.0,0,0.1
10,199,1204.9,2,0.05,0.38,0.015,0,0.09
11,12,1210.0,3,0.12,1.47,0.007,0,0.28
11,13,3924.0,0,0.0,0.0,0.0,0,0.01
11,14,3692.0,0,0.0,0.0,0.0,0,0.01
11,15,1353.9,5,0.03,0.45,0.004,0,0.1
11,16,171.9,140,2.15,4.26,0.251,0,2.86
11,17,2820.4,3,0.02,0.06,0.0,0,0.06
11,18,910.8,7,0.03,1.16,0.02,0,0.09
11,19,1380.4,9,0.05,0.24,0.001,0,0.1
11,20,1283.2,123,0.8,3.67,0.004,0,1.8
11,21,2194.1,3,0.08,0.17,0.0,0,0.09
11,22,2571.2,9,0.06,0.07,0.0,0,0.12
11,23,1794.5,1,0.02,0.13,0.001,0,0.03
11,24,788.3,29,0.4,1.18,0.028,0,0.44
11,25,486.2,33,0.6,3.77,0.078,0,0.97
11,26,4031.6,0,0.01,0.0,0.0,0,0.02
11,27,2119.2,3,0.11,0.35,0.0,0,0.29
11,28,3489.8,1,0.02,0.01,0.0,0,0.03
11,29,2261.7,13,0.14,0.14,0.0,0,0.14
11,30,796.7,28,0.1,1.89,0.018,0,0.48
11,31,2192.4,43,0.17,0.52,0.0,0,0.67
11,32,777.2,70,1.24,2.05,0.038,0,1.89
11,33,2392.4,2,0.03,0.04,0.0,0,0.05
11,34,2692.0,10,0.27,0.15,0.0,0,0.31
11,35,2470.1,0,0.0,0.02,0.0,0,0.03
11,36,2467.9,19,0.05,0.13,0.0,0,0.21
11,37,1107.2,1,0.01,0.17,0.01,0,0.02
11,38,761.3,14,0.2,0.78,0.037,0,0.22
11,39,3808.3,1,0.07,0.01,0.0,0,0.11
11,40,4118.0,4,0.08,0.01,0.0,0,0.12
11,41,1340.1,11,0.08,1.96,0.004,0,0.14
11,42,802.0,36,0.51,2.33,0.059,0,1.01
11,43,952.0,15,0.15,2.22,0.027,0,0.23
11,44,2062.8,3,0.01,0.07,0.0,0,0.03
11,45,2196.3,6,0.03,0.07,0.0,0,0.07
11,46,2392.8,5,0.02,0.11,0.0,0,0.1
11,47,3308.4,29,0.25,0.05,0.0,0,0.3
11,48,994.8,21,0.14,2.74,0.005,0,0.27
11,49,3796.8,0,0.01,0.0,0.0,0,0.01
11,50,3305.4,5,0.08,0.03,0.0,0,0.1
11,51,1459.0,2,0.19,0.48,0.005,0,0.21
11,52,2985.9,1,0.09,0.01,0.0,0,0.11
11,53,1766.8,43,0.44,0.98,0.001,0,0.8
11,54,980.3,35,0.33,3.95,0.02,0,0.69
11,55,1963.5,13,0.03,0.77,0.0,0,0.21
11,56,2136.5,5,0.01,0.07,0.0,0,0.06
11,57,3318.1,2,0.03,0.02,0.0,0,0.04
11,58,2209.9,8,0.21,0.38,0.001,0,0.27
11,59,331.3,453,5.77,15.76,0.25,0,7.53
11,60,3677.5,3,0.03,0.0,0.0,0,0.05
11,61,1981.2,6,0.04,0.24,0.001,0,0.12
11,62,1994.1,2,0.07,0.12,0.0,0,0.08
11,63,1351.2,4,0.06,0.21,0.002,0,0.08
11,64,1826.6,38,0.3,0.85,0.001,0,0.41
11,65,2360.8,14,0.05,0.34,0.0,0,0.24
11,66,3072.5,4,0.03,0.02,0.0,0,0.05
11,67,1088.5,31,0.41,4.65,0.022,0,0.83
11,68,1715.6,82,0.25,0.68,0.002,0,1.74
11,69,3278.9,0,0.01,0.02,0.0,0,0.02
11,70,1369.8,30,0.5,2.14,0.006,0,0.55
11,71,1658.0,42,0.07,4.34,0.003,0,0.72
11,72,1564.0,21,0.19,0.68,0.001,0,0.3
11,73,1136.3,220,1.61,12.56,0.015,0,2.24
11,74,3390.2,0,0.0,0.0,0.0,0,0.0
11,75,1678.8,15,0.25,1.19,0.003,0,0.33
11,76,1015.7,67,0.6,2.45,0.005,0,0.72
11,77,4110.9,0,0.01,0.0,0.0,0,0.05
11,78,2468.1,6,0.1,0.07,0.0,0,0.1
11,79,3117.2,0,0.0,0.0,0.0,0,0.01
11,80,3268.8,3,0.02,0.01,0.0,0,0.04
11,81,2710.9,5,0.11,0.08,0.0,0,0.13
11,82,2312.7,6,0.37,0.66,0.0,0,0.42
11,83,3420.9,2,0.02,0.01,0.0,0,0.04
11,84,2394.8,1,0.01,0.05,0.0,0,0.02
11,85,2393.2,2,0.01,0.13,0.0,0,0.07
11,86,1223.4,58,0.53,3.66,0.005,0,0.8
11,87,1207.6,14,0.19,1.95,0.004,0,0.59
11,88,1574.7,8,0.03,0.44,0.005,0,0.11
11,89,3111.0,24,0.04,0.05,0.0,0,0.26
11,90,2308.5,1,0.17,0.12,0.0,0,0.17
11,91,3055.1,10,0.14,0.11,0.0,0,0.15
11,92,661.3,6,0.26,2.81,0.092,0,0.55
11,93,183.4,403,3.48,6.28,0.13,0,5.22
11,94,1791.0,1,0.05,0.19,0.001,0,0.08
11,95,3149.9,0,0.01,0.0,0.0,0,0.01
11,96,3224.7,8,0.08,0.02,0.0,0,0.13
11,97,3577.6,7,0.02,0.02,0.0,0,0.08
11,98,614.6,30,0.3,3.85,0.029,0,0.43
11,99,2828.8,6,0.08,0.04,0.0,0,0.09
11,100,1303.2,2,0.02,0.14,0.001,0,0.03
11,101,3385.6,0,0.04,0.01,0.0,0,0.04
11,102,1816.4,10,0.12,0.25,0.001,0,0.12
11,103,2167.4,6,0.05,0.06,0.0,0,0.08
11,104,1438.4,17,0.08,0.4,0.007,0,0.2
11,105,2383.5,5,0.04,0.13,0.0,0,0.21
11,106,2613.3,23,0.14,0.48,0.0,0,0.39
11,107,1331.8,19,0.27,1.61,0.01,0,0.34
11,108,1952.3,3,0.11,0.32,0.001,0,0.19
11,109,292.9,399,0.68,7.11,0.334,0,5.21
11,110,2997.2,0,0.0,0.01,0.0,0,0.01
11,111,3274.2,1,0.06,0.02,0.0,0,0.08
11,112,1668.9,11,0.24,0.47,0.004,0,0.27
11,113,1836.6,52,1.15,3.25,0.001,0,1.31
11,114,1073.0,42,0.11,1.41,0.019,0,0.55
11,115,853.0,32,0.13,3.71,0.038,0,0.51
11,116,3655.4,0,0.03,0.01,0.0,0,0.03
11,117,2006.4,3,0.01,0.06,0.001,0,0.06
11,118,2925.7,9,0.02,0.11,0.0,0,0.19
11,119,2898.7,13,0.12,0.15,0.0,0,0.2
11,120,592.2,228,2.43,11.91,0.033,0,2.52
11,121,1063.7,6,0.09,0.53,0.012,0,0.11
11,122,876.8,268,1.22,11.24,0.024,0,2.76
11,123,1626.6,0,0.01,0.16,0.002,0,0.04
11,124,2984.6,3,0.03,0.05,0.0,0,0.08
11,125,1750.8,97,0.75,2.11,0.002,0,1.36
11,126,1211.0,6,0.03,0.29,0.006,0,0.09
11,127,2339.8,1,0.06,0.07,0.0,0,0.06
11,128,2536.8,6,0.1,0.14,0.0,0,0.19
11,129,2426.9,6,0.06,0.08,0.0,0,0.11
11,130,3963.6,0,0.01,0.0,0.0,0,0.01
11,131,2580.0,0,0.0,0.1,0.0,0,0.04
11,132,1001.4,20,0.2,0.91,0.026,0,0.21
11,133,3221.7,4,0.07,0.05,0.0,0,0.12
11,134,3129.5,1,0.01,0.01,0.0,0,0.03
11,135,1707.8,51,0.18,2.38,0.001,0,0.52
11,136,296.8,28,0.13,6.18,0.219,0,1.28
11,137,2858.4,1,0.04,0.04,0.0,0,0.07
11,138,2588.2,43,0.24,0.23,0.0,0,0.85
11,139,2376.4,2,0.0,0.03,0.0,0,0.02
11,140,2119.8,6,0.06,0.3,0.001,0,0.08
11,141,3722.4,3,0.01,0.03,0.0,0,0.11
11,142,2223.8,2,0.04,0.04,0.0,0,0.04
11,143,3595.4,8,0.03,0.01,0.0,0,0.08
11,144,478.6,46,0.19,5.47,0.061,0,1.17
11,145,2549.2,1,0.02,0.21,0.0,0,0.05
11,146,3568.6,2,0.02,0.0,0.0,0,0.03
11,147,1596.9,2,0.02,0.17,0.004,0,0.03
11,148,2842.0,31,0.32,0.07,0.0,0,0.33
11,149,2139.7,4,0.06,0.19,0.0,0,0.08
11,150,2037.7,21,0.18,0.47,0.0,0,0.27
11,151,2259.0,7,0.2,0.23,0.0,0,0.25
11,152,2684.5,1,0.04,0.03,0.0,0,0.04
11,153,2394.2,4,0.04,0.16,0.0,0,0.1
11,154,1963.1,19,0.27,0.34,0.0,0,0.34
11,155,1680.7,7,0.02,0.25,0.001,0,0.09
11,156,594.2,419,4.63,19.47,0.029,1,6.3
11,157,2806.1,4,0.05,0.07,0.0,0,0.14
11,158,786.4,13,0.05,0.5,0.029,0,0.18
11,159,1423.0,38,0.36,1.6,0.005,0,0.46
11,160,1392.8,12,0.05,0.52,0.007,0,0.16
11,161,1652.9,56,0.51,1.06,0.002,0,0.57
11,162,2760.9,6,0.39,0.16,0.0,0,0.47
11,163,2671.3,2,0.04,0.03,0.0,0,0.07
11,164,2012.5,29,0.33,0.92,0.001,0,0.41
11,165,1362.6,19,0.04,1.06,0.002,0,0.35
11,166,2003.5,19,0.09,0.63,0.001,0,0.32
11,167,1236.9,255,1.44,7.65,0.002,0,2.68
11,168,2050.8,10,0.09,0.19,0.001,0,0.22
11,169,3349.9,0,0.01,0.01,0.0,0,0.02
11,170,1486.6,4,0.1,0.49,0.004,0,0.15
11,171,2432.1,1,0.06,0.04,0.0,0,0.07
11,172,3681.8,1,0.0,0.01,0.0,0,0.02
11,173,2136.7,2,0.1,0.18,0.0,0,0.19
11,174,2294.4,10,0.07,0.15,0.0,0,0.15
11,175,2083.6,38,0.47,0.34,0.001,0,0.47
11,176,3075.5,19,0.17,0.04,0.0,0,0.21
11,177,2986.3,38,0.18,0.29,0.0,0,0.6
11,178,1835.1,5,0.06,0.27,0.001,0,0.07
11,179,627.1,735,2.91,36.42,0.04,0,9.95
11,180,1619.5,18,0.05,1.2,0.004,0,0.34
11,181,2464.4,0,0.01,0.03,0.0,0,0.03
11,182,700.2,12,0.03,1.9,0.063,0,0.17
11,183,725.2,58,0.08,4.24,0.027,0,0.75
11,184,3552.9,5,0.01,0.01,0.0,0,0.07
11,185,3819.5,3,0.03,0.01,0.0,0,0.08
11,186,1197.3,61,0.35,1.36,0.01,0,0.64
11,187,1251.9,17,0.15,0.78,0.005,0,0.22
11,188,2133.2,2,0.04,0.07,0.0,0,0.06
11,189,944.4,6,0.01,0.63,0.02,0,0.07
11,190,2741.0,1,0.03,0.02,0.0,0,0.05
11,191,923.5,262,1.19,6.24,0.018,0,2.8
11,192,1916.7,17,0.16,0.54,0.001,0,0.18
11,193,2876.9,1,0.0,0.01,0.0,0,0.02
11,194,2517.6,9,0.12,0.11,0.0,0,0.19
11,195,1881.0,7,0.16,0.48,0.0,0,0.17
11,196,2776.2,2,0.04,0.03,0.0,0,0.05
11,197,1572.3,17,0.19,0.82,0.004,0,0.3
11,198,1523.5,20,0.31,0.71,0.003,0,0.43
11,199,2533.1,2,0.01,0.02,0.0,0,0.05
12,13,5063.5,0,0.0,0.0,0.0,0,0.0
12,14,4573.9,0,0.01,0.0,0.0,0,0.02
12,15,1884.8,8,0.22,0.53,0.001,0,0.28
12,16,1346.4,31,0.08,0.47,0.003,0,0.33
12,17,3617.3,1,0.03,0.03,0.0,0,0.17
12,18,1212.5,19,0.2,1.39,0.011,0,0.48
12,19,442.0,14,0.3,2.71,0.161,0,0.84
12,20,416.3,816,9.09,79.42,0.085,2,13.8
12,21,3399.3,8,0.05,0.02,0.0,0,0.09
12,22,3282.3,2,0.02,0.04,0.0,0,0.09
12,23,2165.1,3,0.06,0.09,0.0,0,0.06
12,24,1947.4,15,0.08,0.31,0.001,0,0.3
12,25,791.7,72,1.04,10.94,0.028,0,1.43
12,26,5227.4,0,0.01,0.0,0.0,0,0.01
12,27,2564.5,20,0.27,0.22,0.0,0,0.33
12,28,4286.1,1,0.02,0.0,0.0,0,0.02
12,29,2966.3,4,0.06,0.04,0.0,0,0.13
12,30,441.4,86,0.9,13.11,0.095,0,1.41
12,31,3084.7,61,0.15,0.3,0.0,0,0.99
12,32,552.3,49,0.36,11.31,0.114,0,1.05
12,33,3464.4,11,0.12,0.01,0.0,0,0.12
12,34,3215.0,24,0.08,0.12,0.0,0,0.31
12,35,3668.5,2,0.04,0.0,0.0,0,0.05
12,36,3480.9,6,0.04,0.03,0.0,0,0.23
12,37,1105.4,5,0.02,0.88,0.015,0,0.09
12,38,1391.8,13,0.07,0.55,0.001,0,0.21
12,39,4830.3,3,0.04,0.0,0.0,0,0.16
12,40,4785.5,18,0.22,0.0,0.0,0,0.36
12,41,1462.7,69,0.4,1.4,0.003,0,0.71
12,42,1232.5,31,0.41,2.35,0.013,0,0.7
12,43,1615.8,15,0.09,0.96,0.001,0,0.27
12,44,2463.1,1,0.01,0.07,0.0,0,0.04
12,45,3234.3,4,0.07,0.01,0.0,0,0.07
12,46,3080.9,9,0.08,0.02,0.0,0,0.11
12,47,4510.5,25,0.22,0.01,0.0,0,0.47
12,48,1472.4,10,0.05,1.56,0.004,0,0.3
12,49,5006.6,0,0.01,0.0,0.0,0,0.02
12,50,4513.5,12,0.09,0.0,0.0,0,0.14
12,51,1289.5,9,0.12,1.68,0.005,0,0.33
12,52,3653.1,8,0.07,0.01,0.0,0,0.12
12,53,2443.1,37,0.74,0.52,0.0,0,0.97
12,54,1488.8,128,0.53,3.94,0.003,0,2.24
12,55,2619.6,33,0.58,0.4,0.0,0,0.61
12,56,3268.4,1,0.07,0.03,0.0,0,0.12
12,57,4496.9,0,0.02,0.0,0.0,0,0.04
12,58,3149.1,21,0.24,0.05,0.0,0,0.33
12,59,1203.9,17,1.02,3.16,0.009,0,1.58
12,60,4759.8,1,0.02,0.0,0.0,0,0.05
12,61,896.3,52,0.58,6.53,0.022,0,0.84
12,62,2929.7,1,0.04,0.03,0.0,0,0.04
12,63,434.3,18,0.45,3.71,0.158,0,0.89
12,64,2898.5,26,0.43,0.2,0.0,0,0.44
12,65,3413.6,30,0.31,0.15,0.0,0,0.59
12,66,4272.8,8,0.06,0.0,0.0,0,0.11
12,67,1345.5,60,0.83,5.44,0.007,0,0.96
12,68,2647.6,7,0.25,0.12,0.0,0,0.42
12,69,4268.7,1,0.01,0.0,0.0,0,0.07
12,70,269.4,728,4.72,52.68,0.168,0,12.41
12,71,2859.5,158,1.42,0.51,0.0,0,1.85
12,72,1761.1,9,0.13,0.66,0.002,0,0.15
12,73,2275.4,32,0.8,0.8,0.0,0,0.86
12,74,4559.7,0,0.0,0.0,0.0,0,0.01
12,75,1439.5,83,0.72,3.05,0.005,0,1.51
12,76,220.8,383,5.96,21.97,0.372,0,9.99
12,77,4784.7,5,0.05,0.0,0.0,0,0.06
12,78,3038.3,5,0.04,0.07,0.0,0,0.06
12,79,4327.2,0,0.01,0.0,0.0,0,0.01
12,80,4294.4,7,0.03,0.0,0.0,0,0.12
12,81,3447.8,24,0.18,0.02,0.0,0,0.35
12,82,3093.2,38,1.14,0.17,0.0,0,1.35
12,83,4428.0,0,0.02,0.0,0.0,0,0.04
12,84,3254.7,1,0.03,0.03,0.0,0,0.03
12,85,3441.0,4,0.05,0.02,0.0,0,0.06
12,86,2211.3,2,0.11,0.72,0.0,0,0.23
12,87,1621.1,45,0.46,1.24,0.003,0,0.54
12,88,2454.1,6,0.05,0.13,0.0,0,0.11
12,89,3865.4,4,0.32,0.02,0.0,0,0.37
12,90,3474.9,4,0.17,0.02,0.0,0,0.17
12,91,4260.3,30,0.25,0.02,0.0,0,0.46
12,92,1752.5,8,0.15,0.29,0.003,0,0.33
12,93,1391.5,38,0.23,1.32,0.008,0,0.41
12,94,1894.3,15,0.09,0.64,0.001,0,0.27
12,95,4338.3,0,0.0,0.0,0.0,0,0.02
12,96,4387.3,27,0.22,0.01,0.0,0,0.34
12,97,4619.2,8,0.07,0.0,0.0,0,0.17
12,98,1755.6,45,0.19,0.55,0.002,0,0.59
12,99,4011.1,7,0.15,0.01,0.0,0,0.18
12,100,2310.5,1,0.02,0.07,0.0,0,0.02
12,101,4594.7,4,0.08,0.0,0.0,0,0.1
12,102,2188.7,5,0.33,0.16,0.0,0,0.33
12,103,3249.2,1,0.07,0.01,0.0,0,0.09
12,104,2644.2,0,0.04,0.08,0.0,0,0.06
12,105,3230.0,8,0.2,0.08,0.0,0,0.29
12,106,3775.6,17,0.31,0.09,0.0,0,0.49
12,107,1410.9,21,0.22,2.31,0.002,0,0.44
12,108,2865.0,5,0.09,0.17,0.0,0,0.28
12,109,1489.3,37,0.38,2.2,0.005,0,0.41
12,110,3848.8,1,0.02,0.0,0.0,0,0.02
12,111,4483.8,5,0.05,0.0,0.0,0,0.1
12,112,2841.0,24,0.28,0.06,0.0,0,0.48
12,113,2630.5,190,2.11,1.47,0.0,0,7.31
12,114,2133.2,30,0.38,0.29,0.001,0,0.51
12,115,2059.1,7,0.37,0.94,0.0,0,0.62
12,116,4823.9,6,0.02,0.0,0.0,0,0.08
12,117,3169.5,0,0.02,0.01,0.0,0,0.02
12,118,3737.3,24,0.35,0.04,0.0,0,0.36
12,119,4003.1,7,0.07,0.02,0.0,0,0.29
12,120,752.1,46,1.94,12.23,0.011,0,2.42
12,121,2209.8,5,0.04,0.12,0.0,0,0.12
12,122,2084.8,108,0.74,1.33,0.0,0,1.67
12,123,2835.8,1,0.02,0.02,0.0,0,0.02
12,124,4114.4,19,0.38,0.02,0.0,0,0.41
12,125,2517.0,83,0.23,2.68,0.0,0,1.32
12,126,2419.1,2,0.04,0.07,0.0,0,0.05
12,127,2993.6,8,0.03,0.03,0.0,0,0.1
12,128,3447.6,30,0.04,0.04,0.0,0,0.33
12,129,3598.1,5,0.05,0.02,0.0,0,0.11
12,130,4692.8,0,0.0,0.0,0.0,0,0.02
12,131,3223.5,4,0.11,0.05,0.0,0,0.12
12,132,2009.7,2,0.06,0.13,0.001,0,0.13
12,133,4428.8,5,0.04,0.0,0.0,0,0.06
12,134,4331.6,0,0.01,0.0,0.0,0,0.03
12,135,517.7,1997,28.44,60.41,0.108,1,33.12
12,136,1276.5,17,0.19,1.6,0.01,0,0.29
12,137,4067.0,4,0.05,0.0,0.0,0,0.06
12,138,3777.2,50,0.11,0.04,0.0,0,0.75
12,139,3238.8,0,0.07,0.01,0.0,0,0.08
12,140,3324.1,8,0.12,0.06,0.0,0,0.13
12,141,4553.8,5,0.08,0.01,0.0,0,0.09
12,142,3324.6,1,0.02,0.0,0.0,0,0.02
12,143,4638.0,2,0.1,0.0,0.0,0,0.1
12,144,1647.8,61,0.08,1.19,0.001,0,0.72
12,145,3420.6,53,0.36,0.09,0.0,0,0.53
12,146,4535.8,1,0.03,0.0,0.0,0,0.05
12,147,2803.0,2,0.04,0.04,0.0,0,0.07
12,148,3740.4,21,0.07,0.04,0.0,0,0.25
12,149,3264.3,7,0.07,0.07,0.0,0,0.11
12,150,3240.4,2,0.08,0.07,0.0,0,0.12
12,151,3151.8,26,0.19,0.08,0.0,0,0.28
12,152,3370.0,11,0.05,0.02,0.0,0,0.13
12,153,3522.3,3,0.02,0.04,0.0,0,0.08
12,154,1194.7,11,0.03,3.47,0.011,0,0.24
12,155,2781.4,3,0.08,0.03,0.0,0,0.15
12,156,1788.2,71,3.86,5.3,0.001,0,5.15
12,157,3622.0,16,0.11,0.05,0.0,0,0.31
12,158,681.0,32,0.08,1.63,0.012,0,0.39
12,159,1984.5,113,0.83,1.12,0.0,0,1.77
12,160,2583.1,3,0.11,0.04,0.0,0,0.14
12,161,2850.2,18,0.08,0.18,0.0,0,0.48
12,162,3966.5,7,0.59,0.06,0.0,0,0.67
12,163,3535.7,2,0.01,0.01,0.0,0,0.04
12,164,3142.6,13,0.22,0.18,0.0,0,0.42
12,165,1979.9,39,0.1,0.74,0.001,0,0.77
12,166,2608.1,16,0.23,0.74,0.0,0,0.36
12,167,1133.6,1077,7.48,13.04,0.008,0,11.89
12,168,3260.4,2,0.03,0.03,0.0,0,0.06
12,169,4420.4,2,0.02,0.0,0.0,0,0.06
12,170,2524.7,5,0.07,0.07,0.0,0,0.09
12,171,3606.8,2,0.06,0.0,0.0,0,0.07
12,172,4812.6,0,0.03,0.0,0.0,0,0.04
12,173,2634.0,16,0.07,0.17,0.0,0,0.3
12,174,3490.7,10,0.03,0.03,0.0,0,0.15
12,175,3071.9,44,0.68,0.22,0.0,0,0.85
12,176,4187.6,1,0.03,0.01,0.0,0,0.05
12,177,3816.0,49,0.13,0.08,0.0,0,0.97
12,178,2677.1,1,0.1,0.13,0.0,0,0.12
12,179,1418.9,518,8.96,19.97,0.005,0,9.66
12,180,2761.9,9,0.08,0.26,0.0,0,0.18
12,181,3631.8,2,0.06,0.01,0.0,0,0.09
12,182,769.2,11,0.04,2.18,0.037,0,0.35
12,183,560.8,157,0.46,13.22,0.066,0,4.49
12,184,4760.2,4,0.09,0.0,0.0,0,0.12
12,185,5029.4,7,0.05,0.0,0.0,0,0.12
12,186,2032.3,23,0.54,0.7,0.001,0,0.55
12,187,254.8,103,2.16,18.59,0.12,1,3.7
12,188,3023.5,3,0.02,0.02,0.0,0,0.06
12,189,838.5,15,0.1,1.68,0.046,0,0.59
12,190,3915.0,11,0.1,0.01,0.0,0,0.13
12,191,1856.0,106,0.25,2.03,0.001,0,1.97
12,192,2646.8,37,0.26,0.21,0.0,0,0.38
12,193,3963.9,3,0.01,0.0,0.0,0,0.04
12,194,3669.5,5,0.11,0.04,0.0,0,0.19
12,195,2718.3,7,0.09,0.14,0.0,0,0.15
12,196,3534.6,1,0.01,0.01,0.0,0,0.03
12,197,2732.2,17,0.06,0.1,0.0,0,0.21
12,198,854.1,26,0.87,7.69,0.028,0,1.85
12,199,3577.2,2,0.02,0.01,0.0,0,0.02
13,14,1662.4,0,0.0,0.03,0.003,0,0.01
13,15,4488.1,0,0.0,0.0,0.0,0,0.01
13,16,3760.7,0,0.0,0.0,0.0,0,0.01
13,17,2204.4,5,0.04,0.04,0.0,0,0.1
13,18,4010.1,0,0.0,0.0,0.0,0,0.0
13,19,5045.9,0,0.0,0.0,0.0,0,0.0
13,20,4954.2,0,0.01,0.0,0.0,0,0.03
13,21,2217.8,1,0.02,0.03,0.0,0,0.02
13,22,2561.7,3,0.02,0.02,0.0,0,0.04
13,23,4836.9,0,0.0,0.0,0.0,0,0.0
13,24,3138.6,0,0.0,0.0,0.0,0,0.01
13,25,4273.0,0,0.01,0.0,0.0,0,0.01
13,26,797.7,1,0.01,0.22,0.052,0,0.05
13,27,4845.4,1,0.01,0.0,0.0,0,0.01
13,28,2046.8,0,0.0,0.04,0.0,0,0.02
13,29,4366.8,0,0.01,0.0,0.0,0,0.01
13,30,4703.5,0,0.01,0.0,0.0,0,0.01
13,31,3851.7,4,0.04,0.01,0.0,0,0.06
13,32,4523.9,0,0.0,0.0,0.0,0,0.01
13,33,3156.2,0,0.0,0.0,0.0,0,0.01
13,34,3048.3,3,0.02,0.02,0.0,0,0.05
13,35,1591.6,0,0.01,0.03,0.003,0,0.01
13,36,1723.3,9,0.09,0.1,0.001,0,0.1
13,37,4866.7,0,0.0,0.0,0.0,0,0.0
13,38,3738.3,0,0.0,0.0,0.0,0,0.01
13,39,911.2,17,0.18,0.54,0.028,0,0.2
13,40,2608.8,2,0.05,0.05,0.0,0,0.06
13,41,4906.9,1,0.02,0.0,0.0,0,0.02
13,42,4470.8,0,0.0,0.0,0.0,0,0.01
13,43,4268.6,1,0.01,0.0,0.0,0,0.02
13,44,4897.5,0,0.0,0.0,0.0,0,0.0
13,45,3333.9,0,0.0,0.0,0.0,0,0.0
13,46,4439.0,0,0.0,0.0,0.0,0,0.0
13,47,1849.7,1,0.05,0.23,0.001,0,0.06
13,48,3766.5,0,0.0,0.0,0.0,0,0.02
13,49,1461.3,0,0.0,0.02,0.002,0,0.01
13,50,1247.0,1,0.08,0.34,0.014,0,0.1
13,51,4404.4,0,0.0,0.0,0.0,0,0.01
13,52,4681.8,0,0.0,0.0,0.0,0,0.01
13,53,4330.6,0,0.0,0.0,0.0,0,0.01
13,54,3737.0,0,0.03,0.0,0.0,0,0.03
13,55,4407.6,0,0.0,0.0,0.0,0,0.02
13,56,2887.7,0,0.01,0.01,0.0,0,0.01
13,57,736.7,6,0.03,0.42,0.034,0,0.08
13,58,2129.4,2,0.03,0.09,0.001,0,0.04
13,59,4102.5,3,0.02,0.0,0.0,0,0.03
13,60,554.5,3,0.08,0.66,0.125,0,0.15
13,61,5900.1,0,0.0,0.0,0.0,0,0.0
13,62,2306.3,0,0.0,0.01,0.0,0,0.02
13,63,5273.3,0,0.0,0.0,0.0,0,0.0
13,64,2180.1,2,0.05,0.09,0.0,0,0.07
13,65,1712.6,16,0.04,0.46,0.002,0,0.17
13,66,1937.3,2,0.03,0.06,0.001,0,0.05
13,67,3984.1,1,0.01,0.0,0.0,0,0.03
13,68,3743.8,1,0.03,0.0,0.0,0,0.06
13,69,1253.8,3,0.07,0.12,0.01,0,0.07
13,70,5269.5,0,0.0,0.0,0.0,0,0.01
13,71,2336.2,14,0.03,0.19,0.0,0,0.17
13,72,4946.3,0,0.01,0.0,0.0,0,0.01
13,73,2796.4,12,0.13,0.05,0.0,0,0.14
13,74,613.0,3,0.03,0.17,0.044,0,0.04
13,75,5368.6,0,0.01,0.0,0.0,0,0.01
13,76,4845.0,0,0.01,0.0,0.0,0,0.01
13,77,2582.9,0,0.01,0.01,0.0,0,0.02
13,78,2973.5,0,0.01,0.01,0.0,0,0.02
13,79,1487.0,0,0.02,0.02,0.005,0,0.02
13,80,1089.3,7,0.04,0.24,0.011,0,0.07
13,81,4398.5,0,0.01,0.0,0.0,0,0.02
13,82,4185.7,1,0.04,0.01,0.0,0,0.04
13,83,1104.2,2,0.02,0.16,0.008,0,0.04
13,84,2219.9,0,0.0,0.02,0.0,0,0.01
13,85,3272.2,0,0.02,0.0,0.0,0,0.03
13,86,2882.0,2,0.09,0.02,0.0,0,0.09
13,87,4590.5,0,0.01,0.0,0.0,0,0.01
13,88,3888.5,0,0.01,0.0,0.0,0,0.01
13,89,2263.4,1,0.04,0.12,0.0,0,0.04
13,90,1623.6,0,0.01,0.09,0.002,0,0.03
13,91,1818.9,9,0.14,0.27,0.001,0,0.16
13,92,3686.2,1,0.02,0.0,0.0,0,0.02
13,93,3745.6,0,0.0,0.0,0.0,0,0.01
13,94,5155.8,0,0.0,0.0,0.0,0,0.01
13,95,950.5,0,0.01,0.13,0.029,0,0.01
13,96,728.3,26,0.08,1.25,0.018,0,0.36
13,97,850.2,12,0.22,0.71,0.034,0,0.26
13,98,3323.4,0,0.01,0.0,0.0,0,0.01
13,99,1172.9,5,0.13,0.24,0.005,0,0.23
13,100,3618.6,0,0.0,0.0,0.0,0,0.01
13,101,1559.5,2,0.01,0.08,0.0,0,0.03
13,102,4843.2,0,0.0,0.0,0.0,0,0.01
13,103,1833.6,0,0.01,0.03,0.001,0,0.02
13,104,2735.1,1,0.01,0.01,0.0,0,0.02
13,105,2264.7,4,0.01,0.05,0.0,0,0.06
13,106,1319.0,33,0.05,1.71,0.009,0,0.46
13,107,4124.9,1,0.0,0.0,0.0,0,0.01
13,108,2391.6,4,0.04,0.05,0.0,0,0.05
13,109,3631.3,1,0.0,0.0,0.0,0,0.02
13,110,1946.4,0,0.0,0.01,0.001,0,0.01
13,111,1365.3,6,0.07,0.15,0.005,0,0.09
13,112,2847.1,1,0.02,0.01,0.0,0,0.02
13,113,2737.1,26,0.24,0.16,0.0,0,0.37
13,114,2932.6,0,0.0,0.01,0.0,0,0.01
13,115,3202.3,0,0.01,0.0,0.0,0,0.02
13,116,409.6,26,0.47,1.31,0.167,0,0.96
13,117,1919.8,0,0.0,0.02,0.001,0,0.02
13,118,2115.9,6,0.04,0.19,0.001,0,0.11
13,119,1082.7,2,0.14,0.66,0.02,0,0.14
13,120,4511.8,0,0.01,0.0,0.0,0,0.02
13,121,2866.0,0,0.0,0.0,0.0,0,0.01
13,122,3094.7,3,0.02,0.02,0.0,0,0.05
13,123,2439.5,0,0.0,0.01,0.0,0,0.0
13,124,949.5,7,0.1,1.06,0.017,0,0.12
13,125,2850.9,11,0.03,0.09,0.0,0,0.13
13,126,2885.8,1,0.01,0.0,0.0,0,0.03
13,127,4505.4,0,0.0,0.0,0.0,0,0.0
13,128,3820.8,1,0.01,0.0,0.0,0,0.02
13,129,1514.5,0,0.0,0.11,0.002,0,0.01
13,130,2336.7,0,0.0,0.01,0.0,0,0.0
13,131,4601.8,0,0.0,0.0,0.0,0,0.01
13,132,3064.7,0,0.01,0.0,0.0,0,0.01
13,133,1706.2,1,0.03,0.21,0.001,0,0.06
13,134,1154.9,2,0.03,0.16,0.02,0,0.05
13,135,5581.0,1,0.02,0.0,0.0,0,0.04
13,136,4013.4,0,0.01,0.0,0.0,0,0.01
13,137,1491.1,2,0.01,0.18,0.005,0,0.03
13,138,1423.6,20,0.28,0.35,0.007,0,0.28
13,139,2224.1,0,0.01,0.01,0.0,0,0.02
13,140,1947.5,1,0.01,0.09,0.001,0,0.05
13,141,1888.9,2,0.08,0.4,0.0,0,0.11
13,142,3036.4,0,0.0,0.0,0.0,0,0.0
13,143,837.4,3,0.05,0.97,0.027,0,0.09
13,144,3448.3,1,0.01,0.0,0.0,0,0.02
13,145,2094.7,2,0.03,0.1,0.001,0,0.07
13,146,1262.5,1,0.03,0.08,0.011,0,0.03
13,147,2423.5,0,0.0,0.01,0.0,0,0.0
13,148,1845.5,3,0.06,0.18,0.001,0,0.09
13,149,2928.5,0,0.01,0.01,0.0,0,0.01
13,150,2002.5,2,0.01,0.1,0.001,0,0.03
13,151,2216.4,1,0.01,0.04,0.0,0,0.03
13,152,4529.6,0,0.0,0.0,0.0,0,0.01
13,153,1541.1,4,0.04,0.23,0.003,0,0.06
13,154,5849.2,0,0.0,0.0,0.0,0,0.01
13,155,3193.6,0,0.0,0.0,0.0,0,0.0
13,156,3474.3,7,0.06,0.01,0.0,0,0.13
13,157,2147.1,3,0.01,0.05,0.0,0,0.04
13,158,4700.5,0,0.0,0.0,0.0,0,0.01
13,159,4460.3,0,0.01,0.0,0.0,0,0.02
13,160,2900.9,0,0.0,0.0,0.0,0,0.01
13,161,2669.9,0,0.02,0.04,0.0,0,0.04
13,162,1911.1,9,0.16,0.2,0.001,0,0.16
13,163,4000.0,0,0.0,0.0,0.0,0,0.01
13,164,1921.7,2,0.03,0.19,0.001,0,0.05
13,165,4369.1,0,0.01,0.0,0.0,0,0.01
13,166,4519.5,0,0.01,0.0,0.0,0,0.02
13,167,4340.6,0,0.05,0.0,0.0,0,0.07
13,168,2105.1,1,0.03,0.02,0.0,0,0.06
13,169,818.6,0,0.05,0.39,0.028,0,0.05
13,170,3478.8,0,0.0,0.0,0.0,0,0.01
13,171,2478.1,1,0.0,0.01,0.0,0,0.02
13,172,260.6,69,0.07,2.03,0.227,0,0.71
13,173,3238.4,0,0.0,0.01,0.0,0,0.01
13,174,2300.7,1,0.02,0.04,0.0,0,0.03
13,175,2110.4,3,0.04,0.15,0.001,0,0.04
13,176,894.1,2,0.03,0.57,0.045,0,0.06
13,177,2030.4,12,0.06,0.33,0.0,0,0.16
13,178,3975.1,0,0.01,0.0,0.0,0,0.01
13,179,4134.5,4,0.07,0.01,0.0,0,0.12
13,180,3033.8,1,0.01,0.01,0.0,0,0.03
13,181,2533.3,0,0.0,0.01,0.0,0,0.0
13,182,4324.9,0,0.0,0.0,0.0,0,0.0
13,183,4505.1,1,0.01,0.0,0.0,0,0.01
13,184,1147.4,2,0.01,0.28,0.005,0,0.04
13,185,1337.1,7,0.02,0.4,0.008,0,0.14
13,186,3133.8,0,0.02,0.01,0.0,0,0.02
13,187,5160.2,0,0.0,0.0,0.0,0,0.01
13,188,2310.7,0,0.0,0.02,0.0,0,0.01
13,189,4811.6,0,0.0,0.0,0.0,0,0.0
13,190,1220.0,4,0.03,0.22,0.004,0,0.06
13,191,3233.9,0,0.01,0.01,0.0,0,0.02
13,192,2825.6,2,0.03,0.02,0.0,0,0.03
13,193,1150.1,1,0.01,0.14,0.011,0,0.02
13,194,2645.9,3,0.04,0.02,0.0,0,0.04
13,195,3988.7,0,0.02,0.0,0.0,0,0.02
13,196,2345.5,0,0.0,0.01,0.0,0,0.01
13,197,2351.8,5,0.05,0.03,0.0,0,0.09
13,198,5421.1,0,0.01,0.0,0.0,0,0.02
13,199,3281.3,0,0.0,0.0,0.0,0,0.0
14,15,4716.8,0,0.0,0.0,0.0,0,0.01
14,16,3522.1,0,0.0,0.0,0.0,0,0.01
14,17,980.6,4,0.05,1.19,0.013,0,0.08
14,18,3369.6,0,0.01,0.0,0.0,0,0.01
14,19,4401.1,0,0.0,0.0,0.0,0,0.0
14,20,4328.4,3,0.01,0.0,0.0,0,0.04
14,21,2957.4,1,0.01,0.01,0.0,0,0.02
14,22,1366.3,5,0.04,0.27,0.007,0,0.07
14,23,5149.1,0,0.0,0.0,0.0,0,0.0
14,24,2974.5,0,0.01,0.0,0.0,0,0.02
14,25,3861.4,0,0.02,0.0,0.0,0,0.03
14,26,2438.7,0,0.01,0.01,0.0,0,0.01
14,27,5297.6,0,0.01,0.0,0.0,0,0.01
14,28,442.3,2,0.01,0.82,0.123,0,0.1
14,29,5002.5,0,0.0,0.0,0.0,0,0.01
14,30,4333.9,0,0.0,0.0,0.0,0,0.0
14,31,4559.0,3,0.02,0.0,0.0,0,0.03
14,32,4029.4,1,0.01,0.0,0.0,0,0.02
14,33,4025.7,0,0.0,0.0,0.0,0,0.01
14,34,1704.2,4,0.1,0.22,0.0,0,0.11
14,35,2296.4,0,0.01,0.01,0.0,0,0.01
14,36,1302.1,3,0.03,0.19,0.01,0,0.06
14,37,4789.4,0,0.0,0.0,0.0,0,0.0
14,38,3190.0,0,0.0,0.0,0.0,0,0.0
14,39,761.0,17,0.11,1.48,0.045,0,0.19
14,40,973.6,29,0.26,1.25,0.02,0,0.36
14,41,4959.2,0,0.01,0.0,0.0,0,0.01
14,42,4434.8,1,0.01,0.0,0.0,0,0.03
14,43,4382.1,0,0.01,0.0,0.0,0,0.01
14,44,5308.8,0,0.0,0.0,0.0,0,0.0
14,45,4107.7,0,0.01,0.0,0.0,0,0.01
14,46,5108.9,0,0.0,0.0,0.0,0,0.01
14,47,3173.9,2,0.04,0.03,0.0,0,0.04
14,48,3106.2,0,0.02,0.01,0.0,0,0.02
14,49,2990.9,0,0.0,0.0,0.0,0,0.0
14,50,2572.4,0,0.0,0.04,0.0,0,0.01
14,51,3552.4,0,0.0,0.0,0.0,0,0.01
14,52,5516.3,0,0.0,0.0,0.0,0,0.0
14,53,4777.4,1,0.03,0.0,0.0,0,0.03
14,54,3087.4,12,0.07,0.03,0.0,0,0.13
14,55,4915.9,0,0.01,0.0,0.0,0,0.01
14,56,3658.2,0,0.0,0.0,0.0,0,0.01
14,57,1961.0,3,0.1,0.05,0.0,0,0.1
14,58,1482.5,11,0.07,0.52,0.004,0,0.15
14,59,3974.4,2,0.02,0.01,0.0,0,0.05
14,60,1122.3,2,0.12,0.18,0.015,0,0.13
14,61,5470.0,0,0.0,0.0,0.0,0,0.01
14,62,1698.0,0,0.02,0.06,0.003,0,0.02
14,63,4904.4,0,0.0,0.0,0.0,0,0.01
14,64,1955.6,17,0.13,0.14,0.001,0,0.2
14,65,1474.1,3,0.12,0.81,0.006,0,0.2
14,66,3154.7,1,0.01,0.01,0.0,0,0.01
14,67,3266.6,0,0.01,0.02,0.0,0,0.02
14,68,4276.2,0,0.01,0.0,0.0,0,0.01
14,69,632.8,3,0.05,0.64,0.041,0,0.05
14,70,4827.8,1,0.01,0.0,0.0,0,0.02
14,71,2612.5,5,0.07,0.09,0.0,0,0.07
14,72,5103.5,0,0.01,0.0,0.0,0,0.01
14,73,2653.0,7,0.02,0.11,0.0,0,0.08
14,74,1853.5,0,0.0,0.01,0.002,0,0.0
14,75,5355.9,0,0.01,0.0,0.0,0,0.01
14,76,4358.8,0,0.0,0.0,0.0,0,0.01
14,77,948.6,3,0.01,0.39,0.01,0,0.05
14,78,1740.4,4,0.05,0.12,0.002,0,0.05
14,79,2716.9,0,0.0,0.0,0.0,0,0.0
14,80,798.9,9,0.1,0.62,0.039,0,0.14
14,81,5196.6,1,0.01,0.0,0.0,0,0.02
14,82,4879.3,9,0.07,0.0,0.0,0,0.15
14,83,657.5,2,0.01,0.81,0.056,0,0.04
14,84,1322.1,2,0.03,0.14,0.005,0,0.03
14,85,4131.6,0,0.01,0.0,0.0,0,0.01
14,86,2468.6,4,0.03,0.05,0.0,0,0.05
14,87,4715.6,0,0.0,0.0,0.0,0,0.01
14,88,4342.9,0,0.0,0.0,0.0,0,0.01
14,89,826.4,9,0.06,1.09,0.029,0,0.27
14,90,2001.5,2,0.01,0.07,0.001,0,0.06
14,91,3028.1,4,0.03,0.04,0.0,0,0.06
14,92,3759.7,1,0.01,0.0,0.0,0,0.01
14,93,3552.4,1,0.01,0.0,0.0,0,0.02
14,94,5336.9,0,0.0,0.0,0.0,0,0.0
14,95,2085.7,0,0.0,0.02,0.001,0,0.0
14,96,1764.3,3,0.03,0.28,0.001,0,0.04
14,97,839.5,3,0.03,1.76,0.032,0,0.18
14,98,3102.2,1,0.01,0.01,0.0,0,0.03
14,99,2012.4,1,0.04,0.05,0.001,0,0.05
14,100,3987.9,0,0.0,0.0,0.0,0,0.0
14,101,2927.6,0,0.01,0.01,0.0,0,0.02
14,102,5163.2,0,0.0,0.0,0.0,0,0.0
14,103,1699.5,1,0.01,0.07,0.001,0,0.03
14,104,3072.1,3,0.02,0.0,0.0,0,0.05
14,105,1344.6,10,0.11,0.54,0.008,0,0.12
14,106,1855.6,15,0.17,0.88,0.001,0,0.23
14,107,3304.6,1,0.05,0.0,0.0,0,0.06
14,108,1744.0,3,0.05,0.09,0.002,0,0.2
14,109,3438.3,1,0.01,0.0,0.0,0,0.02
14,110,726.2,2,0.0,0.13,0.019,0,0.02
14,111,2678.3,1,0.05,0.02,0.0,0,0.06
14,112,3372.1,0,0.01,0.01,0.0,0,0.02
14,113,1943.4,111,0.25,0.46,0.0,0,1.68
14,114,2629.5,2,0.03,0.01,0.0,0,0.03
14,115,3277.7,3,0.03,0.01,0.0,0,0.04
14,116,1889.8,0,0.01,0.07,0.0,0,0.01
14,117,2127.9,0,0.0,0.02,0.0,0,0.01
14,118,856.1,9,0.08,2.51,0.053,0,0.42
14,119,1358.9,16,0.14,0.52,0.007,0,0.25
14,120,4255.7,1,0.01,0.0,0.0,0,0.02
14,121,2725.6,0,0.0,0.0,0.0,0,0.01
14,122,3107.9,2,0.02,0.03,0.0,0,0.07
14,123,2780.5,0,0.0,0.01,0.0,0,0.01
14,124,1500.7,6,0.08,0.74,0.002,0,0.09
14,125,2057.5,3,0.08,0.54,0.0,0,0.27
14,126,3101.3,0,0.0,0.0,0.0,0,0.01
14,127,5139.3,0,0.0,0.0,0.0,0,0.01
14,128,4663.8,0,0.01,0.0,0.0,0,0.02
14,129,1993.5,2,0.02,0.03,0.001,0,0.03
14,130,692.7,2,0.03,0.18,0.045,0,0.08
14,131,5304.8,1,0.01,0.0,0.0,0,0.04
14,132,2690.7,1,0.01,0.01,0.0,0,0.01
14,133,2996.3,1,0.01,0.02,0.0,0,0.06
14,134,2346.1,0,0.0,0.01,0.0,0,0.01
14,135,5064.0,11,0.03,0.0,0.0,0,0.12
14,136,3897.0,0,0.0,0.0,0.0,0,0.0
14,137,2546.3,1,0.01,0.01,0.0,0,0.02
14,138,2135.8,2,0.04,0.08,0.0,0,0.09
14,139,1338.8,1,0.01,0.04,0.004,0,0.02
14,140,2489.6,1,0.01,0.02,0.0,0,0.02
14,141,226.8,442,4.24,6.86,0.285,0,8.6
14,142,3842.5,0,0.0,0.0,0.0,0,0.0
14,143,846.7,3,0.13,0.39,0.04,0,0.15
14,144,3247.4,1,0.01,0.01,0.0,0,0.02
14,145,1158.0,14,0.18,0.74,0.007,0,0.2
14,146,423.1,10,0.21,0.37,0.066,0,0.23
14,147,2710.5,0,0.0,0.01,0.0,0,0.01
14,148,850.5,13,0.12,0.84,0.027,0,0.18
14,149,3700.2,0,0.02,0.0,0.0,0,0.05
14,150,2482.3,1,0.03,0.04,0.0,0,0.04
14,151,1440.3,2,0.16,0.23,0.004,0,0.16
14,152,5288.9,0,0.0,0.0,0.0,0,0.01
14,153,1725.4,4,0.09,0.15,0.002,0,0.12
14,154,5619.2,0,0.01,0.0,0.0,0,0.01
14,155,3747.9,0,0.01,0.0,0.0,0,0.01
14,156,3475.2,14,0.14,0.02,0.0,0,0.18
14,157,962.8,40,0.12,1.29,0.026,0,0.44
14,158,4450.4,0,0.0,0.0,0.0,0,0.01
14,159,4728.1,1,0.01,0.0,0.0,0,0.02
14,160,3264.0,0,0.0,0.0,0.0,0,0.01
14,161,3147.3,3,0.05,0.01,0.0,0,0.07
14,162,2965.9,2,0.09,0.03,0.0,0,0.21
14,163,4861.9,0,0.01,0.0,0.0,0,0.01
14,164,1966.9,12,0.03,0.26,0.001,0,0.13
14,165,4636.2,0,0.0,0.0,0.0,0,0.01
14,166,5016.1,1,0.03,0.0,0.0,0,0.04
14,167,3576.8,9,0.08,0.02,0.0,0,0.11
14,168,2681.1,0,0.02,0.01,0.0,0,0.02
14,169,1031.5,0,0.03,0.36,0.019,0,0.04
14,170,3937.5,0,0.0,0.0,0.0,0,0.01
14,171,3387.5,0,0.0,0.0,0.0,0,0.01
14,172,1508.3,0,0.01,0.16,0.004,0,0.03
14,173,2123.9,2,0.02,0.1,0.0,0,0.03
14,174,3121.0,3,0.03,0.01,0.0,0,0.04
14,175,1625.0,14,0.12,0.5,0.001,0,0.24
14,176,1354.4,3,0.02,0.32,0.004,0,0.04
14,177,767.9,23,0.1,2.28,0.039,0,0.76
14,178,4521.3,0,0.0,0.0,0.0,0,0.01
14,179,4137.8,10,0.04,0.01,0.0,0,0.12
14,180,3551.8,1,0.01,0.0,0.0,0,0.03
14,181,3459.7,0,0.01,0.0,0.0,0,0.01
14,182,3809.1,0,0.0,0.0,0.0,0,0.01
14,183,4036.9,0,0.01,0.0,0.0,0,0.01
14,184,2601.4,0,0.01,0.01,0.0,0,0.02
14,185,2883.1,0,0.01,0.03,0.0,0,0.04
14,186,2560.2,2,0.03,0.04,0.0,0,0.03
14,187,4748.1,0,0.01,0.0,0.0,0,0.01
14,188,1568.8,0,0.01,0.07,0.002,0,0.01
14,189,4633.8,0,0.0,0.0,0.0,0,0.0
14,190,1932.8,0,0.0,0.03,0.001,0,0.02
14,191,2790.3,2,0.01,0.05,0.0,0,0.05
14,192,1937.5,2,0.03,0.22,0.001,0,0.04
14,193,1270.8,1,0.01,0.1,0.005,0,0.02
14,194,3596.3,1,0.02,0.0,0.0,0,0.02
14,195,4550.9,1,0.0,0.0,0.0,0,0.02
14,196,1093.9,3,0.03,0.32,0.022,0,0.05
14,197,2382.4,3,0.02,0.03,0.0,0,0.05
14,198,5180.7,0,0.0,0.0,0.0,0,0.01
14,199,4195.0,0,0.0,0.0,0.0,0,0.0
15,16,1459.2,2,0.05,0.32,0.002,0,0.1
15,17,3969.3,8,0.05,0.01,0.0,0,0.11
15,18,2240.9,2,0.06,0.06,0.0,0,0.07
15,19,2276.5,1,0.04,0.03,0.0,0,0.05
15,20,2206.0,60,0.23,0.73,0.0,0,0.8
15,21,2329.3,9,0.07,0.06,0.0,0,0.11
15,22,3790.8,3,0.02,0.01,0.0,0,0.04
15,23,455.5,13,0.09,2.33,0.111,0,0.26
15,24,1797.4,2,0.02,0.23,0.001,0,0.04
15,25,1645.1,2,0.07,0.56,0.002,0,0.21
15,26,4333.8,0,0.01,0.0,0.0,0,0.01
15,27,769.4,53,0.52,2.96,0.041,0,0.55
15,28,4604.2,1,0.01,0.0,0.0,0,0.02
15,29,1082.9,9,0.08,0.99,0.011,0,0.24
15,30,1516.2,13,0.1,0.23,0.003,0,0.14
15,31,1287.8,37,1.21,5.54,0.003,0,2.89
15,32,1824.6,5,0.03,0.29,0.0,0,0.07
15,33,1869.7,1,0.01,0.09,0.001,0,0.05
15,34,3989.2,9,0.01,0.01,0.0,0,0.09
15,35,2896.9,1,0.01,0.01,0.0,0,0.01
15,36,3417.7,2,0.02,0.02,0.0,0,0.04
15,37,826.8,0,0.01,0.26,0.027,0,0.04
15,38,2115.0,0,0.01,0.05,0.0,0,0.02
15,39,4641.8,3,0.03,0.0,0.0,0,0.04
15,40,5301.0,8,0.04,0.0,0.0,0,0.1
15,41,572.4,54,0.86,4.55,0.062,0,1.12
15,42,682.2,34,0.18,1.68,0.017,0,0.49
15,43,402.8,23,0.86,3.9,0.123,0,1.13
15,44,709.0,14,0.13,0.72,0.042,0,0.16
15,45,1606.8,11,0.02,0.23,0.003,0,0.13
15,46,1196.0,19,0.03,0.69,0.004,0,0.21
15,47,3271.3,21,0.17,0.08,0.0,0,0.3
15,48,2348.4,6,0.05,0.19,0.0,0,0.07
15,49,3868.3,1,0.01,0.0,0.0,0,0.02
15,50,3524.4,2,0.03,0.01,0.0,0,0.11
15,51,2728.6,0,0.03,0.05,0.0,0,0.08
15,52,1772.8,4,0.03,0.24,0.001,0,0.05
15,53,565.6,665,2.47,8.94,0.075,0,7.36
15,54,2334.2,22,0.44,0.36,0.0,0,0.55
15,55,735.0,167,1.89,8.06,0.02,0,1.92
15,56,1848.3,3,0.04,0.15,0.001,0,0.05
15,57,3775.8,2,0.02,0.01,0.0,0,0.03
15,58,3277.6,10,0.04,0.05,0.0,0,0.18
15,59,1035.0,44,1.17,3.25,0.004,0,1.23
15,60,4405.5,0,0.01,0.0,0.0,0,0.05
15,61,2135.6,4,0.01,0.14,0.001,0,0.06
15,62,3087.7,0,0.04,0.02,0.0,0,0.05
15,63,1662.3,1,0.02,0.19,0.003,0,0.04
15,64,2761.4,12,0.06,0.08,0.0,0,0.17
15,65,3259.2,13,0.2,0.09,0.0,0,0.31
15,66,3036.9,3,0.03,0.03,0.0,0,0.1
15,67,2425.7,51,0.85,0.26,0.0,0,1.11
15,68,962.6,30,0.18,2.18,0.001,0,0.6
15,69,4195.9,3,0.04,0.0,0.0,0,0.06
15,70,1834.7,5,0.03,0.44,0.001,0,0.15
15,71,2203.1,128,0.63,0.6,0.0,0,1.52
15,72,470.1,98,0.18,4.53,0.051,0,1.53
15,73,2079.1,31,0.09,1.39,0.0,0,0.51
15,74,3884.2,0,0.0,0.0,0.0,0,0.0
15,75,1012.5,167,1.16,2.82,0.027,0,1.91
15,76,1827.9,6,0.07,0.49,0.002,0,0.15
15,77,5290.1,2,0.02,0.0,0.0,0,0.03
15,78,3757.0,4,0.01,0.01,0.0,0,0.07
15,79,3277.8,0,0.0,0.0,0.0,0,0.01
15,80,4131.5,2,0.03,0.0,0.0,0,0.05
15,81,1564.3,26,0.07,0.71,0.003,0,0.34
15,82,1225.3,39,0.57,6.06,0.012,0,0.97
15,83,4302.5,4,0.04,0.0,0.0,0,0.04
15,84,3521.9,1,0.0,0.0,0.0,0,0.02
15,85,1804.1,4,0.04,0.22,0.002,0,0.07
15,86,2372.4,37,0.3,0.28,0.0,0,0.39
15,87,270.9,168,0.79,6.73,0.263,0,3.5
15,88,748.2,47,0.6,1.24,0.032,0,0.64
15,89,4275.3,3,0.08,0.0,0.0,0,0.11
15,90,2931.3,10,0.13,0.06,0.0,0,0.13
15,91,3077.7,23,0.06,0.09,0.0,0,0.37
15,92,970.4,11,0.21,1.24,0.026,0,0.22
15,93,1378.7,9,0.09,0.73,0.003,0,0.17
15,94,667.7,70,0.41,1.87,0.038,0,1.03
15,95,3569.9,1,0.01,0.0,0.0,0,0.01
15,96,3761.2,6,0.05,0.01,0.0,0,0.11
15,97,4391.8,3,0.03,0.0,0.0,0,0.07
15,98,1732.5,22,0.03,0.33,0.001,0,0.26
15,99,3315.3,2,0.04,0.02,0.0,0,0.04
15,100,883.5,5,0.1,0.27,0.031,0,0.1
15,101,3458.0,3,0.03,0.01,0.0,0,0.04
15,102,475.0,65,0.71,2.73,0.078,0,1.73
15,103,3035.9,0,0.02,0.02,0.0,0,0.02
15,104,1763.5,9,0.38,0.26,0.001,0,0.54
15,105,3522.7,2,0.06,0.02,0.0,0,0.08
15,106,3212.9,30,0.31,0.14,0.0,0,0.34
15,107,2653.7,8,0.13,0.08,0.0,0,0.21
15,108,3072.5,7,0.01,0.02,0.0,0,0.08
15,109,1455.4,1,0.06,0.73,0.004,0,0.15
15,110,4090.1,0,0.0,0.0,0.0,0,0.01
15,111,3449.4,2,0.02,0.02,0.0,0,0.04
15,112,1666.2,31,0.19,0.55,0.001,0,0.34
15,113,3057.6,36,0.33,0.37,0.0,0,0.51
15,114,2170.6,5,0.07,0.12,0.0,0,0.07
15,115,1439.1,20,0.05,1.77,0.008,0,0.26
15,116,4133.4,2,0.04,0.0,0.0,0,0.06
15,117,2687.9,0,0.01,0.02,0.0,0,0.03
15,118,4057.0,8,0.13,0.01,0.0,0,0.17
15,119,3638.1,14,0.11,0.02,0.0,0,0.15
15,120,1229.8,11,0.38,2.15,0.011,0,0.48
15,121,2010.6,20,0.19,0.09,0.0,0,0.26
15,122,1611.5,28,0.07,2.4,0.002,0,0.42
15,123,2069.3,5,0.03,0.08,0.0,0,0.11
15,124,3650.6,10,0.06,0.02,0.0,0,0.18
15,125,2994.9,36,0.16,0.34,0.0,0,0.64
15,126,1655.4,2,0.04,0.31,0.003,0,0.05
15,127,1110.3,6,0.05,0.89,0.02,0,0.07
15,128,1640.5,18,0.1,0.63,0.003,0,0.28
15,129,3014.0,1,0.01,0.02,0.0,0,0.05
15,130,5110.2,0,0.01,0.0,0.0,0,0.01
15,131,1343.8,13,0.08,0.59,0.007,0,0.19
15,132,2174.5,5,0.01,0.04,0.0,0,0.08
15,133,3260.1,6,0.06,0.07,0.0,0,0.09
15,134,3446.1,0,0.01,0.0,0.0,0,0.02
15,135,2153.2,3,0.3,1.12,0.001,0,0.33
15,136,1057.2,7,0.03,0.51,0.023,0,0.13
15,137,3108.2,1,0.01,0.01,0.0,0,0.04
15,138,3065.2,4,0.05,0.07,0.0,0,0.1
15,139,3502.8,0,0.01,0.0,0.0,0,0.01
15,140,2542.1,15,0.04,0.1,0.0,0,0.17
15,141,4795.4,6,0.09,0.0,0.0,0,0.11
15,142,1812.1,3,0.01,0.08,0.002,0,0.04
15,143,4406.6,4,0.07,0.0,0.0,0,0.07
15,144,1602.6,9,0.28,0.73,0.002,0,0.37
15,145,3654.4,8,0.02,0.02,0.0,0,0.21
15,146,4498.7,0,0.0,0.0,0.0,0,0.01
15,147,2106.0,2,0.03,0.03,0.001,0,0.11
15,148,3900.1,4,0.01,0.01,0.0,0,0.06
15,149,1823.7,3,0.02,0.36,0.001,0,0.06
15,150,2492.9,8,0.04,0.09,0.0,0,0.09
15,151,3368.2,0,0.01,0.02,0.0,0,0.02
15,152,1485.9,15,0.17,0.15,0.004,0,0.19
15,153,3128.5,1,0.05,0.01,0.0,0,0.05
15,154,1716.5,17,0.21,0.44,0.002,0,0.31
15,155,1383.3,3,0.03,0.21,0.005,0,0.05
15,156,1265.8,182,1.31,7.15,0.009,0,2.83
15,157,3941.2,9,0.06,0.01,0.0,0,0.11
15,158,1215.7,8,0.01,0.39,0.002,0,0.1
15,159,100.6,2748,12.61,17.02,0.616,1,28.55
15,160,1589.0,8,0.03,0.13,0.002,0,0.14
15,161,1821.3,12,0.14,0.79,0.002,0,0.32
15,162,2821.2,14,0.06,0.13,0.0,0,0.29
15,163,1692.0,6,0.13,0.12,0.001,0,0.18
15,164,2794.7,1,0.04,0.16,0.0,0,0.07
15,165,141.2,1295,8.66,11.33,0.328,1,15.61
15,166,727.6,122,0.68,4.84,0.035,0,1.27
15,167,2503.5,56,0.55,0.46,0.0,0,0.86
15,168,2384.3,3,0.01,0.06,0.0,0,0.04
15,169,4125.3,4,0.06,0.0,0.0,0,0.06
15,170,1065.0,4,0.16,0.44,0.011,0,0.22
15,171,2290.2,1,0.02,0.07,0.0,0,0.06
15,172,4288.7,0,0.01,0.0,0.0,0,0.02
15,173,3459.3,1,0.05,0.01,0.0,0,0.07
15,174,2318.2,4,0.01,0.23,0.0,0,0.11
15,175,3107.8,17,0.18,0.04,0.0,0,0.3
15,176,3780.3,4,0.03,0.01,0.0,0,0.06
15,177,4099.2,4,0.05,0.01,0.0,0,0.4
15,178,880.4,3,0.14,1.89,0.011,0,0.35
15,179,727.1,82,4.61,17.09,0.041,0,5.49
15,180,1493.7,62,0.56,1.19,0.005,0,0.79
15,181,2279.8,0,0.02,0.07,0.0,0,0.04
15,182,1890.5,1,0.01,0.11,0.001,0,0.04
15,183,1759.2,29,0.05,0.5,0.001,0,0.36
15,184,3764.0,5,0.02,0.01,0.0,0,0.1
15,185,3935.6,3,0.03,0.01,0.0,0,0.1
15,186,2461.5,8,0.03,0.15,0.0,0,0.13
15,187,1722.7,1,0.08,0.53,0.002,0,0.09
15,188,3256.0,2,0.04,0.01,0.0,0,0.05
15,189,1052.3,4,0.05,0.26,0.015,0,0.12
15,190,3277.2,3,0.04,0.02,0.0,0,0.04
15,191,2172.6,8,0.08,0.21,0.0,0,0.23
15,192,3166.7,3,0.03,0.03,0.0,0,0.09
15,193,3657.7,0,0.01,0.0,0.0,0,0.01
15,194,2254.2,9,0.09,0.22,0.0,0,0.1
15,195,911.6,10,0.14,2.37,0.037,0,0.93
15,196,3955.3,1,0.0,0.0,0.0,0,0.02
15,197,2347.3,9,0.08,0.13,0.0,0,0.11
15,198,1449.7,17,0.07,0.7,0.005,0,0.21
15,199,1919.7,2,0.02,0.18,0.001,0,0.04
16,17,2656.4,2,0.09,0.06,0.0,0,0.14
16,18,872.5,20,0.11,0.61,0.018,0,0.26
16,19,1478.2,1,0.05,0.08,0.001,0,0.07
16,20,1379.7,83,0.57,2.89,0.008,0,1.15
16,21,2078.6,1,0.01,0.09,0.001,0,0.04
16,22,2414.8,5,0.02,0.09,0.0,0,0.07
16,23,1907.9,1,0.01,0.07,0.001,0,0.02
16,24,622.4,15,0.07,1.91,0.061,0,0.23
16,25,582.2,33,0.08,3.91,0.089,0,0.36
16,26,3883.7,0,0.0,0.0,0.0,0,0.01
16,27,2215.7,4,0.02,0.14,0.0,0,0.08
16,28,3324.2,2,0.0,0.01,0.0,0,0.03
16,29,2313.0,0,0.02,0.05,0.0,0,0.03
16,30,948.5,2,0.1,0.49,0.033,0,0.19
16,31,2203.8,23,0.17,0.4,0.0,0,0.49
16,32,875.1,69,0.47,1.52,0.023,0,0.74
16,33,2348.4,0,0.0,0.02,0.0,0,0.01
16,34,2552.8,17,0.31,0.11,0.0,0,0.39
16,35,2323.2,0,0.0,0.01,0.0,0,0.01
16,36,2295.9,3,0.09,0.12,0.0,0,0.11
16,37,1272.5,0,0.01,0.08,0.006,0,0.03
16,38,672.6,7,0.07,0.55,0.078,0,0.22
16,39,3636.7,2,0.01,0.01,0.0,0,0.03
16,40,3959.5,2,0.04,0.01,0.0,0,0.04
16,41,1491.0,1,0.02,0.32,0.003,0,0.07
16,42,951.2,22,0.28,0.83,0.023,0,0.43
16,43,1056.8,4,0.08,0.83,0.018,0,0.11
16,44,2166.5,1,0.0,0.03,0.0,0,0.02
16,45,2166.1,1,0.01,0.05,0.0,0,0.03
16,46,2445.0,2,0.01,0.04,0.0,0,0.06
16,47,3194.2,3,0.03,0.03,0.0,0,0.09
16,48,911.6,3,0.03,2.81,0.043,0,0.18
16,49,3668.5,0,0.01,0.0,0.0,0,0.01
16,50,3168.0,3,0.02,0.03,0.0,0,0.05
16,51,1447.7,6,0.03,0.17,0.005,0,0.06
16,52,3034.2,1,0.02,0.01,0.0,0,0.03
16,53,1834.0,5,0.04,0.31,0.001,0,0.11
16,54,892.5,62,0.93,2.61,0.034,0,1.6
16,55,2029.6,28,0.12,0.44,0.001,0,0.31
16,56,2070.8,2,0.01,0.05,0.0,0,0.02
16,57,3162.9,0,0.01,0.01,0.0,0,0.01
16,58,2039.8,12,0.04,0.37,0.0,0,0.14
16,59,474.2,105,2.35,14.6,0.008,0,2.5
16,60,3508.3,0,0.0,0.01,0.0,0,0.01
16,61,2140.7,0,0.01,0.12,0.001,0,0.03
16,62,1824.6,1,0.0,0.04,0.002,0,0.02
16,63,1512.6,4,0.03,0.19,0.003,0,0.05
16,64,1655.3,11,0.13,0.58,0.002,0,0.13
16,65,2189.4,3,0.17,0.32,0.0,0,0.17
16,66,2960.8,5,0.06,0.03,0.0,0,0.06
16,67,1037.5,144,1.06,1.97,0.023,0,1.62
16,68,1726.0,16,0.16,0.31,0.003,0,0.2
16,69,3107.0,1,0.02,0.01,0.0,0,0.03
16,70,1520.9,13,0.06,0.61,0.004,0,0.15
16,71,1513.2,21,0.1,2.78,0.003,0,0.35
16,72,1702.3,6,0.03,0.16,0.0,0,0.07
16,73,968.7,44,1.53,6.69,0.022,0,1.63
16,74,3232.4,0,0.0,0.0,0.0,0,0.01
16,75,1843.4,27,0.17,0.33,0.001,0,0.42
16,76,1143.1,2,0.14,1.08,0.013,0,0.22
16,77,3952.0,0,0.01,0.0,0.0,0,0.03
16,78,2326.0,10,0.14,0.09,0.0,0,0.17
16,79,2986.4,0,0.0,0.0,0.0,0,0.01
16,80,3097.1,3,0.04,0.02,0.0,0,0.05
16,81,2749.3,4,0.09,0.04,0.0,0,0.15
16,82,2347.8,35,0.38,0.22,0.0,0,0.38
16,83,3249.0,0,0.01,0.01,0.0,0,0.03
16,84,2228.2,2,0.02,0.05,0.0,0,0.03
16,85,2357.5,2,0.08,0.07,0.0,0,0.09
16,86,1054.1,78,0.68,2.17,0.025,0,0.79
16,87,1335.3,3,0.11,1.1,0.001,0,0.14
16,88,1602.9,4,0.05,0.21,0.001,0,0.06
16,89,2948.9,2,0.04,0.04,0.0,0,0.06
16,90,2148.9,5,0.03,0.08,0.0,0,0.16
16,91,2937.8,1,0.08,0.06,0.0,0,0.09
16,92,661.9,33,0.1,0.94,0.046,0,0.39
16,93,95.6,291,2.97,5.28,0.147,0,3.26
16,94,1932.4,2,0.02,0.09,0.001,0,0.07
16,95,2998.1,0,0.0,0.0,0.0,0,0.01
16,96,3065.2,2,0.02,0.01,0.0,0,0.05
16,97,3406.5,7,0.02,0.01,0.0,0,0.1
16,98,444.2,68,1.07,2.27,0.069,0,1.39
16,99,2674.5,1,0.01,0.03,0.0,0,0.02
16,100,1302.3,8,0.08,0.11,0.007,0,0.09
16,101,3260.3,2,0.03,0.01,0.0,0,0.05
16,102,1929.1,2,0.01,0.09,0.001,0,0.07
16,103,1996.9,0,0.02,0.06,0.001,0,0.02
16,104,1325.4,4,0.04,0.31,0.008,0,0.24
16,105,2217.8,3,0.03,0.15,0.0,0,0.04
16,106,2453.1,11,0.32,0.19,0.0,0,0.32
16,107,1290.5,6,0.18,0.84,0.01,0,0.23
16,108,1784.0,12,0.05,0.36,0.002,0,0.25
16,109,144.7,163,0.36,7.03,0.426,0,2.65
16,110,2829.5,0,0.02,0.0,0.0,0,0.02
16,111,3140.7,3,0.02,0.01,0.0,0,0.04
16,112,1586.0,1,0.06,0.26,0.003,0,0.12
16,113,1678.1,15,0.26,3.38,0.002,0,0.88
16,114,901.2,22,0.25,0.75,0.028,0,0.27
16,115,746.4,20,0.48,2.54,0.005,0,0.59
16,116,3497.6,3,0.01,0.0,0.0,0,0.08
16,117,1845.6,3,0.02,0.09,0.001,0,0.04
16,118,2760.5,18,0.22,0.12,0.0,0,0.4
16,119,2730.5,1,0.03,0.06,0.0,0,0.09
16,120,761.9,56,0.5,4.02,0.008,0,0.66
16,121,896.8,8,0.03,0.44,0.041,0,0.11
16,122,742.2,145,0.72,11.91,0.032,0,2.62
16,123,1493.0,0,0.02,0.11,0.002,0,0.02
16,124,2819.2,7,0.01,0.05,0.0,0,0.1
16,125,1595.9,53,0.65,4.28,0.001,0,1.15
16,126,1094.9,4,0.04,0.32,0.011,0,0.09
16,127,2399.2,1,0.01,0.04,0.0,0,0.02
16,128,2538.8,2,0.03,0.05,0.0,0,0.03
16,129,2268.8,0,0.01,0.03,0.0,0,0.03
16,130,3801.2,0,0.01,0.0,0.0,0,0.01
16,131,2637.5,2,0.03,0.05,0.0,0,0.08
16,132,832.4,3,0.07,0.41,0.045,0,0.12
16,133,3101.1,6,0.01,0.02,0.0,0,0.07
16,134,2985.5,0,0.0,0.01,0.0,0,0.01
16,135,1852.5,54,0.4,0.92,0.0,0,0.62
16,136,417.3,4,0.3,1.25,0.018,0,0.35
16,137,2722.2,3,0.02,0.03,0.0,0,0.03
16,138,2436.4,9,0.03,0.17,0.0,0,0.12
16,139,2209.7,1,0.01,0.04,0.0,0,0.02
16,140,1977.7,5,0.05,0.25,0.001,0,0.07
16,141,3554.6,6,0.07,0.04,0.0,0,0.07
16,142,2170.5,0,0.02,0.02,0.0,0,0.03
16,143,3424.2,5,0.06,0.01,0.0,0,0.09
16,144,312.4,161,0.49,7.34,0.179,0,1.78
16,145,2381.4,2,0.12,0.16,0.0,0,0.12
16,146,3396.8,1,0.01,0.0,0.0,0,0.02
16,147,1457.1,3,0.04,0.14,0.003,0,0.05
16,148,2672.5,6,0.06,0.09,0.0,0,0.14
16,149,2077.2,1,0.04,0.28,0.0,0,0.04
16,150,1894.0,1,0.05,0.25,0.001,0,0.06
16,151,2090.9,2,0.03,0.19,0.001,0,0.05
16,152,2733.0,0,0.01,0.01,0.0,0,0.03
16,153,2228.0,7,0.01,0.1,0.0,0,0.08
16,154,2134.5,18,0.24,0.15,0.001,0,0.43
16,155,1634.6,3,0.02,0.11,0.001,0,0.08
16,156,518.3,478,3.85,18.4,0.04,0,6.31
16,157,2641.0,5,0.05,0.06,0.0,0,0.08
16,158,956.9,3,0.02,0.28,0.029,0,0.05
16,159,1521.0,27,0.2,0.44,0.001,0,0.41
16,160,1298.9,2,0.05,0.36,0.001,0,0.05
16,161,1549.6,8,0.18,0.98,0.001,0,0.21
16,162,2643.5,5,0.21,0.13,0.0,0,0.25
16,163,2682.9,2,0.03,0.02,0.0,0,0.04
16,164,1846.0,13,0.11,0.38,0.001,0,0.22
16,165,1453.7,27,0.27,0.57,0.006,0,0.3
16,166,2077.8,14,0.13,0.25,0.0,0,0.18
16,167,1232.7,22,0.79,4.55,0.001,0,0.93
16,168,1918.2,2,0.04,0.11,0.001,0,0.05
16,169,3179.8,2,0.01,0.01,0.0,0,0.03
16,170,1469.2,2,0.04,0.16,0.007,0,0.04
16,171,2341.8,1,0.01,0.02,0.0,0,0.01
16,172,3517.1,5,0.01,0.01,0.0,0,0.06
16,173,2006.8,16,0.12,0.22,0.0,0,0.21
16,174,2188.7,9,0.03,0.21,0.0,0,0.15
16,175,1912.1,9,0.21,0.44,0.001,0,0.25
16,176,2908.2,1,0.01,0.03,0.0,0,0.02
16,177,2819.9,24,0.17,0.1,0.0,0,0.27
16,178,1865.7,8,0.11,0.21,0.002,0,0.11
16,179,736.6,943,11.8,28.08,0.046,0,12.88
16,180,1554.7,4,0.1,0.52,0.003,0,0.16
16,181,2378.1,1,0.02,0.03,0.0,0,0.03
16,182,759.0,8,0.11,0.53,0.041,0,0.11
16,183,830.9,18,0.11,2.51,0.035,0,0.22
16,184,3414.4,2,0.01,0.01,0.0,0,0.03
16,185,3687.2,1,0.05,0.01,0.0,0,0.1
16,186,1043.5,20,0.41,1.94,0.016,0,0.42
16,187,1405.9,4,0.07,0.77,0.006,0,0.07
16,188,1965.7,0,0.02,0.07,0.001,0,0.04
16,189,1115.9,5,0.07,0.14,0.018,0,0.09
16,190,2583.9,2,0.03,0.03,0.0,0,0.04
16,191,763.7,56,0.52,3.97,0.053,0,0.63
16,192,1763.6,22,0.24,0.5,0.001,0,0.24
16,193,2707.5,1,0.0,0.01,0.0,0,0.02
16,194,2439.3,2,0.04,0.1,0.0,0,0.04
16,195,1911.7,5,0.08,0.36,0.0,0,0.09
16,196,2615.1,0,0.01,0.02,0.0,0,0.02
16,197,1409.8,9,0.3,0.49,0.001,0,0.32
16,198,1694.6,3,0.06,0.41,0.002,0,0.1
16,199,2497.1,0,0.01,0.02,0.0,0,0.01
17,18,2406.7,1,0.09,0.09,0.0,0,0.12
17,19,3426.8,1,0.02,0.02,0.0,0,0.02
17,20,3356.4,36,0.26,0.25,0.0,0,0.65
17,21,2631.6,3,0.09,0.15,0.0,0,0.1
17,22,398.2,219,1.05,13.09,0.081,0,2.42
17,23,4418.6,1,0.01,0.0,0.0,0,0.02
17,24,2174.9,6,0.05,0.43,0.0,0,0.16
17,25,2933.2,8,0.15,0.09,0.0,0,0.18
17,26,2852.3,1,0.03,0.04,0.0,0,0.04
17,27,4622.8,11,0.11,0.0,0.0,0,0.12
17,28,675.4,128,0.74,4.78,0.044,0,1.36
17,29,4431.5,2,0.02,0.0,0.0,0,0.04
17,30,3404.3,3,0.04,0.02,0.0,0,0.06
17,31,4051.9,9,0.39,0.05,0.0,0,0.66
17,32,3079.9,8,0.04,0.07,0.0,0,0.16
17,33,3652.3,2,0.05,0.01,0.0,0,0.12
17,34,844.9,67,0.4,8.81,0.021,0,2.37
17,35,2093.8,11,0.21,0.06,0.0,0,0.22
17,36,839.9,148,1.58,7.88,0.032,0,1.8
17,37,3927.6,1,0.01,0.0,0.0,0,0.03
17,38,2249.2,9,0.08,0.1,0.0,0,0.1
17,39,1492.5,14,0.36,3.34,0.005,0,0.44
17,40,1333.1,36,0.94,6.2,0.003,0,0.95
17,41,4135.1,7,0.04,0.01,0.0,0,0.21
17,42,3598.4,5,0.03,0.02,0.0,0,0.08
17,43,3603.2,12,0.15,0.02,0.0,0,0.24
17,44,4615.1,1,0.01,0.0,0.0,0,0.02
17,45,3670.5,2,0.01,0.01,0.0,0,0.04
17,46,4550.6,5,0.01,0.0,0.0,0,0.09
17,47,3198.5,5,0.29,0.18,0.0,0,0.46
17,48,2145.1,10,0.3,0.67,0.0,0,0.35
17,49,3212.2,0,0.0,0.01,0.0,0,0.01
17,50,2687.0,13,0.07,0.14,0.0,0,0.14
17,51,2571.8,8,0.03,0.1,0.0,0,0.12
17,52,5030.1,3,0.04,0.0,0.0,0,0.1
17,53,4123.8,32,0.2,0.01,0.0,0,0.34
17,54,2128.6,64,0.38,1.03,0.001,0,1.07
17,55,4285.0,5,0.13,0.02,0.0,0,0.28
17,56,3259.9,6,0.03,0.03,0.0,0,0.08
17,57,2169.2,6,0.05,0.54,0.001,0,0.11
17,58,723.6,183,1.79,9.76,0.043,0,2.38
17,59,3125.0,36,0.37,0.11,0.0,0,0.41
17,60,1672.2,15,0.07,0.61,0.002,0,0.5
17,61,4513.3,2,0.02,0.0,0.0,0,0.08
17,62,885.7,2,0.15,2.23,0.018,0,0.22
17,63,3965.0,0,0.03,0.0,0.0,0,0.03
17,64,1298.9,183,0.63,4.65,0.011,0,1.83
17,65,1028.4,35,1.62,13.8,0.021,0,3.13
17,66,3103.7,9,0.07,0.07,0.0,0,0.09
17,67,2294.6,3,0.12,0.51,0.0,0,0.32
17,68,3694.4,21,0.13,0.03,0.0,0,0.29
17,69,963.9,32,0.11,1.84,0.018,0,0.52
17,70,3876.1,6,0.14,0.01,0.0,0,0.26
17,71,2083.7,95,0.62,2.89,0.001,0,1.89
17,72,4312.7,6,0.07,0.01,0.0,0,0.12
17,73,1898.5,136,1.67,1.91,0.001,0,1.89
17,74,2111.2,2,0.03,0.04,0.001,0,0.04
17,75,4499.1,8,0.1,0.01,0.0,0,0.18
17,76,3405.6,18,0.21,0.04,0.0,0,0.23
17,77,1321.4,28,0.05,1.64,0.005,0,0.39
17,78,804.2,142,1.6,4.8,0.035,0,2.05
17,79,2740.8,4,0.02,0.02,0.0,0,0.04
17,80,1115.3,16,0.06,1.85,0.004,0,0.38
17,81,4704.7,3,0.1,0.01,0.0,0,0.12
17,82,4345.7,58,0.36,0.03,0.0,0,0.61
17,83,1133.7,54,0.7,1.84,0.014,0,0.84
17,84,448.7,255,0.56,5.82,0.023,0,2.83
17,85,3743.3,4,0.04,0.01,0.0,0,0.05
17,86,1616.0,69,0.69,1.59,0.004,0,1.44
17,87,3927.0,14,0.3,0.04,0.0,0,0.5
17,88,3717.4,1,0.01,0.01,0.0,0,0.04
17,89,308.7,409,8.03,37.45,0.211,0,9.28
17,90,1701.1,33,0.06,1.11,0.003,0,0.42
17,91,2988.5,8,0.38,0.15,0.0,0,0.42
17,92,2998.9,6,0.1,0.03,0.0,0,0.14
17,93,2700.8,11,0.17,0.05,0.0,0,0.29
17,94,4547.4,8,0.12,0.0,0.0,0,0.13
17,95,2201.2,3,0.03,0.07,0.0,0,0.05
17,96,1953.5,45,0.16,1.53,0.001,0,0.52
17,97,1398.1,32,0.3,2.55,0.006,0,0.89
17,98,2268.8,15,0.25,0.2,0.0,0,0.28
17,99,1983.6,14,0.17,0.46,0.001,0,0.29
17,100,3344.9,1,0.01,0.01,0.0,0,0.06
17,101,3017.1,6,0.06,0.05,0.0,0,0.11
17,102,4435.4,2,0.01,0.0,0.0,0,0.03
17,103,1200.8,5,0.08,1.05,0.013,0,0.11
17,104,2502.6,4,0.08,0.27,0.0,0,0.27
17,105,446.8,1289,12.9,28.29,0.138,0,13.83
17,106,1713.7,232,0.79,4.44,0.002,0,2.36
17,107,2324.7,13,0.18,0.38,0.0,0,0.22
17,108,896.8,89,0.9,7.53,0.003,0,1.37
17,109,2593.1,2,0.07,0.16,0.0,0,0.13
17,110,283.7,49,0.51,2.2,0.298,0,0.78
17,111,2765.6,2,0.1,0.18,0.0,0,0.1
17,112,2866.2,3,0.02,0.12,0.0,0,0.2
17,113,1001.2,352,2.1,61.1,0.003,0,20.15
17,114,1805.6,23,0.37,0.73,0.001,0,0.46
17,115,2555.2,12,0.13,0.25,0.0,0,0.19
17,116,2262.8,7,0.02,0.36,0.0,0,0.14
17,117,1679.8,7,0.07,0.29,0.001,0,0.09
17,118,124.6,8778,73.87,103.21,0.256,8,121.64
17,119,1371.2,91,0.26,3.76,0.006,0,1.25
17,120,3356.6,10,0.08,0.09,0.0,0,0.49
17,121,1963.2,15,0.08,0.26,0.001,0,0.22
17,122,2373.6,16,0.17,0.78,0.0,0,1.31
17,123,2257.1,3,0.03,0.05,0.0,0,0.09
17,124,1575.2,39,0.41,2.04,0.005,0,0.83
17,125,1106.8,1187,10.16,20.64,0.003,0,17.12
17,126,2465.2,2,0.03,0.15,0.0,0,0.12
17,127,4560.6,2,0.01,0.0,0.0,0,0.03
17,128,4227.8,3,0.08,0.01,0.0,0,0.09
17,129,1757.9,33,0.54,0.47,0.002,0,0.6
17,130,1147.7,13,0.25,0.48,0.019,0,0.43
17,131,4754.8,7,0.08,0.0,0.0,0,0.2
17,132,1831.8,2,0.03,0.17,0.001,0,0.11
17,133,3018.4,20,0.07,0.15,0.0,0,0.25
17,134,2421.7,5,0.03,0.08,0.0,0,0.07
17,135,4098.7,5,0.13,0.07,0.0,0,0.43
17,136,3055.1,7,0.06,0.03,0.0,0,0.08
17,137,2491.4,14,0.16,0.14,0.0,0,0.27
17,138,1987.8,78,0.69,1.3,0.001,0,0.93
17,139,467.7,22,0.32,3.74,0.134,0,0.9
17,140,2140.0,35,0.09,0.81,0.0,0,0.38
17,141,936.6,134,3.73,18.1,0.032,0,4.87
17,142,3447.2,3,0.02,0.0,0.0,0,0.05
17,143,1415.6,8,0.26,1.49,0.004,0,0.35
17,144,2411.4,11,0.05,0.21,0.0,0,0.14
17,145,345.2,406,15.43,47.49,0.112,0,16.13
17,146,1095.0,17,0.15,1.29,0.011,0,0.19
17,147,2169.6,12,0.09,0.04,0.0,0,0.13
17,148,371.3,126,6.16,16.59,0.189,0,6.64
17,149,3298.2,17,0.18,0.06,0.0,0,0.22
17,150,2098.0,39,0.19,0.8,0.001,0,0.51
17,151,606.4,74,0.87,12.33,0.07,0,2.15
17,152,4770.4,1,0.03,0.0,0.0,0,0.05
17,153,1426.4,24,0.37,1.87,0.005,0,0.78
17,154,4698.6,10,0.11,0.0,0.0,0,0.14
17,155,3219.2,5,0.05,0.04,0.0,0,0.1
17,156,2703.7,34,0.9,1.26,0.0,0,0.93
17,157,64.4,1319,75.17,53.69,0.154,2,96.56
17,158,3547.7,2,0.01,0.01,0.0,0,0.04
17,159,3996.4,25,0.07,0.01,0.0,0,0.31
17,160,2684.3,1,0.07,0.04,0.0,0,0.08
17,161,2643.2,11,0.26,0.37,0.0,0,0.27
17,162,2832.9,57,0.86,0.49,0.0,0,1.04
17,163,4425.4,1,0.01,0.0,0.0,0,0.03
17,164,1473.2,141,1.37,5.32,0.004,0,1.76
17,165,3908.5,5,0.17,0.01,0.0,0,0.2
17,166,4374.7,3,0.27,0.02,0.0,0,0.31
17,167,2598.4,99,1.76,1.01,0.0,0,2.6
17,168,2309.6,30,0.33,0.48,0.0,0,0.43
17,169,1390.0,12,0.11,1.64,0.006,0,0.18
17,170,3342.6,1,0.02,0.01,0.0,0,0.05
17,171,3103.6,14,0.12,0.04,0.0,0,0.14
17,172,1971.4,14,0.22,0.63,0.0,0,0.38
17,173,1156.9,4,0.32,3.19,0.019,0,0.44
17,174,2818.1,6,0.09,0.14,0.0,0,0.23
17,175,918.3,119,0.49,9.99,0.014,0,1.21
17,176,1492.5,48,0.48,1.1,0.004,0,0.66
17,177,217.1,369,12.54,93.72,0.413,2,28.95
17,178,3930.8,10,0.05,0.01,0.0,0,0.12
17,179,3328.1,95,0.24,0.63,0.0,0,1.7
17,180,3022.6,15,0.06,0.19,0.0,0,0.19
17,181,3177.7,6,0.06,0.01,0.0,0,0.09
17,182,2859.7,0,0.03,0.03,0.0,0,0.04
17,183,3092.4,7,0.11,0.13,0.0,0,0.23
17,184,2804.8,9,0.02,0.06,0.0,0,0.15
17,185,3132.2,27,0.63,0.13,0.0,0,0.7
17,186,1641.2,67,0.65,2.6,0.003,0,0.72
17,187,3802.6,5,0.17,0.01,0.0,0,0.17
17,188,713.4,19,0.2,2.85,0.031,0,0.71
17,189,3746.3,2,0.04,0.0,0.0,0,0.04
17,190,1862.0,38,0.15,0.42,0.001,0,0.45
17,191,1898.3,71,0.9,1.73,0.001,0,0.9
17,192,970.6,133,0.89,4.72,0.03,0,1.46
17,193,1256.9,16,0.06,0.71,0.011,0,0.23
17,194,3314.2,18,0.22,0.04,0.0,0,0.26
17,195,3966.8,23,0.19,0.01,0.0,0,0.24
17,196,141.8,719,8.54,9.18,0.251,0,16.19
17,197,1764.1,38,0.21,1.08,0.002,0,0.77
17,198,4264.8,0,0.01,0.01,0.0,0,0.05
17,199,3835.0,0,0.02,0.0,0.0,0,0.05
18,19,1054.4,3,0.04,0.29,0.01,0,0.08
18,20,971.6,33,0.28,4.93,0.002,0,0.67
18,21,2737.7,1,0.04,0.02,0.0,0,0.05
18,22,2070.2,2,0.01,0.13,0.0,0,0.07
18,23,2663.8,0,0.0,0.02,0.0,0,0.02
18,24,1152.6,2,0.02,0.59,0.003,0,0.06
18,25,655.0,99,0.28,3.45,0.025,0,1.31
18,26,4299.4,0,0.0,0.0,0.0,0,0.01
18,27,3010.3,0,0.02,0.03,0.0,0,0.06
18,28,3074.0,1,0.0,0.01,0.0,0,0.02
18,29,3171.7,0,0.01,0.01,0.0,0,0.02
18,30,1069.4,7,0.07,0.7,0.01,0,0.13
18,31,3076.1,29,0.46,0.17,0.0,0,0.5
18,32,693.7,30,0.17,3.52,0.076,0,0.62
18,33,3180.1,1,0.02,0.01,0.0,0,0.02
18,34,2034.0,42,0.32,0.34,0.001,0,0.52
18,35,2799.2,0,0.01,0.01,0.0,0,0.01
18,36,2343.2,11,0.13,0.08,0.0,0,0.16
18,37,1793.4,0,0.01,0.03,0.002,0,0.01
18,38,307.2,8,0.13,1.56,0.246,0,0.35
18,39,3673.0,1,0.01,0.01,0.0,0,0.03
18,40,3584.3,13,0.15,0.01,0.0,0,0.16
18,41,2108.7,2,0.04,0.17,0.001,0,0.1
18,42,1613.8,7,0.08,0.22,0.003,0,0.11
18,43,1845.8,4,0.06,0.42,0.001,0,0.08
18,44,2945.0,0,0.0,0.01,0.0,0,0.01
18,45,3015.7,0,0.02,0.01,0.0,0,0.02
18,46,3303.0,3,0.01,0.01,0.0,0,0.08
18,47,3828.4,3,0.03,0.01,0.0,0,0.08
18,48,264.0,42,1.43,8.76,0.11,0,1.98
18,49,4223.5,0,0.0,0.0,0.0,0,0.0
18,50,3679.6,5,0.05,0.01,0.0,0,0.08
18,51,591.3,20,0.41,1.2,0.111,0,0.72
18,52,3895.5,0,0.01,0.0,0.0,0,0.02
18,53,2677.1,5,0.03,0.07,0.0,0,0.09
18,54,285.8,579,8.71,15.81,0.143,0,9.88
18,55,2873.8,2,0.04,0.06,0.0,0,0.09
18,56,2870.3,1,0.0,0.01,0.0,0,0.03
18,57,3531.4,5,0.04,0.01,0.0,0,0.08
18,58,1980.9,1,0.02,0.2,0.0,0,0.04
18,59,1207.8,16,0.43,2.76,0.009,0,0.44
18,60,3646.7,0,0.02,0.0,0.0,0,0.02
18,61,2107.3,3,0.01,0.07,0.001,0,0.08
18,62,1767.0,4,0.03,0.07,0.002,0,0.06
18,63,1584.3,1,0.01,0.09,0.003,0,0.03
18,64,1836.0,17,0.12,0.75,0.001,0,0.21
18,65,2307.6,9,0.07,0.57,0.0,0,0.39
18,66,3609.9,1,0.03,0.01,0.0,0,0.04
18,67,187.4,618,4.77,19.1,0.313,2,6.75
18,68,2598.4,6,0.02,0.06,0.0,0,0.09
18,69,3101.8,2,0.01,0.01,0.0,0,0.03
18,70,1475.2,22,0.06,0.6,0.004,0,0.23
18,71,2057.0,23,0.12,0.71,0.001,0,0.24
18,72,2375.6,1,0.02,0.09,0.0,0,0.08
18,73,1371.4,20,0.35,2.94,0.005,0,0.43
18,74,3570.6,0,0.0,0.0,0.0,0,0.0
18,75,2328.4,7,0.04,0.23,0.0,0,0.1
18,76,1005.7,7,0.14,1.58,0.01,0,0.18
18,77,3582.4,1,0.03,0.0,0.0,0,0.03
18,78,1842.6,1,0.13,0.29,0.001,0,0.15
18,79,3542.9,0,0.0,0.0,0.0,0,0.0
18,80,3146.8,1,0.02,0.02,0.0,0,0.07
18,81,3616.6,0,0.04,0.01,0.0,0,0.04
18,82,3216.4,11,0.08,0.07,0.0,0,0.13
18,83,3267.6,1,0.01,0.0,0.0,0,0.02
18,84,2057.1,5,0.04,0.04,0.001,0,0.08
18,85,3199.9,1,0.0,0.01,0.0,0,0.02
18,86,1137.3,21,0.16,2.49,0.008,0,0.31
18,87,2060.0,3,0.16,0.22,0.0,0,0.19
18,88,2473.2,4,0.13,0.05,0.0,0,0.15
18,89,2652.9,11,0.06,0.07,0.0,0,0.13
18,90,2516.8,3,0.02,0.03,0.0,0,0.08
18,91,3563.5,3,0.07,0.02,0.0,0,0.09
18,92,1534.4,1,0.09,0.35,0.001,0,0.11
18,93,968.1,14,0.02,1.14,0.01,0,0.23
18,94,2584.5,8,0.08,0.04,0.0,0,0.09
18,95,3405.6,0,0.01,0.0,0.0,0,0.01
18,96,3388.0,4,0.08,0.01,0.0,0,0.13
18,97,3476.8,0,0.02,0.01,0.0,0,0.03
18,98,988.8,8,0.38,1.61,0.015,0,0.38
18,99,3070.5,0,0.0,0.02,0.0,0,0.03
18,100,2173.5,3,0.03,0.03,0.0,0,0.04
18,101,3840.1,1,0.01,0.0,0.0,0,0.02
18,102,2686.8,3,0.07,0.02,0.0,0,0.13
18,103,2177.5,3,0.03,0.06,0.0,0,0.04
18,104,2030.4,9,0.01,0.14,0.0,0,0.1
18,105,2029.6,2,0.16,0.15,0.0,0,0.22
18,106,2795.6,12,0.2,0.14,0.0,0,0.29
18,107,421.2,19,0.78,4.26,0.111,0,1.17
18,108,1694.2,13,0.11,0.46,0.002,0,0.16
18,109,967.0,10,0.07,1.04,0.012,0,0.23
18,110,2643.5,1,0.01,0.0,0.0,0,0.01
18,111,3677.6,5,0.05,0.01,0.0,0,0.06
18,112,2361.0,2,0.05,0.08,0.0,0,0.07
18,113,1429.4,73,0.66,6.42,0.006,0,0.99
18,114,1143.8,8,0.02,0.84,0.02,0,0.1
18,115,1517.3,22,0.29,0.81,0.004,0,0.29
18,116,3826.3,0,0.05,0.0,0.0,0,0.06
18,117,2221.1,5,0.05,0.04,0.0,0,0.08
18,118,2527.4,9,0.04,0.14,0.0,0,0.31
18,119,2928.5,2,0.03,0.07,0.0,0,0.05
18,120,1150.3,5,0.09,1.37,0.008,0,0.16
18,121,1330.1,2,0.05,0.25,0.003,0,0.07
18,122,1432.4,17,0.24,1.25,0.004,0,0.29
18,123,2101.9,2,0.01,0.02,0.001,0,0.03
18,124,3068.6,7,0.04,0.04,0.0,0,0.09
18,125,1313.0,125,1.59,7.03,0.002,0,2.55
18,126,1806.9,1,0.01,0.13,0.001,0,0.03
18,127,3250.6,2,0.02,0.01,0.0,0,0.04
18,128,3408.8,4,0.03,0.02,0.0,0,0.08
18,129,2645.2,3,0.0,0.02,0.0,0,0.05
18,130,3483.1,0,0.0,0.0,0.0,0,0.01
18,131,3490.8,2,0.04,0.01,0.0,0,0.05
18,132,990.2,4,0.15,0.28,0.018,0,0.15
18,133,3707.9,0,0.03,0.01,0.0,0,0.03
18,134,3457.1,1,0.01,0.0,0.0,0,0.03
18,135,1694.4,14,0.41,1.29,0.002,0,0.56
18,136,1199.5,2,0.0,0.49,0.005,0,0.03
18,137,3255.2,2,0.01,0.01,0.0,0,0.04
18,138,2866.2,7,0.12,0.09,0.0,0,0.17
18,139,2041.9,0,0.0,0.02,0.0,0,0.02
18,140,2506.1,9,0.08,0.09,0.0,0,0.1
18,141,3343.2,27,0.27,0.05,0.0,0,0.32
18,142,2990.3,0,0.01,0.0,0.0,0,0.01
18,143,3496.0,3,0.01,0.01,0.0,0,0.07
18,144,980.5,42,0.29,1.18,0.023,0,0.45
18,145,2223.4,4,0.1,0.23,0.0,0,0.16
18,146,3355.6,0,0.0,0.0,0.0,0,0.01
18,147,2036.5,2,0.01,0.03,0.0,0,0.03
18,148,2546.3,8,0.03,0.08,0.0,0,0.09
18,149,2882.7,5,0.02,0.03,0.0,0,0.06
18,150,2416.7,2,0.02,0.08,0.0,0,0.09
18,151,1965.4,5,0.05,0.29,0.001,0,0.19
18,152,3594.1,0,0.0,0.0,0.0,0,0.01
18,153,2494.6,2,0.1,0.08,0.0,0,0.13
18,154,2345.6,1,0.05,0.1,0.0,0,0.08
18,155,2471.5,0,0.02,0.03,0.0,0,0.02
18,156,1358.9,12,0.6,4.42,0.008,0,0.84
18,157,2413.1,3,0.01,0.09,0.0,0,0.05
18,158,1302.3,1,0.06,0.38,0.005,0,0.06
18,159,2317.6,9,0.03,0.22,0.0,0,0.15
18,160,2059.8,1,0.03,0.1,0.0,0,0.05
18,161,2273.1,3,0.02,0.25,0.0,0,0.09
18,162,3276.2,27,0.28,0.06,0.0,0,0.29
18,163,3555.1,0,0.01,0.0,0.0,0,0.01
18,164,2136.9,6,0.1,0.35,0.0,0,0.21
18,165,2263.5,5,0.03,0.15,0.0,0,0.07
18,166,2911.6,2,0.07,0.12,0.0,0,0.08
18,167,402.6,425,2.88,27.44,0.12,0,5.63
18,168,2505.4,12,0.04,0.06,0.0,0,0.21
18,169,3303.1,5,0.01,0.01,0.0,0,0.06
18,170,2333.3,4,0.02,0.03,0.0,0,0.06
18,171,3078.1,0,0.01,0.02,0.0,0,0.01
18,172,3751.7,0,0.0,0.0,0.0,0,0.01
18,173,1449.4,15,0.26,0.79,0.005,0,0.32
18,174,2880.4,1,0.02,0.03,0.0,0,0.06
18,175,1932.5,19,0.07,0.81,0.001,0,0.48
18,176,3117.1,4,0.02,0.03,0.0,0,0.06
18,177,2607.8,16,0.12,0.23,0.0,0,0.19
18,178,2735.6,1,0.04,0.04,0.0,0,0.04
18,179,1524.0,403,2.64,4.89,0.003,0,5.71
18,180,2365.9,5,0.06,0.13,0.0,0,0.08
18,181,3125.2,1,0.02,0.01,0.0,0,0.03
18,182,483.6,16,0.14,1.43,0.125,0,0.19
18,183,721.7,62,1.23,2.25,0.031,0,1.4
18,184,3912.4,0,0.0,0.0,0.0,0,0.03
18,185,4218.5,6,0.04,0.0,0.0,0,0.08
18,186,880.7,118,0.74,2.83,0.041,0,1.26
18,187,1412.1,25,0.46,0.4,0.003,0,0.51
18,188,1839.3,4,0.03,0.1,0.001,0,0.05
18,189,1537.9,1,0.02,0.19,0.002,0,0.02
18,190,2956.0,0,0.01,0.02,0.0,0,0.01
18,191,805.2,29,0.64,3.03,0.031,0,0.83
18,192,1436.2,3,0.07,0.25,0.005,0,0.13
18,193,2871.8,1,0.01,0.01,0.0,0,0.03
18,194,3205.5,4,0.04,0.01,0.0,0,0.05
18,195,2781.6,7,0.08,0.06,0.0,0,0.09
18,196,2322.2,10,0.06,0.05,0.0,0,0.12
18,197,1811.2,11,0.14,0.25,0.001,0,0.14
18,198,1933.7,6,0.03,0.24,0.001,0,0.08
18,199,3338.3,0,0.0,0.0,0.0,0,0.02
19,20,98.8,1230,13.35,15.65,0.503,1,22.3
19,21,3555.6,0,0.01,0.0,0.0,0,0.01
19,22,3067.9,5,0.03,0.01,0.0,0,0.09
19,23,2584.5,0,0.0,0.01,0.0,0,0.01
19,24,2017.1,3,0.03,0.05,0.0,0,0.05
19,25,898.1,14,0.12,1.04,0.023,0,0.15
19,26,5283.7,0,0.0,0.0,0.0,0,0.01
19,27,2981.5,0,0.02,0.02,0.0,0,0.03
19,28,4081.4,1,0.02,0.0,0.0,0,0.02
19,29,3349.5,0,0.01,0.01,0.0,0,0.01
19,30,764.8,15,0.08,0.86,0.011,0,0.29
19,31,3425.6,43,0.13,0.03,0.0,0,0.48
19,32,604.5,33,0.23,1.16,0.073,0,0.56
19,33,3741.7,0,0.01,0.0,0.0,0,0.01
19,34,2939.1,10,0.15,0.03,0.0,0,0.16
19,35,3743.6,1,0.01,0.0,0.0,0,0.01
19,36,3396.4,2,0.06,0.01,0.0,0,0.06
19,37,1529.3,1,0.01,0.05,0.003,0,0.01
19,38,1308.0,0,0.0,0.11,0.008,0,0.01
19,39,4727.2,1,0.01,0.0,0.0,0,0.02
19,40,4524.8,1,0.0,0.0,0.0,0,0.02
19,41,1889.9,4,0.08,0.21,0.0,0,0.1
19,42,1603.6,4,0.02,0.17,0.003,0,0.1
19,43,1972.7,4,0.06,0.05,0.001,0,0.07
19,44,2883.7,0,0.0,0.0,0.0,0,0.01
19,45,3526.0,0,0.01,0.0,0.0,0,0.01
19,46,3468.4,2,0.01,0.0,0.0,0,0.02
19,47,4670.9,1,0.01,0.0,0.0,0,0.03
19,48,1315.2,7,0.28,0.47,0.005,0,0.31
19,49,5129.7,0,0.0,0.0,0.0,0,0.0
19,50,4611.3,1,0.01,0.0,0.0,0,0.03
19,51,942.3,20,0.11,0.61,0.019,0,0.21
19,52,4049.4,0,0.0,0.0,0.0,0,0.01
19,53,2823.9,6,0.09,0.03,0.0,0,0.1
19,54,1339.5,17,0.09,1.84,0.004,0,0.19
19,55,3007.0,10,0.09,0.05,0.0,0,0.11
19,56,3510.0,0,0.0,0.0,0.0,0,0.02
19,57,4530.0,1,0.0,0.0,0.0,0,0.02
19,58,3035.0,0,0.01,0.01,0.0,0,0.03
19,59,1470.9,6,0.21,0.96,0.004,0,0.21
19,60,4697.6,1,0.01,0.0,0.0,0,0.01
19,61,1162.9,3,0.13,0.65,0.01,0,0.16
19,62,2821.5,0,0.02,0.01,0.0,0,0.02
19,63,858.6,4,0.04,0.23,0.008,0,0.13
19,64,2865.8,5,0.03,0.05,0.0,0,0.09
19,65,3354.3,11,0.05,0.02,0.0,0,0.15
19,66,4438.4,1,0.01,0.0,0.0,0,0.02
19,67,1135.3,18,0.61,1.32,0.004,0,0.64
19,68,2971.4,7,0.1,0.02,0.0,0,0.12
19,69,4155.2,0,0.0,0.0,0.0,0,0.02
19,70,660.8,20,0.04,1.73,0.091,0,0.29
19,71,2952.7,2,0.02,0.06,0.0,0,0.08
19,72,2189.3,2,0.03,0.12,0.0,0,0.06
19,73,2312.9,35,0.4,0.22,0.0,0,0.53
19,74,4580.0,0,0.0,0.0,0.0,0,0.0
19,75,1881.3,4,0.11,0.3,0.0,0,0.11
19,76,449.7,15,0.24,4.19,0.059,0,0.41
19,77,4526.2,1,0.01,0.0,0.0,0,0.02
19,78,2783.1,1,0.02,0.01,0.0,0,0.02
19,79,4445.2,0,0.0,0.0,0.0,0,0.0
19,80,4201.2,2,0.01,0.0,0.0,0,0.04
19,81,3829.5,0,0.01,0.0,0.0,0,0.03
19,82,3462.2,7,0.01,0.03,0.0,0,0.09
19,83,4321.7,1,0.0,0.0,0.0,0,0.01
19,84,3100.8,0,0.0,0.0,0.0,0,0.01
19,85,3729.7,0,0.01,0.0,0.0,0,0.01
19,86,2163.9,8,0.03,0.15,0.0,0,0.13
19,87,2020.6,2,0.01,0.12,0.0,0,0.05
19,88,2789.7,0,0.01,0.01,0.0,0,0.03
19,89,3652.3,3,0.03,0.01,0.0,0,0.07
19,90,3505.4,7,0.06,0.01,0.0,0,0.08
19,91,4412.9,6,0.08,0.0,0.0,0,0.1
19,92,2000.3,1,0.03,0.06,0.0,0,0.04
19,93,1545.8,4,0.04,0.29,0.005,0,0.06
19,94,2331.0,1,0.02,0.03,0.0,0,0.03
19,95,4387.9,0,0.01,0.0,0.0,0,0.01
19,96,4401.0,1,0.01,0.0,0.0,0,0.03
19,97,4531.1,1,0.01,0.0,0.0,0,0.03
19,98,1825.3,0,0.02,0.12,0.001,0,0.02
19,99,4054.6,0,0.01,0.0,0.0,0,0.03
19,100,2603.8,0,0.0,0.01,0.0,0,0.01
19,101,4727.1,1,0.01,0.0,0.0,0,0.01
19,102,2608.3,7,0.09,0.02,0.0,0,0.1
19,103,3213.0,0,0.01,0.0,0.0,0,0.01
19,104,2803.5,1,0.03,0.02,0.0,0,0.03
19,105,3071.1,11,0.04,0.04,0.0,0,0.12
19,106,3796.8,9,0.12,0.02,0.0,0,0.23
19,107,1125.2,15,0.14,0.74,0.004,0,0.28
19,108,2748.4,0,0.03,0.06,0.0,0,0.04
19,109,1621.7,4,0.05,0.1,0.003,0,0.06
19,110,3675.9,0,0.0,0.0,0.0,0,0.0
19,111,4593.6,0,0.01,0.0,0.0,0,0.01
19,112,3049.3,2,0.02,0.01,0.0,0,0.03
19,113,2473.4,8,0.44,0.34,0.0,0,0.58
19,114,2128.2,6,0.08,0.05,0.001,0,0.14
19,115,2223.3,10,0.09,0.11,0.0,0,0.11
19,116,4840.3,1,0.02,0.0,0.0,0,0.03
19,117,3201.9,0,0.0,0.0,0.0,0,0.01
19,118,3549.9,4,0.02,0.01,0.0,0,0.06
19,119,3968.2,3,0.02,0.0,0.0,0,0.04
19,120,1073.9,15,0.38,0.87,0.002,0,0.68
19,121,2255.8,2,0.02,0.03,0.0,0,0.03
19,122,2212.6,2,0.13,0.41,0.0,0,0.18
19,123,2955.6,0,0.0,0.0,0.0,0,0.01
19,124,4098.8,1,0.01,0.0,0.0,0,0.03
19,125,2355.0,23,0.1,0.23,0.0,0,0.29
19,126,2572.8,1,0.01,0.01,0.0,0,0.02
19,127,3386.3,0,0.0,0.0,0.0,0,0.01
19,128,3786.5,1,0.02,0.0,0.0,0,0.05
19,129,3632.3,0,0.0,0.0,0.0,0,0.01
19,130,4455.5,0,0.0,0.0,0.0,0,0.0
19,131,3620.3,1,0.0,0.01,0.0,0,0.03
19,132,1986.8,0,0.01,0.02,0.001,0,0.03
19,133,4573.5,0,0.0,0.0,0.0,0,0.02
19,134,4409.6,0,0.0,0.0,0.0,0,0.0
19,135,712.0,98,2.37,6.46,0.054,0,3.6
19,136,1527.3,0,0.02,0.13,0.002,0,0.04
19,137,4171.2,1,0.01,0.0,0.0,0,0.02
19,138,3833.7,8,0.08,0.01,0.0,0,0.12
19,139,3086.4,0,0.0,0.0,0.0,0,0.02
19,140,3417.9,0,0.0,0.01,0.0,0,0.04
19,141,4359.1,2,0.04,0.0,0.0,0,0.05
19,142,3585.8,0,0.0,0.0,0.0,0,0.0
19,143,4550.2,0,0.01,0.0,0.0,0,0.01
19,144,1745.3,5,0.08,0.18,0.001,0,0.2
19,145,3266.9,5,0.09,0.02,0.0,0,0.1
19,146,4405.6,0,0.0,0.0,0.0,0,0.0
19,147,2909.5,0,0.01,0.0,0.0,0,0.01
19,148,3590.9,3,0.02,0.01,0.0,0,0.05
19,149,3510.7,4,0.06,0.0,0.0,0,0.07
19,150,3330.7,0,0.02,0.01,0.0,0,0.03
19,151,3015.8,4,0.05,0.02,0.0,0,0.08
19,152,3760.8,0,0.0,0.0,0.0,0,0.01
19,153,3515.0,2,0.02,0.0,0.0,0,0.03
19,154,1583.0,7,0.08,0.38,0.003,0,0.11
19,155,3039.6,0,0.02,0.01,0.0,0,0.03
19,156,1974.3,17,0.19,0.88,0.0,0,0.34
19,157,3439.2,0,0.0,0.01,0.0,0,0.03
19,158,1061.2,1,0.02,0.15,0.018,0,0.04
19,159,2374.4,7,0.06,0.15,0.0,0,0.13
19,160,2771.3,1,0.01,0.01,0.0,0,0.01
19,161,3026.8,4,0.06,0.03,0.0,0,0.07
19,162,4118.8,4,0.02,0.0,0.0,0,0.06
19,163,3888.5,0,0.0,0.0,0.0,0,0.01
19,164,3144.9,2,0.04,0.02,0.0,0,0.05
19,165,2360.3,1,0.01,0.05,0.0,0,0.03
19,166,3003.9,4,0.05,0.04,0.0,0,0.16
19,167,840.5,48,1.07,6.69,0.043,0,1.41
19,168,3379.2,0,0.01,0.01,0.0,0,0.02
19,169,4354.3,0,0.0,0.0,0.0,0,0.01
19,170,2809.5,0,0.01,0.01,0.0,0,0.01
19,171,3812.2,1,0.02,0.0,0.0,0,0.03
19,172,4789.2,1,0.01,0.0,0.0,0,0.02
19,173,2371.6,7,0.05,0.06,0.0,0,0.12
19,174,3666.7,0,0.0,0.01,0.0,0,0.02
19,175,2985.2,3,0.01,0.05,0.0,0,0.05
19,176,4156.0,0,0.02,0.0,0.0,0,0.03
19,177,3634.4,1,0.02,0.02,0.0,0,0.06
19,178,3026.2,2,0.05,0.01,0.0,0,0.05
19,179,1734.3,9,0.25,1.76,0.001,0,0.35
19,180,2994.4,0,0.03,0.02,0.0,0,0.03
19,181,3844.8,0,0.01,0.0,0.0,0,0.01
19,182,748.2,6,0.07,0.31,0.06,0,0.09
19,183,655.4,16,0.46,2.37,0.072,0,0.71
19,184,4853.3,1,0.02,0.0,0.0,0,0.02
19,185,5140.6,0,0.02,0.0,0.0,0,0.02
19,186,1931.7,0,0.01,0.27,0.001,0,0.03
19,187,689.6,16,0.05,2.89,0.035,0,0.19
19,188,2890.8,1,0.0,0.01,0.0,0,0.02
19,189,1252.2,0,0.01,0.06,0.002,0,0.01
19,190,3948.3,0,0.01,0.0,0.0,0,0.01
19,191,1812.9,22,0.08,0.48,0.002,0,0.24
19,192,2464.1,1,0.02,0.05,0.0,0,0.03
19,193,3916.5,0,0.01,0.0,0.0,0,0.01
19,194,3896.6,1,0.01,0.0,0.0,0,0.04
19,195,3069.1,0,0.07,0.01,0.0,0,0.08
19,196,3330.9,0,0.01,0.0,0.0,0,0.01
19,197,2771.9,3,0.02,0.02,0.0,0,0.04
19,198,1282.9,5,0.06,0.49,0.007,0,0.08
19,199,3868.4,0,0.01,0.0,0.0,0,0.01
20,21,3456.9,7,0.13,0.07,0.0,0,0.14
20,22,3001.5,61,0.43,0.19,0.0,0,1.46
20,23,2524.5,25,0.3,0.1,0.0,0,0.36
20,24,1919.0,69,0.75,1.41,0.0,0,0.77
20,25,800.1,78,0.61,18.67,0.038,0,3.65
20,26,5187.2,3,0.05,0.0,0.0,0,0.07
20,27,2919.7,49,0.43,0.45,0.0,0,0.84
20,28,4014.1,25,0.03,0.02,0.0,0,0.26
20,29,3275.0,32,0.17,0.14,0.0,0,0.39
20,30,690.3,109,1.77,28.6,0.018,0,3.21
20,31,3341.5,54,0.17,0.75,0.0,0,1.49
20,32,506.6,612,4.77,20.4,0.052,1,6.25
20,33,3649.0,5,0.04,0.03,0.0,0,0.09
20,34,2886.3,32,0.4,0.77,0.0,0,2.6
20,35,3646.0,5,0.02,0.04,0.0,0,0.07
20,36,3310.4,42,0.11,0.19,0.0,0,0.72
20,37,1474.3,12,0.04,0.58,0.003,0,0.14
20,38,1217.7,11,0.05,2.65,0.015,0,0.27
20,39,4644.3,60,0.33,0.01,0.0,0,0.75
20,40,4469.8,12,0.24,0.02,0.0,0,0.27
20,41,1835.7,80,0.21,2.96,0.001,0,0.81
20,42,1529.5,24,0.93,4.38,0.002,0,1.29
20,43,1894.0,35,0.2,3.02,0.001,0,0.71
20,44,2823.9,3,0.02,0.06,0.0,0,0.17
20,45,3434.8,31,0.12,0.04,0.0,0,0.35
20,46,3395.0,24,0.19,0.08,0.0,0,0.29
20,47,4572.1,74,0.41,0.03,0.0,0,1.88
20,48,1234.1,181,1.76,14.97,0.011,0,3.3
20,49,5031.1,1,0.04,0.0,0.0,0,0.05
20,50,4513.1,11,0.11,0.01,0.0,0,0.25
20,51,905.8,94,0.75,11.38,0.012,0,1.52
20,52,3978.3,7,0.05,0.02,0.0,0,0.2
20,53,2749.3,98,0.52,1.23,0.0,0,1.07
20,54,1257.4,398,7.38,33.54,0.003,0,7.84
20,55,2934.0,106,0.51,0.79,0.0,0,1.98
20,56,3414.4,16,0.13,0.05,0.0,0,0.32
20,57,4434.6,22,0.24,0.01,0.0,0,0.35
20,58,2952.3,62,0.4,0.24,0.0,0,0.89
20,59,1380.4,948,1.94,17.12,0.004,0,11.68
20,60,4610.0,3,0.05,0.01,0.0,0,0.13
20,61,1203.8,72,0.98,8.49,0.012,0,1.84
20,62,2737.7,9,0.15,0.11,0.0,0,0.16
20,63,847.1,27,0.33,9.38,0.017,0,0.44
20,64,2774.1,77,1.1,0.83,0.0,0,1.58
20,65,3265.6,97,0.38,0.69,0.0,0,1.36
20,66,4339.7,17,0.1,0.01,0.0,0,0.18
20,67,1062.0,303,4.45,20.58,0.016,0,6.82
20,68,2884.9,13,0.1,0.6,0.0,0,0.28
20,69,4073.4,16,0.11,0.02,0.0,0,0.23
20,70,660.2,474,2.84,50.52,0.049,0,7.44
20,71,2854.3,206,0.38,1.3,0.0,0,2.46
20,72,2135.2,23,1.11,1.39,0.0,0,1.5
20,73,2216.1,48,1.34,4.71,0.0,0,1.99
20,74,4485.4,2,0.04,0.0,0.0,0,0.05
20,75,1850.0,64,0.92,4.99,0.002,0,1.04
20,76,379.3,1311,29.99,60.7,0.168,1,32.34
20,77,4470.7,41,0.32,0.01,0.0,0,0.49
20,78,2725.1,56,0.64,0.44,0.0,0,1.16
20,79,4346.6,0,0.02,0.0,0.0,0,0.03
20,80,4116.9,18,0.17,0.02,0.0,0,0.25
20,81,3754.2,12,0.34,0.07,0.0,0,0.44
20,82,3383.9,75,0.25,0.52,0.0,0,0.94
20,83,4239.1,27,0.23,0.02,0.0,0,0.3
20,84,3023.8,22,0.17,0.08,0.0,0,0.24
20,85,3638.1,13,0.19,0.07,0.0,0,0.22
20,86,2072.6,50,0.84,2.4,0.0,0,2.41
20,87,1953.3,46,1.32,2.46,0.001,0,1.8
20,88,2705.4,4,0.24,0.47,0.0,0,0.3
20,89,3586.3,29,0.34,0.1,0.0,0,0.45
20,90,3409.7,34,0.46,0.11,0.0,0,0.79
20,91,4314.2,39,0.12,0.06,0.0,0,0.44
20,92,1906.6,26,0.17,0.83,0.002,0,1.05
20,93,1447.8,194,1.16,3.08,0.005,0,1.95
20,94,2284.1,4,0.06,0.6,0.0,0,0.24
20,95,4291.5,1,0.03,0.01,0.0,0,0.03
20,96,4306.7,23,0.33,0.03,0.0,0,0.35
20,97,4446.3,17,0.13,0.01,0.0,0,0.31
20,98,1727.0,233,1.06,3.08,0.001,0,2.41
20,99,3958.4,18,0.33,0.02,0.0,0,0.35
20,100,2513.7,12,0.1,0.13,0.0,0,0.16
20,101,4628.4,8,0.09,0.0,0.0,0,0.16
20,102,2548.4,16,0.07,0.48,0.0,0,0.42
20,103,3121.9,27,0.29,0.08,0.0,0,0.48
20,104,2704.9,26,0.28,0.74,0.0,0,0.33
20,105,2994.8,85,0.6,0.46,0.0,0,0.99
20,106,3701.8,207,1.95,0.42,0.0,0,2.8
20,107,1069.5,403,7.82,9.33,0.003,0,9.94
20,108,2665.7,74,0.87,1.07,0.0,0,1.12
20,109,1523.1,64,0.98,4.27,0.001,0,1.3
20,110,3602.6,4,0.02,0.01,0.0,0,0.06
20,111,4495.2,21,0.19,0.01,0.0,0,0.28
20,112,2952.1,40,0.29,0.23,0.0,0,0.61
20,113,2396.0,172,1.89,9.08,0.0,0,3.95
20,114,2033.6,24,0.53,1.52,0.0,0,1.02
20,115,2125.0,156,0.52,1.92,0.0,0,2.33
20,116,4746.0,13,0.16,0.01,0.0,0,0.56
20,117,3106.0,10,0.06,0.05,0.0,0,0.13
20,118,3479.0,19,0.74,0.19,0.0,0,1.19
20,119,3877.5,90,0.65,0.1,0.0,0,1.26
20,120,993.6,1019,9.53,23.95,0.022,0,11.36
20,121,2158.6,22,0.37,0.64,0.001,0,0.4
20,122,2113.8,675,3.97,5.21,0.001,0,6.86
20,123,2856.9,7,0.11,0.07,0.0,0,0.18
20,124,4006.6,16,0.11,0.07,0.0,0,0.58
20,125,2278.1,487,5.12,11.52,0.0,0,5.45
20,126,2474.2,14,0.04,0.31,0.0,0,0.38
20,127,3314.5,14,0.05,0.08,0.0,0,0.21
20,128,3701.8,13,0.32,0.09,0.0,0,0.38
20,129,3536.4,30,0.3,0.04,0.0,0,0.34
20,130,4395.1,5,0.06,0.0,0.0,0,0.08
20,131,3549.7,93,0.88,0.14,0.0,0,1.04
20,132,1893.2,22,0.34,0.63,0.001,0,0.36
20,133,4474.7,5,0.4,0.02,0.0,0,0.42
20,134,4312.0,17,0.07,0.0,0.0,0,0.18
20,135,759.1,1908,20.75,83.56,0.037,0,27.24
20,136,1435.0,86,1.28,2.68,0.003,0,1.3
20,137,4072.8,33,0.3,0.04,0.0,0,0.45
20,138,3736.8,41,0.59,0.11,0.0,0,0.66
20,139,3009.2,10,0.13,0.08,0.0,0,0.2
20,140,3319.7,22,0.29,0.14,0.0,0,0.79
20,141,4290.2,53,0.19,0.08,0.0,0,0.98
20,142,3491.7,12,0.05,0.02,0.0,0,0.16
20,143,4465.4,51,0.47,0.01,0.0,0,0.79
20,144,1646.5,459,3.38,3.69,0.0,0,5.81
20,145,3190.1,73,0.76,0.19,0.0,0,0.97
20,146,4326.2,6,0.08,0.0,0.0,0,0.09
20,147,2810.9,18,0.22,0.12,0.0,0,0.24
20,148,3513.8,51,0.58,0.15,0.0,0,1.82
20,149,3415.5,12,0.12,0.1,0.0,0,0.25
20,150,3232.5,7,0.37,0.2,0.0,0,0.49
20,151,2936.1,21,0.91,0.3,0.0,0,1.37
20,152,3688.2,9,0.06,0.05,0.0,0,0.17
20,153,3421.8,41,0.23,0.16,0.0,0,0.43
20,154,1591.4,115,1.12,10.17,0.004,0,2.7
20,155,2945.6,3,0.04,0.12,0.0,0,0.16
20,156,1876.9,418,5.15,17.63,0.001,0,10.25
20,157,3367.3,284,0.74,0.21,0.0,0,3.0
20,158,993.4,11,0.47,2.42,0.023,0,0.67
20,159,2303.2,147,1.88,1.7,0.0,0,2.25
20,160,2673.5,6,0.23,0.09,0.0,0,0.24
20,161,2928.5,10,0.48,0.7,0.0,0,0.79
20,162,4020.1,66,0.88,0.11,0.0,0,1.68
20,163,3806.3,10,0.1,0.02,0.0,0,0.12
20,164,3050.7,71,0.66,0.93,0.0,0,0.87
20,165,2286.3,80,0.82,1.49,0.0,0,0.92
20,166,2933.6,29,1.13,0.43,0.0,0,1.49
20,167,784.3,3735,52.56,133.2,0.011,1,56.3
20,168,3280.5,7,0.23,0.12,0.0,0,0.27
20,169,4267.0,6,0.03,0.01,0.0,0,0.12
20,170,2718.2,6,0.08,0.17,0.0,0,0.16
20,171,3714.6,21,0.2,0.02,0.0,0,0.29
20,172,4697.9,25,0.33,0.01,0.0,0,0.47
20,173,2314.6,24,0.74,1.29,0.0,0,0.94
20,174,3568.3,45,0.18,0.12,0.0,0,0.55
20,175,2899.1,39,0.23,0.65,0.0,0,0.76
20,176,4065.2,8,0.04,0.05,0.0,0,0.3
20,177,3562.5,103,0.69,0.66,0.0,0,1.85
20,178,2944.0,10,0.4,0.2,0.0,0,0.64
20,179,1648.9,1661,12.73,24.88,0.002,0,17.4
20,180,2898.6,61,0.43,0.58,0.0,0,0.82
20,181,3747.5,2,0.07,0.02,0.0,0,0.12
20,182,650.3,332,2.25,11.71,0.065,0,3.57
20,183,558.7,265,3.08,51.07,0.094,0,7.51
20,184,4755.3,8,0.08,0.01,0.0,0,0.16
20,185,5042.2,46,0.44,0.01,0.0,0,0.5
20,186,1845.4,33,0.21,4.17,0.001,0,1.43
20,187,670.6,150,5.79,19.61,0.019,0,7.87
20,188,2810.4,4,0.05,0.15,0.0,0,0.06
20,189,1193.8,45,0.26,2.27,0.011,0,0.46
20,190,3852.7,4,0.05,0.02,0.0,0,0.13
20,191,1720.5,69,3.82,7.39,0.002,0,5.41
20,192,2390.9,89,0.94,1.46,0.0,0,1.32
20,193,3827.0,5,0.08,0.02,0.0,0,0.12
20,194,3800.0,45,0.65,0.07,0.0,0,0.82
20,195,2987.3,75,0.42,0.37,0.0,0,0.78
20,196,3262.8,7,0.07,0.04,0.0,0,0.08
20,197,2675.3,10,0.81,0.78,0.0,0,0.95
20,198,1269.5,448,3.33,10.43,0.006,0,7.47
20,199,3777.0,15,0.15,0.02,0.0,0,0.2
21,22,2706.4,6,0.01,0.06,0.0,0,0.08
21,23,2639.1,0,0.0,0.03,0.0,0,0.02
21,24,1587.0,10,0.09,0.42,0.002,0,0.11
21,25,2660.8,7,0.19,0.12,0.0,0,0.21
21,26,2006.4,8,0.1,0.11,0.0,0,0.11
21,27,2627.8,14,0.1,0.14,0.0,0,0.21
21,28,3048.9,8,0.06,0.03,0.0,0,0.1
21,29,2166.5,18,0.05,0.25,0.0,0,0.22
21,30,2969.4,2,0.02,0.02,0.0,0,0.03
21,31,1667.2,69,1.17,3.99,0.003,0,1.24
21,32,2953.6,1,0.11,0.04,0.0,0,0.13
21,33,1068.4,3,0.06,1.24,0.009,0,0.08
21,34,3154.8,31,0.36,0.06,0.0,0,0.45
21,35,687.5,6,0.24,1.37,0.046,0,0.28
21,36,1806.5,5,0.23,0.46,0.001,0,0.25
21,37,2860.0,0,0.01,0.01,0.0,0,0.01
21,38,2432.6,1,0.01,0.05,0.0,0,0.04
21,39,2599.1,14,0.03,0.12,0.0,0,0.31
21,40,3816.8,19,0.09,0.02,0.0,0,0.38
21,41,2813.9,3,0.05,0.05,0.0,0,0.24
21,42,2472.0,5,0.06,0.11,0.0,0,0.13
21,43,2185.5,2,0.05,0.22,0.0,0,0.07
21,44,2682.2,1,0.01,0.03,0.0,0,0.02
21,45,1172.3,5,0.03,1.12,0.004,0,0.13
21,46,2250.0,0,0.02,0.14,0.0,0,0.03
21,47,1115.6,47,0.1,4.39,0.008,0,0.64
21,48,2595.5,11,0.03,0.19,0.0,0,0.12
21,49,1622.7,4,0.06,0.07,0.002,0,0.08
21,50,1202.6,81,0.13,0.94,0.006,0,0.94
21,51,3305.8,0,0.06,0.02,0.0,0,0.08
21,52,2580.7,1,0.01,0.05,0.0,0,0.06
21,53,2115.9,13,0.54,0.48,0.001,0,0.59
21,54,2562.1,10,0.17,0.33,0.0,0,0.46
21,55,2189.9,163,1.3,0.53,0.001,0,1.71
21,56,713.2,23,0.21,2.7,0.07,0,0.44
21,57,1483.6,12,0.06,0.82,0.004,0,0.31
21,58,1967.0,16,0.26,0.75,0.0,0,0.47
21,59,2232.4,49,0.31,0.72,0.0,0,0.52
21,60,2268.1,10,0.16,0.12,0.0,0,0.24
21,61,4085.3,2,0.02,0.01,0.0,0,0.03
21,62,1922.6,5,0.09,0.13,0.0,0,0.11
21,63,3464.6,2,0.02,0.01,0.0,0,0.03
21,64,1444.2,13,0.1,2.8,0.004,0,0.25
21,65,1610.9,68,0.09,2.68,0.003,0,0.92
21,66,883.4,57,0.61,3.39,0.03,0,0.83
21,67,2819.0,33,0.15,0.13,0.0,0,0.65
21,68,1526.3,46,0.17,1.53,0.001,0,0.65
21,69,2331.8,3,0.05,0.12,0.0,0,0.06
21,70,3530.1,15,0.11,0.03,0.0,0,0.19
21,71,730.6,623,6.03,19.98,0.053,0,6.51
21,72,2798.4,3,0.19,0.06,0.0,0,0.3
21,73,1405.8,202,1.01,4.85,0.006,0,2.05
21,74,1604.9,0,0.02,0.1,0.003,0,0.02
21,75,3286.0,3,0.07,0.05,0.0,0,0.23
21,76,3209.7,3,0.02,0.02,0.0,0,0.07
21,77,3797.0,2,0.01,0.01,0.0,0,0.05
21,78,2944.0,1,0.08,0.03,0.0,0,0.09
21,79,969.8,7,0.08,0.37,0.011,0,0.11
21,80,2195.3,1,0.09,0.1,0.0,0,0.12
21,81,2270.1,24,0.04,0.18,0.0,0,0.34
21,82,2001.5,25,0.24,1.38,0.0,0,0.65
21,83,2367.2,2,0.05,0.17,0.0,0,0.09
21,84,2260.7,0,0.01,0.12,0.0,0,0.02
21,85,1175.3,33,0.59,1.58,0.018,0,0.73
21,86,1794.9,75,0.85,1.72,0.002,0,0.86
21,87,2476.6,8,0.11,0.22,0.0,0,0.21
21,88,1678.5,3,0.04,0.38,0.003,0,0.13
21,89,2907.8,2,0.04,0.06,0.0,0,0.21
21,90,966.4,59,0.39,3.43,0.01,0,0.8
21,91,861.2,50,1.06,9.99,0.018,0,1.1
21,92,1707.4,16,0.03,0.34,0.002,0,0.17
21,93,2017.6,17,0.07,0.19,0.001,0,0.25
21,94,2990.5,1,0.01,0.03,0.0,0,0.09
21,95,1270.7,10,0.06,0.35,0.01,0,0.15
21,96,1517.4,6,0.07,0.93,0.003,0,0.14
21,97,2353.0,15,0.11,0.36,0.0,0,0.21
21,98,1763.8,54,0.22,0.22,0.002,0,0.56
21,99,1081.5,49,0.78,1.77,0.021,0,1.12
21,100,1445.8,3,0.02,0.11,0.004,0,0.09
21,101,1204.8,29,0.25,0.8,0.012,0,1.15
21,102,2643.3,3,0.03,0.07,0.0,0,0.05
21,103,1432.0,4,0.14,0.39,0.005,0,0.18
21,104,755.7,27,0.44,3.52,0.068,0,0.48
21,105,2291.9,22,0.19,0.28,0.0,0,0.4
21,106,1117.5,249,0.96,10.09,0.006,0,2.91
21,107,3056.4,9,0.05,0.05,0.0,0,0.21
21,108,1979.0,3,0.02,0.46,0.001,0,0.16
21,109,1934.5,2,0.03,0.37,0.001,0,0.08
21,110,2586.0,1,0.02,0.01,0.0,0,0.02
21,111,1139.4,12,0.07,1.57,0.02,0,0.28
21,112,664.4,12,0.4,5.66,0.062,0,0.5
21,113,2245.5,60,1.78,2.11,0.0,0,1.9
21,114,1668.8,9,0.05,0.52,0.003,0,0.14
21,115,1341.2,22,0.15,1.43,0.011,0,0.27
21,116,1835.2,25,0.28,0.4,0.001,0,0.29
21,117,958.9,11,0.19,0.97,0.016,0,0.2
21,118,2652.6,7,0.68,0.15,0.0,0,0.69
21,119,1621.9,14,0.42,1.13,0.003,0,0.5
21,120,2696.1,28,0.12,0.14,0.0,0,0.31
21,121,1427.7,7,0.06,0.33,0.003,0,0.11
21,122,1345.0,80,0.96,4.04,0.007,0,1.35
21,123,640.2,20,0.06,1.46,0.073,0,0.49
21,124,1541.3,61,0.78,2.01,0.001,0,1.36
21,125,2285.5,40,1.25,2.11,0.0,0,1.72
21,126,984.3,9,0.1,0.81,0.034,0,0.12
21,127,2306.4,6,0.07,0.06,0.0,0,0.1
21,128,1715.7,27,0.34,0.57,0.001,0,0.6
21,129,963.9,11,0.16,1.8,0.02,0,0.59
21,130,3556.1,0,0.0,0.01,0.0,0,0.01
21,131,2427.6,13,0.05,0.2,0.0,0,0.15
21,132,1819.6,4,0.04,0.19,0.001,0,0.08
21,133,1030.6,87,0.87,2.94,0.012,0,1.04
21,134,1119.6,10,0.11,0.66,0.009,0,0.11
21,135,3880.1,14,0.23,0.03,0.0,0,0.34
21,136,2148.4,1,0.01,0.09,0.0,0,0.05
21,137,779.0,40,0.69,2.14,0.047,0,0.88
21,138,866.9,138,2.02,7.96,0.022,0,3.5
21,139,2246.6,2,0.01,0.06,0.0,0,0.05
21,140,492.4,22,0.55,10.05,0.066,0,0.91
21,141,3119.5,25,0.32,0.11,0.0,0,0.38
21,142,891.0,4,0.02,0.49,0.039,0,0.07
21,143,2362.4,11,0.07,0.15,0.0,0,0.13
21,144,1818.1,13,0.15,0.45,0.002,0,0.17
21,145,2295.7,12,0.25,0.67,0.0,0,0.43
21,146,2608.4,1,0.02,0.03,0.0,0,0.03
21,147,717.5,8,0.02,1.08,0.031,0,0.12
21,148,2364.2,7,0.1,0.33,0.0,0,0.19
21,149,755.8,5,0.28,5.93,0.026,0,0.29
21,150,536.9,129,0.9,8.91,0.069,0,3.44
21,151,2118.7,16,0.32,0.24,0.001,0,0.4
21,152,2380.8,7,0.06,0.06,0.0,0,0.1
21,153,1252.5,43,0.65,1.37,0.005,0,0.9
21,154,3877.3,3,0.07,0.02,0.0,0,0.07
21,155,980.1,1,0.06,0.95,0.022,0,0.11
21,156,1611.9,119,1.17,6.8,0.003,0,1.78
21,157,2574.9,14,0.2,0.1,0.0,0,0.21
21,158,2852.4,1,0.01,0.04,0.0,0,0.02
21,159,2287.0,5,0.03,0.42,0.0,0,0.14
21,160,834.4,11,0.07,1.35,0.014,0,0.25
21,161,561.0,405,2.83,19.45,0.107,0,4.23
21,162,567.2,154,1.42,10.37,0.05,0,1.71
21,163,1911.9,8,0.05,0.12,0.001,0,0.11
21,164,1170.1,138,0.23,6.12,0.013,0,1.53
21,165,2199.7,24,0.31,0.3,0.0,0,0.35
21,166,2301.7,20,0.27,0.66,0.0,0,0.43
21,167,3139.8,58,0.65,0.18,0.0,0,0.71
21,168,329.7,406,0.62,6.73,0.167,0,4.25
21,169,2072.6,11,0.07,0.14,0.0,0,0.17
21,170,1279.4,9,0.07,0.38,0.002,0,0.18
21,171,475.3,10,0.56,2.18,0.118,0,1.06
21,172,2056.1,21,0.12,0.39,0.001,0,0.31
21,173,2911.5,4,0.04,0.06,0.0,0,0.05
21,174,190.4,434,5.71,16.11,0.23,2,8.04
21,175,1777.3,4,0.26,1.46,0.001,0,0.45
21,176,1694.2,17,0.08,0.6,0.003,0,0.19
21,177,2639.7,33,0.33,0.22,0.0,0,0.6
21,178,1757.5,12,0.02,0.29,0.001,0,0.23
21,179,2145.2,45,0.62,2.59,0.0,0,1.56
21,180,837.4,33,1.36,8.48,0.033,0,1.8
21,181,548.6,44,0.14,2.12,0.122,0,0.51
21,182,2820.1,0,0.04,0.03,0.0,0,0.08
21,183,2909.1,1,0.05,0.08,0.0,0,0.13
21,184,1448.0,25,0.39,1.04,0.004,0,0.44
21,185,1663.3,65,1.0,1.17,0.002,0,1.03
21,186,2114.5,10,0.18,0.51,0.001,0,0.34
21,187,3405.4,9,0.13,0.02,0.0,0,0.15
21,188,2085.5,1,0.08,0.11,0.001,0,0.08
21,189,2887.7,1,0.03,0.02,0.0,0,0.04
21,190,1095.8,8,0.19,0.96,0.001,0,0.29
21,191,1994.2,55,0.12,0.96,0.0,0,0.73
21,192,2401.2,25,0.27,0.21,0.0,0,0.45
21,193,1694.0,1,0.04,0.2,0.003,0,0.05
21,194,683.5,87,1.31,6.36,0.094,0,1.66
21,195,1772.0,46,0.38,0.92,0.001,0,0.73
21,196,2703.4,3,0.02,0.03,0.0,0,0.06
21,197,1085.5,6,0.16,3.6,0.002,0,0.32
21,198,3488.9,5,0.06,0.02,0.0,0,0.1
21,199,1239.1,2,0.07,0.73,0.011,0,0.11
22,23,4245.1,1,0.01,0.0,0.0,0,0.02
22,24,1997.9,8,0.06,0.21,0.0,0,0.23
22,25,2632.3,2,0.04,0.14,0.0,0,0.22
22,26,3170.1,2,0.05,0.01,0.0,0,0.05
22,27,4479.3,6,0.08,0.01,0.0,0,0.11
22,28,1013.8,7,0.22,1.31,0.031,0,0.22
22,29,4346.2,1,0.04,0.0,0.0,0,0.07
22,30,3098.3,3,0.05,0.03,0.0,0,0.08
22,31,4004.9,16,0.13,0.07,0.0,0,0.17
22,32,2755.7,10,0.04,0.07,0.0,0,0.24
22,33,3676.9,2,0.06,0.01,0.0,0,0.06
22,34,512.1,733,9.53,16.29,0.021,0,10.52
22,35,2245.1,0,0.01,0.08,0.0,0,0.03
22,36,1022.8,45,0.89,4.43,0.022,0,1.77
22,37,3673.2,0,0.01,0.0,0.0,0,0.02
22,38,1942.8,3,0.02,0.11,0.001,0,0.04
22,39,1885.9,10,0.18,0.56,0.001,0,0.38
22,40,1548.8,35,0.14,3.47,0.002,0,0.43
22,41,3905.4,5,0.01,0.01,0.0,0,0.07
22,42,3365.6,4,0.04,0.03,0.0,0,0.05
22,43,3409.6,2,0.04,0.02,0.0,0,0.05
22,44,4460.9,0,0.01,0.0,0.0,0,0.01
22,45,3664.8,1,0.03,0.01,0.0,0,0.05
22,46,4470.3,2,0.03,0.0,0.0,0,0.04
22,47,3393.8,8,0.22,0.06,0.0,0,0.36
22,48,1813.8,9,0.42,1.11,0.001,0,0.45
22,49,3470.8,2,0.01,0.0,0.0,0,0.02
22,50,2925.6,3,0.13,0.08,0.0,0,0.21
22,51,2192.5,6,0.07,0.25,0.001,0,0.21
22,52,4979.7,0,0.01,0.0,0.0,0,0.02
22,53,3998.3,12,0.11,0.01,0.0,0,0.21
22,54,1800.9,112,0.7,2.32,0.001,0,1.37
22,55,4169.8,13,0.12,0.02,0.0,0,0.18
22,56,3282.1,3,0.06,0.01,0.0,0,0.06
22,57,2452.6,1,0.02,0.15,0.0,0,0.06
22,58,741.2,124,1.11,15.81,0.05,0,1.75
22,59,2888.8,6,0.19,0.2,0.0,0,0.21
22,60,2043.2,11,0.13,0.2,0.001,0,0.16
22,61,4175.2,4,0.02,0.01,0.0,0,0.08
22,62,809.4,63,0.26,1.12,0.01,0,0.66
22,63,3646.4,3,0.03,0.01,0.0,0,0.06
22,64,1285.1,9,0.1,5.05,0.008,0,0.66
22,65,1179.6,376,2.0,7.72,0.007,0,5.89
22,66,3274.4,8,0.01,0.03,0.0,0,0.09
22,67,1944.5,41,0.34,0.87,0.0,0,1.14
22,68,3615.0,4,0.02,0.05,0.0,0,0.12
22,69,1343.1,3,0.11,1.28,0.007,0,0.24
22,70,3545.3,15,0.17,0.03,0.0,0,0.23
22,71,2083.9,130,1.68,1.22,0.0,0,1.73
22,72,4103.2,4,0.04,0.01,0.0,0,0.05
22,73,1767.1,131,0.99,2.55,0.002,0,1.99
22,74,2409.7,1,0.01,0.02,0.0,0,0.03
22,75,4243.9,17,0.1,0.01,0.0,0,0.2
22,76,3075.4,13,0.17,0.09,0.0,0,0.18
22,77,1542.8,13,0.02,0.55,0.002,0,0.18
22,78,414.8,200,2.0,12.84,0.079,0,2.01
22,79,2948.2,2,0.02,0.01,0.0,0,0.02
22,80,1480.2,16,0.15,1.1,0.002,0,0.24
22,81,4655.6,6,0.11,0.0,0.0,0,0.14
22,82,4280.8,34,0.32,0.02,0.0,0,0.46
22,83,1516.7,33,0.19,0.8,0.002,0,0.38
22,84,458.7,13,0.81,3.7,0.081,0,1.36
22,85,3759.2,2,0.02,0.01,0.0,0,0.04
22,86,1418.9,34,1.14,2.93,0.005,0,2.27
22,87,3722.9,15,0.15,0.02,0.0,0,0.18
22,88,3613.9,7,0.04,0.01,0.0,0,0.08
22,89,584.9,268,1.21,18.29,0.066,0,3.44
22,90,1837.9,17,0.12,0.77,0.001,0,0.3
22,91,3166.5,11,0.32,0.06,0.0,0,0.4
22,92,2827.4,0,0.02,0.09,0.0,0,0.05
22,93,2469.7,4,0.03,0.06,0.0,0,0.06
22,94,4336.6,2,0.02,0.0,0.0,0,0.08
22,95,2457.0,1,0.01,0.07,0.0,0,0.02
22,96,2240.8,3,0.08,0.33,0.0,0,0.12
22,97,1778.5,6,0.11,0.75,0.002,0,0.3
22,98,2062.3,8,0.02,0.4,0.001,0,0.09
22,99,2204.3,2,0.06,0.4,0.0,0,0.18
22,100,3238.6,0,0.02,0.01,0.0,0,0.02
22,101,3238.8,7,0.06,0.04,0.0,0,0.1
22,102,4263.4,4,0.05,0.0,0.0,0,0.06
22,103,1296.2,4,0.11,1.36,0.009,0,0.2
22,104,2461.2,5,0.12,0.12,0.0,0,0.14
22,105,420.7,86,0.28,17.65,0.117,0,1.91
22,106,1912.3,126,0.32,2.01,0.001,0,1.32
22,107,1953.8,68,0.13,0.67,0.0,0,0.72
22,108,780.6,291,0.88,6.22,0.025,0,3.03
22,109,2369.2,11,0.12,0.18,0.0,0,0.14
22,110,681.2,4,0.07,0.79,0.03,0,0.29
22,111,2993.3,14,0.11,0.07,0.0,0,0.16
22,112,2846.5,4,0.01,0.09,0.0,0,0.12
22,113,738.5,1069,3.76,100.2,0.019,0,11.56
22,114,1624.4,14,0.21,0.55,0.003,0,0.26
22,115,2420.1,18,0.22,0.22,0.0,0,0.28
22,116,2584.2,5,0.03,0.09,0.0,0,0.13
22,117,1749.5,12,0.09,0.32,0.003,0,0.13
22,118,519.4,151,5.43,30.19,0.004,1,5.73
22,119,1648.2,51,0.91,2.08,0.003,0,0.95
22,120,3078.1,27,0.16,0.12,0.0,0,0.28
22,121,1822.8,5,0.03,0.19,0.002,0,0.08
22,122,2236.3,40,0.42,0.86,0.0,0,0.48
22,123,2251.3,6,0.04,0.08,0.0,0,0.11
22,124,1853.1,30,0.26,0.87,0.001,0,0.49
22,125,820.8,639,8.01,30.62,0.047,0,9.11
22,126,2386.9,2,0.04,0.12,0.0,0,0.09
22,127,4469.6,0,0.04,0.0,0.0,0,0.04
22,128,4212.6,4,0.08,0.01,0.0,0,0.11
22,129,1917.3,4,0.06,0.19,0.001,0,0.08
22,130,1417.8,5,0.08,0.25,0.007,0,0.09
22,131,4676.1,6,0.04,0.0,0.0,0,0.07
22,132,1618.7,9,0.1,0.32,0.004,0,0.11
22,133,3217.3,11,0.25,0.04,0.0,0,0.31
22,134,2656.8,6,0.03,0.04,0.0,0,0.1
22,135,3751.6,16,0.26,0.07,0.0,0,0.44
22,136,2825.5,2,0.01,0.05,0.0,0,0.05
22,137,2680.1,0,0.04,0.05,0.0,0,0.04
22,138,2166.1,88,0.21,0.83,0.0,0,0.9
22,139,469.3,26,0.39,2.09,0.114,0,0.48
22,140,2226.2,5,0.12,0.35,0.0,0,0.27
22,141,1295.6,66,1.64,7.68,0.004,0,1.7
22,142,3466.2,0,0.02,0.01,0.0,0,0.02
22,143,1796.7,35,0.49,0.51,0.001,0,0.49
22,144,2199.0,12,0.21,0.36,0.001,0,0.43
22,145,500.5,292,1.93,20.79,0.125,0,2.97
22,146,1491.8,9,0.01,0.33,0.002,0,0.12
22,147,2158.5,4,0.02,0.06,0.001,0,0.05
22,148,718.6,96,2.25,9.36,0.047,0,2.8
22,149,3317.7,1,0.02,0.03,0.0,0,0.14
22,150,2170.4,23,0.07,0.23,0.0,0,0.28
22,151,588.2,266,2.07,17.96,0.086,0,2.88
22,152,4707.4,1,0.01,0.0,0.0,0,0.02
22,153,1589.0,22,0.74,1.07,0.001,0,1.02
22,154,4393.7,4,0.06,0.01,0.0,0,0.07
22,155,3177.9,4,0.01,0.02,0.0,0,0.08
22,156,2531.5,113,0.4,0.56,0.0,0,1.44
22,157,438.2,234,2.72,14.74,0.104,0,3.12
22,158,3264.5,0,0.02,0.01,0.0,0,0.02
22,159,3827.3,5,0.03,0.03,0.0,0,0.2
22,160,2630.9,3,0.01,0.04,0.0,0,0.07
22,161,2631.9,18,0.45,0.21,0.0,0,0.53
22,162,2980.6,8,0.14,0.1,0.0,0,0.48
22,163,4406.9,1,0.02,0.0,0.0,0,0.03
22,164,1538.2,29,0.62,3.03,0.002,0,0.94
22,165,3743.0,9,0.05,0.03,0.0,0,0.14
22,166,4252.5,8,0.37,0.01,0.0,0,0.39
22,167,2232.3,32,1.16,1.39,0.001,0,1.63
22,168,2377.2,9,0.13,0.19,0.0,0,0.14
22,169,1743.1,2,0.16,0.27,0.001,0,0.19
22,170,3263.2,1,0.01,0.02,0.0,0,0.04
22,171,3181.6,4,0.04,0.02,0.0,0,0.06
22,172,2319.8,1,0.11,0.26,0.0,0,0.11
22,173,760.3,13,0.91,7.74,0.053,0,1.07
22,174,2896.6,19,0.13,0.09,0.0,0,0.26
22,175,929.3,98,1.56,13.89,0.034,0,1.88
22,176,1793.0,22,0.05,0.65,0.001,0,0.39
22,177,614.3,253,4.09,13.9,0.018,0,6.17
22,178,3842.7,2,0.01,0.01,0.0,0,0.07
22,179,3117.6,250,0.53,0.65,0.0,0,2.86
22,180,2986.2,2,0.06,0.19,0.0,0,0.2
22,181,3254.5,8,0.05,0.02,0.0,0,0.09
22,182,2537.0,1,0.03,0.03,0.0,0,0.06
22,183,2773.5,17,0.05,0.17,0.0,0,0.18
22,184,3067.2,2,0.03,0.04,0.0,0,0.11
22,185,3400.7,11,0.25,0.03,0.0,0,0.28
22,186,1374.2,12,0.04,2.03,0.007,0,0.21
22,187,3478.8,6,0.09,0.02,0.0,0,0.12
22,188,631.5,93,0.6,2.97,0.079,0,1.01
22,189,3473.8,2,0.02,0.01,0.0,0,0.03
22,190,2075.5,4,0.04,0.19,0.0,0,0.21
22,191,1651.4,68,0.12,1.18,0.003,0,0.75
22,192,659.5,150,0.97,5.31,0.074,0,1.57
22,193,1537.9,9,0.04,0.23,0.003,0,0.17
22,194,3387.3,14,0.16,0.03,0.0,0,0.18
22,195,3881.6,2,0.03,0.01,0.0,0,0.17
22,196,272.4,224,1.42,4.97,0.26,0,2.28
22,197,1732.4,70,0.13,0.91,0.003,0,0.75
22,198,3965.9,7,0.07,0.01,0.0,0,0.22
22,199,3862.0,0,0.03,0.0,0.0,0,0.03
23,24,2249.9,1,0.0,0.02,0.0,0,0.04
23,25,2045.1,1,0.04,0.07,0.0,0,0.05
23,26,4622.6,0,0.0,0.0,0.0,0,0.01
23,27,400.6,65,0.63,3.33,0.089,0,1.08
23,28,5048.4,0,0.01,0.0,0.0,0,0.01
23,29,946.3,12,0.19,0.52,0.026,0,0.28
23,30,1847.7,3,0.07,0.05,0.001,0,0.11
23,31,1322.4,117,1.01,2.92,0.005,0,1.25
23,32,2193.3,4,0.03,0.05,0.0,0,0.06
23,33,2011.9,0,0.0,0.04,0.001,0,0.01
23,34,4444.1,0,0.01,0.0,0.0,0,0.04
23,35,3248.1,0,0.01,0.0,0.0,0,0.02
23,36,3847.6,1,0.04,0.0,0.0,0,0.06
23,37,1059.9,1,0.01,0.12,0.008,0,0.03
23,38,2555.2,0,0.01,0.01,0.0,0,0.02
23,39,5043.4,1,0.01,0.0,0.0,0,0.02
23,40,5751.1,1,0.01,0.0,0.0,0,0.03
23,41,709.0,69,0.73,1.76,0.029,0,0.76
23,42,1060.2,16,0.16,0.51,0.027,0,0.18
23,43,852.3,5,0.07,0.63,0.011,0,0.32
23,44,299.5,7,0.02,0.52,0.268,0,0.1
23,45,1750.8,3,0.04,0.06,0.002,0,0.04
23,46,1022.8,6,0.2,0.48,0.018,0,0.28
23,47,3494.4,3,0.12,0.01,0.0,0,0.16
23,48,2785.7,0,0.02,0.04,0.0,0,0.04
23,49,4105.0,0,0.0,0.0,0.0,0,0.0
23,50,3809.8,4,0.06,0.0,0.0,0,0.06
23,51,3124.5,0,0.01,0.01,0.0,0,0.01
23,52,1530.0,0,0.03,0.12,0.003,0,0.03
23,53,574.7,7,0.41,3.17,0.048,0,0.53
23,54,2773.0,4,0.05,0.08,0.0,0,0.06
23,55,631.5,70,0.89,3.62,0.109,0,0.92
23,56,2076.0,3,0.02,0.03,0.0,0,0.05
23,57,4112.5,0,0.0,0.0,0.0,0,0.01
23,58,3721.9,0,0.03,0.01,0.0,0,0.05
23,59,1468.6,34,0.17,0.59,0.002,0,0.4
23,60,4789.4,0,0.01,0.0,0.0,0,0.01
23,61,2240.9,2,0.02,0.04,0.0,0,0.03
23,62,3535.3,0,0.01,0.0,0.0,0,0.01
23,63,1870.8,1,0.01,0.04,0.0,0,0.01
23,64,3196.2,6,0.08,0.01,0.0,0,0.1
23,65,3683.9,3,0.05,0.01,0.0,0,0.07
23,66,3269.0,0,0.01,0.01,0.0,0,0.02
23,67,2850.2,1,0.05,0.06,0.0,0,0.1
23,68,1150.5,15,0.2,0.72,0.018,0,0.2
23,69,4614.9,2,0.03,0.0,0.0,0,0.04
23,70,2065.0,1,0.05,0.11,0.001,0,0.16
23,71,2599.2,17,0.07,0.16,0.0,0,0.2
23,72,427.1,11,0.32,2.12,0.167,0,0.66
23,73,2524.0,5,0.04,0.21,0.0,0,0.07
23,74,4226.9,0,0.0,0.0,0.0,0,0.0
23,75,984.9,58,0.21,1.04,0.027,0,0.75
23,76,2146.2,5,0.05,0.06,0.001,0,0.08
23,77,5739.9,0,0.01,0.0,0.0,0,0.01
23,78,4212.2,1,0.01,0.0,0.0,0,0.02
23,79,3555.3,0,0.0,0.0,0.0,0,0.0
23,80,4542.4,1,0.01,0.0,0.0,0,0.01
23,81,1393.6,10,0.04,0.67,0.007,0,0.13
23,82,1145.1,40,0.4,2.18,0.007,0,0.88
23,83,4715.1,0,0.0,0.0,0.0,0,0.01
23,84,3970.6,0,0.01,0.0,0.0,0,0.01
23,85,1926.0,5,0.03,0.11,0.001,0,0.07
23,86,2826.4,26,0.16,0.03,0.0,0,0.3
23,87,606.4,62,1.58,3.29,0.115,0,1.63
23,88,966.5,1,0.02,0.53,0.022,0,0.06
23,89,4725.3,0,0.01,0.0,0.0,0,0.02
23,90,3318.6,4,0.04,0.01,0.0,0,0.05
23,91,3324.9,5,0.05,0.02,0.0,0,0.05
23,92,1420.8,3,0.04,0.18,0.002,0,0.07
23,93,1829.7,5,0.02,0.12,0.001,0,0.06
23,94,447.9,18,0.11,2.25,0.184,0,0.43
23,95,3902.4,0,0.0,0.0,0.0,0,0.01
23,96,4115.3,0,0.01,0.0,0.0,0,0.02
23,97,4792.0,1,0.01,0.0,0.0,0,0.03
23,98,2187.9,5,0.03,0.08,0.0,0,0.08
23,99,3667.8,1,0.01,0.0,0.0,0,0.04
23,100,1223.0,0,0.01,0.14,0.014,0,0.01
23,101,3706.3,2,0.02,0.0,0.0,0,0.02
23,102,24.0,1318,40.91,4.3,0.406,0,59.85
23,103,3459.2,0,0.0,0.0,0.0,0,0.01
23,104,2146.4,3,0.01,0.04,0.001,0,0.04
23,105,3972.3,0,0.04,0.0,0.0,0,0.04
23,106,3590.0,6,0.13,0.05,0.0,0,0.15
23,107,3069.7,2,0.02,0.01,0.0,0,0.05
23,108,3522.3,1,0.01,0.01,0.0,0,0.02
23,109,1909.3,1,0.02,0.11,0.001,0,0.05
23,110,4533.5,0,0.0,0.0,0.0,0,0.0
23,111,3725.6,2,0.0,0.0,0.0,0,0.03
23,112,1990.7,2,0.03,0.11,0.0,0,0.05
23,113,3512.7,13,0.14,0.08,0.0,0,0.22
23,114,2623.5,1,0.03,0.02,0.0,0,0.06
23,115,1876.2,9,0.1,0.23,0.001,0,0.15
23,116,4468.2,1,0.02,0.0,0.0,0,0.02
23,117,3090.5,0,0.01,0.01,0.0,0,0.01
23,118,4504.5,1,0.04,0.0,0.0,0,0.06
23,119,4033.4,1,0.01,0.0,0.0,0,0.02
23,120,1592.9,22,0.11,0.44,0.004,0,0.24
23,121,2456.9,2,0.04,0.01,0.0,0,0.04
23,122,2052.6,15,0.37,0.33,0.0,0,0.45
23,123,2454.7,0,0.0,0.02,0.0,0,0.01
23,124,4032.3,0,0.0,0.0,0.0,0,0.01
23,125,3450.4,13,0.14,0.06,0.0,0,0.23
23,126,2063.6,2,0.02,0.02,0.0,0,0.03
23,127,914.7,5,0.06,0.48,0.022,0,0.07
23,128,1631.0,1,0.04,0.34,0.003,0,0.04
23,129,3393.1,0,0.0,0.0,0.0,0,0.01
23,130,5556.9,0,0.0,0.0,0.0,0,0.0
23,131,1111.6,6,0.04,0.44,0.005,0,0.15
23,132,2629.6,1,0.01,0.01,0.0,0,0.02
23,133,3505.2,0,0.01,0.01,0.0,0,0.02
23,134,3757.6,1,0.0,0.0,0.0,0,0.01
23,135,2347.2,17,0.15,0.27,0.0,0,0.26
23,136,1499.4,1,0.02,0.16,0.003,0,0.02
23,137,3413.3,0,0.0,0.0,0.0,0,0.01
23,138,3421.9,0,0.0,0.01,0.0,0,0.03
23,139,3951.5,0,0.0,0.0,0.0,0,0.01
23,140,2904.0,0,0.02,0.02,0.0,0,0.02
23,141,5234.1,2,0.02,0.0,0.0,0,0.03
23,142,2001.6,0,0.01,0.03,0.001,0,0.01
23,143,4806.2,1,0.0,0.0,0.0,0,0.02
23,144,2058.1,5,0.05,0.13,0.0,0,0.07
23,145,4100.6,4,0.06,0.0,0.0,0,0.08
23,146,4917.8,0,0.01,0.0,0.0,0,0.01
23,147,2500.3,0,0.01,0.01,0.0,0,0.01
23,148,4340.3,1,0.01,0.0,0.0,0,0.02
23,149,2044.7,5,0.04,0.17,0.0,0,0.07
23,150,2862.9,0,0.02,0.02,0.0,0,0.03
23,151,3815.8,1,0.02,0.0,0.0,0,0.03
23,152,1277.5,3,0.04,0.25,0.002,0,0.05
23,153,3530.7,0,0.02,0.0,0.0,0,0.02
23,154,1727.9,6,0.05,0.31,0.002,0,0.14
23,155,1662.3,1,0.03,0.06,0.002,0,0.05
23,156,1717.0,47,0.08,1.21,0.0,0,0.49
23,157,4389.3,2,0.02,0.0,0.0,0,0.05
23,158,1536.6,4,0.08,0.1,0.003,0,0.09
23,159,422.9,102,0.53,6.39,0.219,0,1.41
23,160,1962.4,0,0.0,0.03,0.001,0,0.01
23,161,2170.6,7,0.09,0.15,0.001,0,0.1
23,162,3088.8,6,0.05,0.05,0.0,0,0.08
23,163,1627.4,0,0.01,0.07,0.001,0,0.02
23,164,3209.9,3,0.06,0.03,0.0,0,0.16
23,165,513.4,65,0.28,4.59,0.079,0,0.75
23,166,555.8,11,0.18,3.81,0.042,0,0.86
23,167,2901.6,23,0.29,0.14,0.0,0,0.29
23,168,2735.0,2,0.04,0.02,0.0,0,0.05
23,169,4521.1,0,0.0,0.0,0.0,0,0.0
23,170,1360.9,2,0.02,0.31,0.003,0,0.05
23,171,2528.5,0,0.01,0.01,0.0,0,0.01
23,172,4649.4,0,0.01,0.0,0.0,0,0.01
23,173,3911.7,0,0.02,0.0,0.0,0,0.02
23,174,2600.8,0,0.02,0.05,0.0,0,0.04
23,175,3548.9,1,0.04,0.01,0.0,0,0.04
23,176,4167.3,1,0.01,0.0,0.0,0,0.02
23,177,4544.7,3,0.05,0.0,0.0,0,0.05
23,178,977.0,13,0.24,0.63,0.027,0,0.29
23,179,1171.8,31,0.84,4.47,0.012,0,1.02
23,180,1806.1,22,0.16,0.33,0.002,0,0.35
23,181,2506.0,3,0.02,0.04,0.0,0,0.04
23,182,2284.7,0,0.0,0.02,0.0,0,0.01
23,183,2129.5,4,0.02,0.12,0.0,0,0.06
23,184,4041.4,0,0.02,0.0,0.0,0,0.02
23,185,4183.2,3,0.05,0.0,0.0,0,0.06
23,186,2916.6,2,0.05,0.03,0.0,0,0.08
23,187,1967.8,4,0.07,0.11,0.0,0,0.11
23,188,3705.2,0,0.02,0.0,0.0,0,0.02
23,189,1332.3,1,0.01,0.13,0.004,0,0.02
23,190,3640.8,0,0.0,0.0,0.0,0,0.01
23,191,2627.8,6,0.04,0.1,0.0,0,0.07
23,192,3622.2,2,0.02,0.01,0.0,0,0.04
23,193,4059.8,0,0.0,0.0,0.0,0,0.0
23,194,2457.4,5,0.04,0.07,0.0,0,0.09
23,195,989.0,6,0.08,1.63,0.022,0,0.22
23,196,4407.0,0,0.0,0.0,0.0,0,0.01
23,197,2770.7,2,0.01,0.04,0.0,0,0.03
23,198,1569.9,6,0.13,0.26,0.001,0,0.16
23,199,2020.2,2,0.03,0.03,0.0,0,0.03
24,25,1159.0,32,0.33,0.98,0.007,0,0.37
24,26,3282.9,1,0.02,0.0,0.0,0,0.03
24,27,2484.2,9,0.08,0.15,0.0,0,0.15
24,28,2821.2,0,0.02,0.04,0.0,0,0.03
24,29,2414.3,1,0.02,0.11,0.0,0,0.04
24,30,1566.8,7,0.17,0.38,0.002,0,0.22
24,31,2167.7,41,0.16,1.12,0.0,0,0.93
24,32,1435.7,15,0.23,0.74,0.003,0,0.26
24,33,2103.6,2,0.01,0.07,0.0,0,0.03
24,34,2242.4,13,0.3,0.24,0.0,0,0.36
24,35,1730.1,2,0.01,0.09,0.001,0,0.02
24,36,1709.9,25,0.28,0.47,0.002,0,0.49
24,37,1829.7,0,0.01,0.08,0.001,0,0.01
24,38,850.5,4,0.04,0.94,0.018,0,0.11
24,39,3034.3,3,0.07,0.04,0.0,0,0.07
24,40,3504.7,15,0.14,0.03,0.0,0,0.2
24,41,1984.8,6,0.06,0.52,0.001,0,0.1
24,42,1462.5,13,0.11,0.95,0.002,0,0.34
24,43,1428.6,3,0.12,0.84,0.006,0,0.17
24,44,2463.2,0,0.01,0.01,0.0,0,0.01
24,45,1980.8,8,0.04,0.16,0.001,0,0.12
24,46,2544.3,1,0.0,0.03,0.0,0,0.02
24,47,2687.2,7,0.06,0.11,0.0,0,0.29
24,48,1035.9,6,0.26,1.5,0.026,0,0.43
24,49,3116.5,0,0.01,0.0,0.0,0,0.01
24,50,2594.2,1,0.05,0.16,0.0,0,0.11
24,51,1730.3,17,0.12,0.24,0.002,0,0.23
24,52,3099.5,2,0.03,0.01,0.0,0,0.03
24,53,2017.5,40,0.27,0.49,0.001,0,0.41
24,54,1003.8,49,0.17,9.49,0.02,0,0.5
24,55,2198.0,7,0.12,0.4,0.0,0,0.18
24,56,1760.1,4,0.04,0.24,0.001,0,0.06
24,57,2549.9,3,0.07,0.06,0.0,0,0.07
24,58,1501.5,61,0.24,0.82,0.002,0,0.71
24,59,1016.0,53,0.66,4.4,0.022,0,1.29
24,60,2891.1,1,0.02,0.02,0.0,0,0.04
24,61,2762.0,3,0.03,0.1,0.0,0,0.06
24,62,1300.2,6,0.01,0.44,0.003,0,0.08
24,63,2134.8,0,0.0,0.06,0.0,0,0.03
24,64,1054.0,6,0.42,4.0,0.017,0,0.62
24,65,1587.8,102,0.97,3.31,0.003,0,1.39
24,66,2464.1,2,0.1,0.13,0.0,0,0.15
24,67,1247.7,156,0.26,4.25,0.009,0,2.27
24,68,1718.3,5,0.12,0.7,0.001,0,0.13
24,69,2519.6,9,0.06,0.04,0.0,0,0.1
24,70,2136.7,1,0.05,0.21,0.0,0,0.15
24,71,936.4,82,0.13,6.41,0.011,0,1.32
24,72,2142.1,10,0.12,0.16,0.001,0,0.26
24,73,349.2,640,2.87,52.04,0.115,0,18.51
24,74,2615.4,0,0.01,0.01,0.0,0,0.01
24,75,2388.3,23,0.13,0.2,0.0,0,0.53
24,76,1735.4,14,0.14,0.54,0.002,0,0.38
24,77,3494.3,1,0.07,0.01,0.0,0,0.09
24,78,2005.8,16,0.06,0.33,0.001,0,0.19
24,79,2431.8,0,0.01,0.02,0.0,0,0.02
24,80,2496.8,0,0.04,0.07,0.0,0,0.07
24,81,2787.0,9,0.09,0.08,0.0,0,0.11
24,82,2389.7,75,0.94,0.68,0.0,0,1.3
24,83,2653.9,3,0.01,0.03,0.0,0,0.04
24,84,1729.6,7,0.02,0.15,0.002,0,0.11
24,85,2142.7,3,0.04,0.14,0.0,0,0.08
24,86,580.6,239,1.92,16.09,0.027,0,2.45
24,87,1754.9,31,0.17,0.73,0.001,0,0.33
24,88,1669.0,8,0.04,0.16,0.003,0,0.11
24,89,2479.6,17,0.25,0.18,0.0,0,0.29
24,90,1530.6,10,0.18,0.76,0.004,0,0.18
24,91,2423.9,13,0.23,0.24,0.0,0,0.3
24,92,829.8,9,0.11,0.89,0.059,0,0.19
24,93,615.9,72,0.59,2.43,0.099,0,0.73
24,94,2376.9,3,0.02,0.08,0.0,0,0.06
24,95,2391.6,1,0.02,0.02,0.0,0,0.03
24,96,2446.1,5,0.02,0.07,0.0,0,0.06
24,97,2799.4,0,0.02,0.05,0.0,0,0.06
24,98,193.1,352,8.48,6.88,0.466,0,9.41
24,99,2063.7,5,0.05,0.2,0.001,0,0.06
24,100,1301.8,3,0.04,0.22,0.01,0,0.04
24,101,2719.4,0,0.04,0.08,0.0,0,0.05
24,102,2267.7,8,0.07,0.1,0.0,0,0.17
24,103,1386.4,8,0.07,0.35,0.005,0,0.1
24,104,884.4,8,0.09,1.51,0.036,0,0.23
24,105,1728.1,19,0.2,0.58,0.002,0,0.21
24,106,1833.7,30,0.17,2.24,0.002,0,1.38
24,107,1496.3,19,0.27,0.96,0.002,0,0.83
24,108,1278.6,25,0.39,0.69,0.008,0,0.42
24,109,498.7,96,0.55,4.55,0.125,0,1.02
24,110,2311.7,0,0.01,0.01,0.0,0,0.02
24,111,2577.6,3,0.08,0.05,0.0,0,0.13
24,112,1242.3,7,0.05,1.09,0.013,0,0.17
24,113,1273.6,398,2.11,11.94,0.004,0,4.01
24,114,373.8,89,1.17,3.41,0.244,0,1.63
24,115,476.4,121,0.16,7.38,0.138,0,1.58
24,116,2880.3,10,0.06,0.03,0.0,0,0.13
24,117,1226.1,1,0.05,0.67,0.016,0,0.06
24,118,2266.6,10,0.1,0.7,0.0,0,0.34
24,119,2110.9,11,0.74,0.52,0.001,0,0.92
24,120,1380.0,15,0.28,1.9,0.004,0,0.32
24,121,275.7,33,0.31,3.7,0.376,0,0.9
24,122,320.4,99,6.07,14.61,0.262,0,7.92
24,123,956.7,4,0.02,0.64,0.024,0,0.05
24,124,2196.9,12,0.11,0.21,0.0,0,0.14
24,125,1225.8,164,1.79,10.14,0.006,0,3.21
24,126,670.5,4,0.06,1.02,0.033,0,0.09
24,127,2526.1,3,0.03,0.05,0.0,0,0.04
24,128,2452.7,1,0.06,0.07,0.0,0,0.09
24,129,1652.3,9,0.07,0.28,0.002,0,0.22
24,130,3319.9,0,0.0,0.0,0.0,0,0.01
24,131,2748.8,5,0.04,0.05,0.0,0,0.07
24,132,411.5,19,0.72,1.49,0.146,0,1.58
24,133,2575.4,20,0.11,0.06,0.0,0,0.25
24,134,2396.0,1,0.01,0.03,0.0,0,0.02
24,135,2460.6,25,0.28,0.57,0.0,0,0.37
24,136,933.0,19,0.19,0.68,0.024,0,0.26
24,137,2154.6,1,0.03,0.14,0.0,0,0.04
24,138,1831.2,23,0.07,0.48,0.001,0,0.27
24,139,1710.6,2,0.03,0.09,0.001,0,0.04
24,140,1400.9,20,0.49,0.87,0.004,0,0.79
24,141,3029.5,5,0.23,0.13,0.0,0,0.35
24,142,1900.5,2,0.03,0.06,0.001,0,0.03
24,143,2816.8,7,0.03,0.11,0.0,0,0.1
24,144,310.1,293,1.3,5.6,0.217,0,3.03
24,145,1868.7,24,0.1,0.84,0.001,0,0.29
24,146,2815.2,1,0.0,0.02,0.0,0,0.02
24,147,899.8,2,0.05,0.64,0.012,0,0.12
24,148,2134.7,7,0.16,0.38,0.001,0,0.27
24,149,1778.2,13,0.08,0.54,0.0,0,0.16
24,150,1313.6,4,0.16,1.13,0.008,0,0.17
24,151,1579.1,28,0.08,1.07,0.003,0,0.39
24,152,2808.2,1,0.04,0.02,0.0,0,0.07
24,153,1606.0,10,0.06,0.57,0.004,0,0.15
24,154,2744.4,18,0.1,0.11,0.0,0,0.19
24,155,1428.3,9,0.03,0.36,0.002,0,0.2
24,156,533.6,439,0.89,33.69,0.047,0,4.81
24,157,2149.4,3,0.05,0.26,0.0,0,0.1
24,158,1572.9,1,0.03,0.16,0.001,0,0.04
24,159,1830.3,23,0.12,0.77,0.001,0,0.27
24,160,941.6,11,0.25,0.92,0.015,0,0.5
24,161,1128.7,31,0.62,2.22,0.003,0,0.66
24,162,2133.4,8,0.38,0.44,0.0,0,0.47
24,163,2626.1,3,0.03,0.03,0.0,0,0.07
24,164,1224.3,7,0.45,2.35,0.003,0,0.45
24,165,1745.3,16,0.07,0.67,0.002,0,0.19
24,166,2272.7,26,0.26,0.28,0.0,0,0.31
24,167,1555.2,77,0.39,2.38,0.005,0,2.83
24,168,1372.1,14,0.08,0.72,0.005,0,0.16
24,169,2565.9,3,0.02,0.01,0.0,0,0.04
24,170,1387.4,8,0.05,0.21,0.003,0,0.09
24,171,1930.4,3,0.03,0.21,0.001,0,0.09
24,172,2894.8,3,0.01,0.03,0.0,0,0.08
24,173,1771.4,3,0.05,0.57,0.001,0,0.17
24,174,1727.9,14,0.1,0.28,0.001,0,0.28
24,175,1349.5,12,0.15,2.79,0.008,0,0.5
24,176,2287.3,21,0.08,0.13,0.0,0,0.29
24,177,2314.1,20,0.15,0.56,0.0,0,0.38
24,178,1918.9,10,0.08,0.17,0.0,0,0.12
24,179,1164.7,409,5.01,8.28,0.016,0,5.17
24,180,1284.6,17,0.23,2.61,0.008,0,0.33
24,181,1980.3,1,0.01,0.11,0.001,0,0.04
24,182,1269.1,8,0.04,0.2,0.01,0,0.12
24,183,1404.1,9,0.07,0.62,0.001,0,0.46
24,184,2836.6,5,0.02,0.03,0.0,0,0.1
24,185,3124.2,9,0.11,0.06,0.0,0,0.17
24,186,752.6,64,0.55,4.07,0.025,0,1.43
24,187,2024.3,9,0.09,0.3,0.001,0,0.13
24,188,1462.9,21,0.05,0.36,0.004,0,0.26
24,189,1712.7,3,0.04,0.16,0.002,0,0.04
24,190,1968.7,2,0.01,0.18,0.0,0,0.03
24,191,502.6,157,1.3,7.85,0.043,0,1.89
24,192,1396.5,38,0.38,0.95,0.002,0,0.45
24,193,2091.4,2,0.04,0.04,0.0,0,0.04
24,194,2067.6,39,0.14,0.18,0.0,0,0.41
24,195,1961.9,16,0.47,0.43,0.001,0,0.48
24,196,2157.9,3,0.04,0.09,0.001,0,0.07
24,197,789.1,10,0.14,2.59,0.024,0,0.18
24,198,2306.8,4,0.01,0.11,0.0,0,0.05
24,199,2275.6,3,0.03,0.02,0.0,0,0.05
25,26,4441.8,0,0.01,0.0,0.0,0,0.01
25,27,2409.6,14,0.09,0.16,0.0,0,0.18
25,28,3608.4,10,0.09,0.01,0.0,0,0.13
25,29,2645.9,2,0.06,0.07,0.0,0,0.13
25,30,472.5,104,0.96,3.63,0.091,0,1.72
25,31,2632.6,83,0.82,0.79,0.0,0,0.93
25,32,293.7,414,2.4,15.99,0.077,0,5.71
25,33,2873.5,4,0.03,0.02,0.0,0,0.04
25,34,2657.0,21,0.43,0.31,0.0,0,0.87
25,35,2886.3,1,0.03,0.02,0.0,0,0.03
25,36,2715.1,8,0.02,0.18,0.0,0,0.12
25,37,1138.5,7,0.06,0.34,0.019,0,0.08
25,38,689.5,66,0.63,1.41,0.06,0,0.93
25,39,4067.1,7,0.14,0.01,0.0,0,0.14
25,40,4172.7,27,0.05,0.01,0.0,0,0.29
25,41,1458.7,20,0.31,1.13,0.003,0,0.36
25,42,985.1,82,1.74,4.0,0.005,0,2.09
25,43,1269.2,14,0.12,1.97,0.012,0,0.21
25,44,2334.8,1,0.01,0.08,0.0,0,0.02
25,45,2671.1,5,0.12,0.13,0.0,0,0.13
25,46,2773.7,5,0.12,0.05,0.0,0,0.13
25,47,3776.4,36,0.24,0.04,0.0,0,0.41
25,48,854.5,36,0.73,3.57,0.021,0,1.69
25,49,4247.8,0,0.0,0.0,0.0,0,0.01
25,50,3741.2,2,0.05,0.02,0.0,0,0.13
25,51,1083.5,14,0.12,2.04,0.006,0,0.34
25,52,3368.0,5,0.1,0.01,0.0,0,0.11
25,53,2130.5,7,0.15,0.76,0.001,0,0.17
25,54,856.9,321,1.05,8.42,0.033,0,3.83
25,55,2325.2,17,0.19,0.77,0.0,0,0.33
25,56,2622.6,8,0.23,0.04,0.0,0,0.26
25,57,3706.6,1,0.02,0.01,0.0,0,0.09
25,58,2404.2,39,0.3,0.46,0.0,0,0.57
25,59,656.7,377,2.35,28.17,0.035,0,4.1
25,60,3979.5,0,0.01,0.01,0.0,0,0.03
25,61,1646.7,35,0.19,0.96,0.003,0,0.39
25,62,2183.6,2,0.05,0.1,0.0,0,0.07
25,63,1047.2,5,0.11,1.08,0.018,0,0.12
25,64,2115.1,46,1.22,1.16,0.0,0,1.83
25,65,2636.7,68,0.57,0.49,0.0,0,0.7
25,66,3542.7,8,0.07,0.03,0.0,0,0.12
25,67,839.8,40,0.97,16.43,0.006,0,1.12
25,68,2161.2,50,0.34,0.39,0.0,0,0.63
25,69,3514.1,0,0.05,0.01,0.0,0,0.07
25,70,1003.2,15,0.58,4.69,0.002,0,1.19
25,71,2082.0,50,0.77,1.21,0.0,0,0.93
25,72,1732.7,5,0.1,0.84,0.002,0,0.21
25,73,1483.7,41,1.29,3.88,0.006,0,1.89
25,74,3768.3,1,0.02,0.0,0.0,0,0.04
25,75,1677.0,7,0.15,2.74,0.002,0,0.22
25,76,576.7,80,0.48,7.99,0.026,0,0.8
25,77,4168.7,3,0.02,0.0,0.0,0,0.04
25,78,2452.4,6,0.1,0.21,0.0,0,0.18
25,79,3564.7,1,0.0,0.01,0.0,0,0.01
25,80,3528.4,7,0.07,0.02,0.0,0,0.09
25,81,3111.5,19,0.33,0.06,0.0,0,0.8
25,82,2721.7,116,0.23,0.55,0.0,0,1.46
25,83,3668.3,3,0.07,0.01,0.0,0,0.09
25,84,2540.3,9,0.04,0.07,0.0,0,0.1
25,85,2870.6,1,0.04,0.07,0.0,0,0.11
25,86,1439.7,163,1.06,2.84,0.007,0,2.31
25,87,1438.8,81,0.31,1.94,0.002,0,1.04
25,88,2002.0,8,0.02,0.32,0.001,0,0.12
25,89,3202.8,12,0.1,0.06,0.0,0,0.27
25,90,2683.7,5,0.11,0.19,0.0,0,0.13
25,91,3520.0,34,0.48,0.08,0.0,0,0.61
25,92,1132.6,5,0.1,1.66,0.018,0,0.41
25,93,647.7,25,0.2,5.63,0.008,0,0.49
25,94,1935.8,8,0.07,0.75,0.001,0,0.1
25,95,3550.5,5,0.01,0.01,0.0,0,0.06
25,96,3595.6,10,0.05,0.03,0.0,0,0.2
25,97,3849.5,4,0.17,0.02,0.0,0,0.2
25,98,966.4,109,0.14,5.09,0.034,0,1.12
25,99,3221.9,4,0.02,0.06,0.0,0,0.06
25,100,1763.6,3,0.05,0.21,0.001,0,0.08
25,101,3841.0,10,0.11,0.01,0.0,0,0.12
25,102,2068.6,3,0.09,0.47,0.001,0,0.22
25,103,2465.3,0,0.02,0.11,0.0,0,0.08
25,104,1907.1,14,0.05,0.47,0.001,0,0.15
25,105,2520.6,33,0.43,0.17,0.0,0,0.44
25,106,2984.0,63,0.24,0.4,0.0,0,0.89
25,107,1033.0,84,1.03,2.63,0.004,0,1.28
25,108,2125.9,31,0.15,0.46,0.0,0,0.47
25,109,726.7,43,0.17,5.81,0.044,0,1.1
25,110,3143.7,0,0.0,0.01,0.0,0,0.01
25,111,3717.1,6,0.01,0.01,0.0,0,0.07
25,112,2153.4,10,0.09,0.43,0.0,0,0.12
25,113,1932.2,126,1.2,5.36,0.001,0,2.24
25,114,1346.6,20,0.17,0.95,0.006,0,0.45
25,115,1325.5,122,0.38,2.46,0.005,0,1.36
25,116,4032.4,5,0.08,0.01,0.0,0,0.09
25,117,2378.2,1,0.05,0.07,0.0,0,0.07
25,118,3048.1,21,0.07,0.12,0.0,0,0.31
25,119,3216.8,10,0.06,0.09,0.0,0,0.19
25,120,495.3,459,3.22,16.85,0.038,0,5.87
25,121,1418.6,5,0.08,0.59,0.005,0,0.12
25,122,1322.5,342,1.25,9.67,0.004,0,3.45
25,123,2071.3,1,0.04,0.14,0.001,0,0.04
25,124,3324.4,12,0.07,0.05,0.0,0,0.22
25,125,1827.5,364,2.51,9.06,0.002,0,4.17
25,126,1676.9,6,0.09,0.33,0.002,0,0.24
25,127,2708.6,4,0.03,0.08,0.0,0,0.08
25,128,2985.0,11,0.05,0.09,0.0,0,0.45
25,129,2807.3,1,0.03,0.06,0.0,0,0.03
25,130,4049.2,1,0.01,0.0,0.0,0,0.02
25,131,2949.3,4,0.16,0.06,0.0,0,0.19
25,132,1230.1,21,0.08,0.6,0.009,0,0.25
25,133,3683.0,3,0.11,0.02,0.0,0,0.2
25,134,3551.4,2,0.01,0.01,0.0,0,0.05
25,135,1308.5,133,1.43,7.96,0.001,0,1.65
25,136,686.1,21,0.43,2.33,0.015,0,0.49
25,137,3296.9,10,0.07,0.02,0.0,0,0.15
25,138,2990.2,29,0.09,0.22,0.0,0,0.54
25,139,2523.1,1,0.02,0.04,0.0,0,0.03
25,140,2548.1,17,0.3,0.2,0.0,0,0.38
25,141,3862.6,17,0.26,0.06,0.0,0,0.3
25,142,2707.9,1,0.01,0.03,0.0,0,0.03
25,143,3868.0,7,0.08,0.01,0.0,0,0.1
25,144,866.3,24,1.3,4.35,0.034,0,2.1
25,145,2703.4,22,0.38,0.25,0.0,0,0.45
25,146,3790.2,2,0.02,0.0,0.0,0,0.03
25,147,2031.4,9,0.09,0.09,0.001,0,0.17
25,148,3015.7,8,0.13,0.1,0.0,0,0.15
25,149,2625.6,27,0.7,0.16,0.0,0,0.8
25,150,2462.7,12,0.12,0.32,0.0,0,0.17
25,151,2423.5,26,0.03,0.29,0.0,0,0.31
25,152,3068.8,5,0.06,0.02,0.0,0,0.07
25,153,2732.0,36,0.39,0.11,0.0,0,0.53
25,154,1765.5,6,0.19,0.91,0.002,0,0.35
25,155,2163.6,12,0.11,0.13,0.0,0,0.13
25,156,1077.9,301,4.79,13.09,0.007,0,6.2
25,157,2929.8,6,0.17,0.16,0.0,0,0.28
25,158,653.4,36,0.08,1.45,0.008,0,0.42
25,159,1730.4,56,0.6,1.32,0.002,0,0.68
25,160,1873.4,4,0.04,0.19,0.001,0,0.09
25,161,2128.8,6,0.1,0.73,0.0,0,0.47
25,162,3225.7,53,0.35,0.17,0.0,0,0.78
25,163,3108.4,8,0.06,0.02,0.0,0,0.12
25,164,2351.6,18,0.46,0.33,0.0,0,0.46
25,165,1688.7,18,0.06,1.28,0.001,0,0.32
25,166,2348.2,18,0.05,0.38,0.0,0,0.21
25,167,858.7,407,3.53,33.13,0.008,0,6.67
25,168,2496.4,6,0.01,0.16,0.0,0,0.08
25,169,3642.3,5,0.06,0.01,0.0,0,0.09
25,170,1956.9,5,0.04,0.13,0.001,0,0.06
25,171,2914.9,11,0.04,0.04,0.0,0,0.13
25,172,4023.0,2,0.02,0.01,0.0,0,0.06
25,173,2075.8,11,0.09,0.59,0.0,0,0.22
25,174,2769.1,7,0.29,0.16,0.0,0,0.3
25,175,2310.5,28,0.18,0.56,0.0,0,0.31
25,176,3400.3,1,0.01,0.03,0.0,0,0.1
25,177,3119.8,6,0.13,0.14,0.0,0,0.37
25,178,2255.7,11,0.06,0.11,0.0,0,0.35
25,179,967.8,831,5.11,104.03,0.016,0,9.55
25,180,2105.7,59,0.22,0.67,0.0,0,0.66
25,181,2948.5,1,0.07,0.04,0.0,0,0.09
25,182,248.2,60,0.49,3.56,0.384,0,1.43
25,183,249.2,1203,8.69,24.65,0.244,1,27.31
25,184,3986.2,8,0.02,0.0,0.0,0,0.1
25,185,4264.1,8,0.12,0.02,0.0,0,0.19
25,186,1301.2,34,0.28,2.46,0.011,0,0.54
25,187,904.3,53,0.65,5.07,0.033,0,0.83
25,188,2294.6,3,0.04,0.19,0.0,0,0.13
25,189,885.3,19,0.04,0.44,0.03,0,0.31
25,190,3124.4,4,0.08,0.04,0.0,0,0.11
25,191,1089.3,49,0.83,4.05,0.019,0,1.72
25,192,1975.9,19,0.24,0.73,0.0,0,0.44
25,193,3180.9,0,0.02,0.01,0.0,0,0.02
25,194,3003.3,14,0.05,0.06,0.0,0,0.19
25,195,2300.9,36,0.46,0.53,0.0,0,0.52
25,196,2866.5,1,0.01,0.04,0.0,0,0.04
25,197,1941.2,14,0.27,0.52,0.0,0,0.3
25,198,1334.0,66,0.53,1.87,0.009,0,1.34
25,199,3010.2,5,0.05,0.02,0.0,0,0.06
26,27,4560.6,3,0.04,0.0,0.0,0,0.07
26,28,2798.0,3,0.03,0.02,0.0,0,0.06
26,29,4011.7,0,0.0,0.0,0.0,0,0.02
26,30,4828.3,0,0.01,0.0,0.0,0,0.01
26,31,3487.2,2,0.02,0.04,0.0,0,0.1
26,32,4716.8,1,0.02,0.0,0.0,0,0.04
26,33,2749.5,0,0.0,0.02,0.0,0,0.02
26,34,3676.6,5,0.04,0.02,0.0,0,0.09
26,35,1561.6,2,0.03,0.14,0.001,0,0.07
26,36,2212.7,3,0.07,0.11,0.0,0,0.08
26,37,4842.7,0,0.0,0.0,0.0,0,0.0
26,38,4004.5,0,0.01,0.0,0.0,0,0.01
26,39,1702.0,10,0.09,0.39,0.001,0,0.12
26,40,3397.7,4,0.01,0.02,0.0,0,0.07
26,41,4817.7,0,0.01,0.0,0.0,0,0.01
26,42,4448.4,1,0.01,0.0,0.0,0,0.02
26,43,4184.9,0,0.0,0.0,0.0,0,0.01
26,44,4630.9,0,0.0,0.0,0.0,0,0.01
26,45,2968.3,0,0.01,0.01,0.0,0,0.03
26,46,4062.7,1,0.02,0.0,0.0,0,0.03
26,47,1268.7,10,0.08,3.8,0.012,0,0.28
26,48,4080.1,0,0.01,0.01,0.0,0,0.02
26,49,737.3,1,0.07,0.4,0.061,0,0.11
26,50,812.8,24,0.38,2.2,0.029,0,0.69
26,51,4766.4,0,0.0,0.0,0.0,0,0.01
26,52,4211.1,0,0.02,0.0,0.0,0,0.03
26,53,4074.7,3,0.03,0.01,0.0,0,0.04
26,54,4048.0,3,0.05,0.01,0.0,0,0.12
26,55,4116.0,5,0.01,0.01,0.0,0,0.07
26,56,2564.2,1,0.01,0.01,0.0,0,0.03
26,57,778.3,18,0.24,1.02,0.032,0,0.25
26,58,2611.9,2,0.12,0.09,0.0,0,0.13
26,59,4148.0,7,0.02,0.0,0.0,0,0.08
26,60,1316.4,10,0.13,0.32,0.01,0,0.17
26,61,6001.3,0,0.0,0.0,0.0,0,0.01
26,62,2746.5,0,0.01,0.01,0.0,0,0.01
26,63,5370.4,0,0.01,0.0,0.0,0,0.01
26,64,2489.1,6,0.06,0.11,0.0,0,0.09
26,65,2136.2,9,0.1,0.2,0.001,0,0.25
26,66,1431.8,8,0.12,0.28,0.006,0,0.13
26,67,4308.9,2,0.03,0.0,0.0,0,0.03
26,68,3480.2,3,0.03,0.01,0.0,0,0.05
26,69,1958.1,6,0.07,0.05,0.001,0,0.08
26,70,5401.4,0,0.02,0.0,0.0,0,0.02
26,71,2374.1,19,0.06,0.38,0.0,0,0.21
26,72,4803.5,1,0.02,0.0,0.0,0,0.03
26,73,2971.3,2,0.04,0.08,0.0,0,0.11
26,74,776.2,1,0.03,0.26,0.029,0,0.04
26,75,5289.5,4,0.02,0.0,0.0,0,0.06
26,76,5017.6,1,0.0,0.0,0.0,0,0.03
26,77,3371.9,0,0.01,0.01,0.0,0,0.03
26,78,3566.4,2,0.01,0.01,0.0,0,0.03
26,79,1069.3,0,0.0,0.07,0.024,0,0.01
26,80,1774.7,3,0.02,0.11,0.001,0,0.07
26,81,3957.8,1,0.02,0.0,0.0,0,0.04
26,82,3809.8,5,0.05,0.02,0.0,0,0.05
26,83,1834.5,1,0.02,0.1,0.001,0,0.03
26,84,2771.5,1,0.0,0.02,0.0,0,0.01
26,85,2862.3,0,0.01,0.01,0.0,0,0.01
26,86,3167.2,5,0.05,0.03,0.0,0,0.13
26,87,4482.1,1,0.01,0.0,0.0,0,0.02
26,88,3656.1,0,0.01,0.0,0.0,0,0.02
26,89,2962.3,2,0.03,0.04,0.0,0,0.05
26,90,1783.4,7,0.02,0.13,0.001,0,0.13
26,91,1340.7,5,0.18,1.59,0.008,0,0.48
26,92,3664.0,0,0.0,0.0,0.0,0,0.0
26,93,3848.3,1,0.01,0.0,0.0,0,0.01
26,94,4991.4,0,0.0,0.0,0.0,0,0.01
26,95,896.1,3,0.02,0.28,0.025,0,0.05
26,96,959.8,8,0.14,0.87,0.035,0,0.41
26,97,1604.2,3,0.11,0.32,0.004,0,0.18
26,98,3475.8,2,0.02,0.01,0.0,0,0.02
26,99,1230.5,1,0.05,0.56,0.004,0,0.08
26,100,3450.8,0,0.0,0.0,0.0,0,0.01
26,101,987.3,5,0.1,0.69,0.007,0,0.18
26,102,4624.6,1,0.0,0.0,0.0,0,0.02
26,103,2181.4,0,0.0,0.04,0.0,0,0.02
26,104,2677.1,1,0.01,0.03,0.0,0,0.05
26,105,2817.5,7,0.05,0.04,0.0,0,0.08
26,106,1507.4,3,0.09,1.99,0.003,0,0.16
26,107,4486.9,2,0.03,0.0,0.0,0,0.04
26,108,2833.7,9,0.08,0.02,0.0,0,0.11
26,109,3743.2,0,0.01,0.0,0.0,0,0.02
26,110,2621.5,0,0.01,0.0,0.0,0,0.01
26,111,901.4,5,0.15,0.58,0.031,0,0.21
26,112,2670.8,13,0.12,0.02,0.0,0,0.14
26,113,3191.4,32,0.09,0.13,0.0,0,0.47
26,114,3163.5,3,0.04,0.01,0.0,0,0.05
26,115,3223.9,2,0.06,0.01,0.0,0,0.09
26,116,589.6,14,1.03,1.75,0.108,0,1.08
26,117,2083.6,0,0.01,0.03,0.001,0,0.01
26,118,2781.8,8,0.05,0.08,0.0,0,0.13
26,119,1538.6,16,0.03,0.37,0.004,0,0.19
26,120,4593.2,3,0.02,0.0,0.0,0,0.07
26,121,3030.6,0,0.0,0.01,0.0,0,0.01
26,122,3158.7,4,0.39,0.04,0.0,0,0.46
26,123,2424.2,1,0.01,0.01,0.0,0,0.02
26,124,1342.1,9,0.48,1.35,0.004,0,0.48
26,125,3293.5,17,0.22,0.07,0.0,0,0.42
26,126,2872.4,1,0.0,0.01,0.0,0,0.01
26,127,4144.5,0,0.01,0.0,0.0,0,0.02
26,128,3384.8,2,0.04,0.01,0.0,0,0.05
26,129,1655.2,3,0.02,0.18,0.002,0,0.04
26,130,3122.5,1,0.01,0.0,0.0,0,0.02
26,131,4201.2,0,0.01,0.0,0.0,0,0.01
26,132,3312.6,0,0.01,0.0,0.0,0,0.01
26,133,1179.1,15,0.1,0.86,0.016,0,0.18
26,134,912.0,2,0.03,0.34,0.04,0,0.14
26,135,5736.1,3,0.06,0.0,0.0,0,0.07
26,136,4059.5,3,0.01,0.0,0.0,0,0.04
26,137,1230.7,4,0.03,0.42,0.008,0,0.11
26,138,1452.1,24,0.26,0.59,0.002,0,0.31
26,139,2771.2,0,0.01,0.01,0.0,0,0.01
26,140,1917.3,8,0.06,0.33,0.002,0,0.1
26,141,2665.4,14,0.18,0.09,0.0,0,0.21
26,142,2677.2,0,0.0,0.01,0.0,0,0.01
26,143,1594.9,1,0.02,0.23,0.003,0,0.13
26,144,3579.5,0,0.02,0.01,0.0,0,0.03
26,145,2675.7,2,0.04,0.07,0.0,0,0.08
26,146,2025.4,2,0.01,0.03,0.001,0,0.02
26,147,2440.2,0,0.02,0.02,0.0,0,0.02
26,148,2481.4,5,0.05,0.08,0.0,0,0.07
26,149,2600.1,7,0.08,0.08,0.0,0,0.1
26,150,1996.1,8,0.02,0.19,0.001,0,0.14
26,151,2729.1,10,0.02,0.03,0.0,0,0.1
26,152,4103.2,0,0.0,0.0,0.0,0,0.01
26,153,1831.8,31,0.38,0.27,0.001,0,0.39
26,154,5855.6,1,0.03,0.0,0.0,0,0.04
26,155,2963.6,1,0.02,0.01,0.0,0,0.05
26,156,3506.3,4,0.19,0.05,0.0,0,0.24
26,157,2790.4,2,0.06,0.04,0.0,0,0.13
26,158,4768.5,0,0.0,0.0,0.0,0,0.01
26,159,4288.0,5,0.01,0.0,0.0,0,0.06
26,160,2807.5,0,0.01,0.01,0.0,0,0.03
26,161,2543.6,6,0.01,0.1,0.0,0,0.07
26,162,1538.7,48,0.14,0.48,0.001,0,0.61
26,163,3544.4,0,0.0,0.0,0.0,0,0.01
26,164,2165.7,5,0.2,0.17,0.0,0,0.26
26,165,4202.4,1,0.03,0.0,0.0,0,0.04
26,166,4228.0,1,0.02,0.0,0.0,0,0.04
26,167,4666.4,2,0.05,0.0,0.0,0,0.1
26,168,2018.1,1,0.04,0.07,0.001,0,0.08
26,169,1488.9,1,0.03,0.19,0.004,0,0.04
26,170,3275.3,0,0.02,0.0,0.0,0,0.02
26,171,2116.0,0,0.02,0.02,0.0,0,0.02
26,172,933.7,5,0.2,1.0,0.001,0,0.21
26,173,3772.2,3,0.02,0.0,0.0,0,0.04
26,174,2022.7,5,0.02,0.34,0.001,0,0.14
26,175,2537.9,4,0.14,0.11,0.0,0,0.15
26,176,1378.8,8,0.12,0.36,0.003,0,0.13
26,177,2705.7,10,0.18,0.12,0.0,0,0.44
26,178,3688.7,2,0.01,0.0,0.0,0,0.02
26,179,4113.9,4,0.17,0.02,0.0,0,0.23
26,180,2840.2,3,0.02,0.05,0.0,0,0.05
26,181,2153.3,1,0.0,0.06,0.0,0,0.02
26,182,4538.8,0,0.0,0.0,0.0,0,0.0
26,183,4686.8,2,0.01,0.0,0.0,0,0.02
26,184,589.5,15,0.26,2.31,0.054,0,0.34
26,185,609.5,30,0.31,2.81,0.029,0,0.38
26,186,3460.9,3,0.01,0.02,0.0,0,0.06
26,187,5283.0,0,0.0,0.0,0.0,0,0.01
26,188,2798.1,1,0.01,0.01,0.0,0,0.03
26,189,4839.1,0,0.01,0.0,0.0,0,0.01
26,190,1343.4,5,0.04,0.3,0.004,0,0.09
26,191,3495.4,13,0.08,0.01,0.0,0,0.14
26,192,3306.1,0,0.01,0.01,0.0,0,0.02
26,193,1641.7,1,0.04,0.07,0.002,0,0.04
26,194,2237.3,15,0.08,0.1,0.0,0,0.16
26,195,3693.1,0,0.04,0.01,0.0,0,0.05
26,196,2988.3,2,0.02,0.01,0.0,0,0.02
26,197,2511.9,1,0.01,0.09,0.0,0,0.02
26,198,5449.9,0,0.02,0.0,0.0,0,0.02
26,199,2839.4,0,0.0,0.01,0.0,0,0.01
27,28,5231.1,3,0.01,0.0,0.0,0,0.05
27,29,648.9,62,0.54,10.16,0.07,0,1.15
27,30,2238.8,14,0.03,0.26,0.0,0,0.15
27,31,1121.0,463,2.5,27.32,0.014,0,6.85
27,32,2573.9,4,0.08,0.25,0.0,0,0.19
27,33,1857.9,16,0.08,0.23,0.001,0,0.21
27,34,4713.4,2,0.1,0.0,0.0,0,0.11
27,35,3275.8,6,0.08,0.01,0.0,0,0.09
27,36,3997.8,4,0.1,0.01,0.0,0,0.18
27,37,1459.8,3,0.08,0.25,0.002,0,0.19
27,38,2878.8,1,0.01,0.02,0.0,0,0.06
27,39,5129.7,7,0.03,0.0,0.0,0,0.1
27,40,5954.5,6,0.07,0.0,0.0,0,0.07
27,41,1109.5,137,0.61,3.58,0.021,0,1.51
27,42,1431.5,24,0.22,3.15,0.005,0,0.28
27,43,1167.7,12,0.2,2.71,0.001,0,0.25
27,44,120.9,130,4.17,6.45,0.63,0,4.53
27,45,1610.7,4,0.17,0.77,0.002,0,0.46
27,46,689.3,51,0.8,4.22,0.014,0,1.35
27,47,3377.8,15,0.31,0.09,0.0,0,0.67
27,48,3113.9,24,0.08,0.06,0.0,0,0.31
27,49,3994.1,1,0.02,0.0,0.0,0,0.03
27,50,3752.2,31,0.15,0.02,0.0,0,0.51
27,51,3492.8,2,0.01,0.01,0.0,0,0.07
27,52,1142.1,44,0.28,1.97,0.012,0,0.58
27,53,526.6,158,4.06,27.07,0.095,0,7.28
27,54,3098.7,101,0.88,0.26,0.0,0,1.18
27,55,444.6,189,5.46,28.73,0.094,0,7.68
27,56,1996.8,2,0.02,0.35,0.001,0,0.08
27,57,4111.3,9,0.03,0.01,0.0,0,0.1
27,58,3911.3,1,0.06,0.02,0.0,0,0.09
27,59,1803.8,42,0.11,2.35,0.001,0,0.69
27,60,4848.3,5,0.08,0.0,0.0,0,0.11
27,61,2622.7,4,0.17,0.12,0.0,0,0.17
27,62,3737.3,0,0.01,0.01,0.0,0,0.03
27,63,2270.4,11,0.01,0.14,0.0,0,0.12
27,64,3363.3,59,0.46,0.08,0.0,0,0.64
27,65,3823.7,35,0.17,0.05,0.0,0,0.44
27,66,3164.5,6,0.09,0.06,0.0,0,0.2
27,67,3194.9,22,0.14,0.2,0.0,0,0.36
27,68,1101.6,34,0.38,4.64,0.007,0,0.93
27,69,4736.6,1,0.01,0.0,0.0,0,0.04
27,70,2465.4,58,0.31,0.54,0.0,0,0.68
27,71,2701.1,10,0.3,0.47,0.0,0,0.61
27,72,823.0,16,0.72,4.27,0.042,0,0.77
27,73,2725.9,12,0.56,0.84,0.0,0,0.93
27,74,4232.4,2,0.03,0.0,0.0,0,0.03
27,75,1351.1,64,0.21,5.84,0.001,0,1.49
27,76,2540.7,11,0.26,0.21,0.0,0,0.27
27,77,5941.7,6,0.04,0.0,0.0,0,0.07
27,78,4478.6,4,0.02,0.0,0.0,0,0.05
27,79,3492.4,0,0.01,0.0,0.0,0,0.02
27,80,4648.6,6,0.04,0.0,0.0,0,0.07
27,81,1041.1,68,1.54,7.45,0.009,0,1.67
27,82,869.1,161,3.78,20.88,0.016,0,8.92
27,83,4823.5,3,0.03,0.0,0.0,0,0.05
27,84,4174.3,2,0.02,0.0,0.0,0,0.08
27,85,1758.4,6,0.06,0.43,0.001,0,0.12
27,86,3064.8,13,0.19,0.09,0.0,0,0.27
27,87,979.6,88,0.49,5.29,0.013,0,0.96
27,88,973.7,64,0.41,2.63,0.027,0,0.68
27,89,4931.4,9,0.2,0.0,0.0,0,0.34
27,90,3396.2,34,0.33,0.04,0.0,0,0.43
27,91,3234.2,14,0.09,0.17,0.0,0,0.44
27,92,1661.4,6,0.01,0.45,0.001,0,0.12
27,93,2130.9,10,0.2,0.27,0.0,0,0.41
27,94,788.9,39,0.25,3.03,0.061,0,1.32
27,95,3898.1,0,0.01,0.0,0.0,0,0.02
27,96,4136.7,31,0.29,0.01,0.0,0,0.42
27,97,4877.5,10,0.09,0.0,0.0,0,0.14
27,98,2447.9,10,0.15,0.26,0.0,0,0.24
27,99,3691.9,5,0.02,0.02,0.0,0,0.07
27,100,1310.7,3,0.08,0.38,0.004,0,0.12
27,101,3611.4,4,0.03,0.01,0.0,0,0.05
27,102,377.6,185,1.55,15.98,0.167,0,3.27
27,103,3598.2,2,0.01,0.02,0.0,0,0.08
27,104,2239.1,17,0.03,0.33,0.0,0,0.19
27,105,4180.2,7,0.04,0.01,0.0,0,0.11
27,106,3649.0,65,1.16,0.13,0.0,0,1.19
27,107,3422.9,8,0.13,0.04,0.0,0,0.14
27,108,3733.0,39,0.17,0.02,0.0,0,0.48
27,109,2197.9,40,0.22,0.33,0.0,0,0.67
27,110,4715.6,0,0.0,0.0,0.0,0,0.01
27,111,3659.2,3,0.07,0.01,0.0,0,0.08
27,112,2015.5,27,0.2,0.35,0.001,0,0.29
27,113,3757.7,201,2.27,0.24,0.0,0,2.93
27,114,2856.3,9,0.16,0.1,0.0,0,0.21
27,115,2068.2,15,0.1,0.63,0.001,0,0.33
27,116,4461.4,2,0.03,0.0,0.0,0,0.14
27,117,3195.3,2,0.02,0.02,0.0,0,0.05
27,118,4700.9,19,0.1,0.01,0.0,0,0.41
27,119,4116.1,18,0.16,0.01,0.0,0,0.41
27,120,1973.7,162,0.81,1.65,0.0,0,1.71
27,121,2663.9,0,0.04,0.11,0.0,0,0.07
27,122,2250.8,147,0.51,2.16,0.0,0,2.64
27,123,2543.3,2,0.03,0.04,0.0,0,0.04
27,124,4093.7,4,0.17,0.01,0.0,0,0.28
27,125,3705.0,69,1.5,0.22,0.0,0,1.86
27,126,2196.7,7,0.05,0.18,0.0,0,0.2
27,127,575.6,125,1.21,7.52,0.097,0,1.37
27,128,1373.9,69,1.61,2.54,0.006,0,1.72
27,129,3457.4,4,0.04,0.02,0.0,0,0.08
27,130,5746.5,0,0.0,0.0,0.0,0,0.02
27,131,737.1,43,1.08,10.96,0.059,0,1.31
27,132,2881.1,4,0.07,0.03,0.0,0,0.13
27,133,3409.8,6,0.05,0.08,0.0,0,0.23
27,134,3729.9,2,0.01,0.01,0.0,0,0.05
27,135,2744.7,64,0.49,0.27,0.0,0,0.76
27,136,1822.5,5,0.04,0.32,0.001,0,0.08
27,137,3382.9,2,0.07,0.03,0.0,0,0.15
27,138,3454.5,41,0.23,0.05,0.0,0,0.91
27,139,4155.4,1,0.01,0.0,0.0,0,0.04
27,140,2951.4,10,0.13,0.1,0.0,0,0.14
27,141,5398.8,7,0.05,0.0,0.0,0,0.21
27,142,1889.8,1,0.04,0.14,0.001,0,0.07
27,143,4890.4,14,0.15,0.0,0.0,0,0.18
27,144,2328.3,24,0.04,0.32,0.0,0,0.32
27,145,4294.4,7,0.03,0.01,0.0,0,0.12
27,146,5037.9,0,0.01,0.0,0.0,0,0.01
27,147,2601.6,5,0.04,0.05,0.0,0,0.06
27,148,4513.7,18,0.1,0.01,0.0,0,0.21
27,149,1960.5,25,0.04,0.69,0.0,0,0.26
27,150,2921.9,9,0.09,0.15,0.0,0,0.22
27,151,4016.6,20,0.23,0.02,0.0,0,0.29
27,152,908.9,32,0.19,2.44,0.024,0,0.51
27,153,3629.6,2,0.06,0.03,0.0,0,0.17
27,154,2086.9,63,0.47,0.59,0.001,0,0.77
27,155,1654.0,8,0.08,0.32,0.002,0,0.26
27,156,1953.6,107,0.69,3.62,0.001,0,2.68
27,157,4588.8,3,0.14,0.01,0.0,0,0.16
27,158,1928.8,3,0.06,0.26,0.002,0,0.07
27,159,696.2,533,2.04,16.84,0.036,0,5.51
27,160,2048.1,4,0.05,0.19,0.0,0,0.08
27,161,2218.5,52,0.22,0.69,0.0,0,0.57
27,162,3022.7,39,0.19,0.21,0.0,0,0.41
27,163,1331.4,19,0.14,1.49,0.009,0,0.24
27,164,3335.5,9,0.1,0.16,0.0,0,0.12
27,165,762.7,120,0.62,8.06,0.049,0,1.49
27,166,332.6,561,6.73,57.02,0.177,1,8.7
27,167,3268.3,23,0.05,0.32,0.0,0,0.24
27,168,2770.8,10,0.06,0.09,0.0,0,0.11
27,169,4600.9,6,0.09,0.0,0.0,0,0.1
27,170,1391.3,15,0.27,1.21,0.003,0,0.3
27,171,2445.1,7,0.18,0.07,0.0,0,0.2
27,172,4675.4,8,0.07,0.0,0.0,0,0.13
27,173,4199.8,11,0.11,0.01,0.0,0,0.29
27,174,2560.7,15,0.14,0.32,0.0,0,0.17
27,175,3729.6,27,0.2,0.03,0.0,0,0.39
27,176,4235.7,6,0.05,0.01,0.0,0,0.07
27,177,4733.8,37,0.34,0.01,0.0,0,0.72
27,178,875.0,101,0.89,3.46,0.028,0,1.18
27,179,1492.4,219,1.19,28.63,0.002,0,3.31
27,180,1825.5,43,0.42,1.69,0.0,0,0.83
27,181,2411.5,5,0.14,0.12,0.0,0,0.23
27,182,2653.2,6,0.03,0.07,0.0,0,0.07
27,183,2509.3,23,0.4,0.42,0.0,0,0.53
27,184,3972.5,2,0.08,0.01,0.0,0,0.09
27,185,4082.1,54,0.62,0.02,0.0,0,0.71
27,186,3187.8,2,0.04,0.11,0.0,0,0.11
27,187,2368.4,14,0.02,0.2,0.0,0,0.24
27,188,3912.7,1,0.02,0.01,0.0,0,0.03
27,189,1729.8,3,0.04,0.12,0.001,0,0.06
27,190,3680.0,6,0.05,0.01,0.0,0,0.08
27,191,2900.4,40,0.33,0.39,0.0,0,0.46
27,192,3876.7,13,0.03,0.02,0.0,0,0.18
27,193,4153.7,5,0.02,0.0,0.0,0,0.06
27,194,2342.5,37,0.29,0.3,0.0,0,0.41
27,195,867.9,141,0.3,7.5,0.041,0,1.66
27,196,4622.9,2,0.02,0.0,0.0,0,0.04
27,197,2917.6,5,0.17,0.22,0.0,0,0.46
27,198,1960.1,20,0.03,0.4,0.001,0,0.22
27,199,1830.9,11,0.14,0.26,0.001,0,0.14
28,29,4992.8,1,0.02,0.0,0.0,0,0.03
28,30,4079.4,1,0.01,0.0,0.0,0,0.03
28,31,4580.1,13,0.13,0.01,0.0,0,0.15
28,32,3751.9,1,0.02,0.01,0.0,0,0.04
28,33,4107.3,2,0.01,0.0,0.0,0,0.03
28,34,1286.4,21,0.14,1.68,0.008,0,0.58
28,35,2428.2,2,0.01,0.03,0.0,0,0.03
28,36,1272.7,8,0.08,1.37,0.006,0,0.26
28,37,4596.5,0,0.01,0.0,0.0,0,0.01
28,38,2923.8,0,0.02,0.01,0.0,0,0.02
28,39,1173.9,8,0.28,1.06,0.001,0,0.52
28,40,768.3,40,0.62,6.57,0.042,0,1.57
28,41,4795.3,0,0.02,0.0,0.0,0,0.02
28,42,4260.9,3,0.03,0.0,0.0,0,0.03
28,43,4248.2,2,0.01,0.0,0.0,0,0.02
28,44,5231.1,0,0.0,0.0,0.0,0,0.01
28,45,4160.1,3,0.01,0.0,0.0,0,0.04
28,46,5106.3,0,0.01,0.0,0.0,0,0.01
28,47,3411.4,3,0.11,0.05,0.0,0,0.16
28,48,2814.0,3,0.06,0.05,0.0,0,0.09
28,49,3296.1,0,0.02,0.0,0.0,0,0.02
28,50,2834.4,18,0.15,0.07,0.0,0,0.19
28,51,3202.3,11,0.03,0.01,0.0,0,0.11
28,52,5552.4,0,0.0,0.0,0.0,0,0.01
28,53,4721.3,7,0.05,0.0,0.0,0,0.1
28,54,2798.7,2,0.06,0.12,0.0,0,0.1
28,55,4873.2,9,0.07,0.0,0.0,0,0.1
28,56,3725.2,3,0.02,0.0,0.0,0,0.04
28,57,2243.7,10,0.04,0.09,0.0,0,0.14
28,58,1326.7,15,0.23,0.61,0.006,0,0.27
28,59,3790.0,8,0.04,0.01,0.0,0,0.19
28,60,1494.0,8,0.05,0.4,0.005,0,0.15
28,61,5181.2,0,0.03,0.0,0.0,0,0.03
28,62,1521.0,3,0.02,0.19,0.004,0,0.04
28,63,4638.6,0,0.01,0.0,0.0,0,0.02
28,64,1869.4,3,0.17,0.58,0.0,0,0.21
28,65,1466.0,52,0.49,2.74,0.004,0,0.63
28,66,3363.2,6,0.08,0.02,0.0,0,0.11
28,67,2954.9,12,0.21,0.09,0.0,0,0.32
28,68,4257.2,3,0.02,0.0,0.0,0,0.05
28,69,865.2,21,0.04,0.97,0.018,0,0.28
28,70,4546.5,4,0.01,0.0,0.0,0,0.05
28,71,2604.3,9,0.13,0.26,0.0,0,0.27
28,72,4963.3,2,0.03,0.0,0.0,0,0.04
28,73,2525.2,25,0.19,0.22,0.0,0,0.36
28,74,2150.9,0,0.02,0.04,0.001,0,0.02
28,75,5167.6,5,0.02,0.0,0.0,0,0.08
28,76,4076.1,2,0.05,0.0,0.0,0,0.1
28,77,749.1,42,0.18,2.23,0.078,0,0.55
28,78,1350.0,5,0.13,1.48,0.008,0,0.16
28,79,2947.7,0,0.0,0.01,0.0,0,0.0
28,80,1054.3,15,0.08,1.03,0.018,0,0.48
28,81,5228.5,3,0.05,0.0,0.0,0,0.09
28,82,4888.5,19,0.29,0.0,0.0,0,0.33
28,83,965.0,32,0.1,0.72,0.003,0,0.41
28,84,1097.5,11,0.06,0.81,0.021,0,0.12
28,85,4207.2,2,0.03,0.0,0.0,0,0.03
28,86,2276.5,14,0.28,0.53,0.0,0,0.3
28,87,4576.1,3,0.05,0.0,0.0,0,0.06
28,88,4300.6,0,0.0,0.0,0.0,0,0.01
28,89,432.7,82,1.98,9.59,0.071,0,2.51
28,90,2083.0,13,0.08,0.29,0.001,0,0.17
28,91,3239.3,10,0.16,0.05,0.0,0,0.29
28,92,3635.3,3,0.03,0.01,0.0,0,0.04
28,93,3365.4,3,0.02,0.01,0.0,0,0.05
28,94,5198.1,0,0.01,0.0,0.0,0,0.04
28,95,2337.8,0,0.01,0.02,0.0,0,0.02
28,96,2034.3,16,0.14,0.19,0.001,0,0.28
28,97,1199.1,4,0.15,1.79,0.01,0,0.42
28,98,2926.8,6,0.1,0.03,0.0,0,0.11
28,99,2207.0,1,0.02,0.22,0.0,0,0.04
28,100,3934.1,0,0.0,0.0,0.0,0,0.01
28,101,3185.8,0,0.0,0.01,0.0,0,0.03
28,102,5064.3,0,0.02,0.0,0.0,0,0.03
28,103,1680.1,7,0.01,0.14,0.001,0,0.08
28,104,3049.9,0,0.02,0.02,0.0,0,0.03
28,105,1106.5,23,0.1,1.77,0.01,0,0.25
28,106,1999.0,27,0.24,1.72,0.001,0,0.45
28,107,2967.2,14,0.16,0.05,0.0,0,0.18
28,108,1547.3,2,0.01,0.96,0.003,0,0.08
28,109,3255.6,15,0.02,0.04,0.0,0,0.16
28,110,515.7,1,0.09,0.81,0.1,0,0.09
28,111,2932.1,6,0.07,0.03,0.0,0,0.12
28,112,3384.9,2,0.07,0.01,0.0,0,0.12
28,113,1676.6,35,0.37,5.0,0.0,0,1.09
28,114,2458.0,4,0.01,0.08,0.0,0,0.06
28,115,3174.0,2,0.04,0.03,0.0,0,0.05
28,116,2227.3,9,0.05,0.13,0.0,0,0.12
28,117,2147.4,0,0.03,0.04,0.0,0,0.04
28,118,564.4,51,0.18,13.69,0.008,0,1.81
28,119,1540.2,15,0.32,1.08,0.002,0,0.4
28,120,4030.9,2,0.04,0.01,0.0,0,0.08
28,121,2593.7,2,0.01,0.04,0.0,0,0.04
28,122,2996.0,27,1.09,0.08,0.0,0,1.81
28,123,2777.6,0,0.01,0.01,0.0,0,0.02
28,124,1715.7,21,0.09,0.57,0.001,0,0.33
28,125,1781.5,135,0.7,4.46,0.001,0,2.54
28,126,3044.6,0,0.01,0.01,0.0,0,0.01
28,127,5126.0,2,0.01,0.0,0.0,0,0.03
28,128,4720.4,1,0.03,0.0,0.0,0,0.05
28,129,2102.6,1,0.02,0.1,0.0,0,0.03
28,130,520.7,2,0.06,1.21,0.023,0,0.13
28,131,5307.4,2,0.03,0.0,0.0,0,0.03
28,132,2495.3,1,0.02,0.03,0.0,0,0.02
28,133,3230.6,12,0.03,0.04,0.0,0,0.13
28,134,2589.4,1,0.01,0.02,0.0,0,0.02
28,135,4761.9,10,0.08,0.0,0.0,0,0.13
28,136,3718.0,0,0.01,0.01,0.0,0,0.03
28,137,2743.7,6,0.05,0.05,0.0,0,0.08
28,138,2286.0,21,0.16,0.31,0.0,0,0.53
28,139,1116.3,3,0.03,0.26,0.017,0,0.1
28,140,2562.4,5,0.02,0.09,0.0,0,0.11
28,141,291.5,649,16.71,42.15,0.168,2,21.82
28,142,3912.5,0,0.0,0.0,0.0,0,0.01
28,143,1210.6,4,0.09,1.55,0.003,0,0.29
28,144,3070.8,12,0.16,0.03,0.0,0,0.16
28,145,952.6,17,1.12,2.85,0.038,0,1.58
28,146,785.2,3,0.02,0.5,0.052,0,0.06
28,147,2697.9,1,0.01,0.02,0.0,0,0.03
28,148,722.1,26,0.42,3.0,0.049,0,0.75
28,149,3765.8,1,0.05,0.01,0.0,0,0.05
28,150,2539.4,1,0.04,0.1,0.0,0,0.11
28,151,1242.8,27,0.2,1.02,0.011,0,0.35
28,152,5307.7,0,0.01,0.0,0.0,0,0.03
28,153,1796.5,7,0.02,0.29,0.002,0,0.08
28,154,5374.0,1,0.02,0.0,0.0,0,0.02
28,155,3752.7,3,0.03,0.0,0.0,0,0.05
28,156,3342.7,49,0.25,0.12,0.0,0,0.52
28,157,684.0,135,0.38,4.46,0.045,0,1.51
28,158,4222.5,1,0.01,0.0,0.0,0,0.02
28,159,4625.5,0,0.01,0.0,0.0,0,0.05
28,160,3238.6,0,0.0,0.01,0.0,0,0.02
28,161,3158.6,9,0.05,0.03,0.0,0,0.14
28,162,3139.2,31,0.13,0.05,0.0,0,0.34
28,163,4919.4,1,0.01,0.0,0.0,0,0.03
28,164,1960.3,42,0.32,0.69,0.001,0,0.52
28,165,4535.8,0,0.02,0.0,0.0,0,0.04
28,166,4967.9,6,0.04,0.0,0.0,0,0.07
28,167,3246.1,16,0.2,0.11,0.0,0,0.23
28,168,2747.8,1,0.01,0.04,0.0,0,0.02
28,169,1328.7,6,0.07,0.6,0.007,0,0.12
28,170,3909.4,0,0.02,0.0,0.0,0,0.04
28,171,3503.0,1,0.0,0.01,0.0,0,0.02
28,172,1865.2,3,0.09,0.34,0.001,0,0.11
28,173,1750.0,7,0.05,0.53,0.002,0,0.12
28,174,3224.9,3,0.05,0.03,0.0,0,0.07
28,175,1502.2,34,0.32,1.17,0.004,0,0.98
28,176,1586.5,2,0.07,0.38,0.002,0,0.15
28,177,507.3,102,2.44,20.55,0.06,0,2.83
28,178,4498.9,2,0.04,0.0,0.0,0,0.05
28,179,3982.4,76,0.5,0.05,0.0,0,0.79
28,180,3554.8,8,0.05,0.02,0.0,0,0.09
28,181,3576.8,5,0.01,0.01,0.0,0,0.06
28,182,3531.9,0,0.03,0.0,0.0,0,0.03
28,183,3765.6,4,0.04,0.02,0.0,0,0.06
28,184,2895.3,6,0.04,0.02,0.0,0,0.1
28,185,3196.3,2,0.01,0.06,0.0,0,0.11
28,186,2316.0,6,0.02,0.23,0.0,0,0.07
28,187,4475.1,0,0.05,0.0,0.0,0,0.05
28,188,1363.1,8,0.02,0.33,0.004,0,0.14
28,189,4419.5,0,0.01,0.0,0.0,0,0.01
28,190,2108.1,3,0.02,0.15,0.001,0,0.11
28,191,2569.8,32,0.16,0.23,0.0,0,0.54
28,192,1640.9,20,0.2,0.63,0.002,0,0.34
28,193,1434.6,1,0.03,0.15,0.004,0,0.04
28,194,3714.8,5,0.05,0.01,0.0,0,0.07
28,195,4532.1,0,0.0,0.0,0.0,0,0.02
28,196,752.2,12,0.04,1.12,0.023,0,0.22
28,197,2325.5,5,0.06,0.14,0.0,0,0.19
28,198,4940.3,1,0.02,0.0,0.0,0,0.06
28,199,4284.0,0,0.0,0.0,0.0,0,0.01
29,30,2585.3,2,0.02,0.05,0.0,0,0.04
29,31,524.5,436,4.0,26.25,0.056,0,5.72
29,32,2862.1,16,0.12,0.07,0.0,0,0.18
29,33,1267.4,8,0.07,0.55,0.008,0,0.12
29,34,4647.3,2,0.03,0.0,0.0,0,0.08
29,35,2845.1,5,0.01,0.01,0.0,0,0.07
29,36,3726.8,7,0.07,0.02,0.0,0,0.11
29,37,1900.6,1,0.06,0.08,0.001,0,0.07
29,38,2982.9,1,0.02,0.01,0.0,0,0.04
29,39,4745.7,4,0.03,0.0,0.0,0,0.06
29,40,5743.0,1,0.02,0.0,0.0,0,0.06
29,41,1594.1,23,0.14,1.19,0.004,0,0.35
29,42,1746.0,6,0.08,0.36,0.001,0,0.08
29,43,1388.7,4,0.08,0.81,0.008,0,0.15
29,44,760.5,16,0.12,1.17,0.013,0,0.21
29,45,1045.0,40,0.14,0.88,0.009,0,0.51
29,46,132.4,962,10.1,6.95,0.225,1,15.04
29,47,2792.0,4,0.19,0.15,0.0,0,0.34
29,48,3222.0,28,0.33,0.05,0.0,0,0.37
29,49,3407.6,1,0.01,0.0,0.0,0,0.02
29,50,3215.5,4,0.13,0.04,0.0,0,0.16
29,51,3711.3,5,0.02,0.01,0.0,0,0.07
29,52,724.5,9,0.32,1.46,0.029,0,0.49
29,53,525.7,175,0.41,8.91,0.021,0,2.07
29,54,3200.8,24,0.24,0.08,0.0,0,0.35
29,55,349.3,560,5.72,29.46,0.169,0,7.49
29,56,1479.3,9,0.02,0.29,0.002,0,0.11
29,57,3630.4,5,0.05,0.01,0.0,0,0.07
29,58,3708.1,13,0.09,0.01,0.0,0,0.15
29,59,1993.1,25,0.29,0.88,0.0,0,0.39
29,60,4431.1,0,0.02,0.0,0.0,0,0.03
29,61,3166.6,3,0.03,0.04,0.0,0,0.06
29,62,3560.6,0,0.01,0.0,0.0,0,0.01
29,63,2737.5,1,0.01,0.01,0.0,0,0.02
29,64,3136.4,3,0.11,0.08,0.0,0,0.18
29,65,3540.2,14,0.16,0.04,0.0,0,0.22
29,66,2591.2,1,0.02,0.12,0.0,0,0.05
29,67,3345.8,8,0.3,0.04,0.0,0,0.34
29,68,737.4,29,0.73,3.76,0.02,0,1.02
29,69,4408.4,2,0.01,0.0,0.0,0,0.04
29,70,2915.2,4,0.19,0.1,0.0,0,0.27
29,71,2394.3,22,0.21,0.85,0.0,0,0.34
29,72,1353.7,15,0.08,0.71,0.007,0,0.29
29,73,2583.5,16,0.32,0.45,0.0,0,0.37
29,74,3757.4,0,0.0,0.0,0.0,0,0.01
29,75,1929.4,70,0.85,1.1,0.001,0,0.89
29,76,2899.8,6,0.14,0.06,0.0,0,0.19
29,77,5727.5,1,0.01,0.0,0.0,0,0.02
29,78,4410.4,0,0.01,0.0,0.0,0,0.04
29,79,2953.8,0,0.01,0.01,0.0,0,0.01
29,80,4298.9,4,0.01,0.0,0.0,0,0.05
29,81,481.5,394,2.94,12.68,0.08,0,5.74
29,82,222.7,473,6.32,44.94,0.192,2,35.32
29,83,4474.4,1,0.0,0.0,0.0,0,0.03
29,84,3990.6,2,0.01,0.0,0.0,0,0.05
29,85,1159.0,24,0.21,0.72,0.019,0,0.34
29,86,2976.5,15,0.37,0.09,0.0,0,0.53
29,87,1351.3,21,0.83,1.76,0.005,0,1.28
29,88,745.4,11,0.05,2.04,0.02,0,0.24
29,89,4738.3,4,0.02,0.0,0.0,0,0.06
29,90,3030.0,3,0.03,0.04,0.0,0,0.12
29,91,2672.4,31,0.34,0.18,0.0,0,0.49
29,92,1669.8,1,0.04,0.38,0.001,0,0.11
29,93,2219.0,3,0.01,0.13,0.0,0,0.06
29,94,1389.5,9,0.08,0.86,0.004,0,0.18
29,95,3416.7,1,0.01,0.0,0.0,0,0.02
29,96,3682.0,11,0.04,0.01,0.0,0,0.12
29,97,4495.4,3,0.06,0.0,0.0,0,0.06
29,98,2430.4,5,0.07,0.14,0.0,0,0.1
29,99,3247.9,7,0.1,0.02,0.0,0,0.13
29,100,1115.9,4,0.06,0.72,0.008,0,0.1
29,101,3041.5,4,0.06,0.03,0.0,0,0.17
29,102,930.7,26,0.69,1.41,0.016,0,0.77
29,103,3318.7,1,0.03,0.01,0.0,0,0.04
29,104,1942.9,14,0.18,0.2,0.001,0,0.22
29,105,4003.8,7,0.02,0.01,0.0,0,0.13
29,106,3251.2,23,0.5,0.24,0.0,0,0.51
29,107,3592.9,1,0.04,0.02,0.0,0,0.06
29,108,3572.1,9,0.03,0.02,0.0,0,0.25
29,109,2254.4,1,0.02,0.11,0.0,0,0.09
29,110,4484.1,0,0.0,0.0,0.0,0,0.0
29,111,3114.9,2,0.1,0.03,0.0,0,0.15
29,112,1633.5,22,0.31,0.98,0.003,0,0.37
29,113,3661.3,12,0.2,0.12,0.0,0,0.51
29,114,2765.5,1,0.09,0.05,0.0,0,0.1
29,115,1948.7,20,0.18,0.36,0.001,0,0.22
29,116,3969.9,3,0.01,0.01,0.0,0,0.04
29,117,2874.5,2,0.01,0.02,0.0,0,0.03
29,118,4494.5,24,0.11,0.01,0.0,0,0.28
29,119,3741.7,11,0.14,0.03,0.0,0,0.2
29,120,2285.1,12,0.13,0.34,0.0,0,0.28
29,121,2533.9,3,0.01,0.03,0.0,0,0.06
29,122,2128.7,91,0.86,0.8,0.0,0,1.19
29,123,2223.6,0,0.0,0.03,0.0,0,0.02
29,124,3690.7,4,0.09,0.02,0.0,0,0.1
29,125,3629.3,57,0.15,0.12,0.0,0,0.8
29,126,1967.4,5,0.07,0.17,0.0,0,0.07
29,127,140.1,286,0.85,14.69,0.113,0,3.89
29,128,727.1,29,0.3,3.94,0.045,0,0.65
29,129,3071.1,3,0.05,0.02,0.0,0,0.06
29,130,5513.4,0,0.0,0.0,0.0,0,0.01
29,131,334.5,81,1.27,12.88,0.186,0,2.91
29,132,2825.8,1,0.01,0.03,0.0,0,0.03
29,133,2841.7,23,0.19,0.08,0.0,0,0.26
29,134,3224.7,0,0.01,0.01,0.0,0,0.02
29,135,3226.5,29,0.32,0.1,0.0,0,0.42
29,136,1982.0,3,0.04,0.16,0.001,0,0.08
29,137,2880.1,2,0.07,0.06,0.0,0,0.08
29,138,3026.1,13,0.15,0.06,0.0,0,0.27
29,139,3972.2,0,0.01,0.0,0.0,0,0.01
29,140,2556.0,7,0.1,0.26,0.0,0,0.11
29,141,5128.4,5,0.02,0.0,0.0,0,0.08
29,142,1340.5,0,0.03,0.26,0.007,0,0.03
29,143,4506.4,12,0.11,0.0,0.0,0,0.15
29,144,2338.0,2,0.03,0.1,0.0,0,0.08
29,145,4090.7,5,0.06,0.01,0.0,0,0.12
29,146,4702.9,0,0.02,0.0,0.0,0,0.04
29,147,2298.2,4,0.05,0.04,0.0,0,0.05
29,148,4270.9,0,0.03,0.0,0.0,0,0.05
29,149,1438.9,11,0.06,0.87,0.005,0,0.27
29,150,2543.5,6,0.07,0.11,0.0,0,0.17
29,151,3830.8,3,0.07,0.01,0.0,0,0.1
29,152,423.5,70,0.81,3.42,0.091,0,0.87
29,153,3288.3,16,0.12,0.05,0.0,0,0.26
29,154,2672.7,11,0.12,0.11,0.0,0,0.16
29,155,1256.1,8,0.04,0.53,0.008,0,0.12
29,156,1924.9,326,1.91,2.77,0.001,0,3.74
29,157,4389.7,3,0.02,0.0,0.0,0,0.05
29,158,2292.3,0,0.02,0.04,0.0,0,0.03
29,159,982.6,41,0.84,5.64,0.008,0,0.87
29,160,1754.4,11,0.12,0.2,0.0,0,0.13
29,161,1856.4,25,0.24,0.74,0.001,0,0.27
29,162,2488.5,3,0.22,0.63,0.0,0,0.25
29,163,687.3,16,0.07,1.75,0.042,0,0.25
29,164,3042.3,35,0.35,0.06,0.0,0,0.47
29,165,989.3,148,1.13,3.04,0.013,0,1.7
29,166,392.7,283,1.11,15.92,0.099,0,6.39
29,167,3486.2,51,0.19,0.11,0.0,0,0.67
29,168,2365.8,3,0.18,0.12,0.0,0,0.22
29,169,4214.9,1,0.03,0.0,0.0,0,0.04
29,170,1088.9,6,0.03,0.9,0.009,0,0.19
29,171,1906.2,3,0.08,0.1,0.0,0,0.12
29,172,4219.2,3,0.02,0.0,0.0,0,0.05
29,173,4184.3,3,0.05,0.0,0.0,0,0.06
29,174,2066.6,13,0.14,0.4,0.0,0,0.2
29,175,3515.5,2,0.06,0.03,0.0,0,0.13
29,176,3839.8,7,0.09,0.01,0.0,0,0.12
29,177,4514.0,15,0.1,0.01,0.0,0,0.26
29,178,503.5,67,0.79,5.35,0.157,0,1.53
29,179,1678.1,69,0.76,5.56,0.003,0,3.07
29,180,1451.0,76,0.14,2.65,0.0,0,1.01
29,181,1861.9,5,0.04,0.2,0.001,0,0.06
29,182,2893.8,0,0.02,0.02,0.0,0,0.03
29,183,2796.3,21,0.19,0.11,0.0,0,0.22
29,184,3422.4,2,0.05,0.01,0.0,0,0.1
29,185,3502.9,4,0.05,0.05,0.0,0,0.09
29,186,3161.3,16,0.06,0.03,0.0,0,0.2
29,187,2804.8,23,0.17,0.05,0.0,0,0.28
29,188,3741.6,2,0.02,0.01,0.0,0,0.03
29,189,2135.2,8,0.04,0.06,0.001,0,0.09
29,190,3255.3,6,0.04,0.02,0.0,0,0.07
29,191,2887.4,3,0.08,0.14,0.0,0,0.25
29,192,3796.5,8,0.04,0.01,0.0,0,0.11
29,193,3794.5,1,0.01,0.0,0.0,0,0.02
29,194,1774.6,8,0.07,0.56,0.001,0,0.11
29,195,465.3,70,2.61,10.75,0.078,0,2.65
29,196,4452.7,0,0.01,0.0,0.0,0,0.02
29,197,2672.7,1,0.06,0.07,0.0,0,0.07
29,198,2484.8,22,0.19,0.12,0.0,0,0.26
29,199,1212.3,18,0.07,0.48,0.004,0,0.27
30,31,2668.5,37,0.3,0.37,0.0,0,0.63
30,32,400.9,17,1.05,4.43,0.06,0,1.42
30,33,3026.1,0,0.02,0.01,0.0,0,0.02
30,34,3100.7,8,0.1,0.05,0.0,0,0.13
30,35,3266.8,1,0.01,0.01,0.0,0,0.01
30,36,3178.1,7,0.15,0.03,0.0,0,0.24
30,37,821.8,4,0.02,0.24,0.02,0,0.06
30,38,1156.8,6,0.05,0.14,0.009,0,0.07
30,39,4529.8,0,0.02,0.0,0.0,0,0.02
30,40,4633.9,2,0.01,0.0,0.0,0,0.04
30,41,1178.9,4,0.18,1.64,0.011,0,0.32
30,42,839.4,10,0.09,1.75,0.055,0,0.31
30,43,1208.9,14,0.15,1.44,0.008,0,0.2
30,44,2146.9,2,0.01,0.04,0.0,0,0.03
30,45,2798.7,1,0.01,0.03,0.0,0,0.02
30,46,2704.9,1,0.02,0.04,0.0,0,0.04
30,47,4077.7,6,0.09,0.01,0.0,0,0.18
30,48,1300.0,20,0.43,0.99,0.011,0,0.52
30,49,4582.9,0,0.0,0.0,0.0,0,0.0
30,50,4099.3,4,0.05,0.01,0.0,0,0.06
30,51,1349.1,2,0.08,0.59,0.009,0,0.13
30,52,3288.1,0,0.01,0.0,0.0,0,0.01
30,53,2059.6,10,0.27,0.33,0.0,0,0.31
30,54,1307.2,10,0.29,2.72,0.006,0,0.59
30,55,2243.8,36,0.17,0.3,0.0,0,0.67
30,56,2826.9,4,0.04,0.03,0.0,0,0.05
30,57,4111.4,0,0.01,0.0,0.0,0,0.01
30,58,2874.4,6,0.05,0.05,0.0,0,0.13
30,59,762.5,22,0.6,3.94,0.043,0,1.51
30,60,4430.0,0,0.01,0.0,0.0,0,0.06
30,61,1197.3,9,0.07,1.01,0.002,0,0.11
30,62,2653.8,0,0.01,0.02,0.0,0,0.02
30,63,580.3,9,0.64,0.86,0.102,0,0.87
30,64,2565.7,13,0.07,0.15,0.0,0,0.24
30,65,3092.8,18,0.13,0.12,0.0,0,0.38
30,66,3839.1,4,0.06,0.01,0.0,0,0.07
30,67,1239.8,29,0.19,2.97,0.005,0,0.59
30,68,2222.1,9,0.07,0.22,0.0,0,0.15
30,69,3980.6,0,0.01,0.0,0.0,0,0.04
30,70,573.2,86,0.63,2.75,0.097,0,0.93
30,71,2454.7,9,0.15,0.47,0.0,0,0.21
30,72,1475.4,11,0.1,1.02,0.003,0,0.36
30,73,1907.1,37,0.21,0.98,0.001,0,0.89
30,74,4180.7,0,0.0,0.0,0.0,0,0.0
30,75,1291.1,130,0.7,1.84,0.002,0,1.44
30,76,315.4,91,5.16,7.0,0.194,0,5.18
30,77,4630.6,1,0.01,0.0,0.0,0,0.03
30,78,2903.3,12,0.13,0.03,0.0,0,0.14
30,79,3906.5,0,0.0,0.0,0.0,0,0.01
30,80,3990.3,2,0.03,0.01,0.0,0,0.04
30,81,3065.0,4,0.12,0.05,0.0,0,0.13
30,82,2697.8,25,0.11,0.26,0.0,0,0.41
30,83,4132.8,2,0.01,0.0,0.0,0,0.03
30,84,3012.8,2,0.02,0.02,0.0,0,0.03
30,85,3004.9,2,0.01,0.02,0.0,0,0.04
30,86,1903.2,20,0.22,0.64,0.001,0,0.34
30,87,1266.1,13,0.07,1.66,0.007,0,0.48
30,88,2034.1,0,0.05,0.07,0.001,0,0.05
30,89,3671.6,11,0.06,0.01,0.0,0,0.15
30,90,3096.6,5,0.05,0.02,0.0,0,0.09
30,91,3829.6,13,0.08,0.02,0.0,0,0.27
30,92,1311.3,2,0.01,0.34,0.005,0,0.05
30,93,980.1,47,0.37,1.16,0.014,0,0.6
30,94,1646.1,3,0.02,0.32,0.001,0,0.09
30,95,3945.5,0,0.0,0.0,0.0,0,0.01
30,96,4012.6,1,0.04,0.01,0.0,0,0.08
30,97,4308.8,1,0.01,0.0,0.0,0,0.02
30,98,1380.1,6,0.08,1.55,0.002,0,0.15
30,99,3622.8,5,0.06,0.0,0.0,0,0.07
30,100,1874.1,2,0.01,0.05,0.002,0,0.03
30,101,4169.0,0,0.01,0.0,0.0,0,0.01
30,102,1871.7,2,0.06,0.13,0.001,0,0.11
30,103,2914.2,0,0.02,0.02,0.0,0,0.05
30,104,2216.2,3,0.01,0.2,0.0,0,0.08
30,105,2993.1,9,0.09,0.06,0.0,0,0.16
30,106,3400.3,20,0.22,0.09,0.0,0,0.32
30,107,1382.3,19,0.11,0.78,0.008,0,0.27
30,108,2597.2,12,0.03,0.08,0.0,0,0.15
30,109,1086.1,51,0.09,1.69,0.023,0,0.75
30,110,3616.2,0,0.01,0.0,0.0,0,0.01
30,111,4065.4,3,0.02,0.0,0.0,0,0.1
30,112,2401.9,6,0.04,0.13,0.0,0,0.09
30,113,2403.8,90,1.77,1.29,0.0,0,2.35
30,114,1796.1,2,0.09,0.21,0.001,0,0.13
30,115,1633.2,27,0.17,0.97,0.002,0,0.45
30,116,4445.7,5,0.04,0.0,0.0,0,0.06
30,117,2792.6,0,0.02,0.02,0.0,0,0.02
30,118,3519.7,17,0.03,0.04,0.0,0,0.19
30,119,3660.1,6,0.05,0.02,0.0,0,0.1
30,120,316.9,233,5.97,20.8,0.227,0,7.27
30,121,1837.7,2,0.02,0.13,0.002,0,0.03
30,122,1672.5,27,0.23,2.3,0.003,0,0.62
30,123,2420.1,3,0.05,0.02,0.0,0,0.05
30,124,3758.4,1,0.03,0.01,0.0,0,0.04
30,125,2298.0,94,0.43,1.3,0.0,0,0.98
30,126,1994.0,0,0.01,0.08,0.001,0,0.05
30,127,2624.3,2,0.01,0.04,0.0,0,0.04
30,128,3030.7,5,0.08,0.02,0.0,0,0.11
30,129,3217.0,2,0.03,0.01,0.0,0,0.04
30,130,4516.0,0,0.01,0.0,0.0,0,0.02
30,131,2859.6,2,0.06,0.07,0.0,0,0.08
30,132,1689.2,1,0.03,0.18,0.001,0,0.08
30,133,3999.9,3,0.01,0.01,0.0,0,0.04
30,134,3926.0,0,0.01,0.0,0.0,0,0.02
30,135,913.6,122,1.86,6.02,0.037,0,2.59
30,136,836.0,11,0.03,0.5,0.056,0,0.16
30,137,3651.8,0,0.01,0.01,0.0,0,0.06
30,138,3383.7,31,0.14,0.03,0.0,0,0.44
30,139,2995.7,0,0.0,0.01,0.0,0,0.01
30,140,2916.1,8,0.05,0.06,0.0,0,0.11
30,141,4334.7,2,0.09,0.01,0.0,0,0.12
30,142,2884.1,0,0.0,0.01,0.0,0,0.01
30,143,4327.2,6,0.06,0.0,0.0,0,0.1
30,144,1259.1,21,0.13,1.77,0.006,0,0.24
30,145,3175.9,20,0.24,0.04,0.0,0,0.26
30,146,4258.9,0,0.0,0.0,0.0,0,0.0
30,147,2392.9,2,0.01,0.02,0.0,0,0.05
30,148,3487.8,5,0.06,0.02,0.0,0,0.14
30,149,2823.0,17,0.17,0.06,0.0,0,0.22
30,150,2834.3,12,0.02,0.04,0.0,0,0.19
30,151,2895.6,8,0.04,0.07,0.0,0,0.12
30,152,2997.9,0,0.02,0.01,0.0,0,0.02
30,153,3165.7,2,0.06,0.03,0.0,0,0.1
30,154,1295.8,37,0.22,2.15,0.004,0,0.39
30,155,2340.4,8,0.08,0.04,0.0,0,0.09
30,156,1357.7,186,2.68,7.06,0.006,0,3.22
30,157,3401.6,0,0.01,0.02,0.0,0,0.05
30,158,311.6,21,0.07,2.06,0.109,0,0.4
30,159,1613.0,19,0.15,0.45,0.003,0,0.23
30,160,2148.0,1,0.01,0.05,0.001,0,0.06
30,161,2416.9,7,0.06,0.25,0.0,0,0.14
30,162,3536.4,46,0.09,0.03,0.0,0,0.58
30,163,3127.6,5,0.01,0.02,0.0,0,0.05
30,164,2783.7,3,0.09,0.15,0.0,0,0.29
30,165,1596.3,57,0.44,0.69,0.001,0,0.62
30,166,2243.7,13,0.23,0.3,0.001,0,0.26
30,167,1145.4,106,1.18,5.85,0.015,0,1.32
30,168,2842.9,3,0.01,0.04,0.0,0,0.04
30,169,4095.5,0,0.0,0.0,0.0,0,0.01
30,170,2086.8,3,0.03,0.07,0.0,0,0.05
30,171,3167.3,0,0.01,0.01,0.0,0,0.03
30,172,4457.3,2,0.02,0.0,0.0,0,0.03
30,173,2516.7,54,0.23,0.16,0.0,0,0.61
30,174,3056.0,1,0.04,0.05,0.0,0,0.06
30,175,2776.3,15,0.22,0.1,0.0,0,0.26
30,176,3841.2,1,0.01,0.01,0.0,0,0.02
30,177,3592.0,22,0.16,0.04,0.0,0,0.23
30,178,2265.7,7,0.02,0.09,0.0,0,0.09
30,179,986.6,384,1.42,20.45,0.032,0,5.53
30,180,2320.7,8,0.08,0.18,0.0,0,0.13
30,181,3191.5,6,0.03,0.01,0.0,0,0.07
30,182,586.8,2,0.06,1.24,0.09,0,0.18
30,183,354.5,336,1.04,10.38,0.234,0,5.11
30,184,4347.3,0,0.03,0.0,0.0,0,0.04
30,185,4609.4,8,0.05,0.0,0.0,0,0.1
30,186,1773.8,26,0.28,1.11,0.001,0,0.37
30,187,457.6,41,1.61,3.77,0.123,0,1.81
30,188,2766.7,3,0.02,0.02,0.0,0,0.05
30,189,537.5,19,0.04,0.76,0.026,0,0.2
30,190,3532.4,3,0.05,0.01,0.0,0,0.06
30,191,1556.8,10,0.3,0.92,0.002,0,0.4
30,192,2444.1,6,0.06,0.08,0.0,0,0.07
30,193,3629.5,1,0.0,0.0,0.0,0,0.02
30,194,3228.3,4,0.01,0.02,0.0,0,0.06
30,195,2308.2,4,0.03,0.32,0.0,0,0.13
30,196,3335.7,1,0.02,0.01,0.0,0,0.02
30,197,2355.9,11,0.08,0.14,0.0,0,0.15
30,198,869.8,4,0.36,1.93,0.043,0,0.4
30,199,3141.8,2,0.01,0.01,0.0,0,0.03
31,32,2883.5,27,0.08,0.4,0.0,0,0.64
31,33,745.8,185,2.99,17.91,0.056,0,3.47
31,34,4347.2,108,1.56,0.04,0.0,0,2.55
31,35,2352.4,45,0.16,0.22,0.0,0,0.65
31,36,3307.6,42,0.27,0.15,0.0,0,0.48
31,37,2102.7,8,0.25,0.19,0.001,0,0.32
31,38,2847.7,18,0.2,0.18,0.0,0,0.26
31,39,4261.7,25,0.28,0.04,0.0,0,0.53
31,40,5340.2,11,0.44,0.01,0.0,0,0.78
31,41,1855.2,40,0.54,6.03,0.0,0,1.35
31,42,1856.6,88,1.44,4.04,0.001,0,1.66
31,43,1469.8,88,1.67,5.68,0.005,0,2.13
31,44,1216.0,115,1.16,3.99,0.008,0,1.37
31,45,521.5,276,4.49,21.96,0.137,0,5.66
31,46,587.4,94,2.87,21.3,0.095,0,5.51
31,47,2271.7,112,1.21,4.33,0.0,0,2.23
31,48,3081.8,198,1.08,0.68,0.0,0,2.39
31,49,2887.9,4,0.09,0.05,0.0,0,0.17
31,50,2691.6,91,0.66,0.85,0.0,0,1.82
31,51,3647.4,14,0.18,0.07,0.0,0,0.33
31,52,978.2,175,0.49,9.41,0.005,0,1.83
31,53,764.0,318,10.83,45.22,0.039,0,11.64
31,54,3056.6,309,0.4,0.56,0.0,0,3.41
31,55,701.5,1067,9.47,88.74,0.072,1,21.03
31,56,965.7,47,0.29,6.22,0.02,0,1.95
31,57,3116.1,92,1.12,0.16,0.0,0,1.92
31,58,3330.5,23,0.24,0.3,0.0,0,0.96
31,59,1981.0,76,0.87,4.84,0.001,0,1.25
31,60,3935.3,30,0.08,0.04,0.0,0,0.35
31,61,3422.9,5,0.08,0.08,0.0,0,0.45
31,62,3202.6,5,0.14,0.06,0.0,0,0.43
31,63,2924.7,3,0.18,0.07,0.0,0,0.29
31,64,2753.6,58,0.55,0.95,0.0,0,1.99
31,65,3116.0,122,0.58,0.83,0.0,0,3.38
31,66,2068.0,119,1.32,1.99,0.001,0,1.44
31,67,3236.1,198,0.68,0.59,0.0,0,5.46
31,68,477.9,1566,22.56,83.24,0.057,2,23.72
31,69,3952.0,9,0.11,0.03,0.0,0,0.14
31,70,3080.2,32,0.17,0.33,0.0,0,0.47
31,71,1977.6,171,4.99,22.14,0.0,0,5.0
31,72,1672.4,180,0.37,4.38,0.001,0,2.68
31,73,2275.0,1020,5.81,10.38,0.0,0,10.46
31,74,3244.5,1,0.02,0.02,0.0,0,0.04
31,75,2258.1,153,2.26,2.62,0.0,0,5.7
31,76,2981.6,93,0.21,0.39,0.0,0,1.54
31,77,5323.4,31,0.25,0.0,0.0,0,0.39
31,78,4112.2,14,0.13,0.04,0.0,0,0.35
31,79,2429.9,7,0.14,0.18,0.0,0,0.3
31,80,3832.6,12,0.1,0.05,0.0,0,0.66
31,81,652.9,1416,9.1,62.99,0.052,0,21.65
31,82,335.1,4572,175.72,273.33,0.077,9,191.27
31,83,4007.4,11,0.18,0.03,0.0,0,0.23
31,84,3621.2,36,0.48,0.03,0.0,0,0.67
31,85,640.7,1559,10.35,54.79,0.037,0,17.02
31,86,2694.0,181,0.36,1.42,0.0,0,2.34
31,87,1551.0,109,3.17,11.09,0.004,0,3.78
31,88,636.2,336,3.16,14.79,0.09,0,6.81
31,89,4354.5,4,0.23,0.06,0.0,0,0.35
31,90,2566.4,143,0.96,1.15,0.0,0,2.27
31,91,2148.1,396,3.61,4.59,0.0,0,4.94
31,92,1542.3,51,1.57,1.84,0.002,0,1.77
31,93,2108.3,19,0.29,1.24,0.0,0,0.69
31,94,1766.3,102,0.87,4.08,0.002,0,1.15
31,95,2902.9,2,0.05,0.1,0.0,0,0.18
31,96,3175.4,27,0.17,0.24,0.0,0,0.65
31,97,4013.4,38,0.48,0.05,0.0,0,0.5
31,98,2223.4,84,1.69,2.09,0.0,0,2.55
31,99,2747.0,5,0.24,0.32,0.0,0,0.26
31,100,904.6,163,0.49,4.24,0.013,0,1.99
31,101,2518.1,35,0.39,1.02,0.0,0,0.71
31,102,1313.5,41,0.54,4.87,0.003,0,1.51
31,103,2900.0,11,0.24,0.2,0.0,0,0.26
31,104,1550.4,168,1.33,4.5,0.004,0,2.29
31,105,3639.0,27,0.11,0.18,0.0,0,0.52
31,106,2769.8,352,2.74,3.5,0.0,0,6.57
31,107,3492.0,28,0.16,0.19,0.0,0,0.32
31,108,3224.4,25,0.06,0.34,0.0,0,0.34
31,109,2116.1,43,0.71,2.16,0.0,0,0.72
31,110,4079.7,7,0.04,0.01,0.0,0,0.08
31,111,2590.6,96,0.8,0.88,0.0,0,1.13
31,112,1195.2,195,2.79,26.24,0.013,0,3.86
31,113,3356.1,153,0.88,1.57,0.0,0,8.69
31,114,2488.3,26,0.31,0.69,0.0,0,0.69
31,115,1691.4,184,1.95,6.86,0.002,0,2.61
31,116,3452.4,42,0.18,0.13,0.0,0,0.86
31,117,2438.6,35,0.47,0.37,0.0,0,0.49
31,118,4104.9,29,0.52,0.09,0.0,0,0.93
31,119,3267.4,21,0.31,0.41,0.0,0,0.32
31,120,2353.6,69,1.2,1.93,0.0,0,2.11
31,121,2236.3,20,0.38,0.76,0.0,0,0.66
31,122,1857.4,928,7.03,10.08,0.001,0,14.14
31,123,1803.7,26,0.36,1.32,0.001,0,0.38
31,124,3203.9,63,0.28,0.39,0.0,0,1.47
31,125,3339.4,305,3.58,1.44,0.0,0,3.9
31,126,1623.4,8,0.05,1.37,0.001,0,0.45
31,127,658.8,604,4.88,24.49,0.104,0,6.73
31,128,363.0,1391,6.56,70.56,0.121,2,19.17
31,129,2596.9,15,0.55,0.47,0.0,0,0.66
31,130,5100.0,6,0.08,0.0,0.0,0,0.09
31,131,760.5,809,3.77,41.61,0.038,0,10.03
31,132,2572.9,8,0.27,0.44,0.0,0,0.32
31,133,2317.9,80,0.82,1.98,0.0,0,1.44
31,134,2705.5,77,0.22,0.43,0.0,0,0.96
31,135,3414.8,552,1.52,0.42,0.0,0,7.87
31,136,1946.6,118,0.51,1.65,0.001,0,1.31
31,137,2362.3,18,0.2,0.65,0.0,0,0.74
31,138,2532.9,31,1.58,2.38,0.0,0,2.8
31,139,3603.5,17,0.15,0.03,0.0,0,0.43
31,140,2083.5,56,0.46,2.88,0.0,0,0.89
31,141,4697.1,136,1.02,0.04,0.0,0,1.79
31,142,818.3,141,1.54,3.11,0.014,0,1.86
31,143,4023.6,24,0.59,0.05,0.0,0,0.61
31,144,2157.5,282,1.22,1.56,0.001,0,2.87
31,145,3707.4,351,0.81,0.23,0.0,0,5.12
31,146,4241.3,8,0.02,0.01,0.0,0,0.16
31,147,1886.6,4,0.14,1.08,0.0,0,0.19
31,148,3862.0,24,0.26,0.12,0.0,0,1.32
31,149,924.2,576,0.62,23.01,0.016,0,5.87
31,150,2080.4,155,1.14,3.27,0.0,0,1.85
31,151,3462.5,30,0.96,0.13,0.0,0,1.33
31,152,730.0,202,0.7,20.15,0.055,0,2.53
31,153,2834.9,127,0.47,0.54,0.0,0,1.89
31,154,2989.0,72,0.97,0.69,0.0,0,0.98
31,155,832.7,336,3.0,19.55,0.029,0,3.45
31,156,1742.2,61,5.51,24.78,0.001,0,6.06
31,157,4005.8,30,1.65,0.06,0.0,0,1.72
31,158,2404.7,5,0.07,0.27,0.0,0,0.19
31,159,1193.4,852,5.01,23.47,0.003,0,11.66
31,160,1374.5,115,0.37,3.35,0.002,0,1.44
31,161,1421.5,331,2.09,19.6,0.008,0,5.17
31,162,1965.5,447,0.81,7.4,0.001,0,4.48
31,163,479.4,388,3.51,27.04,0.129,0,5.42
31,164,2619.9,39,2.07,2.64,0.0,0,2.65
31,165,1158.0,358,2.65,26.64,0.017,0,10.77
31,166,801.5,1677,7.8,68.37,0.049,1,22.83
31,167,3427.6,454,4.08,0.46,0.0,0,4.87
31,168,1891.2,18,0.36,3.42,0.001,0,0.68
31,169,3732.5,16,0.09,0.06,0.0,0,0.23
31,170,780.3,161,0.57,15.08,0.067,0,4.73
31,171,1383.6,15,0.75,3.18,0.004,0,1.01
31,172,3710.6,30,0.21,0.09,0.0,0,0.39
31,173,3927.1,51,0.26,0.08,0.0,0,1.18
31,174,1555.3,456,2.55,6.3,0.004,0,4.67
31,175,3134.1,21,1.19,0.58,0.0,0,1.21
31,176,3355.2,76,1.04,0.16,0.0,0,1.05
31,177,4116.2,60,1.6,0.13,0.0,0,2.11
31,178,413.1,1709,22.9,38.77,0.119,0,26.24
31,179,1693.1,721,10.32,36.61,0.002,0,18.94
31,180,1029.7,140,9.03,42.55,0.026,0,12.23
31,181,1338.1,128,0.47,2.36,0.006,0,1.87
31,182,2873.7,19,0.04,0.13,0.0,0,0.26
31,183,2819.3,114,0.35,0.93,0.0,0,2.71
31,184,2897.9,23,0.34,0.32,0.0,0,0.41
31,185,2981.4,82,1.21,0.79,0.0,0,1.62
31,186,2919.0,8,0.21,0.82,0.0,0,0.8
31,187,2960.5,9,0.21,0.48,0.0,0,0.32
31,188,3384.1,20,0.22,0.06,0.0,0,0.23
31,189,2292.3,5,0.06,0.44,0.0,0,0.11
31,190,2762.1,27,0.16,0.28,0.0,0,0.32
31,191,2664.4,205,0.84,1.4,0.0,0,2.12
31,192,3500.0,18,0.2,0.18,0.0,0,0.63
31,193,3327.2,16,0.19,0.04,0.0,0,0.31
31,194,1250.3,211,1.76,14.67,0.011,0,4.21
31,195,377.3,1191,7.46,94.24,0.141,3,13.65
31,196,4086.1,7,0.02,0.03,0.0,0,0.11
31,197,2289.0,134,0.64,0.99,0.0,0,1.42
31,198,2737.4,58,0.07,0.57,0.0,0,0.65
31,199,710.5,323,2.7,5.87,0.087,0,6.48
32,33,3154.6,1,0.01,0.02,0.0,0,0.03
32,34,2726.1,34,0.35,0.36,0.0,0,0.43
32,35,3165.8,2,0.03,0.01,0.0,0,0.03
32,36,2928.9,2,0.14,0.09,0.0,0,0.2
32,37,1204.8,3,0.04,0.33,0.004,0,0.07
32,38,841.6,13,0.2,1.02,0.042,0,0.29
32,39,4278.0,17,0.14,0.0,0.0,0,0.19
32,40,4277.2,9,0.19,0.0,0.0,0,0.19
32,41,1553.3,28,0.63,1.19,0.005,0,0.74
32,42,1144.5,38,0.34,2.5,0.005,0,0.45
32,43,1473.8,45,0.19,1.09,0.006,0,0.5
32,44,2489.7,5,0.05,0.03,0.0,0,0.07
32,45,2946.6,6,0.09,0.05,0.0,0,0.09
32,46,2987.1,7,0.02,0.04,0.0,0,0.11
32,47,4069.2,10,0.03,0.02,0.0,0,0.11
32,48,942.3,137,1.94,5.68,0.02,0,2.11
32,49,4536.5,0,0.01,0.0,0.0,0,0.01
32,50,4025.7,3,0.08,0.01,0.0,0,0.1
32,51,955.0,39,0.3,2.94,0.006,0,0.67
32,52,3578.6,1,0.05,0.01,0.0,0,0.11
32,53,2339.8,64,0.19,0.26,0.0,0,0.65
32,54,954.9,79,0.95,7.21,0.021,0,1.37
32,55,2531.3,25,0.32,0.26,0.0,0,0.41
32,56,2911.4,0,0.01,0.02,0.0,0,0.07
32,57,3974.6,2,0.03,0.0,0.0,0,0.07
32,58,2597.5,4,0.03,0.13,0.0,0,0.17
32,59,903.8,106,1.36,10.27,0.03,0,1.37
32,60,4210.6,3,0.05,0.0,0.0,0,0.05
32,61,1442.8,33,0.56,1.54,0.001,0,0.57
32,62,2377.9,3,0.05,0.13,0.0,0,0.07
32,63,891.8,11,0.15,1.07,0.046,0,0.18
32,64,2352.3,23,0.16,0.43,0.0,0,0.29
32,65,2863.7,5,0.12,0.26,0.0,0,0.16
32,66,3835.8,1,0.0,0.01,0.0,0,0.02
32,67,852.6,577,4.51,6.19,0.008,0,7.18
32,68,2417.7,27,0.12,0.32,0.0,0,0.29
32,69,3716.6,0,0.02,0.01,0.0,0,0.02
32,70,798.5,168,1.55,6.7,0.01,0,3.18
32,71,2365.7,60,0.26,0.52,0.0,0,0.83
32,72,1843.9,11,0.12,0.49,0.001,0,0.15
32,73,1749.4,65,0.53,2.3,0.0,0,0.7
32,74,4032.2,0,0.02,0.0,0.0,0,0.03
32,75,1691.7,9,0.08,2.12,0.003,0,0.35
32,76,332.3,127,0.79,12.73,0.049,0,2.92
32,77,4275.0,3,0.02,0.0,0.0,0,0.04
32,78,2536.2,10,0.05,0.22,0.0,0,0.11
32,79,3852.7,0,0.01,0.0,0.0,0,0.01
32,80,3742.3,16,0.08,0.01,0.0,0,0.21
32,81,3334.9,6,0.05,0.03,0.0,0,0.1
32,82,2952.4,45,0.18,0.24,0.0,0,0.47
32,83,3875.7,0,0.02,0.01,0.0,0,0.05
32,84,2708.4,6,0.05,0.05,0.0,0,0.1
32,85,3148.0,2,0.01,0.02,0.0,0,0.03
32,86,1661.1,17,0.32,0.72,0.0,0,0.32
32,87,1594.4,17,0.21,1.62,0.002,0,0.33
32,88,2248.7,9,0.04,0.22,0.0,0,0.11
32,89,3335.7,17,0.18,0.04,0.0,0,0.21
32,90,2949.7,5,0.16,0.08,0.0,0,0.16
32,91,3812.3,4,0.07,0.02,0.0,0,0.12
32,92,1411.0,7,0.14,0.55,0.003,0,0.17
32,93,941.4,6,0.16,3.09,0.007,0,0.65
32,94,2027.3,17,0.21,0.17,0.001,0,0.31
32,95,3823.3,1,0.01,0.0,0.0,0,0.02
32,96,3857.1,6,0.08,0.02,0.0,0,0.11
32,97,4067.4,16,0.09,0.01,0.0,0,0.18
32,98,1242.6,9,0.12,2.18,0.012,0,0.38
32,99,3492.7,1,0.02,0.02,0.0,0,0.08
32,100,2031.5,5,0.04,0.09,0.001,0,0.09
32,101,4131.0,3,0.02,0.0,0.0,0,0.05
32,102,2217.2,7,0.21,0.19,0.0,0,0.22
32,103,2702.9,4,0.07,0.04,0.0,0,0.12
32,104,2200.4,7,0.07,0.14,0.0,0,0.08
32,105,2684.9,23,0.22,0.21,0.0,0,0.39
32,106,3247.2,55,0.99,0.17,0.0,0,1.54
32,107,982.2,47,0.42,2.8,0.031,0,0.75
32,108,2313.8,8,0.1,0.4,0.0,0,0.24
32,109,1019.1,48,0.47,2.0,0.022,0,0.57
32,110,3305.6,0,0.01,0.0,0.0,0,0.01
32,111,4003.8,6,0.02,0.01,0.0,0,0.07
32,112,2445.9,8,0.11,0.22,0.0,0,0.18
32,113,2086.9,95,0.91,4.84,0.001,0,1.53
32,114,1591.3,19,0.07,0.76,0.004,0,0.33
32,115,1619.2,20,0.05,1.09,0.004,0,0.39
32,116,4295.2,5,0.08,0.0,0.0,0,0.1
32,117,2644.4,5,0.03,0.04,0.0,0,0.07
32,118,3198.5,19,0.15,0.11,0.0,0,0.44
32,119,3458.1,16,0.19,0.03,0.0,0,0.22
32,120,600.6,275,1.53,21.25,0.096,0,4.17
32,121,1687.3,2,0.03,0.21,0.002,0,0.09
32,122,1613.2,31,0.73,2.47,0.002,0,0.82
32,123,2360.2,2,0.02,0.05,0.0,0,0.04
32,124,3574.3,3,0.08,0.03,0.0,0,0.09
32,125,1975.4,679,4.15,3.16,0.001,0,13.04
32,126,1970.0,5,0.03,0.15,0.001,0,0.1
32,127,2915.1,1,0.08,0.04,0.0,0,0.13
32,128,3240.0,5,0.08,0.04,0.0,0,0.15
32,129,3074.8,6,0.05,0.03,0.0,0,0.08
32,130,4171.7,1,0.01,0.0,0.0,0,0.02
32,131,3154.4,11,0.04,0.05,0.0,0,0.12
32,132,1462.9,1,0.09,0.24,0.006,0,0.1
32,133,3974.4,7,0.01,0.01,0.0,0,0.09
32,134,3831.6,1,0.03,0.01,0.0,0,0.06
32,135,1065.5,100,0.56,10.87,0.012,0,3.21
32,136,948.2,9,0.07,2.31,0.019,0,0.21
32,137,3582.7,1,0.02,0.01,0.0,0,0.03
32,138,3264.7,6,0.07,0.05,0.0,0,0.14
32,139,2692.2,1,0.01,0.04,0.0,0,0.05
32,140,2831.9,3,0.06,0.12,0.0,0,0.15
32,141,4015.5,41,0.09,0.03,0.0,0,0.49
32,142,2992.8,1,0.01,0.01,0.0,0,0.02
32,143,4086.2,15,0.03,0.01,0.0,0,0.16
32,144,1151.5,43,0.56,4.32,0.014,0,0.63
32,145,2873.9,11,0.2,0.18,0.0,0,0.21
32,146,3984.5,2,0.02,0.0,0.0,0,0.04
32,147,2317.9,0,0.02,0.1,0.0,0,0.05
32,148,3192.4,23,0.17,0.06,0.0,0,0.27
32,149,2913.4,6,0.02,0.09,0.0,0,0.08
32,150,2745.8,19,0.54,0.09,0.0,0,0.61
32,151,2602.5,1,0.1,0.2,0.0,0,0.13
32,152,3282.3,1,0.02,0.02,0.0,0,0.04
32,153,2983.7,4,0.02,0.12,0.0,0,0.12
32,154,1652.1,16,0.12,1.31,0.003,0,0.37
32,155,2447.4,7,0.06,0.09,0.0,0,0.09
32,156,1370.5,192,1.24,7.7,0.002,0,2.09
32,157,3082.2,9,0.12,0.06,0.0,0,0.12
32,158,687.7,25,0.11,1.45,0.058,0,0.29
32,159,1916.2,12,0.08,0.54,0.001,0,0.21
32,160,2166.9,3,0.03,0.16,0.0,0,0.07
32,161,2422.5,38,0.36,0.34,0.0,0,0.76
32,162,3518.0,17,0.33,0.07,0.0,0,0.36
32,163,3355.4,1,0.01,0.01,0.0,0,0.05
32,164,2606.1,3,0.07,0.35,0.0,0,0.21
32,165,1885.3,7,0.29,0.8,0.001,0,0.43
32,166,2544.2,9,0.09,0.26,0.0,0,0.23
32,167,746.3,175,4.94,33.29,0.05,0,5.58
32,168,2784.9,2,0.03,0.04,0.0,0,0.05
32,169,3870.5,1,0.02,0.01,0.0,0,0.03
32,170,2230.5,5,0.05,0.13,0.0,0,0.07
32,171,3208.1,3,0.02,0.02,0.0,0,0.06
32,172,4271.2,1,0.06,0.0,0.0,0,0.08
32,173,2141.5,57,0.16,0.62,0.0,0,0.7
32,174,3062.8,2,0.12,0.08,0.0,0,0.14
32,175,2519.7,28,0.95,0.48,0.0,0,1.29
32,176,3643.6,4,0.05,0.01,0.0,0,0.05
32,177,3275.3,7,0.46,0.16,0.0,0,0.75
32,178,2496.5,7,0.18,0.08,0.0,0,0.19
32,179,1196.3,143,6.29,32.25,0.009,0,6.6
32,180,2394.9,26,0.41,0.19,0.0,0,0.81
32,181,3241.2,2,0.01,0.02,0.0,0,0.04
32,182,220.5,445,3.28,4.48,0.234,0,5.82
32,183,65.8,8636,38.68,28.58,0.593,1,86.64
32,184,4269.7,9,0.1,0.0,0.0,0,0.12
32,185,4550.9,6,0.03,0.01,0.0,0,0.1
32,186,1481.1,28,0.09,2.22,0.001,0,0.33
32,187,723.4,25,0.5,6.64,0.074,0,0.79
32,188,2474.0,1,0.02,0.03,0.0,0,0.06
32,189,925.2,31,0.06,1.03,0.013,0,0.44
32,190,3391.9,3,0.02,0.01,0.0,0,0.07
32,191,1305.3,13,0.14,4.25,0.008,0,0.79
32,192,2111.1,25,0.11,0.34,0.0,0,0.27
32,193,3416.4,1,0.01,0.01,0.0,0,0.03
32,194,3294.7,8,0.02,0.04,0.0,0,0.23
32,195,2540.9,20,0.22,0.12,0.0,0,0.42
32,196,3002.3,1,0.03,0.02,0.0,0,0.05
32,197,2209.0,11,0.2,0.22,0.0,0,0.34
32,198,1244.9,10,0.17,2.44,0.003,0,0.64
32,199,3287.4,2,0.01,0.01,0.0,0,0.03
33,34,4082.6,2,0.06,0.0,0.0,0,0.14
33,35,1743.8,0,0.02,0.08,0.001,0,0.03
33,36,2848.8,4,0.06,0.03,0.0,0,0.08
33,37,2618.1,0,0.0,0.01,0.0,0,0.01
33,38,2907.0,1,0.0,0.01,0.0,0,0.02
33,39,3644.6,6,0.01,0.01,0.0,0,0.07
33,40,4875.5,5,0.01,0.0,0.0,0,0.08
33,41,2437.4,1,0.01,0.07,0.0,0,0.06
33,42,2299.0,3,0.05,0.08,0.0,0,0.1
33,43,1923.4,8,0.12,0.14,0.0,0,0.12
33,44,1945.7,0,0.01,0.04,0.001,0,0.02
33,45,264.1,61,0.19,2.48,0.255,0,1.03
33,46,1313.3,1,0.04,0.51,0.008,0,0.09
33,47,1525.9,26,0.58,0.74,0.002,0,0.6
33,48,3120.7,0,0.01,0.03,0.0,0,0.02
33,49,2142.2,1,0.01,0.02,0.001,0,0.02
33,50,1963.7,2,0.05,0.29,0.001,0,0.12
33,51,3771.0,1,0.02,0.0,0.0,0,0.02
33,52,1536.3,3,0.03,0.29,0.005,0,0.04
33,53,1437.2,15,0.09,0.42,0.005,0,0.22
33,54,3090.7,5,0.22,0.05,0.0,0,0.23
33,55,1423.2,14,0.05,1.08,0.003,0,0.23
33,56,394.9,25,0.41,1.28,0.083,0,0.54
33,57,2427.7,3,0.03,0.05,0.0,0,0.04
33,58,2955.0,2,0.04,0.04,0.0,0,0.08
33,59,2274.1,4,0.04,0.18,0.0,0,0.09
33,60,3292.3,2,0.04,0.01,0.0,0,0.04
33,61,3945.3,2,0.02,0.0,0.0,0,0.03
33,62,2869.7,1,0.0,0.01,0.0,0,0.02
33,63,3387.9,0,0.01,0.0,0.0,0,0.01
33,64,2391.9,2,0.03,0.15,0.0,0,0.13
33,65,2652.3,25,0.33,0.12,0.0,0,0.59
33,66,1324.2,9,0.05,0.34,0.008,0,0.15
33,67,3312.1,2,0.06,0.03,0.0,0,0.07
33,68,907.3,6,0.1,2.24,0.041,0,0.39
33,69,3399.9,2,0.04,0.0,0.0,0,0.04
33,70,3513.4,4,0.04,0.01,0.0,0,0.08
33,71,1593.7,53,0.82,1.3,0.004,0,0.89
33,72,2309.0,10,0.12,0.07,0.0,0,0.15
33,73,2090.9,23,0.25,0.71,0.001,0,0.33
33,74,2559.5,0,0.0,0.0,0.0,0,0.01
33,75,2880.0,6,0.19,0.07,0.0,0,0.21
33,76,3322.5,4,0.04,0.01,0.0,0,0.07
33,77,4856.3,0,0.01,0.0,0.0,0,0.01
33,78,3856.9,5,0.04,0.0,0.0,0,0.07
33,79,1702.8,0,0.01,0.02,0.001,0,0.01
33,80,3260.7,3,0.01,0.01,0.0,0,0.04
33,81,1242.9,44,0.38,0.87,0.008,0,0.48
33,82,1060.8,18,0.73,2.64,0.007,0,0.88
33,83,3431.4,1,0.02,0.01,0.0,0,0.02
33,84,3252.3,1,0.0,0.0,0.0,0,0.02
33,85,116.0,317,2.91,3.35,0.263,0,3.28
33,86,2526.0,6,0.03,0.12,0.0,0,0.09
33,87,2103.0,6,0.03,0.16,0.0,0,0.18
33,88,1122.6,5,0.07,0.55,0.015,0,0.08
33,89,3940.4,0,0.01,0.0,0.0,0,0.02
33,90,2030.5,2,0.03,0.2,0.0,0,0.09
33,91,1408.8,67,0.19,1.32,0.002,0,0.72
33,92,1743.6,4,0.03,0.1,0.002,0,0.04
33,93,2259.8,3,0.02,0.11,0.0,0,0.05
33,94,2439.8,3,0.01,0.04,0.0,0,0.04
33,95,2217.7,0,0.0,0.02,0.0,0,0.01
33,96,2510.7,2,0.09,0.03,0.0,0,0.11
33,97,3403.1,0,0.03,0.01,0.0,0,0.04
33,98,2219.5,4,0.01,0.14,0.0,0,0.06
33,99,2104.8,3,0.03,0.06,0.001,0,0.04
33,100,1155.9,3,0.03,0.18,0.002,0,0.1
33,101,1774.6,7,0.05,0.17,0.002,0,0.11
33,102,2007.0,1,0.02,0.1,0.001,0,0.05
33,103,2455.9,1,0.0,0.02,0.0,0,0.03
33,104,1279.5,5,0.06,0.61,0.009,0,0.09
33,105,3278.1,6,0.07,0.02,0.0,0,0.07
33,106,2181.4,41,0.17,0.56,0.0,0,0.71
33,107,3569.2,7,0.08,0.01,0.0,0,0.09
33,108,2910.2,1,0.03,0.02,0.0,0,0.07
33,109,2227.4,2,0.02,0.1,0.0,0,0.09
33,110,3632.1,0,0.01,0.0,0.0,0,0.01
33,111,1858.6,4,0.05,0.22,0.0,0,0.16
33,112,880.3,19,0.08,2.05,0.041,0,0.22
33,113,3114.0,77,0.77,0.21,0.0,0,1.12
33,114,2343.7,3,0.04,0.05,0.0,0,0.06
33,115,1668.6,6,0.11,0.3,0.002,0,0.12
33,116,2750.7,2,0.06,0.03,0.0,0,0.1
33,117,1976.0,2,0.02,0.04,0.001,0,0.02
33,118,3685.3,5,0.01,0.02,0.0,0,0.06
33,119,2686.3,8,0.01,0.11,0.0,0,0.1
33,120,2712.3,6,0.05,0.09,0.0,0,0.1
33,121,2076.1,1,0.01,0.03,0.001,0,0.03
33,122,1786.0,9,0.15,0.86,0.0,0,0.44
33,123,1429.8,2,0.03,0.06,0.007,0,0.05
33,124,2592.7,7,0.08,0.12,0.0,0,0.08
33,125,3124.9,17,0.63,0.1,0.0,0,0.81
33,126,1447.6,1,0.02,0.23,0.003,0,0.04
33,127,1397.2,3,0.01,0.15,0.003,0,0.04
33,128,667.6,20,0.15,1.03,0.069,0,0.4
33,129,2032.3,1,0.01,0.06,0.0,0,0.05
33,130,4618.4,0,0.0,0.0,0.0,0,0.0
33,131,1456.4,0,0.04,0.63,0.006,0,0.05
33,132,2464.1,1,0.0,0.02,0.0,0,0.02
33,133,1575.3,5,0.14,0.61,0.004,0,0.17
33,134,2001.8,5,0.05,0.03,0.0,0,0.06
33,135,3863.6,39,0.38,0.02,0.0,0,0.6
33,136,2214.5,2,0.01,0.03,0.0,0,0.04
33,137,1667.5,1,0.04,0.16,0.002,0,0.09
33,138,1917.8,6,0.15,0.39,0.001,0,0.15
33,139,3236.4,0,0.0,0.0,0.0,0,0.02
33,140,1545.7,7,0.03,0.51,0.002,0,0.09
33,141,4186.3,3,0.02,0.0,0.0,0,0.06
33,142,213.6,51,0.53,0.88,0.336,0,0.56
33,143,3411.3,4,0.04,0.01,0.0,0,0.07
33,144,2201.6,1,0.01,0.09,0.0,0,0.05
33,145,3309.5,7,0.11,0.02,0.0,0,0.19
33,146,3674.2,0,0.0,0.0,0.0,0,0.01
33,147,1524.2,1,0.02,0.09,0.002,0,0.02
33,148,3410.1,1,0.0,0.02,0.0,0,0.03
33,149,359.8,78,0.87,2.89,0.091,0,0.91
33,150,1569.1,9,0.06,0.47,0.003,0,0.1
33,151,3100.5,4,0.06,0.02,0.0,0,0.18
33,152,1374.0,4,0.05,0.3,0.004,0,0.05
33,153,2314.6,4,0.03,0.13,0.0,0,0.15
33,154,3581.4,1,0.02,0.0,0.0,0,0.03
33,155,713.8,10,0.11,1.32,0.013,0,0.76
33,156,1832.5,19,0.26,1.03,0.001,0,0.56
33,157,3599.1,2,0.01,0.02,0.0,0,0.03
33,158,2810.0,1,0.01,0.01,0.0,0,0.02
33,159,1790.2,8,0.2,0.51,0.002,0,0.3
33,160,1168.1,7,0.08,0.33,0.01,0,0.08
33,161,1064.1,147,1.18,1.73,0.017,0,2.06
33,162,1248.3,16,0.39,1.78,0.009,0,0.81
33,163,855.9,12,0.08,0.57,0.033,0,0.17
33,164,2179.5,5,0.07,0.32,0.0,0,0.07
33,165,1728.9,11,0.13,0.38,0.003,0,0.17
33,166,1530.2,8,0.14,0.67,0.001,0,0.34
33,167,3567.4,75,0.51,0.06,0.0,0,1.07
33,168,1359.6,11,0.17,0.45,0.006,0,0.18
33,169,3124.7,0,0.01,0.01,0.0,0,0.03
33,170,939.8,5,0.02,0.54,0.026,0,0.07
33,171,681.6,17,0.08,0.82,0.072,0,0.28
33,172,3035.4,1,0.0,0.02,0.0,0,0.03
33,173,3746.5,2,0.01,0.0,0.0,0,0.03
33,174,912.5,35,0.13,0.76,0.025,0,0.46
33,175,2758.2,8,0.09,0.1,0.0,0,0.09
33,176,2747.1,2,0.01,0.03,0.0,0,0.05
33,177,3680.6,11,0.14,0.02,0.0,0,0.29
33,178,1035.4,9,0.2,0.51,0.012,0,0.22
33,179,2049.3,147,0.61,2.41,0.001,0,2.26
33,180,820.9,42,0.66,1.8,0.06,0,0.84
33,181,623.1,7,0.03,1.11,0.064,0,0.16
33,182,3091.8,0,0.01,0.01,0.0,0,0.02
33,183,3095.7,2,0.03,0.02,0.0,0,0.03
33,184,2161.3,1,0.03,0.1,0.001,0,0.07
33,185,2235.9,22,0.22,0.11,0.0,0,0.23
33,186,2806.3,5,0.07,0.02,0.0,0,0.11
33,187,3387.8,2,0.0,0.01,0.0,0,0.03
33,188,3045.4,1,0.0,0.01,0.0,0,0.02
33,189,2752.2,1,0.01,0.0,0.0,0,0.02
33,190,2141.8,2,0.02,0.07,0.0,0,0.03
33,191,2599.0,5,0.08,0.1,0.0,0,0.29
33,192,3267.8,2,0.02,0.02,0.0,0,0.08
33,193,2761.4,0,0.0,0.01,0.0,0,0.01
33,194,515.8,20,0.27,3.03,0.063,0,0.35
33,195,1023.3,28,0.3,1.98,0.013,0,0.33
33,196,3710.0,0,0.0,0.0,0.0,0,0.02
33,197,1954.0,1,0.01,0.29,0.0,0,0.05
33,198,3274.7,5,0.03,0.01,0.0,0,0.07
33,199,185.4,4,0.05,1.14,0.203,0,0.29
34,35,2734.0,1,0.06,0.03,0.0,0,0.08
34,36,1531.3,69,0.78,1.57,0.003,0,1.04
34,37,3760.7,3,0.02,0.0,0.0,0,0.04
34,38,1982.8,10,0.12,0.36,0.0,0,0.2
34,39,2319.0,28,0.31,0.57,0.0,0,0.43
34,40,1587.5,13,0.92,2.98,0.004,0,1.05
34,41,4029.0,6,0.08,0.01,0.0,0,0.11
34,42,3493.5,27,0.22,0.02,0.0,0,0.32
34,43,3593.8,12,0.13,0.02,0.0,0,0.18
34,44,4682.1,1,0.01,0.0,0.0,0,0.04
34,45,4046.8,6,0.06,0.01,0.0,0,0.08
34,46,4775.3,5,0.04,0.0,0.0,0,0.12
34,47,3892.6,36,0.76,0.05,0.0,0,0.93
34,48,1803.6,42,0.9,1.71,0.001,0,1.7
34,49,3982.1,0,0.0,0.0,0.0,0,0.02
34,50,3435.1,26,0.17,0.05,0.0,0,0.28
34,51,2011.9,2,0.09,0.44,0.0,0,0.19
34,52,5310.5,1,0.03,0.0,0.0,0,0.06
34,53,4259.2,22,0.12,0.03,0.0,0,0.3
34,54,1800.1,232,1.45,4.69,0.0,0,2.64
34,55,4440.4,38,0.08,0.03,0.0,0,0.55
34,56,3689.6,9,0.11,0.02,0.0,0,0.14
34,57,2964.2,10,0.07,0.12,0.0,0,0.15
34,58,1217.6,244,2.49,7.23,0.013,0,2.86
34,59,3021.4,37,0.36,0.17,0.0,0,0.64
34,60,2517.0,4,0.03,0.14,0.0,0,0.17
34,61,4087.0,10,0.02,0.01,0.0,0,0.13
34,62,1232.2,27,0.07,1.45,0.008,0,0.49
34,63,3611.5,3,0.03,0.01,0.0,0,0.1
34,64,1712.3,73,0.12,4.4,0.002,0,0.96
34,65,1680.2,192,1.46,5.64,0.002,0,2.05
34,66,3765.1,10,0.11,0.02,0.0,0,0.16
34,67,1876.6,29,2.23,4.79,0.0,0,2.24
34,68,3930.3,18,0.15,0.03,0.0,0,0.24
34,69,1807.8,27,0.25,0.74,0.001,0,0.28
34,70,3483.9,6,0.18,0.09,0.0,0,0.25
34,71,2493.8,40,0.61,0.88,0.0,0,2.56
34,72,4254.3,14,0.12,0.01,0.0,0,0.16
34,73,2073.7,143,3.47,3.56,0.001,0,5.59
34,74,2919.7,0,0.0,0.03,0.0,0,0.02
34,75,4321.6,18,0.18,0.02,0.0,0,0.22
34,76,3024.0,13,0.27,0.12,0.0,0,0.35
34,77,1590.1,44,0.39,1.35,0.002,0,0.49
34,78,236.9,2773,21.81,45.72,0.068,0,32.81
34,79,3451.4,1,0.03,0.0,0.0,0,0.03
34,80,1959.8,61,0.41,0.85,0.0,0,1.13
34,81,4990.1,15,0.05,0.0,0.0,0,0.25
34,82,4603.2,27,0.12,0.01,0.0,0,0.49
34,83,1975.5,2,0.08,0.59,0.001,0,0.1
34,84,957.9,135,1.31,3.18,0.018,0,1.48
34,85,4157.5,1,0.11,0.0,0.0,0,0.18
34,86,1671.1,18,1.0,4.56,0.001,0,1.83
34,87,3887.2,16,0.13,0.03,0.0,0,0.21
34,88,3904.2,8,0.05,0.02,0.0,0,0.11
34,89,879.3,329,4.99,10.61,0.029,0,6.34
34,90,2325.3,74,0.73,0.69,0.0,0,0.95
34,91,3660.3,61,0.22,0.08,0.0,0,0.81
34,92,3052.6,13,0.1,0.08,0.0,0,0.15
34,93,2622.2,9,0.09,0.17,0.0,0,0.35
34,94,4482.7,6,0.1,0.0,0.0,0,0.11
34,95,2968.7,2,0.01,0.05,0.0,0,0.05
34,96,2752.0,81,0.6,0.27,0.0,0,1.05
34,97,2240.5,42,0.26,0.85,0.0,0,0.59
34,98,2265.5,48,0.18,0.96,0.0,0,0.72
34,99,2712.2,7,0.05,0.17,0.0,0,0.38
34,100,3531.5,4,0.02,0.01,0.0,0,0.05
34,101,3744.7,3,0.05,0.02,0.0,0,0.15
34,102,4464.1,6,0.05,0.0,0.0,0,0.13
34,103,1777.4,22,0.21,1.02,0.002,0,0.32
34,104,2830.7,7,0.08,0.06,0.0,0,0.14
34,105,915.6,57,2.2,11.82,0.03,0,2.33
34,106,2417.0,107,0.28,3.0,0.0,0,1.6
34,107,1816.9,40,0.78,3.84,0.001,0,1.51
34,108,1179.4,74,1.17,9.45,0.004,0,1.64
34,109,2535.9,29,0.22,0.31,0.0,0,0.35
34,110,1116.1,14,0.07,0.57,0.022,0,0.21
34,111,3500.9,5,0.22,0.02,0.0,0,0.24
34,112,3227.0,26,0.18,0.1,0.0,0,0.34
34,113,991.2,146,1.91,101.66,0.006,0,12.07
34,114,1882.3,18,0.19,0.89,0.001,0,0.52
34,115,2699.1,89,0.13,0.38,0.0,0,0.94
34,116,3089.1,13,0.23,0.07,0.0,0,0.33
34,117,2208.9,10,0.02,0.21,0.0,0,0.11
34,118,943.4,71,2.32,19.5,0.022,0,4.12
34,119,2159.7,98,1.02,1.23,0.0,0,1.53
34,120,3134.8,12,0.17,0.28,0.0,0,0.38
34,121,2117.3,48,0.46,0.28,0.0,0,0.65
34,122,2518.6,167,1.86,1.08,0.0,0,1.88
34,123,2653.4,3,0.01,0.04,0.0,0,0.05
34,124,2364.7,52,0.25,1.38,0.0,0,1.37
34,125,1018.4,605,3.55,60.49,0.01,0,11.96
34,126,2725.2,7,0.01,0.04,0.0,0,0.11
34,127,4763.5,2,0.07,0.0,0.0,0,0.13
34,128,4581.7,17,0.06,0.0,0.0,0,0.3
34,129,2411.6,29,0.26,0.3,0.0,0,0.32
34,130,1546.1,9,0.23,0.48,0.003,0,0.24
34,131,4981.0,9,0.06,0.0,0.0,0,0.17
34,132,1835.8,14,0.22,0.42,0.002,0,0.25
34,133,3717.6,26,0.1,0.05,0.0,0,0.4
34,134,3166.2,9,0.06,0.04,0.0,0,0.14
34,135,3645.5,16,0.55,0.25,0.0,0,0.87
34,136,2970.1,24,0.12,0.07,0.0,0,0.29
34,137,3179.0,8,0.11,0.06,0.0,0,0.25
34,138,2664.4,89,0.57,0.69,0.0,0,1.18
34,139,965.5,27,0.1,2.12,0.011,0,0.3
34,140,2686.4,2,0.12,0.31,0.0,0,0.2
34,141,1576.9,247,5.3,9.1,0.002,0,6.86
34,142,3869.6,0,0.02,0.0,0.0,0,0.03
34,143,2257.7,29,0.44,0.76,0.0,0,0.73
34,144,2388.4,64,0.56,0.41,0.0,0,0.68
34,145,1012.6,67,1.47,29.19,0.005,0,4.16
34,146,1913.0,5,0.05,0.21,0.001,0,0.17
34,147,2558.7,5,0.06,0.06,0.0,0,0.2
34,148,1204.9,154,0.74,8.96,0.01,0,1.82
34,149,3722.9,10,0.06,0.05,0.0,0,0.19
34,150,2624.1,27,0.13,0.41,0.0,0,0.39
34,151,1065.2,233,1.65,7.48,0.01,0,3.18
34,152,5028.0,5,0.08,0.0,0.0,0,0.11
34,153,2087.2,21,0.04,0.88,0.001,0,0.24
34,154,4377.7,8,0.04,0.01,0.0,0,0.14
34,155,3535.2,2,0.08,0.02,0.0,0,0.09
34,156,2763.4,439,4.24,1.25,0.0,0,4.78
34,157,901.2,37,0.64,10.36,0.013,0,1.61
34,158,3308.5,2,0.06,0.02,0.0,0,0.09
34,159,4037.3,4,0.34,0.04,0.0,0,0.37
34,160,2986.4,4,0.05,0.06,0.0,0,0.13
34,161,3022.5,51,0.2,0.14,0.0,0,0.69
34,162,3463.6,10,0.05,0.21,0.0,0,0.42
34,163,4771.4,1,0.02,0.0,0.0,0,0.08
34,164,2000.1,13,0.4,1.86,0.001,0,1.09
34,165,3958.8,20,0.2,0.04,0.0,0,0.23
34,166,4514.4,6,0.25,0.02,0.0,0,0.37
34,167,2102.1,139,1.92,5.51,0.001,0,2.61
34,168,2825.3,36,0.21,0.13,0.0,0,0.39
34,169,2231.9,27,0.15,0.37,0.0,0,0.44
34,170,3583.4,8,0.05,0.02,0.0,0,0.13
34,171,3627.4,2,0.04,0.01,0.0,0,0.05
34,172,2812.4,16,0.18,0.2,0.0,0,0.22
34,173,584.6,215,0.93,24.64,0.117,0,2.57
34,174,3345.2,37,0.32,0.12,0.0,0,0.48
34,175,1389.9,176,1.49,7.32,0.005,0,1.77
34,176,2301.9,29,0.26,0.97,0.0,0,0.41
34,177,1035.8,499,1.71,30.76,0.017,0,5.5
34,178,4146.4,3,0.11,0.02,0.0,0,0.18
34,179,3283.7,348,0.63,1.04,0.0,0,3.61
34,180,3350.6,41,0.69,0.13,0.0,0,1.03
34,181,3699.0,3,0.04,0.01,0.0,0,0.09
34,182,2517.3,7,0.09,0.15,0.0,0,0.09
34,183,2755.6,37,0.17,0.4,0.0,0,0.57
34,184,3579.0,2,0.07,0.06,0.0,0,0.08
34,185,3912.6,52,0.21,0.04,0.0,0,0.56
34,186,1528.1,66,0.94,7.42,0.005,0,1.04
34,187,3434.7,8,0.27,0.04,0.0,0,0.28
34,188,1073.5,50,0.23,3.93,0.004,0,0.63
34,189,3533.4,1,0.01,0.01,0.0,0,0.02
34,190,2582.6,24,0.38,0.16,0.0,0,0.43
34,191,1816.8,134,0.42,3.8,0.001,0,1.64
34,192,851.0,18,0.7,12.18,0.032,0,1.75
34,193,2048.9,2,0.07,0.33,0.001,0,0.21
34,194,3828.6,21,0.11,0.04,0.0,0,0.28
34,195,4187.7,11,0.04,0.03,0.0,0,0.12
34,196,703.3,58,0.09,5.49,0.042,0,0.62
34,197,2129.0,14,0.18,0.86,0.001,0,0.41
34,198,3967.5,24,0.09,0.02,0.0,0,0.25
34,199,4267.9,1,0.01,0.0,0.0,0,0.02
35,36,1254.5,2,0.2,0.55,0.009,0,0.26
35,37,3315.3,0,0.0,0.0,0.0,0,0.01
35,38,2495.6,0,0.0,0.01,0.0,0,0.01
35,39,1911.7,4,0.06,0.17,0.001,0,0.07
35,40,3190.3,17,0.13,0.02,0.0,0,0.31
35,41,3328.7,3,0.01,0.01,0.0,0,0.04
35,42,2918.5,0,0.01,0.02,0.0,0,0.01
35,43,2689.6,2,0.03,0.02,0.0,0,0.03
35,44,3320.9,0,0.01,0.0,0.0,0,0.01
35,45,1859.7,1,0.01,0.11,0.002,0,0.03
35,46,2932.6,2,0.02,0.01,0.0,0,0.03
35,47,1173.5,8,0.24,3.03,0.018,0,0.41
35,48,2603.9,2,0.02,0.06,0.0,0,0.06
35,49,1435.3,0,0.0,0.07,0.007,0,0.02
35,50,880.9,10,0.12,1.76,0.043,0,0.25
35,51,3313.4,1,0.0,0.01,0.0,0,0.03
35,52,3266.6,1,0.02,0.01,0.0,0,0.02
35,53,2754.6,1,0.03,0.07,0.0,0,0.04
35,54,2570.6,13,0.1,0.15,0.0,0,0.14
35,55,2845.7,1,0.04,0.03,0.0,0,0.11
35,56,1400.4,0,0.03,0.14,0.007,0,0.04
35,57,887.2,10,0.03,0.82,0.035,0,0.13
35,58,1516.7,4,0.08,0.21,0.003,0,0.11
35,59,2593.0,2,0.06,0.07,0.0,0,0.07
35,60,1586.1,7,0.09,0.17,0.002,0,0.12
35,61,4441.4,0,0.0,0.0,0.0,0,0.01
35,62,1543.1,5,0.04,0.11,0.004,0,0.06
35,63,3810.2,0,0.0,0.0,0.0,0,0.01
35,64,1125.5,22,0.08,1.77,0.007,0,0.23
35,65,1073.3,50,0.16,2.81,0.001,0,0.7
35,66,1031.2,35,0.09,0.51,0.015,0,0.42
35,67,2835.5,1,0.02,0.07,0.0,0,0.08
35,68,2178.1,9,0.11,0.1,0.0,0,0.12
35,69,1665.2,1,0.02,0.23,0.002,0,0.04
35,70,3839.9,1,0.02,0.01,0.0,0,0.02
35,71,812.6,94,0.7,4.24,0.02,0,1.04
35,72,3356.8,2,0.05,0.01,0.0,0,0.05
35,73,1436.6,17,0.35,1.87,0.006,0,0.5
35,74,988.7,1,0.01,0.17,0.03,0,0.02
35,75,3795.1,2,0.03,0.01,0.0,0,0.04
35,76,3460.6,2,0.01,0.02,0.0,0,0.02
35,77,3169.1,1,0.01,0.0,0.0,0,0.02
35,78,2549.2,4,0.01,0.03,0.0,0,0.05
35,79,777.5,1,0.01,0.18,0.066,0,0.03
35,80,1518.9,9,0.13,0.2,0.003,0,0.14
35,81,2957.3,5,0.02,0.02,0.0,0,0.13
35,82,2685.9,12,0.14,0.16,0.0,0,0.16
35,83,1688.3,4,0.03,0.17,0.001,0,0.06
35,84,1786.4,0,0.01,0.07,0.001,0,0.02
35,85,1854.1,2,0.07,0.07,0.001,0,0.12
35,86,1704.3,13,0.22,0.54,0.001,0,0.28
35,87,3006.1,1,0.0,0.03,0.0,0,0.02
35,88,2308.7,1,0.03,0.03,0.0,0,0.05
35,89,2342.7,3,0.02,0.11,0.0,0,0.04
35,90,408.8,57,0.11,5.46,0.072,0,0.72
35,91,929.0,8,0.24,3.08,0.027,0,0.57
35,92,2129.6,0,0.01,0.07,0.0,0,0.02
35,93,2286.8,1,0.02,0.05,0.0,0,0.08
35,94,3564.6,0,0.01,0.0,0.0,0,0.02
35,95,693.9,2,0.02,0.38,0.074,0,0.03
35,96,867.2,8,0.09,1.6,0.015,0,0.19
35,97,1665.7,4,0.02,0.39,0.0,0,0.1
35,98,1923.2,3,0.07,0.17,0.001,0,0.08
35,99,419.8,37,0.55,2.16,0.08,0,0.73
35,100,2027.6,0,0.01,0.04,0.0,0,0.03
35,101,1086.4,5,0.07,0.5,0.011,0,0.08
35,102,3254.9,1,0.03,0.01,0.0,0,0.04
35,103,957.8,3,0.1,0.46,0.021,0,0.12
35,104,1154.1,3,0.21,0.94,0.013,0,0.23
35,105,1825.1,1,0.04,0.29,0.001,0,0.07
35,106,441.1,63,1.37,11.46,0.193,0,5.15
35,107,3041.5,2,0.04,0.01,0.0,0,0.06
35,108,1618.3,9,0.05,0.29,0.003,0,0.14
35,109,2182.2,6,0.04,0.05,0.0,0,0.08
35,110,2000.2,0,0.0,0.02,0.001,0,0.01
35,111,888.7,4,0.09,0.65,0.023,0,0.19
35,112,1263.0,9,0.39,0.96,0.005,0,0.53
35,113,1946.0,23,1.45,1.42,0.001,0,1.69
35,114,1656.2,2,0.02,0.4,0.002,0,0.05
35,115,1670.2,10,0.11,0.11,0.001,0,0.26
35,116,1243.7,3,0.02,0.44,0.006,0,0.14
35,117,611.1,5,0.01,0.38,0.049,0,0.07
35,118,2092.5,19,0.08,0.2,0.001,0,0.29
35,119,944.3,16,0.2,2.53,0.013,0,0.43
35,120,3033.5,7,0.07,0.03,0.0,0,0.1
35,121,1489.4,3,0.03,0.17,0.004,0,0.04
35,122,1597.6,32,0.79,0.91,0.004,0,0.96
35,123,874.9,9,0.07,0.37,0.015,0,0.11
35,124,853.9,14,0.1,3.1,0.012,0,0.31
35,125,2017.9,18,0.12,0.99,0.0,0,0.71
35,126,1327.7,3,0.04,0.25,0.004,0,0.04
35,127,2985.1,0,0.01,0.01,0.0,0,0.05
35,128,2399.8,3,0.03,0.07,0.0,0,0.04
35,129,336.1,72,0.46,1.69,0.22,0,0.88
35,130,2921.4,0,0.01,0.01,0.0,0,0.01
35,131,3112.8,2,0.03,0.02,0.0,0,0.04
35,132,1811.4,3,0.04,0.06,0.002,0,0.06
35,133,1008.7,13,0.05,3.37,0.012,0,0.27
35,134,666.1,6,0.06,0.38,0.08,0,0.13
35,135,4175.5,11,0.13,0.01,0.0,0,0.13
35,136,2504.1,1,0.02,0.03,0.0,0,0.04
35,137,481.6,18,0.23,2.22,0.131,0,0.24
35,138,181.0,148,1.59,7.06,0.422,0,4.56
35,139,1776.0,1,0.01,0.06,0.002,0,0.02
35,140,365.7,194,0.96,2.92,0.145,0,2.08
35,141,2470.7,6,0.18,0.35,0.0,0,0.19
35,142,1575.8,2,0.03,0.06,0.001,0,0.03
35,143,1674.9,22,0.32,0.26,0.003,0,0.34
35,144,2021.4,3,0.04,0.16,0.0,0,0.08
35,145,1781.6,4,0.03,0.36,0.001,0,0.16
35,146,1932.3,0,0.02,0.08,0.001,0,0.04
35,147,881.4,3,0.01,0.27,0.042,0,0.04
35,148,1783.5,1,0.09,0.28,0.002,0,0.13
35,149,1443.0,9,0.14,0.4,0.002,0,0.21
35,150,437.2,31,0.58,4.53,0.059,0,0.68
35,151,1668.8,7,0.1,0.45,0.0,0,0.13
35,152,3068.1,0,0.01,0.01,0.0,0,0.02
35,153,667.6,31,0.34,1.21,0.02,0,0.35
35,154,4318.6,0,0.02,0.0,0.0,0,0.02
35,155,1623.0,1,0.04,0.11,0.002,0,0.06
35,156,1951.6,12,0.08,0.98,0.001,0,0.15
35,157,2032.4,8,0.09,0.21,0.001,0,0.2
35,158,3211.0,0,0.0,0.0,0.0,0,0.0
35,159,2868.8,2,0.02,0.05,0.0,0,0.03
35,160,1312.1,1,0.07,0.15,0.009,0,0.07
35,161,1078.7,34,0.38,1.48,0.011,0,0.42
35,162,739.8,97,0.46,4.42,0.037,0,1.16
35,163,2594.6,2,0.01,0.03,0.0,0,0.02
35,164,779.3,46,0.32,3.78,0.027,0,0.63
35,165,2777.5,1,0.03,0.03,0.0,0,0.04
35,166,2956.1,5,0.06,0.05,0.0,0,0.09
35,167,3185.1,11,0.2,0.07,0.0,0,0.23
35,168,513.6,50,0.09,1.65,0.042,0,0.73
35,169,1385.5,2,0.03,0.14,0.004,0,0.04
35,170,1894.6,2,0.01,0.05,0.002,0,0.04
35,171,1091.3,2,0.02,0.25,0.019,0,0.05
35,172,1402.7,3,0.03,0.3,0.006,0,0.1
35,173,2608.2,8,0.08,0.06,0.0,0,0.11
35,174,831.5,62,0.51,2.48,0.039,0,0.81
35,175,1355.3,19,0.36,1.44,0.004,0,0.64
35,176,1007.1,5,0.03,0.69,0.011,0,0.09
35,177,2063.8,42,0.37,0.38,0.001,0,0.43
35,178,2416.9,1,0.04,0.04,0.0,0,0.05
35,179,2581.5,19,0.06,0.43,0.0,0,0.32
35,180,1452.1,21,0.16,0.66,0.006,0,0.24
35,181,1163.3,14,0.09,0.32,0.009,0,0.17
35,182,2995.8,0,0.01,0.0,0.0,0,0.02
35,183,3133.0,2,0.04,0.02,0.0,0,0.08
35,184,1114.2,3,0.08,0.53,0.012,0,0.09
35,185,1421.0,12,0.04,0.47,0.002,0,0.21
35,186,2022.1,5,0.05,0.41,0.001,0,0.09
35,187,3721.4,1,0.01,0.0,0.0,0,0.02
35,188,1672.7,3,0.01,0.12,0.002,0,0.04
35,189,3291.5,0,0.0,0.0,0.0,0,0.01
35,190,410.3,60,0.46,1.52,0.064,0,0.79
35,191,1997.6,9,0.05,0.29,0.0,0,0.11
35,192,2092.2,1,0.03,0.06,0.0,0,0.07
35,193,1025.7,0,0.02,0.22,0.005,0,0.06
35,194,1299.9,6,0.2,0.44,0.011,0,0.35
35,195,2435.3,2,0.07,0.05,0.0,0,0.14
35,196,2187.4,3,0.01,0.04,0.0,0,0.04
35,197,988.1,11,0.09,1.66,0.026,0,0.21
35,198,3903.8,2,0.01,0.0,0.0,0,0.05
35,199,1906.1,1,0.04,0.05,0.001,0,0.06
36,37,3539.5,0,0.01,0.0,0.0,0,0.01
36,38,2099.8,4,0.02,0.07,0.0,0,0.05
36,39,1352.1,17,0.31,1.27,0.004,0,0.62
36,40,2036.4,16,0.13,0.99,0.001,0,0.35
36,41,3683.2,3,0.02,0.02,0.0,0,0.06
36,42,3170.1,1,0.03,0.02,0.0,0,0.07
36,43,3091.2,7,0.02,0.04,0.0,0,0.1
36,44,4007.4,0,0.01,0.0,0.0,0,0.02
36,45,2890.5,2,0.02,0.04,0.0,0,0.16
36,46,3838.3,1,0.03,0.01,0.0,0,0.05
36,47,2377.9,21,0.45,0.76,0.0,0,1.35
36,48,2087.4,3,0.03,0.72,0.0,0,0.15
36,49,2453.6,9,0.01,0.04,0.0,0,0.11
36,50,1903.9,12,0.07,0.82,0.0,0,0.13
36,51,2691.2,18,0.16,0.09,0.0,0,0.19
36,52,4279.7,1,0.02,0.0,0.0,0,0.03
36,53,3479.6,15,0.09,0.07,0.0,0,0.26
36,54,2060.6,18,0.03,1.26,0.0,0,0.22
36,55,3622.7,15,0.14,0.05,0.0,0,0.24
36,56,2461.7,4,0.09,0.08,0.0,0,0.11
36,57,1460.4,21,0.07,0.88,0.004,0,0.27
36,58,407.9,292,2.11,11.33,0.13,0,3.53
36,59,2724.6,40,0.27,0.38,0.0,0,0.5
36,60,1306.6,52,0.2,1.48,0.008,0,0.57
36,61,4360.4,4,0.03,0.0,0.0,0,0.06
36,62,588.3,15,0.1,2.49,0.07,0,0.83
36,63,3758.3,1,0.02,0.0,0.0,0,0.02
36,64,662.6,251,3.33,17.37,0.04,0,4.15
36,65,196.5,372,7.76,50.92,0.354,4,10.73
36,66,2271.0,19,0.23,0.37,0.0,0,0.36
36,67,2293.0,31,0.55,0.8,0.0,0,0.8
36,68,2993.8,8,0.19,0.07,0.0,0,0.31
36,69,811.4,92,0.94,2.34,0.041,0,1.75
36,70,3714.5,8,0.03,0.02,0.0,0,0.13
36,71,1333.8,414,0.67,6.04,0.009,0,5.38
36,72,3813.1,5,0.08,0.01,0.0,0,0.08
36,73,1373.0,446,4.21,3.53,0.007,0,4.86
36,74,1437.4,10,0.03,0.22,0.002,0,0.14
36,75,4097.3,20,0.21,0.01,0.0,0,0.21
36,76,3260.3,4,0.26,0.05,0.0,0,0.33
36,77,2018.6,15,0.22,0.35,0.001,0,0.23
36,78,1381.8,55,0.87,1.21,0.004,0,1.05
36,79,1927.8,1,0.03,0.07,0.001,0,0.09
36,80,813.8,34,0.95,3.63,0.032,0,1.37
36,81,3955.8,6,0.16,0.01,0.0,0,0.19
36,82,3617.7,31,0.16,0.07,0.0,0,0.37
36,83,955.6,53,0.34,2.57,0.013,0,0.56
36,84,577.6,40,0.08,2.97,0.116,0,0.45
36,85,2945.3,4,0.07,0.06,0.0,0,0.08
36,86,1275.5,65,0.31,9.37,0.008,0,1.3
36,87,3426.2,10,0.1,0.03,0.0,0,0.12
36,88,3049.1,13,0.14,0.03,0.0,0,0.15
36,89,1102.4,13,0.39,7.41,0.02,0,1.0
36,90,862.0,52,0.13,3.83,0.035,0,0.87
36,91,2158.6,45,0.21,0.77,0.001,0,0.49
36,92,2467.2,2,0.03,0.09,0.0,0,0.07
36,93,2312.3,4,0.07,0.19,0.0,0,0.1
36,94,4045.3,3,0.02,0.01,0.0,0,0.05
36,95,1442.9,2,0.02,0.48,0.004,0,0.08
36,96,1257.5,131,1.37,4.03,0.011,0,2.06
36,97,1138.9,22,0.29,2.96,0.01,0,0.45
36,98,1858.2,20,0.31,0.43,0.001,0,0.48
36,99,1181.6,70,0.13,3.77,0.006,0,0.82
36,100,2689.8,1,0.02,0.03,0.0,0,0.02
36,101,2216.3,13,0.2,0.17,0.001,0,0.22
36,102,3861.5,6,0.07,0.01,0.0,0,0.07
36,103,408.4,55,0.2,5.71,0.101,0,1.15
36,104,1785.4,29,0.05,0.59,0.001,0,0.38
36,105,622.3,40,0.83,16.9,0.084,0,2.03
36,106,891.8,158,3.07,38.39,0.028,0,7.74
36,107,2413.7,5,0.05,0.22,0.0,0,0.16
36,108,671.3,65,0.32,10.11,0.096,0,1.14
36,109,2195.2,38,0.09,0.24,0.0,0,0.5
36,110,783.4,4,0.02,1.01,0.036,0,0.07
36,111,1970.6,3,0.11,0.31,0.001,0,0.3
36,112,2112.5,3,0.14,0.4,0.0,0,0.17
36,113,1013.9,249,4.52,35.27,0.002,0,15.25
36,114,1395.9,27,0.14,1.91,0.007,0,0.41
36,115,1979.5,18,0.14,0.62,0.001,0,0.23
36,116,1646.1,28,0.34,0.93,0.002,0,0.36
36,117,877.0,60,0.4,1.26,0.012,0,0.64
36,118,847.9,220,1.21,20.28,0.029,0,2.62
36,119,676.5,305,3.38,17.13,0.085,0,3.61
36,120,3052.3,23,0.15,0.08,0.0,0,0.32
36,121,1447.3,10,0.15,0.73,0.001,0,0.26
36,122,1813.6,100,1.18,2.74,0.001,0,2.22
36,123,1506.4,7,0.07,0.23,0.005,0,0.09
36,124,870.7,209,1.82,6.73,0.023,0,2.92
36,125,1127.7,463,2.5,25.03,0.005,0,5.38
36,126,1801.1,13,0.09,0.37,0.001,0,0.22
36,127,3861.5,7,0.04,0.0,0.0,0,0.08
36,128,3450.8,9,0.05,0.03,0.0,0,0.16
36,129,919.0,67,0.98,2.97,0.022,0,0.99
36,130,1792.3,4,0.02,0.22,0.002,0,0.05
36,131,4038.3,8,0.03,0.01,0.0,0,0.18
36,132,1489.4,43,0.08,0.41,0.0,0,0.73
36,133,2199.9,20,0.13,0.5,0.0,0,0.42
36,134,1634.9,7,0.06,0.37,0.001,0,0.08
36,135,3993.3,16,0.24,0.05,0.0,0,0.71
36,136,2642.6,2,0.03,0.07,0.0,0,0.12
36,137,1665.7,8,0.16,0.37,0.001,0,0.27
36,138,1155.4,147,0.35,4.11,0.021,0,1.76
36,139,573.2,35,0.26,1.33,0.086,0,0.4
36,140,1314.3,13,0.18,2.18,0.002,0,0.46
36,141,1404.8,158,0.92,6.08,0.007,0,3.53
36,142,2649.5,1,0.03,0.03,0.0,0,0.08
36,143,1157.7,73,0.72,4.12,0.008,0,1.54
36,144,2001.4,34,0.9,0.52,0.001,0,0.95
36,145,533.9,177,3.68,22.81,0.11,0,5.2
36,146,1105.3,11,0.11,0.73,0.019,0,0.17
36,147,1428.9,18,0.11,0.33,0.005,0,0.22
36,148,561.5,318,1.35,14.02,0.08,0,3.76
36,149,2501.6,6,0.02,0.27,0.0,0,0.11
36,150,1280.9,52,0.18,1.82,0.005,0,0.79
36,151,516.5,658,2.66,16.82,0.083,0,7.43
36,152,4035.8,2,0.05,0.01,0.0,0,0.1
36,153,586.9,33,0.21,10.26,0.079,0,1.77
36,154,4427.6,9,0.04,0.0,0.0,0,0.2
36,155,2481.6,4,0.04,0.09,0.0,0,0.1
36,156,2188.6,123,0.75,2.86,0.0,0,1.69
36,157,779.3,82,1.83,10.75,0.045,0,2.25
36,158,3248.5,5,0.03,0.02,0.0,0,0.06
36,159,3427.1,5,0.17,0.07,0.0,0,0.49
36,160,1976.0,16,0.19,0.18,0.0,0,0.2
36,161,1886.1,19,0.3,0.95,0.002,0,0.84
36,162,1994.0,54,0.91,1.33,0.001,0,0.92
36,163,3649.7,0,0.01,0.01,0.0,0,0.03
36,164,687.8,50,0.97,20.96,0.064,0,2.27
36,165,3335.0,18,0.23,0.05,0.0,0,0.28
36,166,3721.0,22,0.36,0.05,0.0,0,0.37
36,167,2643.9,57,0.5,0.93,0.0,0,2.09
36,168,1492.2,29,0.11,0.97,0.002,0,0.3
36,169,963.0,79,0.71,3.55,0.024,0,0.97
36,170,2649.5,6,0.06,0.05,0.0,0,0.07
36,171,2274.3,8,0.05,0.13,0.0,0,0.11
36,172,1463.7,2,0.07,0.75,0.003,0,0.23
36,173,1559.5,125,0.94,1.37,0.003,0,1.45
36,174,1990.1,25,0.09,0.63,0.001,0,0.47
36,175,411.4,647,6.6,16.38,0.186,0,13.66
36,176,851.8,164,0.49,5.26,0.006,0,1.65
36,177,833.5,351,1.91,13.03,0.057,0,3.88
36,178,3237.3,20,0.14,0.03,0.0,0,0.23
36,179,2860.9,49,0.28,1.12,0.0,0,1.5
36,180,2283.8,4,0.12,0.57,0.0,0,0.32
36,181,2348.5,3,0.03,0.06,0.0,0,0.08
36,182,2715.6,1,0.0,0.05,0.0,0,0.04
36,183,2922.7,18,0.31,0.08,0.0,0,0.52
36,184,2053.1,13,0.12,0.28,0.0,0,0.35
36,185,2388.4,3,0.25,0.57,0.0,0,0.3
36,186,1464.9,24,0.18,1.57,0.005,0,0.45
36,187,3619.2,10,0.03,0.01,0.0,0,0.12
36,188,592.6,32,0.27,2.33,0.044,0,0.38
36,189,3410.4,1,0.03,0.01,0.0,0,0.06
36,190,1052.9,12,0.08,1.03,0.016,0,0.2
36,191,1627.3,7,0.19,2.82,0.001,0,0.47
36,192,1108.1,6,0.26,7.52,0.006,0,0.33
36,193,583.2,8,0.19,2.63,0.063,0,0.27
36,194,2485.8,10,0.11,0.41,0.0,0,0.13
36,195,3269.0,17,0.21,0.05,0.0,0,0.23
36,196,934.3,4,0.14,1.3,0.015,0,0.19
36,197,1080.7,8,0.14,2.88,0.017,0,0.42
36,198,3986.9,1,0.05,0.01,0.0,0,0.05
36,199,3028.5,1,0.01,0.02,0.0,0,0.05
37,38,1779.4,1,0.04,0.02,0.002,0,0.04
37,39,4857.5,0,0.0,0.0,0.0,0,0.01
37,40,5221.6,0,0.0,0.0,0.0,0,0.02
37,41,361.5,45,0.52,1.25,0.186,0,0.52
37,42,396.9,31,0.26,1.57,0.088,0,0.43
37,43,703.9,3,0.09,0.53,0.048,0,0.13
37,44,1357.7,1,0.01,0.05,0.008,0,0.01
37,45,2363.0,0,0.02,0.01,0.0,0,0.02
37,46,2006.6,0,0.01,0.04,0.001,0,0.01
37,47,3902.3,4,0.02,0.0,0.0,0,0.04
37,48,1977.7,1,0.01,0.09,0.001,0,0.02
37,49,4469.0,0,0.0,0.0,0.0,0,0.0
37,50,4056.6,0,0.01,0.0,0.0,0,0.01
37,51,2159.6,0,0.01,0.02,0.0,0,0.01
37,52,2563.3,0,0.01,0.01,0.0,0,0.01
37,53,1391.4,1,0.03,0.48,0.006,0,0.06
37,54,1974.9,5,0.05,0.1,0.001,0,0.08
37,55,1551.3,6,0.16,0.27,0.004,0,0.18
37,56,2520.6,0,0.01,0.01,0.0,0,0.01
37,57,4199.9,0,0.01,0.0,0.0,0,0.01
37,58,3307.1,0,0.01,0.0,0.0,0,0.02
37,59,816.0,19,0.2,1.07,0.034,0,0.27
37,60,4687.4,0,0.0,0.0,0.0,0,0.01
37,61,1330.2,2,0.04,0.21,0.011,0,0.04
37,62,3094.1,0,0.0,0.0,0.0,0,0.0
37,63,837.1,1,0.02,0.22,0.026,0,0.04
37,64,2882.8,0,0.02,0.01,0.0,0,0.05
37,65,3415.0,3,0.05,0.01,0.0,0,0.1
37,66,3661.8,0,0.01,0.0,0.0,0,0.01
37,67,1978.1,9,0.12,0.21,0.001,0,0.12
37,68,1725.8,3,0.03,0.19,0.002,0,0.04
37,69,4349.3,0,0.0,0.0,0.0,0,0.01
37,70,1017.5,15,0.05,0.72,0.024,0,0.16
37,71,2531.3,13,0.07,0.1,0.0,0,0.14
37,72,661.0,21,0.03,0.87,0.017,0,0.25
37,73,2171.8,4,0.02,0.23,0.001,0,0.11
37,74,4291.5,0,0.0,0.0,0.0,0,0.0
37,75,571.6,7,0.08,1.62,0.039,0,0.31
37,76,1100.1,7,0.1,0.56,0.011,0,0.17
37,77,5215.0,0,0.0,0.0,0.0,0,0.0
37,78,3545.0,1,0.01,0.0,0.0,0,0.02
37,79,3829.8,0,0.0,0.0,0.0,0,0.0
37,80,4322.6,3,0.03,0.0,0.0,0,0.03
37,81,2379.5,1,0.02,0.04,0.0,0,0.03
37,82,2051.6,4,0.07,0.29,0.001,0,0.08
37,83,4482.1,0,0.0,0.0,0.0,0,0.01
37,84,3500.6,0,0.0,0.0,0.0,0,0.01
37,85,2568.2,0,0.01,0.01,0.0,0,0.01
37,86,2325.0,1,0.01,0.05,0.0,0,0.07
37,87,556.4,40,0.11,1.67,0.121,0,0.47
37,88,1512.7,1,0.01,0.08,0.003,0,0.02
37,89,4217.7,1,0.02,0.0,0.0,0,0.02
37,90,3248.0,0,0.02,0.0,0.0,0,0.02
37,91,3681.2,1,0.05,0.01,0.0,0,0.05
37,92,1185.8,1,0.01,0.12,0.007,0,0.02
37,93,1237.0,2,0.05,0.35,0.008,0,0.05
37,94,824.5,7,0.08,0.4,0.048,0,0.08
37,95,4008.9,0,0.0,0.0,0.0,0,0.0
37,96,4143.9,1,0.01,0.0,0.0,0,0.02
37,97,4618.3,0,0.0,0.0,0.0,0,0.01
37,98,1688.1,1,0.01,0.08,0.002,0,0.04
37,99,3715.0,0,0.0,0.0,0.0,0,0.01
37,100,1500.7,0,0.0,0.02,0.003,0,0.01
37,101,4050.5,1,0.0,0.0,0.0,0,0.01
37,102,1083.4,2,0.03,0.3,0.016,0,0.05
37,103,3207.6,0,0.0,0.0,0.0,0,0.01
37,104,2168.2,2,0.0,0.04,0.0,0,0.03
37,105,3490.1,2,0.04,0.0,0.0,0,0.04
37,106,3549.9,7,0.18,0.02,0.0,0,0.27
37,107,2159.4,5,0.06,0.06,0.0,0,0.08
37,108,3055.8,0,0.01,0.01,0.0,0,0.02
37,109,1351.3,0,0.02,0.18,0.002,0,0.05
37,110,4101.5,0,0.0,0.0,0.0,0,0.0
37,111,3999.0,0,0.01,0.0,0.0,0,0.01
37,112,2212.4,2,0.01,0.03,0.0,0,0.04
37,113,2941.6,33,0.07,0.06,0.0,0,0.41
37,114,2160.3,3,0.03,0.02,0.0,0,0.03
37,115,1664.7,7,0.01,0.16,0.001,0,0.08
37,116,4553.1,0,0.0,0.0,0.0,0,0.01
37,117,2964.0,0,0.0,0.0,0.0,0,0.01
37,118,4032.6,1,0.03,0.0,0.0,0,0.04
37,119,3902.7,3,0.01,0.0,0.0,0,0.04
37,120,643.2,24,0.55,2.41,0.101,0,0.57
37,121,2096.9,1,0.01,0.02,0.001,0,0.03
37,122,1784.6,4,0.17,0.38,0.002,0,0.26
37,123,2441.4,0,0.0,0.0,0.0,0,0.01
37,124,3959.1,1,0.01,0.0,0.0,0,0.03
37,125,2852.5,4,0.05,0.1,0.0,0,0.06
37,126,1988.9,0,0.0,0.02,0.001,0,0.01
37,127,1912.3,0,0.02,0.03,0.001,0,0.02
37,128,2460.5,2,0.03,0.03,0.0,0,0.03
37,129,3352.7,0,0.0,0.0,0.0,0,0.0
37,130,5070.5,0,0.0,0.0,0.0,0,0.0
37,131,2135.1,3,0.02,0.06,0.001,0,0.04
37,132,2103.9,0,0.01,0.02,0.001,0,0.02
37,133,3861.8,0,0.0,0.0,0.0,0,0.01
37,134,3932.3,0,0.0,0.0,0.0,0,0.0
37,135,1327.2,11,0.08,1.35,0.008,0,0.36
37,136,896.9,3,0.01,0.16,0.028,0,0.04
37,137,3616.6,0,0.0,0.0,0.0,0,0.01
37,138,3463.4,1,0.03,0.01,0.0,0,0.07
37,139,3482.1,0,0.0,0.0,0.0,0,0.01
37,140,2949.6,1,0.0,0.01,0.0,0,0.03
37,141,4826.4,2,0.02,0.0,0.0,0,0.03
37,142,2524.4,0,0.0,0.0,0.0,0,0.01
37,143,4635.2,0,0.0,0.0,0.0,0,0.01
37,144,1543.1,1,0.02,0.15,0.004,0,0.04
37,145,3653.5,2,0.02,0.0,0.0,0,0.05
37,146,4644.8,0,0.0,0.0,0.0,0,0.0
37,147,2446.8,0,0.01,0.0,0.0,0,0.01
37,148,3941.3,1,0.0,0.0,0.0,0,0.02
37,149,2504.4,1,0.02,0.03,0.0,0,0.03
37,150,2882.0,4,0.02,0.01,0.0,0,0.05
37,151,3362.7,2,0.02,0.01,0.0,0,0.03
37,152,2288.7,1,0.01,0.01,0.0,0,0.03
37,153,3386.3,1,0.0,0.0,0.0,0,0.01
37,154,1017.3,8,0.04,0.57,0.027,0,0.09
37,155,2024.3,0,0.01,0.02,0.001,0,0.01
37,156,1398.0,3,0.19,1.46,0.002,0,0.2
37,157,3913.1,1,0.02,0.0,0.0,0,0.03
37,158,517.2,0,0.02,0.23,0.099,0,0.07
37,159,926.8,6,0.06,0.73,0.013,0,0.16
37,160,2036.7,0,0.01,0.01,0.0,0,0.01
37,161,2305.1,0,0.03,0.11,0.0,0,0.04
37,162,3402.3,2,0.02,0.01,0.0,0,0.05
37,163,2518.3,0,0.0,0.02,0.0,0,0.01
37,164,3015.1,2,0.02,0.03,0.0,0,0.03
37,165,946.7,11,0.05,0.64,0.04,0,0.13
37,166,1525.5,1,0.05,0.53,0.001,0,0.07
37,167,1947.2,5,0.12,0.41,0.0,0,0.14
37,168,2827.7,0,0.01,0.01,0.0,0,0.01
37,169,4374.1,0,0.0,0.0,0.0,0,0.01
37,170,1717.2,1,0.01,0.03,0.001,0,0.01
37,171,2930.6,0,0.0,0.01,0.0,0,0.01
37,172,4640.8,1,0.02,0.0,0.0,0,0.02
37,173,3188.2,0,0.01,0.01,0.0,0,0.04
37,174,2895.2,2,0.02,0.01,0.0,0,0.04
37,175,3170.4,4,0.04,0.01,0.0,0,0.05
37,176,4068.1,0,0.01,0.0,0.0,0,0.02
37,177,4092.3,3,0.04,0.0,0.0,0,0.07
37,178,1690.2,1,0.01,0.11,0.002,0,0.05
37,179,734.2,99,1.4,10.93,0.036,0,1.47
37,180,2075.6,2,0.01,0.11,0.0,0,0.03
37,181,2935.3,0,0.01,0.0,0.0,0,0.01
37,182,1345.1,2,0.02,0.07,0.006,0,0.04
37,183,1146.8,11,0.05,0.37,0.011,0,0.16
37,184,4304.5,0,0.0,0.0,0.0,0,0.01
37,185,4519.4,0,0.0,0.0,0.0,0,0.01
37,186,2299.6,4,0.05,0.04,0.0,0,0.06
37,187,912.9,9,0.12,0.55,0.004,0,0.14
37,188,3237.8,0,0.0,0.0,0.0,0,0.0
37,189,284.8,3,0.12,0.51,0.075,0,0.14
37,190,3650.0,0,0.0,0.0,0.0,0,0.01
37,191,2030.3,7,0.08,0.13,0.001,0,0.14
37,192,3015.6,0,0.01,0.01,0.0,0,0.01
37,193,3896.9,0,0.0,0.0,0.0,0,0.0
37,194,2936.4,0,0.0,0.01,0.0,0,0.01
37,195,1725.5,3,0.02,0.12,0.002,0,0.05
37,196,3882.6,1,0.01,0.0,0.0,0,0.02
37,197,2555.9,0,0.04,0.03,0.0,0,0.04
37,198,657.8,10,0.03,0.38,0.1,0,0.24
37,199,2693.6,0,0.0,0.01,0.0,0,0.01
38,39,3443.8,0,0.01,0.01,0.0,0,0.02
38,40,3483.6,8,0.11,0.02,0.0,0,0.11
38,41,2062.3,4,0.09,0.13,0.001,0,0.11
38,42,1538.2,3,0.03,0.21,0.004,0,0.12
38,43,1712.7,1,0.03,0.14,0.0,0,0.07
38,44,2823.9,0,0.0,0.0,0.0,0,0.0
38,45,2753.7,0,0.0,0.01,0.0,0,0.02
38,46,3115.1,0,0.0,0.01,0.0,0,0.01
38,47,3521.4,3,0.12,0.02,0.0,0,0.14
38,48,239.2,288,1.21,7.28,0.364,0,3.06
38,49,3917.6,0,0.0,0.0,0.0,0,0.0
38,50,3375.5,1,0.03,0.01,0.0,0,0.03
38,51,880.8,8,0.01,0.55,0.025,0,0.09
38,52,3702.3,0,0.01,0.0,0.0,0,0.01
38,53,2506.6,2,0.04,0.06,0.0,0,0.07
38,54,220.4,142,3.93,8.81,0.092,0,6.81
38,55,2702.1,7,0.15,0.1,0.0,0,0.18
38,56,2586.2,1,0.01,0.02,0.0,0,0.02
38,57,3240.1,2,0.01,0.01,0.0,0,0.03
38,58,1758.0,7,0.13,0.2,0.0,0,0.14
38,59,1087.6,15,0.14,1.33,0.015,0,0.34
38,60,3394.3,0,0.01,0.0,0.0,0,0.02
38,61,2284.4,4,0.01,0.05,0.0,0,0.05
38,62,1539.2,3,0.03,0.14,0.003,0,0.03
38,63,1716.7,0,0.0,0.05,0.002,0,0.01
38,64,1558.6,5,0.03,0.5,0.002,0,0.12
38,65,2048.5,19,0.36,0.56,0.001,0,0.48
38,66,3303.4,0,0.02,0.01,0.0,0,0.02
38,67,405.5,55,0.4,5.35,0.162,0,0.63
38,68,2372.5,2,0.0,0.04,0.0,0,0.04
38,69,2878.9,3,0.04,0.01,0.0,0,0.04
38,70,1639.5,4,0.08,0.31,0.003,0,0.09
38,71,1749.9,1,0.09,0.98,0.002,0,0.12
38,72,2307.6,1,0.03,0.06,0.0,0,0.04
38,73,1065.0,49,0.86,1.5,0.021,0,1.24
38,74,3283.4,0,0.0,0.0,0.0,0,0.0
38,75,2338.9,3,0.05,0.13,0.0,0,0.09
38,76,1173.3,7,0.07,0.61,0.013,0,0.1
38,77,3479.5,2,0.0,0.01,0.0,0,0.03
38,78,1771.5,5,0.02,0.12,0.0,0,0.07
38,79,3236.5,0,0.0,0.0,0.0,0,0.01
38,80,2910.9,0,0.01,0.02,0.0,0,0.01
38,81,3412.7,6,0.03,0.01,0.0,0,0.09
38,82,3010.2,4,0.04,0.06,0.0,0,0.08
38,83,3040.1,0,0.01,0.01,0.0,0,0.02
38,84,1868.2,0,0.0,0.05,0.001,0,0.02
38,85,2932.4,0,0.01,0.01,0.0,0,0.02
38,86,856.4,13,0.21,2.64,0.009,0,0.81
38,87,1963.7,1,0.05,0.19,0.0,0,0.08
38,88,2264.0,2,0.03,0.03,0.0,0,0.04
38,89,2514.9,2,0.03,0.11,0.0,0,0.08
38,90,2221.2,6,0.02,0.06,0.0,0,0.12
38,91,3256.5,2,0.03,0.02,0.0,0,0.03
38,92,1319.1,6,0.09,0.32,0.007,0,0.11
38,93,764.9,9,0.09,0.64,0.056,0,0.13
38,94,2528.4,1,0.02,0.02,0.0,0,0.04
38,95,3109.5,0,0.0,0.0,0.0,0,0.01
38,96,3102.2,1,0.01,0.02,0.0,0,0.04
38,97,3238.4,1,0.03,0.01,0.0,0,0.04
38,98,695.6,10,0.15,2.62,0.043,0,0.23
38,99,2774.4,1,0.01,0.03,0.0,0,0.02
38,100,1943.3,0,0.01,0.03,0.001,0,0.01
38,101,3533.3,0,0.01,0.0,0.0,0,0.01
38,102,2577.3,2,0.02,0.03,0.0,0,0.04
38,103,1905.0,2,0.07,0.07,0.0,0,0.08
38,104,1732.5,6,0.03,0.14,0.001,0,0.09
38,105,1845.7,3,0.06,0.24,0.001,0,0.1
38,106,2504.4,5,0.16,0.21,0.0,0,0.22
38,107,662.2,35,0.49,1.2,0.062,0,0.55
38,108,1473.3,14,0.06,0.42,0.005,0,0.19
38,109,734.1,23,0.09,2.59,0.01,0,0.6
38,110,2467.8,0,0.0,0.01,0.0,0,0.01
38,111,3372.1,0,0.02,0.01,0.0,0,0.06
38,112,2073.0,4,0.06,0.14,0.001,0,0.13
38,113,1250.6,56,1.55,2.98,0.011,0,2.63
38,114,842.8,19,0.15,0.68,0.018,0,0.36
38,115,1238.6,6,0.1,0.51,0.011,0,0.12
38,116,3541.2,3,0.03,0.01,0.0,0,0.05
38,117,1922.9,1,0.01,0.04,0.001,0,0.02
38,118,2365.8,9,0.05,0.1,0.0,0,0.1
38,119,2660.1,14,0.02,0.07,0.0,0,0.16
38,120,1152.8,23,0.31,0.98,0.017,0,0.34
38,121,1022.9,4,0.04,0.33,0.016,0,0.05
38,122,1140.2,27,0.33,2.94,0.014,0,0.74
38,123,1795.9,0,0.0,0.04,0.002,0,0.02
38,124,2792.3,2,0.05,0.03,0.0,0,0.06
38,125,1142.4,191,1.36,2.85,0.009,0,2.31
38,126,1511.9,2,0.01,0.19,0.001,0,0.03
38,127,3071.0,0,0.0,0.0,0.0,0,0.01
38,128,3170.0,4,0.05,0.02,0.0,0,0.06
38,129,2349.3,2,0.02,0.02,0.0,0,0.02
38,130,3360.1,0,0.0,0.0,0.0,0,0.0
38,131,3308.9,1,0.01,0.01,0.0,0,0.04
38,132,692.0,7,0.04,0.49,0.035,0,0.1
38,133,3400.7,0,0.01,0.01,0.0,0,0.01
38,134,3155.3,0,0.01,0.01,0.0,0,0.01
38,135,1897.5,10,0.2,0.47,0.001,0,0.26
38,136,1057.8,3,0.05,0.33,0.019,0,0.12
38,137,2949.4,0,0.01,0.01,0.0,0,0.01
38,138,2566.2,2,0.14,0.07,0.0,0,0.16
38,139,1851.8,0,0.0,0.05,0.002,0,0.01
38,140,2199.6,3,0.04,0.11,0.0,0,0.06
38,141,3182.1,1,0.04,0.05,0.0,0,0.09
38,142,2712.7,0,0.0,0.01,0.0,0,0.01
38,143,3257.3,1,0.01,0.01,0.0,0,0.04
38,144,707.8,12,0.47,2.19,0.032,0,0.5
38,145,2033.3,0,0.0,0.28,0.0,0,0.04
38,146,3144.0,0,0.0,0.0,0.0,0,0.01
38,147,1729.7,2,0.01,0.08,0.001,0,0.05
38,148,2351.0,8,0.03,0.1,0.0,0,0.12
38,149,2600.4,1,0.01,0.04,0.0,0,0.02
38,150,2110.2,3,0.01,0.12,0.001,0,0.05
38,151,1760.9,5,0.02,0.15,0.001,0,0.06
38,152,3401.5,0,0.01,0.0,0.0,0,0.01
38,153,2211.6,3,0.04,0.06,0.001,0,0.05
38,154,2452.5,4,0.06,0.08,0.0,0,0.06
38,155,2204.4,0,0.01,0.02,0.0,0,0.01
38,156,1109.4,132,1.23,3.75,0.015,0,2.38
38,157,2248.3,2,0.05,0.06,0.0,0,0.07
38,158,1330.9,2,0.04,0.09,0.01,0,0.08
38,159,2182.6,4,0.04,0.23,0.0,0,0.14
38,160,1771.0,1,0.03,0.04,0.003,0,0.03
38,161,1976.1,5,0.04,0.26,0.0,0,0.08
38,162,2969.5,8,0.05,0.06,0.0,0,0.14
38,163,3324.3,1,0.01,0.0,0.0,0,0.01
38,164,1847.3,14,0.08,0.4,0.001,0,0.23
38,165,2119.4,7,0.17,0.11,0.0,0,0.17
38,166,2749.8,2,0.03,0.05,0.0,0,0.13
38,167,707.4,70,1.45,10.94,0.058,0,1.87
38,168,2198.3,8,0.1,0.04,0.0,0,0.1
38,169,3051.9,0,0.0,0.01,0.0,0,0.01
38,170,2088.4,3,0.03,0.04,0.001,0,0.05
38,171,2779.8,1,0.02,0.01,0.0,0,0.02
38,172,3481.3,0,0.0,0.01,0.0,0,0.02
38,173,1408.8,10,0.13,0.63,0.007,0,0.15
38,174,2577.5,4,0.06,0.03,0.0,0,0.08
38,175,1688.8,32,0.09,0.4,0.001,0,0.45
38,176,2848.0,1,0.02,0.02,0.0,0,0.02
38,177,2440.1,38,0.43,0.17,0.0,0,0.46
38,178,2527.0,1,0.02,0.03,0.0,0,0.04
38,179,1387.9,73,1.29,5.65,0.006,0,1.36
38,180,2088.3,6,0.06,0.18,0.001,0,0.07
38,181,2828.5,0,0.02,0.01,0.0,0,0.02
38,182,622.6,4,0.26,0.85,0.12,0,0.27
38,183,846.9,29,0.59,2.4,0.015,0,0.66
38,184,3609.4,0,0.0,0.0,0.0,0,0.02
38,185,3913.7,1,0.0,0.0,0.0,0,0.03
38,186,641.0,69,0.42,4.24,0.06,0,0.71
38,187,1558.1,4,0.12,0.33,0.003,0,0.12
38,188,1632.4,2,0.02,0.14,0.0,0,0.03
38,189,1551.7,1,0.01,0.06,0.003,0,0.04
38,190,2662.1,1,0.02,0.02,0.0,0,0.02
38,191,510.3,31,0.23,8.12,0.067,0,0.39
38,192,1287.4,14,0.06,0.39,0.007,0,0.18
38,193,2609.3,0,0.0,0.01,0.0,0,0.01
38,194,2912.0,3,0.04,0.02,0.0,0,0.06
38,195,2572.8,4,0.01,0.05,0.0,0,0.05
38,196,2179.0,1,0.01,0.02,0.0,0,0.03
38,197,1508.0,5,0.04,0.34,0.002,0,0.14
38,198,2023.1,2,0.02,0.12,0.001,0,0.06
38,199,3069.7,1,0.01,0.0,0.0,0,0.02
39,40,1697.6,67,0.58,1.62,0.001,0,1.08
39,41,4970.3,3,0.09,0.0,0.0,0,0.13
39,42,4476.8,4,0.01,0.0,0.0,0,0.07
39,43,4353.5,0,0.01,0.0,0.0,0,0.03
39,44,5160.0,0,0.01,0.0,0.0,0,0.02
39,45,3771.2,6,0.04,0.0,0.0,0,0.11
39,46,4838.1,2,0.02,0.0,0.0,0,0.05
39,47,2577.7,30,0.4,0.84,0.0,0,0.42
39,48,3412.1,7,0.1,0.02,0.0,0,0.14
39,49,2307.3,1,0.03,0.08,0.0,0,0.04
39,50,1958.0,12,0.19,0.66,0.001,0,0.21
39,51,3961.5,2,0.07,0.01,0.0,0,0.1
39,52,5175.6,2,0.03,0.0,0.0,0,0.03
39,53,4603.2,5,0.05,0.0,0.0,0,0.06
39,54,3387.6,32,0.16,0.07,0.0,0,0.45
39,55,4716.0,18,0.02,0.0,0.0,0,0.19
39,56,3311.8,0,0.0,0.02,0.0,0,0.02
39,57,1341.9,5,0.22,0.98,0.009,0,0.3
39,58,1692.1,29,0.24,1.27,0.002,0,0.43
39,59,4049.0,31,0.29,0.04,0.0,0,0.48
39,60,410.7,30,0.51,6.58,0.17,0,1.13
39,61,5712.1,9,0.04,0.0,0.0,0,0.11
39,62,1907.2,5,0.08,0.19,0.0,0,0.09
39,63,5110.0,0,0.02,0.0,0.0,0,0.02
39,64,1982.4,18,0.27,1.66,0.0,0,0.71
39,65,1447.7,216,0.56,4.93,0.003,0,3.0
39,66,2602.0,21,0.14,0.16,0.0,0,0.22
39,67,3604.7,19,0.24,0.06,0.0,0,0.43
39,68,4052.6,3,0.03,0.01,0.0,0,0.09
39,69,576.3,38,0.66,3.67,0.089,0,1.45
39,70,5066.0,9,0.06,0.0,0.0,0,0.11
39,71,2444.2,190,1.35,0.51,0.0,0,2.31
39,72,5068.5,12,0.04,0.0,0.0,0,0.16
39,73,2687.7,119,1.02,0.4,0.0,0,3.01
39,74,1216.5,2,0.02,0.47,0.005,0,0.05
39,75,5403.6,9,0.1,0.0,0.0,0,0.17
39,76,4609.9,5,0.02,0.0,0.0,0,0.06
39,77,1671.8,28,0.05,0.76,0.002,0,0.49
39,78,2296.6,14,0.11,0.25,0.0,0,0.2
39,79,2144.7,1,0.02,0.06,0.0,0,0.03
39,80,540.1,39,0.77,7.4,0.074,0,1.26
39,81,4868.4,7,0.01,0.0,0.0,0,0.08
39,82,4594.0,11,0.03,0.01,0.0,0,0.27
39,83,405.6,228,2.92,8.18,0.08,0,5.62
39,84,1662.8,10,0.09,0.38,0.002,0,0.1
39,85,3757.3,2,0.04,0.01,0.0,0,0.04
39,86,2627.6,11,0.58,0.42,0.0,0,0.8
39,87,4688.5,10,0.12,0.0,0.0,0,0.14
39,88,4156.4,2,0.01,0.0,0.0,0,0.06
39,89,1464.6,69,0.88,2.11,0.002,0,1.13
39,90,1733.5,12,0.16,1.27,0.002,0,0.29
39,91,2475.0,35,0.38,0.7,0.0,0,0.65
39,92,3734.2,4,0.05,0.02,0.0,0,0.06
39,93,3646.4,8,0.03,0.01,0.0,0,0.12
39,94,5294.7,2,0.02,0.0,0.0,0,0.04
39,95,1509.9,5,0.02,0.32,0.002,0,0.13
39,96,1181.9,14,0.64,4.0,0.013,0,0.8
39,97,252.2,471,4.97,21.32,0.179,0,5.67
39,98,3194.6,21,0.1,0.06,0.0,0,0.31
39,99,1542.0,5,0.17,1.25,0.004,0,0.2
39,100,3831.8,0,0.0,0.0,0.0,0,0.02
39,101,2307.9,11,0.22,0.16,0.0,0,0.3
39,102,5054.1,0,0.0,0.0,0.0,0,0.02
39,103,1650.0,28,0.31,0.37,0.0,0,0.36
39,104,2899.7,8,0.04,0.07,0.0,0,0.11
39,105,1700.7,23,0.34,1.33,0.002,0,1.01
39,106,1494.5,89,1.48,9.17,0.005,0,2.1
39,107,3693.4,6,0.04,0.02,0.0,0,0.09
39,108,1978.8,36,0.1,0.94,0.001,0,0.38
39,109,3528.7,19,0.22,0.02,0.0,0,0.3
39,110,1210.1,2,0.03,0.29,0.004,0,0.06
39,111,2072.6,7,0.11,0.4,0.0,0,0.23
39,112,3126.1,11,0.14,0.08,0.0,0,0.18
39,113,2271.2,132,0.25,6.15,0.0,0,1.65
39,114,2741.5,9,0.11,0.07,0.0,0,0.13
39,115,3235.5,9,0.53,0.08,0.0,0,0.76
39,116,1189.0,28,0.69,1.53,0.008,0,0.75
39,117,1954.4,1,0.01,0.13,0.001,0,0.07
39,118,1381.0,68,1.34,2.51,0.006,0,1.49
39,119,1013.7,138,0.32,13.57,0.021,0,3.08
39,120,4396.8,19,0.11,0.01,0.0,0,0.29
39,121,2762.6,3,0.03,0.02,0.0,0,0.07
39,122,3088.5,72,0.51,0.21,0.0,0,0.73
39,123,2592.0,5,0.02,0.02,0.0,0,0.06
39,124,1058.1,101,0.83,3.06,0.015,0,1.24
39,125,2391.2,75,0.66,1.9,0.0,0,2.41
39,126,2986.5,4,0.04,0.04,0.0,0,0.05
39,127,4885.5,1,0.02,0.0,0.0,0,0.05
39,128,4306.9,4,0.06,0.01,0.0,0,0.11
39,129,1677.6,8,0.07,0.43,0.002,0,0.17
39,130,1425.7,4,0.01,0.54,0.006,0,0.08
39,131,5021.8,4,0.03,0.0,0.0,0,0.09
39,132,2840.7,2,0.07,0.03,0.0,0,0.09
39,133,2409.6,12,0.04,0.26,0.0,0,0.27
39,134,1770.1,4,0.06,0.32,0.001,0,0.11
39,135,5340.6,3,0.06,0.0,0.0,0,0.21
39,136,3964.2,1,0.11,0.0,0.0,0,0.11
39,137,2034.7,17,0.1,0.29,0.001,0,0.32
39,138,1732.6,5,0.36,2.35,0.001,0,0.47
39,139,1673.7,0,0.01,0.31,0.002,0,0.04
39,140,2191.4,14,0.23,0.64,0.0,0,0.25
39,141,985.2,199,2.42,16.77,0.026,0,4.36
39,142,3485.2,0,0.02,0.0,0.0,0,0.04
39,143,239.7,496,1.43,15.95,0.4,0,7.76
39,144,3335.3,5,0.14,0.03,0.0,0,0.18
39,145,1505.3,275,2.75,2.59,0.004,0,2.82
39,146,408.8,84,0.35,2.8,0.069,0,1.32
39,147,2543.1,4,0.01,0.05,0.0,0,0.05
39,148,1193.3,22,0.71,3.57,0.014,0,1.0
39,149,3354.4,9,0.11,0.05,0.0,0,0.11
39,150,2211.6,24,0.05,0.56,0.0,0,0.38
39,151,1720.6,4,0.04,0.84,0.001,0,0.1
39,152,4979.7,2,0.03,0.0,0.0,0,0.05
39,153,1513.6,115,1.01,1.93,0.003,0,1.22
39,154,5771.1,3,0.03,0.0,0.0,0,0.04
39,155,3500.9,3,0.03,0.01,0.0,0,0.07
39,156,3475.0,56,0.42,0.14,0.0,0,0.93
39,157,1447.8,84,0.21,1.5,0.003,0,0.85
39,158,4592.6,1,0.0,0.0,0.0,0,0.02
39,159,4635.3,9,0.13,0.01,0.0,0,0.25
39,160,3087.6,2,0.02,0.03,0.0,0,0.11
39,161,2914.1,46,0.09,0.09,0.0,0,0.66
39,162,2474.1,50,0.25,0.71,0.0,0,0.6
39,163,4499.6,2,0.02,0.0,0.0,0,0.03
39,164,1856.9,11,0.16,1.46,0.001,0,0.72
39,165,4541.9,4,0.06,0.01,0.0,0,0.1
39,166,4823.3,4,0.12,0.0,0.0,0,0.14
39,167,3944.2,11,0.09,0.08,0.0,0,0.2
39,168,2380.3,9,0.06,0.21,0.0,0,0.12
39,169,531.0,40,0.2,2.87,0.153,0,0.81
39,170,3739.1,1,0.02,0.01,0.0,0,0.04
39,171,2972.0,1,0.04,0.03,0.0,0,0.07
39,172,794.6,38,0.13,3.91,0.038,0,0.7
39,173,2629.4,16,0.18,0.1,0.0,0,0.18
39,174,2734.7,26,0.27,0.19,0.0,0,0.55
39,175,1758.6,55,0.17,2.59,0.001,0,0.63
39,176,906.6,49,0.9,4.82,0.029,0,1.01
39,177,1286.2,455,4.3,16.08,0.012,0,4.74
39,178,4296.6,3,0.03,0.0,0.0,0,0.04
39,179,4154.9,26,0.31,0.09,0.0,0,0.73
39,180,3315.2,2,0.2,0.05,0.0,0,0.27
39,181,3039.1,1,0.04,0.03,0.0,0,0.04
39,182,4063.1,3,0.03,0.0,0.0,0,0.05
39,183,4273.2,22,0.1,0.01,0.0,0,0.27
39,184,1940.2,12,0.05,0.36,0.001,0,0.28
39,185,2191.3,29,0.31,0.5,0.0,0,0.35
39,186,2804.2,5,0.12,0.16,0.0,0,0.19
39,187,4971.3,6,0.04,0.0,0.0,0,0.12
39,188,1841.4,9,0.03,0.39,0.001,0,0.16
39,189,4745.8,0,0.01,0.0,0.0,0,0.02
39,190,1505.1,17,0.35,0.68,0.006,0,0.54
39,191,2978.9,16,0.16,0.25,0.0,0,0.26
39,192,2315.6,33,0.1,0.4,0.0,0,0.49
39,193,984.3,31,0.16,1.85,0.016,0,0.47
39,194,3169.1,31,0.31,0.13,0.0,0,0.37
39,195,4319.5,6,0.09,0.0,0.0,0,0.14
39,196,1631.4,5,0.07,0.41,0.0,0,0.08
39,197,2315.8,17,0.31,0.28,0.0,0,0.43
39,198,5331.0,0,0.02,0.0,0.0,0,0.02
39,199,3797.7,1,0.02,0.0,0.0,0,0.03
40,41,5447.9,13,0.03,0.0,0.0,0,0.17
40,42,4908.8,6,0.06,0.0,0.0,0,0.07
40,43,4931.4,4,0.04,0.0,0.0,0,0.12
40,44,5947.9,3,0.02,0.0,0.0,0,0.04
40,45,4926.3,1,0.04,0.0,0.0,0,0.08
40,46,5858.7,15,0.15,0.0,0.0,0,0.22
40,47,4134.8,10,0.45,0.02,0.0,0,0.5
40,48,3337.3,25,0.11,0.09,0.0,0,0.44
40,49,3964.5,3,0.01,0.0,0.0,0,0.05
40,50,3540.3,42,0.24,0.06,0.0,0,0.96
40,51,3599.4,2,0.02,0.03,0.0,0,0.17
40,52,6314.6,8,0.07,0.0,0.0,0,0.1
40,53,5452.3,17,0.06,0.0,0.0,0,0.2
40,54,3327.9,45,0.54,0.14,0.0,0,1.26
40,55,5610.2,6,0.18,0.0,0.0,0,0.2
40,56,4493.0,11,0.07,0.0,0.0,0,0.16
40,57,2932.3,25,0.24,0.09,0.0,0,0.28
40,58,2045.1,8,0.12,1.55,0.001,0,0.67
40,59,4432.5,21,0.1,0.02,0.0,0,0.23
40,60,2085.1,2,0.1,0.58,0.001,0,0.11
40,61,5666.6,11,0.15,0.0,0.0,0,0.16
40,62,2218.4,2,0.05,0.19,0.0,0,0.06
40,63,5168.5,0,0.02,0.0,0.0,0,0.04
40,64,2608.4,141,0.69,0.52,0.0,0,1.65
40,65,2231.1,42,1.25,1.43,0.0,0,1.27
40,66,4102.4,13,0.1,0.01,0.0,0,0.18
40,67,3440.3,23,0.13,0.16,0.0,0,0.49
40,68,5006.0,6,0.1,0.0,0.0,0,0.18
40,69,1572.7,7,0.02,1.95,0.005,0,0.21
40,70,5052.9,9,0.07,0.0,0.0,0,0.12
40,71,3362.7,37,0.72,0.31,0.0,0,0.94
40,72,5636.1,5,0.06,0.0,0.0,0,0.07
40,73,3231.5,194,0.3,0.35,0.0,0,2.17
40,74,2826.6,1,0.03,0.02,0.0,0,0.11
40,75,5792.4,3,0.12,0.0,0.0,0,0.21
40,76,4587.2,11,0.15,0.0,0.0,0,0.19
40,77,25.9,11011,43.62,26.53,0.789,2,325.4
40,78,1747.6,23,0.06,1.28,0.002,0,0.48
40,79,3674.3,0,0.01,0.0,0.0,0,0.02
40,80,1753.8,53,0.42,1.7,0.002,0,1.08
40,81,5990.2,7,0.04,0.0,0.0,0,0.08
40,82,5645.0,24,0.5,0.0,0.0,0,0.5
40,83,1626.9,9,0.33,0.49,0.003,0,0.68
40,84,1781.7,13,0.08,0.69,0.002,0,0.29
40,85,4975.2,11,0.16,0.0,0.0,0,0.17
40,86,2938.0,10,0.16,0.46,0.0,0,0.36
40,87,5252.1,7,0.03,0.0,0.0,0,0.1
40,88,5039.9,1,0.05,0.0,0.0,0,0.08
40,89,1025.8,174,2.12,7.54,0.015,0,6.07
40,90,2850.7,43,0.11,0.2,0.0,0,0.64
40,91,3976.9,25,0.26,0.06,0.0,0,0.76
40,92,4330.9,0,0.06,0.0,0.0,0,0.07
40,93,4010.9,13,0.07,0.01,0.0,0,0.14
40,94,5870.5,4,0.04,0.0,0.0,0,0.06
40,95,3049.4,1,0.04,0.02,0.0,0,0.06
40,96,2732.4,67,0.86,0.3,0.0,0,1.28
40,97,1810.2,40,0.06,0.82,0.001,0,0.54
40,98,3590.0,7,0.07,0.04,0.0,0,0.2
40,99,2949.0,2,0.19,0.11,0.0,0,0.24
40,100,4669.6,3,0.03,0.0,0.0,0,0.04
40,101,3895.0,5,0.06,0.01,0.0,0,0.06
40,102,5768.1,5,0.02,0.0,0.0,0,0.07
40,103,2441.7,26,0.21,0.14,0.0,0,0.37
40,104,3802.3,2,0.04,0.02,0.0,0,0.1
40,105,1778.8,26,0.12,3.12,0.001,0,0.89
40,106,2756.9,114,1.72,0.75,0.0,0,3.09
40,107,3400.6,25,0.05,0.1,0.0,0,0.33
40,108,2228.8,45,0.32,0.75,0.0,0,0.54
40,109,3907.1,23,0.19,0.02,0.0,0,0.26
40,110,1260.8,19,0.08,0.74,0.008,0,0.21
40,111,3644.1,6,0.2,0.04,0.0,0,0.26
40,112,4145.6,3,0.1,0.02,0.0,0,0.12
40,113,2281.6,53,1.18,4.21,0.0,0,1.31
40,114,3133.3,8,0.12,0.08,0.0,0,0.23
40,115,3887.7,5,0.03,0.05,0.0,0,0.1
40,116,2860.1,23,0.08,0.09,0.0,0,0.25
40,117,2912.8,7,0.06,0.04,0.0,0,0.09
40,118,1254.4,277,1.3,13.29,0.007,0,3.63
40,119,2283.1,80,1.1,0.73,0.0,0,1.21
40,120,4625.5,6,0.03,0.01,0.0,0,0.17
40,121,3296.3,3,0.02,0.02,0.0,0,0.05
40,122,3706.4,27,1.26,0.15,0.0,0,2.07
40,123,3536.6,3,0.09,0.01,0.0,0,0.1
40,124,2445.5,33,0.28,0.58,0.0,0,0.65
40,125,2369.2,198,2.67,3.58,0.0,0,2.79
40,126,3784.0,5,0.01,0.01,0.0,0,0.09
40,127,5874.6,4,0.06,0.0,0.0,0,0.1
40,128,5486.6,14,0.04,0.0,0.0,0,0.26
40,129,2867.6,4,0.09,0.17,0.0,0,0.12
40,130,281.6,34,1.99,5.75,0.106,0,3.26
40,131,6061.1,4,0.11,0.0,0.0,0,0.15
40,132,3148.5,3,0.1,0.03,0.0,0,0.12
40,133,3955.7,9,0.09,0.02,0.0,0,0.11
40,134,3307.5,4,0.04,0.03,0.0,0,0.15
40,135,5228.6,98,0.96,0.01,0.0,0,1.0
40,136,4366.7,5,0.05,0.01,0.0,0,0.08
40,137,3486.4,4,0.03,0.03,0.0,0,0.17
40,138,3043.4,12,0.46,0.26,0.0,0,0.66
40,139,1800.8,5,0.09,0.3,0.001,0,0.12
40,140,3330.6,15,0.18,0.05,0.0,0,0.18
40,141,755.5,255,1.49,42.87,0.047,0,4.34
40,142,4680.4,1,0.01,0.0,0.0,0,0.02
40,143,1816.2,40,0.1,1.83,0.001,0,0.84
40,144,3730.6,2,0.07,0.03,0.0,0,0.09
40,145,1661.1,33,0.78,3.21,0.003,0,0.98
40,146,1396.7,9,0.25,0.72,0.003,0,0.26
40,147,3454.8,2,0.03,0.01,0.0,0,0.04
40,148,1478.4,49,0.68,2.7,0.002,0,2.04
40,149,4533.5,28,0.05,0.01,0.0,0,0.3
40,150,3307.3,9,0.15,0.09,0.0,0,0.15
40,151,1938.4,29,0.14,1.12,0.0,0,0.5
40,152,6066.2,2,0.03,0.0,0.0,0,0.04
40,153,2564.3,12,0.48,0.39,0.0,0,0.57
40,154,5925.9,5,0.04,0.0,0.0,0,0.11
40,155,4510.5,3,0.06,0.0,0.0,0,0.14
40,156,4035.2,85,1.01,0.06,0.0,0,1.07
40,157,1365.6,136,1.01,6.28,0.006,0,1.87
40,158,4810.5,3,0.02,0.0,0.0,0,0.04
40,159,5329.2,37,0.36,0.0,0.0,0,0.46
40,160,3989.0,1,0.06,0.01,0.0,0,0.11
40,161,3919.5,15,0.26,0.04,0.0,0,0.29
40,162,3892.1,64,1.0,0.04,0.0,0,1.02
40,163,5685.6,1,0.01,0.0,0.0,0,0.05
40,164,2722.5,44,0.06,0.5,0.0,0,0.5
40,165,5241.5,9,0.14,0.0,0.0,0,0.21
40,166,5701.9,26,0.43,0.0,0.0,0,0.57
40,167,3685.9,85,0.53,0.22,0.0,0,1.1
40,168,3516.0,29,0.1,0.02,0.0,0,0.31
40,169,2002.2,18,0.17,0.36,0.001,0,0.27
40,170,4656.1,5,0.06,0.0,0.0,0,0.09
40,171,4269.3,5,0.06,0.0,0.0,0,0.06
40,172,2474.1,33,0.39,0.25,0.0,0,0.41
40,173,2155.7,81,0.97,1.12,0.001,0,1.43
40,174,3992.2,1,0.04,0.02,0.0,0,0.08
40,175,2232.2,66,0.14,1.3,0.0,0,1.1
40,176,2306.3,9,0.45,0.37,0.0,0,0.76
40,177,1229.1,151,0.86,18.51,0.004,0,6.3
40,178,5245.8,5,0.04,0.0,0.0,0,0.19
40,179,4650.0,141,1.34,0.04,0.0,0,1.6
40,180,4312.6,36,0.38,0.01,0.0,0,0.45
40,181,4343.0,5,0.07,0.0,0.0,0,0.07
40,182,4061.8,5,0.03,0.0,0.0,0,0.06
40,183,4300.2,71,0.84,0.01,0.0,0,0.95
40,184,3574.8,18,0.2,0.03,0.0,0,0.26
40,185,3856.1,28,0.2,0.04,0.0,0,0.32
40,186,2922.0,41,0.6,0.09,0.0,0,0.65
40,187,4995.9,5,0.01,0.0,0.0,0,0.08
40,188,2046.1,22,0.29,0.26,0.001,0,0.39
40,189,5021.9,0,0.0,0.0,0.0,0,0.01
40,190,2857.0,1,0.07,0.07,0.0,0,0.15
40,191,3195.8,9,0.52,0.17,0.0,0,0.57
40,192,2207.8,13,0.19,0.62,0.0,0,0.25
40,193,2182.7,4,0.07,0.13,0.0,0,0.16
40,194,4481.0,30,0.06,0.01,0.0,0,0.31
40,195,5280.2,14,0.03,0.0,0.0,0,0.15
40,196,1349.4,11,0.06,1.08,0.006,0,0.3
40,197,3070.5,11,0.21,0.08,0.0,0,0.46
40,198,5503.4,18,0.28,0.0,0.0,0,0.29
40,199,5052.3,1,0.03,0.0,0.0,0,0.06
41,42,539.8,53,0.57,10.81,0.14,0,0.73
41,43,639.1,21,0.97,6.33,0.047,0,1.65
41,44,1003.4,4,0.21,0.82,0.007,0,0.25
41,45,2175.5,6,0.07,0.11,0.0,0,0.1
41,46,1691.3,13,0.17,0.55,0.003,0,0.21
41,47,3805.1,4,0.16,0.03,0.0,0,0.16
41,48,2274.0,5,0.21,0.42,0.0,0,0.29
41,49,4391.6,2,0.03,0.0,0.0,0,0.03
41,50,4016.4,7,0.05,0.02,0.0,0,0.16
41,51,2505.5,4,0.04,0.14,0.0,0,0.18
41,52,2230.2,5,0.04,0.24,0.0,0,0.12
41,53,1108.9,82,0.99,5.14,0.012,0,1.59
41,54,2267.8,66,0.2,1.01,0.0,0,0.86
41,55,1248.2,68,2.14,9.54,0.006,0,2.31
41,56,2392.1,4,0.1,0.1,0.0,0,0.15
41,57,4215.6,7,0.02,0.01,0.0,0,0.07
41,58,3484.5,12,0.11,0.04,0.0,0,0.13
41,59,1016.8,295,5.39,10.8,0.012,0,6.41
41,60,4771.0,4,0.06,0.0,0.0,0,0.08
41,61,1577.9,37,0.27,1.17,0.001,0,0.51
41,62,3278.2,1,0.02,0.01,0.0,0,0.02
41,63,1163.1,28,0.11,1.05,0.013,0,0.61
41,64,3020.8,59,0.07,0.13,0.0,0,0.62
41,65,3544.2,36,0.1,0.15,0.0,0,0.83
41,66,3567.5,7,0.03,0.01,0.0,0,0.12
41,67,2295.4,41,0.3,0.97,0.0,0,0.44
41,68,1530.5,38,0.23,1.04,0.004,0,1.06
41,69,4485.3,3,0.04,0.0,0.0,0,0.05
41,70,1356.0,43,0.82,2.36,0.006,0,1.23
41,71,2578.3,111,1.67,0.72,0.0,0,2.34
41,72,299.6,612,1.43,8.53,0.198,1,6.46
41,73,2310.9,14,0.09,1.59,0.0,0,0.83
41,74,4315.7,0,0.01,0.0,0.0,0,0.02
41,75,472.1,248,2.78,17.16,0.127,0,4.42
41,76,1461.5,27,0.2,1.84,0.004,0,0.6
41,77,5439.9,1,0.01,0.0,0.0,0,0.05
41,78,3807.1,13,0.14,0.02,0.0,0,0.19
41,79,3777.9,0,0.01,0.0,0.0,0,0.01
41,80,4443.2,9,0.06,0.0,0.0,0,0.13
41,81,2066.0,11,0.38,0.55,0.0,0,0.43
41,82,1762.8,45,0.84,3.76,0.002,0,1.63
41,83,4608.2,0,0.03,0.0,0.0,0,0.03
41,84,3698.1,5,0.07,0.01,0.0,0,0.07
41,85,2374.6,3,0.16,0.23,0.0,0,0.16
41,86,2519.8,7,0.16,0.34,0.0,0,0.21
41,87,343.5,647,6.3,11.92,0.242,0,8.67
41,88,1314.9,7,0.16,0.58,0.004,0,0.2
41,89,4432.4,2,0.02,0.01,0.0,0,0.12
41,90,3307.7,18,0.03,0.03,0.0,0,0.21
41,91,3599.7,39,0.49,0.04,0.0,0,0.67
41,92,1238.4,2,0.17,0.95,0.003,0,0.27
41,93,1437.1,5,0.09,1.63,0.002,0,0.27
41,94,477.5,163,1.22,6.21,0.065,0,1.68
41,95,4016.4,0,0.01,0.0,0.0,0,0.02
41,96,4179.1,10,0.08,0.01,0.0,0,0.15
41,97,4725.5,3,0.11,0.0,0.0,0,0.12
41,98,1868.5,29,0.23,0.67,0.0,0,0.31
41,99,3739.8,1,0.01,0.02,0.0,0,0.08
41,100,1389.0,4,0.07,0.65,0.003,0,0.09
41,101,3976.7,7,0.11,0.01,0.0,0,0.14
41,102,732.0,80,0.16,5.4,0.028,0,1.07
41,103,3328.6,1,0.03,0.02,0.0,0,0.03
41,104,2175.0,13,0.1,0.18,0.0,0,0.33
41,105,3691.6,7,0.07,0.03,0.0,0,0.16
41,106,3602.7,192,3.61,0.21,0.0,0,3.86
41,107,2489.8,7,0.08,0.23,0.0,0,0.14
41,108,3248.0,6,0.04,0.03,0.0,0,0.19
41,109,1542.3,11,0.31,0.79,0.003,0,0.44
41,110,4290.9,1,0.01,0.0,0.0,0,0.02
41,111,3949.1,13,0.03,0.01,0.0,0,0.16
41,112,2151.5,23,0.04,0.24,0.0,0,0.29
41,113,3167.9,57,1.01,1.08,0.0,0,1.84
41,114,2338.7,10,0.34,0.16,0.0,0,0.34
41,115,1737.0,17,0.03,1.46,0.001,0,0.19
41,116,4572.4,4,0.05,0.0,0.0,0,0.05
41,117,3038.9,3,0.04,0.03,0.0,0,0.1
41,118,4234.6,21,0.31,0.01,0.0,0,0.39
41,119,3989.8,11,0.11,0.02,0.0,0,0.17
41,120,970.2,226,0.46,12.51,0.02,0,2.59
41,121,2237.1,9,0.06,0.07,0.0,0,0.09
41,122,1882.4,65,0.99,1.74,0.001,0,1.65
41,123,2467.5,2,0.06,0.04,0.0,0,0.06
41,124,4027.3,7,0.14,0.01,0.0,0,0.24
41,125,3086.9,35,0.9,0.47,0.0,0,1.66
41,126,2024.1,5,0.04,0.12,0.0,0,0.06
41,127,1591.3,28,0.16,0.56,0.002,0,0.31
41,128,2202.8,7,0.16,0.49,0.0,0,0.17
41,129,3403.3,1,0.03,0.02,0.0,0,0.08
41,130,5282.6,0,0.01,0.0,0.0,0,0.01
41,131,1805.4,40,0.21,0.72,0.001,0,0.45
41,132,2303.4,1,0.06,0.07,0.0,0,0.07
41,133,3782.0,9,0.09,0.02,0.0,0,0.1
41,134,3915.7,3,0.04,0.0,0.0,0,0.07
41,135,1643.9,41,0.64,6.06,0.002,0,0.72
41,136,1081.3,7,0.07,1.89,0.025,0,0.14
41,137,3587.0,1,0.04,0.01,0.0,0,0.05
41,138,3487.4,18,0.16,0.06,0.0,0,0.26
41,139,3679.3,3,0.01,0.0,0.0,0,0.03
41,140,2965.1,12,0.25,0.12,0.0,0,0.27
41,141,5012.0,8,0.28,0.01,0.0,0,0.74
41,142,2369.8,3,0.01,0.03,0.0,0,0.04
41,143,4741.6,7,0.02,0.0,0.0,0,0.17
41,144,1724.6,23,0.53,1.25,0.0,0,0.57
41,145,3844.6,14,0.13,0.05,0.0,0,0.16
41,146,4785.2,2,0.02,0.0,0.0,0,0.05
41,147,2487.0,5,0.06,0.03,0.0,0,0.08
41,148,4118.7,6,0.03,0.01,0.0,0,0.21
41,149,2370.6,24,0.17,0.35,0.0,0,0.33
41,150,2905.5,1,0.09,0.08,0.0,0,0.11
41,151,3553.4,6,0.02,0.03,0.0,0,0.1
41,152,1964.7,10,0.15,0.22,0.0,0,0.24
41,153,3472.9,6,0.06,0.03,0.0,0,0.15
41,154,1144.9,50,0.21,4.37,0.012,0,0.59
41,155,1910.0,1,0.05,0.23,0.001,0,0.08
41,156,1498.0,379,2.33,8.38,0.005,0,4.81
41,157,4115.7,16,0.16,0.01,0.0,0,0.17
41,158,870.0,8,0.05,1.21,0.018,0,0.31
41,159,662.6,159,2.36,12.21,0.009,0,3.54
41,160,2021.1,1,0.09,0.11,0.001,0,0.1
41,161,2276.7,41,0.46,0.38,0.0,0,0.49
41,162,3332.4,8,0.47,0.11,0.0,0,0.67
41,163,2240.3,5,0.09,0.11,0.0,0,0.1
41,164,3114.2,12,0.11,0.11,0.0,0,0.16
41,165,710.8,37,1.35,8.69,0.023,0,3.6
41,166,1207.9,129,1.02,4.81,0.013,0,2.05
41,167,2289.5,63,0.96,1.41,0.0,0,2.73
41,168,2825.0,4,0.09,0.07,0.0,0,0.12
41,169,4470.6,0,0.01,0.0,0.0,0,0.01
41,170,1592.0,1,0.07,0.55,0.002,0,0.11
41,171,2823.9,8,0.08,0.04,0.0,0,0.1
41,172,4692.6,4,0.03,0.0,0.0,0,0.05
41,173,3466.1,2,0.1,0.07,0.0,0,0.16
41,174,2824.6,13,0.06,0.09,0.0,0,0.14
41,175,3334.1,17,0.3,0.1,0.0,0,0.34
41,176,4146.0,5,0.01,0.01,0.0,0,0.11
41,177,4288.3,34,0.46,0.02,0.0,0,0.81
41,178,1451.2,3,0.04,0.78,0.003,0,0.06
41,179,822.4,813,11.36,67.94,0.031,0,11.99
41,180,1994.2,15,0.07,1.23,0.0,0,0.42
41,181,2819.5,2,0.03,0.04,0.0,0,0.04
41,182,1679.3,3,0.04,0.17,0.001,0,0.12
41,183,1493.2,87,0.41,1.3,0.002,0,0.99
41,184,4260.7,5,0.05,0.0,0.0,0,0.06
41,185,4452.0,12,0.11,0.01,0.0,0,0.17
41,186,2534.3,42,0.06,0.27,0.0,0,0.46
41,187,1259.4,9,0.04,2.02,0.01,0,0.32
41,188,3432.2,5,0.06,0.01,0.0,0,0.07
41,189,644.8,23,0.23,1.27,0.048,0,0.43
41,190,3687.1,0,0.03,0.01,0.0,0,0.04
41,191,2254.0,56,0.34,0.66,0.0,0,0.77
41,192,3254.4,15,0.2,0.03,0.0,0,0.27
41,193,3994.9,2,0.01,0.0,0.0,0,0.03
41,194,2803.7,8,0.03,0.13,0.0,0,0.13
41,195,1480.9,49,0.75,1.65,0.002,0,0.93
41,196,4100.7,1,0.05,0.01,0.0,0,0.05
41,197,2654.5,4,0.06,0.13,0.0,0,0.29
41,198,892.6,133,0.87,6.59,0.034,0,1.55
41,199,2491.6,1,0.06,0.03,0.0,0,0.08
42,43,387.8,113,0.98,5.44,0.089,0,1.95
42,44,1351.9,4,0.04,0.36,0.008,0,0.08
42,45,2052.7,6,0.05,0.15,0.0,0,0.1
42,46,1865.6,8,0.17,0.46,0.001,0,0.18
42,47,3527.9,4,0.1,0.07,0.0,0,0.1
42,48,1757.9,33,0.25,1.17,0.002,0,0.35
42,49,4086.5,0,0.01,0.0,0.0,0,0.01
42,50,3665.3,2,0.03,0.01,0.0,0,0.09
42,51,2064.7,3,0.06,0.32,0.001,0,0.11
42,52,2450.1,3,0.07,0.07,0.0,0,0.09
42,53,1220.3,48,0.78,4.56,0.009,0,0.87
42,54,1749.1,36,0.62,2.65,0.001,0,0.74
42,55,1404.6,55,0.49,1.48,0.004,0,0.85
42,56,2167.6,1,0.04,0.15,0.0,0,0.05
42,57,3803.0,1,0.04,0.01,0.0,0,0.16
42,58,2955.9,18,0.08,0.06,0.0,0,0.2
42,59,477.0,295,6.14,20.37,0.193,1,9.28
42,60,4298.2,1,0.01,0.0,0.0,0,0.03
42,61,1658.8,7,0.26,0.63,0.003,0,0.33
42,62,2747.1,1,0.02,0.05,0.0,0,0.04
42,63,1089.8,6,0.14,0.41,0.022,0,0.23
42,64,2509.9,6,0.05,0.24,0.0,0,0.29
42,65,3039.1,21,0.18,0.15,0.0,0,0.28
42,66,3286.8,7,0.01,0.02,0.0,0,0.11
42,67,1801.0,75,0.93,1.32,0.0,0,1.07
42,68,1435.9,11,0.27,2.33,0.001,0,0.33
42,69,3977.2,4,0.04,0.0,0.0,0,0.05
42,70,1228.3,44,0.22,2.71,0.009,0,0.56
42,71,2135.0,16,0.95,1.09,0.0,0,1.03
42,72,769.6,84,0.26,4.9,0.029,0,1.14
42,73,1797.8,20,0.4,3.89,0.001,0,0.92
42,74,3894.7,1,0.01,0.0,0.0,0,0.02
42,75,927.9,101,1.29,5.33,0.014,0,1.71
42,76,1153.8,41,0.93,2.4,0.007,0,1.13
42,77,4900.8,2,0.02,0.0,0.0,0,0.03
42,78,3270.1,5,0.15,0.02,0.0,0,0.21
42,79,3441.2,0,0.0,0.0,0.0,0,0.01
42,80,3944.3,4,0.04,0.01,0.0,0,0.09
42,81,2226.0,3,0.06,0.35,0.0,0,0.29
42,82,1862.9,65,0.52,3.67,0.001,0,1.04
42,83,4106.0,4,0.02,0.01,0.0,0,0.06
42,84,3163.5,2,0.04,0.01,0.0,0,0.05
42,85,2260.1,3,0.12,0.21,0.0,0,0.27
42,86,1984.5,45,0.56,0.97,0.001,0,0.69
42,87,454.4,334,1.77,8.32,0.097,0,4.68
42,88,1233.2,6,0.33,0.54,0.007,0,0.38
42,89,3894.5,2,0.03,0.01,0.0,0,0.07
42,90,2853.5,7,0.07,0.07,0.0,0,0.25
42,91,3301.6,22,0.21,0.1,0.0,0,0.4
42,92,788.9,10,0.06,2.59,0.035,0,0.39
42,93,898.3,16,0.12,2.0,0.005,0,0.42
42,94,991.6,16,0.24,1.05,0.026,0,0.3
42,95,3612.2,1,0.01,0.0,0.0,0,0.01
42,96,3747.5,5,0.04,0.02,0.0,0,0.06
42,97,4235.6,4,0.02,0.01,0.0,0,0.11
42,98,1335.8,29,0.33,1.08,0.009,0,0.39
42,99,3318.1,1,0.01,0.02,0.0,0,0.04
42,100,1154.0,10,0.09,0.53,0.009,0,0.23
42,101,3667.7,2,0.03,0.01,0.0,0,0.04
42,102,1083.8,5,0.37,1.3,0.009,0,0.45
42,103,2828.3,4,0.02,0.03,0.0,0,0.08
42,104,1772.6,2,0.03,0.39,0.001,0,0.1
42,105,3155.9,10,0.13,0.06,0.0,0,0.23
42,106,3154.8,18,0.35,0.33,0.0,0,0.43
42,107,2013.2,18,0.14,0.61,0.0,0,0.2
42,108,2714.4,7,0.07,0.14,0.0,0,0.08
42,109,1005.5,6,0.06,2.04,0.016,0,0.39
42,110,3758.9,0,0.01,0.0,0.0,0,0.01
42,111,3609.8,6,0.04,0.01,0.0,0,0.07
42,112,1831.4,12,0.08,0.43,0.001,0,0.16
42,113,2628.3,81,0.48,2.12,0.0,0,1.5
42,114,1807.9,16,0.08,0.77,0.002,0,0.37
42,115,1269.7,37,0.21,1.54,0.006,0,0.5
42,116,4156.2,1,0.03,0.0,0.0,0,0.03
42,117,2571.6,1,0.01,0.02,0.0,0,0.03
42,118,3699.1,12,0.17,0.03,0.0,0,0.19
42,119,3513.8,0,0.02,0.02,0.0,0,0.05
42,120,547.6,116,0.94,14.61,0.076,0,5.76
42,121,1723.2,5,0.02,0.27,0.0,0,0.07
42,122,1394.8,150,1.79,6.21,0.008,0,1.85
42,123,2044.4,1,0.04,0.06,0.001,0,0.06
42,124,3566.4,4,0.16,0.03,0.0,0,0.17
42,125,2547.0,155,0.88,1.46,0.0,0,1.71
42,126,1591.9,8,0.08,0.25,0.001,0,0.09
42,127,1785.9,17,0.17,0.25,0.0,0,0.18
42,128,2219.6,27,0.05,0.34,0.0,0,0.3
42,129,2957.2,4,0.08,0.03,0.0,0,0.09
42,130,4745.4,0,0.0,0.0,0.0,0,0.01
42,131,2022.3,3,0.04,0.31,0.0,0,0.06
42,132,1766.7,0,0.02,0.19,0.001,0,0.02
42,133,3481.2,0,0.02,0.03,0.0,0,0.04
42,134,3537.4,2,0.03,0.0,0.0,0,0.09
42,135,1571.7,31,0.57,4.93,0.003,0,1.07
42,136,543.3,35,0.48,3.58,0.096,0,0.6
42,137,3223.9,2,0.02,0.05,0.0,0,0.06
42,138,3066.4,10,0.03,0.08,0.0,0,0.22
42,139,3144.7,1,0.01,0.01,0.0,0,0.02
42,140,2552.8,8,0.13,0.16,0.0,0,0.31
42,141,4481.7,9,0.05,0.01,0.0,0,0.19
42,142,2187.4,0,0.01,0.05,0.0,0,0.02
42,143,4252.2,3,0.05,0.01,0.0,0,0.06
42,144,1191.0,37,0.61,2.67,0.012,0,0.83
42,145,3311.8,72,0.3,0.06,0.0,0,0.82
42,146,4274.9,1,0.03,0.0,0.0,0,0.04
42,147,2050.0,3,0.04,0.08,0.001,0,0.06
42,148,3590.7,13,0.09,0.02,0.0,0,0.17
42,149,2154.7,19,0.03,0.3,0.0,0,0.2
42,150,2485.0,4,0.01,0.2,0.0,0,0.07
42,151,3020.5,13,0.04,0.06,0.0,0,0.15
42,152,2158.9,6,0.06,0.11,0.0,0,0.09
42,153,2996.8,2,0.02,0.04,0.0,0,0.05
42,154,1407.9,6,0.12,1.65,0.003,0,0.42
42,155,1668.8,6,0.11,0.24,0.001,0,0.15
42,156,1007.1,175,5.71,12.45,0.019,0,8.23
42,157,3580.0,5,0.04,0.03,0.0,0,0.11
42,158,551.7,25,0.33,2.47,0.115,0,0.36
42,159,776.6,108,1.8,7.17,0.037,0,1.98
42,160,1644.6,5,0.02,0.27,0.001,0,0.09
42,161,1914.6,9,0.41,1.18,0.001,0,0.83
42,162,3019.6,14,0.1,0.13,0.0,0,0.32
42,163,2303.5,3,0.03,0.14,0.0,0,0.11
42,164,2628.4,13,0.2,0.19,0.0,0,0.44
42,165,756.9,358,3.42,5.95,0.045,0,3.71
42,166,1407.5,109,0.93,2.35,0.001,0,1.43
42,167,1841.4,136,0.95,2.27,0.001,0,2.0
42,168,2432.2,2,0.02,0.08,0.0,0,0.1
42,169,3988.1,1,0.09,0.0,0.0,0,0.12
42,170,1373.5,24,0.05,0.56,0.0,0,0.34
42,171,2563.7,7,0.09,0.04,0.0,0,0.1
42,172,4246.0,1,0.03,0.0,0.0,0,0.05
42,173,2934.7,8,0.02,0.08,0.0,0,0.1
42,174,2514.2,20,0.04,0.15,0.0,0,0.22
42,175,2810.9,16,0.22,0.19,0.0,0,0.3
42,176,3677.3,6,0.02,0.02,0.0,0,0.1
42,177,3754.4,20,0.11,0.04,0.0,0,0.23
42,178,1446.6,8,0.05,0.81,0.004,0,0.15
42,179,337.2,2232,22.64,122.91,0.155,7,51.11
42,180,1703.5,28,0.13,1.19,0.001,0,0.32
42,181,2572.8,0,0.01,0.08,0.0,0,0.02
42,182,1224.7,10,0.11,0.52,0.012,0,0.12
42,183,1079.4,19,0.55,5.23,0.01,0,0.87
42,184,3913.6,3,0.01,0.01,0.0,0,0.04
42,185,4133.9,7,0.08,0.02,0.0,0,0.14
42,186,1994.5,8,0.31,0.55,0.0,0,0.38
42,187,1106.3,9,0.2,1.62,0.018,0,0.94
42,188,2898.1,3,0.03,0.02,0.0,0,0.03
42,189,453.2,11,0.61,1.8,0.179,0,0.84
42,190,3253.6,3,0.04,0.02,0.0,0,0.05
42,191,1714.2,25,0.27,1.0,0.003,0,0.61
42,192,2714.6,2,0.05,0.16,0.0,0,0.08
42,193,3510.8,0,0.0,0.0,0.0,0,0.02
42,194,2582.7,27,0.12,0.18,0.0,0,0.32
42,195,1487.1,4,0.13,1.54,0.002,0,0.22
42,196,3562.2,3,0.03,0.01,0.0,0,0.03
42,197,2168.3,29,0.34,0.38,0.0,0,0.45
42,198,1020.7,60,0.27,3.13,0.029,0,0.64
42,199,2391.3,2,0.04,0.05,0.0,0,0.04
43,44,1111.6,4,0.03,0.54,0.012,0,0.17
43,45,1673.1,4,0.04,0.26,0.002,0,0.15
43,46,1513.3,14,0.3,0.46,0.003,0,0.31
43,47,3205.4,12,0.27,0.12,0.0,0,0.28
43,48,1946.8,1,0.02,0.26,0.001,0,0.14
43,49,3780.1,0,0.01,0.0,0.0,0,0.01
43,50,3387.6,14,0.1,0.02,0.0,0,0.15
43,51,2348.9,5,0.05,0.07,0.0,0,0.09
43,52,2105.2,0,0.06,0.12,0.0,0,0.08
43,53,866.1,62,0.52,7.32,0.033,0,2.77
43,54,1932.1,19,0.22,0.83,0.0,0,0.4
43,55,1058.6,40,0.3,4.83,0.019,0,0.83
43,56,1816.8,4,0.03,0.22,0.001,0,0.09
43,57,3576.5,5,0.04,0.01,0.0,0,0.22
43,58,2924.4,4,0.05,0.09,0.0,0,0.07
43,59,638.0,46,1.31,11.35,0.058,0,1.39
43,60,4142.2,2,0.05,0.0,0.0,0,0.08
43,61,2022.8,23,0.33,0.22,0.0,0,0.38
43,62,2727.6,0,0.02,0.03,0.0,0,0.03
43,63,1472.8,2,0.07,0.18,0.004,0,0.1
43,64,2429.6,8,0.32,0.26,0.0,0,0.61
43,65,2942.5,26,0.25,0.2,0.0,0,0.33
43,66,2965.6,2,0.06,0.04,0.0,0,0.07
43,67,2029.2,25,0.29,0.49,0.0,0,0.79
43,68,1049.6,50,0.81,2.35,0.009,0,0.84
43,69,3883.8,2,0.04,0.0,0.0,0,0.05
43,70,1615.8,10,0.1,0.9,0.002,0,0.18
43,71,1943.6,25,0.12,1.82,0.0,0,0.63
43,72,721.9,22,0.05,4.26,0.043,0,0.24
43,73,1730.5,9,0.2,2.07,0.001,0,0.79
43,74,3676.6,1,0.01,0.0,0.0,0,0.01
43,75,1107.2,128,0.69,2.78,0.007,0,2.32
43,76,1524.1,21,0.39,0.51,0.002,0,0.62
43,77,4921.4,2,0.01,0.0,0.0,0,0.02
43,78,3362.8,13,0.12,0.02,0.0,0,0.17
43,79,3153.2,0,0.0,0.01,0.0,0,0.01
43,80,3832.1,4,0.02,0.01,0.0,0,0.1
43,81,1864.0,20,0.69,0.49,0.001,0,0.75
43,82,1489.9,84,1.16,2.79,0.003,0,1.36
43,83,3999.8,2,0.02,0.0,0.0,0,0.03
43,84,3158.2,2,0.0,0.02,0.0,0,0.03
43,85,1879.9,1,0.01,0.19,0.001,0,0.03
43,86,1995.0,4,0.25,0.4,0.001,0,0.33
43,87,335.8,252,3.44,18.55,0.167,0,5.52
43,88,845.5,12,0.27,1.67,0.011,0,0.48
43,89,3907.1,7,0.18,0.01,0.0,0,0.19
43,90,2674.3,3,0.06,0.1,0.0,0,0.06
43,91,2989.7,7,0.14,0.21,0.0,0,0.41
43,92,624.2,76,0.92,1.93,0.106,0,1.36
43,93,977.5,27,0.21,1.56,0.037,0,0.31
43,94,954.8,10,0.11,0.86,0.014,0,0.22
43,95,3377.7,1,0.02,0.0,0.0,0,0.02
43,96,3540.6,2,0.02,0.03,0.0,0,0.05
43,97,4106.5,3,0.02,0.0,0.0,0,0.06
43,98,1347.4,11,0.07,0.99,0.004,0,0.34
43,99,3100.9,9,0.13,0.05,0.0,0,0.13
43,100,796.9,14,0.13,0.74,0.022,0,0.23
43,101,3362.8,3,0.02,0.01,0.0,0,0.09
43,102,873.1,27,0.81,2.28,0.034,0,0.87
43,103,2722.8,4,0.04,0.02,0.0,0,0.05
43,104,1535.9,0,0.01,0.42,0.005,0,0.04
43,105,3156.5,11,0.02,0.03,0.0,0,0.13
43,106,2967.3,38,0.58,0.35,0.0,0,0.99
43,107,2261.5,9,0.03,0.23,0.0,0,0.27
43,108,2707.1,15,0.26,0.14,0.0,0,0.29
43,109,1058.0,5,0.06,2.25,0.021,0,0.28
43,110,3736.7,0,0.01,0.0,0.0,0,0.01
43,111,3323.9,2,0.03,0.02,0.0,0,0.05
43,112,1527.4,24,0.2,0.92,0.004,0,0.26
43,113,2673.5,77,0.76,0.98,0.0,0,0.81
43,114,1798.2,9,0.05,0.45,0.001,0,0.11
43,115,1119.4,50,0.26,2.12,0.011,0,0.58
43,116,3933.3,0,0.02,0.0,0.0,0,0.02
43,117,2411.1,3,0.04,0.03,0.0,0,0.05
43,118,3695.1,21,0.14,0.02,0.0,0,0.23
43,119,3363.9,25,0.11,0.02,0.0,0,0.33
43,120,900.6,71,2.19,5.89,0.017,0,2.89
43,121,1659.1,4,0.02,0.22,0.002,0,0.07
43,122,1277.9,328,2.29,4.21,0.006,0,4.03
43,123,1829.3,0,0.02,0.1,0.001,0,0.03
43,124,3394.9,13,0.05,0.03,0.0,0,0.17
43,125,2606.5,35,0.16,0.69,0.0,0,0.42
43,126,1388.7,5,0.04,0.41,0.002,0,0.07
43,127,1442.6,4,0.25,1.12,0.002,0,0.36
43,128,1832.9,13,0.08,0.6,0.002,0,0.23
43,129,2767.7,2,0.01,0.1,0.0,0,0.04
43,130,4748.5,0,0.0,0.0,0.0,0,0.0
43,131,1682.7,15,0.14,0.57,0.001,0,0.34
43,132,1791.0,3,0.06,0.12,0.001,0,0.08
43,133,3171.2,6,0.13,0.04,0.0,0,0.15
43,134,3280.3,1,0.06,0.01,0.0,0,0.07
43,135,1957.6,82,0.45,1.19,0.001,0,0.94
43,136,655.2,44,0.37,1.44,0.067,0,0.51
43,137,2954.4,7,0.06,0.02,0.0,0,0.12
43,138,2848.4,7,0.22,0.11,0.0,0,0.39
43,139,3139.1,1,0.01,0.01,0.0,0,0.03
43,140,2326.0,34,0.25,0.13,0.0,0,0.38
43,141,4449.7,9,0.01,0.01,0.0,0,0.11
43,142,1822.4,5,0.08,0.1,0.001,0,0.11
43,143,4122.2,0,0.02,0.0,0.0,0,0.03
43,144,1213.0,11,0.36,1.9,0.015,0,0.37
43,145,3296.0,1,0.02,0.1,0.0,0,0.09
43,146,4185.6,0,0.0,0.0,0.0,0,0.01
43,147,1851.1,5,0.01,0.16,0.001,0,0.06
43,148,3553.4,2,0.07,0.03,0.0,0,0.13
43,149,1800.5,5,0.03,0.74,0.002,0,0.09
43,150,2266.7,20,0.25,0.21,0.0,0,0.46
43,151,3007.1,6,0.08,0.09,0.0,0,0.09
43,152,1808.5,1,0.02,0.31,0.002,0,0.07
43,153,2848.1,1,0.03,0.04,0.0,0,0.07
43,154,1709.1,17,0.2,1.0,0.001,0,0.27
43,155,1321.1,5,0.13,0.59,0.009,0,0.17
43,156,907.8,152,0.8,20.81,0.04,0,4.32
43,157,3577.9,4,0.03,0.02,0.0,0,0.2
43,158,935.1,13,0.16,1.19,0.017,0,0.21
43,159,472.2,536,1.99,17.26,0.1,0,5.4
43,160,1383.2,8,0.06,0.36,0.004,0,0.09
43,161,1641.7,65,0.2,2.05,0.001,0,0.73
43,162,2715.6,7,0.1,0.24,0.0,0,0.16
43,163,1920.9,9,0.07,0.15,0.001,0,0.1
43,164,2496.9,13,0.16,0.25,0.0,0,0.35
43,165,420.5,143,4.16,9.7,0.192,0,6.72
43,166,1079.1,52,0.32,3.09,0.006,0,1.42
43,167,2123.2,11,0.19,1.19,0.0,0,0.64
43,168,2186.6,12,0.09,0.19,0.0,0,0.15
43,169,3847.4,1,0.01,0.0,0.0,0,0.02
43,170,1013.4,19,0.16,0.58,0.03,0,0.24
43,171,2230.0,7,0.01,0.1,0.0,0,0.09
43,172,4055.8,3,0.01,0.01,0.0,0,0.04
43,173,3059.4,8,0.07,0.05,0.0,0,0.11
43,174,2207.2,3,0.19,0.35,0.0,0,0.33
43,175,2762.0,12,0.13,0.2,0.0,0,0.18
43,176,3516.4,2,0.03,0.02,0.0,0,0.04
43,177,3741.5,23,0.23,0.04,0.0,0,0.24
43,178,1061.3,11,0.03,2.08,0.015,0,0.28
43,179,324.9,2588,5.77,62.95,0.291,6,26.66
43,180,1380.7,41,0.37,2.2,0.004,0,0.42
43,181,2233.1,2,0.07,0.11,0.0,0,0.15
43,182,1517.0,8,0.07,0.29,0.005,0,0.08
43,183,1408.0,19,0.47,1.61,0.004,0,0.58
43,184,3633.4,3,0.04,0.01,0.0,0,0.06
43,185,3835.2,14,0.14,0.02,0.0,0,0.24
43,186,2067.7,6,0.08,0.34,0.001,0,0.16
43,187,1494.1,10,0.2,0.63,0.006,0,0.2
43,188,2891.5,0,0.01,0.01,0.0,0,0.02
43,189,834.8,3,0.05,0.77,0.037,0,0.1
43,190,3049.1,4,0.06,0.03,0.0,0,0.07
43,191,1779.1,30,0.15,1.33,0.002,0,0.54
43,192,2777.9,1,0.09,0.05,0.0,0,0.09
43,193,3373.5,2,0.01,0.01,0.0,0,0.02
43,194,2232.5,6,0.06,0.16,0.0,0,0.11
43,195,1102.5,56,0.32,2.48,0.021,0,0.6
43,196,3582.9,2,0.01,0.0,0.0,0,0.03
43,197,2040.1,16,0.04,0.28,0.0,0,0.24
43,198,1360.8,30,0.35,0.71,0.008,0,0.43
43,199,2009.4,5,0.03,0.12,0.0,0,0.06
44,45,1694.3,2,0.04,0.08,0.002,0,0.05
44,46,807.3,1,0.02,0.41,0.027,0,0.09
44,47,3460.0,2,0.01,0.03,0.0,0,0.05
44,48,3057.2,3,0.02,0.02,0.0,0,0.03
44,49,4075.7,0,0.0,0.0,0.0,0,0.0
44,50,3820.6,1,0.01,0.01,0.0,0,0.04
44,51,3416.4,1,0.02,0.0,0.0,0,0.04
44,52,1260.9,2,0.02,0.18,0.002,0,0.07
44,53,567.0,13,0.16,2.31,0.016,0,0.39
44,54,3043.1,1,0.03,0.02,0.0,0,0.04
44,55,523.0,49,0.57,7.0,0.072,0,0.58
44,56,2067.0,1,0.02,0.06,0.0,0,0.04
44,57,4165.4,2,0.02,0.0,0.0,0,0.04
44,58,3908.0,2,0.01,0.0,0.0,0,0.03
44,59,1742.2,2,0.02,0.29,0.001,0,0.1
44,60,4886.4,0,0.0,0.0,0.0,0,0.01
44,61,2504.5,1,0.02,0.03,0.0,0,0.04
44,62,3729.5,0,0.0,0.0,0.0,0,0.01
44,63,2160.9,0,0.0,0.02,0.0,0,0.01
44,64,3366.6,3,0.03,0.02,0.0,0,0.07
44,65,3836.4,2,0.05,0.01,0.0,0,0.06
44,66,3243.6,4,0.03,0.0,0.0,0,0.07
44,67,3130.6,6,0.15,0.02,0.0,0,0.16
44,68,1157.8,9,0.09,0.86,0.006,0,0.14
44,69,4755.9,0,0.0,0.0,0.0,0,0.0
44,70,2357.7,3,0.04,0.06,0.0,0,0.07
44,71,2723.5,9,0.23,0.12,0.0,0,0.25
44,72,712.1,14,0.32,1.37,0.049,0,0.36
44,73,2716.6,7,0.06,0.06,0.0,0,0.12
44,74,4284.8,0,0.0,0.0,0.0,0,0.0
44,75,1231.4,4,0.26,1.17,0.01,0,0.33
44,76,2445.6,1,0.0,0.06,0.0,0,0.03
44,77,5935.6,0,0.0,0.0,0.0,0,0.01
44,78,4448.3,1,0.0,0.0,0.0,0,0.02
44,79,3561.8,0,0.0,0.0,0.0,0,0.0
44,80,4672.5,0,0.0,0.0,0.0,0,0.01
44,81,1161.6,25,0.19,1.02,0.012,0,0.32
44,82,978.2,28,0.24,3.29,0.007,0,0.58
44,83,4846.9,0,0.0,0.0,0.0,0,0.01
44,84,4166.4,0,0.0,0.0,0.0,0,0.0
44,85,1848.9,2,0.07,0.06,0.001,0,0.09
44,86,3043.4,13,0.1,0.02,0.0,0,0.18
44,87,897.7,34,0.32,0.98,0.013,0,0.35
44,88,1012.3,20,0.02,0.36,0.018,0,0.22
44,89,4923.2,2,0.06,0.0,0.0,0,0.07
44,90,3427.2,0,0.01,0.01,0.0,0,0.02
44,91,3310.0,6,0.04,0.02,0.0,0,0.13
44,92,1635.4,1,0.03,0.12,0.002,0,0.04
44,93,2084.2,0,0.01,0.06,0.0,0,0.01
44,94,668.6,6,0.13,0.82,0.058,0,0.17
44,95,3952.8,0,0.0,0.0,0.0,0,0.0
44,96,4184.6,2,0.04,0.0,0.0,0,0.04
44,97,4907.8,1,0.01,0.0,0.0,0,0.03
44,98,2417.6,4,0.04,0.05,0.0,0,0.05
44,99,3738.6,0,0.0,0.0,0.0,0,0.02
44,100,1330.6,1,0.01,0.09,0.01,0,0.02
44,101,3688.8,1,0.01,0.0,0.0,0,0.01
44,102,275.6,91,0.78,4.79,0.121,0,1.3
44,103,3610.8,0,0.01,0.0,0.0,0,0.01
44,104,2263.0,1,0.03,0.04,0.0,0,0.07
44,105,4170.8,2,0.01,0.0,0.0,0,0.04
44,106,3685.8,7,0.05,0.03,0.0,0,0.14
44,107,3354.6,1,0.01,0.01,0.0,0,0.02
44,108,3722.2,1,0.01,0.01,0.0,0,0.02
44,109,2156.3,1,0.0,0.04,0.0,0,0.03
44,110,4715.4,0,0.0,0.0,0.0,0,0.0
44,111,3729.6,0,0.0,0.0,0.0,0,0.01
44,112,2058.1,5,0.01,0.1,0.001,0,0.06
44,113,3734.7,6,0.16,0.03,0.0,0,0.24
44,114,2836.5,4,0.01,0.01,0.0,0,0.05
44,115,2060.3,0,0.03,0.08,0.001,0,0.04
44,116,4517.4,0,0.0,0.0,0.0,0,0.0
44,117,3217.8,0,0.0,0.0,0.0,0,0.01
44,118,4695.9,3,0.06,0.0,0.0,0,0.08
44,119,4146.5,1,0.02,0.0,0.0,0,0.03
44,120,1889.1,2,0.07,0.21,0.001,0,0.12
44,121,2652.8,0,0.01,0.01,0.0,0,0.02
44,122,2241.5,15,0.1,0.22,0.0,0,0.23
44,123,2569.3,0,0.01,0.01,0.0,0,0.01
44,124,4130.3,1,0.01,0.0,0.0,0,0.02
44,125,3678.5,11,0.12,0.02,0.0,0,0.18
44,126,2208.1,0,0.02,0.02,0.0,0,0.03
44,127,693.8,5,0.14,0.55,0.034,0,0.17
44,128,1481.8,8,0.04,0.31,0.003,0,0.1
44,129,3492.4,0,0.01,0.0,0.0,0,0.01
44,130,5744.5,0,0.0,0.0,0.0,0,0.0
44,131,857.9,22,0.21,0.95,0.035,0,0.48
44,132,2854.7,0,0.0,0.0,0.0,0,0.01
44,133,3487.1,0,0.01,0.01,0.0,0,0.01
44,134,3790.6,1,0.01,0.0,0.0,0,0.02
44,135,2632.4,3,0.24,0.13,0.0,0,0.28
44,136,1766.1,0,0.03,0.09,0.001,0,0.04
44,137,3443.8,0,0.0,0.0,0.0,0,0.01
44,138,3498.5,2,0.05,0.02,0.0,0,0.06
44,139,4147.3,0,0.0,0.0,0.0,0,0.01
44,140,2990.3,2,0.04,0.01,0.0,0,0.06
44,141,5404.8,3,0.01,0.0,0.0,0,0.06
44,142,1967.7,1,0.0,0.01,0.001,0,0.02
44,143,4921.1,0,0.0,0.0,0.0,0,0.02
44,144,2293.9,4,0.05,0.07,0.0,0,0.16
44,145,4290.0,4,0.02,0.0,0.0,0,0.05
44,146,5057.9,0,0.0,0.0,0.0,0,0.01
44,147,2623.9,0,0.0,0.0,0.0,0,0.01
44,148,4516.3,1,0.01,0.0,0.0,0,0.03
44,149,2031.9,4,0.03,0.21,0.001,0,0.06
44,150,2957.4,0,0.01,0.01,0.0,0,0.02
44,151,4009.5,2,0.01,0.0,0.0,0,0.05
44,152,1029.9,6,0.02,0.49,0.021,0,0.08
44,153,3654.6,4,0.04,0.0,0.0,0,0.05
44,154,1966.4,4,0.1,0.17,0.001,0,0.11
44,155,1704.0,3,0.02,0.05,0.002,0,0.05
44,156,1930.3,3,0.03,0.76,0.0,0,0.21
44,157,4582.7,3,0.01,0.0,0.0,0,0.03
44,158,1835.9,3,0.03,0.04,0.001,0,0.03
44,159,647.2,50,0.26,2.79,0.053,0,0.77
44,160,2073.3,0,0.0,0.03,0.0,0,0.01
44,161,2255.3,3,0.11,0.12,0.0,0,0.25
44,162,3092.2,12,0.06,0.03,0.0,0,0.16
44,163,1445.9,8,0.04,0.06,0.003,0,0.09
44,164,3351.9,1,0.04,0.02,0.0,0,0.06
44,165,723.3,18,0.25,1.82,0.037,0,0.39
44,166,415.8,81,0.62,3.7,0.212,0,1.26
44,167,3192.7,30,0.22,0.05,0.0,0,0.3
44,168,2812.7,0,0.01,0.01,0.0,0,0.03
44,169,4632.7,0,0.0,0.0,0.0,0,0.0
44,170,1428.6,2,0.04,0.18,0.002,0,0.04
44,171,2517.7,1,0.02,0.02,0.0,0,0.03
44,172,4722.6,0,0.0,0.0,0.0,0,0.01
44,173,4160.7,1,0.01,0.0,0.0,0,0.04
44,174,2622.6,1,0.04,0.03,0.0,0,0.09
44,175,3728.9,1,0.03,0.01,0.0,0,0.03
44,176,4270.5,1,0.01,0.0,0.0,0,0.02
44,177,4731.3,3,0.04,0.0,0.0,0,0.06
44,178,942.2,2,0.06,1.06,0.03,0,0.12
44,179,1436.0,71,0.42,2.34,0.007,0,1.22
44,180,1868.7,7,0.09,0.2,0.001,0,0.12
44,181,2486.8,0,0.03,0.01,0.0,0,0.03
44,182,2576.3,0,0.01,0.01,0.0,0,0.02
44,183,2425.6,2,0.02,0.06,0.0,0,0.03
44,184,4043.9,0,0.0,0.0,0.0,0,0.01
44,185,4161.5,1,0.02,0.0,0.0,0,0.03
44,186,3154.5,8,0.06,0.02,0.0,0,0.11
44,187,2262.7,1,0.01,0.04,0.0,0,0.03
44,188,3903.2,0,0.01,0.0,0.0,0,0.01
44,189,1631.5,0,0.01,0.05,0.002,0,0.02
44,190,3722.4,0,0.0,0.0,0.0,0,0.01
44,191,2866.2,1,0.02,0.03,0.0,0,0.05
44,192,3850.4,1,0.01,0.0,0.0,0,0.01
44,193,4180.8,0,0.0,0.0,0.0,0,0.0
44,194,2422.6,2,0.01,0.05,0.0,0,0.04
44,195,940.1,22,0.1,1.45,0.019,0,0.4
44,196,4611.1,0,0.0,0.0,0.0,0,0.01
44,197,2926.6,1,0.01,0.02,0.0,0,0.02
44,198,1844.5,1,0.05,0.22,0.002,0,0.09
44,199,1926.5,1,0.01,0.04,0.0,0,0.02
45,46,1106.8,7,0.22,0.77,0.007,0,0.24
45,47,1767.1,14,0.1,0.75,0.002,0,0.24
45,48,2975.1,4,0.03,0.06,0.0,0,0.09
45,49,2383.5,1,0.01,0.01,0.0,0,0.02
45,50,2170.5,7,0.07,0.12,0.0,0,0.16
45,51,3604.2,1,0.01,0.01,0.0,0,0.02
45,52,1411.4,4,0.06,0.34,0.005,0,0.09
45,53,1176.2,24,0.08,0.93,0.006,0,0.6
45,54,2946.3,14,0.08,0.08,0.0,0,0.27
45,55,1171.3,4,0.1,2.04,0.003,0,0.24
45,56,459.4,9,0.13,3.08,0.172,0,0.69
45,57,2599.4,0,0.01,0.03,0.0,0,0.02
45,58,2959.5,8,0.09,0.04,0.0,0,0.09
45,59,2055.2,5,0.03,0.36,0.0,0,0.18
45,60,3433.9,1,0.01,0.01,0.0,0,0.02
45,61,3692.0,6,0.03,0.01,0.0,0,0.08
45,62,2855.5,0,0.0,0.02,0.0,0,0.01
45,63,3142.4,0,0.01,0.01,0.0,0,0.01
45,64,2386.5,3,0.04,0.16,0.0,0,0.07
45,65,2695.3,5,0.16,0.2,0.0,0,0.17
45,66,1555.9,5,0.06,0.42,0.005,0,0.11
45,67,3156.6,7,0.07,0.1,0.0,0,0.13
45,68,645.1,107,0.27,6.42,0.088,0,1.15
45,69,3490.0,0,0.01,0.01,0.0,0,0.02
45,70,3273.3,7,0.05,0.03,0.0,0,0.15
45,71,1588.8,59,1.06,2.15,0.003,0,1.69
45,72,2045.0,11,0.18,0.14,0.0,0,0.18
45,73,2010.4,8,0.11,1.38,0.001,0,0.44
45,74,2728.8,0,0.0,0.01,0.0,0,0.01
45,75,2616.4,9,0.17,0.11,0.0,0,0.19
45,76,3099.8,4,0.03,0.02,0.0,0,0.06
45,77,4908.2,0,0.01,0.0,0.0,0,0.01
45,78,3816.6,4,0.05,0.01,0.0,0,0.05
45,79,1908.8,1,0.0,0.05,0.001,0,0.02
45,80,3361.1,6,0.07,0.01,0.0,0,0.08
45,81,1098.0,21,0.38,2.15,0.012,0,0.64
45,82,852.8,138,0.36,12.27,0.015,0,2.09
45,83,3534.4,0,0.0,0.01,0.0,0,0.02
45,84,3255.5,0,0.01,0.01,0.0,0,0.02
45,85,207.6,222,2.15,5.46,0.365,0,2.48
45,86,2444.5,19,0.13,0.22,0.0,0,0.37
45,87,1842.7,32,0.25,0.33,0.002,0,0.35
45,88,860.8,18,0.17,0.64,0.012,0,0.48
45,89,3966.0,8,0.05,0.01,0.0,0,0.11
45,90,2106.3,7,0.14,0.2,0.0,0,0.14
45,91,1631.3,55,0.15,0.86,0.002,0,0.89
45,92,1538.6,3,0.02,0.36,0.004,0,0.07
45,93,2074.7,8,0.07,0.17,0.001,0,0.1
45,94,2176.6,2,0.05,0.1,0.0,0,0.06
45,95,2386.7,1,0.02,0.01,0.0,0,0.02
45,96,2665.4,5,0.06,0.07,0.0,0,0.06
45,97,3525.2,0,0.02,0.01,0.0,0,0.03
45,98,2078.7,6,0.07,0.14,0.001,0,0.18
45,99,2243.5,6,0.06,0.1,0.0,0,0.09
45,100,924.7,1,0.01,0.39,0.002,0,0.03
45,101,2004.8,8,0.04,0.14,0.001,0,0.09
45,102,1746.4,1,0.02,0.24,0.001,0,0.08
45,103,2488.4,3,0.03,0.03,0.0,0,0.05
45,104,1216.8,10,0.14,1.71,0.007,0,0.25
45,105,3278.0,4,0.02,0.02,0.0,0,0.06
45,106,2287.4,19,0.06,1.01,0.0,0,0.43
45,107,3414.7,4,0.05,0.01,0.0,0,0.06
45,108,2888.5,2,0.02,0.02,0.0,0,0.07
45,109,2052.7,25,0.21,0.15,0.001,0,0.29
45,110,3671.8,0,0.0,0.0,0.0,0,0.02
45,111,2070.3,2,0.03,0.3,0.0,0,0.12
45,112,820.3,38,0.11,3.38,0.002,0,0.53
45,113,3064.8,39,0.35,0.2,0.0,0,0.65
45,114,2251.8,3,0.05,0.12,0.0,0,0.11
45,115,1524.5,16,0.45,0.9,0.0,0,0.45
45,116,2933.1,10,0.1,0.06,0.0,0,0.12
45,117,2013.6,0,0.01,0.07,0.0,0,0.02
45,118,3712.5,16,0.06,0.02,0.0,0,0.18
45,119,2790.1,7,0.03,0.09,0.0,0,0.16
45,120,2483.1,5,0.14,0.12,0.0,0,0.21
45,121,1986.5,0,0.01,0.07,0.001,0,0.01
45,122,1660.4,18,0.52,1.48,0.002,0,0.63
45,123,1417.1,1,0.01,0.12,0.007,0,0.07
45,124,2713.6,4,0.14,0.06,0.0,0,0.22
45,125,3065.3,46,0.52,0.25,0.0,0,0.53
45,126,1351.5,3,0.02,0.2,0.006,0,0.06
45,127,1180.2,7,0.07,0.84,0.007,0,0.1
45,128,560.3,20,0.27,5.51,0.139,0,0.48
45,129,2123.9,5,0.05,0.11,0.001,0,0.06
45,130,4676.5,0,0.0,0.0,0.0,0,0.0
45,131,1268.9,14,0.07,1.15,0.008,0,0.18
45,132,2360.8,3,0.03,0.05,0.0,0,0.05
45,133,1803.7,11,0.06,0.45,0.001,0,0.13
45,134,2185.4,1,0.03,0.06,0.0,0,0.05
45,135,3621.7,22,0.22,0.03,0.0,0,0.26
45,136,2000.5,0,0.01,0.08,0.0,0,0.03
45,137,1843.3,4,0.07,0.14,0.001,0,0.17
45,138,2038.6,14,0.17,0.35,0.001,0,0.29
45,139,3238.8,0,0.02,0.0,0.0,0,0.02
45,140,1618.4,13,0.02,0.44,0.003,0,0.17
45,141,4257.5,15,0.2,0.01,0.0,0,0.2
45,142,297.7,71,0.73,0.64,0.223,0,0.82
45,143,3534.6,9,0.09,0.01,0.0,0,0.12
45,144,2045.9,4,0.1,0.35,0.001,0,0.11
45,145,3325.6,2,0.02,0.02,0.0,0,0.07
45,146,3772.9,1,0.0,0.0,0.0,0,0.01
45,147,1508.1,1,0.01,0.16,0.004,0,0.03
45,148,3451.0,15,0.15,0.02,0.0,0,0.2
45,149,416.8,43,0.83,5.97,0.148,0,1.03
45,150,1627.5,9,0.05,0.46,0.001,0,0.12
45,151,3099.9,2,0.12,0.05,0.0,0,0.12
45,152,1210.3,6,0.2,0.83,0.007,0,0.28
45,153,2384.0,5,0.05,0.11,0.0,0,0.06
45,154,3320.0,2,0.03,0.02,0.0,0,0.07
45,155,553.3,21,0.29,2.6,0.146,0,0.45
45,156,1657.9,62,0.28,4.37,0.001,0,0.67
45,157,3620.3,4,0.03,0.01,0.0,0,0.05
45,158,2572.4,2,0.02,0.02,0.0,0,0.03
45,159,1526.5,13,0.04,0.81,0.003,0,0.37
45,160,1074.6,8,0.05,0.68,0.021,0,0.11
45,161,1033.3,28,0.25,2.91,0.025,0,0.41
45,162,1444.0,75,0.44,1.34,0.002,0,0.85
45,163,759.3,7,0.1,0.92,0.043,0,0.11
45,164,2208.2,32,0.36,0.26,0.0,0,0.37
45,165,1466.2,39,0.16,0.83,0.005,0,0.44
45,166,1280.2,50,0.71,2.74,0.005,0,0.87
45,167,3395.1,2,0.1,0.17,0.0,0,0.17
45,168,1426.6,13,0.1,0.42,0.004,0,0.16
45,169,3244.9,1,0.0,0.01,0.0,0,0.02
45,170,716.7,7,0.11,0.78,0.023,0,0.19
45,171,862.2,2,0.03,0.86,0.02,0,0.09
45,172,3198.1,3,0.04,0.02,0.0,0,0.06
45,173,3677.7,0,0.08,0.01,0.0,0,0.08
45,174,1045.1,13,0.13,1.33,0.016,0,0.41
45,175,2761.7,16,0.27,0.12,0.0,0,0.31
45,176,2866.5,1,0.03,0.03,0.0,0,0.08
45,177,3715.0,7,0.09,0.03,0.0,0,0.1
45,178,773.8,8,0.36,2.12,0.038,0,0.37
45,179,1815.7,24,0.16,3.43,0.001,0,0.43
45,180,708.3,58,0.6,6.21,0.035,0,1.72
45,181,816.9,14,0.09,1.42,0.014,0,0.25
45,182,2896.3,0,0.03,0.01,0.0,0,0.03
45,183,2886.3,7,0.08,0.07,0.0,0,0.09
45,184,2378.8,4,0.05,0.08,0.0,0,0.08
45,185,2472.7,5,0.03,0.1,0.0,0,0.08
45,186,2707.5,10,0.12,0.12,0.0,0,0.14
45,187,3148.5,0,0.02,0.02,0.0,0,0.04
45,188,3034.7,1,0.02,0.01,0.0,0,0.02
45,189,2505.3,0,0.01,0.01,0.0,0,0.02
45,190,2266.7,7,0.04,0.05,0.0,0,0.1
45,191,2482.3,19,0.14,0.17,0.0,0,0.39
45,192,3215.8,3,0.02,0.02,0.0,0,0.04
45,193,2856.9,1,0.01,0.01,0.0,0,0.03
45,194,734.4,6,0.06,2.82,0.013,0,0.29
45,195,763.7,235,2.12,3.36,0.071,0,2.51
45,196,3718.3,0,0.01,0.0,0.0,0,0.01
45,197,1932.4,10,0.05,0.24,0.001,0,0.14
45,198,3018.5,0,0.01,0.03,0.0,0,0.03
45,199,343.1,25,0.08,1.57,0.219,0,0.31
46,47,2830.4,14,0.13,0.17,0.0,0,0.43
46,48,3354.2,10,0.06,0.03,0.0,0,0.11
46,49,3444.0,0,0.0,0.0,0.0,0,0.01
46,50,3272.8,1,0.04,0.02,0.0,0,0.08
46,51,3841.0,2,0.0,0.0,0.0,0,0.03
46,52,594.7,8,0.55,3.66,0.058,0,0.66
46,53,647.6,17,0.99,8.29,0.033,0,1.18
46,54,3333.1,6,0.08,0.05,0.0,0,0.13
46,55,461.6,288,2.67,10.54,0.027,0,4.72
46,56,1552.8,6,0.15,0.32,0.003,0,0.21
46,57,3703.5,2,0.03,0.01,0.0,0,0.04
46,58,3827.0,2,0.04,0.01,0.0,0,0.12
46,59,2122.0,45,0.26,0.47,0.001,0,0.46
46,60,4517.6,4,0.02,0.0,0.0,0,0.05
46,61,3257.0,1,0.04,0.02,0.0,0,0.04
46,62,3682.1,3,0.01,0.0,0.0,0,0.04
46,63,2842.4,0,0.01,0.02,0.0,0,0.02
46,64,3254.0,6,0.24,0.05,0.0,0,0.37
46,65,3650.4,31,0.39,0.05,0.0,0,0.42
46,66,2636.2,6,0.04,0.06,0.0,0,0.07
46,67,3477.4,7,0.04,0.03,0.0,0,0.17
46,68,856.9,71,0.58,2.9,0.033,0,0.92
46,69,4510.8,2,0.05,0.0,0.0,0,0.05
46,70,3023.2,7,0.05,0.04,0.0,0,0.11
46,71,2504.8,10,0.17,0.54,0.0,0,0.47
46,72,1440.0,7,0.33,0.72,0.006,0,0.44
46,73,2709.4,26,0.07,0.25,0.0,0,0.33
46,74,3831.8,0,0.0,0.0,0.0,0,0.01
46,75,2007.5,26,0.2,0.73,0.001,0,0.44
46,76,3018.9,2,0.05,0.04,0.0,0,0.06
46,77,5843.0,1,0.01,0.0,0.0,0,0.03
46,78,4538.5,2,0.03,0.0,0.0,0,0.06
46,79,3011.3,0,0.0,0.0,0.0,0,0.01
46,80,4398.0,1,0.01,0.0,0.0,0,0.04
46,81,374.8,159,0.21,5.86,0.099,0,1.84
46,82,254.2,662,10.64,30.33,0.11,3,18.73
46,83,4573.4,3,0.02,0.0,0.0,0,0.04
46,84,4110.9,0,0.03,0.0,0.0,0,0.05
46,85,1201.3,4,0.19,1.0,0.003,0,0.23
46,86,3104.8,13,0.1,0.08,0.0,0,0.17
46,87,1461.9,10,0.15,1.04,0.006,0,0.22
46,88,875.8,11,0.02,1.41,0.021,0,0.16
46,89,4856.9,5,0.05,0.0,0.0,0,0.1
46,90,3129.3,2,0.02,0.02,0.0,0,0.05
46,91,2722.1,17,0.03,0.07,0.0,0,0.22
46,92,1802.1,16,0.11,0.15,0.0,0,0.17
46,93,2351.1,1,0.05,0.08,0.0,0,0.05
46,94,1457.9,7,0.05,0.38,0.001,0,0.11
46,95,3490.2,0,0.0,0.01,0.0,0,0.01
46,96,3761.5,1,0.01,0.01,0.0,0,0.04
46,97,4588.6,2,0.03,0.0,0.0,0,0.07
46,98,2561.9,3,0.01,0.16,0.0,0,0.05
46,99,3331.1,3,0.04,0.02,0.0,0,0.06
46,100,1244.4,2,0.04,0.23,0.009,0,0.05
46,101,3086.4,3,0.02,0.01,0.0,0,0.04
46,102,1005.3,10,0.02,0.72,0.026,0,0.16
46,103,3430.0,2,0.03,0.01,0.0,0,0.1
46,104,2056.8,5,0.03,0.17,0.0,0,0.09
46,105,4124.7,2,0.03,0.01,0.0,0,0.06
46,106,3344.0,29,0.28,0.12,0.0,0,0.3
46,107,3724.2,3,0.01,0.01,0.0,0,0.04
46,108,3694.9,10,0.1,0.01,0.0,0,0.11
46,109,2386.7,17,0.06,0.11,0.0,0,0.18
46,110,4599.0,0,0.0,0.0,0.0,0,0.0
46,111,3169.8,5,0.02,0.02,0.0,0,0.07
46,112,1737.2,12,0.09,0.3,0.001,0,0.2
46,113,3788.4,15,0.81,0.15,0.0,0,1.06
46,114,2894.0,3,0.02,0.05,0.0,0,0.06
46,115,2077.4,5,0.04,0.25,0.001,0,0.22
46,116,4039.4,2,0.02,0.0,0.0,0,0.07
46,117,2981.4,0,0.01,0.01,0.0,0,0.01
46,118,4612.0,4,0.02,0.0,0.0,0,0.12
46,119,3837.7,8,0.02,0.01,0.0,0,0.12
46,120,2407.1,18,0.18,0.2,0.0,0,0.39
46,121,2660.6,0,0.05,0.03,0.0,0,0.05
46,122,2256.8,43,0.26,0.65,0.0,0,0.54
46,123,2333.1,1,0.0,0.02,0.0,0,0.03
46,124,3781.5,2,0.04,0.01,0.0,0,0.07
46,125,3757.6,17,0.2,0.12,0.0,0,0.25
46,126,2088.4,7,0.06,0.12,0.0,0,0.09
46,127,113.8,566,7.0,6.37,0.184,0,10.59
46,128,725.0,82,0.85,5.53,0.031,0,1.22
46,129,3166.7,0,0.03,0.02,0.0,0,0.03
46,130,5627.0,0,0.01,0.0,0.0,0,0.01
46,131,206.0,27,0.3,11.18,0.353,0,2.25
46,132,2955.8,4,0.01,0.02,0.0,0,0.08
46,133,2888.0,4,0.16,0.11,0.0,0,0.17
46,134,3292.1,1,0.01,0.01,0.0,0,0.03
46,135,3329.9,14,0.04,0.09,0.0,0,0.2
46,136,2112.1,11,0.05,0.09,0.001,0,0.18
46,137,2949.3,5,0.03,0.04,0.0,0,0.07
46,138,3113.4,6,0.05,0.06,0.0,0,0.16
46,139,4092.6,0,0.01,0.0,0.0,0,0.02
46,140,2651.7,5,0.02,0.09,0.0,0,0.07
46,141,5237.9,32,0.38,0.0,0.0,0,0.41
46,142,1404.4,1,0.01,0.28,0.003,0,0.06
46,143,4599.3,2,0.05,0.0,0.0,0,0.06
46,144,2470.1,7,0.1,0.11,0.0,0,0.16
46,145,4209.0,10,0.04,0.01,0.0,0,0.11
46,146,4803.8,0,0.01,0.0,0.0,0,0.01
46,147,2409.5,1,0.01,0.03,0.0,0,0.03
46,148,4384.8,3,0.02,0.0,0.0,0,0.08
46,149,1511.4,7,0.2,0.81,0.002,0,0.42
46,150,2642.4,4,0.03,0.13,0.0,0,0.04
46,151,3951.1,4,0.06,0.01,0.0,0,0.06
46,152,295.3,18,0.28,3.82,0.194,0,0.64
46,153,3391.0,18,0.17,0.02,0.0,0,0.19
46,154,2750.2,8,0.12,0.12,0.0,0,0.14
46,155,1361.0,2,0.09,0.3,0.006,0,0.15
46,156,2056.7,53,0.28,1.52,0.001,0,0.79
46,157,4508.1,6,0.07,0.0,0.0,0,0.09
46,158,2409.5,2,0.02,0.04,0.0,0,0.04
46,159,1096.4,25,0.12,3.97,0.019,0,0.34
46,160,1869.8,6,0.07,0.12,0.0,0,0.08
46,161,1961.6,43,0.05,0.69,0.001,0,0.45
46,162,2549.2,17,0.26,0.26,0.0,0,0.33
46,163,649.4,12,0.1,3.07,0.036,0,0.22
46,164,3152.5,12,0.13,0.07,0.0,0,0.17
46,165,1108.7,64,0.65,1.5,0.003,0,1.32
46,166,483.4,118,1.62,8.16,0.118,0,2.68
46,167,3615.8,1,0.07,0.05,0.0,0,0.1
46,168,2460.5,14,0.14,0.06,0.0,0,0.15
46,169,4307.8,1,0.02,0.0,0.0,0,0.05
46,170,1209.3,9,0.08,0.61,0.006,0,0.1
46,171,1968.5,5,0.04,0.12,0.001,0,0.11
46,172,4297.3,5,0.02,0.0,0.0,0,0.07
46,173,4314.8,4,0.04,0.0,0.0,0,0.05
46,174,2142.2,21,0.12,0.24,0.0,0,0.23
46,175,3633.7,4,0.03,0.03,0.0,0,0.08
46,176,3931.6,0,0.0,0.01,0.0,0,0.02
46,177,4630.1,8,0.02,0.01,0.0,0,0.09
46,178,629.2,30,0.32,4.53,0.027,0,0.68
46,179,1806.3,166,2.22,4.22,0.001,0,3.05
46,180,1557.5,11,0.11,2.78,0.003,0,0.18
46,181,1920.7,4,0.04,0.15,0.001,0,0.09
46,182,3021.8,0,0.0,0.01,0.0,0,0.02
46,183,2921.2,3,0.03,0.1,0.0,0,0.06
46,184,3474.3,2,0.02,0.01,0.0,0,0.03
46,185,3542.5,2,0.2,0.02,0.0,0,0.29
46,186,3292.0,7,0.02,0.05,0.0,0,0.08
46,187,2914.5,1,0.03,0.04,0.0,0,0.05
46,188,3863.3,1,0.01,0.0,0.0,0,0.02
46,189,2247.0,1,0.0,0.02,0.0,0,0.02
46,190,3342.8,3,0.04,0.01,0.0,0,0.05
46,191,3018.7,12,0.12,0.1,0.0,0,0.13
46,192,3924.4,1,0.02,0.0,0.0,0,0.09
46,193,3893.1,2,0.01,0.0,0.0,0,0.03
46,194,1826.5,7,0.03,0.49,0.002,0,0.12
46,195,589.0,48,1.22,3.05,0.043,0,1.27
46,196,4573.7,0,0.0,0.0,0.0,0,0.02
46,197,2789.6,3,0.08,0.04,0.0,0,0.24
46,198,2578.2,0,0.03,0.05,0.0,0,0.05
46,199,1240.5,9,0.05,0.34,0.013,0,0.15
47,48,3666.8,12,0.11,0.06,0.0,0,0.19
47,49,616.6,46,0.57,3.92,0.033,0,0.7
47,50,621.0,373,3.13,18.69,0.056,0,4.12
47,51,4381.8,10,0.11,0.01,0.0,0,0.16
47,52,2945.0,12,0.06,0.09,0.0,0,0.14
47,53,2926.0,16,0.68,0.35,0.0,0,1.52
47,54,3633.1,26,0.13,0.16,0.0,0,0.85
47,55,2937.5,29,1.24,0.52,0.0,0,1.42
47,56,1425.5,51,0.65,2.18,0.006,0,0.74
47,57,1236.2,11,0.3,3.95,0.007,0,0.39
47,58,2679.8,27,0.9,0.41,0.0,0,1.3
47,59,3331.1,15,0.23,0.18,0.0,0,0.45
47,60,2171.8,12,0.08,0.4,0.0,0,0.37
47,61,5169.2,19,0.03,0.0,0.0,0,0.26
47,62,2716.2,7,0.03,0.1,0.0,0,0.12
47,63,4556.9,1,0.03,0.0,0.0,0,0.05
47,64,2292.2,132,0.15,1.52,0.0,0,1.34
47,65,2214.3,73,0.72,4.15,0.0,0,1.24
47,66,241.2,494,13.82,32.16,0.276,2,16.43
47,67,3895.2,61,0.22,0.08,0.0,0,0.97
47,68,2345.9,91,0.71,0.92,0.0,0,1.08
47,69,2562.7,7,0.04,0.21,0.0,0,0.22
47,70,4632.8,2,0.14,0.01,0.0,0,0.19
47,71,1774.5,47,0.38,11.92,0.0,0,2.0
47,72,3736.4,43,0.2,0.05,0.0,0,0.48
47,73,2466.8,71,3.05,3.37,0.0,0,4.22
47,74,1361.8,9,0.35,0.56,0.005,0,0.39
47,75,4272.1,45,1.46,0.02,0.0,0,1.55
47,76,4323.5,2,0.04,0.01,0.0,0,0.07
47,77,4111.1,4,0.03,0.02,0.0,0,0.05
47,78,3715.7,12,0.14,0.03,0.0,0,0.44
47,79,464.3,37,0.06,3.31,0.091,0,0.48
47,80,2381.2,5,0.13,0.4,0.0,0,0.26
47,81,2699.5,52,0.22,0.45,0.0,0,1.21
47,82,2581.2,139,1.02,0.77,0.0,0,1.4
47,83,2516.8,2,0.03,0.31,0.0,0,0.08
47,84,2937.0,4,0.08,0.09,0.0,0,0.13
47,85,1633.1,19,0.42,1.29,0.002,0,0.43
47,86,2808.8,16,0.29,0.49,0.0,0,1.02
47,87,3461.6,4,0.09,0.14,0.0,0,0.19
47,88,2543.8,17,0.22,0.17,0.0,0,0.25
47,89,3413.6,25,0.07,0.14,0.0,0,0.44
47,90,1577.9,61,0.55,2.74,0.002,0,0.84
47,91,265.6,1022,7.63,152.53,0.272,4,45.6
47,92,2793.3,10,0.18,0.09,0.0,0,0.21
47,93,3132.8,24,0.11,0.08,0.0,0,0.48
47,94,3898.4,18,0.23,0.02,0.0,0,0.48
47,95,1088.5,7,0.02,1.15,0.018,0,0.24
47,96,1414.1,43,2.4,7.27,0.006,0,4.15
47,97,2382.5,91,0.73,0.69,0.0,0,1.22
47,98,2869.6,12,0.04,0.19,0.0,0,0.25
47,99,1220.0,34,0.14,3.46,0.009,0,0.72
47,100,2417.6,5,0.13,0.18,0.0,0,0.18
47,101,292.5,120,4.43,14.06,0.15,1,4.95
47,102,3492.8,9,0.05,0.04,0.0,0,0.18
47,103,2125.6,21,0.1,0.39,0.0,0,0.39
47,104,1870.4,37,0.56,1.21,0.002,0,0.62
47,105,2977.9,11,0.58,0.18,0.0,0,0.61
47,106,1487.3,1159,4.82,19.32,0.004,0,13.48
47,107,4121.8,3,0.07,0.02,0.0,0,0.15
47,108,2791.8,12,0.29,0.51,0.0,0,0.41
47,109,3050.0,6,0.27,0.14,0.0,0,0.31
47,110,3057.5,3,0.02,0.02,0.0,0,0.06
47,111,505.2,643,7.35,16.97,0.058,0,8.03
47,112,1699.7,55,1.12,2.18,0.003,0,1.13
47,113,3117.2,219,1.28,1.67,0.0,0,6.67
47,114,2718.4,21,0.61,0.19,0.0,0,0.81
47,115,2455.4,38,0.17,0.74,0.0,0,1.27
47,116,1450.7,139,0.24,3.88,0.002,0,1.41
47,117,1767.4,7,0.07,0.31,0.001,0,0.13
47,118,3176.4,10,0.66,0.35,0.0,0,0.76
47,119,1876.4,215,1.14,6.8,0.001,0,2.22
47,120,3796.9,24,0.53,0.09,0.0,0,0.69
47,121,2500.9,6,0.11,0.14,0.0,0,0.27
47,122,2459.1,210,2.05,2.51,0.0,0,2.48
47,123,1730.5,15,0.23,0.68,0.002,0,0.24
47,124,1695.7,101,0.48,3.66,0.002,0,1.09
47,125,3185.1,167,0.97,0.73,0.0,0,6.63
47,126,2099.7,13,0.03,0.22,0.0,0,0.15
47,127,2919.5,9,0.15,0.16,0.0,0,0.16
47,128,2132.7,44,0.08,1.16,0.0,0,0.46
47,129,1482.4,50,0.43,2.02,0.001,0,0.87
47,130,3854.4,3,0.01,0.0,0.0,0,0.07
47,131,2955.8,35,0.39,0.17,0.0,0,0.46
47,132,2874.1,8,0.18,0.07,0.0,0,0.19
47,133,181.5,555,26.33,48.23,0.158,3,36.08
47,134,827.9,98,0.97,5.17,0.038,0,1.15
47,135,4984.8,24,0.24,0.01,0.0,0,0.27
47,136,3249.5,8,0.08,0.04,0.0,0,0.16
47,137,713.8,70,1.33,10.8,0.043,0,2.73
47,138,1228.3,40,0.3,7.11,0.011,0,1.24
47,139,2928.2,3,0.07,0.06,0.0,0,0.11
47,140,1352.2,74,1.12,3.83,0.002,0,1.22
47,141,3381.6,45,0.73,0.21,0.0,0,0.86
47,142,1495.1,4,0.06,0.65,0.004,0,0.18
47,143,2382.9,61,0.91,0.81,0.0,0,1.12
47,144,2930.7,21,0.32,0.16,0.0,0,0.44
47,145,2911.8,30,0.19,0.38,0.0,0,0.79
47,146,2759.4,13,0.03,0.07,0.0,0,0.17
47,147,1792.0,11,0.18,0.54,0.001,0,0.19
47,148,2856.0,78,0.82,0.26,0.0,0,1.64
47,149,1453.3,48,0.53,3.66,0.002,0,1.2
47,150,1439.6,44,0.74,9.18,0.006,0,0.87
47,151,2829.8,14,0.24,0.56,0.0,0,0.36
47,152,2848.7,4,0.03,0.11,0.0,0,0.12
47,153,1805.6,47,0.86,1.62,0.0,0,0.88
47,154,4914.5,18,0.05,0.0,0.0,0,0.19
47,155,1895.2,42,0.34,1.03,0.001,0,0.87
47,156,2722.4,735,2.15,1.34,0.0,0,7.66
47,157,3134.8,23,0.26,0.21,0.0,0,0.38
47,158,3945.2,1,0.02,0.01,0.0,0,0.03
47,159,3209.1,6,0.1,0.18,0.0,0,0.38
47,160,1930.6,49,0.07,0.93,0.001,0,0.59
47,161,1660.8,122,2.04,4.78,0.002,0,2.45
47,162,554.1,256,13.67,90.32,0.035,0,18.05
47,163,2284.2,7,0.21,0.33,0.0,0,0.22
47,164,1950.1,46,1.75,3.09,0.001,0,2.54
47,165,3132.3,20,0.17,0.15,0.0,0,0.46
47,166,3047.1,50,0.64,0.28,0.0,0,0.69
47,167,4227.9,170,0.27,0.11,0.0,0,2.41
47,168,1323.8,7,0.13,3.85,0.005,0,0.57
47,169,2146.5,44,0.41,0.34,0.0,0,0.51
47,170,2213.6,4,0.12,0.38,0.0,0,0.41
47,171,981.8,142,0.89,3.44,0.017,0,1.71
47,172,1820.5,26,0.52,1.65,0.001,0,1.27
47,173,3781.2,38,0.08,0.06,0.0,0,0.39
47,174,1023.8,147,0.93,8.98,0.023,0,1.94
47,175,2525.9,8,0.49,0.86,0.0,0,0.71
47,176,1829.4,16,0.43,1.87,0.002,0,1.11
47,177,3131.1,64,0.8,0.65,0.0,0,1.82
47,178,2526.3,4,0.16,0.19,0.0,0,0.21
47,179,3214.1,320,2.88,1.49,0.0,0,3.64
47,180,1826.7,53,0.2,2.71,0.002,0,1.31
47,181,992.7,23,0.63,2.69,0.026,0,0.99
47,182,3933.6,0,0.01,0.01,0.0,0,0.05
47,183,4024.6,44,0.2,0.04,0.0,0,0.47
47,184,714.9,382,4.16,12.5,0.058,0,4.19
47,185,712.2,393,5.62,37.98,0.027,0,6.16
47,186,3132.8,78,0.96,0.17,0.0,0,0.99
47,187,4507.2,9,0.04,0.01,0.0,0,0.17
47,188,2841.8,12,0.09,0.09,0.0,0,0.22
47,189,3960.8,2,0.03,0.0,0.0,0,0.04
47,190,1337.2,35,0.44,2.11,0.002,0,0.97
47,191,3056.5,78,0.68,0.2,0.0,0,0.79
47,192,3264.7,7,0.23,0.18,0.0,0,0.7
47,193,1986.9,32,0.04,0.2,0.001,0,0.33
47,194,1038.7,30,1.42,9.6,0.029,0,2.14
47,195,2522.8,60,0.22,0.52,0.0,0,0.91
47,196,3306.6,16,0.05,0.03,0.0,0,0.16
47,197,2071.4,48,0.17,1.25,0.001,0,0.7
47,198,4548.3,10,0.07,0.01,0.0,0,0.23
47,199,1592.4,9,0.11,1.01,0.0,0,0.12
48,49,4036.0,1,0.01,0.0,0.0,0,0.02
48,50,3484.6,6,0.1,0.03,0.0,0,0.29
48,51,715.2,192,0.71,4.98,0.081,0,2.36
48,52,3941.1,1,0.07,0.01,0.0,0,0.09
48,53,2745.5,48,0.37,0.37,0.0,0,0.61
48,54,33.7,25790,502.46,91.47,0.2,5,792.44
48,55,2941.2,24,0.25,0.25,0.0,0,0.26
48,56,2790.5,7,0.03,0.05,0.0,0,0.16
48,57,3307.7,13,0.17,0.02,0.0,0,0.2
48,58,1720.1,102,0.75,1.33,0.002,0,1.96
48,59,1317.1,41,0.59,13.31,0.004,0,1.41
48,60,3392.7,4,0.03,0.03,0.0,0,0.08
48,61,2368.2,45,0.2,0.34,0.0,0,0.5
48,62,1507.8,7,0.06,0.47,0.004,0,0.11
48,63,1833.9,5,0.06,0.19,0.001,0,0.1
48,64,1601.6,96,0.21,3.03,0.002,0,0.98
48,65,2058.6,25,0.6,1.49,0.0,0,1.35
48,66,3455.0,14,0.09,0.03,0.0,0,0.16
48,67,231.6,1096,11.39,62.19,0.364,2,21.71
48,68,2607.6,6,0.13,0.18,0.0,0,0.4
48,69,2840.0,2,0.02,0.07,0.0,0,0.03
48,70,1732.8,75,0.8,1.13,0.003,0,0.86
48,71,1892.6,125,0.65,4.85,0.001,0,1.53
48,72,2527.0,10,0.2,0.22,0.0,0,0.28
48,73,1200.1,137,1.9,11.51,0.004,0,4.44
48,74,3341.6,1,0.01,0.01,0.0,0,0.01
48,75,2528.1,48,0.45,0.23,0.0,0,0.56
48,76,1262.4,30,0.23,2.6,0.005,0,1.07
48,77,3334.7,6,0.09,0.03,0.0,0,0.13
48,78,1603.3,48,0.26,2.29,0.001,0,0.62
48,79,3360.4,0,0.01,0.01,0.0,0,0.01
48,80,2887.8,1,0.09,0.06,0.0,0,0.1
48,81,3650.7,1,0.07,0.04,0.0,0,0.16
48,82,3248.1,70,0.69,0.25,0.0,0,0.91
48,83,3006.6,6,0.03,0.05,0.0,0,0.14
48,84,1793.1,9,0.04,0.21,0.002,0,0.18
48,85,3150.1,2,0.07,0.03,0.0,0,0.13
48,86,913.2,103,1.58,8.57,0.017,0,1.8
48,87,2190.4,74,0.65,0.55,0.0,0,0.9
48,88,2501.8,9,0.18,0.15,0.0,0,0.22
48,89,2394.9,47,0.64,0.47,0.0,0,0.64
48,90,2302.3,3,0.04,0.48,0.0,0,0.15
48,91,3401.2,10,0.02,0.08,0.0,0,0.2
48,92,1557.2,16,0.18,1.09,0.003,0,0.25
48,93,1004.1,17,0.2,2.5,0.01,0,0.35
48,94,2744.4,21,0.04,0.07,0.0,0,0.32
48,95,3189.9,0,0.01,0.02,0.0,0,0.01
48,96,3157.6,18,0.19,0.1,0.0,0,0.23
48,97,3218.3,7,0.1,0.08,0.0,0,0.18
48,98,901.3,139,1.15,2.74,0.039,0,1.52
48,99,2855.3,1,0.03,0.09,0.0,0,0.09
48,100,2177.9,0,0.02,0.09,0.0,0,0.03
48,101,3661.9,1,0.04,0.01,0.0,0,0.04
48,102,2808.1,3,0.11,0.06,0.0,0,0.16
48,103,1937.4,18,0.21,0.46,0.001,0,0.24
48,104,1919.5,21,0.6,0.67,0.001,0,0.62
48,105,1765.7,12,0.54,1.8,0.001,0,0.65
48,106,2573.2,74,0.57,0.72,0.0,0,0.87
48,107,462.1,83,3.15,14.81,0.031,0,4.48
48,108,1433.6,14,0.31,3.85,0.003,0,0.73
48,109,971.5,15,0.31,6.46,0.025,0,1.09
48,110,2380.1,0,0.01,0.06,0.0,0,0.01
48,111,3488.9,4,0.07,0.03,0.0,0,0.11
48,112,2274.3,6,0.04,0.2,0.0,0,0.22
48,113,1165.4,526,5.62,69.51,0.005,0,8.73
48,114,952.9,28,0.17,5.5,0.033,0,0.31
48,115,1453.3,14,0.1,2.16,0.002,0,0.72
48,116,3594.3,7,0.12,0.03,0.0,0,0.18
48,117,2012.9,17,0.15,0.2,0.001,0,0.2
48,118,2265.4,48,0.44,0.97,0.0,0,0.54
48,119,2683.8,48,0.14,0.35,0.0,0,0.5
48,120,1340.3,13,0.64,5.62,0.007,0,1.12
48,121,1169.5,7,0.13,0.76,0.018,0,0.42
48,122,1341.0,176,1.61,8.55,0.007,0,2.38
48,123,1955.5,1,0.03,0.34,0.0,0,0.1
48,124,2829.5,33,0.35,0.2,0.0,0,0.52
48,125,1049.2,98,6.22,33.8,0.016,0,9.73
48,126,1705.7,2,0.01,0.44,0.001,0,0.07
48,127,3310.2,2,0.08,0.02,0.0,0,0.09
48,128,3400.9,9,0.23,0.02,0.0,0,0.38
48,129,2430.7,4,0.07,0.19,0.0,0,0.13
48,130,3229.4,1,0.02,0.01,0.0,0,0.04
48,131,3548.1,17,0.14,0.03,0.0,0,0.25
48,132,796.3,25,0.39,2.06,0.041,0,0.96
48,133,3538.5,17,0.3,0.03,0.0,0,0.3
48,134,3254.4,9,0.04,0.02,0.0,0,0.17
48,135,1957.9,97,0.75,2.14,0.001,0,2.64
48,136,1291.6,20,0.12,0.82,0.005,0,0.57
48,137,3069.0,4,0.07,0.06,0.0,0,0.13
48,138,2659.9,20,0.46,0.48,0.0,0,0.49
48,139,1778.0,1,0.06,0.25,0.0,0,0.07
48,140,2328.1,11,0.02,0.43,0.0,0,0.18
48,141,3081.6,36,0.17,0.28,0.0,0,0.85
48,142,2923.1,8,0.07,0.02,0.0,0,0.1
48,143,3237.4,11,0.09,0.04,0.0,0,0.25
48,144,932.0,61,2.16,5.32,0.016,0,2.73
48,145,1959.4,46,0.81,0.85,0.001,0,0.95
48,146,3092.3,2,0.04,0.02,0.0,0,0.04
48,147,1882.9,2,0.07,0.3,0.001,0,0.1
48,148,2282.3,43,0.1,0.46,0.0,0,0.48
48,149,2806.6,6,0.2,0.2,0.0,0,0.29
48,150,2238.7,18,0.27,0.24,0.0,0,0.3
48,151,1702.1,12,0.11,0.94,0.002,0,0.29
48,152,3640.4,6,0.05,0.02,0.0,0,0.08
48,153,2263.1,19,0.1,0.7,0.0,0,0.21
48,154,2588.7,30,0.12,0.21,0.0,0,0.33
48,155,2423.6,10,0.12,0.14,0.0,0,0.18
48,156,1340.9,155,4.57,16.11,0.004,0,5.84
48,157,2150.6,12,0.19,0.62,0.0,0,0.31
48,158,1507.5,9,0.09,0.44,0.003,0,0.11
48,159,2417.7,15,0.16,0.8,0.0,0,0.37
48,160,1972.3,8,0.1,0.29,0.001,0,0.11
48,161,2163.9,20,0.09,0.66,0.0,0,0.4
48,162,3118.8,81,0.5,0.2,0.0,0,0.82
48,163,3557.5,3,0.05,0.01,0.0,0,0.08
48,164,1914.4,129,0.62,1.46,0.001,0,2.72
48,165,2355.8,30,0.23,0.72,0.0,0,0.32
48,166,2988.3,26,0.58,0.25,0.0,0,0.7
48,167,586.3,1090,10.36,40.91,0.093,1,16.85
48,168,2343.8,14,0.1,0.21,0.0,0,0.3
48,169,3049.0,14,0.11,0.03,0.0,0,0.14
48,170,2318.6,11,0.06,0.12,0.0,0,0.13
48,171,2962.6,4,0.04,0.03,0.0,0,0.07
48,172,3507.1,11,0.12,0.02,0.0,0,0.16
48,173,1221.5,71,0.71,5.02,0.005,0,1.01
48,174,2748.5,6,0.2,0.16,0.0,0,0.21
48,175,1677.6,29,1.33,2.34,0.003,0,1.37
48,176,2872.5,13,0.03,0.16,0.0,0,0.15
48,177,2345.1,49,0.51,1.22,0.0,0,0.87
48,178,2764.7,5,0.09,0.11,0.0,0,0.14
48,179,1621.9,316,7.26,5.56,0.003,0,16.25
48,180,2300.2,43,0.26,0.58,0.0,0,0.44
48,181,3014.2,5,0.05,0.03,0.0,0,0.06
48,182,724.9,36,0.1,1.98,0.083,0,0.79
48,183,963.0,114,0.46,9.18,0.026,0,1.85
48,184,3712.6,4,0.1,0.02,0.0,0,0.13
48,185,4024.9,15,0.19,0.01,0.0,0,0.35
48,186,632.6,118,1.44,13.24,0.031,0,2.48
48,187,1665.1,12,0.08,0.95,0.001,0,0.13
48,188,1576.4,5,0.09,0.47,0.001,0,0.28
48,189,1736.7,14,0.14,0.18,0.003,0,0.23
48,190,2737.4,15,0.09,0.06,0.0,0,0.17
48,191,611.4,196,2.85,21.58,0.091,0,4.22
48,192,1174.5,8,0.29,6.26,0.018,0,0.31
48,193,2623.7,6,0.03,0.04,0.0,0,0.08
48,194,3103.3,12,0.1,0.12,0.0,0,0.14
48,195,2810.5,28,0.39,0.2,0.0,0,0.42
48,196,2062.8,13,0.11,0.37,0.0,0,0.17
48,197,1618.7,13,0.32,1.51,0.002,0,0.4
48,198,2169.4,40,0.52,0.51,0.001,0,0.52
48,199,3286.4,1,0.02,0.02,0.0,0,0.06
49,50,568.2,21,0.04,1.75,0.114,0,0.29
49,51,4747.3,0,0.01,0.0,0.0,0,0.01
49,52,3535.5,0,0.01,0.0,0.0,0,0.01
49,53,3538.7,2,0.01,0.01,0.0,0,0.04
49,54,4002.5,4,0.04,0.01,0.0,0,0.06
49,55,3553.3,0,0.02,0.01,0.0,0,0.05
49,56,2030.8,0,0.01,0.02,0.0,0,0.02
49,57,1057.1,4,0.02,0.36,0.021,0,0.05
49,58,2812.6,5,0.12,0.01,0.0,0,0.12
49,59,3853.8,6,0.01,0.01,0.0,0,0.07
49,60,1898.6,4,0.03,0.08,0.001,0,0.07
49,61,5708.0,0,0.0,0.0,0.0,0,0.0
49,62,2896.1,0,0.0,0.0,0.0,0,0.01
49,63,5086.8,0,0.0,0.0,0.0,0,0.0
49,64,2535.1,3,0.03,0.04,0.0,0,0.06
49,65,2324.5,2,0.02,0.15,0.0,0,0.07
49,66,836.0,14,0.05,0.97,0.026,0,0.17
49,67,4267.5,2,0.01,0.0,0.0,0,0.03
49,68,2955.0,0,0.02,0.01,0.0,0,0.03
49,69,2431.0,0,0.01,0.01,0.0,0,0.01
49,70,5147.9,0,0.0,0.0,0.0,0,0.01
49,71,2180.5,6,0.03,0.13,0.0,0,0.07
49,72,4335.9,0,0.01,0.0,0.0,0,0.01
49,73,2852.8,20,0.13,0.06,0.0,0,0.24
49,74,1145.3,0,0.01,0.06,0.004,0,0.01
49,75,4861.3,0,0.03,0.0,0.0,0,0.03
49,76,4810.1,0,0.01,0.0,0.0,0,0.01
49,77,3939.4,0,0.01,0.0,0.0,0,0.03
49,78,3834.0,1,0.0,0.0,0.0,0,0.02
49,79,684.8,4,0.03,0.15,0.097,0,0.05
49,80,2241.8,1,0.01,0.03,0.0,0,0.02
49,81,3301.5,0,0.01,0.01,0.0,0,0.05
49,82,3195.7,2,0.01,0.03,0.0,0,0.03
49,83,2344.5,1,0.0,0.01,0.0,0,0.02
49,84,3031.1,0,0.0,0.0,0.0,0,0.01
49,85,2248.8,0,0.04,0.02,0.0,0,0.04
49,86,3139.5,3,0.02,0.01,0.0,0,0.03
49,87,4048.9,1,0.01,0.0,0.0,0,0.02
49,88,3149.2,1,0.02,0.01,0.0,0,0.02
49,89,3380.1,2,0.03,0.01,0.0,0,0.04
49,90,1786.1,2,0.06,0.11,0.002,0,0.06
49,91,791.9,108,1.01,2.05,0.025,0,1.12
49,92,3329.7,1,0.0,0.0,0.0,0,0.02
49,93,3616.3,1,0.01,0.0,0.0,0,0.01
49,94,4503.5,0,0.01,0.0,0.0,0,0.01
49,95,1014.3,1,0.02,0.16,0.01,0,0.03
49,96,1271.9,5,0.03,0.43,0.012,0,0.05
49,97,2156.8,6,0.05,0.08,0.0,0,0.07
49,98,3306.4,0,0.01,0.01,0.0,0,0.01
49,99,1286.8,3,0.04,0.31,0.013,0,0.04
49,100,3002.8,0,0.0,0.0,0.0,0,0.0
49,101,419.0,5,0.27,0.99,0.049,0,0.27
49,102,4103.9,0,0.01,0.0,0.0,0,0.01
49,103,2295.3,0,0.0,0.01,0.0,0,0.02
49,104,2368.0,1,0.02,0.02,0.0,0,0.03
49,105,3075.5,1,0.03,0.02,0.0,0,0.03
49,106,1594.6,4,0.12,1.43,0.004,0,0.19
49,107,4476.4,2,0.03,0.0,0.0,0,0.03
49,108,2979.2,1,0.02,0.01,0.0,0,0.02
49,109,3523.9,0,0.01,0.0,0.0,0,0.02
49,110,3023.8,0,0.0,0.0,0.0,0,0.0
49,111,547.2,9,0.07,1.23,0.042,0,0.16
49,112,2256.6,6,0.05,0.08,0.0,0,0.07
49,113,3327.6,4,0.11,0.03,0.0,0,0.15
49,114,3084.8,2,0.0,0.01,0.0,0,0.03
49,115,2949.7,0,0.0,0.02,0.0,0,0.01
49,116,1118.4,26,0.1,0.43,0.012,0,0.28
49,117,2041.9,1,0.02,0.02,0.0,0,0.02
49,118,3165.9,7,0.03,0.02,0.0,0,0.12
49,119,1841.0,9,0.02,0.23,0.0,0,0.11
49,120,4316.2,0,0.01,0.0,0.0,0,0.01
49,121,2898.6,0,0.01,0.0,0.0,0,0.01
49,122,2926.3,4,0.03,0.03,0.0,0,0.06
49,123,2176.4,0,0.0,0.01,0.001,0,0.02
49,124,1637.7,9,0.04,0.26,0.002,0,0.16
49,125,3412.6,8,0.21,0.04,0.0,0,0.65
49,126,2588.9,0,0.0,0.01,0.0,0,0.01
49,127,3534.3,0,0.0,0.0,0.0,0,0.01
49,128,2740.5,2,0.01,0.02,0.0,0,0.03
49,129,1666.2,0,0.02,0.09,0.001,0,0.03
49,130,3683.6,0,0.0,0.0,0.0,0,0.01
49,131,3565.2,1,0.01,0.0,0.0,0,0.01
49,132,3241.0,0,0.0,0.0,0.0,0,0.01
49,133,609.6,27,0.28,2.74,0.072,0,0.33
49,134,830.8,1,0.0,0.35,0.018,0,0.03
49,135,5495.8,5,0.03,0.0,0.0,0,0.07
49,136,3769.0,0,0.0,0.0,0.0,0,0.01
49,137,968.2,5,0.08,0.28,0.031,0,0.09
49,138,1410.2,4,0.05,0.64,0.003,0,0.06
49,139,3026.1,0,0.0,0.0,0.0,0,0.01
49,140,1720.0,3,0.05,0.16,0.001,0,0.05
49,141,3212.3,3,0.01,0.04,0.0,0,0.06
49,142,2109.2,0,0.01,0.02,0.001,0,0.02
49,143,2152.3,3,0.02,0.04,0.001,0,0.06
49,144,3385.6,6,0.01,0.0,0.0,0,0.09
49,145,2971.5,1,0.01,0.01,0.0,0,0.03
49,146,2567.8,0,0.0,0.0,0.0,0,0.0
49,147,2220.2,0,0.0,0.01,0.0,0,0.01
49,148,2847.1,2,0.02,0.01,0.0,0,0.03
49,149,2060.7,3,0.01,0.14,0.0,0,0.04
49,150,1809.0,4,0.06,0.2,0.002,0,0.07
49,151,2951.6,2,0.03,0.01,0.0,0,0.04
49,152,3453.3,0,0.0,0.0,0.0,0,0.0
49,153,1942.9,3,0.02,0.13,0.001,0,0.05
49,154,5485.3,0,0.01,0.0,0.0,0,0.01
49,155,2486.1,0,0.01,0.02,0.0,0,0.01
49,156,3226.5,9,0.03,0.03,0.0,0,0.19
49,157,3147.9,0,0.02,0.02,0.0,0,0.03
49,158,4474.7,0,0.0,0.0,0.0,0,0.0
49,159,3809.7,2,0.01,0.0,0.0,0,0.02
49,160,2457.0,0,0.0,0.02,0.0,0,0.01
49,161,2183.5,3,0.01,0.12,0.0,0,0.05
49,162,1066.9,39,0.26,2.22,0.015,0,0.44
49,163,2885.4,2,0.01,0.0,0.0,0,0.03
49,164,2186.8,8,0.07,0.13,0.0,0,0.12
49,165,3730.5,0,0.01,0.0,0.0,0,0.02
49,166,3663.1,2,0.02,0.0,0.0,0,0.03
49,167,4614.1,3,0.07,0.0,0.0,0,0.09
49,168,1751.6,1,0.01,0.12,0.001,0,0.03
49,169,1971.2,1,0.02,0.02,0.0,0,0.04
49,170,2805.2,0,0.01,0.01,0.0,0,0.01
49,171,1580.7,0,0.01,0.08,0.001,0,0.01
49,172,1513.1,5,0.04,0.11,0.004,0,0.06
49,173,3966.0,2,0.02,0.0,0.0,0,0.02
49,174,1573.9,11,0.15,0.13,0.004,0,0.18
49,175,2691.1,2,0.04,0.05,0.0,0,0.05
49,176,1735.4,1,0.03,0.1,0.001,0,0.03
49,177,3104.4,1,0.04,0.03,0.0,0,0.07
49,178,3140.1,0,0.02,0.01,0.0,0,0.02
49,179,3764.0,2,0.15,0.02,0.0,0,0.2
49,180,2400.1,8,0.06,0.06,0.0,0,0.13
49,181,1599.2,2,0.03,0.05,0.003,0,0.03
49,182,4383.4,0,0.0,0.0,0.0,0,0.01
49,183,4497.0,2,0.03,0.0,0.0,0,0.03
49,184,407.7,29,0.16,1.8,0.166,0,0.53
49,185,128.4,410,2.6,5.71,0.473,1,6.01
49,186,3457.0,3,0.02,0.01,0.0,0,0.05
49,187,5024.0,1,0.0,0.0,0.0,0,0.01
49,188,2990.7,0,0.01,0.01,0.0,0,0.01
49,189,4508.6,0,0.0,0.0,0.0,0,0.0
49,190,1419.5,4,0.03,0.18,0.004,0,0.07
49,191,3427.0,0,0.03,0.01,0.0,0,0.06
49,192,3463.2,0,0.01,0.01,0.0,0,0.01
49,193,1955.4,0,0.01,0.02,0.001,0,0.01
49,194,1653.3,10,0.05,0.12,0.002,0,0.11
49,195,3137.5,2,0.03,0.01,0.0,0,0.05
49,196,3336.2,0,0.0,0.0,0.0,0,0.01
49,197,2417.4,1,0.01,0.04,0.0,0,0.03
49,198,5106.2,1,0.01,0.0,0.0,0,0.01
49,199,2204.2,0,0.0,0.01,0.0,0,0.01
50,51,4193.0,0,0.03,0.0,0.0,0,0.05
50,52,3462.4,4,0.01,0.01,0.0,0,0.05
50,53,3262.9,19,0.03,0.11,0.0,0,0.26
50,54,3451.3,40,0.36,0.11,0.0,0,0.55
50,55,3307.7,33,0.3,0.11,0.0,0,0.39
50,56,1755.5,1,0.03,0.25,0.001,0,0.07
50,57,618.5,293,2.33,10.94,0.048,0,3.29
50,58,2252.3,45,0.6,0.73,0.0,0,0.6
50,59,3391.8,14,0.13,0.08,0.0,0,0.2
50,60,1551.2,4,0.18,0.44,0.003,0,0.28
50,61,5251.1,0,0.01,0.0,0.0,0,0.08
50,62,2329.9,5,0.04,0.08,0.0,0,0.09
50,63,4623.3,2,0.04,0.0,0.0,0,0.06
50,64,1967.7,64,0.53,1.05,0.001,0,0.76
50,65,1766.1,86,1.06,2.46,0.002,0,1.39
50,66,691.0,102,1.23,7.71,0.005,0,1.73
50,67,3716.2,14,0.2,0.06,0.0,0,0.26
50,68,2668.2,12,0.39,0.16,0.0,0,0.41
50,69,1974.6,6,0.08,0.32,0.001,0,0.17
50,70,4669.8,5,0.08,0.0,0.0,0,0.24
50,71,1660.0,211,0.87,8.79,0.003,0,3.06
50,72,3994.3,13,0.06,0.01,0.0,0,0.18
50,73,2313.7,84,0.68,1.19,0.0,0,1.8
50,74,741.6,12,0.34,0.96,0.02,0,0.38
50,75,4488.5,16,0.32,0.01,0.0,0,0.33
50,76,4310.8,4,0.07,0.01,0.0,0,0.07
50,77,3516.1,1,0.01,0.02,0.0,0,0.06
50,78,3279.6,19,0.3,0.04,0.0,0,0.36
50,79,261.7,256,0.94,2.05,0.199,0,2.71
50,80,1788.9,31,0.39,0.72,0.0,0,0.59
50,81,3192.7,12,0.06,0.09,0.0,0,0.14
50,82,3018.8,53,0.66,0.27,0.0,0,0.86
50,83,1915.1,10,0.04,0.43,0.001,0,0.18
50,84,2479.7,6,0.05,0.1,0.0,0,0.08
50,85,2078.5,2,0.19,0.29,0.001,0,0.2
50,86,2582.0,48,0.67,0.9,0.0,0,0.72
50,87,3678.5,4,0.08,0.03,0.0,0,0.22
50,88,2843.3,2,0.07,0.04,0.0,0,0.1
50,89,2875.6,25,0.33,0.22,0.0,0,0.41
50,90,1218.6,39,0.47,2.37,0.008,0,0.82
50,91,576.0,335,4.06,11.07,0.065,1,7.03
50,92,2888.3,1,0.07,0.05,0.0,0,0.09
50,93,3122.8,2,0.03,0.06,0.0,0,0.12
50,94,4180.0,3,0.02,0.0,0.0,0,0.06
50,95,497.3,29,0.3,2.24,0.058,0,0.48
50,96,808.2,98,1.4,9.25,0.046,0,1.54
50,97,1767.7,7,0.3,0.79,0.002,0,0.49
50,98,2786.3,26,0.14,0.09,0.0,0,0.3
50,99,725.8,14,0.55,6.12,0.056,0,1.05
50,100,2642.3,3,0.02,0.06,0.0,0,0.03
50,101,355.2,200,1.98,7.98,0.203,0,2.08
50,102,3811.8,3,0.07,0.01,0.0,0,0.09
50,103,1728.6,1,0.04,0.34,0.001,0,0.18
50,104,1905.3,4,0.29,0.43,0.001,0,0.3
50,105,2523.5,36,0.4,0.25,0.0,0,0.64
50,106,1031.1,263,0.75,38.03,0.026,0,6.03
50,107,3920.0,12,0.12,0.01,0.0,0,0.14
50,108,2412.6,6,0.24,0.35,0.0,0,0.25
50,109,3024.4,1,0.05,0.12,0.0,0,0.1
50,110,2517.6,5,0.04,0.05,0.0,0,0.09
50,111,118.8,1390,26.17,17.53,0.282,1,28.81
50,112,1865.5,16,0.16,0.67,0.001,0,0.71
50,113,2760.0,86,0.82,2.23,0.0,0,1.01
50,114,2537.0,11,0.12,0.11,0.0,0,0.19
50,115,2472.5,7,0.11,0.21,0.0,0,0.65
50,116,840.6,223,1.19,6.14,0.026,0,2.37
50,117,1480.2,10,0.14,0.36,0.002,0,0.15
50,118,2650.1,75,0.51,0.42,0.0,0,0.95
50,119,1325.1,167,0.58,4.09,0.009,0,1.71
50,120,3847.0,1,0.09,0.03,0.0,0,0.16
50,121,2363.7,13,0.18,0.07,0.0,0,0.19
50,122,2428.9,158,1.51,1.62,0.0,0,1.79
50,123,1679.2,10,0.03,0.27,0.002,0,0.12
50,124,1129.6,22,0.48,3.91,0.006,0,0.85
50,125,2844.5,96,1.26,0.73,0.0,0,2.26
50,126,2113.9,19,0.28,0.16,0.0,0,0.34
50,127,3350.3,3,0.01,0.01,0.0,0,0.06
50,128,2615.2,6,0.05,0.14,0.0,0,0.23
50,129,1098.2,13,0.42,1.61,0.022,0,0.46
50,130,3258.9,1,0.02,0.01,0.0,0,0.02
50,131,3420.0,19,0.05,0.06,0.0,0,0.26
50,132,2692.3,3,0.04,0.05,0.0,0,0.07
50,133,462.2,49,4.61,14.62,0.129,0,4.86
50,134,269.1,206,1.92,7.53,0.091,0,2.91
50,135,5012.5,22,0.12,0.01,0.0,0,0.52
50,136,3304.7,5,0.05,0.02,0.0,0,0.07
50,137,447.9,95,1.51,7.91,0.136,0,1.81
50,138,843.0,32,0.33,18.62,0.017,0,2.24
50,139,2473.8,4,0.02,0.04,0.0,0,0.06
50,140,1193.9,16,0.16,4.36,0.016,0,0.44
50,141,2785.0,21,0.63,0.37,0.0,0,0.67
50,142,1876.1,3,0.01,0.15,0.002,0,0.04
50,143,1767.3,34,0.07,1.34,0.001,0,0.69
50,144,2875.1,16,0.13,0.13,0.0,0,0.18
50,145,2429.3,24,0.11,0.41,0.0,0,0.39
50,146,2153.7,2,0.03,0.12,0.0,0,0.03
50,147,1710.9,7,0.08,0.17,0.003,0,0.09
50,148,2329.0,75,0.8,0.42,0.0,0,0.87
50,149,1792.4,3,0.19,1.27,0.0,0,0.34
50,150,1280.7,71,1.3,4.09,0.01,0,2.07
50,151,2393.8,11,0.16,0.26,0.0,0,0.27
50,152,3332.2,2,0.01,0.01,0.0,0,0.02
50,153,1378.0,17,0.36,4.93,0.005,0,0.48
50,154,5072.9,2,0.13,0.0,0.0,0,0.2
50,155,2151.2,1,0.07,0.08,0.0,0,0.13
50,156,2753.9,13,0.35,1.03,0.0,0,0.58
50,157,2622.6,47,0.49,0.2,0.0,0,0.53
50,158,4014.8,1,0.01,0.0,0.0,0,0.04
50,159,3477.0,28,0.43,0.06,0.0,0,0.46
50,160,2020.8,3,0.07,0.12,0.0,0,0.08
50,161,1751.6,44,0.74,2.83,0.001,0,2.19
50,162,729.9,143,3.51,30.22,0.024,0,4.15
50,163,2785.2,4,0.05,0.04,0.0,0,0.07
50,164,1619.8,43,1.48,3.08,0.002,0,2.48
50,165,3391.9,6,0.07,0.08,0.0,0,0.09
50,166,3419.9,39,0.09,0.06,0.0,0,0.45
50,167,4066.0,20,0.16,0.06,0.0,0,0.21
50,168,1257.5,18,0.18,1.32,0.013,0,0.2
50,169,1541.2,14,0.1,0.38,0.001,0,0.28
50,170,2463.8,3,0.05,0.05,0.0,0,0.09
50,171,1311.4,15,0.17,0.89,0.008,0,0.27
50,172,1201.1,100,1.01,3.53,0.007,0,1.04
50,173,3401.0,5,0.06,0.04,0.0,0,0.18
50,174,1210.1,11,1.06,3.07,0.004,0,1.11
50,175,2125.9,49,0.39,1.06,0.0,0,0.61
50,176,1248.7,54,0.4,2.64,0.012,0,0.65
50,177,2595.4,33,0.4,0.59,0.0,0,0.44
50,178,2878.9,4,0.11,0.09,0.0,0,0.13
50,179,3334.1,78,2.41,0.57,0.0,0,2.8
50,180,2031.2,24,0.39,0.93,0.0,0,0.59
50,181,1353.6,8,0.04,1.13,0.006,0,0.11
50,182,3863.2,4,0.03,0.01,0.0,0,0.07
50,183,3989.6,15,0.11,0.03,0.0,0,0.16
50,184,249.3,314,0.83,19.03,0.232,0,4.86
50,185,540.6,397,3.78,26.91,0.028,0,4.53
50,186,2896.9,10,0.12,0.2,0.0,0,0.21
50,187,4548.2,4,0.09,0.0,0.0,0,0.11
50,188,2428.4,7,0.04,0.09,0.0,0,0.08
50,189,4069.3,4,0.03,0.0,0.0,0,0.04
50,190,857.9,23,0.05,2.3,0.032,0,0.52
50,191,2878.5,27,0.21,0.17,0.0,0,0.27
50,192,2896.4,2,0.07,0.09,0.0,0,0.27
50,193,1439.3,8,0.06,0.45,0.002,0,0.11
50,194,1448.0,62,0.21,2.45,0.001,0,0.93
50,195,2884.3,52,0.55,0.12,0.0,0,1.1
50,196,2805.7,4,0.04,0.03,0.0,0,0.05
50,197,1868.8,6,0.05,1.05,0.001,0,0.34
50,198,4676.4,11,0.03,0.0,0.0,0,0.12
50,199,2069.5,13,0.04,0.32,0.0,0,0.17
51,52,4435.6,0,0.03,0.0,0.0,0,0.03
51,53,3203.4,6,0.12,0.05,0.0,0,0.39
51,54,748.8,14,0.15,14.68,0.049,0,1.01
51,55,3399.4,10,0.05,0.05,0.0,0,0.17
51,56,3461.0,0,0.0,0.01,0.0,0,0.02
51,57,3989.9,3,0.06,0.01,0.0,0,0.09
51,58,2297.0,2,0.01,0.3,0.0,0,0.09
51,59,1720.5,53,0.58,1.39,0.001,0,0.84
51,60,3992.3,1,0.02,0.0,0.0,0,0.03
51,61,2104.8,33,0.28,0.14,0.0,0,0.36
51,62,2103.0,7,0.1,0.07,0.0,0,0.1
51,63,1720.0,9,0.15,0.14,0.0,0,0.16
51,64,2277.5,38,0.14,0.2,0.0,0,0.39
51,65,2692.8,29,0.21,0.15,0.0,0,0.55
51,66,4169.1,5,0.03,0.0,0.0,0,0.08
51,67,487.2,58,1.51,10.67,0.159,0,2.4
51,68,3169.6,3,0.02,0.05,0.0,0,0.09
51,69,3385.4,4,0.03,0.01,0.0,0,0.05
51,70,1553.1,18,0.46,0.74,0.003,0,0.46
51,71,2607.4,24,0.3,0.35,0.0,0,0.35
51,72,2792.5,8,0.11,0.06,0.0,0,0.12
51,73,1915.0,65,0.19,2.5,0.001,0,1.25
51,74,4015.1,0,0.01,0.0,0.0,0,0.01
51,75,2636.2,18,0.13,0.11,0.0,0,0.22
51,76,1146.8,74,0.21,1.54,0.01,0,0.85
51,77,3602.0,4,0.08,0.02,0.0,0,0.09
51,78,1872.4,5,0.15,0.29,0.001,0,0.23
51,79,4073.6,1,0.01,0.0,0.0,0,0.01
51,80,3459.7,7,0.05,0.02,0.0,0,0.08
51,81,4167.4,21,0.14,0.0,0.0,0,0.24
51,82,3770.7,20,0.06,0.03,0.0,0,0.21
51,83,3558.8,1,0.01,0.0,0.0,0,0.04
51,84,2300.7,2,0.02,0.05,0.0,0,0.03
51,85,3789.8,2,0.03,0.0,0.0,0,0.03
51,86,1612.3,33,0.39,1.25,0.001,0,0.58
51,87,2519.0,6,0.12,0.11,0.0,0,0.16
51,88,3033.6,1,0.02,0.02,0.0,0,0.03
51,89,2769.7,6,0.02,0.08,0.0,0,0.16
51,90,2999.2,3,0.01,0.04,0.0,0,0.05
51,91,4116.2,5,0.1,0.01,0.0,0,0.14
51,92,2106.0,6,0.05,0.11,0.0,0,0.09
51,93,1542.4,1,0.09,0.79,0.004,0,0.15
51,94,2980.9,5,0.03,0.02,0.0,0,0.06
51,95,3882.6,0,0.0,0.0,0.0,0,0.01
51,96,3829.5,3,0.01,0.02,0.0,0,0.1
51,97,3790.3,1,0.06,0.01,0.0,0,0.07
51,98,1575.0,8,0.05,0.62,0.001,0,0.21
51,99,3549.5,2,0.01,0.01,0.0,0,0.04
51,100,2749.0,1,0.02,0.02,0.0,0,0.02
51,101,4376.0,0,0.02,0.0,0.0,0,0.03
51,102,3148.2,2,0.08,0.01,0.0,0,0.13
51,103,2598.1,1,0.01,0.04,0.0,0,0.03
51,104,2613.3,4,0.02,0.04,0.0,0,0.1
51,105,2264.8,28,0.17,0.41,0.0,0,0.37
51,106,3260.0,47,0.48,0.12,0.0,0,0.64
51,107,280.5,105,2.02,11.34,0.154,0,3.01
51,108,2020.1,15,0.02,0.32,0.0,0,0.19
51,109,1552.2,24,0.15,0.71,0.003,0,0.3
51,110,2837.3,0,0.01,0.01,0.0,0,0.02
51,111,4200.2,4,0.03,0.0,0.0,0,0.06
51,112,2950.5,0,0.06,0.04,0.0,0,0.06
51,113,1695.1,182,1.69,9.52,0.002,0,2.21
51,114,1667.3,1,0.03,0.87,0.001,0,0.09
51,115,2108.4,8,0.12,0.43,0.001,0,0.13
51,116,4261.6,2,0.01,0.0,0.0,0,0.04
51,117,2716.2,1,0.02,0.02,0.0,0,0.03
51,118,2696.4,17,0.27,0.15,0.0,0,0.39
51,119,3325.3,10,0.1,0.04,0.0,0,0.13
51,120,1540.3,13,0.39,1.16,0.004,0,0.54
51,121,1882.8,2,0.09,0.09,0.001,0,0.11
51,122,2019.6,37,0.8,1.45,0.001,0,0.91
51,123,2666.5,0,0.01,0.02,0.0,0,0.01
51,124,3484.9,5,0.07,0.02,0.0,0,0.1
51,125,1575.8,94,2.71,4.28,0.003,0,3.92
51,126,2392.4,2,0.02,0.04,0.0,0,0.04
51,127,3781.1,1,0.07,0.01,0.0,0,0.08
51,128,3985.9,3,0.04,0.01,0.0,0,0.08
51,129,3127.1,3,0.04,0.03,0.0,0,0.06
51,130,3545.5,0,0.0,0.0,0.0,0,0.01
51,131,4022.0,4,0.03,0.0,0.0,0,0.06
51,132,1510.8,15,0.03,0.24,0.005,0,0.19
51,133,4253.6,3,0.02,0.0,0.0,0,0.11
51,134,3958.5,1,0.01,0.0,0.0,0,0.03
51,135,1654.3,54,0.66,2.25,0.002,0,1.01
51,136,1729.6,15,0.17,0.32,0.002,0,0.21
51,137,3781.4,2,0.01,0.01,0.0,0,0.03
51,138,3362.5,8,0.03,0.03,0.0,0,0.14
51,139,2289.0,1,0.02,0.04,0.0,0,0.03
51,140,3042.7,8,0.11,0.05,0.0,0,0.11
51,141,3487.4,3,0.11,0.05,0.0,0,0.11
51,142,3581.6,0,0.01,0.0,0.0,0,0.02
51,143,3809.6,0,0.01,0.01,0.0,0,0.04
51,144,1571.7,5,0.02,0.66,0.002,0,0.14
51,145,2462.2,15,0.17,0.26,0.0,0,0.2
51,146,3608.7,1,0.05,0.0,0.0,0,0.06
51,147,2595.8,0,0.01,0.01,0.0,0,0.01
51,148,2783.9,16,0.26,0.17,0.0,0,0.26
51,149,3473.7,5,0.11,0.02,0.0,0,0.11
51,150,2953.4,2,0.12,0.05,0.0,0,0.14
51,151,2244.8,9,0.19,0.36,0.0,0,0.41
51,152,4134.8,3,0.01,0.0,0.0,0,0.04
51,153,2937.7,2,0.03,0.08,0.0,0,0.09
51,154,2484.1,28,0.11,0.18,0.0,0,0.3
51,155,3061.6,2,0.02,0.02,0.0,0,0.03
51,156,1946.3,137,0.75,1.97,0.001,0,1.41
51,157,2592.9,2,0.05,0.13,0.0,0,0.09
51,158,1642.7,10,0.05,0.18,0.003,0,0.13
51,159,2813.2,12,0.09,0.13,0.0,0,0.13
51,160,2648.9,2,0.06,0.03,0.0,0,0.06
51,161,2856.9,7,0.02,0.1,0.0,0,0.18
51,162,3833.2,31,0.19,0.02,0.0,0,0.43
51,163,4126.7,1,0.01,0.0,0.0,0,0.03
51,164,2604.7,23,0.09,0.24,0.0,0,0.27
51,165,2769.3,16,0.11,0.06,0.0,0,0.26
51,166,3427.2,8,0.22,0.02,0.0,0,0.23
51,167,225.8,2851,31.74,85.56,0.034,3,33.12
51,168,3058.5,7,0.05,0.03,0.0,0,0.09
51,169,3650.4,1,0.01,0.0,0.0,0,0.02
51,170,2915.9,3,0.05,0.02,0.0,0,0.06
51,171,3660.4,6,0.06,0.0,0.0,0,0.07
51,172,4143.8,3,0.01,0.0,0.0,0,0.07
51,173,1461.0,22,0.13,1.22,0.004,0,0.25
51,174,3454.9,5,0.03,0.02,0.0,0,0.06
51,175,2294.2,5,0.07,0.34,0.0,0,0.16
51,176,3513.0,2,0.07,0.03,0.0,0,0.07
51,177,2786.1,5,0.13,0.19,0.0,0,0.27
51,178,3294.1,6,0.05,0.02,0.0,0,0.12
51,179,2038.4,133,3.28,2.73,0.001,0,4.33
51,180,2957.1,9,0.13,0.05,0.0,0,0.13
51,181,3709.3,0,0.03,0.01,0.0,0,0.03
51,182,840.1,23,0.11,1.04,0.028,0,0.31
51,183,1013.0,5,0.06,2.13,0.004,0,0.25
51,184,4417.9,2,0.01,0.0,0.0,0,0.02
51,185,4733.5,9,0.02,0.0,0.0,0,0.1
51,186,1306.4,17,0.31,2.59,0.004,0,0.37
51,187,1537.3,8,0.34,0.67,0.002,0,0.37
51,188,2129.8,3,0.03,0.09,0.001,0,0.06
51,189,1880.1,3,0.04,0.06,0.0,0,0.06
51,190,3428.2,2,0.01,0.01,0.0,0,0.03
51,191,1326.4,10,0.09,2.69,0.01,0,0.45
51,192,1647.3,5,0.14,0.9,0.001,0,0.15
51,193,3254.3,0,0.01,0.01,0.0,0,0.02
51,194,3792.4,4,0.06,0.01,0.0,0,0.09
51,195,3339.9,9,0.04,0.03,0.0,0,0.19
51,196,2462.7,1,0.02,0.04,0.0,0,0.06
51,197,2331.1,2,0.07,0.15,0.0,0,0.13
51,198,2127.0,5,0.03,0.15,0.0,0,0.07
51,199,3928.4,0,0.0,0.0,0.0,0,0.02
52,53,1239.1,22,0.19,1.67,0.003,0,0.43
52,54,3919.2,0,0.01,0.02,0.0,0,0.07
52,55,1047.5,7,0.28,2.9,0.019,0,0.69
52,56,1868.0,1,0.02,0.07,0.001,0,0.04
52,57,3959.1,0,0.02,0.0,0.0,0,0.03
52,58,4308.7,2,0.01,0.0,0.0,0,0.03
52,59,2716.6,2,0.22,0.1,0.0,0,0.23
52,60,4828.0,2,0.01,0.0,0.0,0,0.03
52,61,3764.8,2,0.02,0.01,0.0,0,0.07
52,62,4179.4,0,0.01,0.0,0.0,0,0.01
52,63,3392.2,0,0.01,0.01,0.0,0,0.02
52,64,3731.9,7,0.06,0.01,0.0,0,0.11
52,65,4086.7,5,0.03,0.01,0.0,0,0.13
52,66,2785.7,6,0.02,0.04,0.0,0,0.06
52,67,4068.7,20,0.19,0.0,0.0,0,0.21
52,68,1383.2,12,0.04,1.04,0.006,0,0.19
52,69,4900.8,0,0.0,0.0,0.0,0,0.01
52,70,3580.1,1,0.02,0.01,0.0,0,0.02
52,71,2953.4,16,0.08,0.14,0.0,0,0.25
52,72,1957.0,11,0.03,0.14,0.001,0,0.14
52,73,3237.0,22,0.18,0.07,0.0,0,0.36
52,74,4091.7,0,0.0,0.0,0.0,0,0.0
52,75,2492.0,2,0.04,0.18,0.0,0,0.09
52,76,3600.6,0,0.01,0.01,0.0,0,0.03
52,77,6297.5,1,0.01,0.0,0.0,0,0.02
52,78,5074.5,2,0.05,0.0,0.0,0,0.06
52,79,3206.8,0,0.01,0.0,0.0,0,0.01
52,80,4772.4,0,0.01,0.0,0.0,0,0.02
52,81,325.4,100,1.77,12.2,0.258,0,4.3
52,82,709.9,124,2.01,9.83,0.051,0,2.99
52,83,4945.6,1,0.01,0.0,0.0,0,0.03
52,84,4599.3,0,0.01,0.0,0.0,0,0.02
52,85,1421.7,13,0.13,0.41,0.004,0,0.18
52,86,3646.6,5,0.14,0.02,0.0,0,0.16
52,87,2032.2,3,0.06,0.26,0.001,0,0.07
52,88,1445.4,2,0.14,0.3,0.004,0,0.16
52,89,5332.4,6,0.04,0.0,0.0,0,0.08
52,90,3516.0,0,0.01,0.01,0.0,0,0.02
52,91,2889.6,22,0.09,0.06,0.0,0,0.23
52,92,2385.2,3,0.01,0.03,0.0,0,0.05
52,93,2939.8,4,0.04,0.03,0.0,0,0.07
52,94,1928.3,3,0.06,0.26,0.001,0,0.08
52,95,3750.8,0,0.0,0.0,0.0,0,0.01
52,96,4046.8,2,0.01,0.01,0.0,0,0.03
52,97,4931.6,0,0.01,0.0,0.0,0,0.02
52,98,3130.6,7,0.06,0.03,0.0,0,0.08
52,99,3639.1,1,0.07,0.01,0.0,0,0.07
52,100,1799.4,2,0.01,0.08,0.001,0,0.03
52,101,3224.0,0,0.01,0.02,0.0,0,0.01
52,102,1508.9,8,0.07,0.33,0.002,0,0.19
52,103,3873.1,0,0.01,0.0,0.0,0,0.01
52,104,2528.5,11,0.11,0.05,0.0,0,0.18
52,105,4616.7,0,0.04,0.0,0.0,0,0.05
52,106,3697.6,6,0.46,0.06,0.0,0,0.47
52,107,4316.7,0,0.01,0.0,0.0,0,0.03
52,108,4199.7,3,0.04,0.0,0.0,0,0.05
52,109,2971.1,10,0.02,0.02,0.0,0,0.11
52,110,5054.8,0,0.0,0.0,0.0,0,0.0
52,111,3350.6,6,0.02,0.02,0.0,0,0.12
52,112,2169.4,12,0.12,0.11,0.0,0,0.19
52,113,4319.7,33,0.18,0.03,0.0,0,0.55
52,114,3437.7,4,0.04,0.01,0.0,0,0.05
52,115,2626.0,4,0.04,0.06,0.0,0,0.19
52,116,4273.7,5,0.07,0.0,0.0,0,0.08
52,117,3406.7,0,0.01,0.0,0.0,0,0.02
52,118,5082.4,7,0.08,0.0,0.0,0,0.17
52,119,4201.0,8,0.06,0.01,0.0,0,0.15
52,120,2994.6,12,0.15,0.09,0.0,0,0.24
52,121,3193.8,2,0.01,0.01,0.0,0,0.04
52,122,2800.7,3,0.25,0.15,0.0,0,0.26
52,123,2779.3,1,0.0,0.01,0.0,0,0.02
52,124,4119.9,14,0.03,0.0,0.0,0,0.16
52,125,4297.0,22,0.29,0.01,0.0,0,0.36
52,126,2594.0,1,0.01,0.02,0.0,0,0.02
52,127,664.4,19,0.07,1.57,0.028,0,0.28
52,128,869.6,71,0.2,2.76,0.015,0,0.74
52,129,3535.3,3,0.02,0.01,0.0,0,0.04
52,130,6071.5,0,0.01,0.0,0.0,0,0.01
52,131,429.6,80,0.43,5.98,0.064,0,1.14
52,132,3510.0,0,0.01,0.0,0.0,0,0.02
52,133,3036.5,1,0.06,0.04,0.0,0,0.09
52,134,3527.4,0,0.01,0.0,0.0,0,0.02
52,135,3873.9,8,0.16,0.02,0.0,0,0.29
52,136,2706.4,1,0.03,0.04,0.0,0,0.04
52,137,3199.5,6,0.08,0.01,0.0,0,0.09
52,138,3444.0,1,0.03,0.07,0.0,0,0.1
52,139,4581.5,0,0.01,0.0,0.0,0,0.01
52,140,3028.6,3,0.03,0.04,0.0,0,0.05
52,141,5661.4,3,0.01,0.0,0.0,0,0.05
52,142,1690.8,2,0.01,0.08,0.001,0,0.03
52,143,4940.5,1,0.01,0.0,0.0,0,0.03
52,144,3045.7,6,0.03,0.03,0.0,0,0.1
52,145,4685.5,6,0.06,0.0,0.0,0,0.11
52,146,5184.3,0,0.01,0.0,0.0,0,0.01
52,147,2863.5,1,0.01,0.01,0.0,0,0.03
52,148,4836.3,2,0.06,0.0,0.0,0,0.06
52,149,1825.5,5,0.17,0.26,0.002,0,0.18
52,150,3034.1,5,0.02,0.04,0.0,0,0.1
52,151,4440.4,1,0.01,0.0,0.0,0,0.03
52,152,301.4,44,0.19,5.07,0.17,0,1.21
52,153,3791.1,3,0.06,0.01,0.0,0,0.06
52,154,3223.3,0,0.02,0.02,0.0,0,0.08
52,155,1810.9,2,0.04,0.18,0.001,0,0.04
52,156,2629.5,13,0.33,0.35,0.0,0,0.55
52,157,4983.8,0,0.03,0.0,0.0,0,0.05
52,158,2988.4,1,0.01,0.01,0.0,0,0.02
52,159,1675.2,16,0.18,1.24,0.001,0,0.22
52,160,2351.3,0,0.02,0.04,0.0,0,0.02
52,161,2395.2,16,0.17,0.26,0.0,0,0.18
52,162,2770.9,3,0.04,0.2,0.0,0,0.14
52,163,682.4,6,0.02,1.3,0.063,0,0.15
52,164,3592.5,12,0.22,0.02,0.0,0,0.25
52,165,1695.4,28,0.34,0.72,0.002,0,0.56
52,166,1045.7,79,0.79,2.15,0.003,0,1.25
52,167,4210.4,22,0.23,0.01,0.0,0,0.47
52,168,2836.3,4,0.03,0.02,0.0,0,0.05
52,169,4651.9,0,0.01,0.0,0.0,0,0.02
52,170,1727.2,5,0.03,0.17,0.001,0,0.09
52,171,2217.3,4,0.01,0.06,0.0,0,0.05
52,172,4569.6,1,0.01,0.0,0.0,0,0.01
52,173,4870.1,4,0.04,0.0,0.0,0,0.06
52,174,2441.1,1,0.06,0.16,0.0,0,0.06
52,175,4112.3,3,0.04,0.0,0.0,0,0.08
52,176,4273.5,0,0.03,0.0,0.0,0,0.04
52,177,5092.6,10,0.06,0.0,0.0,0,0.12
52,178,1185.7,5,0.14,0.97,0.006,0,0.23
52,179,2400.8,92,0.28,1.34,0.0,0,1.14
52,180,2007.6,7,0.08,0.3,0.0,0,0.2
52,181,2156.1,0,0.01,0.08,0.0,0,0.01
52,182,3616.1,1,0.01,0.01,0.0,0,0.02
52,183,3512.7,5,0.09,0.02,0.0,0,0.12
52,184,3635.7,9,0.06,0.01,0.0,0,0.12
52,185,3646.8,1,0.08,0.02,0.0,0,0.14
52,186,3851.3,0,0.01,0.01,0.0,0,0.06
52,187,3475.9,0,0.03,0.01,0.0,0,0.03
52,188,4361.0,0,0.01,0.0,0.0,0,0.01
52,189,2815.4,0,0.01,0.01,0.0,0,0.02
52,190,3670.6,0,0.01,0.01,0.0,0,0.01
52,191,3584.1,4,0.04,0.02,0.0,0,0.07
52,192,4460.6,1,0.01,0.0,0.0,0,0.03
52,193,4268.3,1,0.02,0.0,0.0,0,0.02
52,194,2037.4,9,0.08,0.54,0.0,0,0.12
52,195,1141.2,7,0.45,1.59,0.013,0,0.48
52,196,5064.2,0,0.0,0.0,0.0,0,0.01
52,197,3267.3,8,0.05,0.03,0.0,0,0.09
52,198,3099.3,2,0.02,0.04,0.0,0,0.05
52,199,1400.6,2,0.01,0.25,0.004,0,0.06
53,54,2726.4,116,1.14,0.71,0.0,0,1.23
53,55,196.7,1356,7.77,47.79,0.123,5,16.14
53,56,1515.4,19,0.08,0.62,0.004,0,0.2
53,57,3598.8,4,0.07,0.03,0.0,0,0.07
53,58,3407.3,20,0.2,0.08,0.0,0,0.25
53,59,1483.0,156,3.38,3.74,0.002,0,5.35
53,60,4323.4,5,0.03,0.0,0.0,0,0.08
53,61,2686.3,6,0.08,0.12,0.0,0,0.16
53,62,3240.0,2,0.02,0.02,0.0,0,0.06
53,63,2227.7,22,0.04,0.11,0.0,0,0.23
53,64,2852.0,9,0.17,0.25,0.0,0,0.67
53,65,3303.3,74,1.15,0.38,0.0,0,1.68
53,66,2703.4,12,0.09,0.16,0.0,0,0.21
53,67,2855.2,116,0.22,0.28,0.0,0,1.26
53,68,595.0,80,0.24,19.63,0.071,0,1.09
53,69,4212.1,6,0.04,0.0,0.0,0,0.09
53,70,2400.0,81,0.22,0.34,0.0,0,0.92
53,71,2176.1,180,1.65,1.87,0.0,0,2.71
53,72,909.1,44,1.42,6.95,0.017,0,3.57
53,73,2234.3,204,2.69,1.44,0.0,0,3.62
53,74,3717.9,1,0.03,0.0,0.0,0,0.03
53,75,1495.2,177,0.98,3.81,0.005,0,2.39
53,76,2374.2,10,0.3,0.53,0.0,0,0.44
53,77,5438.8,1,0.03,0.0,0.0,0,0.05
53,78,4022.8,5,0.06,0.01,0.0,0,0.16
53,79,3005.5,0,0.02,0.02,0.0,0,0.02
53,80,4122.6,4,0.04,0.01,0.0,0,0.06
53,81,1006.0,61,0.48,20.81,0.027,0,1.45
53,82,660.2,519,14.47,58.12,0.051,0,14.62
53,83,4297.6,6,0.06,0.01,0.0,0,0.1
53,84,3676.3,2,0.01,0.01,0.0,0,0.06
53,85,1352.1,16,0.15,1.59,0.003,0,0.35
53,86,2594.8,28,0.24,0.65,0.0,0,0.74
53,87,836.4,105,1.64,11.93,0.055,0,2.16
53,88,447.7,39,0.63,11.54,0.181,0,1.61
53,89,4432.5,20,0.11,0.01,0.0,0,0.24
53,90,2869.7,16,0.17,0.42,0.0,0,0.19
53,91,2763.7,53,0.1,0.46,0.0,0,0.54
53,92,1220.1,44,0.32,2.5,0.006,0,0.48
53,93,1742.5,40,0.28,1.21,0.001,0,0.68
53,94,1008.5,31,0.22,3.35,0.029,0,0.97
53,95,3386.3,3,0.01,0.01,0.0,0,0.11
53,96,3617.8,11,0.09,0.04,0.0,0,0.43
53,97,4350.9,13,0.11,0.01,0.0,0,0.18
53,98,2004.3,39,0.39,0.88,0.0,0,0.52
53,99,3172.0,11,0.23,0.05,0.0,0,0.29
53,100,789.8,39,0.96,2.55,0.009,0,1.02
53,101,3144.3,2,0.1,0.1,0.0,0,0.1
53,102,570.2,219,0.96,6.5,0.067,0,2.8
53,103,3077.9,1,0.08,0.02,0.0,0,0.08
53,104,1713.8,40,0.09,1.19,0.003,0,0.65
53,105,3684.3,11,0.09,0.05,0.0,0,0.24
53,106,3123.5,101,1.02,0.48,0.0,0,2.08
53,107,3097.5,58,0.53,0.22,0.0,0,0.66
53,108,3240.4,14,0.04,0.1,0.0,0,0.15
53,109,1791.2,50,0.21,1.55,0.001,0,0.61
53,110,4206.5,0,0.01,0.0,0.0,0,0.02
53,111,3174.6,21,0.03,0.05,0.0,0,0.27
53,112,1492.3,46,0.42,1.92,0.002,0,0.79
53,113,3287.8,60,0.39,0.63,0.0,0,1.86
53,114,2384.0,13,0.16,0.4,0.0,0,0.35
53,115,1578.3,10,0.49,2.37,0.001,0,0.64
53,116,3951.1,3,0.06,0.01,0.0,0,0.12
53,117,2669.9,1,0.08,0.04,0.0,0,0.1
53,118,4198.0,20,0.06,0.03,0.0,0,0.52
53,119,3589.5,46,0.73,0.07,0.0,0,0.73
53,120,1759.9,147,0.26,2.31,0.001,0,1.56
53,121,2176.0,23,0.04,0.22,0.0,0,0.34
53,122,1762.1,100,1.04,3.61,0.001,0,2.16
53,123,2017.2,7,0.09,0.15,0.001,0,0.1
53,124,3568.2,77,0.49,0.06,0.0,0,0.78
53,125,3243.3,34,2.44,0.73,0.0,0,3.05
53,126,1679.5,23,0.05,0.46,0.002,0,0.25
53,127,578.2,26,1.76,6.33,0.041,0,2.22
53,128,1098.1,34,2.01,4.53,0.014,0,2.17
53,129,2931.4,6,0.04,0.03,0.0,0,0.15
53,130,5238.6,0,0.02,0.0,0.0,0,0.02
53,131,819.0,151,1.46,11.61,0.032,0,1.84
53,132,2423.6,2,0.08,0.1,0.0,0,0.13
53,133,2942.7,25,0.15,0.16,0.0,0,0.42
53,134,3226.5,4,0.03,0.04,0.0,0,0.12
53,135,2718.4,163,0.99,0.69,0.0,0,2.11
53,136,1479.2,20,0.06,0.66,0.004,0,0.23
53,137,2880.1,1,0.06,0.09,0.0,0,0.12
53,138,2932.6,83,0.53,0.2,0.0,0,1.18
53,139,3657.5,2,0.08,0.01,0.0,0,0.12
53,140,2426.6,29,0.09,0.34,0.0,0,0.3
53,141,4882.7,43,0.33,0.01,0.0,0,0.49
53,142,1431.2,10,0.12,0.47,0.006,0,0.32
53,143,4363.9,7,0.05,0.01,0.0,0,0.15
53,144,1897.2,18,0.17,0.86,0.002,0,0.3
53,145,3791.3,10,0.25,0.08,0.0,0,0.46
53,146,4513.0,2,0.01,0.0,0.0,0,0.02
53,147,2076.6,3,0.03,0.22,0.001,0,0.1
53,148,4001.8,22,0.1,0.02,0.0,0,0.37
53,149,1482.2,64,0.44,2.3,0.001,0,0.71
53,150,2396.0,4,0.13,0.49,0.0,0,0.34
53,151,3517.5,7,0.34,0.05,0.0,0,0.35
53,152,942.6,6,0.14,3.05,0.029,0,0.18
53,153,3103.5,37,1.0,0.09,0.0,0,1.47
53,154,2229.8,54,0.5,0.73,0.0,0,0.9
53,155,1137.1,24,0.2,2.97,0.015,0,0.61
53,156,1498.9,199,1.46,13.81,0.004,0,5.97
53,157,4087.6,16,0.17,0.02,0.0,0,0.18
53,158,1767.5,3,0.08,0.38,0.001,0,0.11
53,159,465.1,1038,7.12,13.34,0.204,0,10.93
53,160,1522.4,8,0.09,1.02,0.003,0,0.31
53,161,1692.8,45,1.33,2.37,0.001,0,1.71
53,162,2536.7,19,0.5,0.63,0.0,0,0.57
53,163,1132.2,19,0.36,2.18,0.01,0,0.38
53,164,2812.9,69,0.64,0.18,0.0,0,0.78
53,165,464.0,153,4.38,21.8,0.115,0,4.4
53,166,255.2,987,8.38,40.8,0.214,2,14.95
53,167,2977.8,52,1.32,0.74,0.0,0,2.19
53,168,2247.4,48,0.08,0.34,0.0,0,0.54
53,169,4074.5,7,0.07,0.0,0.0,0,0.09
53,170,865.3,39,0.19,3.27,0.014,0,1.1
53,171,1968.0,21,0.15,0.45,0.001,0,0.24
53,172,4156.0,1,0.04,0.01,0.0,0,0.06
53,173,3767.1,11,0.03,0.02,0.0,0,0.15
53,174,2060.2,5,0.18,1.48,0.0,0,0.21
53,175,3222.3,52,0.15,0.14,0.0,0,0.63
53,176,3709.8,5,0.08,0.03,0.0,0,0.09
53,177,4227.5,44,0.3,0.02,0.0,0,0.5
53,178,402.6,55,2.06,22.07,0.139,0,3.91
53,179,1165.2,820,10.86,57.3,0.008,0,13.3
53,180,1302.6,141,1.15,6.41,0.013,0,1.77
53,181,1941.8,7,0.01,0.28,0.0,0,0.09
53,182,2378.6,1,0.05,0.09,0.0,0,0.1
53,183,2274.0,11,0.25,0.74,0.0,0,0.35
53,184,3489.7,5,0.12,0.03,0.0,0,0.17
53,185,3619.8,31,0.17,0.04,0.0,0,0.39
53,186,2745.3,23,0.19,0.29,0.0,0,0.25
53,187,2287.2,4,0.02,0.3,0.0,0,0.09
53,188,3417.6,3,0.04,0.02,0.0,0,0.1
53,189,1615.6,7,0.09,0.38,0.004,0,0.12
53,190,3157.1,6,0.12,0.04,0.0,0,0.31
53,191,2462.6,52,0.7,0.84,0.0,0,1.14
53,192,3413.8,23,0.32,0.05,0.0,0,0.4
53,193,3627.3,11,0.07,0.01,0.0,0,0.14
53,194,1887.6,22,0.43,0.89,0.001,0,0.62
53,195,414.8,808,1.17,24.19,0.048,0,9.73
53,196,4130.0,7,0.07,0.01,0.0,0,0.08
53,197,2401.1,15,0.13,0.35,0.0,0,0.23
53,198,2000.3,33,0.19,0.79,0.001,0,0.42
53,199,1449.3,9,0.1,1.09,0.006,0,0.15
54,55,2921.9,61,0.63,0.51,0.0,0,3.37
54,56,2759.4,12,0.21,0.06,0.0,0,0.25
54,57,3275.9,4,0.03,0.09,0.0,0,0.06
54,58,1695.5,162,0.71,1.92,0.003,0,2.12
54,59,1304.6,153,0.72,14.03,0.003,0,1.57
54,60,3365.5,7,0.14,0.08,0.0,0,0.18
54,61,2385.0,16,0.07,0.26,0.0,0,0.52
54,62,1482.3,48,0.36,0.75,0.005,0,0.75
54,63,1845.7,12,0.07,0.36,0.001,0,0.26
54,64,1570.6,104,2.18,5.82,0.004,0,2.46
54,65,2030.1,241,3.18,3.97,0.0,0,9.81
54,66,3421.4,19,0.18,0.05,0.0,0,0.28
54,67,265.0,2604,6.24,122.79,0.257,2,29.2
54,68,2582.8,31,0.23,0.54,0.0,0,0.36
54,69,2816.1,2,0.09,0.1,0.0,0,0.18
54,70,1747.9,96,0.38,3.98,0.002,0,1.16
54,71,1859.0,116,1.0,7.18,0.001,0,2.08
54,72,2518.5,10,0.07,0.35,0.0,0,0.18
54,73,1166.4,951,11.65,35.77,0.018,0,16.84
54,74,3310.2,3,0.01,0.01,0.0,0,0.04
54,75,2527.5,25,0.46,0.93,0.0,0,0.49
54,76,1277.4,86,2.31,3.16,0.009,0,2.36
54,77,3325.0,7,0.13,0.06,0.0,0,0.14
54,78,1597.3,44,0.78,3.46,0.002,0,2.52
54,79,3326.8,3,0.1,0.01,0.0,0,0.15
54,80,2862.3,13,0.36,0.08,0.0,0,0.41
54,81,3627.7,30,0.05,0.06,0.0,0,0.35
54,82,3225.0,28,0.52,0.46,0.0,0,0.69
54,83,2982.2,31,0.15,0.15,0.0,0,0.7
54,84,1772.6,13,0.11,0.63,0.001,0,0.25
54,85,3120.7,4,0.06,0.06,0.0,0,0.1
54,86,880.9,234,2.16,56.78,0.04,0,5.26
54,87,2179.3,94,0.39,0.73,0.0,0,1.0
54,88,2478.9,27,0.11,0.46,0.0,0,0.55
54,89,2380.9,100,0.78,1.31,0.0,0,1.07
54,90,2269.8,50,0.85,0.7,0.0,0,0.9
54,91,3367.5,50,0.7,0.2,0.0,0,1.46
54,92,1534.6,8,0.11,1.82,0.002,0,0.2
54,93,984.2,87,0.85,7.27,0.024,0,1.72
54,94,2737.0,15,0.09,0.18,0.0,0,0.29
54,95,3157.5,3,0.06,0.03,0.0,0,0.14
54,96,3126.4,25,0.56,0.17,0.0,0,0.74
54,97,3192.6,25,0.23,0.17,0.0,0,0.66
54,98,871.2,56,1.03,10.91,0.024,0,1.88
54,99,2822.8,11,0.27,0.31,0.0,0,0.37
54,100,2153.0,8,0.07,0.38,0.0,0,0.09
54,101,3628.3,6,0.06,0.02,0.0,0,0.06
54,102,2795.2,27,0.05,0.21,0.0,0,0.29
54,103,1907.2,20,0.18,1.01,0.0,0,0.25
54,104,1887.2,25,0.24,1.56,0.001,0,0.35
54,105,1745.8,11,0.51,3.13,0.002,0,0.81
54,106,2541.2,135,2.57,2.08,0.0,0,4.0
54,107,495.1,304,5.6,23.59,0.175,0,12.71
54,108,1408.9,56,0.3,4.32,0.008,0,1.1
54,109,948.6,300,1.73,5.66,0.023,0,3.79
54,110,2361.6,15,0.08,0.15,0.0,0,0.15
54,111,3455.5,6,0.04,0.04,0.0,0,0.1
54,112,2243.0,54,0.74,0.78,0.0,0,0.88
54,113,1145.4,1020,7.45,75.47,0.005,0,10.35
54,114,919.2,108,0.99,6.29,0.015,0,1.23
54,115,1423.8,32,0.14,5.82,0.006,0,1.0
54,116,3563.3,45,0.1,0.05,0.0,0,0.52
54,117,1980.0,14,0.12,0.41,0.001,0,0.21
54,118,2248.5,93,2.11,1.5,0.001,0,2.13
54,119,2654.5,81,0.72,0.56,0.0,0,1.79
54,120,1339.4,169,3.52,5.69,0.006,0,7.29
54,121,1135.9,41,0.07,2.58,0.021,0,0.57
54,122,1310.0,284,3.03,15.27,0.006,0,6.27
54,123,1922.0,7,0.09,0.37,0.001,0,0.11
54,124,2799.3,122,1.16,0.51,0.0,0,1.45
54,125,1030.0,2347,27.79,62.61,0.012,0,28.05
54,126,1673.9,56,0.3,0.74,0.003,0,0.59
54,127,3290.0,8,0.1,0.03,0.0,0,0.15
54,128,3374.5,22,0.26,0.11,0.0,0,0.3
54,129,2398.2,11,0.14,0.46,0.0,0,0.22
54,130,3217.4,2,0.01,0.02,0.0,0,0.03
54,131,3527.5,64,0.51,0.04,0.0,0,1.01
54,132,762.7,26,0.2,4.39,0.03,0,0.45
54,133,3504.8,51,0.07,0.1,0.0,0,0.54
54,134,3221.4,8,0.11,0.03,0.0,0,0.14
54,135,1977.3,319,2.95,5.54,0.001,0,3.85
54,136,1277.0,30,0.35,2.03,0.008,0,0.41
54,137,3035.5,18,0.08,0.12,0.0,0,0.31
54,138,2626.9,16,0.41,0.62,0.0,0,0.65
54,139,1757.3,19,0.09,0.55,0.001,0,0.33
54,140,2294.4,16,0.11,0.8,0.0,0,0.51
54,141,3065.1,186,1.55,0.37,0.0,0,1.91
54,142,2892.7,1,0.02,0.04,0.0,0,0.06
54,143,3211.8,6,0.1,0.08,0.0,0,0.19
54,144,904.6,75,0.44,13.18,0.029,0,1.47
54,145,1938.9,52,0.6,1.94,0.001,0,0.62
54,146,3069.8,10,0.11,0.03,0.0,0,0.14
54,147,1849.3,3,0.08,0.38,0.001,0,0.22
54,148,2261.4,89,0.84,1.03,0.0,0,0.98
54,149,2775.7,7,0.08,0.23,0.0,0,0.25
54,150,2205.0,73,0.69,1.04,0.0,0,0.81
54,151,1679.7,54,1.01,2.93,0.001,0,1.06
54,152,3618.7,9,0.11,0.03,0.0,0,0.12
54,153,2231.9,42,0.35,0.85,0.0,0,0.85
54,154,2598.1,27,0.07,0.78,0.0,0,0.44
54,155,2394.6,8,0.08,0.24,0.0,0,0.24
54,156,1315.0,75,6.58,31.89,0.006,0,7.52
54,157,2133.3,145,1.21,1.52,0.0,0,1.57
54,158,1509.0,22,0.2,1.09,0.005,0,0.43
54,159,2402.5,22,0.49,0.71,0.0,0,0.71
54,160,1941.0,5,0.3,0.34,0.001,0,0.42
54,161,2131.6,181,0.84,2.3,0.0,0,1.93
54,162,3085.1,94,1.9,0.53,0.0,0,2.09
54,163,3531.8,2,0.07,0.01,0.0,0,0.11
54,164,1882.3,27,0.92,3.41,0.001,0,1.41
54,165,2339.6,13,0.53,0.52,0.0,0,1.28
54,166,2970.0,34,1.09,0.29,0.0,0,1.17
54,167,618.7,1455,22.94,169.32,0.052,5,28.6
54,168,2310.1,16,0.29,0.22,0.0,0,0.37
54,169,3021.8,21,0.08,0.05,0.0,0,0.24
54,170,2292.0,7,0.08,0.22,0.0,0,0.15
54,171,2929.9,17,0.15,0.07,0.0,0,0.29
54,172,3477.8,14,0.06,0.05,0.0,0,0.21
54,173,1219.4,18,0.08,10.99,0.008,0,0.63
54,174,2715.3,38,0.57,0.37,0.0,0,0.74
54,175,1650.5,196,0.57,6.57,0.002,0,2.0
54,176,2843.2,8,0.3,0.22,0.0,0,0.31
54,177,2327.5,48,0.62,1.9,0.0,0,1.33
54,178,2741.7,15,0.12,0.21,0.0,0,0.26
54,179,1607.3,328,2.02,22.74,0.001,0,9.39
54,180,2270.0,59,0.68,1.78,0.0,0,0.8
54,181,2981.7,4,0.03,0.07,0.0,0,0.21
54,182,736.3,7,0.39,7.11,0.081,0,0.42
54,183,973.5,147,1.02,16.93,0.015,0,2.52
54,184,3679.4,5,0.01,0.03,0.0,0,0.1
54,185,3991.6,26,0.07,0.03,0.0,0,0.32
54,186,603.3,845,1.8,40.07,0.074,0,11.82
54,187,1678.2,9,0.24,2.54,0.001,0,0.33
54,188,1553.5,11,0.15,1.0,0.003,0,0.31
54,189,1736.7,5,0.11,0.45,0.001,0,0.13
54,190,2705.2,2,0.08,0.24,0.0,0,0.14
54,191,577.7,708,6.28,109.37,0.074,0,11.97
54,192,1158.3,146,0.64,7.48,0.015,0,2.29
54,193,2595.0,12,0.3,0.1,0.0,0,0.32
54,194,3071.1,42,0.22,0.18,0.0,0,0.48
54,195,2787.4,49,0.14,0.36,0.0,0,0.93
54,196,2048.1,7,0.3,0.23,0.0,0,0.46
54,197,1585.2,44,0.68,3.64,0.001,0,0.68
54,198,2176.9,48,0.76,0.69,0.001,0,0.86
54,199,3256.8,0,0.01,0.02,0.0,0,0.03
55,56,1552.3,118,0.26,1.88,0.002,0,1.2
55,57,3672.6,19,0.38,0.02,0.0,0,0.4
55,58,3565.6,5,0.02,0.07,0.0,0,0.19
55,59,1679.0,37,0.22,8.9,0.002,0,0.91
55,60,4424.5,9,0.17,0.01,0.0,0,0.21
55,61,2823.8,10,0.04,0.15,0.0,0,0.19
55,62,3403.4,2,0.04,0.02,0.0,0,0.09
55,63,2388.3,4,0.06,0.16,0.0,0,0.12
55,64,3004.6,15,0.57,0.19,0.0,0,1.08
55,65,3443.0,118,0.24,0.18,0.0,0,1.79
55,66,2722.1,14,0.15,0.41,0.0,0,0.35
55,67,3051.8,115,0.39,0.23,0.0,0,1.46
55,68,667.7,437,2.41,25.19,0.016,0,4.86
55,69,4341.2,8,0.1,0.01,0.0,0,0.11
55,70,2566.0,53,0.59,0.46,0.0,0,0.83
55,71,2306.3,27,0.19,4.05,0.0,0,1.09
55,72,1018.5,36,1.32,4.17,0.013,0,1.64
55,73,2403.3,178,2.92,1.84,0.0,0,3.22
55,74,3794.7,1,0.01,0.0,0.0,0,0.02
55,75,1600.9,56,1.03,3.78,0.002,0,2.09
55,76,2557.5,18,0.84,0.37,0.0,0,1.21
55,77,5596.1,5,0.02,0.0,0.0,0,0.07
55,78,4203.7,14,0.07,0.01,0.0,0,0.14
55,79,3047.8,7,0.12,0.01,0.0,0,0.13
55,80,4245.4,25,0.24,0.01,0.0,0,0.29
55,81,829.7,25,1.29,13.42,0.028,0,2.12
55,82,520.5,3340,38.78,133.5,0.137,2,52.0
55,83,4420.8,3,0.08,0.01,0.0,0,0.11
55,84,3838.7,6,0.04,0.01,0.0,0,0.07
55,85,1327.7,8,0.03,2.39,0.005,0,0.16
55,86,2772.8,17,0.41,0.55,0.0,0,0.52
55,87,1002.4,204,1.97,6.52,0.018,0,2.07
55,88,573.6,134,2.07,9.48,0.074,0,2.42
55,89,4593.5,22,0.14,0.01,0.0,0,0.4
55,90,2984.3,23,0.04,0.23,0.0,0,0.36
55,91,2790.5,35,0.55,0.41,0.0,0,0.63
55,92,1410.2,22,0.4,2.29,0.005,0,0.53
55,93,1937.8,21,0.48,0.76,0.001,0,0.64
55,94,1079.3,275,2.7,4.68,0.02,0,2.82
55,95,3459.1,3,0.01,0.01,0.0,0,0.05
55,96,3702.8,3,0.06,0.06,0.0,0,0.11
55,97,4464.0,34,0.33,0.01,0.0,0,0.36
55,98,2191.3,36,0.23,0.56,0.001,0,0.46
55,99,3259.7,2,0.05,0.05,0.0,0,0.15
55,100,940.5,7,0.34,1.72,0.007,0,0.41
55,101,3168.3,7,0.1,0.06,0.0,0,0.14
55,102,619.9,85,2.35,12.01,0.026,0,2.38
55,103,3218.3,8,0.08,0.04,0.0,0,0.08
55,104,1844.7,24,0.19,1.35,0.0,0,0.71
55,105,3848.1,32,0.25,0.05,0.0,0,0.34
55,106,3228.4,25,1.18,0.67,0.0,0,1.61
55,107,3294.2,29,0.07,0.15,0.0,0,0.41
55,108,3406.8,19,0.81,0.1,0.0,0,1.33
55,109,1984.7,42,0.52,1.09,0.001,0,0.68
55,110,4359.5,2,0.03,0.0,0.0,0,0.03
55,111,3214.6,13,0.13,0.13,0.0,0,0.17
55,112,1591.8,15,0.08,1.82,0.004,0,0.62
55,113,3464.8,95,0.62,0.85,0.0,0,1.28
55,114,2561.6,37,0.19,0.44,0.0,0,0.39
55,115,1750.6,13,0.29,2.75,0.001,0,0.79
55,116,4021.3,7,0.04,0.02,0.0,0,0.12
55,117,2798.0,8,0.04,0.06,0.0,0,0.12
55,118,4356.2,8,0.36,0.02,0.0,0,0.38
55,119,3703.5,44,0.28,0.14,0.0,0,0.75
55,120,1947.6,25,0.48,4.2,0.001,0,0.6
55,121,2347.1,0,0.02,0.28,0.0,0,0.07
55,122,1934.2,134,0.65,5.78,0.001,0,1.35
55,123,2142.9,5,0.12,0.24,0.0,0,0.16
55,124,3672.6,6,0.04,0.07,0.0,0,0.32
55,125,3423.2,121,1.19,0.86,0.0,0,1.52
55,126,1828.6,21,0.13,0.49,0.001,0,0.3
55,127,384.0,312,3.33,11.04,0.233,0,3.44
55,128,999.5,64,0.91,12.37,0.017,0,1.54
55,129,3039.6,16,0.1,0.07,0.0,0,0.19
55,130,5391.9,2,0.03,0.0,0.0,0,0.03
55,131,624.2,126,4.08,19.02,0.092,0,5.09
55,132,2606.1,4,0.16,0.06,0.0,0,0.17
55,133,2966.6,17,0.28,0.15,0.0,0,0.44
55,134,3287.5,11,0.03,0.04,0.0,0,0.15
55,135,2877.5,23,0.25,0.6,0.0,0,1.13
55,136,1675.9,14,0.1,1.07,0.002,0,0.23
55,137,2940.4,8,0.07,0.08,0.0,0,0.13
55,138,3025.4,64,1.45,0.21,0.0,0,1.55
55,139,3820.0,0,0.05,0.01,0.0,0,0.07
55,140,2529.3,26,0.27,0.64,0.0,0,0.3
55,141,5027.4,19,0.39,0.01,0.0,0,0.58
55,142,1446.6,11,0.1,0.63,0.007,0,0.12
55,143,4476.3,6,0.04,0.01,0.0,0,0.1
55,144,2087.0,38,0.23,1.73,0.0,0,0.5
55,145,3949.8,4,0.24,0.03,0.0,0,0.43
55,146,4640.6,8,0.05,0.0,0.0,0,0.12
55,147,2207.4,6,0.01,0.22,0.0,0,0.07
55,148,4152.1,2,0.06,0.04,0.0,0,0.16
55,149,1515.9,68,0.87,4.38,0.005,0,0.96
55,150,2504.5,47,0.19,0.32,0.0,0,0.82
55,151,3679.4,33,0.12,0.03,0.0,0,0.34
55,152,754.2,17,1.19,6.9,0.052,0,1.53
55,153,3226.7,26,0.9,0.1,0.0,0,0.93
55,154,2342.7,13,0.62,0.84,0.0,0,0.88
55,155,1223.0,31,0.28,1.69,0.007,0,0.52
55,156,1684.8,379,2.47,10.56,0.002,0,4.0
55,157,4247.2,7,0.2,0.02,0.0,0,0.32
55,158,1947.8,3,0.14,0.44,0.001,0,0.27
55,159,635.1,264,0.91,30.5,0.052,0,3.61
55,160,1652.6,5,0.35,0.67,0.0,0,0.39
55,161,1802.0,98,0.62,2.96,0.002,0,1.32
55,162,2578.1,23,0.58,1.62,0.0,0,0.59
55,163,1003.4,74,0.31,2.95,0.007,0,1.15
55,164,2949.1,23,0.57,0.32,0.0,0,0.59
55,165,648.4,346,1.71,36.13,0.051,0,4.59
55,166,112.4,2746,59.26,118.37,0.225,2,211.09
55,167,3173.8,96,2.26,0.69,0.0,0,2.9
55,168,2345.5,88,0.9,0.28,0.0,0,1.04
55,169,4185.8,13,0.03,0.01,0.0,0,0.14
55,170,981.9,20,1.02,3.99,0.025,0,1.5
55,171,2000.6,13,0.03,0.34,0.001,0,0.23
55,172,4241.9,15,0.2,0.01,0.0,0,0.2
55,173,3954.0,9,0.1,0.04,0.0,0,0.25
55,174,2118.2,27,0.24,1.05,0.0,0,0.54
55,175,3378.2,12,0.28,0.21,0.0,0,0.39
55,176,3816.9,22,0.57,0.03,0.0,0,0.6
55,177,4383.0,41,0.9,0.05,0.0,0,1.55
55,178,432.9,611,3.59,19.02,0.052,0,10.49
55,179,1361.0,501,7.37,41.04,0.006,0,11.93
55,180,1402.0,78,0.14,7.14,0.002,0,1.29
55,181,1967.5,3,0.22,0.66,0.001,0,0.22
55,182,2573.4,2,0.07,0.12,0.0,0,0.15
55,183,2465.4,29,0.28,0.82,0.0,0,0.79
55,184,3527.9,2,0.09,0.03,0.0,0,0.15
55,185,3640.0,34,0.23,0.11,0.0,0,0.46
55,186,2931.2,85,0.75,0.45,0.0,0,0.97
55,187,2455.9,13,0.19,0.36,0.0,0,0.42
55,188,3582.2,7,0.1,0.03,0.0,0,0.11
55,189,1786.9,22,0.29,0.33,0.002,0,0.33
55,190,3252.3,9,0.09,0.02,0.0,0,0.17
55,191,2650.0,81,0.82,0.52,0.0,0,0.83
55,192,3593.1,26,0.21,0.05,0.0,0,0.42
55,193,3746.2,3,0.02,0.01,0.0,0,0.08
55,194,1900.6,33,0.86,1.92,0.002,0,1.08
55,195,423.5,1329,4.43,40.45,0.113,1,15.55
55,196,4295.2,3,0.05,0.0,0.0,0,0.09
55,197,2548.7,63,0.56,0.47,0.0,0,0.89
55,198,2140.2,20,0.25,0.75,0.0,0,0.87
55,199,1409.8,14,0.08,0.69,0.005,0,0.29
56,57,2151.5,3,0.02,0.12,0.001,0,0.05
56,58,2560.5,10,0.02,0.06,0.0,0,0.13
56,59,2064.8,10,0.17,0.43,0.0,0,0.2
56,60,2975.3,0,0.01,0.02,0.0,0,0.01
56,61,3826.3,0,0.01,0.0,0.0,0,0.02
56,62,2475.0,3,0.02,0.03,0.0,0,0.05
56,63,3239.9,0,0.01,0.01,0.0,0,0.01
56,64,1997.0,9,0.11,0.48,0.001,0,0.21
56,65,2265.5,28,0.75,0.4,0.0,0,1.05
56,66,1195.1,21,0.15,0.55,0.014,0,0.25
56,67,2991.3,10,0.07,0.05,0.0,0,0.27
56,68,925.5,38,0.19,2.72,0.02,0,0.62
56,69,3037.2,0,0.02,0.01,0.0,0,0.04
56,70,3345.7,1,0.03,0.01,0.0,0,0.05
56,71,1199.1,126,1.77,3.75,0.011,0,3.65
56,72,2311.7,8,0.09,0.1,0.0,0,0.18
56,73,1717.4,13,0.28,2.08,0.002,0,0.33
56,74,2279.3,0,0.0,0.01,0.0,0,0.01
56,75,2854.7,4,0.17,0.09,0.0,0,0.18
56,76,3109.1,2,0.01,0.02,0.0,0,0.04
56,77,4474.2,1,0.01,0.0,0.0,0,0.01
56,78,3464.8,2,0.03,0.01,0.0,0,0.08
56,79,1495.6,0,0.02,0.04,0.007,0,0.02
56,80,2905.2,7,0.08,0.02,0.0,0,0.09
56,81,1556.9,35,0.1,0.49,0.0,0,0.43
56,82,1300.7,12,0.06,1.96,0.006,0,0.61
56,83,3078.0,0,0.04,0.02,0.0,0,0.05
56,84,2857.9,1,0.01,0.01,0.0,0,0.03
56,85,484.0,59,0.08,4.86,0.062,0,0.6
56,86,2150.7,2,0.05,0.24,0.0,0,0.11
56,87,2049.1,4,0.08,0.15,0.001,0,0.12
56,88,1118.8,1,0.05,0.84,0.004,0,0.14
56,89,3549.6,4,0.07,0.01,0.0,0,0.08
56,90,1657.4,6,0.1,0.27,0.001,0,0.18
56,91,1249.1,12,0.07,3.47,0.009,0,0.67
56,92,1517.6,1,0.02,0.14,0.0,0,0.04
56,93,1987.9,3,0.07,0.17,0.001,0,0.07
56,94,2473.4,6,0.06,0.05,0.0,0,0.06
56,95,1938.0,2,0.02,0.04,0.0,0,0.02
56,96,2210.2,8,0.04,0.1,0.0,0,0.1
56,97,3066.0,3,0.01,0.02,0.0,0,0.04
56,98,1891.6,5,0.02,0.18,0.001,0,0.08
56,99,1785.2,6,0.07,0.16,0.002,0,0.09
56,100,1019.9,1,0.01,0.45,0.001,0,0.02
56,101,1630.4,4,0.18,0.22,0.002,0,0.24
56,102,2075.7,3,0.02,0.13,0.001,0,0.08
56,103,2065.8,1,0.01,0.07,0.0,0,0.04
56,104,905.1,85,1.47,1.92,0.025,0,1.52
56,105,2883.4,8,0.08,0.05,0.0,0,0.1
56,106,1829.6,79,0.19,1.24,0.001,0,0.9
56,107,3245.9,6,0.04,0.03,0.0,0,0.09
56,108,2516.0,11,0.1,0.08,0.0,0,0.16
56,109,1940.4,4,0.05,0.27,0.001,0,0.05
56,110,3245.0,0,0.0,0.0,0.0,0,0.01
56,111,1662.8,21,0.14,0.58,0.003,0,0.43
56,112,518.0,41,0.41,4.68,0.12,0,0.58
56,113,2724.6,67,1.65,0.59,0.0,0,2.03
56,114,1975.1,4,0.07,0.12,0.0,0,0.08
56,115,1353.6,13,0.15,0.87,0.007,0,0.22
56,116,2490.7,3,0.03,0.07,0.0,0,0.06
56,117,1586.6,1,0.01,0.15,0.003,0,0.05
56,118,3294.8,14,0.06,0.05,0.0,0,0.25
56,119,2333.1,17,0.14,0.34,0.0,0,0.19
56,120,2521.4,3,0.09,0.29,0.0,0,0.22
56,121,1707.9,6,0.03,0.14,0.002,0,0.11
56,122,1449.5,27,0.07,1.49,0.002,0,0.63
56,123,1036.3,3,0.03,0.41,0.007,0,0.05
56,124,2254.3,9,0.09,0.24,0.0,0,0.18
56,125,2738.6,48,0.26,0.19,0.0,0,0.51
56,126,1092.2,8,0.04,0.24,0.003,0,0.09
56,127,1617.8,2,0.03,0.19,0.002,0,0.05
56,128,1006.1,28,0.31,1.21,0.008,0,0.42
56,129,1669.3,1,0.03,0.21,0.001,0,0.05
56,130,4238.8,0,0.01,0.0,0.0,0,0.01
56,131,1722.9,6,0.05,0.31,0.002,0,0.16
56,132,2102.2,5,0.05,0.05,0.0,0,0.11
56,133,1429.3,4,0.28,0.95,0.003,0,0.31
56,134,1746.9,2,0.03,0.07,0.002,0,0.04
56,135,3699.6,10,0.22,0.03,0.0,0,0.28
56,136,1995.4,3,0.03,0.07,0.001,0,0.04
56,137,1401.4,5,0.01,0.45,0.002,0,0.09
56,138,1579.2,34,0.33,1.33,0.005,0,0.39
56,139,2841.9,0,0.0,0.01,0.0,0,0.01
56,140,1169.6,6,0.39,0.94,0.007,0,0.59
56,141,3812.8,2,0.03,0.03,0.0,0,0.08
56,142,187.8,36,0.17,1.52,0.328,0,0.67
56,143,3075.3,5,0.02,0.02,0.0,0,0.06
56,144,1890.4,5,0.02,0.32,0.001,0,0.09
56,145,2916.6,10,0.06,0.04,0.0,0,0.14
56,146,3317.7,0,0.01,0.01,0.0,0,0.02
56,147,1130.9,3,0.01,0.27,0.014,0,0.04
56,148,3023.2,7,0.08,0.03,0.0,0,0.12
56,149,42.6,2979,22.85,8.98,0.264,0,32.36
56,150,1186.0,2,0.12,0.91,0.006,0,0.16
56,151,2705.8,2,0.04,0.07,0.0,0,0.11
56,152,1669.3,8,0.03,0.18,0.001,0,0.12
56,153,1938.4,5,0.05,0.21,0.001,0,0.05
56,154,3518.7,3,0.05,0.01,0.0,0,0.07
56,155,498.9,29,0.32,2.11,0.085,0,0.49
56,156,1553.1,92,1.22,3.47,0.002,0,1.3
56,157,3207.2,5,0.07,0.02,0.0,0,0.09
56,158,2641.2,1,0.01,0.01,0.0,0,0.03
56,159,1784.2,4,0.03,0.86,0.001,0,0.1
56,160,818.7,1,0.06,0.55,0.039,0,0.16
56,161,678.3,52,0.49,5.35,0.091,0,0.68
56,162,1025.9,38,0.04,1.85,0.015,0,0.39
56,163,1203.8,2,0.06,0.32,0.015,0,0.07
56,164,1788.1,3,0.35,0.62,0.001,0,0.36
56,165,1708.6,12,0.02,0.36,0.002,0,0.13
56,166,1664.4,28,0.37,0.77,0.003,0,0.57
56,167,3265.3,29,0.13,0.07,0.0,0,0.34
56,168,979.8,6,0.08,1.22,0.019,0,0.08
56,169,2785.8,2,0.01,0.02,0.0,0,0.02
56,170,804.9,4,0.01,1.28,0.03,0,0.06
56,171,452.8,3,0.09,1.54,0.056,0,0.28
56,172,2744.9,5,0.01,0.04,0.0,0,0.06
56,173,3362.6,7,0.03,0.01,0.0,0,0.11
56,174,589.6,88,0.86,2.67,0.117,0,0.94
56,175,2363.7,5,0.07,0.15,0.0,0,0.1
56,176,2407.4,6,0.04,0.11,0.0,0,0.08
56,177,3291.9,8,0.07,0.06,0.0,0,0.14
56,178,1124.8,14,0.12,1.63,0.011,0,0.22
56,179,1881.8,36,0.93,3.36,0.001,0,1.48
56,180,517.2,55,1.5,6.5,0.112,0,2.04
56,181,432.7,72,0.69,3.06,0.013,0,1.34
56,182,2826.9,1,0.02,0.01,0.0,0,0.04
56,183,2856.1,1,0.05,0.06,0.0,0,0.08
56,184,1976.9,1,0.01,0.11,0.001,0,0.05
56,185,2107.2,41,0.3,0.3,0.0,0,0.6
56,186,2439.6,6,0.09,0.11,0.0,0,0.11
56,187,3218.9,9,0.09,0.01,0.0,0,0.12
56,188,2650.6,0,0.01,0.02,0.0,0,0.02
56,189,2616.2,0,0.0,0.01,0.0,0,0.01
56,190,1807.3,0,0.02,0.25,0.001,0,0.04
56,191,2246.1,11,0.09,0.26,0.0,0,0.2
56,192,2878.9,4,0.02,0.04,0.0,0,0.05
56,193,2402.0,0,0.03,0.02,0.0,0,0.04
56,194,415.8,62,0.4,4.1,0.194,0,1.22
56,195,1129.0,103,0.9,1.06,0.018,0,1.09
56,196,3316.2,1,0.0,0.01,0.0,0,0.02
56,197,1560.6,30,0.08,0.54,0.005,0,0.35
56,198,3176.4,2,0.08,0.01,0.0,0,0.1
56,199,580.0,8,0.15,1.14,0.085,0,0.3
57,58,1850.3,17,0.06,0.48,0.001,0,0.22
57,59,3464.0,13,0.33,0.05,0.0,0,0.39
57,60,938.3,44,0.33,2.03,0.03,0,0.45
57,61,5298.4,3,0.03,0.0,0.0,0,0.03
57,62,1974.4,1,0.09,0.09,0.001,0,0.11
57,63,4667.3,2,0.01,0.0,0.0,0,0.03
57,64,1712.3,21,0.38,0.77,0.002,0,0.41
57,65,1367.5,57,0.23,5.62,0.002,0,0.72
57,66,1268.8,17,0.07,1.05,0.006,0,0.2
57,67,3535.5,16,0.13,0.05,0.0,0,0.23
57,68,3009.9,25,0.24,0.07,0.0,0,0.27
57,69,1378.7,3,0.05,0.52,0.007,0,0.11
57,70,4683.7,7,0.05,0.0,0.0,0,0.11
57,71,1678.1,86,0.28,2.28,0.001,0,1.19
57,72,4238.6,2,0.02,0.0,0.0,0,0.06
57,73,2225.2,24,0.09,1.04,0.001,0,0.88
57,74,134.0,84,0.35,1.42,0.272,0,0.95
57,75,4682.3,3,0.02,0.0,0.0,0,0.06
57,76,4283.3,2,0.02,0.01,0.0,0,0.04
57,77,2907.7,2,0.01,0.02,0.0,0,0.03
57,78,2835.0,14,0.05,0.08,0.0,0,0.16
57,79,808.7,5,0.07,0.34,0.031,0,0.09
57,80,1190.3,50,0.48,1.45,0.012,0,0.51
57,81,3670.7,21,0.1,0.01,0.0,0,0.26
57,82,3450.5,25,0.35,0.04,0.0,0,0.53
57,83,1305.4,19,0.2,1.34,0.002,0,0.3
57,84,2031.8,7,0.03,0.11,0.001,0,0.09
57,85,2543.6,0,0.03,0.05,0.0,0,0.04
57,86,2396.1,26,0.19,0.36,0.0,0,0.3
57,87,3891.7,10,0.06,0.01,0.0,0,0.16
57,88,3158.7,2,0.03,0.03,0.0,0,0.05
57,89,2325.1,16,0.12,0.22,0.0,0,0.21
57,90,1025.4,10,0.17,1.54,0.03,0,0.44
57,91,1143.3,9,0.08,5.73,0.021,0,0.56
57,92,3014.2,5,0.05,0.02,0.0,0,0.06
57,93,3135.8,2,0.01,0.02,0.0,0,0.03
57,94,4443.0,2,0.01,0.0,0.0,0,0.03
57,95,213.9,60,1.85,1.17,0.266,0,2.21
57,96,216.3,699,5.88,21.75,0.189,1,8.42
57,97,1149.4,10,0.32,1.95,0.012,0,0.38
57,98,2741.2,9,0.07,0.15,0.0,0,0.11
57,99,490.1,33,0.46,4.21,0.165,0,0.58
57,100,2899.5,1,0.01,0.02,0.0,0,0.01
57,101,972.1,24,0.36,1.74,0.035,0,0.38
57,102,4118.0,7,0.03,0.0,0.0,0,0.11
57,103,1403.4,12,0.05,0.55,0.004,0,0.18
57,104,2041.3,5,0.08,0.18,0.0,0,0.11
57,105,2077.4,15,0.07,0.31,0.001,0,0.21
57,106,735.9,116,2.67,16.83,0.055,0,2.86
57,107,3710.1,5,0.03,0.01,0.0,0,0.05
57,108,2061.4,13,0.12,0.45,0.001,0,0.2
57,109,3026.2,13,0.04,0.04,0.0,0,0.14
57,110,1970.1,1,0.01,0.06,0.0,0,0.01
57,111,731.3,22,0.41,5.52,0.073,0,0.49
57,112,2122.0,18,0.05,0.26,0.001,0,0.26
57,113,2419.0,80,0.88,1.4,0.0,0,1.69
57,114,2403.1,3,0.03,0.07,0.0,0,0.04
57,115,2546.2,5,0.1,0.21,0.0,0,0.22
57,116,357.7,14,0.22,8.91,0.154,0,0.96
57,117,1330.3,14,0.03,0.32,0.01,0,0.29
57,118,2116.2,20,0.22,1.44,0.001,0,0.6
57,119,804.6,29,0.42,3.96,0.045,0,0.65
57,120,3894.1,27,0.33,0.02,0.0,0,0.4
57,121,2288.4,1,0.02,0.08,0.0,0,0.04
57,122,2458.8,26,0.25,0.34,0.0,0,0.35
57,123,1758.6,3,0.05,0.15,0.002,0,0.07
57,124,599.5,55,0.42,9.43,0.076,0,0.85
57,125,2519.1,47,0.55,1.23,0.0,0,0.65
57,126,2211.0,0,0.01,0.05,0.001,0,0.03
57,127,3769.2,2,0.09,0.0,0.0,0,0.1
57,128,3094.3,3,0.04,0.04,0.0,0,0.12
57,129,899.8,27,0.22,0.88,0.045,0,0.39
57,130,2650.7,1,0.06,0.03,0.0,0,0.06
57,131,3868.1,2,0.04,0.01,0.0,0,0.06
57,132,2549.1,1,0.02,0.02,0.0,0,0.03
57,133,1068.0,37,0.57,4.41,0.02,0,0.81
57,134,442.0,44,0.39,3.71,0.101,0,0.49
57,135,5010.4,9,0.11,0.0,0.0,0,0.2
57,136,3374.8,3,0.03,0.01,0.0,0,0.04
57,137,760.2,17,0.08,2.98,0.033,0,0.5
57,138,738.0,320,2.46,7.9,0.026,0,3.28
57,139,2029.5,2,0.04,0.08,0.0,0,0.07
57,140,1252.2,27,0.26,1.78,0.006,0,0.39
57,141,2176.9,59,0.4,0.76,0.0,0,0.84
57,142,2302.3,7,0.07,0.02,0.0,0,0.08
57,143,1148.9,47,0.13,2.25,0.017,0,0.48
57,144,2853.6,8,0.09,0.05,0.0,0,0.21
57,145,1952.4,14,0.22,0.61,0.0,0,0.48
57,146,1540.1,2,0.02,0.36,0.002,0,0.05
57,147,1756.5,3,0.04,0.24,0.002,0,0.11
57,148,1800.4,26,0.41,0.81,0.002,0,0.52
57,149,2192.5,12,0.09,0.41,0.0,0,0.14
57,150,1318.0,9,0.19,1.71,0.01,0,0.21
57,151,1975.0,78,0.14,0.49,0.001,0,0.87
57,152,3799.1,1,0.02,0.0,0.0,0,0.04
57,153,1053.7,8,0.04,2.09,0.009,0,0.28
57,154,5199.1,2,0.03,0.0,0.0,0,0.09
57,155,2461.9,0,0.03,0.07,0.0,0,0.05
57,156,2825.2,15,0.29,0.49,0.0,0,0.63
57,157,2105.3,3,0.04,0.27,0.001,0,0.11
57,158,4076.5,0,0.01,0.0,0.0,0,0.02
57,159,3743.6,0,0.04,0.02,0.0,0,0.06
57,160,2196.9,2,0.01,0.12,0.0,0,0.04
57,161,1954.5,17,0.39,0.48,0.001,0,0.54
57,162,1191.3,235,0.42,5.62,0.015,0,3.24
57,163,3276.7,3,0.02,0.01,0.0,0,0.04
57,164,1394.7,35,1.26,2.57,0.005,0,1.43
57,165,3653.3,4,0.03,0.02,0.0,0,0.15
57,166,3784.6,7,0.04,0.05,0.0,0,0.17
57,167,3893.5,48,0.62,0.04,0.0,0,0.65
57,168,1393.5,26,0.2,0.52,0.001,0,0.48
57,169,930.0,18,0.27,1.21,0.039,0,0.29
57,170,2752.1,6,0.02,0.02,0.0,0,0.07
57,171,1747.3,2,0.03,0.27,0.001,0,0.06
57,172,615.4,25,0.32,4.44,0.052,0,1.45
57,173,3014.8,4,0.17,0.06,0.0,0,0.21
57,174,1564.1,5,0.21,0.54,0.004,0,0.3
57,175,1765.3,95,0.41,0.89,0.001,0,0.96
57,176,680.7,34,0.15,4.74,0.027,0,0.78
57,177,2051.6,94,0.73,1.04,0.0,0,1.54
57,178,3239.8,3,0.02,0.03,0.0,0,0.06
57,179,3465.8,18,1.07,0.29,0.0,0,1.84
57,180,2306.7,5,0.06,0.32,0.0,0,0.32
57,181,1804.9,4,0.04,0.41,0.001,0,0.14
57,182,3789.5,0,0.01,0.0,0.0,0,0.02
57,183,3948.1,6,0.04,0.01,0.0,0,0.1
57,184,652.4,56,0.11,4.27,0.027,0,0.6
57,185,966.9,67,0.78,5.37,0.008,0,1.02
57,186,2685.4,12,0.28,0.13,0.0,0,0.28
57,187,4568.6,4,0.04,0.0,0.0,0,0.05
57,188,2035.5,6,0.03,0.17,0.001,0,0.07
57,189,4167.7,0,0.0,0.0,0.0,0,0.0
57,190,582.7,35,0.22,4.45,0.073,0,1.07
57,191,2730.0,9,0.05,0.15,0.0,0,0.28
57,192,2537.9,6,0.09,0.22,0.0,0,0.16
57,193,916.5,1,0.04,0.74,0.039,0,0.1
57,194,1921.8,11,0.12,0.34,0.001,0,0.14
57,195,3252.9,5,0.04,0.03,0.0,0,0.12
57,196,2297.8,2,0.0,0.07,0.0,0,0.03
57,197,1765.9,10,0.31,0.31,0.001,0,0.47
57,198,4780.1,2,0.03,0.0,0.0,0,0.11
57,199,2559.1,2,0.01,0.02,0.0,0,0.04
58,59,2492.7,2,0.21,0.56,0.0,0,0.27
58,60,1695.3,13,0.2,0.65,0.001,0,0.27
58,61,4038.5,0,0.02,0.01,0.0,0,0.04
58,62,220.6,259,3.51,3.77,0.431,0,3.57
58,63,3451.4,2,0.01,0.01,0.0,0,0.04
58,64,576.9,301,4.57,33.0,0.118,0,4.59
58,65,489.1,201,12.09,35.2,0.122,1,14.78
58,66,2547.9,29,0.35,0.15,0.0,0,0.45
58,67,1916.0,111,0.99,1.78,0.001,0,1.11
58,68,2970.9,20,0.18,0.08,0.0,0,0.44
58,69,1122.1,14,0.03,3.84,0.017,0,0.23
58,70,3392.1,15,0.17,0.08,0.0,0,0.17
58,71,1370.7,24,0.57,14.57,0.002,0,0.95
58,72,3642.0,3,0.16,0.03,0.0,0,0.21
58,73,1198.5,280,2.53,14.02,0.015,0,4.24
58,74,1835.8,0,0.04,0.1,0.001,0,0.06
58,75,3874.4,14,0.14,0.04,0.0,0,0.19
58,76,2929.7,3,0.04,0.1,0.0,0,0.14
58,77,2031.5,16,0.17,0.5,0.0,0,0.28
58,78,1036.2,21,1.24,2.67,0.02,0,1.64
58,79,2246.2,2,0.02,0.03,0.0,0,0.04
58,80,1170.0,64,0.5,1.51,0.002,0,0.67
58,81,3983.3,2,0.04,0.01,0.0,0,0.05
58,82,3622.5,16,0.44,0.14,0.0,0,0.52
58,83,1286.8,55,1.05,2.13,0.009,0,1.06
58,84,297.4,103,1.21,8.89,0.146,0,1.89
58,85,3041.7,6,0.04,0.05,0.0,0,0.11
58,86,987.3,28,0.64,6.6,0.02,0,1.56
58,87,3254.2,35,0.27,0.04,0.0,0,0.41
58,88,2996.5,6,0.02,0.04,0.0,0,0.13
58,89,1030.3,15,0.64,6.63,0.017,0,1.04
58,90,1107.9,33,0.43,5.99,0.009,0,0.53
58,91,2444.0,44,0.25,0.6,0.0,0,0.47
58,92,2309.2,1,0.03,0.2,0.0,0,0.05
58,93,2070.1,5,0.06,0.4,0.0,0,0.36
58,94,3876.5,7,0.04,0.01,0.0,0,0.09
58,95,1813.7,1,0.06,0.15,0.001,0,0.08
58,96,1653.3,12,0.16,2.02,0.003,0,0.5
58,97,1501.2,28,0.17,1.49,0.004,0,0.31
58,98,1621.1,6,0.37,2.48,0.003,0,0.39
58,99,1526.8,20,0.32,1.24,0.001,0,0.36
58,100,2625.1,5,0.04,0.04,0.0,0,0.06
58,101,2545.4,4,0.06,0.14,0.0,0,0.07
58,102,3737.8,20,0.17,0.02,0.0,0,0.22
58,103,559.9,19,0.1,3.21,0.014,0,0.7
58,104,1780.4,10,0.04,0.84,0.001,0,0.11
58,105,325.3,436,6.46,21.1,0.265,1,6.99
58,106,1222.0,469,3.21,18.42,0.005,0,5.67
58,107,2021.9,27,0.16,0.66,0.001,0,0.76
58,108,286.6,1175,5.23,19.53,0.132,0,13.57
58,109,1956.3,16,0.26,0.56,0.0,0,0.39
58,110,812.8,7,0.07,1.02,0.036,0,0.2
58,111,2308.1,11,0.33,0.15,0.0,0,0.33
58,112,2149.1,5,0.27,0.66,0.0,0,0.32
58,113,608.8,604,26.12,215.41,0.091,0,60.43
58,114,1148.3,95,0.71,1.67,0.01,0,1.18
58,115,1848.6,67,0.28,0.95,0.001,0,0.73
58,116,2051.0,2,0.17,0.84,0.001,0,0.24
58,117,1008.8,23,0.28,1.47,0.034,0,0.29
58,118,790.7,249,2.04,18.47,0.025,0,2.81
58,119,1081.5,209,0.42,5.39,0.02,0,2.39
58,120,2778.4,15,0.1,0.21,0.0,0,0.36
58,121,1267.4,8,0.09,1.57,0.005,0,0.27
58,122,1669.7,70,0.82,3.91,0.001,0,1.33
58,123,1542.7,8,0.07,0.35,0.002,0,0.21
58,124,1270.7,133,1.32,4.66,0.011,0,1.67
58,125,724.9,1247,11.79,92.79,0.063,0,15.67
58,126,1742.5,3,0.15,0.29,0.002,0,0.2
58,127,3837.5,3,0.04,0.01,0.0,0,0.05
58,128,3514.2,2,0.03,0.02,0.0,0,0.19
58,129,1197.4,15,0.36,2.56,0.014,0,0.43
58,130,1836.7,6,0.06,0.16,0.002,0,0.08
58,131,4031.2,9,0.05,0.01,0.0,0,0.13
58,132,1209.3,17,0.27,1.12,0.001,0,0.83
58,133,2506.9,11,0.2,0.36,0.0,0,0.35
58,134,1984.2,42,0.18,0.35,0.001,0,0.59
58,135,3655.1,78,0.65,0.08,0.0,0,0.82
58,136,2416.2,1,0.03,0.14,0.0,0,0.07
58,137,1967.5,3,0.12,0.52,0.001,0,0.14
58,138,1453.6,88,0.38,4.12,0.006,0,1.13
58,139,281.7,81,0.24,6.67,0.253,0,0.99
58,140,1485.1,9,0.46,1.32,0.002,0,0.71
58,141,1528.0,76,1.52,4.62,0.002,0,1.9
58,142,2746.6,1,0.02,0.03,0.0,0,0.04
58,143,1520.5,97,0.43,2.07,0.004,0,1.04
58,144,1766.3,24,0.1,1.67,0.002,0,0.46
58,145,384.2,782,8.07,20.17,0.012,0,8.34
58,146,1387.5,3,0.05,0.55,0.006,0,0.08
58,147,1453.1,38,0.06,0.34,0.002,0,0.4
58,148,634.9,445,4.01,16.39,0.071,0,10.59
58,149,2597.6,6,0.17,0.24,0.0,0,0.36
58,150,1430.4,62,0.23,2.08,0.004,0,0.66
58,151,153.6,2518,28.59,30.36,0.368,2,35.44
58,152,4047.5,1,0.01,0.01,0.0,0,0.05
58,153,880.2,93,1.28,8.93,0.032,0,1.66
58,154,4148.1,19,0.1,0.01,0.0,0,0.25
58,155,2497.9,3,0.03,0.11,0.0,0,0.13
58,156,2017.5,377,4.87,3.59,0.001,0,5.13
58,157,682.2,229,2.22,11.8,0.048,0,2.54
58,158,2973.9,8,0.05,0.02,0.0,0,0.09
58,159,3298.9,4,0.08,0.06,0.0,0,0.11
58,160,1961.1,20,0.21,0.17,0.0,0,0.23
58,161,1928.1,16,0.1,1.13,0.001,0,0.99
58,162,2246.6,44,0.32,1.25,0.0,0,0.47
58,163,3710.9,2,0.04,0.01,0.0,0,0.04
58,164,797.4,100,0.85,18.29,0.022,0,1.1
58,165,3209.4,14,0.03,0.1,0.0,0,0.15
58,166,3656.8,6,0.12,0.04,0.0,0,0.41
58,167,2261.1,15,0.73,2.83,0.0,0,0.93
58,168,1638.4,17,0.18,0.85,0.002,0,0.49
58,169,1354.1,20,0.18,0.8,0.007,0,0.46
58,170,2619.2,13,0.2,0.06,0.0,0,0.29
58,171,2442.2,4,0.06,0.1,0.0,0,0.06
58,172,1870.3,9,0.17,0.49,0.0,0,0.34
58,173,1164.9,168,0.33,3.79,0.005,0,2.08
58,174,2156.9,69,0.38,0.26,0.0,0,0.9
58,175,197.8,2721,24.82,39.96,0.319,2,40.31
58,176,1259.3,66,0.16,2.53,0.002,0,0.91
58,177,823.5,523,4.01,17.78,0.04,0,6.51
58,178,3207.8,3,0.06,0.03,0.0,0,0.2
58,179,2666.0,303,3.38,1.41,0.0,0,4.66
58,180,2301.9,38,0.35,0.6,0.0,0,0.88
58,181,2515.4,10,0.12,0.09,0.0,0,0.14
58,182,2380.0,7,0.01,0.09,0.0,0,0.09
58,183,2597.2,16,0.23,0.28,0.0,0,0.28
58,184,2419.4,22,0.26,0.16,0.0,0,0.29
58,185,2755.7,10,0.28,0.29,0.0,0,0.34
58,186,1117.0,109,0.24,8.98,0.01,0,1.43
58,187,3303.5,2,0.05,0.03,0.0,0,0.08
58,188,186.2,218,3.18,6.46,0.239,1,6.42
58,189,3152.8,4,0.02,0.02,0.0,0,0.05
58,190,1394.5,5,0.2,1.16,0.002,0,0.22
58,191,1319.0,88,0.6,5.58,0.003,0,1.6
58,192,700.4,133,0.75,5.72,0.033,0,1.45
58,193,990.9,36,0.42,1.25,0.004,0,0.45
58,194,2649.0,27,0.33,0.23,0.0,0,0.53
58,195,3243.6,16,0.21,0.08,0.0,0,0.3
58,196,758.9,3,0.1,2.14,0.067,0,0.17
58,197,1041.6,54,0.6,3.96,0.009,0,0.63
58,198,3708.1,12,0.09,0.02,0.0,0,0.13
58,199,3139.2,3,0.04,0.02,0.0,0,0.06
59,60,3892.7,5,0.08,0.02,0.0,0,0.12
59,61,1859.3,55,0.66,1.16,0.001,0,0.66
59,62,2281.0,13,0.1,0.2,0.0,0,0.14
59,63,1233.4,19,0.28,1.13,0.006,0,0.51
59,64,2070.0,12,0.13,1.8,0.0,0,0.3
59,65,2603.5,89,1.56,0.72,0.0,0,2.05
59,66,3091.2,8,0.07,0.09,0.0,0,0.29
59,67,1391.5,250,2.08,11.34,0.008,0,3.15
59,68,1513.9,60,0.93,4.88,0.003,0,1.12
59,69,3535.1,16,0.07,0.03,0.0,0,0.19
59,70,1302.1,20,0.18,4.58,0.01,0,0.77
59,71,1786.2,97,5.19,8.53,0.002,0,6.25
59,72,1233.3,73,0.53,4.48,0.008,0,2.35
59,73,1361.2,118,1.92,15.98,0.002,0,8.42
59,74,3546.0,1,0.04,0.0,0.0,0,0.04
59,75,1381.7,54,0.39,3.95,0.005,0,1.8
59,76,1049.1,181,1.8,5.75,0.009,0,4.94
59,77,4424.7,1,0.02,0.0,0.0,0,0.1
59,78,2796.4,20,0.08,0.22,0.0,0,0.22
59,79,3185.8,0,0.01,0.02,0.0,0,0.02
59,80,3512.3,14,0.45,0.04,0.0,0,0.55
59,81,2455.8,13,0.2,0.69,0.0,0,0.43
59,82,2065.0,127,1.87,5.87,0.0,0,2.39
59,83,3669.9,16,0.18,0.02,0.0,0,0.28
59,84,2692.7,13,0.05,0.09,0.0,0,0.21
59,85,2259.3,78,0.56,0.71,0.0,0,0.96
59,86,1514.2,77,1.94,4.9,0.006,0,2.38
59,87,877.2,52,0.71,24.13,0.036,0,2.1
59,88,1347.8,51,0.48,3.78,0.006,0,0.67
59,89,3419.7,40,0.25,0.18,0.0,0,0.57
59,90,2478.9,21,0.89,0.39,0.0,0,1.28
59,91,3088.0,161,1.23,0.3,0.0,0,1.66
59,92,549.0,368,0.82,6.84,0.151,0,3.71
59,93,424.6,258,3.21,15.64,0.157,0,3.71
59,94,1461.4,114,1.17,1.63,0.007,0,1.4
59,95,3284.0,1,0.02,0.03,0.0,0,0.04
59,96,3388.8,12,0.34,0.09,0.0,0,0.37
59,97,3812.2,11,0.16,0.08,0.0,0,0.26
59,98,872.4,373,2.23,5.57,0.023,0,3.9
59,99,2974.3,39,0.11,0.1,0.0,0,0.46
59,100,1133.3,23,0.08,1.29,0.004,0,0.66
59,101,3436.8,23,0.05,0.04,0.0,0,0.24
59,102,1490.9,9,0.26,1.16,0.005,0,0.42
59,103,2399.5,18,0.25,0.25,0.0,0,0.3
59,104,1489.0,35,0.11,3.03,0.005,0,0.37
59,105,2684.0,92,0.33,0.72,0.0,0,0.97
59,106,2783.8,57,0.99,0.73,0.0,0,2.18
59,107,1623.9,121,0.18,2.53,0.002,0,1.27
59,108,2245.2,124,1.53,1.91,0.0,0,1.82
59,109,536.4,97,0.98,24.5,0.101,0,2.1
59,110,3290.9,6,0.04,0.01,0.0,0,0.1
59,111,3349.2,21,0.31,0.05,0.0,0,0.5
59,112,1644.2,9,0.68,2.27,0.002,0,0.91
59,113,2151.6,521,7.41,11.01,0.0,0,9.94
59,114,1344.9,43,0.73,4.66,0.002,0,0.77
59,115,924.0,102,0.74,15.97,0.024,0,3.13
59,116,3810.4,18,0.06,0.02,0.0,0,0.27
59,117,2185.2,4,0.19,0.23,0.0,0,0.23
59,118,3227.1,18,0.82,0.37,0.0,0,1.42
59,119,3108.7,36,0.23,0.23,0.0,0,0.46
59,120,466.0,519,8.32,44.03,0.132,1,21.63
59,121,1286.4,14,0.21,1.82,0.008,0,0.4
59,122,1008.5,424,5.09,26.32,0.008,0,6.25
59,123,1723.8,52,0.31,0.36,0.0,0,0.58
59,124,3177.6,24,0.14,0.16,0.0,0,0.38
59,125,2070.1,101,0.45,9.48,0.001,0,3.84
59,126,1278.6,37,0.19,2.82,0.009,0,0.46
59,127,2060.7,19,0.23,0.53,0.0,0,0.5
59,128,2336.5,14,0.05,0.84,0.0,0,0.28
59,129,2590.6,2,0.16,0.29,0.0,0,0.2
59,130,4271.3,3,0.03,0.0,0.0,0,0.07
59,131,2301.6,12,0.17,0.79,0.0,0,0.32
59,132,1294.7,31,0.11,1.99,0.001,0,0.46
59,133,3261.7,31,0.32,0.23,0.0,0,0.43
59,134,3237.4,8,0.11,0.02,0.0,0,0.16
59,135,1655.1,225,3.12,14.83,0.002,0,3.5
59,136,89.3,1734,19.15,24.36,0.624,2,31.75
59,137,2944.4,3,0.1,0.09,0.0,0,0.25
59,138,2726.7,28,0.8,0.77,0.0,0,2.13
59,139,2674.0,6,0.12,0.06,0.0,0,0.16
59,140,2231.7,37,0.66,0.67,0.0,0,0.88
59,141,4015.0,37,0.34,0.09,0.0,0,0.57
59,142,2125.7,7,0.08,0.17,0.001,0,0.09
59,143,3829.4,14,0.14,0.03,0.0,0,0.25
59,144,727.2,288,3.07,18.04,0.016,0,4.27
59,145,2843.1,37,0.11,0.28,0.0,0,0.51
59,146,3829.7,8,0.09,0.01,0.0,0,0.18
59,147,1711.7,34,0.26,0.3,0.003,0,0.55
59,148,3127.3,17,0.07,0.14,0.0,0,0.32
59,149,2061.3,20,0.96,1.92,0.0,0,1.07
59,150,2155.8,44,1.47,0.92,0.0,0,1.72
59,151,2551.9,16,0.28,0.32,0.0,0,0.53
59,152,2416.5,6,0.05,0.34,0.0,0,0.22
59,153,2595.5,5,0.21,0.48,0.0,0,0.4
59,154,1747.8,118,1.42,2.96,0.001,0,1.69
59,155,1580.5,27,0.17,1.24,0.003,0,0.3
59,156,641.8,3808,10.95,119.53,0.006,0,41.56
59,157,3107.8,45,0.52,0.13,0.0,0,0.79
59,158,623.0,22,0.26,3.7,0.08,0,1.79
59,159,1109.9,271,3.13,12.24,0.005,0,3.38
59,160,1401.6,25,0.08,1.45,0.006,0,0.45
59,161,1673.8,92,1.34,13.52,0.001,0,1.72
59,162,2796.8,279,0.53,0.87,0.0,0,3.06
59,163,2454.8,40,0.44,0.39,0.0,0,0.49
59,164,2218.7,77,0.5,1.61,0.0,0,1.71
59,165,1056.6,289,1.79,6.38,0.006,0,3.27
59,166,1709.6,62,0.52,5.76,0.003,0,1.69
59,167,1494.9,326,7.6,18.17,0.004,0,11.28
59,168,2136.4,63,0.44,0.6,0.001,0,0.74
59,169,3573.5,1,0.02,0.02,0.0,0,0.13
59,170,1339.0,19,0.19,1.25,0.008,0,0.41
59,171,2407.9,24,0.11,0.18,0.0,0,0.3
59,172,3868.3,8,0.04,0.03,0.0,0,0.21
59,173,2467.8,24,0.05,0.8,0.0,0,0.44
59,174,2307.5,86,0.18,1.22,0.0,0,0.88
59,175,2354.4,15,0.28,1.95,0.0,0,0.54
59,176,3279.2,5,0.07,0.07,0.0,0,0.25
59,177,3284.2,24,0.45,0.37,0.0,0,0.68
59,178,1599.6,117,0.59,2.31,0.001,0,1.21
59,179,318.6,809,37.44,481.51,0.239,30,51.13
59,180,1558.4,83,0.47,5.76,0.004,0,3.96
59,181,2430.5,19,0.19,0.12,0.0,0,0.23
59,182,903.1,8,0.28,2.03,0.033,0,0.6
59,183,840.5,160,1.77,12.69,0.041,0,2.68
59,184,3641.0,12,0.12,0.03,0.0,0,0.4
59,185,3887.8,10,0.13,0.06,0.0,0,0.31
59,186,1517.6,44,1.08,2.95,0.003,0,1.28
59,187,1176.2,7,0.27,4.32,0.008,0,0.59
59,188,2428.3,9,0.06,0.19,0.0,0,0.14
59,189,709.6,66,0.33,2.82,0.047,0,0.88
59,190,2897.6,2,0.05,0.11,0.0,0,0.06
59,191,1237.4,132,0.22,16.71,0.005,0,1.43
59,192,2237.7,8,0.45,0.67,0.0,0,0.57
59,193,3096.9,11,0.07,0.05,0.0,0,0.15
59,194,2465.9,28,0.38,0.25,0.0,0,0.73
59,195,1644.7,55,0.68,3.55,0.002,0,0.82
59,196,3086.7,8,0.08,0.06,0.0,0,0.09
59,197,1763.7,17,0.27,2.64,0.001,0,0.39
59,198,1319.0,25,0.16,3.27,0.004,0,1.09
59,199,2397.8,21,0.21,0.15,0.0,0,0.24
60,61,5624.4,2,0.01,0.0,0.0,0,0.05
60,62,1893.2,4,0.01,0.12,0.002,0,0.05
60,63,5008.5,0,0.01,0.0,0.0,0,0.01
60,64,1864.9,22,0.23,1.4,0.001,0,0.28
60,65,1347.3,245,1.2,3.96,0.009,0,2.64
60,66,2204.7,3,0.02,0.14,0.0,0,0.03
60,67,3599.6,1,0.05,0.03,0.0,0,0.09
60,68,3757.4,6,0.04,0.01,0.0,0,0.11
60,69,710.5,11,0.2,1.87,0.04,0,0.21
60,70,4982.7,1,0.03,0.0,0.0,0,0.03
60,71,2203.9,58,0.28,1.16,0.0,0,0.95
60,72,4846.5,1,0.01,0.0,0.0,0,0.05
60,73,2542.0,16,0.21,0.5,0.0,0,0.44
60,74,810.1,1,0.01,0.32,0.061,0,0.06
60,75,5217.8,3,0.02,0.0,0.0,0,0.05
60,76,4539.2,2,0.02,0.0,0.0,0,0.06
60,77,2059.5,15,0.08,0.19,0.001,0,0.2
60,78,2457.8,3,0.05,0.13,0.0,0,0.1
60,79,1745.5,1,0.0,0.1,0.002,0,0.01
60,80,564.0,25,0.8,6.97,0.124,0,0.84
60,81,4526.6,8,0.08,0.0,0.0,0,0.11
60,82,4269.6,8,0.07,0.04,0.0,0,0.34
60,83,552.4,13,0.04,2.65,0.1,0,0.23
60,84,1738.4,11,0.02,0.19,0.003,0,0.12
60,85,3406.5,2,0.03,0.01,0.0,0,0.05
60,86,2549.7,3,0.06,0.2,0.0,0,0.08
60,87,4474.0,6,0.07,0.0,0.0,0,0.08
60,88,3875.8,1,0.01,0.0,0.0,0,0.04
60,89,1713.3,23,0.28,0.98,0.002,0,0.33
60,90,1474.3,37,0.09,0.77,0.004,0,0.47
60,91,2078.4,27,0.12,0.76,0.001,0,0.45
60,92,3533.2,2,0.05,0.0,0.0,0,0.06
60,93,3507.0,4,0.02,0.01,0.0,0,0.13
60,94,5067.3,0,0.02,0.0,0.0,0,0.02
60,95,1116.6,4,0.02,0.42,0.009,0,0.09
60,96,794.1,113,0.17,3.98,0.032,0,1.57
60,97,295.7,215,3.55,15.52,0.126,0,5.21
60,98,3064.2,1,0.07,0.02,0.0,0,0.08
60,99,1190.5,4,0.3,1.09,0.015,0,0.34
60,100,3568.3,0,0.01,0.0,0.0,0,0.01
60,101,1899.3,7,0.05,0.21,0.002,0,0.12
60,102,4798.5,0,0.01,0.0,0.0,0,0.04
60,103,1515.8,5,0.03,0.37,0.002,0,0.06
60,104,2645.0,20,0.14,0.08,0.0,0,0.21
60,105,1781.4,27,0.27,0.62,0.001,0,0.33
60,106,1201.0,104,1.11,7.35,0.014,0,3.27
60,107,3716.5,0,0.01,0.01,0.0,0,0.05
60,108,1973.8,11,0.24,0.36,0.001,0,0.26
60,109,3389.8,4,0.01,0.01,0.0,0,0.08
60,110,1405.6,1,0.02,0.17,0.003,0,0.03
60,111,1666.8,33,0.38,0.56,0.002,0,0.4
60,112,2833.6,7,0.04,0.04,0.0,0,0.08
60,113,2300.9,12,0.74,2.29,0.0,0,0.9
60,114,2634.5,2,0.04,0.04,0.0,0,0.05
60,115,3035.9,4,0.01,0.04,0.0,0,0.1
60,116,781.5,39,0.32,2.07,0.023,0,0.55
60,117,1732.1,7,0.13,0.12,0.002,0,0.13
60,118,1577.2,23,0.73,2.1,0.004,0,0.74
60,119,784.8,99,0.82,4.86,0.017,0,1.4
60,120,4269.7,3,0.09,0.0,0.0,0,0.13
60,121,2615.5,5,0.01,0.06,0.0,0,0.06
60,122,2903.5,26,0.32,0.22,0.0,0,0.37
60,123,2337.4,1,0.01,0.04,0.0,0,0.03
60,124,757.2,50,0.51,8.93,0.046,0,0.55
60,125,2418.9,49,0.29,1.03,0.0,0,0.56
60,126,2757.1,4,0.05,0.01,0.0,0,0.05
60,127,4571.2,4,0.04,0.0,0.0,0,0.05
60,128,3958.4,2,0.05,0.01,0.0,0,0.07
60,129,1396.5,3,0.14,0.54,0.005,0,0.23
60,130,1808.0,4,0.04,0.05,0.001,0,0.05
60,131,4695.5,2,0.02,0.0,0.0,0,0.04
60,132,2750.7,0,0.0,0.02,0.0,0,0.02
60,133,2005.9,22,0.08,0.42,0.001,0,0.23
60,134,1373.1,18,0.15,0.4,0.006,0,0.21
60,135,5275.8,3,0.13,0.0,0.0,0,0.24
60,136,3805.5,0,0.01,0.0,0.0,0,0.02
60,137,1654.4,9,0.17,0.27,0.003,0,0.31
60,138,1405.1,35,0.18,1.93,0.007,0,0.77
60,139,1745.2,2,0.01,0.06,0.001,0,0.05
60,140,1896.9,9,0.15,0.42,0.001,0,0.29
60,141,1349.0,73,0.18,3.81,0.001,0,0.81
60,142,3142.9,2,0.01,0.0,0.0,0,0.02
60,143,283.4,188,1.86,7.28,0.244,0,4.65
60,144,3199.2,5,0.01,0.03,0.0,0,0.06
60,145,1599.1,21,0.17,1.72,0.002,0,0.42
60,146,712.1,49,0.22,0.8,0.076,0,0.93
60,147,2300.1,0,0.02,0.03,0.0,0,0.03
60,148,1324.8,126,0.39,2.06,0.006,0,1.3
60,149,3017.7,6,0.06,0.07,0.0,0,0.17
60,150,1929.5,24,0.22,0.35,0.001,0,0.42
60,151,1759.2,8,0.11,0.35,0.002,0,0.12
60,152,4644.2,0,0.0,0.0,0.0,0,0.01
60,153,1301.4,15,0.3,1.41,0.005,0,0.35
60,154,5634.6,2,0.09,0.0,0.0,0,0.11
60,155,3202.3,0,0.02,0.01,0.0,0,0.02
60,156,3291.2,16,0.08,0.24,0.0,0,0.37
60,157,1617.7,6,0.08,0.88,0.002,0,0.14
60,158,4463.5,0,0.0,0.0,0.0,0,0.01
60,159,4391.0,2,0.01,0.0,0.0,0,0.04
60,160,2827.1,0,0.01,0.02,0.0,0,0.02
60,161,2631.1,20,0.03,0.12,0.0,0,0.23
60,162,2094.9,25,0.45,0.86,0.0,0,0.67
60,163,4148.1,1,0.02,0.0,0.0,0,0.02
60,164,1674.1,31,0.39,1.37,0.002,0,0.51
60,165,4297.9,3,0.07,0.0,0.0,0,0.07
60,166,4533.9,7,0.07,0.0,0.0,0,0.09
60,167,3950.2,10,0.05,0.03,0.0,0,0.22
60,168,2079.0,11,0.08,0.17,0.0,0,0.14
60,169,343.8,52,1.58,2.62,0.117,0,1.88
60,170,3458.4,2,0.01,0.01,0.0,0,0.03
60,171,2613.7,2,0.02,0.03,0.0,0,0.03
60,172,389.7,51,0.08,5.5,0.178,0,0.62
60,173,2748.4,4,0.06,0.07,0.0,0,0.07
60,174,2390.1,3,0.19,0.16,0.0,0,0.23
60,175,1715.1,29,0.2,1.36,0.003,0,0.31
60,176,626.1,42,1.65,3.95,0.051,0,1.65
60,177,1488.9,67,0.6,2.47,0.006,0,1.24
60,178,3998.6,2,0.03,0.0,0.0,0,0.04
60,179,3968.3,27,0.14,0.05,0.0,0,0.42
60,180,3023.7,0,0.09,0.06,0.0,0,0.09
60,181,2678.2,3,0.04,0.03,0.0,0,0.05
60,182,4002.0,1,0.01,0.0,0.0,0,0.01
60,183,4199.1,2,0.02,0.0,0.0,0,0.08
60,184,1529.5,21,0.05,0.4,0.003,0,0.22
60,185,1784.0,12,0.12,0.95,0.001,0,0.31
60,186,2766.4,1,0.08,0.16,0.0,0,0.1
60,187,4880.8,1,0.02,0.0,0.0,0,0.02
60,188,1866.4,3,0.1,0.17,0.0,0,0.14
60,189,4599.2,0,0.01,0.0,0.0,0,0.01
60,190,1176.0,5,0.03,0.67,0.009,0,0.16
60,191,2905.6,8,0.11,0.09,0.0,0,0.13
60,192,2371.5,2,0.13,0.15,0.0,0,0.18
60,193,801.1,4,0.02,0.76,0.049,0,0.1
60,194,2804.7,8,0.05,0.05,0.0,0,0.09
60,195,4018.5,6,0.01,0.01,0.0,0,0.09
60,196,1814.0,9,0.09,0.13,0.001,0,0.16
60,197,2131.7,20,0.23,0.25,0.0,0,0.29
60,198,5197.8,5,0.01,0.0,0.0,0,0.06
60,199,3438.7,1,0.01,0.01,0.0,0,0.04
61,62,3818.4,2,0.04,0.0,0.0,0,0.06
61,63,631.4,46,0.39,1.11,0.114,0,0.61
61,64,3759.5,3,0.08,0.04,0.0,0,0.12
61,65,4283.2,12,0.04,0.01,0.0,0,0.27
61,66,4928.1,6,0.04,0.0,0.0,0,0.09
61,67,2232.9,17,0.21,0.49,0.0,0,0.26
61,68,3056.0,6,0.24,0.07,0.0,0,0.27
61,69,5155.1,0,0.02,0.0,0.0,0,0.02
61,70,646.5,11,0.21,5.53,0.107,0,0.49
61,71,3629.5,17,0.37,0.06,0.0,0,0.48
61,72,1817.5,9,0.12,0.42,0.001,0,0.29
61,73,3104.0,20,0.03,0.21,0.0,0,0.22
61,74,5371.4,0,0.01,0.0,0.0,0,0.01
61,75,1278.0,72,0.54,2.71,0.006,0,1.02
61,76,1111.6,22,0.35,3.0,0.008,0,0.87
61,77,5666.7,1,0.02,0.0,0.0,0,0.05
61,78,3919.4,10,0.12,0.01,0.0,0,0.14
61,79,5044.0,0,0.01,0.0,0.0,0,0.01
61,80,5174.1,11,0.07,0.0,0.0,0,0.15
61,81,3630.9,8,0.08,0.02,0.0,0,0.15
61,82,3340.4,14,0.33,0.1,0.0,0,0.37
61,83,5311.8,1,0.03,0.0,0.0,0,0.05
61,84,4150.2,1,0.01,0.0,0.0,0,0.02
61,85,3897.7,5,0.1,0.0,0.0,0,0.14
61,86,3085.7,10,0.38,0.1,0.0,0,0.9
61,87,1872.5,5,0.08,0.48,0.001,0,0.17
61,88,2842.8,0,0.01,0.03,0.0,0,0.05
61,89,4759.1,4,0.06,0.0,0.0,0,0.08
61,90,4289.2,4,0.04,0.0,0.0,0,0.12
61,91,4933.8,4,0.09,0.0,0.0,0,0.13
61,92,2379.2,2,0.01,0.1,0.0,0,0.05
61,93,2162.8,6,0.13,0.32,0.0,0,0.17
61,94,1841.2,15,0.22,0.33,0.001,0,0.52
61,95,5127.0,1,0.01,0.0,0.0,0,0.02
61,96,5205.5,12,0.07,0.0,0.0,0,0.21
61,97,5496.0,4,0.03,0.0,0.0,0,0.05
61,98,2576.8,5,0.03,0.09,0.0,0,0.12
61,99,4808.6,2,0.02,0.0,0.0,0,0.03
61,100,2811.6,1,0.01,0.01,0.0,0,0.05
61,101,5289.9,1,0.02,0.0,0.0,0,0.03
61,102,2260.6,3,0.03,0.12,0.0,0,0.15
61,103,4108.9,3,0.02,0.0,0.0,0,0.04
61,104,3347.8,1,0.05,0.02,0.0,0,0.07
61,105,4125.8,2,0.05,0.01,0.0,0,0.09
61,106,4593.7,8,0.13,0.01,0.0,0,0.53
61,107,2270.7,4,0.12,0.24,0.0,0,0.19
61,108,3755.7,11,0.1,0.01,0.0,0,0.14
61,109,2273.9,2,0.13,0.22,0.0,0,0.14
61,110,4745.1,0,0.0,0.0,0.0,0,0.01
61,111,5208.1,5,0.05,0.0,0.0,0,0.06
61,112,3469.8,4,0.11,0.01,0.0,0,0.11
61,113,3526.6,86,0.53,0.19,0.0,0,1.34
61,114,2989.9,12,0.06,0.03,0.0,0,0.13
61,115,2780.4,23,0.21,0.09,0.0,0,0.25
61,116,5636.6,1,0.02,0.0,0.0,0,0.05
61,117,3986.3,0,0.0,0.0,0.0,0,0.02
61,118,4633.5,7,0.02,0.01,0.0,0,0.08
61,119,4856.8,4,0.08,0.0,0.0,0,0.2
61,120,1408.0,11,0.51,3.26,0.001,0,0.54
61,121,3034.1,8,0.04,0.01,0.0,0,0.1
61,122,2844.2,3,0.17,0.23,0.0,0,0.25
61,123,3579.3,2,0.02,0.01,0.0,0,0.02
61,124,4955.6,2,0.04,0.0,0.0,0,0.08
61,125,3413.3,30,0.44,0.19,0.0,0,0.69
61,126,3137.4,2,0.02,0.01,0.0,0,0.04
61,127,3152.3,0,0.02,0.02,0.0,0,0.05
61,128,3775.9,2,0.04,0.01,0.0,0,0.07
61,129,4408.1,3,0.03,0.0,0.0,0,0.05
61,130,5582.0,0,0.0,0.0,0.0,0,0.01
61,131,3351.9,2,0.04,0.03,0.0,0,0.08
61,132,2876.8,0,0.03,0.02,0.0,0,0.03
61,133,5110.4,11,0.13,0.0,0.0,0,0.18
61,134,5092.8,0,0.01,0.0,0.0,0,0.01
61,135,452.9,411,2.05,27.04,0.18,0,4.43
61,136,1946.4,6,0.11,0.23,0.001,0,0.16
61,137,4803.6,5,0.04,0.0,0.0,0,0.07
61,138,4566.0,33,0.32,0.01,0.0,0,0.36
61,139,4134.1,1,0.01,0.0,0.0,0,0.03
61,140,4084.1,11,0.15,0.0,0.0,0,0.17
61,141,5449.8,4,0.04,0.0,0.0,0,0.06
61,142,3843.5,0,0.01,0.0,0.0,0,0.01
61,143,5514.5,1,0.05,0.0,0.0,0,0.07
61,144,2452.9,2,0.05,0.16,0.0,0,0.15
61,145,4315.9,25,0.21,0.01,0.0,0,0.28
61,146,5425.9,0,0.0,0.0,0.0,0,0.01
61,147,3561.1,4,0.01,0.0,0.0,0,0.05
61,148,4635.0,8,0.14,0.0,0.0,0,0.17
61,149,3813.5,2,0.05,0.01,0.0,0,0.06
61,150,4005.4,3,0.08,0.01,0.0,0,0.12
61,151,4045.3,8,0.05,0.01,0.0,0,0.11
61,152,3518.3,0,0.03,0.01,0.0,0,0.04
61,153,4363.0,8,0.05,0.0,0.0,0,0.11
61,154,614.9,110,1.22,5.86,0.089,0,1.78
61,155,3327.5,2,0.02,0.01,0.0,0,0.06
61,156,2498.2,57,0.11,0.94,0.0,0,0.8
61,157,4518.3,5,0.04,0.0,0.0,0,0.11
61,158,1236.3,5,0.09,0.48,0.005,0,0.11
61,159,2231.9,11,0.18,0.62,0.0,0,0.22
61,160,3251.1,1,0.01,0.01,0.0,0,0.02
61,161,3524.5,23,0.12,0.03,0.0,0,0.32
61,162,4645.7,3,0.03,0.01,0.0,0,0.05
61,163,3818.1,3,0.03,0.01,0.0,0,0.04
61,164,3980.9,33,0.24,0.02,0.0,0,0.38
61,165,2265.3,11,0.14,0.3,0.0,0,0.29
61,166,2776.1,17,0.06,0.16,0.0,0,0.19
61,167,1986.2,107,0.31,2.79,0.001,0,1.11
61,168,3995.0,1,0.01,0.0,0.0,0,0.05
61,169,5288.3,0,0.01,0.0,0.0,0,0.02
61,170,3030.7,1,0.01,0.03,0.0,0,0.05
61,171,4216.4,2,0.02,0.0,0.0,0,0.03
61,172,5654.4,6,0.03,0.0,0.0,0,0.07
61,173,3511.2,3,0.08,0.02,0.0,0,0.1
61,174,4147.6,6,0.09,0.01,0.0,0,0.1
61,175,3954.0,3,0.17,0.01,0.0,0,0.25
61,176,5038.3,2,0.03,0.0,0.0,0,0.07
61,177,4712.3,6,0.06,0.01,0.0,0,0.15
61,178,3012.7,2,0.01,0.02,0.0,0,0.02
61,179,1957.0,14,0.08,5.79,0.001,0,0.4
61,180,3354.7,1,0.03,0.03,0.0,0,0.13
61,181,4228.4,1,0.01,0.0,0.0,0,0.02
61,182,1662.4,2,0.07,0.22,0.003,0,0.11
61,183,1441.3,36,0.11,1.92,0.004,0,0.55
61,184,5500.2,0,0.01,0.0,0.0,0,0.02
61,185,5745.2,4,0.06,0.0,0.0,0,0.06
61,186,2923.3,6,0.18,0.08,0.0,0,0.28
61,187,743.6,137,0.39,3.57,0.072,0,1.88
61,188,3916.8,2,0.04,0.0,0.0,0,0.04
61,189,1212.0,9,0.02,0.52,0.011,0,0.13
61,190,4722.1,1,0.04,0.0,0.0,0,0.07
61,191,2733.2,22,0.36,0.23,0.0,0,0.48
61,192,3542.7,1,0.03,0.02,0.0,0,0.07
61,193,4824.6,1,0.04,0.0,0.0,0,0.04
61,194,4241.2,1,0.03,0.0,0.0,0,0.05
61,195,3045.9,8,0.22,0.08,0.0,0,0.27
61,196,4429.3,1,0.01,0.0,0.0,0,0.02
61,197,3550.5,3,0.02,0.02,0.0,0,0.12
61,198,686.3,134,0.71,5.41,0.006,0,1.77
61,199,4023.7,2,0.01,0.0,0.0,0,0.02
62,63,3230.8,0,0.01,0.0,0.0,0,0.01
62,64,481.6,13,0.57,6.24,0.114,0,1.12
62,65,611.8,91,2.75,10.17,0.069,0,4.49
62,66,2567.5,5,0.01,0.05,0.0,0,0.06
62,67,1708.4,13,0.2,1.32,0.001,0,0.21
62,68,2825.2,1,0.08,0.03,0.0,0,0.08
62,69,1339.8,1,0.08,0.31,0.006,0,0.08
62,70,3172.0,1,0.03,0.02,0.0,0,0.06
62,71,1276.0,105,0.6,2.08,0.009,0,1.39
62,72,3442.3,1,0.05,0.01,0.0,0,0.07
62,73,1013.1,53,0.2,3.41,0.018,0,0.84
62,74,1972.6,1,0.01,0.02,0.0,0,0.02
62,75,3662.5,0,0.02,0.01,0.0,0,0.06
62,76,2710.2,1,0.02,0.04,0.0,0,0.05
62,77,2206.4,6,0.07,0.06,0.0,0,0.07
62,78,1024.5,63,0.58,1.29,0.019,0,0.78
62,79,2299.2,1,0.01,0.01,0.0,0,0.01
62,80,1380.0,3,0.04,0.19,0.006,0,0.05
62,81,3854.6,6,0.05,0.01,0.0,0,0.07
62,82,3485.2,2,0.1,0.02,0.0,0,0.1
62,83,1502.4,5,0.05,0.21,0.002,0,0.08
62,84,437.0,7,0.04,1.13,0.085,0,0.27
62,85,2950.7,0,0.0,0.02,0.0,0,0.03
62,86,770.7,38,0.38,3.77,0.005,0,0.49
62,87,3055.1,0,0.01,0.02,0.0,0,0.04
62,88,2838.6,1,0.01,0.02,0.0,0,0.03
62,89,1194.1,18,0.13,0.98,0.004,0,0.23
62,90,1139.7,24,0.1,0.83,0.019,0,0.31
62,91,2470.7,25,0.23,0.12,0.0,0,0.32
62,92,2117.5,2,0.03,0.06,0.001,0,0.04
62,93,1857.4,2,0.01,0.1,0.001,0,0.05
62,94,3677.1,0,0.01,0.0,0.0,0,0.01
62,95,1916.6,0,0.01,0.04,0.002,0,0.01
62,96,1787.3,3,0.03,0.22,0.001,0,0.08
62,97,1710.5,3,0.05,0.37,0.001,0,0.07
62,98,1411.3,5,0.04,0.33,0.003,0,0.08
62,99,1611.4,2,0.02,0.25,0.002,0,0.06
62,100,2464.7,1,0.01,0.01,0.0,0,0.02
62,101,2604.1,3,0.04,0.02,0.0,0,0.05
62,102,3551.8,2,0.02,0.01,0.0,0,0.03
62,103,601.6,17,0.21,0.93,0.052,0,0.24
62,104,1654.9,5,0.07,0.13,0.001,0,0.08
62,105,444.7,21,0.45,5.03,0.114,0,1.3
62,106,1302.7,103,2.5,2.01,0.012,0,4.71
62,107,1825.4,8,0.06,0.22,0.001,0,0.14
62,108,87.3,1586,12.66,5.73,0.494,0,16.23
62,109,1744.7,2,0.03,0.16,0.002,0,0.05
62,110,1012.8,1,0.01,0.26,0.022,0,0.05
62,111,2375.9,0,0.06,0.07,0.0,0,0.07
62,112,2037.5,3,0.05,0.14,0.0,0,0.05
62,113,444.9,1236,7.54,45.21,0.139,0,15.61
62,114,939.6,22,0.1,0.8,0.016,0,0.36
62,115,1669.6,12,0.04,0.27,0.002,0,0.2
62,116,2200.1,2,0.01,0.1,0.0,0,0.03
62,117,982.6,4,0.01,0.42,0.03,0,0.06
62,118,969.4,41,0.11,2.9,0.037,0,0.47
62,119,1238.0,16,0.15,0.92,0.005,0,0.16
62,120,2559.8,6,0.03,0.08,0.0,0,0.08
62,121,1078.5,3,0.06,0.23,0.026,0,0.11
62,122,1488.0,5,0.42,2.6,0.003,0,0.49
62,123,1442.3,3,0.03,0.13,0.005,0,0.05
62,124,1415.2,2,0.07,1.35,0.003,0,0.16
62,125,550.1,173,2.52,17.88,0.074,0,5.04
62,126,1593.8,0,0.01,0.23,0.001,0,0.02
62,127,3687.4,1,0.01,0.0,0.0,0,0.02
62,128,3404.1,1,0.02,0.01,0.0,0,0.03
62,129,1244.7,3,0.05,0.28,0.003,0,0.1
62,130,2022.6,0,0.0,0.03,0.001,0,0.01
62,131,3887.3,1,0.02,0.0,0.0,0,0.03
62,132,992.7,10,0.02,0.2,0.021,0,0.13
62,133,2548.6,3,0.09,0.06,0.0,0,0.11
62,134,2065.4,2,0.01,0.06,0.0,0,0.06
62,135,3436.7,2,0.06,0.03,0.0,0,0.11
62,136,2205.8,0,0.02,0.05,0.0,0,0.03
62,137,2011.7,4,0.01,0.11,0.001,0,0.06
62,138,1505.4,22,0.32,0.78,0.002,0,0.34
62,139,418.0,24,0.23,0.65,0.037,0,0.36
62,140,1458.0,2,0.03,0.83,0.003,0,0.11
62,141,1734.7,74,0.42,0.9,0.002,0,1.07
62,142,2658.4,0,0.01,0.01,0.0,0,0.01
62,143,1729.7,5,0.07,0.43,0.002,0,0.08
62,144,1556.2,2,0.01,0.41,0.003,0,0.11
62,145,568.5,72,0.56,6.16,0.055,0,1.14
62,146,1607.7,4,0.03,0.07,0.001,0,0.05
62,147,1349.3,4,0.04,0.09,0.004,0,0.05
62,148,847.9,75,0.09,1.9,0.038,0,0.78
62,149,2510.1,9,0.02,0.07,0.0,0,0.12
62,150,1393.1,9,0.09,0.85,0.003,0,0.15
62,151,280.6,143,0.4,6.5,0.281,0,2.85
62,152,3911.5,0,0.0,0.0,0.0,0,0.01
62,153,953.8,14,0.23,1.45,0.008,0,0.24
62,154,3928.5,6,0.05,0.0,0.0,0,0.07
62,155,2372.9,0,0.01,0.03,0.0,0,0.02
62,156,1823.4,23,0.57,1.9,0.0,0,0.82
62,157,854.1,61,0.33,3.0,0.026,0,0.76
62,158,2755.1,1,0.01,0.01,0.0,0,0.02
62,159,3112.7,13,0.12,0.03,0.0,0,0.14
62,160,1828.2,3,0.04,0.06,0.001,0,0.04
62,161,1822.5,18,0.14,0.22,0.001,0,0.23
62,162,2253.3,8,0.15,0.25,0.0,0,0.18
62,163,3598.8,0,0.0,0.0,0.0,0,0.01
62,164,778.2,176,0.98,3.41,0.065,0,1.88
62,165,3024.3,3,0.02,0.02,0.0,0,0.05
62,166,3491.7,4,0.12,0.01,0.0,0,0.2
62,167,2057.2,109,1.1,1.05,0.001,0,1.58
62,168,1593.1,1,0.06,0.22,0.003,0,0.09
62,169,1550.0,0,0.02,0.16,0.002,0,0.06
62,170,2472.8,0,0.01,0.04,0.0,0,0.02
62,171,2395.3,1,0.02,0.03,0.0,0,0.03
62,172,2046.0,2,0.04,0.15,0.0,0,0.05
62,173,1072.5,6,0.36,1.37,0.006,0,0.45
62,174,2112.9,9,0.04,0.16,0.0,0,0.17
62,175,209.2,996,4.79,13.01,0.246,0,10.14
62,176,1422.2,3,0.06,0.36,0.004,0,0.11
62,177,1014.0,52,0.15,5.32,0.01,0,0.77
62,178,3058.0,0,0.02,0.02,0.0,0,0.03
62,179,2462.5,41,0.5,0.6,0.0,0,0.75
62,180,2179.8,3,0.05,0.27,0.0,0,0.05
62,181,2467.0,2,0.01,0.02,0.0,0,0.03
62,182,2160.8,2,0.02,0.02,0.0,0,0.05
62,183,2377.1,7,0.17,0.1,0.0,0,0.25
62,184,2512.6,2,0.02,0.06,0.0,0,0.03
62,185,2847.9,3,0.01,0.04,0.0,0,0.06
62,186,898.3,40,0.21,3.3,0.034,0,0.44
62,187,3083.0,2,0.02,0.01,0.0,0,0.03
62,188,181.6,44,0.88,1.46,0.524,0,0.89
62,189,2936.0,0,0.01,0.0,0.0,0,0.03
62,190,1478.9,5,0.01,0.21,0.003,0,0.06
62,191,1098.8,19,0.33,2.6,0.017,0,0.45
62,192,568.4,68,0.84,4.51,0.139,0,0.96
62,193,1157.8,5,0.04,0.17,0.012,0,0.08
62,194,2597.2,1,0.03,0.05,0.0,0,0.04
62,195,3095.3,1,0.02,0.02,0.0,0,0.03
62,196,892.8,3,0.05,0.61,0.005,0,0.18
62,197,923.1,26,0.24,1.31,0.03,0,0.39
62,198,3488.6,0,0.03,0.0,0.0,0,0.04
62,199,3055.0,0,0.02,0.01,0.0,0,0.03
63,64,3144.8,3,0.01,0.04,0.0,0,0.03
63,65,3672.7,21,0.13,0.02,0.0,0,0.28
63,66,4316.2,1,0.01,0.0,0.0,0,0.03
63,67,1734.9,2,0.13,0.61,0.003,0,0.19
63,68,2522.0,13,0.04,0.07,0.0,0,0.14
63,69,4560.1,0,0.01,0.0,0.0,0,0.02
63,70,209.7,223,0.49,5.2,0.17,0,2.4
63,71,2998.2,8,0.07,0.06,0.0,0,0.12
63,72,1448.8,3,0.01,0.27,0.001,0,0.07
63,73,2478.9,29,0.23,0.27,0.0,0,0.63
63,74,4741.0,0,0.0,0.0,0.0,0,0.0
63,75,1045.9,17,0.2,2.47,0.022,0,0.3
63,76,590.1,5,0.24,1.6,0.076,0,0.31
63,77,5166.6,0,0.0,0.0,0.0,0,0.01
63,78,3425.8,2,0.01,0.01,0.0,0,0.05
63,79,4419.2,0,0.0,0.0,0.0,0,0.0
63,80,4570.5,0,0.0,0.0,0.0,0,0.01
63,81,3215.9,2,0.02,0.02,0.0,0,0.03
63,82,2887.6,31,0.42,0.08,0.0,0,0.46
63,83,4712.8,0,0.0,0.0,0.0,0,0.01
63,84,3582.4,0,0.0,0.0,0.0,0,0.01
63,85,3349.8,1,0.01,0.01,0.0,0,0.02
63,86,2483.1,1,0.11,0.05,0.0,0,0.11
63,87,1391.4,6,0.03,0.69,0.004,0,0.1
63,88,2315.0,0,0.01,0.04,0.0,0,0.01
63,89,4225.1,1,0.01,0.0,0.0,0,0.03
63,90,3659.7,1,0.04,0.01,0.0,0,0.04
63,91,4317.5,6,0.04,0.0,0.0,0,0.08
63,92,1763.6,2,0.07,0.09,0.001,0,0.1
63,93,1532.2,1,0.03,0.3,0.002,0,0.06
63,94,1546.8,0,0.02,0.2,0.005,0,0.04
63,95,4495.6,0,0.0,0.0,0.0,0,0.0
63,96,4575.9,5,0.03,0.0,0.0,0,0.06
63,97,4889.0,1,0.0,0.0,0.0,0,0.02
63,98,1951.6,16,0.13,0.13,0.001,0,0.16
63,99,4177.5,1,0.01,0.0,0.0,0,0.03
63,100,2237.8,0,0.01,0.02,0.0,0,0.01
63,101,4669.4,0,0.01,0.0,0.0,0,0.02
63,102,1893.3,5,0.03,0.08,0.001,0,0.06
63,103,3492.7,0,0.01,0.0,0.0,0,0.01
63,104,2722.3,0,0.02,0.02,0.0,0,0.02
63,105,3561.2,0,0.01,0.01,0.0,0,0.02
63,106,3964.4,6,0.2,0.02,0.0,0,0.31
63,107,1825.9,2,0.06,0.17,0.002,0,0.1
63,108,3172.6,2,0.03,0.03,0.0,0,0.06
63,109,1644.1,7,0.1,0.32,0.002,0,0.14
63,110,4183.9,0,0.0,0.0,0.0,0,0.0
63,111,4582.2,3,0.02,0.0,0.0,0,0.05
63,112,2860.5,1,0.01,0.02,0.0,0,0.04
63,113,2967.3,5,0.15,0.29,0.0,0,0.32
63,114,2375.6,1,0.01,0.06,0.0,0,0.03
63,115,2151.3,3,0.07,0.17,0.001,0,0.13
63,116,5006.2,0,0.01,0.0,0.0,0,0.02
63,117,3357.3,0,0.01,0.0,0.0,0,0.02
63,118,4082.2,1,0.0,0.01,0.0,0,0.02
63,119,4236.5,2,0.01,0.0,0.0,0,0.03
63,120,777.4,36,0.19,3.15,0.007,0,0.38
63,121,2408.2,1,0.02,0.02,0.0,0,0.02
63,122,2212.9,5,0.05,0.3,0.0,0,0.24
63,123,2949.3,1,0.01,0.0,0.0,0,0.02
63,124,4330.8,0,0.01,0.0,0.0,0,0.05
63,125,2858.4,46,0.21,0.16,0.0,0,0.53
63,126,2509.4,0,0.0,0.02,0.0,0,0.01
63,127,2746.5,2,0.02,0.02,0.0,0,0.03
63,128,3285.5,4,0.02,0.01,0.0,0,0.05
63,129,3778.0,0,0.01,0.0,0.0,0,0.01
63,130,5063.0,0,0.0,0.0,0.0,0,0.0
63,131,2965.8,3,0.05,0.01,0.0,0,0.06
63,132,2269.5,0,0.0,0.03,0.0,0,0.01
63,133,4492.5,2,0.03,0.0,0.0,0,0.04
63,134,4462.5,0,0.0,0.0,0.0,0,0.0
63,135,491.3,122,0.58,9.51,0.07,0,3.81
63,136,1319.4,5,0.03,0.29,0.008,0,0.1
63,137,4175.6,2,0.0,0.0,0.0,0,0.03
63,138,3934.6,2,0.03,0.0,0.0,0,0.07
63,139,3565.6,0,0.01,0.0,0.0,0,0.02
63,140,3453.3,4,0.01,0.01,0.0,0,0.06
63,141,4898.7,6,0.04,0.0,0.0,0,0.07
63,142,3270.9,0,0.01,0.0,0.0,0,0.01
63,143,4907.4,1,0.02,0.0,0.0,0,0.03
63,144,1825.0,1,0.04,0.24,0.002,0,0.1
63,145,3746.6,4,0.04,0.01,0.0,0,0.06
63,146,4837.2,0,0.0,0.0,0.0,0,0.01
63,147,2930.2,2,0.01,0.0,0.0,0,0.03
63,148,4060.9,5,0.04,0.0,0.0,0,0.07
63,149,3230.0,4,0.04,0.02,0.0,0,0.07
63,150,3374.4,5,0.12,0.01,0.0,0,0.13
63,151,3468.9,1,0.01,0.01,0.0,0,0.05
63,152,3122.2,0,0.01,0.01,0.0,0,0.01
63,153,3738.7,0,0.01,0.01,0.0,0,0.03
63,154,771.0,22,0.1,1.46,0.025,0,0.31
63,155,2742.2,0,0.01,0.02,0.0,0,0.01
63,156,1869.5,44,0.46,1.46,0.0,0,0.58
63,157,3964.9,3,0.01,0.0,0.0,0,0.04
63,158,612.3,11,0.12,0.76,0.102,0,0.22
63,159,1762.6,2,0.1,0.31,0.002,0,0.11
63,160,2631.7,2,0.02,0.02,0.0,0,0.03
63,161,2904.8,2,0.03,0.06,0.0,0,0.09
63,162,4027.6,1,0.06,0.01,0.0,0,0.09
63,163,3351.0,0,0.01,0.0,0.0,0,0.01
63,164,3356.5,8,0.09,0.03,0.0,0,0.12
63,165,1777.1,13,0.08,0.31,0.0,0,0.17
63,166,2360.2,2,0.02,0.2,0.0,0,0.1
63,167,1554.8,21,0.4,1.87,0.001,0,0.58
63,168,3366.4,1,0.01,0.0,0.0,0,0.02
63,169,4674.7,0,0.0,0.0,0.0,0,0.0
63,170,2457.2,3,0.01,0.03,0.0,0,0.03
63,171,3615.2,0,0.0,0.0,0.0,0,0.01
63,172,5029.2,0,0.01,0.0,0.0,0,0.02
63,173,3027.6,1,0.02,0.03,0.0,0,0.06
63,174,3533.5,1,0.02,0.01,0.0,0,0.04
63,175,3355.9,5,0.03,0.03,0.0,0,0.05
63,176,4416.5,2,0.01,0.0,0.0,0,0.03
63,177,4156.8,4,0.03,0.01,0.0,0,0.15
63,178,2511.6,2,0.02,0.05,0.0,0,0.03
63,179,1358.6,29,0.71,5.37,0.003,0,1.29
63,180,2754.8,5,0.01,0.03,0.0,0,0.05
63,181,3631.2,0,0.0,0.0,0.0,0,0.02
63,182,1109.5,5,0.04,0.27,0.024,0,0.06
63,183,873.4,28,0.24,1.87,0.037,0,0.4
63,184,4872.3,1,0.01,0.0,0.0,0,0.02
63,185,5121.2,3,0.01,0.0,0.0,0,0.06
63,186,2345.1,1,0.04,0.11,0.0,0,0.05
63,187,182.8,140,0.64,2.69,0.073,0,2.95
63,188,3339.9,1,0.01,0.01,0.0,0,0.04
63,189,638.0,2,0.01,0.6,0.079,0,0.08
63,190,4091.5,0,0.0,0.0,0.0,0,0.0
63,191,2135.5,7,0.02,0.17,0.0,0,0.08
63,192,2998.6,2,0.01,0.01,0.0,0,0.04
63,193,4207.6,0,0.0,0.0,0.0,0,0.01
63,194,3652.0,2,0.02,0.01,0.0,0,0.02
63,195,2549.0,0,0.02,0.04,0.0,0,0.02
63,196,3890.7,0,0.01,0.0,0.0,0,0.01
63,197,2922.3,4,0.05,0.03,0.0,0,0.06
63,198,424.3,94,0.65,2.16,0.06,0,1.53
63,199,3480.9,1,0.01,0.0,0.0,0,0.01
64,65,534.7,468,4.52,55.3,0.063,1,13.79
64,66,2127.1,27,0.09,0.8,0.0,0,0.66
64,67,1826.8,100,1.46,2.83,0.001,0,1.72
64,68,2399.0,2,0.12,0.52,0.0,0,0.2
64,69,1467.4,7,0.06,0.77,0.006,0,0.11
64,70,3118.2,10,0.08,0.09,0.0,0,0.31
64,71,799.8,455,5.4,39.1,0.03,0,12.39
64,72,3151.5,9,0.08,0.08,0.0,0,0.11
64,73,712.1,718,1.4,52.43,0.066,0,7.64
64,74,1740.8,10,0.06,0.19,0.002,0,0.12
64,75,3437.6,35,0.51,0.08,0.0,0,0.56
64,76,2678.4,19,0.32,0.25,0.0,0,0.53
64,77,2593.6,24,0.09,0.27,0.0,0,0.31
64,78,1499.8,65,0.78,4.29,0.005,0,1.34
64,79,1900.6,6,0.03,0.24,0.001,0,0.09
64,80,1443.7,4,0.19,1.94,0.004,0,0.31
64,81,3406.5,17,0.22,0.08,0.0,0,0.34
64,82,3047.0,137,0.81,0.62,0.0,0,1.42
64,83,1599.9,34,0.29,1.22,0.004,0,0.44
64,84,870.2,72,0.55,3.04,0.037,0,1.21
64,85,2475.1,8,0.08,0.16,0.0,0,0.09
64,86,702.2,371,1.35,35.39,0.024,0,4.25
64,87,2764.3,15,0.13,0.28,0.0,0,0.65
64,88,2432.8,43,0.39,0.21,0.0,0,0.59
64,89,1603.6,37,0.98,3.25,0.003,0,2.14
64,90,749.1,84,5.92,10.53,0.016,0,6.92
64,91,2038.2,151,1.31,0.92,0.001,0,1.72
64,92,1806.0,39,0.06,0.74,0.001,0,0.44
64,93,1664.1,32,0.09,1.39,0.001,0,0.37
64,94,3384.1,17,0.04,0.06,0.0,0,0.18
64,95,1611.1,8,0.06,0.36,0.002,0,0.1
64,96,1556.4,27,0.36,1.64,0.004,0,0.92
64,97,1751.2,29,0.29,1.16,0.002,0,0.43
64,98,1212.4,81,0.64,3.84,0.006,0,1.19
64,99,1282.3,35,0.63,2.77,0.01,0,1.36
64,100,2064.9,3,0.04,0.13,0.0,0,0.09
64,101,2209.3,3,0.11,0.55,0.0,0,0.16
64,102,3210.8,10,0.07,0.08,0.0,0,0.16
64,103,350.7,249,2.01,7.43,0.224,0,4.5
64,104,1203.8,11,0.47,4.07,0.011,0,0.64
64,105,891.5,307,2.84,10.41,0.045,0,3.32
64,106,984.9,1600,16.13,57.49,0.026,0,24.43
64,107,1997.9,41,0.44,0.91,0.0,0,0.54
64,108,534.8,96,3.38,32.87,0.084,0,3.89
64,109,1546.4,69,0.8,3.14,0.001,0,1.8
64,110,1355.0,16,0.14,0.52,0.003,0,0.17
64,111,1997.3,21,0.39,1.06,0.001,0,0.76
64,112,1573.3,98,0.5,2.7,0.004,0,1.15
64,113,827.5,1152,14.93,100.34,0.022,0,19.21
64,114,769.7,785,7.74,9.18,0.07,0,8.28
64,115,1322.3,38,0.11,4.31,0.007,0,0.88
64,116,1992.7,128,0.87,0.74,0.001,0,1.57
64,117,527.2,58,0.33,5.06,0.096,0,1.31
64,118,1358.1,147,1.57,13.19,0.004,0,2.0
64,119,1106.2,137,0.75,12.0,0.009,0,1.4
64,120,2416.6,39,0.37,1.07,0.0,0,1.18
64,121,786.8,27,0.68,5.65,0.02,0,1.55
64,122,1153.0,111,0.72,20.33,0.018,0,1.37
64,123,969.6,26,0.52,1.49,0.024,0,0.6
64,124,1233.9,27,0.86,5.76,0.005,0,1.12
64,125,893.1,138,7.58,106.88,0.006,0,13.23
64,126,1176.3,17,0.1,1.89,0.001,0,0.38
64,127,3267.1,3,0.09,0.06,0.0,0,0.11
64,128,2939.5,8,0.06,0.18,0.0,0,0.36
64,129,871.3,77,0.89,6.43,0.009,0,1.23
64,130,2387.4,11,0.04,0.13,0.0,0,0.14
64,131,3457.6,9,0.11,0.04,0.0,0,0.28
64,132,889.4,24,0.7,3.48,0.049,0,0.93
64,133,2132.4,47,0.68,0.89,0.001,0,1.36
64,134,1714.7,11,0.1,0.66,0.001,0,0.26
64,135,3415.7,58,0.14,0.2,0.0,0,0.7
64,136,1986.6,3,0.06,0.51,0.0,0,0.07
64,137,1606.0,19,0.62,2.13,0.002,0,0.64
64,138,1124.9,155,2.34,12.91,0.002,0,2.81
64,139,853.1,10,0.37,2.47,0.017,0,0.4
64,140,990.4,96,0.73,10.7,0.019,0,2.17
64,141,2039.1,148,2.91,3.93,0.001,0,3.07
64,142,2181.5,16,0.1,0.1,0.001,0,0.31
64,143,1769.0,49,0.45,1.65,0.003,0,0.57
64,144,1352.9,16,0.43,2.48,0.007,0,0.51
64,145,955.6,306,4.86,14.61,0.038,0,4.99
64,146,1765.4,20,0.13,0.6,0.002,0,0.22
64,147,878.5,69,0.22,1.17,0.022,0,1.15
64,148,1150.4,56,0.86,18.49,0.006,0,0.91
64,149,2032.8,79,0.94,0.62,0.001,0,0.96
64,150,920.3,145,0.42,5.84,0.038,0,2.63
64,151,713.6,305,2.52,22.11,0.039,0,3.17
64,152,3471.6,6,0.02,0.03,0.0,0,0.09
64,153,661.9,731,1.14,14.84,0.015,0,8.2
64,154,3789.6,4,0.12,0.04,0.0,0,0.23
64,155,1921.0,17,0.17,0.41,0.001,0,0.21
64,156,1526.0,372,1.42,11.19,0.002,0,3.97
64,157,1254.6,102,0.72,3.21,0.009,0,3.48
64,158,2612.0,0,0.04,0.09,0.0,0,0.05
64,159,2774.3,92,0.18,0.45,0.0,0,0.96
64,160,1385.8,7,0.34,1.41,0.004,0,0.36
64,161,1353.7,90,0.44,7.71,0.006,0,1.47
64,162,1803.5,245,1.36,5.84,0.002,0,2.77
64,163,3135.7,4,0.11,0.05,0.0,0,0.18
64,164,349.0,724,5.77,66.62,0.28,0,13.06
64,165,2682.9,32,0.34,0.48,0.0,0,0.52
64,166,3098.6,18,0.24,0.23,0.0,0,0.74
64,167,2185.3,165,1.42,3.3,0.001,0,2.05
64,168,1115.5,39,0.52,2.94,0.008,0,0.71
64,169,1529.9,3,0.03,0.73,0.001,0,0.24
64,170,2048.3,4,0.04,0.21,0.0,0,0.14
64,171,1915.5,31,0.3,0.29,0.001,0,0.4
64,172,1924.0,12,0.73,1.26,0.001,0,0.81
64,173,1496.5,92,0.53,1.91,0.006,0,1.15
64,174,1634.3,11,0.45,2.1,0.003,0,0.53
64,175,380.7,1558,2.78,52.73,0.129,1,16.95
64,176,1292.6,106,0.98,4.43,0.008,0,1.39
64,177,1379.5,544,3.93,10.32,0.004,0,5.89
64,178,2637.8,4,0.07,0.14,0.0,0,0.28
64,179,2198.6,90,5.18,5.46,0.0,0,5.56
64,180,1725.0,86,0.41,2.88,0.001,0,2.02
64,181,1986.9,8,0.13,0.18,0.001,0,0.26
64,182,2148.6,16,0.12,0.24,0.0,0,0.19
64,183,2337.9,23,0.1,0.48,0.0,0,0.33
64,184,2173.8,8,0.41,0.51,0.0,0,0.46
64,185,2502.2,100,1.06,0.86,0.0,0,1.26
64,186,974.0,232,0.9,11.64,0.011,0,2.41
64,187,3015.9,5,0.18,0.15,0.0,0,0.18
64,188,653.9,114,1.61,6.81,0.086,0,1.96
64,189,2763.6,2,0.06,0.05,0.0,0,0.07
64,190,1156.5,42,0.35,4.51,0.007,0,1.43
64,191,1054.1,51,2.46,17.54,0.021,0,2.96
64,192,978.8,124,1.55,8.43,0.018,0,2.34
64,193,1065.9,6,0.19,0.87,0.012,0,0.41
64,194,2116.3,38,0.12,1.29,0.0,0,0.44
64,195,2672.7,38,0.1,0.31,0.0,0,0.53
64,196,1334.7,40,0.55,2.43,0.005,0,0.77
64,197,465.3,36,0.52,9.7,0.137,1,3.27
64,198,3349.9,15,0.16,0.12,0.0,0,0.16
64,199,2576.9,5,0.11,0.07,0.0,0,0.25
65,66,2097.6,25,0.11,1.38,0.0,0,0.73
65,67,2273.2,149,2.24,2.92,0.0,0,3.64
65,68,2808.9,40,0.32,0.4,0.0,0,0.47
65,69,941.7,24,0.43,5.53,0.032,0,0.73
65,70,3639.6,34,0.64,0.16,0.0,0,0.64
65,71,1145.9,281,5.66,40.65,0.019,0,6.02
65,72,3663.6,27,0.79,0.05,0.0,0,0.81
65,73,1243.2,911,5.64,37.44,0.014,0,11.6
65,74,1361.4,10,0.03,0.69,0.002,0,0.11
65,75,3967.0,12,1.11,0.08,0.0,0,1.22
65,76,3192.9,29,0.52,0.15,0.0,0,0.57
65,77,2213.1,30,0.31,0.93,0.0,0,0.56
65,78,1514.7,114,1.36,5.73,0.003,0,1.67
65,79,1771.3,26,0.06,0.27,0.0,0,0.27
65,80,909.2,274,2.19,10.22,0.02,0,3.13
65,81,3763.1,18,0.21,0.06,0.0,0,0.35
65,82,3427.8,115,0.48,0.39,0.0,0,2.56
65,83,1067.2,130,2.57,7.04,0.014,0,3.06
65,84,722.9,168,1.2,14.04,0.024,0,2.25
65,85,2749.0,10,0.1,0.26,0.0,0,0.37
65,86,1202.6,76,2.44,15.9,0.006,0,7.29
65,87,3278.2,26,0.49,0.11,0.0,0,0.75
65,88,2869.6,3,0.15,0.15,0.0,0,0.27
65,89,1297.1,230,1.69,8.71,0.007,0,3.4
65,90,673.7,291,4.43,23.07,0.041,0,4.9
65,91,1988.0,88,0.33,2.93,0.0,0,1.34
65,92,2318.5,46,0.53,0.63,0.0,0,0.66
65,93,2198.7,30,0.35,0.52,0.0,0,0.55
65,94,3894.5,23,0.07,0.03,0.0,0,0.28
65,95,1324.7,24,0.04,2.04,0.011,0,0.29
65,96,1176.6,166,1.03,9.72,0.014,0,3.79
65,97,1218.0,181,4.21,8.2,0.013,0,8.27
65,98,1746.9,36,0.38,3.2,0.001,0,1.69
65,99,1040.2,147,1.28,9.9,0.018,0,2.8
65,100,2513.8,1,0.0,0.12,0.0,0,0.02
65,101,2066.1,3,0.16,0.89,0.001,0,0.18
65,102,3697.2,20,0.05,0.02,0.0,0,0.39
65,103,225.6,1518,7.09,23.42,0.365,1,17.81
65,104,1601.4,67,0.64,2.84,0.002,0,0.87
65,105,764.6,606,2.53,16.88,0.012,0,6.91
65,106,738.6,3187,25.26,226.41,0.014,1,41.4
65,107,2412.9,53,0.93,1.05,0.0,0,1.15
65,108,699.1,366,1.77,29.63,0.078,0,6.76
65,109,2081.1,110,0.19,0.91,0.0,0,1.13
65,110,979.8,23,0.4,1.38,0.02,0,0.41
65,111,1825.3,98,0.54,4.22,0.002,0,1.03
65,112,1921.1,39,0.34,2.28,0.001,0,1.15
65,113,1056.1,1100,13.56,49.91,0.017,0,24.57
65,114,1298.0,134,1.92,6.09,0.004,0,3.16
65,115,1825.4,151,1.81,5.57,0.001,0,1.86
65,116,1588.8,8,0.4,2.75,0.002,0,0.47
65,117,681.7,48,0.43,9.99,0.033,0,0.89
65,118,1042.1,903,2.82,24.6,0.017,0,10.17
65,119,632.8,2372,45.36,37.69,0.064,0,46.1
65,120,2950.2,56,0.6,0.41,0.0,0,1.22
65,121,1318.1,24,0.1,3.48,0.006,0,0.48
65,122,1665.4,478,0.62,15.01,0.002,0,4.84
65,123,1317.4,4,0.28,1.49,0.011,0,0.37
65,124,803.9,391,1.91,28.4,0.027,0,8.57
65,125,1161.4,829,6.86,52.18,0.001,0,20.3
65,126,1628.3,24,0.18,1.33,0.003,0,0.28
65,127,3675.5,7,0.08,0.03,0.0,0,0.17
65,128,3255.6,34,0.36,0.11,0.0,0,0.58
65,129,740.6,220,0.85,15.43,0.064,0,2.45
65,130,1984.7,23,0.14,0.39,0.0,0,0.26
65,131,3849.6,7,0.38,0.03,0.0,0,0.45
65,132,1406.6,16,0.09,1.35,0.001,0,0.47
65,133,2038.3,119,2.26,2.63,0.0,0,2.64
65,134,1497.4,42,0.23,2.39,0.002,0,0.64
65,135,3929.1,206,2.11,0.14,0.0,0,2.89
65,136,2519.5,9,0.2,0.13,0.0,0,0.25
65,137,1500.5,19,0.46,3.66,0.003,0,1.27
65,138,986.6,302,2.31,25.95,0.035,0,4.26
65,139,714.7,73,1.28,5.81,0.065,0,3.3
65,140,1118.6,423,1.69,13.75,0.013,0,4.68
65,141,1588.4,245,1.97,22.04,0.001,0,4.08
65,142,2453.2,1,0.08,0.12,0.0,0,0.11
65,143,1236.0,105,0.66,6.69,0.011,0,1.26
65,144,1887.6,184,5.61,2.03,0.001,0,7.14
65,145,708.4,767,16.75,55.12,0.031,1,18.03
65,146,1243.1,61,0.65,1.86,0.007,0,0.73
65,147,1242.3,78,0.28,1.84,0.013,0,1.27
65,148,757.9,331,4.44,42.09,0.067,0,8.0
65,149,2305.4,40,0.08,1.67,0.0,0,0.67
65,150,1084.5,36,1.08,17.22,0.013,0,2.13
65,151,627.8,137,3.92,30.18,0.062,0,6.15
65,152,3844.7,3,0.06,0.02,0.0,0,0.11
65,153,409.8,149,5.18,45.68,0.084,1,7.93
65,154,4323.9,24,0.31,0.02,0.0,0,0.31
65,155,2291.9,20,0.09,0.39,0.0,0,0.27
65,156,2046.4,749,6.14,8.06,0.001,0,10.4
65,157,969.2,81,2.35,26.07,0.022,0,2.96
65,158,3145.8,2,0.02,0.04,0.0,0,0.18
65,159,3265.1,5,0.29,0.2,0.0,0,0.33
65,160,1792.8,16,0.08,1.18,0.002,0,0.28
65,161,1694.7,83,1.87,5.7,0.002,0,2.37
65,162,1812.8,45,1.73,8.62,0.002,0,1.93
65,163,3454.6,3,0.05,0.02,0.0,0,0.11
65,164,497.9,1747,9.16,50.82,0.105,1,27.2
65,165,3172.5,78,0.2,0.18,0.0,0,0.81
65,166,3542.5,53,0.6,0.18,0.0,0,1.27
65,167,2628.9,615,2.15,3.39,0.0,0,6.86
65,168,1295.8,57,0.81,4.33,0.006,0,0.92
65,169,1006.8,33,0.35,7.2,0.033,0,0.73
65,170,2466.7,19,0.27,0.44,0.0,0,0.52
65,171,2079.7,15,0.23,0.93,0.001,0,0.37
65,172,1452.3,41,1.95,5.26,0.003,0,2.85
65,173,1652.0,170,0.46,2.78,0.003,0,1.82
65,174,1795.1,308,2.12,2.68,0.0,0,3.7
65,175,405.3,912,2.92,124.8,0.055,8,22.62
65,176,820.2,234,3.17,11.17,0.018,0,3.33
65,177,1029.8,1346,7.9,83.12,0.004,0,17.92
65,178,3053.1,55,0.64,0.14,0.0,0,1.57
65,179,2723.5,268,1.53,5.96,0.0,0,8.81
65,180,2094.3,45,1.76,2.39,0.0,0,2.18
65,181,2153.9,8,0.45,0.49,0.0,0,0.61
65,182,2654.8,7,0.09,0.1,0.0,0,0.12
65,183,2853.1,11,0.24,0.51,0.0,0,0.39
65,184,1930.4,33,0.68,1.41,0.001,0,0.84
65,185,2266.7,81,0.3,1.84,0.0,0,1.2
65,186,1427.4,256,1.43,9.82,0.005,0,2.81
65,187,3540.0,12,0.05,0.05,0.0,0,0.28
65,188,671.2,28,1.18,9.71,0.077,0,1.68
65,189,3298.3,1,0.04,0.02,0.0,0,0.04
65,190,908.4,179,3.89,11.32,0.027,0,5.1
65,191,1558.5,177,3.03,7.36,0.002,0,3.92
65,192,1170.7,202,4.22,11.27,0.011,0,6.53
65,193,565.1,85,1.62,6.41,0.03,0,3.26
65,194,2291.0,138,1.07,0.41,0.0,0,1.53
65,195,3084.0,26,1.21,0.25,0.0,0,1.4
65,196,1115.4,10,0.54,3.58,0.008,0,0.89
65,197,913.2,214,1.61,12.38,0.019,0,3.35
65,198,3884.0,9,0.23,0.03,0.0,0,0.31
65,199,2832.0,3,0.12,0.1,0.0,0,0.34
66,67,3682.0,23,0.18,0.04,0.0,0,0.28
66,68,2119.0,8,0.18,0.41,0.001,0,0.23
66,69,2531.6,5,0.09,0.04,0.0,0,0.12
66,70,4393.1,1,0.04,0.0,0.0,0,0.08
66,71,1563.2,27,0.4,4.69,0.003,0,1.33
66,72,3503.2,3,0.07,0.02,0.0,0,0.09
66,73,2255.6,11,0.23,1.07,0.0,0,0.38
66,74,1400.8,11,0.14,0.16,0.004,0,0.17
66,75,4035.3,8,0.09,0.01,0.0,0,0.15
66,76,4087.1,4,0.03,0.01,0.0,0,0.06
66,77,4079.3,4,0.01,0.0,0.0,0,0.05
66,78,3579.5,5,0.01,0.02,0.0,0,0.06
66,79,460.2,17,0.05,0.98,0.057,0,0.19
66,80,2356.3,6,0.15,0.18,0.0,0,0.25
66,81,2526.7,16,0.18,0.1,0.0,0,0.2
66,82,2384.6,21,0.29,0.66,0.0,0,0.48
66,83,2502.5,25,0.06,0.06,0.0,0,0.29
66,84,2815.8,1,0.04,0.02,0.0,0,0.04
66,85,1435.0,29,0.13,0.63,0.005,0,0.3
66,86,2611.0,2,0.15,0.34,0.0,0,0.26
66,87,3224.1,13,0.1,0.04,0.0,0,0.17
66,88,2313.8,5,0.03,0.18,0.0,0,0.1
66,89,3334.2,14,0.15,0.06,0.0,0,0.28
66,90,1440.0,10,0.29,1.32,0.004,0,0.64
66,91,127.4,803,12.85,57.38,0.213,5,31.5
66,92,2552.7,1,0.02,0.13,0.0,0,0.04
66,93,2897.9,4,0.16,0.04,0.0,0,0.18
66,94,3668.3,5,0.03,0.01,0.0,0,0.06
66,95,1092.4,9,0.07,0.61,0.005,0,0.14
66,96,1421.5,155,1.14,0.77,0.006,0,1.65
66,97,2391.9,12,0.03,0.2,0.0,0,0.17
66,98,2644.1,17,0.17,0.15,0.0,0,0.19
66,99,1156.2,10,0.45,1.14,0.017,0,0.48
66,100,2179.3,0,0.01,0.05,0.0,0,0.02
66,101,450.4,137,1.74,6.44,0.079,0,2.05
66,102,3268.0,1,0.06,0.02,0.0,0,0.08
66,103,1988.8,6,0.01,0.1,0.0,0,0.11
66,104,1635.7,15,0.28,0.34,0.003,0,0.31
66,105,2855.1,2,0.11,0.14,0.0,0,0.12
66,106,1392.3,26,0.57,10.08,0.007,0,1.93
66,107,3912.4,10,0.09,0.01,0.0,0,0.13
66,108,2639.6,1,0.04,0.14,0.0,0,0.08
66,109,2816.9,17,0.2,0.06,0.0,0,0.26
66,110,2981.8,0,0.01,0.02,0.0,0,0.01
66,111,573.9,31,0.32,6.0,0.03,0,0.99
66,112,1458.5,14,0.05,1.03,0.003,0,0.19
66,113,2954.5,116,0.63,0.55,0.0,0,1.34
66,114,2511.1,2,0.11,0.18,0.0,0,0.19
66,115,2219.8,10,0.23,0.6,0.0,0,0.27
66,116,1529.4,13,0.14,1.22,0.003,0,0.15
66,117,1599.9,0,0.05,0.31,0.003,0,0.07
66,118,3090.7,27,0.55,0.2,0.0,0,0.65
66,119,1823.1,5,0.17,1.42,0.0,0,0.29
66,120,3557.1,2,0.06,0.04,0.0,0,0.12
66,121,2286.4,2,0.02,0.09,0.0,0,0.02
66,122,2228.5,37,1.52,1.1,0.0,0,1.79
66,123,1508.4,14,0.13,0.23,0.004,0,0.15
66,124,1657.4,56,0.55,0.76,0.001,0,0.7
66,125,3016.5,10,0.08,0.32,0.0,0,0.36
66,126,1865.9,1,0.06,0.19,0.001,0,0.09
66,127,2721.5,7,0.1,0.04,0.0,0,0.13
66,128,1953.0,35,0.17,0.46,0.0,0,0.66
66,129,1357.4,39,0.06,1.1,0.004,0,0.42
66,130,3824.1,5,0.04,0.0,0.0,0,0.06
66,131,2770.4,7,0.15,0.08,0.0,0,0.15
66,132,2665.9,2,0.03,0.03,0.0,0,0.04
66,133,252.7,244,2.45,18.51,0.22,1,2.61
66,134,832.1,19,0.37,1.34,0.02,0,0.59
66,135,4745.3,16,0.1,0.01,0.0,0,0.19
66,136,3009.9,5,0.03,0.01,0.0,0,0.12
66,137,620.6,69,0.44,4.53,0.044,0,0.86
66,138,1116.2,36,1.53,6.07,0.019,0,1.62
66,139,2805.8,1,0.05,0.02,0.0,0,0.05
66,140,1161.0,12,0.27,1.4,0.004,0,0.52
66,141,3354.9,10,0.07,0.1,0.0,0,0.22
66,142,1275.9,8,0.06,0.26,0.009,0,0.09
66,143,2394.3,10,0.07,0.38,0.0,0,0.23
66,144,2701.3,14,0.02,0.2,0.0,0,0.16
66,145,2803.3,11,0.22,0.32,0.0,0,0.57
66,146,2748.9,2,0.03,0.02,0.0,0,0.03
66,147,1574.2,7,0.11,0.19,0.003,0,0.13
66,148,2773.4,5,0.12,0.08,0.0,0,0.27
66,149,1224.7,21,0.19,3.22,0.014,0,0.46
66,150,1245.6,97,0.12,3.89,0.007,0,1.01
66,151,2700.0,35,0.3,0.12,0.0,0,0.36
66,152,2671.5,6,0.03,0.05,0.0,0,0.08
66,153,1688.0,8,0.11,0.85,0.001,0,0.22
66,154,4674.5,8,0.04,0.0,0.0,0,0.09
66,155,1658.0,9,0.08,0.28,0.002,0,0.11
66,156,2485.0,72,0.46,0.66,0.0,0,0.92
66,157,3040.8,25,0.21,0.06,0.0,0,0.56
66,158,3704.6,1,0.03,0.0,0.0,0,0.03
66,159,2976.3,10,0.04,0.1,0.0,0,0.12
66,160,1691.4,12,0.02,0.37,0.002,0,0.15
66,161,1422.6,25,0.71,2.43,0.006,0,0.83
66,162,337.3,883,3.18,18.21,0.128,1,18.15
66,163,2114.3,8,0.03,0.15,0.001,0,0.11
66,164,1792.5,40,0.54,1.71,0.001,0,0.89
66,165,2898.4,7,0.04,0.11,0.0,0,0.15
66,166,2832.6,20,0.22,0.19,0.0,0,0.37
66,167,4010.7,23,0.05,0.03,0.0,0,0.48
66,168,1112.3,17,0.12,2.07,0.014,0,0.26
66,169,2140.8,2,0.01,0.16,0.001,0,0.07
66,170,1976.9,1,0.02,0.14,0.001,0,0.05
66,171,746.8,30,0.12,2.6,0.04,0,0.62
66,172,1876.1,10,0.09,0.56,0.001,0,0.12
66,173,3622.6,4,0.05,0.02,0.0,0,0.1
66,174,783.8,109,0.38,5.0,0.049,0,1.46
66,175,2384.4,40,0.47,0.5,0.0,0,0.59
66,176,1800.6,35,0.13,0.63,0.001,0,0.46
66,177,3051.9,13,0.45,0.36,0.0,0,0.56
66,178,2305.8,12,0.1,0.15,0.0,0,0.14
66,179,2972.9,102,0.77,0.71,0.0,0,2.06
66,180,1586.2,27,0.07,1.97,0.002,0,0.44
66,181,763.2,6,0.35,1.96,0.057,0,0.64
66,182,3703.5,3,0.01,0.0,0.0,0,0.04
66,183,3790.5,12,0.11,0.03,0.0,0,0.19
66,184,850.2,73,0.33,4.99,0.017,0,0.83
66,185,917.9,185,0.44,3.89,0.037,0,2.27
66,186,2935.1,24,0.33,0.07,0.0,0,0.35
66,187,4267.4,8,0.05,0.0,0.0,0,0.13
66,188,2702.4,1,0.03,0.04,0.0,0,0.03
66,189,3719.7,1,0.01,0.0,0.0,0,0.04
66,190,1259.7,18,0.19,1.32,0.001,0,0.44
66,191,2846.5,75,1.16,0.16,0.0,0,1.2
66,192,3104.9,5,0.07,0.04,0.0,0,0.13
66,193,1929.0,8,0.05,0.11,0.001,0,0.12
66,194,822.0,28,0.3,4.66,0.05,0,0.99
66,195,2304.2,15,0.12,0.36,0.0,0,0.26
66,196,3204.9,2,0.02,0.02,0.0,0,0.07
66,197,1875.2,7,0.07,0.59,0.0,0,0.17
66,198,4307.4,1,0.01,0.0,0.0,0,0.08
66,199,1407.7,6,0.1,0.64,0.007,0,0.14
67,68,2759.2,78,0.71,0.17,0.0,0,0.81
67,69,3030.1,5,0.15,0.08,0.0,0,0.29
67,70,1612.6,97,1.29,3.45,0.003,0,2.03
67,71,2120.7,472,3.88,4.98,0.0,0,5.56
67,72,2562.9,21,0.16,0.31,0.0,0,0.37
67,73,1428.5,329,3.16,9.11,0.003,0,5.87
67,74,3567.5,1,0.01,0.01,0.0,0,0.04
67,75,2509.0,29,0.44,1.2,0.0,0,0.67
67,76,1148.4,13,0.54,7.3,0.013,0,0.77
67,77,3439.4,33,0.06,0.04,0.0,0,0.49
67,78,1693.7,67,0.17,2.01,0.002,0,0.83
67,79,3591.4,1,0.02,0.01,0.0,0,0.03
67,80,3085.9,28,0.16,0.06,0.0,0,0.53
67,81,3786.4,21,0.24,0.06,0.0,0,0.37
67,82,3385.2,17,0.3,0.53,0.0,0,0.77
67,83,3199.2,7,0.05,0.11,0.0,0,0.09
67,84,1966.8,11,0.1,0.57,0.0,0,0.31
67,85,3336.7,9,0.05,0.05,0.0,0,0.11
67,86,1143.1,470,4.05,16.39,0.002,0,7.09
67,87,2246.8,92,0.7,0.62,0.0,0,1.33
67,88,2640.3,90,0.99,0.2,0.0,0,1.29
67,89,2529.2,165,0.3,0.89,0.0,0,2.14
67,90,2532.6,29,0.06,0.46,0.0,0,0.48
67,91,3629.6,75,0.47,0.18,0.0,0,0.81
67,92,1697.7,8,0.3,0.74,0.003,0,0.41
67,93,1132.9,15,0.58,4.36,0.002,0,0.72
67,94,2771.5,25,0.17,0.14,0.0,0,0.36
67,95,3419.7,1,0.01,0.01,0.0,0,0.06
67,96,3383.2,21,0.81,0.07,0.0,0,1.08
67,97,3417.1,6,0.11,0.1,0.0,0,0.21
67,98,1100.0,193,0.54,3.03,0.006,0,2.1
67,99,3085.3,24,0.04,0.1,0.0,0,0.4
67,100,2331.9,5,0.07,0.15,0.0,0,0.16
67,101,3892.6,14,0.16,0.02,0.0,0,0.33
67,102,2873.1,16,0.06,0.15,0.0,0,0.26
67,103,2159.1,8,0.07,0.53,0.0,0,0.33
67,104,2132.0,9,0.08,0.61,0.0,0,0.13
67,105,1936.4,58,0.62,2.82,0.001,0,0.66
67,106,2801.7,74,1.38,1.04,0.0,0,2.29
67,107,258.2,907,8.26,24.12,0.078,1,9.49
67,108,1631.0,30,0.35,3.74,0.002,0,0.66
67,109,1120.7,110,0.9,2.69,0.018,0,2.7
67,110,2541.0,0,0.06,0.05,0.0,0,0.07
67,111,3720.4,2,0.11,0.03,0.0,0,0.18
67,112,2477.5,58,0.47,0.36,0.0,0,1.04
67,113,1340.5,1400,20.69,59.6,0.009,0,21.83
67,114,1183.7,24,0.24,4.7,0.012,0,1.96
67,115,1644.0,50,0.29,1.73,0.002,0,0.88
67,116,3819.0,12,0.04,0.06,0.0,0,0.18
67,117,2244.1,7,0.11,0.23,0.0,0,0.13
67,118,2417.1,54,0.83,2.57,0.0,0,1.66
67,119,2901.4,82,0.4,0.54,0.0,0,1.23
67,120,1334.9,258,2.7,11.83,0.001,0,2.83
67,121,1395.6,14,0.17,1.16,0.002,0,0.24
67,122,1544.0,124,0.94,11.94,0.002,0,1.72
67,123,2179.5,6,0.16,0.13,0.001,0,0.19
67,124,3050.8,21,0.51,0.26,0.0,0,0.65
67,125,1221.4,137,5.28,40.01,0.013,0,7.4
67,126,1913.9,15,0.2,0.57,0.0,0,0.26
67,127,3427.1,5,0.25,0.02,0.0,0,0.28
67,128,3564.0,5,0.07,0.04,0.0,0,0.22
67,129,2660.9,2,0.01,0.12,0.0,0,0.09
67,130,3349.2,1,0.03,0.01,0.0,0,0.05
67,131,3666.8,13,0.2,0.05,0.0,0,0.21
67,132,1027.2,29,0.22,2.57,0.027,0,0.47
67,133,3768.1,14,0.13,0.08,0.0,0,0.48
67,134,3485.8,2,0.04,0.04,0.0,0,0.07
67,135,1807.2,450,0.87,6.49,0.002,0,5.84
67,136,1380.2,13,0.3,2.04,0.004,0,0.73
67,137,3300.3,3,0.12,0.05,0.0,0,0.14
67,138,2891.0,31,0.19,0.38,0.0,0,0.76
67,139,1952.7,2,0.02,0.37,0.001,0,0.09
67,140,2558.5,13,0.2,0.39,0.0,0,0.27
67,141,3229.3,102,1.05,0.3,0.0,0,1.16
67,142,3118.2,2,0.02,0.03,0.0,0,0.04
67,143,3436.3,8,0.1,0.06,0.0,0,0.39
67,144,1111.6,181,1.48,9.15,0.013,0,2.1
67,145,2132.6,133,1.31,1.95,0.0,0,1.5
67,146,3274.3,1,0.03,0.03,0.0,0,0.12
67,147,2108.6,1,0.1,0.31,0.0,0,0.11
67,148,2456.9,103,1.21,0.76,0.0,0,1.27
67,149,3005.7,2,0.03,0.25,0.0,0,0.23
67,150,2469.1,50,0.34,0.49,0.0,0,0.72
67,151,1886.8,38,0.19,2.36,0.001,0,0.84
67,152,3767.3,2,0.05,0.02,0.0,0,0.07
67,153,2488.7,44,0.09,0.59,0.0,0,0.6
67,154,2501.8,59,0.13,0.63,0.0,0,0.6
67,155,2608.4,2,0.04,0.18,0.0,0,0.12
67,156,1506.1,300,4.43,24.61,0.003,0,7.49
67,157,2305.3,42,0.2,0.59,0.0,0,0.47
67,158,1483.0,17,0.29,0.98,0.002,0,0.29
67,159,2501.3,112,0.17,0.93,0.0,0,1.15
67,160,2175.3,11,0.05,0.38,0.0,0,0.13
67,161,2376.1,75,0.95,0.68,0.0,0,1.0
67,162,3346.2,126,1.22,0.16,0.0,0,1.53
67,163,3714.3,5,0.14,0.02,0.0,0,0.16
67,164,2143.3,67,0.3,4.1,0.0,0,1.43
67,165,2446.0,24,0.42,0.8,0.0,0,0.45
67,166,3091.6,35,0.91,0.28,0.0,0,1.17
67,167,358.5,406,19.62,153.7,0.241,8,36.14
67,168,2571.6,36,0.07,0.48,0.0,0,0.41
67,169,3256.0,4,0.02,0.05,0.0,0,0.15
67,170,2484.6,13,0.03,0.32,0.0,0,0.18
67,171,3178.0,5,0.05,0.04,0.0,0,0.16
67,172,3724.2,3,0.11,0.03,0.0,0,0.17
67,173,1292.8,29,0.2,4.54,0.005,0,0.59
67,174,2969.1,20,0.22,0.25,0.0,0,0.31
67,175,1885.9,92,0.79,4.72,0.001,0,0.94
67,176,3090.0,7,0.14,0.14,0.0,0,0.55
67,177,2500.5,79,0.7,2.18,0.0,0,3.81
67,178,2903.2,24,0.13,0.2,0.0,0,0.46
67,179,1706.5,776,2.64,23.8,0.003,0,10.17
67,180,2493.7,41,1.08,0.97,0.0,0,1.24
67,181,3228.0,13,0.13,0.04,0.0,0,0.18
67,182,653.5,58,0.99,8.02,0.069,0,1.34
67,183,887.4,349,1.28,18.42,0.045,0,3.6
67,184,3944.0,20,0.13,0.02,0.0,0,0.22
67,185,4256.5,11,0.07,0.02,0.0,0,0.43
67,186,853.9,58,0.45,17.7,0.043,0,3.75
67,187,1558.7,93,1.7,1.5,0.003,0,2.32
67,188,1763.7,8,0.14,0.68,0.003,0,0.15
67,189,1719.8,1,0.01,0.41,0.002,0,0.05
67,190,2966.7,13,0.17,0.09,0.0,0,0.18
67,191,841.8,119,0.76,29.06,0.007,0,1.69
67,192,1329.2,98,0.41,3.24,0.005,0,1.09
67,193,2838.2,2,0.03,0.03,0.0,0,0.08
67,194,3313.9,9,0.23,0.13,0.0,0,0.47
67,195,2949.1,8,0.36,0.39,0.0,0,0.55
67,196,2202.9,20,0.09,0.3,0.0,0,0.28
67,197,1850.1,12,0.31,2.47,0.002,0,0.89
67,198,2097.4,25,0.38,0.83,0.0,0,0.43
67,199,3474.2,9,0.09,0.02,0.0,0,0.1
68,69,3690.7,2,0.01,0.01,0.0,0,0.02
68,70,2664.0,28,0.24,0.35,0.0,0,0.45
68,71,1664.2,355,1.88,8.8,0.003,0,3.8
68,72,1408.4,15,0.39,2.04,0.007,0,0.58
68,73,1858.8,32,0.31,2.77,0.001,0,0.86
68,74,3130.8,1,0.02,0.01,0.0,0,0.04
68,75,1973.9,5,0.08,1.33,0.001,0,0.22
68,76,2532.0,6,0.2,0.28,0.0,0,0.23
68,77,4990.6,7,0.02,0.0,0.0,0,0.11
68,78,3693.9,4,0.01,0.03,0.0,0,0.07
68,79,2411.2,3,0.04,0.03,0.0,0,0.05
68,80,3588.9,2,0.05,0.02,0.0,0,0.08
68,81,1068.8,90,1.03,9.41,0.026,0,2.08
68,82,673.6,358,7.89,20.03,0.087,0,9.4
68,83,3764.5,1,0.05,0.01,0.0,0,0.07
68,84,3254.1,1,0.02,0.02,0.0,0,0.03
68,85,845.9,62,0.42,2.43,0.023,0,0.93
68,86,2263.9,137,0.83,0.8,0.0,0,2.16
68,87,1198.3,11,0.17,5.52,0.006,0,0.33
68,88,215.8,457,3.11,10.96,0.118,0,6.15
68,89,4001.1,1,0.13,0.02,0.0,0,0.14
68,90,2323.6,10,0.1,0.35,0.0,0,0.12
68,91,2174.5,24,0.17,1.15,0.001,0,0.52
68,92,1064.5,26,0.34,2.61,0.021,0,0.8
68,93,1630.5,47,0.44,0.78,0.0,0,0.67
68,94,1555.1,3,0.05,0.78,0.005,0,0.11
68,95,2796.9,1,0.0,0.03,0.0,0,0.03
68,96,3036.2,22,0.17,0.06,0.0,0,0.35
68,97,3800.8,5,0.09,0.03,0.0,0,0.22
68,98,1760.4,39,0.23,1.33,0.002,0,0.39
68,99,2592.5,25,0.18,0.22,0.0,0,0.39
68,100,430.0,30,0.44,2.28,0.196,0,0.5
68,101,2555.9,7,0.14,0.06,0.0,0,0.16
68,102,1150.2,19,0.07,1.81,0.01,0,0.47
68,103,2586.2,2,0.07,0.12,0.0,0,0.11
68,104,1208.4,21,0.2,2.47,0.002,0,0.3
68,105,3267.8,23,0.13,0.05,0.0,0,0.55
68,106,2562.5,83,0.59,0.5,0.0,0,1.53
68,107,3014.7,16,0.16,0.09,0.0,0,0.27
68,108,2838.6,10,0.16,0.12,0.0,0,0.48
68,109,1639.8,18,0.16,1.22,0.0,0,0.51
68,110,3747.6,0,0.0,0.0,0.0,0,0.0
68,111,2580.5,40,0.28,0.23,0.0,0,0.42
68,112,926.5,123,0.2,4.62,0.035,0,1.3
68,113,2940.7,88,3.04,0.78,0.0,0,3.15
68,114,2054.6,6,0.08,0.5,0.001,0,0.13
68,115,1243.5,66,0.1,4.92,0.01,0,0.77
68,116,3360.7,4,0.11,0.04,0.0,0,0.11
68,117,2150.2,24,0.09,0.1,0.0,0,0.33
68,118,3757.1,14,0.14,0.07,0.0,0,0.5
68,119,3041.5,24,0.03,0.15,0.0,0,0.25
68,120,1905.4,62,0.35,1.74,0.001,0,0.86
68,121,1813.1,9,0.18,0.22,0.001,0,0.18
68,122,1417.5,236,1.87,6.36,0.003,0,3.11
68,123,1495.8,8,0.11,0.49,0.002,0,0.15
68,124,3006.4,12,0.03,0.19,0.0,0,0.2
68,125,2915.0,40,0.09,0.71,0.0,0,0.42
68,126,1231.5,10,0.08,1.12,0.014,0,0.13
68,127,869.0,122,0.78,3.05,0.053,0,1.38
68,128,823.8,56,1.16,5.71,0.035,0,1.34
68,129,2375.2,7,0.06,0.16,0.0,0,0.13
68,130,4777.7,4,0.02,0.0,0.0,0,0.05
68,131,1062.1,64,0.54,6.27,0.018,0,0.75
68,132,2127.9,4,0.04,0.17,0.0,0,0.06
68,133,2354.7,16,0.79,0.38,0.0,0,0.79
68,134,2632.8,7,0.08,0.07,0.0,0,0.08
68,135,3007.2,29,0.6,0.27,0.0,0,1.06
68,136,1475.2,8,0.15,0.84,0.006,0,0.25
68,137,2286.1,22,0.26,0.26,0.0,0,0.29
68,138,2357.8,15,0.05,0.36,0.0,0,0.19
68,139,3235.8,2,0.07,0.01,0.0,0,0.07
68,140,1863.4,14,0.07,0.8,0.001,0,0.3
68,141,4397.2,12,0.41,0.01,0.0,0,0.64
68,142,859.7,11,0.23,1.58,0.046,0,0.3
68,143,3812.9,8,0.08,0.02,0.0,0,0.11
68,144,1687.7,83,0.59,1.46,0.0,0,1.2
68,145,3353.4,3,0.14,0.09,0.0,0,0.2
68,146,3988.0,1,0.01,0.0,0.0,0,0.02
68,147,1566.8,7,0.04,0.3,0.0,0,0.08
68,148,3535.1,34,0.15,0.03,0.0,0,0.37
68,149,894.3,156,0.86,11.8,0.03,0,2.14
68,150,1841.1,97,0.25,0.73,0.0,0,1.3
68,151,3094.3,6,0.05,0.05,0.0,0,0.37
68,152,1097.6,21,0.14,3.75,0.014,0,0.34
68,153,2572.3,5,0.06,0.22,0.0,0,0.26
68,154,2675.0,10,0.13,0.12,0.0,0,0.26
68,155,555.4,212,2.56,3.84,0.11,0,2.63
68,156,1270.7,228,1.52,20.06,0.009,0,4.42
68,157,3652.4,24,0.07,0.05,0.0,0,0.26
68,158,1972.9,2,0.03,0.22,0.001,0,0.03
68,159,885.0,124,0.79,12.38,0.019,0,2.87
68,160,1018.6,22,0.36,2.32,0.001,0,0.54
68,161,1141.2,13,0.34,5.65,0.01,0,1.22
68,162,1942.8,68,0.98,1.18,0.0,0,1.29
68,163,957.2,4,0.42,3.42,0.004,0,0.45
68,164,2311.7,24,0.2,0.54,0.0,0,0.33
68,165,821.7,68,1.42,11.97,0.035,0,3.47
68,166,778.1,136,0.76,15.21,0.043,0,2.67
68,167,2950.1,91,0.14,0.7,0.0,0,0.97
68,168,1678.5,7,0.21,0.68,0.002,0,0.37
68,169,3521.9,9,0.02,0.02,0.0,0,0.11
68,170,352.4,94,1.25,5.95,0.036,0,1.68
68,171,1378.1,6,0.19,0.67,0.006,0,0.37
68,172,3575.2,15,0.23,0.02,0.0,0,0.27
68,173,3487.6,12,0.05,0.06,0.0,0,0.17
68,174,1465.5,35,0.44,1.89,0.005,0,0.49
68,175,2778.2,16,0.08,0.35,0.0,0,0.23
68,176,3151.6,5,0.1,0.09,0.0,0,0.15
68,177,3776.9,5,0.09,0.05,0.0,0,0.49
68,178,245.6,118,0.97,14.53,0.183,0,3.17
68,179,1237.6,665,6.11,36.61,0.007,0,11.95
68,180,737.5,230,1.54,19.18,0.003,0,3.14
68,181,1355.8,6,0.07,0.92,0.006,0,0.07
68,182,2400.4,10,0.18,0.06,0.0,0,0.2
68,183,2354.2,6,0.07,0.53,0.0,0,0.2
68,184,2895.9,4,0.14,0.08,0.0,0,0.16
68,185,3032.7,30,0.11,0.14,0.0,0,0.45
68,186,2470.8,20,0.19,0.29,0.0,0,0.58
68,187,2541.2,25,0.13,0.18,0.0,0,0.28
68,188,3006.4,11,0.07,0.03,0.0,0,0.12
68,189,1884.2,2,0.09,0.1,0.001,0,0.09
68,190,2584.7,9,0.05,0.13,0.0,0,0.1
68,191,2208.2,32,0.17,1.19,0.0,0,0.4
68,192,3079.7,25,0.53,0.07,0.0,0,0.55
68,193,3087.4,8,0.01,0.02,0.0,0,0.09
68,194,1312.1,32,0.48,2.05,0.005,0,0.74
68,195,275.2,672,3.62,25.96,0.287,0,9.62
68,196,3716.8,1,0.01,0.01,0.0,0,0.05
68,197,1935.5,16,0.06,0.77,0.0,0,0.29
68,198,2378.5,27,0.13,0.33,0.0,0,0.41
68,199,968.2,9,0.18,1.56,0.018,0,0.52
69,70,4508.6,4,0.06,0.0,0.0,0,0.1
69,71,2036.3,53,0.52,1.28,0.001,0,0.87
69,72,4604.6,1,0.01,0.0,0.0,0,0.03
69,73,2179.5,67,0.61,0.84,0.0,0,0.77
69,74,1286.1,0,0.01,0.12,0.006,0,0.01
69,75,4905.0,9,0.09,0.0,0.0,0,0.12
69,76,4048.9,1,0.02,0.0,0.0,0,0.05
69,77,1549.2,11,0.08,0.32,0.002,0,0.13
69,78,1757.8,13,0.2,0.38,0.002,0,0.21
69,79,2101.6,0,0.01,0.02,0.0,0,0.01
69,80,189.3,164,2.09,3.43,0.199,0,2.21
69,81,4583.4,0,0.02,0.0,0.0,0,0.04
69,82,4276.4,8,0.09,0.01,0.0,0,0.1
69,83,176.5,615,3.91,4.32,0.321,0,6.66
69,84,1088.0,7,0.15,0.46,0.012,0,0.16
69,85,3507.0,1,0.02,0.0,0.0,0,0.09
69,86,2078.1,52,0.12,0.61,0.0,0,0.58
69,87,4219.5,2,0.02,0.0,0.0,0,0.03
69,88,3771.1,1,0.02,0.0,0.0,0,0.06
69,89,1011.9,69,0.61,1.6,0.012,0,0.73
69,90,1386.0,28,0.16,0.82,0.009,0,0.32
69,91,2405.6,7,0.12,0.24,0.0,0,0.3
69,92,3259.9,2,0.03,0.01,0.0,0,0.05
69,93,3123.6,12,0.13,0.01,0.0,0,0.13
69,94,4835.0,1,0.01,0.0,0.0,0,0.02
69,95,1480.1,0,0.02,0.16,0.002,0,0.04
69,96,1170.7,13,0.16,1.02,0.01,0,0.21
69,97,435.5,166,0.92,7.78,0.046,0,2.5
69,98,2669.5,6,0.05,0.07,0.0,0,0.1
69,99,1382.9,21,0.12,0.51,0.008,0,0.31
69,100,3426.7,0,0.01,0.0,0.0,0,0.01
69,101,2327.9,4,0.07,0.1,0.0,0,0.13
69,102,4627.5,0,0.01,0.0,0.0,0,0.02
69,103,1161.4,3,0.11,0.49,0.014,0,0.12
69,104,2498.6,9,0.1,0.1,0.0,0,0.11
69,105,1126.8,54,0.67,2.13,0.006,0,0.73
69,106,1224.1,189,0.25,5.53,0.01,0,2.25
69,107,3117.1,17,0.1,0.02,0.0,0,0.2
69,108,1408.5,19,0.18,1.04,0.007,0,0.26
69,109,3006.4,1,0.01,0.03,0.0,0,0.06
69,110,695.2,1,0.05,0.5,0.039,0,0.1
69,111,2075.4,8,0.05,0.15,0.001,0,0.24
69,112,2774.9,1,0.05,0.08,0.0,0,0.16
69,113,1695.1,330,0.57,3.09,0.003,0,3.72
69,114,2206.4,3,0.03,0.13,0.0,0,0.06
69,115,2765.8,4,0.05,0.05,0.0,0,0.07
69,116,1376.2,6,0.06,0.83,0.009,0,0.16
69,117,1543.3,3,0.03,0.16,0.004,0,0.04
69,118,866.8,17,0.16,5.73,0.044,0,0.83
69,119,726.1,19,0.21,7.1,0.039,0,0.64
69,120,3862.2,2,0.07,0.01,0.0,0,0.1
69,121,2254.2,0,0.02,0.1,0.0,0,0.06
69,122,2607.0,28,0.13,0.24,0.0,0,0.31
69,123,2198.4,0,0.01,0.05,0.0,0,0.02
69,124,874.2,16,0.18,3.34,0.021,0,0.79
69,125,1815.1,48,1.38,2.95,0.001,0,1.56
69,126,2552.3,0,0.02,0.02,0.0,0,0.02
69,127,4546.6,0,0.01,0.0,0.0,0,0.01
69,128,4043.3,7,0.01,0.0,0.0,0,0.09
69,129,1368.5,8,0.04,0.46,0.009,0,0.1
69,130,1293.1,2,0.02,0.27,0.005,0,0.05
69,131,4703.6,1,0.03,0.0,0.0,0,0.04
69,132,2295.3,3,0.02,0.03,0.0,0,0.05
69,133,2383.2,3,0.15,0.26,0.0,0,0.27
69,134,1736.1,1,0.03,0.13,0.002,0,0.08
69,135,4776.4,10,0.09,0.01,0.0,0,0.16
69,136,3452.6,1,0.01,0.01,0.0,0,0.02
69,137,1918.8,8,0.04,0.15,0.001,0,0.09
69,138,1503.2,16,0.1,1.45,0.001,0,0.23
69,139,1098.4,6,0.01,0.85,0.005,0,0.11
69,140,1872.4,15,0.04,0.64,0.002,0,0.17
69,141,823.5,83,0.43,8.23,0.032,0,1.18
69,142,3220.1,0,0.01,0.0,0.0,0,0.03
69,143,453.6,97,0.63,4.76,0.12,0,1.69
69,144,2812.7,5,0.02,0.05,0.0,0,0.06
69,145,933.0,18,1.48,2.35,0.015,0,1.49
69,146,303.0,14,0.62,2.05,0.152,0,0.88
69,147,2135.7,1,0.03,0.03,0.0,0,0.04
69,148,630.9,49,0.41,9.46,0.034,0,0.54
69,149,3079.4,3,0.03,0.04,0.0,0,0.06
69,150,1871.6,4,0.01,0.2,0.001,0,0.09
69,151,1144.7,13,0.06,2.72,0.017,0,0.22
69,152,4680.5,0,0.01,0.0,0.0,0,0.02
69,153,1120.1,35,0.33,1.15,0.006,0,0.54
69,154,5237.4,4,0.07,0.0,0.0,0,0.09
69,155,3152.3,0,0.01,0.01,0.0,0,0.02
69,156,2987.8,8,0.21,0.15,0.0,0,0.26
69,157,911.3,19,0.25,3.78,0.026,0,0.35
69,158,4058.4,0,0.02,0.0,0.0,0,0.02
69,159,4198.5,7,0.02,0.0,0.0,0,0.08
69,160,2690.4,0,0.01,0.02,0.0,0,0.02
69,161,2552.7,4,0.12,0.18,0.0,0,0.12
69,162,2334.6,9,0.25,0.43,0.0,0,0.27
69,163,4240.9,0,0.03,0.0,0.0,0,0.03
69,164,1405.5,21,0.85,2.11,0.006,0,0.96
69,165,4105.5,2,0.04,0.0,0.0,0,0.05
69,166,4444.4,0,0.06,0.01,0.0,0,0.06
69,167,3368.4,8,0.39,0.09,0.0,0,0.69
69,168,2064.8,20,0.11,0.12,0.0,0,0.21
69,169,470.7,6,0.45,2.87,0.145,0,0.49
69,170,3359.5,2,0.0,0.01,0.0,0,0.04
69,171,2756.5,3,0.01,0.02,0.0,0,0.05
69,172,1038.2,21,0.03,1.33,0.01,0,0.24
69,173,2069.8,8,0.02,0.29,0.001,0,0.12
69,174,2492.2,2,0.03,0.17,0.0,0,0.06
69,175,1204.5,41,0.55,1.6,0.005,0,0.61
69,176,733.6,53,0.4,2.77,0.023,0,0.63
69,177,778.5,109,0.64,11.96,0.027,0,2.51
69,178,3936.3,1,0.02,0.01,0.0,0,0.04
69,179,3664.1,10,0.56,0.08,0.0,0,1.02
69,180,2958.6,2,0.17,0.09,0.0,0,0.22
69,181,2828.4,0,0.01,0.02,0.0,0,0.04
69,182,3500.1,0,0.0,0.0,0.0,0,0.01
69,183,3714.2,4,0.03,0.02,0.0,0,0.08
69,184,2030.1,3,0.04,0.16,0.001,0,0.1
69,185,2332.1,8,0.07,0.25,0.0,0,0.2
69,186,2238.1,9,0.04,0.35,0.0,0,0.28
69,187,4416.9,2,0.02,0.0,0.0,0,0.05
69,188,1266.4,4,0.06,0.44,0.005,0,0.11
69,189,4221.7,0,0.01,0.0,0.0,0,0.01
69,190,1300.4,13,0.05,0.4,0.009,0,0.19
69,191,2424.8,11,0.02,0.17,0.0,0,0.13
69,192,1740.0,10,0.14,0.5,0.001,0,0.14
69,193,639.7,3,0.08,1.07,0.066,0,0.14
69,194,2964.7,4,0.03,0.04,0.0,0,0.05
69,195,3963.7,2,0.12,0.01,0.0,0,0.14
69,196,1105.7,3,0.08,0.4,0.009,0,0.19
69,197,1848.8,12,0.2,0.23,0.001,0,0.34
69,198,4796.6,1,0.01,0.0,0.0,0,0.02
69,199,3567.2,1,0.02,0.0,0.0,0,0.02
70,71,3027.7,140,1.48,0.36,0.0,0,1.51
70,72,1646.3,3,0.04,0.79,0.003,0,0.27
70,73,2473.8,91,1.92,0.67,0.0,0,2.64
70,74,4751.8,1,0.01,0.0,0.0,0,0.01
70,75,1255.6,76,2.69,5.69,0.01,0,3.23
70,76,470.5,138,0.54,11.74,0.074,0,1.65
70,77,5051.9,6,0.07,0.0,0.0,0,0.08
70,78,3306.1,10,0.07,0.03,0.0,0,0.27
70,79,4473.9,0,0.01,0.0,0.0,0,0.01
70,80,4528.3,5,0.01,0.0,0.0,0,0.06
70,81,3395.3,8,0.04,0.05,0.0,0,0.2
70,82,3058.3,29,0.19,0.34,0.0,0,0.45
70,83,4665.4,2,0.06,0.0,0.0,0,0.06
70,84,3506.9,2,0.02,0.01,0.0,0,0.05
70,85,3480.9,2,0.02,0.01,0.0,0,0.03
70,86,2440.4,60,0.43,1.0,0.0,0,0.91
70,87,1564.6,18,0.34,1.93,0.002,0,0.41
70,88,2461.3,5,0.02,0.14,0.0,0,0.16
70,89,4127.5,38,0.42,0.01,0.0,0,0.54
70,90,3667.2,1,0.02,0.02,0.0,0,0.05
70,91,4388.2,23,0.28,0.01,0.0,0,0.29
70,92,1846.3,10,0.06,0.46,0.001,0,0.16
70,93,1553.2,3,0.2,0.78,0.004,0,0.28
70,94,1752.0,5,0.17,0.76,0.001,0,0.47
70,95,4518.5,4,0.04,0.0,0.0,0,0.05
70,96,4582.7,10,0.12,0.0,0.0,0,0.16
70,97,4850.8,24,0.07,0.0,0.0,0,0.24
70,98,1948.2,15,0.65,1.08,0.001,0,0.94
70,99,4195.4,3,0.03,0.01,0.0,0,0.05
70,100,2358.3,8,0.06,0.07,0.0,0,0.12
70,101,4732.5,3,0.05,0.0,0.0,0,0.07
70,102,2087.9,5,0.27,0.3,0.001,0,0.36
70,103,3468.2,1,0.01,0.02,0.0,0,0.04
70,104,2779.9,7,0.07,0.21,0.0,0,0.18
70,105,3483.3,21,0.17,0.07,0.0,0,0.29
70,106,3970.3,38,0.12,0.09,0.0,0,0.49
70,107,1680.2,36,0.47,2.28,0.002,0,0.55
70,108,3109.6,7,0.04,0.1,0.0,0,0.2
70,109,1659.2,15,0.25,0.96,0.003,0,0.62
70,110,4103.8,0,0.0,0.0,0.0,0,0.01
70,111,4634.1,6,0.08,0.0,0.0,0,0.09
70,112,2944.9,4,0.02,0.06,0.0,0,0.06
70,113,2885.1,165,1.24,0.75,0.0,0,2.69
70,114,2349.2,7,0.58,0.26,0.0,0,0.7
70,115,2200.0,6,0.17,0.56,0.001,0,0.57
70,116,5016.8,2,0.03,0.0,0.0,0,0.07
70,117,3362.8,4,0.06,0.01,0.0,0,0.07
70,118,3995.3,51,0.13,0.05,0.0,0,0.57
70,119,4218.7,26,0.12,0.01,0.0,0,0.61
70,120,836.1,176,0.58,10.35,0.034,0,2.7
70,121,2405.6,2,0.03,0.09,0.0,0,0.04
70,122,2244.8,41,0.19,1.03,0.0,0,0.55
70,123,2990.9,2,0.05,0.02,0.0,0,0.07
70,124,4322.5,10,0.12,0.01,0.0,0,0.14
70,125,2772.9,57,0.12,1.04,0.0,0,1.05
70,126,2560.5,6,0.02,0.1,0.0,0,0.07
70,127,2929.7,5,0.02,0.09,0.0,0,0.08
70,128,3442.4,7,0.15,0.03,0.0,0,0.16
70,129,3788.3,5,0.04,0.01,0.0,0,0.07
70,130,4957.8,1,0.02,0.0,0.0,0,0.04
70,131,3152.3,12,0.36,0.08,0.0,0,0.62
70,132,2233.0,4,0.02,0.18,0.0,0,0.16
70,133,4560.5,2,0.04,0.0,0.0,0,0.04
70,134,4498.6,2,0.04,0.0,0.0,0,0.04
70,135,354.3,3747,15.27,79.22,0.15,2,44.29
70,136,1383.4,6,0.09,1.19,0.002,0,0.33
70,137,4222.0,1,0.02,0.0,0.0,0,0.04
70,138,3956.7,3,0.05,0.03,0.0,0,0.12
70,139,3490.6,1,0.01,0.01,0.0,0,0.02
70,140,3488.5,21,0.22,0.02,0.0,0,0.26
70,141,4812.2,24,0.16,0.01,0.0,0,0.31
70,142,3387.1,2,0.02,0.0,0.0,0,0.03
70,143,4869.4,8,0.03,0.0,0.0,0,0.13
70,144,1830.4,8,0.22,0.86,0.002,0,0.64
70,145,3672.3,7,0.03,0.06,0.0,0,0.18
70,146,4779.6,0,0.0,0.0,0.0,0,0.02
70,147,2965.2,4,0.06,0.01,0.0,0,0.12
70,148,3990.5,10,0.03,0.02,0.0,0,0.18
70,149,3338.2,12,0.1,0.06,0.0,0,0.16
70,150,3407.1,17,0.26,0.08,0.0,0,0.28
70,151,3400.2,11,0.07,0.06,0.0,0,0.18
70,152,3306.1,12,0.13,0.02,0.0,0,0.13
70,153,3729.6,2,0.04,0.02,0.0,0,0.08
70,154,932.5,35,1.16,7.13,0.01,0,1.21
70,155,2851.1,13,0.07,0.06,0.0,0,0.2
70,156,1921.4,810,4.18,6.6,0.001,0,11.33
70,157,3879.3,6,0.08,0.04,0.0,0,0.14
70,158,705.3,28,0.62,1.72,0.062,0,0.64
70,159,1935.3,9,0.09,0.87,0.0,0,0.42
70,160,2702.5,8,0.02,0.05,0.0,0,0.1
70,161,2973.7,77,0.85,0.17,0.0,0,0.87
70,162,4096.0,19,0.05,0.01,0.0,0,0.31
70,163,3515.8,1,0.02,0.01,0.0,0,0.05
70,164,3348.1,51,0.3,0.13,0.0,0,0.6
70,165,1943.5,64,0.8,3.04,0.001,0,0.94
70,166,2542.9,46,0.07,0.5,0.0,0,0.51
70,167,1402.1,515,5.84,9.62,0.007,0,6.42
70,168,3412.7,6,0.09,0.02,0.0,0,0.14
70,169,4645.4,2,0.05,0.0,0.0,0,0.06
70,170,2576.6,14,0.1,0.11,0.0,0,0.15
70,171,3706.3,1,0.0,0.01,0.0,0,0.03
70,172,5021.4,2,0.07,0.0,0.0,0,0.09
70,173,2902.6,12,0.07,0.12,0.0,0,0.24
70,174,3609.3,1,0.1,0.03,0.0,0,0.13
70,175,3307.7,21,0.04,0.1,0.0,0,0.39
70,176,4401.4,7,0.08,0.0,0.0,0,0.09
70,177,4072.8,37,0.56,0.04,0.0,0,0.71
70,178,2668.0,2,0.17,0.11,0.0,0,0.21
70,179,1467.7,728,5.32,20.37,0.002,0,7.69
70,180,2850.3,20,0.16,0.31,0.0,0,0.22
70,181,3726.1,0,0.0,0.01,0.0,0,0.04
70,182,1018.8,21,0.04,0.95,0.018,0,0.24
70,183,794.9,248,1.03,8.32,0.038,0,2.55
70,184,4918.1,1,0.04,0.0,0.0,0,0.05
70,185,5176.9,9,0.07,0.0,0.0,0,0.12
70,186,2277.4,19,0.42,0.46,0.0,0,0.42
70,187,126.8,827,1.72,24.98,0.228,1,13.62
70,188,3271.6,2,0.05,0.02,0.0,0,0.07
70,189,788.8,16,0.39,0.97,0.052,0,0.5
70,190,4104.1,3,0.02,0.0,0.0,0,0.05
70,191,2087.2,47,0.28,0.48,0.0,0,0.74
70,192,2906.1,15,0.39,0.19,0.0,0,0.91
70,193,4183.9,2,0.04,0.0,0.0,0,0.04
70,194,3754.1,35,0.06,0.03,0.0,0,0.36
70,195,2706.8,19,0.18,0.23,0.0,0,0.4
70,196,3795.7,0,0.01,0.01,0.0,0,0.03
70,197,2925.6,17,0.02,0.13,0.0,0,0.17
70,198,628.0,42,0.89,11.68,0.087,0,1.93
70,199,3614.2,0,0.02,0.01,0.0,0,0.03
71,72,2642.8,34,0.29,0.38,0.0,0,0.36
71,73,692.6,2215,14.95,130.77,0.063,2,53.49
71,74,1763.2,12,0.2,0.33,0.002,0,0.21
71,75,3035.3,117,1.01,0.58,0.0,0,1.26
71,76,2653.8,35,0.54,0.33,0.0,0,1.99
71,77,3346.0,6,0.01,0.09,0.0,0,0.11
71,78,2272.0,17,0.75,1.05,0.0,0,1.03
71,79,1495.9,13,0.26,1.09,0.003,0,0.27
71,80,1949.0,49,0.62,2.44,0.001,0,0.82
71,81,2628.5,94,0.16,0.93,0.0,0,1.22
71,82,2284.3,186,1.36,8.51,0.0,0,2.33
71,83,2123.4,43,0.13,0.73,0.0,0,0.56
71,84,1667.0,22,0.46,1.9,0.003,0,0.69
71,85,1675.5,124,0.26,1.2,0.002,0,1.56
71,86,1064.8,131,1.5,38.0,0.01,0,6.75
71,87,2272.8,79,0.71,2.13,0.0,0,0.9
71,88,1735.1,23,0.14,2.17,0.002,0,0.57
71,89,2382.2,73,0.27,1.53,0.0,0,1.12
71,90,731.2,67,0.87,15.27,0.036,0,4.92
71,91,1509.0,990,4.88,10.0,0.005,0,14.61
71,92,1350.2,21,0.93,6.37,0.006,0,1.34
71,93,1474.6,54,1.0,3.96,0.004,0,1.82
71,94,2863.4,19,0.06,0.2,0.0,0,0.59
71,95,1498.8,20,0.13,1.31,0.005,0,0.47
71,96,1612.7,50,0.13,8.02,0.002,0,0.84
71,97,2192.9,293,1.8,1.4,0.0,0,3.44
71,98,1127.4,68,0.86,9.95,0.008,0,2.12
71,99,1189.0,22,1.17,10.26,0.017,0,2.11
71,100,1393.0,25,0.29,1.95,0.007,0,0.33
71,101,1786.8,106,0.25,2.79,0.002,0,1.12
71,102,2609.9,4,0.23,0.52,0.0,0,0.44
71,103,925.4,21,1.2,5.92,0.022,0,1.91
71,104,462.3,861,3.71,43.81,0.086,0,9.56
71,105,1690.2,39,0.71,5.58,0.002,0,1.09
71,106,1024.6,196,13.63,68.89,0.015,0,18.86
71,107,2349.2,36,0.46,1.9,0.0,0,0.58
71,108,1317.4,54,0.5,9.99,0.007,0,1.06
71,109,1371.1,223,1.72,4.91,0.005,0,2.44
71,110,2102.2,7,0.02,0.27,0.0,0,0.1
71,111,1641.2,76,0.46,4.19,0.002,0,0.88
71,112,784.3,154,2.46,11.72,0.056,0,6.2
71,113,1544.9,327,5.77,45.4,0.003,0,15.84
71,114,948.7,365,1.73,14.7,0.032,0,4.94
71,115,869.4,142,0.8,28.0,0.045,0,5.31
71,116,2026.6,27,0.77,1.22,0.001,0,1.52
71,117,494.3,25,1.34,10.6,0.059,0,2.51
71,118,2130.6,168,3.91,6.65,0.0,0,4.81
71,119,1435.7,144,3.32,9.47,0.001,0,3.88
71,120,2222.0,95,1.15,3.5,0.0,0,1.42
71,121,727.3,80,1.11,12.55,0.042,0,2.87
71,122,785.3,2841,27.9,100.92,0.004,0,32.8
71,123,174.1,192,1.77,12.36,0.338,0,7.96
71,124,1452.3,61,2.4,10.43,0.005,0,3.65
71,125,1573.3,2397,5.19,32.61,0.004,0,28.79
71,126,555.0,201,1.63,24.2,0.046,0,2.53
71,127,2529.8,137,0.52,0.46,0.0,0,1.58
71,128,2144.5,55,0.28,1.46,0.0,0,0.68
71,129,825.4,129,0.7,12.32,0.016,0,3.13
71,130,3124.7,4,0.05,0.06,0.0,0,0.19
71,131,2704.5,18,0.13,0.68,0.0,0,0.23
71,132,1103.0,40,1.84,3.56,0.014,0,2.68
71,133,1650.8,211,0.42,5.76,0.003,0,2.84
71,134,1472.4,48,0.44,2.91,0.004,0,0.49
71,135,3364.4,271,1.33,0.81,0.0,0,2.9
71,136,1697.0,82,0.91,1.11,0.001,0,1.88
71,137,1218.5,160,0.79,5.32,0.007,0,1.82
71,138,940.5,802,4.33,37.44,0.016,0,13.64
71,139,1650.4,28,0.21,1.27,0.001,0,0.38
71,140,466.2,1432,13.83,65.27,0.164,0,21.96
71,141,2734.1,109,2.2,0.98,0.0,0,2.44
71,142,1382.5,65,0.36,1.4,0.009,0,0.66
71,143,2207.1,18,0.29,0.96,0.0,0,0.44
71,144,1215.7,144,1.36,13.29,0.011,0,2.22
71,145,1738.5,115,1.81,10.77,0.002,0,3.39
71,146,2336.9,19,0.03,0.22,0.0,0,0.22
71,147,99.6,285,3.06,29.86,0.381,1,14.46
71,148,1884.8,125,2.15,4.97,0.001,0,3.38
71,149,1234.2,195,0.86,7.98,0.007,0,3.52
71,150,381.0,2206,23.01,78.62,0.048,2,25.63
71,151,1512.2,194,0.57,5.56,0.003,0,2.58
71,152,2703.8,14,0.09,0.2,0.0,0,0.16
71,153,932.2,183,3.78,19.36,0.028,0,4.39
71,154,3522.9,76,0.73,0.1,0.0,0,0.81
71,155,1148.4,76,1.14,5.01,0.006,0,1.27
71,156,1147.3,1711,43.83,85.68,0.006,0,47.03
71,157,2034.9,77,0.72,3.71,0.001,0,2.0
71,158,2401.2,49,0.21,0.44,0.0,0,0.55
71,159,2192.6,47,0.42,2.17,0.0,0,0.67
71,160,654.2,99,1.48,11.18,0.106,0,1.78
71,161,559.8,756,13.15,73.47,0.066,2,13.84
71,162,1226.5,293,1.68,22.64,0.01,0,8.59
71,163,2341.8,35,0.64,0.37,0.0,0,0.66
71,164,648.1,595,1.54,64.92,0.061,0,9.67
71,165,2099.2,153,1.62,2.39,0.0,0,2.25
71,166,2408.7,105,1.52,1.37,0.0,0,1.62
71,167,2454.9,318,3.85,4.46,0.0,0,3.97
71,168,451.2,523,7.1,34.84,0.037,0,21.06
71,169,1923.3,30,0.21,1.09,0.001,0,0.53
71,170,1325.7,84,0.65,2.4,0.0,0,1.39
71,171,1169.4,17,0.07,2.33,0.009,0,0.49
71,172,2115.5,113,1.03,1.21,0.0,0,1.36
71,173,2201.7,37,0.71,2.21,0.0,0,0.91
71,174,907.7,75,3.26,24.79,0.009,0,3.83
71,175,1173.0,237,2.44,12.99,0.011,0,8.39
71,176,1578.0,62,0.1,5.01,0.001,0,0.84
71,177,2139.2,49,1.07,5.34,0.0,0,1.67
71,178,1909.0,19,1.59,2.08,0.002,0,1.87
71,179,1798.4,138,6.09,33.9,0.001,0,11.73
71,180,950.5,229,6.31,30.59,0.009,0,6.63
71,181,1235.8,23,0.11,2.77,0.01,0,0.34
71,182,2205.1,6,0.11,0.45,0.0,0,0.46
71,183,2330.2,54,0.38,2.53,0.0,0,2.66
71,184,1904.3,52,1.24,1.49,0.001,0,1.36
71,185,2188.0,86,0.42,3.14,0.001,0,2.23
71,186,1385.7,197,1.42,10.48,0.003,0,6.21
71,187,2908.9,24,1.57,0.32,0.0,0,1.93
71,188,1452.3,42,0.74,2.06,0.006,0,0.89
71,189,2489.8,15,0.11,0.16,0.0,0,0.18
71,190,1118.8,148,0.47,8.06,0.015,0,1.56
71,191,1283.3,1013,8.37,21.23,0.009,0,11.48
71,192,1700.8,53,1.4,5.92,0.001,0,1.48
71,193,1460.8,22,0.41,0.86,0.002,0,0.58
71,194,1355.8,17,0.29,9.56,0.003,0,1.48
71,195,1939.1,25,0.39,2.86,0.001,0,1.47
71,196,2129.5,29,0.47,0.61,0.0,0,0.63
71,197,369.6,867,15.87,54.46,0.084,2,28.86
71,198,3102.1,23,0.34,0.24,0.0,0,0.61
71,199,1779.0,18,0.37,1.12,0.002,0,0.74
72,73,2451.0,92,1.21,0.81,0.0,0,1.46
72,74,4345.2,0,0.0,0.0,0.0,0,0.01
72,75,586.3,127,0.79,15.8,0.053,0,1.7
72,76,1760.7,9,0.38,0.52,0.001,0,0.38
72,77,5626.9,3,0.01,0.0,0.0,0,0.05
72,78,4028.3,1,0.05,0.01,0.0,0,0.06
72,79,3747.8,0,0.0,0.0,0.0,0,0.01
72,80,4550.2,1,0.01,0.0,0.0,0,0.04
72,81,1813.5,5,0.42,0.62,0.001,0,0.43
72,82,1538.9,65,0.67,4.21,0.004,0,0.69
72,83,4718.8,2,0.0,0.0,0.0,0,0.03
72,84,3870.0,2,0.04,0.0,0.0,0,0.04
72,85,2235.3,4,0.06,0.13,0.0,0,0.06
72,86,2698.5,6,0.18,0.27,0.0,0,0.19
72,87,388.1,284,0.62,10.86,0.182,0,5.47
72,88,1199.2,17,0.31,0.92,0.011,0,0.79
72,89,4614.4,8,0.05,0.0,0.0,0,0.11
72,90,3373.7,3,0.01,0.03,0.0,0,0.06
72,91,3546.0,7,0.33,0.06,0.0,0,0.4
72,92,1345.9,6,0.04,0.66,0.004,0,0.07
72,93,1637.8,24,0.43,0.72,0.0,0,0.45
72,94,234.8,304,3.45,8.22,0.091,0,3.68
72,95,4033.9,0,0.01,0.0,0.0,0,0.01
72,96,4218.5,7,0.04,0.01,0.0,0,0.18
72,97,4820.3,7,0.1,0.0,0.0,0,0.11
72,98,2046.1,24,0.04,0.44,0.001,0,0.25
72,99,3773.8,7,0.11,0.01,0.0,0,0.12
72,100,1352.8,8,0.11,0.49,0.007,0,0.11
72,101,3926.6,0,0.04,0.01,0.0,0,0.06
72,102,448.4,65,0.25,5.33,0.114,0,1.72
72,103,3443.3,0,0.02,0.02,0.0,0,0.04
72,104,2214.2,11,0.15,0.32,0.0,0,0.17
72,105,3866.6,18,0.08,0.01,0.0,0,0.22
72,106,3660.6,21,0.25,0.14,0.0,0,0.8
72,107,2765.7,18,0.23,0.11,0.0,0,0.28
72,108,3418.6,6,0.09,0.02,0.0,0,0.12
72,109,1734.4,16,0.1,0.62,0.002,0,0.17
72,110,4453.5,0,0.01,0.0,0.0,0,0.02
72,111,3919.4,7,0.01,0.01,0.0,0,0.1
72,112,2134.7,4,0.16,0.32,0.001,0,0.23
72,113,3364.8,30,0.72,0.33,0.0,0,0.9
72,114,2507.5,0,0.06,0.13,0.0,0,0.07
72,115,1839.0,41,0.09,0.64,0.002,0,0.56
72,116,4596.3,6,0.02,0.0,0.0,0,0.16
72,117,3119.8,5,0.03,0.01,0.0,0,0.07
72,118,4407.3,7,0.18,0.01,0.0,0,0.27
72,119,4072.7,1,0.02,0.01,0.0,0,0.06
72,120,1252.7,78,1.31,3.91,0.007,0,2.23
72,121,2379.1,6,0.07,0.08,0.0,0,0.13
72,122,1999.7,112,0.23,1.71,0.001,0,1.43
72,123,2516.8,4,0.07,0.04,0.0,0,0.08
72,124,4094.5,34,0.29,0.01,0.0,0,0.48
72,125,3290.4,72,0.9,0.38,0.0,0,1.36
72,126,2089.5,1,0.07,0.18,0.0,0,0.09
72,127,1334.8,6,0.04,0.54,0.004,0,0.08
72,128,2004.6,3,0.13,0.34,0.0,0,0.29
72,129,3461.2,1,0.03,0.01,0.0,0,0.03
72,130,5459.7,0,0.01,0.0,0.0,0,0.02
72,131,1537.6,8,0.21,1.14,0.005,0,0.27
72,132,2488.1,8,0.02,0.08,0.0,0,0.1
72,133,3728.2,4,0.1,0.01,0.0,0,0.13
72,134,3914.0,1,0.01,0.0,0.0,0,0.03
72,135,1921.7,121,1.27,2.2,0.001,0,1.85
72,136,1285.2,7,0.13,0.66,0.012,0,0.14
72,137,3577.1,1,0.03,0.01,0.0,0,0.05
72,138,3522.7,2,0.13,0.04,0.0,0,0.17
72,139,3851.0,1,0.0,0.0,0.0,0,0.02
72,140,2998.9,8,0.17,0.12,0.0,0,0.22
72,141,5168.8,16,0.1,0.0,0.0,0,0.17
72,142,2266.3,1,0.02,0.04,0.0,0,0.03
72,143,4835.7,6,0.03,0.0,0.0,0,0.09
72,144,1906.0,22,0.04,0.94,0.0,0,0.37
72,145,4010.8,7,0.15,0.02,0.0,0,0.18
72,146,4906.6,1,0.01,0.0,0.0,0,0.02
72,147,2547.4,5,0.04,0.04,0.0,0,0.06
72,148,4272.7,3,0.12,0.01,0.0,0,0.18
72,149,2285.7,6,0.03,0.31,0.0,0,0.15
72,150,2946.5,4,0.04,0.08,0.0,0,0.07
72,151,3720.9,3,0.12,0.02,0.0,0,0.13
72,152,1702.0,5,0.01,0.5,0.001,0,0.09
72,153,3559.0,25,0.18,0.01,0.0,0,0.28
72,154,1324.9,89,0.67,2.14,0.007,0,1.06
72,155,1852.4,1,0.01,0.16,0.001,0,0.07
72,156,1628.3,93,0.57,3.34,0.001,0,2.96
72,157,4289.5,5,0.04,0.01,0.0,0,0.08
72,158,1165.0,7,0.05,0.91,0.013,0,0.15
72,159,527.6,85,1.11,11.54,0.071,0,2.59
72,160,2045.4,9,0.06,0.12,0.001,0,0.11
72,161,2284.7,86,0.33,0.53,0.0,0,1.39
72,162,3290.9,23,0.18,0.12,0.0,0,0.29
72,163,2021.7,6,0.02,0.19,0.001,0,0.07
72,164,3213.5,9,0.24,0.11,0.0,0,0.32
72,165,605.5,147,1.87,8.09,0.031,0,3.08
72,166,961.4,126,0.39,6.31,0.022,0,1.65
72,167,2574.2,40,0.64,0.72,0.0,0,1.84
72,168,2845.5,8,0.06,0.06,0.0,0,0.09
72,169,4558.2,2,0.01,0.0,0.0,0,0.05
72,170,1534.5,8,0.04,0.31,0.002,0,0.14
72,171,2756.4,7,0.05,0.03,0.0,0,0.08
72,172,4742.4,1,0.03,0.0,0.0,0,0.04
72,173,3700.5,14,0.04,0.02,0.0,0,0.16
72,174,2788.2,3,0.16,0.11,0.0,0,0.2
72,175,3482.1,22,0.41,0.07,0.0,0,0.46
72,176,4220.4,0,0.05,0.0,0.0,0,0.05
72,177,4456.1,21,0.12,0.02,0.0,0,0.43
72,178,1287.2,6,0.05,1.13,0.013,0,0.28
72,179,986.3,1818,8.26,43.2,0.022,0,30.23
72,180,1963.4,13,0.22,1.26,0.001,0,0.23
72,181,2744.0,6,0.05,0.03,0.0,0,0.08
72,182,1960.4,4,0.08,0.18,0.001,0,0.1
72,183,1782.6,5,0.17,1.07,0.001,0,0.22
72,184,4234.1,1,0.1,0.0,0.0,0,0.13
72,185,4404.3,3,0.22,0.01,0.0,0,0.24
72,186,2742.0,12,0.22,0.17,0.0,0,0.25
72,187,1553.5,13,0.03,0.94,0.005,0,0.31
72,188,3603.2,0,0.01,0.01,0.0,0,0.02
72,189,943.5,13,0.06,0.35,0.002,0,0.38
72,190,3731.5,5,0.06,0.01,0.0,0,0.07
72,191,2456.6,10,0.03,0.44,0.0,0,0.12
72,192,3460.2,6,0.06,0.03,0.0,0,0.08
72,193,4086.4,2,0.01,0.0,0.0,0,0.03
72,194,2713.6,13,0.14,0.12,0.0,0,0.14
72,195,1310.1,122,1.91,3.2,0.004,0,2.36
72,196,4286.7,0,0.02,0.0,0.0,0,0.03
72,197,2758.7,14,0.15,0.1,0.0,0,0.16
72,198,1143.3,61,1.49,1.11,0.007,0,1.67
72,199,2342.8,5,0.05,0.09,0.0,0,0.06
73,74,2284.7,4,0.05,0.11,0.0,0,0.06
73,75,2725.5,58,0.38,1.11,0.0,0,0.65
73,76,2059.9,86,0.56,1.6,0.001,0,1.52
73,77,3219.4,9,0.23,0.17,0.0,0,0.3
73,78,1838.0,54,0.68,3.23,0.001,0,1.4
73,79,2171.6,2,0.02,0.31,0.001,0,0.04
73,80,2151.4,47,0.29,0.59,0.0,0,0.6
73,81,2916.4,19,0.18,0.61,0.0,0,0.53
73,82,2530.5,187,1.43,3.15,0.0,0,3.63
73,83,2310.3,61,0.9,0.71,0.0,0,1.13
73,84,1449.8,45,1.02,3.9,0.004,0,1.35
73,85,2147.7,15,0.09,1.64,0.0,0,0.27
73,86,435.4,2658,19.47,102.78,0.215,4,49.89
73,87,2063.0,64,0.16,2.68,0.001,0,0.81
73,88,1847.4,86,0.67,1.49,0.002,0,1.3
73,89,2206.6,83,0.19,1.01,0.0,0,1.15
73,90,1200.7,42,0.72,10.57,0.013,0,1.71
73,91,2201.2,54,0.97,3.88,0.0,0,1.57
73,92,1111.5,54,0.35,6.66,0.01,0,0.6
73,93,965.1,64,1.27,8.66,0.015,0,1.81
73,94,2684.9,22,0.16,0.51,0.0,0,0.47
73,95,2076.1,10,0.03,0.32,0.0,0,0.11
73,96,2111.9,270,1.14,1.5,0.001,0,2.88
73,97,2451.6,83,0.64,0.77,0.0,0,1.48
73,98,527.3,291,3.09,44.88,0.154,0,8.21
73,99,1744.1,22,0.33,3.08,0.001,0,1.39
73,100,1472.1,31,0.27,1.03,0.002,0,0.33
73,101,2469.0,15,0.27,0.33,0.0,0,0.37
73,102,2540.2,62,0.63,0.53,0.0,0,0.77
73,103,1038.6,41,0.06,5.08,0.028,0,0.48
73,104,812.7,166,0.66,21.43,0.012,0,4.18
73,105,1454.5,30,1.54,9.82,0.007,0,1.77
73,106,1500.2,387,7.85,35.29,0.002,0,8.57
73,107,1656.9,101,1.77,4.72,0.003,0,3.07
73,108,1007.3,59,0.32,14.24,0.022,0,2.73
73,109,847.8,173,0.96,9.65,0.008,0,1.84
73,110,2011.0,15,0.21,0.27,0.001,0,0.31
73,111,2307.8,66,0.54,1.44,0.0,0,0.67
73,112,1210.6,31,0.29,6.0,0.011,0,0.64
73,113,1082.7,629,2.7,212.39,0.02,0,24.48
73,114,265.8,443,18.4,85.52,0.108,1,21.6
73,115,657.8,112,3.18,37.34,0.049,0,4.59
73,116,2548.6,13,0.22,0.64,0.0,0,0.54
73,117,895.2,69,0.38,7.05,0.029,0,0.71
73,118,1981.2,308,1.85,8.49,0.001,0,3.24
73,119,1762.3,110,0.87,9.61,0.001,0,2.73
73,120,1728.5,87,1.96,6.91,0.001,0,2.11
73,121,74.9,6046,34.35,32.38,0.421,6,88.71
73,122,475.2,1128,42.91,236.22,0.036,9,44.82
73,123,768.0,30,0.78,9.07,0.059,0,1.09
73,124,1851.9,151,0.57,3.66,0.001,0,2.08
73,125,1065.1,1669,21.79,116.29,0.012,0,33.84
73,126,661.2,67,0.14,17.12,0.063,0,1.04
73,127,2704.7,9,0.28,0.37,0.0,0,0.34
73,128,2524.0,93,0.19,0.5,0.0,0,1.08
73,129,1325.4,38,0.67,4.84,0.006,0,0.7
73,130,3032.9,1,0.08,0.07,0.0,0,0.09
73,131,2915.4,50,0.59,0.32,0.0,0,1.18
73,132,413.8,66,3.89,11.76,0.046,0,4.49
73,133,2340.2,142,1.2,1.56,0.0,0,1.49
73,134,2100.7,15,0.54,0.54,0.0,0,0.73
73,135,2791.3,47,0.19,2.36,0.0,0,0.92
73,136,1276.6,17,0.43,2.62,0.006,0,0.45
73,137,1884.8,26,0.24,1.89,0.0,0,0.36
73,138,1520.8,157,3.24,11.84,0.005,0,3.36
73,139,1430.8,33,0.43,0.87,0.005,0,0.47
73,140,1134.8,123,3.25,8.39,0.017,0,3.86
73,141,2719.8,94,1.71,1.19,0.0,0,1.81
73,142,1879.3,9,0.14,0.44,0.001,0,0.17
73,143,2468.9,7,0.19,1.08,0.0,0,0.54
73,144,657.7,569,22.36,33.62,0.08,0,28.53
73,145,1576.6,906,1.6,11.36,0.002,0,11.95
73,146,2477.2,7,0.13,0.31,0.0,0,0.31
73,147,688.4,97,0.74,7.16,0.071,0,1.6
73,148,1823.5,38,1.2,4.72,0.0,0,1.93
73,149,1742.9,79,1.59,5.15,0.0,0,2.46
73,150,1045.3,185,2.33,13.27,0.017,0,2.8
73,151,1293.3,60,0.53,7.94,0.008,0,3.94
73,152,2956.1,56,0.31,0.1,0.0,0,0.58
73,153,1259.9,101,1.9,7.08,0.01,0,3.42
73,154,3093.5,57,0.32,0.15,0.0,0,0.59
73,155,1476.0,44,0.33,1.57,0.006,0,0.71
73,156,822.8,279,6.61,154.48,0.02,1,14.45
73,157,1866.9,146,0.99,2.62,0.001,0,2.17
73,158,1921.7,9,0.53,0.57,0.001,0,0.65
73,159,2101.2,178,1.92,2.47,0.0,0,3.63
73,160,935.8,164,1.03,5.89,0.017,0,1.76
73,161,1044.1,164,3.57,40.18,0.007,0,5.19
73,162,1919.0,308,1.94,6.67,0.001,0,4.27
73,163,2709.0,44,0.12,0.23,0.0,0,0.82
73,164,877.7,385,5.31,29.71,0.033,0,15.95
73,165,2012.2,475,3.44,2.58,0.001,0,4.85
73,166,2487.7,41,0.56,1.84,0.0,0,1.07
73,167,1766.0,534,4.96,34.57,0.002,0,5.41
73,168,1143.8,227,1.85,10.96,0.012,0,2.75
73,169,2216.9,41,0.21,0.76,0.0,0,0.47
73,170,1510.2,65,0.46,5.24,0.005,0,1.55
73,171,1805.1,71,0.66,1.27,0.001,0,0.75
73,172,2550.5,86,0.18,0.54,0.0,0,1.48
73,173,1667.9,83,0.23,5.51,0.001,0,2.09
73,174,1569.0,123,1.34,9.45,0.001,0,2.32
73,175,1031.7,1061,2.45,21.29,0.026,0,11.01
73,176,1939.6,30,1.59,1.65,0.001,0,1.77
73,177,2020.7,191,1.74,10.52,0.0,0,3.7
73,178,2080.4,54,0.37,1.17,0.0,0,1.9
73,179,1488.5,3435,44.27,69.24,0.004,0,48.01
73,180,1302.5,223,2.74,14.01,0.009,0,4.55
73,181,1863.8,39,0.3,1.16,0.001,0,0.43
73,182,1567.6,59,0.83,1.74,0.004,0,0.92
73,183,1723.3,89,1.62,10.21,0.003,0,1.88
73,184,2550.6,45,0.09,0.58,0.0,0,0.53
73,185,2850.6,73,0.63,0.53,0.0,0,1.74
73,186,727.4,639,7.2,31.38,0.039,0,7.25
73,187,2363.8,57,0.62,0.39,0.0,0,1.07
73,188,1187.0,113,0.48,4.73,0.006,0,2.05
73,189,2061.1,12,0.03,0.35,0.0,0,0.18
73,190,1642.5,45,0.94,2.36,0.002,0,1.33
73,191,591.1,842,16.12,48.14,0.061,1,16.97
73,192,1225.1,127,0.87,5.89,0.007,0,1.56
73,193,1742.2,10,0.4,0.92,0.001,0,0.7
73,194,1968.1,87,0.54,3.4,0.0,0,1.44
73,195,2120.4,61,0.31,1.84,0.001,0,1.0
73,196,1897.3,17,0.2,0.85,0.001,0,0.55
73,197,459.9,499,5.08,42.5,0.055,1,8.13
73,198,2656.0,27,0.33,0.63,0.0,0,0.33
73,199,2271.9,18,0.16,0.41,0.0,0,0.26
74,75,4780.8,0,0.0,0.0,0.0,0,0.01
74,76,4344.6,0,0.0,0.0,0.0,0,0.01
74,77,2801.7,3,0.02,0.01,0.0,0,0.04
74,78,2799.7,0,0.01,0.01,0.0,0,0.02
74,79,940.6,1,0.02,0.06,0.003,0,0.02
74,80,1096.9,0,0.02,0.33,0.015,0,0.06
74,81,3802.3,0,0.01,0.0,0.0,0,0.02
74,82,3579.1,2,0.01,0.01,0.0,0,0.04
74,83,1201.6,4,0.02,0.17,0.014,0,0.05
74,84,2000.5,0,0.01,0.02,0.0,0,0.01
74,85,2675.3,0,0.01,0.01,0.0,0,0.01
74,86,2433.4,3,0.07,0.04,0.0,0,0.07
74,87,3994.6,1,0.02,0.0,0.0,0,0.02
74,88,3276.3,0,0.01,0.0,0.0,0,0.01
74,89,2252.6,4,0.02,0.06,0.0,0,0.07
74,90,1085.1,4,0.09,0.27,0.008,0,0.1
74,91,1275.7,28,0.26,0.81,0.007,0,0.35
74,92,3106.6,1,0.01,0.0,0.0,0,0.01
74,93,3208.8,1,0.0,0.0,0.0,0,0.02
74,94,4551.8,0,0.0,0.0,0.0,0,0.0
74,95,342.2,9,0.09,0.27,0.287,0,0.11
74,96,186.3,129,2.85,3.48,0.267,0,3.05
74,97,1032.0,3,0.04,0.79,0.008,0,0.11
74,98,2805.4,1,0.01,0.01,0.0,0,0.02
74,99,576.9,21,0.52,0.69,0.095,0,0.59
74,100,3010.8,0,0.01,0.0,0.0,0,0.01
74,101,1092.2,1,0.01,0.41,0.019,0,0.05
74,102,4232.8,0,0.0,0.0,0.0,0,0.01
74,103,1418.8,2,0.03,0.06,0.007,0,0.04
74,104,2140.7,1,0.01,0.02,0.0,0,0.01
74,105,2046.4,3,0.05,0.07,0.001,0,0.06
74,106,785.0,12,0.69,3.63,0.04,0,0.98
74,107,3734.7,0,0.0,0.0,0.0,0,0.01
74,108,2059.9,0,0.01,0.05,0.0,0,0.02
74,109,3097.6,3,0.03,0.01,0.0,0,0.04
74,110,1900.5,0,0.0,0.01,0.001,0,0.01
74,111,856.7,3,0.02,0.63,0.022,0,0.08
74,112,2236.4,1,0.03,0.04,0.0,0,0.03
74,113,2417.4,10,0.06,0.31,0.0,0,0.28
74,114,2451.8,0,0.02,0.02,0.0,0,0.02
74,115,2632.6,0,0.04,0.04,0.0,0,0.04
74,116,265.3,61,0.86,1.48,0.4,0,1.35
74,117,1390.3,1,0.0,0.06,0.003,0,0.01
74,118,2051.9,8,0.03,0.18,0.0,0,0.08
74,119,766.2,22,0.3,2.37,0.069,0,0.32
74,120,3970.4,0,0.01,0.0,0.0,0,0.01
74,121,2349.9,1,0.01,0.01,0.0,0,0.01
74,122,2538.4,2,0.05,0.11,0.0,0,0.1
74,123,1852.4,0,0.0,0.01,0.002,0,0.01
74,124,566.7,25,0.81,1.76,0.058,0,0.98
74,125,2520.9,6,0.12,0.15,0.0,0,0.12
74,126,2303.4,0,0.01,0.02,0.0,0,0.01
74,127,3896.4,0,0.0,0.0,0.0,0,0.01
74,128,3226.3,0,0.0,0.01,0.0,0,0.01
74,129,963.7,0,0.01,0.28,0.034,0,0.03
74,130,2545.1,0,0.0,0.01,0.0,0,0.01
74,131,3997.6,1,0.01,0.0,0.0,0,0.01
74,132,2594.7,0,0.0,0.01,0.0,0,0.01
74,133,1196.1,0,0.02,0.29,0.002,0,0.03
74,134,575.8,8,0.18,0.83,0.05,0,0.19
74,135,5074.9,2,0.01,0.0,0.0,0,0.02
74,136,3456.7,0,0.0,0.0,0.0,0,0.0
74,137,892.3,11,0.11,0.34,0.037,0,0.13
74,138,829.3,15,0.19,1.51,0.051,0,0.22
74,139,1999.5,0,0.0,0.01,0.0,0,0.02
74,140,1350.6,2,0.04,0.45,0.009,0,0.05
74,141,2072.1,6,0.04,0.15,0.0,0,0.12
74,142,2431.8,0,0.0,0.0,0.0,0,0.01
74,143,1030.4,12,0.05,0.23,0.009,0,0.14
74,144,2921.6,1,0.01,0.01,0.0,0,0.03
74,145,1911.6,2,0.03,0.17,0.0,0,0.04
74,146,1431.0,1,0.02,0.08,0.005,0,0.04
74,147,1845.0,0,0.01,0.02,0.001,0,0.01
74,148,1740.5,1,0.04,0.13,0.001,0,0.04
74,149,2320.4,2,0.02,0.05,0.0,0,0.04
74,150,1412.0,4,0.02,0.15,0.001,0,0.09
74,151,1953.8,1,0.01,0.07,0.001,0,0.03
74,152,3930.0,0,0.0,0.0,0.0,0,0.0
74,153,1078.9,6,0.04,0.4,0.021,0,0.08
74,154,5286.0,1,0.01,0.0,0.0,0,0.02
74,155,2580.8,0,0.01,0.02,0.0,0,0.02
74,156,2909.7,3,0.12,0.09,0.0,0,0.13
74,157,2047.9,9,0.06,0.09,0.001,0,0.12
74,158,4154.7,0,0.0,0.0,0.0,0,0.0
74,159,3854.0,0,0.01,0.0,0.0,0,0.04
74,160,2300.8,0,0.01,0.01,0.0,0,0.01
74,161,2063.6,3,0.08,0.15,0.0,0,0.09
74,162,1324.8,2,0.07,1.18,0.006,0,0.09
74,163,3409.3,0,0.0,0.0,0.0,0,0.0
74,164,1436.3,6,0.08,0.3,0.001,0,0.27
74,165,3763.3,5,0.06,0.0,0.0,0,0.06
74,166,3906.6,1,0.01,0.0,0.0,0,0.02
74,167,3926.0,4,0.04,0.01,0.0,0,0.09
74,168,1500.0,1,0.01,0.13,0.002,0,0.03
74,169,826.9,7,0.07,0.29,0.023,0,0.14
74,170,2867.7,0,0.01,0.0,0.0,0,0.01
74,171,1878.6,2,0.02,0.03,0.001,0,0.07
74,172,481.4,18,0.1,0.78,0.109,0,0.21
74,173,2996.7,1,0.0,0.02,0.0,0,0.02
74,174,1690.8,2,0.01,0.3,0.002,0,0.04
74,175,1764.5,6,0.02,0.24,0.003,0,0.12
74,176,619.4,36,0.14,1.46,0.063,0,0.37
74,177,1983.3,6,0.07,0.24,0.0,0,0.16
74,178,3362.2,2,0.02,0.0,0.0,0,0.02
74,179,3557.5,35,0.11,0.02,0.0,0,0.36
74,180,2422.4,1,0.03,0.03,0.0,0,0.05
74,181,1936.8,1,0.0,0.03,0.001,0,0.01
74,182,3843.3,0,0.0,0.0,0.0,0,0.01
74,183,4007.7,1,0.01,0.0,0.0,0,0.02
74,184,748.5,3,0.05,0.65,0.048,0,0.06
74,185,1046.5,5,0.08,0.47,0.005,0,0.08
74,186,2714.7,0,0.02,0.02,0.0,0,0.03
74,187,4638.2,0,0.01,0.0,0.0,0,0.01
74,188,2021.9,0,0.0,0.02,0.001,0,0.01
74,189,4252.0,0,0.0,0.0,0.0,0,0.0
74,190,649.6,1,0.07,0.5,0.014,0,0.11
74,191,2773.2,4,0.05,0.03,0.0,0,0.07
74,192,2530.4,1,0.0,0.03,0.0,0,0.02
74,193,873.0,7,0.04,0.13,0.035,0,0.08
74,194,2054.5,0,0.02,0.06,0.0,0,0.04
74,195,3376.0,0,0.0,0.0,0.0,0,0.02
74,196,2243.0,1,0.02,0.01,0.0,0,0.02
74,197,1827.7,2,0.01,0.14,0.0,0,0.03
74,198,4864.0,0,0.0,0.0,0.0,0,0.01
74,199,2691.9,0,0.0,0.0,0.0,0,0.01
75,76,1509.0,59,0.68,2.64,0.001,0,0.97
75,77,5786.0,16,0.16,0.0,0.0,0,0.25
75,78,4108.7,15,0.04,0.02,0.0,0,0.29
75,79,4249.9,0,0.01,0.0,0.0,0,0.01
75,80,4871.9,11,0.03,0.0,0.0,0,0.14
75,81,2377.0,4,0.19,0.44,0.0,0,0.27
75,82,2121.0,66,2.77,3.85,0.0,0,3.0
75,83,5033.9,3,0.03,0.0,0.0,0,0.06
75,84,4071.3,1,0.01,0.01,0.0,0,0.05
75,85,2810.8,14,0.13,0.07,0.0,0,0.19
75,86,2894.5,30,0.53,0.56,0.0,0,0.58
75,87,812.7,256,1.55,21.02,0.034,0,3.31
75,88,1760.3,16,0.26,0.52,0.001,0,0.38
75,89,4789.3,6,0.09,0.01,0.0,0,0.2
75,90,3761.9,5,0.06,0.04,0.0,0,0.22
75,91,4069.4,16,0.27,0.05,0.0,0,0.49
75,92,1687.3,38,0.35,0.75,0.002,0,1.06
75,93,1805.2,38,0.14,0.88,0.0,0,0.42
75,94,564.3,55,1.09,8.29,0.01,0,2.07
75,95,4484.4,1,0.01,0.0,0.0,0,0.02
75,96,4641.6,3,0.07,0.01,0.0,0,0.11
75,97,5161.4,11,0.03,0.0,0.0,0,0.13
75,98,2253.7,60,0.65,0.46,0.0,0,0.66
75,99,4204.3,7,0.06,0.01,0.0,0,0.2
75,100,1858.7,22,0.13,0.27,0.001,0,0.53
75,101,4447.1,1,0.08,0.0,0.0,0,0.08
75,102,1002.3,21,0.45,4.33,0.023,0,0.69
75,103,3755.8,4,0.03,0.01,0.0,0,0.1
75,104,2641.0,4,0.24,0.15,0.0,0,0.26
75,105,4061.1,28,0.36,0.03,0.0,0,0.36
75,106,4059.6,61,0.11,0.07,0.0,0,0.91
75,107,2670.4,38,0.32,0.29,0.0,0,0.48
75,108,3625.5,10,0.06,0.06,0.0,0,0.3
75,109,1918.1,17,0.13,1.18,0.001,0,0.4
75,110,4671.4,1,0.02,0.0,0.0,0,0.02
75,111,4421.1,12,0.05,0.01,0.0,0,0.22
75,112,2623.5,59,0.44,0.38,0.0,0,0.7
75,113,3513.0,23,0.41,0.39,0.0,0,1.67
75,114,2726.4,17,0.06,0.21,0.0,0,0.24
75,115,2182.3,115,0.53,0.76,0.0,0,1.36
75,116,5038.7,3,0.17,0.0,0.0,0,0.18
75,117,3487.2,6,0.01,0.02,0.0,0,0.12
75,118,4603.8,5,0.07,0.01,0.0,0,0.12
75,119,4434.4,12,0.12,0.02,0.0,0,0.27
75,120,1188.1,67,1.59,12.77,0.012,0,1.92
75,121,2650.8,7,0.19,0.08,0.0,0,0.3
75,122,2317.5,40,1.4,3.31,0.0,0,1.52
75,123,2929.9,9,0.13,0.05,0.0,0,0.2
75,124,4479.4,4,0.07,0.01,0.0,0,0.29
75,125,3423.3,115,0.63,0.38,0.0,0,1.28
75,126,2483.0,4,0.03,0.18,0.0,0,0.05
75,127,1898.7,17,0.28,0.4,0.001,0,0.46
75,128,2590.7,44,0.5,0.54,0.0,0,0.64
75,129,3860.6,4,0.12,0.01,0.0,0,0.17
75,130,5642.1,2,0.0,0.0,0.0,0,0.03
75,131,2086.0,43,0.15,0.73,0.0,0,0.58
75,132,2673.9,2,0.03,0.09,0.0,0,0.1
75,133,4251.8,10,0.09,0.02,0.0,0,0.17
75,134,4386.7,3,0.04,0.0,0.0,0,0.05
75,135,1463.6,93,0.19,14.55,0.004,0,1.08
75,136,1459.1,10,0.02,1.48,0.004,0,0.22
75,137,4058.8,23,0.34,0.01,0.0,0,0.42
75,138,3951.8,2,0.07,0.04,0.0,0,0.18
75,139,4052.7,7,0.01,0.0,0.0,0,0.1
75,140,3430.8,45,0.32,0.1,0.0,0,0.48
75,141,5396.0,12,0.05,0.0,0.0,0,0.41
75,142,2824.2,1,0.05,0.04,0.0,0,0.05
75,143,5177.9,24,0.29,0.0,0.0,0,0.34
75,144,2108.4,99,0.58,0.93,0.0,0,1.29
75,145,4223.4,72,0.19,0.02,0.0,0,0.76
75,146,5202.4,1,0.02,0.0,0.0,0,0.02
75,147,2945.8,5,0.08,0.04,0.0,0,0.08
75,148,4509.0,7,0.14,0.01,0.0,0,0.14
75,149,2831.7,65,0.17,0.27,0.0,0,0.75
75,150,3369.3,5,0.03,0.12,0.0,0,0.28
75,151,3932.4,3,0.2,0.03,0.0,0,0.23
75,152,2255.5,29,0.06,0.18,0.0,0,0.33
75,153,3917.0,10,0.07,0.02,0.0,0,0.18
75,154,743.3,166,1.88,21.25,0.045,0,2.01
75,155,2377.3,9,0.19,0.22,0.0,0,0.26
75,156,1929.8,183,3.24,6.89,0.001,0,3.44
75,157,4484.3,8,0.17,0.01,0.0,0,0.35
75,158,1026.2,28,0.07,1.31,0.008,0,0.42
75,159,1089.9,279,2.93,9.24,0.022,0,7.52
75,160,2490.4,4,0.06,0.1,0.0,0,0.11
75,161,2747.7,74,0.56,0.33,0.0,0,0.76
75,162,3803.5,15,0.15,0.1,0.0,0,0.29
75,163,2604.2,3,0.3,0.13,0.0,0,0.34
75,164,3552.2,21,0.23,0.1,0.0,0,0.36
75,165,1153.7,35,0.76,7.48,0.001,0,1.0
75,166,1537.0,56,0.7,4.17,0.003,0,1.02
75,167,2436.2,170,2.28,3.2,0.0,0,2.84
75,168,3293.6,20,0.22,0.04,0.0,0,0.27
75,169,4911.5,5,0.02,0.0,0.0,0,0.08
75,170,2058.6,25,0.19,0.49,0.001,0,0.34
75,171,3290.4,19,0.06,0.02,0.0,0,0.23
75,172,5150.8,3,0.09,0.0,0.0,0,0.12
75,173,3745.5,19,0.06,0.03,0.0,0,0.23
75,174,3296.0,38,0.34,0.09,0.0,0,0.52
75,175,3734.2,4,0.03,0.05,0.0,0,0.17
75,176,4594.6,15,0.18,0.01,0.0,0,0.2
75,177,4663.0,13,0.27,0.02,0.0,0,0.55
75,178,1868.6,31,0.52,0.77,0.001,0,1.09
75,179,1250.3,1743,3.89,38.81,0.012,0,24.89
75,180,2465.5,22,0.4,0.35,0.0,0,0.45
75,181,3284.0,1,0.03,0.02,0.0,0,0.04
75,182,1860.8,2,0.08,0.31,0.001,0,0.12
75,183,1641.6,42,0.5,4.38,0.001,0,0.97
75,184,4732.8,6,0.21,0.0,0.0,0,0.23
75,185,4922.8,19,0.19,0.0,0.0,0,0.22
75,186,2870.7,91,0.38,0.17,0.0,0,1.17
75,187,1195.4,194,2.77,4.48,0.001,0,2.79
75,188,3808.0,13,0.1,0.02,0.0,0,0.18
75,189,791.8,40,0.38,4.73,0.018,0,0.6
75,190,4148.6,15,0.17,0.01,0.0,0,0.19
75,191,2601.9,33,0.78,0.5,0.0,0,0.8
75,192,3585.8,29,0.07,0.03,0.0,0,0.43
75,193,4434.6,5,0.04,0.0,0.0,0,0.06
75,194,3263.8,9,0.12,0.12,0.0,0,0.22
75,195,1893.2,45,0.87,1.23,0.001,0,0.88
75,196,4454.2,3,0.04,0.0,0.0,0,0.09
75,197,3091.8,16,0.07,0.11,0.0,0,0.25
75,198,654.8,82,0.88,13.72,0.044,0,1.22
75,199,2921.8,13,0.1,0.05,0.0,0,0.14
76,77,4585.8,3,0.01,0.0,0.0,0,0.04
76,78,2841.7,5,0.07,0.11,0.0,0,0.13
76,79,4128.9,0,0.01,0.0,0.0,0,0.01
76,80,4073.8,3,0.03,0.01,0.0,0,0.05
76,81,3379.8,3,0.15,0.04,0.0,0,0.17
76,82,3013.1,28,0.73,0.19,0.0,0,1.03
76,83,4207.8,1,0.01,0.0,0.0,0,0.02
76,84,3038.6,13,0.18,0.02,0.0,0,0.24
76,85,3305.1,7,0.06,0.02,0.0,0,0.11
76,86,1990.5,36,0.38,0.88,0.001,0,0.52
76,87,1574.1,13,0.27,1.75,0.004,0,0.53
76,88,2346.5,1,0.04,0.11,0.0,0,0.06
76,89,3657.3,3,0.06,0.02,0.0,0,0.09
76,90,3260.2,6,0.05,0.03,0.0,0,0.24
76,91,4070.8,16,0.08,0.02,0.0,0,0.27
76,92,1591.8,4,0.09,0.38,0.002,0,0.16
76,93,1194.3,14,0.08,2.25,0.017,0,0.19
76,94,1916.4,5,0.1,0.36,0.001,0,0.19
76,95,4126.9,0,0.01,0.0,0.0,0,0.01
76,96,4171.3,3,0.05,0.01,0.0,0,0.07
76,97,4398.5,6,0.02,0.01,0.0,0,0.08
76,98,1542.9,67,0.2,0.85,0.003,0,0.86
76,99,3798.6,5,0.03,0.01,0.0,0,0.12
76,100,2175.4,4,0.03,0.11,0.001,0,0.15
76,101,4400.2,3,0.05,0.0,0.0,0,0.08
76,102,2170.1,3,0.05,0.24,0.0,0,0.08
76,103,3029.1,5,0.05,0.02,0.0,0,0.07
76,104,2454.0,10,0.09,0.21,0.0,0,0.22
76,105,3014.5,3,0.08,0.06,0.0,0,0.13
76,106,3560.0,15,0.32,0.17,0.0,0,0.77
76,107,1236.7,59,0.69,4.19,0.013,0,0.72
76,108,2646.0,7,0.03,0.1,0.0,0,0.3
76,109,1287.2,61,0.64,2.07,0.006,0,0.69
76,110,3634.4,2,0.01,0.0,0.0,0,0.03
76,111,4283.7,1,0.08,0.01,0.0,0,0.09
76,112,2667.5,13,0.04,0.07,0.0,0,0.14
76,113,2415.6,136,1.03,1.71,0.0,0,1.65
76,114,1913.8,7,0.24,0.64,0.001,0,0.24
76,115,1868.5,29,0.24,0.6,0.001,0,0.31
76,116,4608.5,6,0.06,0.0,0.0,0,0.07
76,117,2954.7,0,0.01,0.03,0.0,0,0.05
76,118,3525.0,9,0.11,0.07,0.0,0,0.24
76,119,3783.3,7,0.08,0.03,0.0,0,0.1
76,120,628.1,84,0.9,15.18,0.107,0,3.43
76,121,1995.2,5,0.07,0.16,0.0,0,0.11
76,122,1884.6,79,0.97,2.26,0.002,0,1.9
76,123,2635.8,1,0.02,0.03,0.0,0,0.03
76,124,3895.7,9,0.09,0.02,0.0,0,0.14
76,125,2303.1,42,0.94,2.5,0.0,0,3.4
76,126,2226.7,6,0.09,0.12,0.0,0,0.12
76,127,2937.2,2,0.01,0.05,0.0,0,0.04
76,128,3343.4,2,0.01,0.03,0.0,0,0.04
76,129,3384.0,6,0.04,0.02,0.0,0,0.07
76,130,4488.8,1,0.01,0.0,0.0,0,0.02
76,131,3171.7,5,0.02,0.04,0.0,0,0.1
76,132,1789.3,9,0.06,0.22,0.001,0,0.11
76,133,4237.3,8,0.06,0.01,0.0,0,0.1
76,134,4124.9,1,0.01,0.0,0.0,0,0.02
76,135,737.3,64,0.6,31.47,0.047,0,4.78
76,136,1114.1,20,0.14,0.93,0.015,0,0.21
76,137,3865.2,2,0.02,0.01,0.0,0,0.06
76,138,3566.4,66,0.63,0.04,0.0,0,0.69
76,139,3022.5,1,0.02,0.02,0.0,0,0.09
76,140,3119.3,13,0.2,0.03,0.0,0,0.28
76,141,4341.8,46,0.36,0.02,0.0,0,0.65
76,142,3174.4,4,0.03,0.01,0.0,0,0.05
76,143,4417.3,2,0.02,0.0,0.0,0,0.07
76,144,1439.3,41,0.47,2.01,0.006,0,0.68
76,145,3204.3,12,0.14,0.06,0.0,0,0.23
76,146,4316.7,1,0.03,0.0,0.0,0,0.03
76,147,2599.9,1,0.01,0.04,0.0,0,0.05
76,148,3523.4,17,0.1,0.03,0.0,0,0.21
76,149,3107.2,10,0.22,0.09,0.0,0,0.27
76,150,3034.8,29,0.15,0.08,0.0,0,0.31
76,151,2934.0,6,0.02,0.11,0.0,0,0.16
76,152,3311.5,3,0.1,0.01,0.0,0,0.11
76,153,3303.9,1,0.11,0.04,0.0,0,0.12
76,154,1361.0,68,0.75,1.63,0.005,0,0.9
76,155,2628.9,3,0.07,0.05,0.0,0,0.09
76,156,1603.2,193,0.66,8.54,0.002,0,2.44
76,157,3409.2,30,0.29,0.08,0.0,0,0.31
76,158,614.1,34,0.08,1.82,0.085,0,0.39
76,159,1925.5,32,0.3,0.86,0.001,0,0.37
76,160,2401.8,3,0.03,0.08,0.0,0,0.04
76,161,2665.8,18,0.16,0.25,0.0,0,0.23
76,162,3776.6,51,0.5,0.04,0.0,0,0.69
76,163,3442.1,2,0.01,0.01,0.0,0,0.03
76,164,2924.7,10,0.09,0.13,0.0,0,0.39
76,165,1910.6,43,0.27,0.71,0.001,0,0.5
76,166,2555.5,7,0.12,0.27,0.0,0,0.16
76,167,969.5,151,1.35,23.33,0.008,0,1.59
76,168,3060.9,6,0.06,0.04,0.0,0,0.14
76,169,4199.7,1,0.05,0.0,0.0,0,0.06
76,170,2385.2,6,0.02,0.08,0.0,0,0.07
76,171,3433.6,4,0.02,0.01,0.0,0,0.05
76,172,4593.6,11,0.12,0.0,0.0,0,0.14
76,173,2440.9,10,0.09,0.29,0.0,0,0.35
76,174,3307.3,6,0.03,0.05,0.0,0,0.19
76,175,2851.4,50,0.59,0.14,0.0,0,0.65
76,176,3968.0,2,0.01,0.01,0.0,0,0.04
76,177,3602.8,59,0.85,0.12,0.0,0,1.05
76,178,2580.0,6,0.08,0.08,0.0,0,0.1
76,179,1294.7,165,4.29,19.01,0.007,0,4.67
76,180,2597.8,39,0.35,0.2,0.0,0,0.57
76,181,3461.4,3,0.03,0.01,0.0,0,0.06
76,182,550.8,11,0.43,2.46,0.036,0,0.59
76,183,340.5,737,2.39,16.18,0.212,0,8.93
76,184,4556.8,2,0.01,0.0,0.0,0,0.03
76,185,4830.1,17,0.21,0.0,0.0,0,0.25
76,186,1813.3,10,0.3,0.99,0.001,0,0.32
76,187,410.9,508,1.7,10.24,0.215,0,5.34
76,188,2805.6,2,0.05,0.03,0.0,0,0.07
76,189,817.5,14,0.07,1.38,0.029,0,0.21
76,190,3701.0,6,0.1,0.01,0.0,0,0.11
76,191,1635.2,34,0.59,1.94,0.003,0,0.67
76,192,2435.6,31,0.23,0.19,0.0,0,0.51
76,193,3743.5,1,0.02,0.0,0.0,0,0.03
76,194,3504.8,9,0.19,0.03,0.0,0,0.21
76,195,2622.6,25,0.29,0.13,0.0,0,0.39
76,196,3325.2,3,0.08,0.01,0.0,0,0.08
76,197,2517.8,22,0.04,0.14,0.0,0,0.25
76,198,981.8,57,0.59,3.43,0.024,0,0.75
76,199,3442.9,0,0.02,0.01,0.0,0,0.03
77,78,1747.4,38,0.18,0.46,0.001,0,0.53
77,79,3650.7,0,0.0,0.0,0.0,0,0.01
77,80,1730.0,6,0.03,0.48,0.002,0,0.09
77,81,5973.1,3,0.05,0.0,0.0,0,0.05
77,82,5628.8,14,0.13,0.0,0.0,0,0.15
77,83,1602.4,19,0.19,0.52,0.001,0,0.19
77,84,1769.9,5,0.03,0.14,0.002,0,0.06
77,85,4956.2,3,0.03,0.0,0.0,0,0.04
77,86,2928.5,43,0.61,0.09,0.0,0,0.85
77,87,5242.6,1,0.06,0.0,0.0,0,0.07
77,88,5025.6,1,0.01,0.0,0.0,0,0.02
77,89,1014.8,128,0.64,3.04,0.03,0,1.51
77,90,2830.8,4,0.03,0.07,0.0,0,0.1
77,91,3953.8,10,0.04,0.01,0.0,0,0.22
77,92,4319.9,5,0.05,0.0,0.0,0,0.09
77,93,4002.8,2,0.01,0.0,0.0,0,0.03
77,94,5861.3,2,0.01,0.0,0.0,0,0.03
77,95,3025.4,2,0.01,0.01,0.0,0,0.02
77,96,2708.0,11,0.12,0.13,0.0,0,0.23
77,97,1784.9,3,0.04,0.44,0.002,0,0.2
77,98,3580.8,1,0.05,0.01,0.0,0,0.05
77,99,2926.2,1,0.05,0.04,0.0,0,0.06
77,100,4655.6,1,0.01,0.0,0.0,0,0.02
77,101,3870.8,2,0.03,0.0,0.0,0,0.04
77,102,5756.8,4,0.02,0.0,0.0,0,0.05
77,103,2424.4,2,0.05,0.03,0.0,0,0.06
77,104,3786.4,3,0.07,0.01,0.0,0,0.07
77,105,1767.6,10,0.25,0.65,0.001,0,0.31
77,106,2735.4,9,0.43,0.33,0.0,0,0.54
77,107,3401.7,0,0.03,0.03,0.0,0,0.05
77,108,2217.7,27,0.28,0.18,0.0,0,0.28
77,109,3898.6,0,0.03,0.0,0.0,0,0.03
77,110,1244.4,1,0.01,0.2,0.006,0,0.04
77,111,3620.0,9,0.11,0.01,0.0,0,0.12
77,112,4128.6,2,0.06,0.01,0.0,0,0.07
77,113,2274.3,149,0.67,2.37,0.0,0,1.84
77,114,3123.2,1,0.02,0.03,0.0,0,0.02
77,115,3875.4,6,0.13,0.01,0.0,0,0.15
77,116,2834.7,8,0.05,0.07,0.0,0,0.09
77,117,2894.8,1,0.01,0.02,0.0,0,0.02
77,118,1241.0,27,0.2,3.08,0.008,0,0.96
77,119,2260.6,13,0.12,0.44,0.0,0,0.41
77,120,4620.3,9,0.13,0.0,0.0,0,0.2
77,121,3284.5,3,0.02,0.01,0.0,0,0.06
77,122,3694.2,8,0.28,0.03,0.0,0,0.37
77,123,3519.8,0,0.0,0.0,0.0,0,0.0
77,124,2422.3,96,0.55,0.33,0.0,0,1.05
77,125,2362.8,100,1.11,1.76,0.0,0,1.42
77,126,3769.5,1,0.01,0.0,0.0,0,0.03
77,127,5859.4,2,0.01,0.0,0.0,0,0.03
77,128,5468.5,3,0.05,0.0,0.0,0,0.1
77,129,2846.9,3,0.03,0.02,0.0,0,0.05
77,130,257.1,52,1.17,0.91,0.213,0,1.73
77,131,6045.3,2,0.02,0.0,0.0,0,0.03
77,132,3139.6,0,0.01,0.01,0.0,0,0.02
77,133,3932.0,4,0.06,0.01,0.0,0,0.07
77,134,3283.6,2,0.01,0.01,0.0,0,0.06
77,135,5229.4,21,0.25,0.0,0.0,0,0.37
77,136,4358.6,0,0.01,0.0,0.0,0,0.03
77,137,3463.6,9,0.06,0.01,0.0,0,0.1
77,138,3021.7,14,0.08,0.08,0.0,0,0.17
77,139,1788.9,4,0.04,0.15,0.001,0,0.11
77,140,3311.2,8,0.09,0.03,0.0,0,0.12
77,141,731.1,69,1.2,14.86,0.063,0,2.71
77,142,4661.5,0,0.01,0.0,0.0,0,0.01
77,143,1790.8,26,0.11,0.43,0.001,0,0.36
77,144,3721.6,2,0.08,0.01,0.0,0,0.09
77,145,1647.7,62,0.74,0.89,0.003,0,0.82
77,146,1371.7,10,0.03,0.25,0.004,0,0.1
77,147,3438.3,3,0.02,0.01,0.0,0,0.04
77,148,1461.4,13,0.48,1.15,0.004,0,0.7
77,149,4514.8,1,0.02,0.0,0.0,0,0.02
77,150,3288.4,3,0.1,0.03,0.0,0,0.11
77,151,1926.2,13,0.15,0.52,0.001,0,0.18
77,152,6049.7,0,0.0,0.0,0.0,0,0.01
77,153,2544.5,6,0.02,0.13,0.0,0,0.1
77,154,5923.1,1,0.05,0.0,0.0,0,0.06
77,155,4494.0,5,0.05,0.0,0.0,0,0.05
77,156,4024.3,62,0.68,0.05,0.0,0,0.71
77,157,1353.0,6,0.21,2.09,0.006,0,0.26
77,158,4805.7,1,0.02,0.0,0.0,0,0.02
77,159,5317.8,1,0.01,0.0,0.0,0,0.04
77,160,3973.4,5,0.01,0.0,0.0,0,0.06
77,161,3902.5,5,0.03,0.01,0.0,0,0.11
77,162,3869.9,12,0.04,0.04,0.0,0,0.15
77,163,5667.5,0,0.01,0.0,0.0,0,0.02
77,164,2705.1,41,0.31,0.25,0.0,0,0.46
77,165,5230.0,3,0.02,0.0,0.0,0,0.05
77,166,5688.1,5,0.06,0.0,0.0,0,0.11
77,167,3686.9,10,0.3,0.07,0.0,0,0.35
77,168,3496.8,0,0.01,0.01,0.0,0,0.04
77,169,1977.7,5,0.04,0.11,0.001,0,0.1
77,170,4641.0,0,0.01,0.0,0.0,0,0.02
77,171,4248.9,1,0.01,0.0,0.0,0,0.02
77,172,2448.5,11,0.07,0.1,0.0,0,0.17
77,173,2156.2,26,0.21,0.38,0.0,0,0.31
77,174,3972.0,5,0.05,0.01,0.0,0,0.07
77,175,2218.0,24,0.05,0.46,0.001,0,0.31
77,176,2282.7,6,0.14,0.14,0.0,0,0.15
77,177,1214.1,15,0.14,7.18,0.009,0,1.28
77,178,5230.7,1,0.0,0.0,0.0,0,0.02
77,179,4640.8,16,0.22,0.01,0.0,0,1.3
77,180,4296.0,4,0.04,0.01,0.0,0,0.11
77,181,4322.5,0,0.01,0.0,0.0,0,0.02
77,182,4059.3,2,0.03,0.0,0.0,0,0.03
77,183,4297.7,17,0.1,0.01,0.0,0,0.29
77,184,3549.9,2,0.02,0.01,0.0,0,0.03
77,185,3830.9,4,0.05,0.02,0.0,0,0.09
77,186,2915.4,6,0.13,0.05,0.0,0,0.15
77,187,4994.2,0,0.01,0.0,0.0,0,0.02
77,188,2034.7,12,0.05,0.1,0.001,0,0.17
77,189,5016.4,0,0.0,0.0,0.0,0,0.01
77,190,2834.7,5,0.07,0.04,0.0,0,0.09
77,191,3188.4,32,0.22,0.07,0.0,0,0.46
77,192,2202.1,8,0.03,0.19,0.0,0,0.15
77,193,2160.5,0,0.02,0.08,0.0,0,0.04
77,194,4460.5,1,0.03,0.0,0.0,0,0.05
77,195,5265.0,4,0.07,0.0,0.0,0,0.11
77,196,1340.2,2,0.03,0.62,0.007,0,0.19
77,197,3055.3,2,0.06,0.05,0.0,0,0.07
77,198,5500.0,2,0.04,0.0,0.0,0,0.05
77,199,5032.8,0,0.01,0.0,0.0,0,0.01
78,79,3281.9,0,0.02,0.0,0.0,0,0.03
78,80,1894.5,15,0.2,0.49,0.001,0,0.34
78,81,4754.3,12,0.26,0.0,0.0,0,0.27
78,82,4366.9,7,0.06,0.02,0.0,0,0.24
78,83,1931.0,14,0.14,0.42,0.001,0,0.16
78,84,804.6,14,0.93,1.84,0.019,0,0.97
78,85,3930.2,1,0.02,0.01,0.0,0,0.04
78,86,1434.2,27,0.91,7.36,0.001,0,1.6
78,87,3659.0,6,0.02,0.02,0.0,0,0.13
78,88,3667.3,4,0.09,0.01,0.0,0,0.1
78,89,921.1,148,0.39,6.06,0.019,0,1.51
78,90,2140.8,4,0.15,0.32,0.0,0,0.18
78,91,3477.8,4,0.02,0.08,0.0,0,0.18
78,92,2817.5,4,0.02,0.04,0.0,0,0.06
78,93,2393.6,14,0.21,0.2,0.0,0,0.34
78,94,4257.7,1,0.02,0.0,0.0,0,0.04
78,95,2824.6,0,0.01,0.01,0.0,0,0.03
78,96,2626.3,25,0.06,0.1,0.0,0,0.28
78,97,2193.2,34,0.12,0.31,0.0,0,0.53
78,98,2031.0,4,0.04,0.45,0.0,0,0.11
78,99,2554.1,2,0.1,0.12,0.0,0,0.13
78,100,3294.6,1,0.02,0.01,0.0,0,0.03
78,101,3579.7,1,0.04,0.01,0.0,0,0.06
78,102,4232.0,5,0.06,0.01,0.0,0,0.08
78,103,1591.5,5,0.01,0.74,0.002,0,0.08
78,104,2600.0,10,0.09,0.11,0.0,0,0.11
78,105,759.6,116,0.99,9.52,0.023,0,2.25
78,106,2253.1,82,0.17,2.4,0.0,0,1.0
78,107,1658.0,76,0.32,1.32,0.002,0,0.88
78,108,965.0,132,0.72,4.58,0.031,0,1.35
78,109,2305.4,5,0.1,0.23,0.0,0,0.14
78,110,1087.6,1,0.01,0.49,0.012,0,0.06
78,111,3339.9,7,0.05,0.03,0.0,0,0.08
78,112,2997.5,1,0.07,0.07,0.0,0,0.1
78,113,756.2,269,17.13,54.42,0.052,0,23.68
78,114,1645.4,9,0.11,0.88,0.003,0,0.12
78,115,2462.2,18,0.21,0.18,0.0,0,0.25
78,116,2983.6,6,0.05,0.06,0.0,0,0.09
78,117,2006.6,5,0.07,0.12,0.001,0,0.12
78,118,919.5,206,1.09,15.65,0.042,0,3.06
78,119,2034.2,43,0.27,1.18,0.0,0,0.46
78,120,2924.3,31,0.1,0.2,0.0,0,0.35
78,121,1880.9,5,0.04,0.2,0.001,0,0.08
78,122,2281.7,24,0.28,0.83,0.0,0,0.58
78,123,2429.1,5,0.11,0.05,0.0,0,0.11
78,124,2237.3,23,0.18,0.57,0.0,0,0.3
78,125,781.4,86,1.61,55.62,0.048,0,3.74
78,126,2490.9,8,0.03,0.08,0.0,0,0.11
78,127,4526.6,17,0.17,0.0,0.0,0,0.18
78,128,4349.2,14,0.11,0.0,0.0,0,0.17
78,129,2233.3,17,0.23,0.29,0.0,0,0.25
78,130,1674.2,5,0.02,0.14,0.003,0,0.06
78,131,4744.1,1,0.04,0.0,0.0,0,0.17
78,132,1599.8,5,0.02,0.57,0.002,0,0.09
78,133,3543.1,4,0.18,0.03,0.0,0,0.25
78,134,3010.7,0,0.02,0.02,0.0,0,0.02
78,135,3483.1,7,0.4,0.07,0.0,0,0.47
78,136,2743.3,2,0.05,0.08,0.0,0,0.07
78,137,3003.7,10,0.07,0.04,0.0,0,0.13
78,138,2489.9,25,0.31,0.25,0.0,0,0.32
78,139,808.5,12,0.15,1.05,0.022,0,0.62
78,140,2482.4,10,0.02,0.3,0.0,0,0.14
78,141,1640.7,60,0.72,3.4,0.003,0,0.81
78,142,3643.6,0,0.01,0.0,0.0,0,0.01
78,143,2211.3,8,0.2,0.25,0.0,0,0.27
78,144,2155.3,9,0.29,0.48,0.0,0,0.51
78,145,891.2,330,1.41,6.4,0.03,0,3.73
78,146,1898.7,8,0.07,0.1,0.0,0,0.1
78,147,2334.3,1,0.01,0.04,0.0,0,0.05
78,148,1133.0,59,1.61,3.05,0.017,0,2.04
78,149,3497.5,4,0.01,0.04,0.0,0,0.09
78,150,2417.1,27,0.4,0.28,0.0,0,0.65
78,151,888.4,144,1.44,3.02,0.009,0,1.51
78,152,4791.5,1,0.02,0.0,0.0,0,0.03
78,153,1915.4,15,0.14,0.52,0.0,0,0.79
78,154,4188.0,10,0.05,0.01,0.0,0,0.12
78,155,3302.1,0,0.03,0.02,0.0,0,0.05
78,156,2527.7,107,0.99,0.52,0.0,0,1.32
78,157,849.8,136,1.9,5.6,0.032,0,3.37
78,158,3101.2,3,0.03,0.01,0.0,0,0.08
78,159,3804.1,11,0.14,0.02,0.0,0,0.22
78,160,2753.6,6,0.06,0.04,0.0,0,0.09
78,161,2795.1,36,0.05,0.23,0.0,0,0.4
78,162,3271.7,37,0.64,0.14,0.0,0,0.74
78,163,4538.3,5,0.08,0.0,0.0,0,0.11
78,164,1800.2,23,0.18,1.39,0.001,0,0.58
78,165,3725.0,2,0.03,0.03,0.0,0,0.14
78,166,4278.0,18,0.12,0.01,0.0,0,0.38
78,167,1942.7,151,1.72,6.48,0.0,0,3.91
78,168,2615.2,3,0.13,0.09,0.0,0,0.14
78,169,2155.1,0,0.02,0.09,0.0,0,0.07
78,170,3347.3,2,0.03,0.01,0.0,0,0.04
78,171,3414.6,1,0.09,0.01,0.0,0,0.1
78,172,2729.5,2,0.05,0.15,0.0,0,0.05
78,173,412.2,149,2.87,13.15,0.053,0,3.53
78,174,3134.0,18,0.18,0.05,0.0,0,0.22
78,175,1195.6,36,0.33,7.27,0.015,0,0.62
78,176,2187.6,6,0.17,0.24,0.0,0,0.17
78,177,1015.2,56,0.81,7.06,0.011,0,1.87
78,178,3909.6,1,0.04,0.0,0.0,0,0.05
78,179,3054.5,33,0.08,0.83,0.0,0,0.61
78,180,3118.4,4,0.03,0.06,0.0,0,0.26
78,181,3485.6,2,0.0,0.01,0.0,0,0.03
78,182,2323.8,2,0.06,0.12,0.0,0,0.09
78,183,2562.5,34,0.28,0.22,0.0,0,0.36
78,184,3434.7,12,0.11,0.01,0.0,0,0.14
78,185,3770.1,1,0.03,0.03,0.0,0,0.11
78,186,1295.6,129,0.56,2.46,0.006,0,1.95
78,187,3251.4,6,0.06,0.02,0.0,0,0.17
78,188,877.4,77,0.23,2.62,0.018,0,0.78
78,189,3323.2,0,0.01,0.01,0.0,0,0.01
78,190,2422.7,1,0.05,0.09,0.0,0,0.1
78,191,1584.4,31,0.32,2.21,0.003,0,0.84
78,192,614.3,27,0.41,9.21,0.107,0,0.72
78,193,1926.9,6,0.04,0.11,0.001,0,0.09
78,194,3613.7,5,0.11,0.02,0.0,0,0.13
78,195,3950.9,1,0.01,0.02,0.0,0,0.05
78,196,667.3,36,0.43,1.59,0.089,0,0.51
78,197,1905.2,16,0.17,0.65,0.001,0,0.24
78,198,3772.3,5,0.05,0.01,0.0,0,0.09
78,199,4042.2,1,0.01,0.0,0.0,0,0.03
79,80,1921.6,3,0.03,0.05,0.001,0,0.04
79,81,2934.3,1,0.01,0.01,0.0,0,0.02
79,82,2757.3,6,0.02,0.05,0.0,0,0.09
79,83,2061.1,0,0.01,0.03,0.0,0,0.04
79,84,2493.8,0,0.01,0.01,0.0,0,0.01
79,85,1817.8,1,0.02,0.04,0.002,0,0.04
79,86,2472.3,4,0.06,0.05,0.0,0,0.1
79,87,3438.3,0,0.01,0.01,0.0,0,0.03
79,88,2589.0,0,0.01,0.01,0.0,0,0.01
79,89,2951.3,3,0.01,0.02,0.0,0,0.05
79,90,1162.0,2,0.04,0.2,0.013,0,0.05
79,91,335.7,132,0.65,4.34,0.207,0,1.7
79,92,2671.5,0,0.01,0.01,0.0,0,0.01
79,93,2936.0,1,0.0,0.01,0.0,0,0.01
79,94,3930.2,0,0.0,0.0,0.0,0,0.01
79,95,638.0,1,0.04,0.14,0.062,0,0.05
79,96,967.3,8,0.13,0.78,0.025,0,0.13
79,97,1938.9,10,0.13,0.07,0.0,0,0.23
79,98,2621.6,1,0.02,0.01,0.0,0,0.02
79,99,758.3,2,0.07,0.47,0.066,0,0.08
79,100,2397.8,0,0.0,0.01,0.0,0,0.0
79,101,309.0,45,0.18,0.9,0.156,0,0.53
79,102,3556.9,0,0.0,0.0,0.0,0,0.01
79,103,1700.6,0,0.0,0.08,0.001,0,0.01
79,104,1696.9,3,0.03,0.09,0.003,0,0.08
79,105,2535.8,1,0.01,0.04,0.0,0,0.01
79,106,1036.2,44,0.12,2.27,0.009,0,0.73
79,107,3805.2,0,0.0,0.0,0.0,0,0.01
79,108,2378.1,0,0.04,0.04,0.0,0,0.04
79,109,2842.0,0,0.01,0.01,0.0,0,0.01
79,110,2594.7,0,0.0,0.0,0.0,0,0.0
79,111,171.6,33,0.7,2.21,0.402,0,0.77
79,112,1626.8,1,0.02,0.12,0.001,0,0.04
79,113,2714.8,8,0.21,0.31,0.0,0,0.3
79,114,2407.8,0,0.01,0.03,0.0,0,0.02
79,115,2274.0,1,0.01,0.05,0.0,0,0.02
79,116,1077.5,1,0.03,0.52,0.01,0,0.04
79,117,1388.3,0,0.01,0.04,0.004,0,0.01
79,118,2715.7,2,0.04,0.03,0.0,0,0.05
79,119,1412.1,7,0.06,0.17,0.005,0,0.1
79,120,3645.4,2,0.0,0.0,0.0,0,0.02
79,121,2215.8,2,0.0,0.01,0.0,0,0.02
79,122,2244.4,12,0.15,0.16,0.0,0,0.17
79,123,1493.5,0,0.01,0.03,0.001,0,0.01
79,124,1232.3,8,0.11,0.4,0.009,0,0.11
79,125,2790.8,10,0.12,0.13,0.0,0,0.15
79,126,1913.4,1,0.01,0.03,0.0,0,0.02
79,127,3088.6,0,0.0,0.0,0.0,0,0.01
79,128,2356.3,5,0.06,0.06,0.0,0,0.07
79,129,1054.8,0,0.02,0.29,0.016,0,0.03
79,130,3394.3,0,0.0,0.0,0.0,0,0.0
79,131,3159.2,1,0.01,0.01,0.0,0,0.02
79,132,2564.2,0,0.01,0.01,0.0,0,0.01
79,133,283.0,51,0.13,2.01,0.36,0,0.82
79,134,375.6,3,0.04,0.68,0.152,0,0.09
79,135,4820.0,0,0.02,0.0,0.0,0,0.03
79,136,3099.9,0,0.0,0.0,0.0,0,0.01
79,137,296.2,13,0.36,1.0,0.312,0,0.45
79,138,794.7,23,0.14,2.08,0.043,0,0.25
79,139,2486.0,0,0.0,0.0,0.0,0,0.0
79,140,1037.1,3,0.1,0.37,0.01,0,0.16
79,141,2922.3,2,0.01,0.02,0.0,0,0.04
79,142,1614.5,0,0.0,0.03,0.002,0,0.02
79,143,1940.6,1,0.04,0.05,0.001,0,0.04
79,144,2701.5,1,0.01,0.01,0.0,0,0.03
79,145,2460.9,1,0.07,0.04,0.0,0,0.08
79,146,2305.5,0,0.01,0.01,0.0,0,0.01
79,147,1535.7,0,0.01,0.03,0.002,0,0.02
79,148,2394.8,3,0.01,0.03,0.0,0,0.05
79,149,1532.1,2,0.04,0.25,0.006,0,0.05
79,150,1126.4,4,0.07,0.4,0.004,0,0.14
79,151,2393.6,0,0.02,0.02,0.0,0,0.04
79,152,3072.7,0,0.01,0.0,0.0,0,0.01
79,153,1366.5,3,0.01,0.21,0.008,0,0.06
79,154,4847.0,0,0.01,0.0,0.0,0,0.01
79,155,1900.0,0,0.01,0.03,0.001,0,0.01
79,156,2553.1,5,0.03,0.09,0.0,0,0.06
79,157,2676.8,0,0.03,0.02,0.0,0,0.05
79,158,3808.4,0,0.0,0.0,0.0,0,0.0
79,159,3228.1,4,0.01,0.02,0.0,0,0.06
79,160,1799.4,2,0.01,0.03,0.001,0,0.03
79,161,1527.3,1,0.08,0.22,0.004,0,0.1
79,162,469.7,8,0.68,3.64,0.094,0,0.81
79,163,2528.1,0,0.01,0.01,0.0,0,0.01
79,164,1552.4,7,0.17,0.22,0.002,0,0.19
79,165,3144.1,0,0.02,0.01,0.0,0,0.03
79,166,3160.0,1,0.01,0.01,0.0,0,0.02
79,167,3935.6,7,0.03,0.02,0.0,0,0.08
79,168,1068.4,10,0.04,0.32,0.021,0,0.15
79,169,1694.1,0,0.0,0.07,0.002,0,0.01
79,170,2214.7,0,0.01,0.02,0.0,0,0.01
79,171,1050.1,2,0.07,0.21,0.016,0,0.09
79,172,1416.6,2,0.02,0.2,0.005,0,0.04
79,173,3370.6,0,0.02,0.0,0.0,0,0.03
79,174,959.8,14,0.09,0.4,0.006,0,0.15
79,175,2102.2,2,0.01,0.06,0.0,0,0.04
79,176,1368.0,3,0.02,0.12,0.006,0,0.07
79,177,2668.9,9,0.04,0.1,0.0,0,0.16
79,178,2619.8,0,0.01,0.01,0.0,0,0.01
79,179,3113.0,13,0.04,0.08,0.0,0,0.31
79,180,1786.9,7,0.09,0.1,0.002,0,0.1
79,181,1091.9,1,0.05,0.12,0.014,0,0.06
79,182,3698.7,0,0.0,0.0,0.0,0,0.01
79,183,3813.8,2,0.01,0.0,0.0,0,0.03
79,184,486.9,10,0.15,0.9,0.103,0,0.26
79,185,702.9,49,0.63,1.19,0.01,0,0.66
79,186,2792.9,2,0.01,0.02,0.0,0,0.03
79,187,4350.9,0,0.01,0.0,0.0,0,0.01
79,188,2414.3,0,0.01,0.01,0.0,0,0.02
79,189,3853.1,0,0.0,0.0,0.0,0,0.0
79,190,879.1,2,0.03,0.46,0.05,0,0.06
79,191,2749.9,0,0.03,0.02,0.0,0,0.03
79,192,2857.8,1,0.02,0.01,0.0,0,0.03
79,193,1522.7,0,0.0,0.05,0.004,0,0.01
79,194,1187.0,11,0.09,0.48,0.002,0,0.14
79,195,2624.6,0,0.03,0.01,0.0,0,0.04
79,196,2851.5,0,0.0,0.0,0.0,0,0.0
79,197,1742.7,5,0.04,0.11,0.003,0,0.07
79,198,4456.8,0,0.01,0.0,0.0,0,0.01
79,199,1811.3,0,0.01,0.03,0.001,0,0.02
80,81,4457.5,4,0.01,0.0,0.0,0,0.09
80,82,4160.1,9,0.05,0.02,0.0,0,0.12
80,83,175.7,57,1.24,11.33,0.166,0,2.08
80,84,1181.8,6,0.08,0.76,0.003,0,0.13
80,85,3369.6,2,0.03,0.01,0.0,0,0.04
80,86,2088.8,19,0.13,1.21,0.001,0,0.28
80,87,4167.7,15,0.15,0.01,0.0,0,0.19
80,88,3678.6,1,0.02,0.01,0.0,0,0.02
80,89,1189.2,8,0.14,3.12,0.009,0,0.61
80,90,1268.9,28,0.26,1.77,0.005,0,0.4
80,91,2229.8,64,0.23,0.62,0.0,0,0.7
80,92,3210.2,0,0.01,0.01,0.0,0,0.02
80,93,3107.7,21,0.19,0.02,0.0,0,0.25
80,94,4778.5,3,0.0,0.0,0.0,0,0.03
80,95,1295.9,4,0.05,0.31,0.004,0,0.06
80,96,983.3,42,0.49,2.79,0.014,0,0.49
80,97,331.3,326,1.32,12.14,0.131,0,4.27
80,98,2655.4,1,0.06,0.09,0.0,0,0.1
80,99,1214.6,12,0.19,1.1,0.009,0,0.21
80,100,3341.9,0,0.03,0.01,0.0,0,0.03
80,101,2142.9,7,0.09,0.14,0.0,0,0.1
80,102,4554.1,1,0.0,0.0,0.0,0,0.03
80,103,1116.1,5,0.03,0.82,0.007,0,0.2
80,104,2410.0,15,0.16,0.13,0.0,0,0.32
80,105,1223.7,19,0.43,2.09,0.007,0,0.46
80,106,1079.4,481,2.95,23.55,0.011,0,4.85
80,107,3187.3,4,0.04,0.05,0.0,0,0.14
80,108,1455.2,41,0.62,1.58,0.003,0,0.89
80,109,2990.1,6,0.07,0.03,0.0,0,0.1
80,110,859.1,15,0.14,0.57,0.039,0,0.18
80,111,1891.0,7,0.11,0.38,0.001,0,0.38
80,112,2667.0,5,0.09,0.06,0.0,0,0.1
80,113,1764.6,103,1.46,8.51,0.001,0,2.0
80,114,2201.4,3,0.03,0.19,0.0,0,0.07
80,115,2712.7,26,0.08,0.15,0.0,0,0.4
80,116,1190.4,44,0.44,1.62,0.018,0,0.47
80,117,1454.8,2,0.04,0.37,0.002,0,0.06
80,118,1027.2,22,0.42,9.63,0.023,0,0.67
80,119,574.6,143,6.69,7.14,0.07,0,8.74
80,120,3856.9,10,0.05,0.01,0.0,0,0.26
80,121,2226.2,0,0.01,0.09,0.0,0,0.04
80,122,2560.9,21,0.42,0.54,0.0,0,0.45
80,123,2105.4,3,0.04,0.05,0.001,0,0.06
80,124,702.1,126,1.16,8.27,0.069,0,1.99
80,125,1884.1,108,0.55,4.37,0.001,0,1.33
80,126,2479.4,2,0.03,0.04,0.0,0,0.04
80,127,4437.8,2,0.03,0.0,0.0,0,0.05
80,128,3910.5,5,0.07,0.01,0.0,0,0.09
80,129,1237.6,6,0.23,0.83,0.014,0,0.38
80,130,1473.2,2,0.02,0.23,0.004,0,0.05
80,131,4588.1,7,0.05,0.0,0.0,0,0.11
80,132,2301.1,1,0.01,0.07,0.0,0,0.05
80,133,2202.3,19,0.31,0.22,0.0,0,0.75
80,134,1553.7,3,0.03,0.26,0.003,0,0.06
80,135,4806.1,38,0.35,0.0,0.0,0,0.42
80,136,3428.0,2,0.03,0.01,0.0,0,0.06
80,137,1747.5,3,0.25,0.72,0.002,0,0.31
80,138,1351.1,31,0.19,2.79,0.003,0,0.34
80,139,1189.8,2,0.04,0.39,0.011,0,0.09
80,140,1749.2,2,0.08,0.46,0.002,0,0.15
80,141,1000.7,67,1.23,6.1,0.022,0,4.0
80,142,3085.9,0,0.01,0.0,0.0,0,0.01
80,143,350.6,348,1.96,15.7,0.028,0,4.16
80,144,2796.5,1,0.06,0.11,0.0,0,0.09
80,145,1037.8,25,0.56,6.87,0.018,0,0.92
80,146,413.5,64,0.22,3.04,0.197,0,0.7
80,147,2048.6,2,0.02,0.09,0.0,0,0.05
80,148,761.7,187,0.38,9.15,0.033,0,2.91
80,149,2947.7,3,0.07,0.05,0.0,0,0.1
80,150,1755.7,5,0.12,0.64,0.002,0,0.2
80,151,1215.8,140,1.61,2.56,0.012,0,2.96
80,152,4559.0,0,0.01,0.0,0.0,0,0.06
80,153,1019.2,20,0.31,1.46,0.018,0,0.6
80,154,5231.5,6,0.11,0.0,0.0,0,0.13
80,155,3044.5,3,0.03,0.02,0.0,0,0.06
80,156,2945.8,108,0.97,0.31,0.0,0,1.1
80,157,1058.8,42,0.16,4.04,0.005,0,0.49
80,158,4052.8,1,0.0,0.0,0.0,0,0.02
80,159,4129.6,3,0.14,0.01,0.0,0,0.18
80,160,2600.6,3,0.02,0.03,0.0,0,0.06
80,161,2447.9,4,0.06,0.46,0.0,0,0.19
80,162,2169.2,45,0.1,0.74,0.0,0,0.54
80,163,4107.1,6,0.06,0.0,0.0,0,0.07
80,164,1337.4,49,0.23,3.46,0.007,0,0.58
80,165,4036.3,11,0.12,0.01,0.0,0,0.13
80,166,4350.3,21,0.1,0.01,0.0,0,0.42
80,167,3430.6,33,0.19,0.14,0.0,0,0.45
80,168,1941.6,0,0.03,0.42,0.001,0,0.09
80,169,285.8,39,0.09,5.97,0.199,0,0.73
80,170,3263.9,2,0.01,0.01,0.0,0,0.05
80,171,2608.3,1,0.02,0.05,0.0,0,0.03
80,172,862.9,16,0.28,4.06,0.046,0,0.38
80,173,2186.2,12,0.09,0.7,0.0,0,0.29
80,174,2349.7,5,0.06,0.26,0.0,0,0.11
80,175,1222.8,18,0.44,3.83,0.003,0,0.96
80,176,555.7,19,0.24,8.7,0.145,0,0.94
80,177,943.5,129,1.42,19.33,0.026,0,2.64
80,178,3834.3,4,0.02,0.01,0.0,0,0.06
80,179,3625.1,36,0.67,0.11,0.0,0,1.34
80,180,2853.2,27,0.12,0.09,0.0,0,0.34
80,181,2679.3,3,0.02,0.03,0.0,0,0.04
80,182,3528.4,7,0.08,0.01,0.0,0,0.11
80,183,3736.4,4,0.08,0.01,0.0,0,0.38
80,184,1841.3,4,0.13,0.25,0.001,0,0.15
80,185,2142.9,8,0.12,0.58,0.001,0,0.24
80,186,2273.0,19,0.05,0.38,0.0,0,0.23
80,187,4432.7,3,0.03,0.0,0.0,0,0.05
80,188,1330.2,6,0.03,0.73,0.009,0,0.07
80,189,4207.3,0,0.01,0.0,0.0,0,0.02
80,190,1140.2,36,0.12,1.18,0.018,0,0.4
80,191,2441.1,12,0.24,0.35,0.0,0,0.4
80,192,1824.2,10,0.03,0.66,0.001,0,0.2
80,193,505.4,33,0.29,1.49,0.047,0,0.43
80,194,2814.6,9,0.09,0.08,0.0,0,0.15
80,195,3860.1,10,0.12,0.01,0.0,0,0.14
80,196,1256.7,8,0.12,0.44,0.008,0,0.34
80,197,1792.0,5,0.2,0.67,0.001,0,0.28
80,198,4791.3,8,0.11,0.0,0.0,0,0.11
80,199,3424.8,4,0.02,0.01,0.0,0,0.05
81,82,402.8,455,13.78,51.04,0.159,0,13.83
81,83,4631.2,6,0.01,0.0,0.0,0,0.07
81,84,4274.0,8,0.07,0.0,0.0,0,0.09
81,85,1127.1,38,0.57,1.86,0.008,0,0.95
81,86,3328.9,14,0.23,0.07,0.0,0,0.33
81,87,1832.1,47,0.28,1.23,0.0,0,0.5
81,88,1148.9,20,0.19,1.9,0.013,0,0.26
81,89,5007.0,9,0.06,0.0,0.0,0,0.11
81,90,3197.7,6,0.14,0.06,0.0,0,0.15
81,91,2624.9,55,0.43,0.41,0.0,0,0.61
81,92,2093.6,19,0.03,0.12,0.0,0,0.26
81,93,2654.1,12,0.06,0.08,0.0,0,0.23
81,94,1822.8,10,0.08,0.33,0.001,0,0.16
81,95,3460.4,2,0.02,0.01,0.0,0,0.03
81,96,3750.5,15,0.11,0.03,0.0,0,0.18
81,97,4623.0,1,0.03,0.0,0.0,0,0.1
81,98,2825.0,5,0.17,0.13,0.0,0,0.28
81,99,3336.3,5,0.16,0.03,0.0,0,0.18
81,100,1491.3,4,0.15,0.54,0.002,0,0.18
81,101,2971.4,12,0.09,0.04,0.0,0,0.16
81,102,1375.3,21,0.43,1.3,0.005,0,1.25
81,103,3548.9,6,0.02,0.02,0.0,0,0.11
81,104,2203.2,6,0.17,0.16,0.0,0,0.39
81,105,4291.6,3,0.04,0.01,0.0,0,0.06
81,106,3385.2,45,0.32,0.29,0.0,0,0.63
81,107,4037.3,4,0.05,0.01,0.0,0,0.08
81,108,3875.3,14,0.11,0.01,0.0,0,0.26
81,109,2679.2,8,0.04,0.14,0.0,0,0.12
81,110,4730.2,0,0.01,0.0,0.0,0,0.01
81,111,3083.4,1,0.09,0.05,0.0,0,0.14
81,112,1844.7,2,0.1,0.85,0.002,0,0.2
81,113,3999.0,178,0.57,0.12,0.0,0,1.8
81,114,3120.7,4,0.17,0.05,0.0,0,0.27
81,115,2312.1,5,0.38,0.45,0.0,0,0.54
81,116,3992.1,1,0.06,0.01,0.0,0,0.06
81,117,3083.6,4,0.04,0.02,0.0,0,0.04
81,118,4757.2,6,0.1,0.01,0.0,0,0.13
81,119,3887.5,23,0.17,0.03,0.0,0,0.28
81,120,2762.9,56,0.96,0.35,0.0,0,1.2
81,121,2874.5,2,0.1,0.04,0.0,0,0.11
81,122,2484.8,107,0.9,0.89,0.0,0,1.44
81,123,2454.4,2,0.08,0.03,0.0,0,0.08
81,124,3811.2,4,0.18,0.03,0.0,0,0.28
81,125,3978.1,30,0.79,0.07,0.0,0,0.94
81,126,2270.8,5,0.1,0.16,0.0,0,0.1
81,127,479.0,86,0.21,4.62,0.076,0,1.5
81,128,578.3,106,0.96,15.09,0.017,0,3.41
81,129,3219.9,4,0.04,0.03,0.0,0,0.06
81,130,5747.8,0,0.0,0.0,0.0,0,0.01
81,131,324.2,354,1.17,16.82,0.097,1,4.38
81,132,3196.6,1,0.04,0.02,0.0,0,0.13
81,133,2779.1,10,0.12,0.34,0.0,0,0.33
81,134,3243.7,3,0.06,0.02,0.0,0,0.09
81,135,3703.9,11,0.35,0.1,0.0,0,0.45
81,136,2438.9,8,0.1,0.16,0.0,0,0.17
81,137,2910.5,2,0.01,0.05,0.0,0,0.06
81,138,3135.8,16,0.03,0.12,0.0,0,0.2
81,139,4256.3,3,0.01,0.0,0.0,0,0.03
81,140,2711.0,9,0.29,0.18,0.0,0,0.32
81,141,5339.8,10,0.09,0.0,0.0,0,0.12
81,142,1384.1,1,0.04,0.2,0.003,0,0.11
81,143,4632.2,1,0.11,0.0,0.0,0,0.11
81,144,2745.0,28,0.33,0.24,0.0,0,0.46
81,145,4360.2,8,0.05,0.01,0.0,0,0.11
81,146,4868.7,1,0.02,0.0,0.0,0,0.03
81,147,2538.4,3,0.02,0.07,0.0,0,0.1
81,148,4511.8,19,0.1,0.01,0.0,0,0.22
81,149,1514.3,24,0.19,2.54,0.002,0,0.46
81,150,2714.4,6,0.15,0.14,0.0,0,0.29
81,151,4115.2,6,0.08,0.01,0.0,0,0.17
81,152,162.3,91,2.91,12.18,0.527,1,3.39
81,153,3471.2,5,0.14,0.04,0.0,0,0.14
81,154,3118.7,11,0.26,0.05,0.0,0,0.4
81,155,1485.6,10,0.27,0.51,0.005,0,0.32
81,156,2327.7,81,0.68,2.01,0.0,0,1.51
81,157,4658.4,7,0.06,0.0,0.0,0,0.14
81,158,2773.4,2,0.06,0.06,0.0,0,0.07
81,159,1464.0,99,0.32,3.1,0.002,0,1.51
81,160,2026.4,3,0.06,0.18,0.001,0,0.07
81,161,2070.7,54,0.67,1.5,0.001,0,1.05
81,162,2488.4,83,0.31,1.12,0.0,0,1.0
81,163,416.2,106,0.82,4.61,0.049,0,2.46
81,164,3268.3,10,0.1,0.12,0.0,0,0.3
81,165,1469.9,33,0.42,3.28,0.004,0,0.72
81,166,858.2,98,2.58,6.9,0.019,0,3.16
81,167,3943.2,10,0.28,0.12,0.0,0,1.03
81,168,2518.6,2,0.04,0.2,0.0,0,0.13
81,169,4342.7,11,0.07,0.0,0.0,0,0.14
81,170,1408.1,9,0.18,0.99,0.008,0,0.19
81,171,1924.0,5,0.03,0.2,0.001,0,0.07
81,172,4277.7,3,0.07,0.01,0.0,0,0.16
81,173,4555.8,8,0.11,0.01,0.0,0,0.11
81,174,2136.7,15,0.19,0.57,0.001,0,0.32
81,175,3786.9,11,0.34,0.04,0.0,0,0.47
81,176,3964.3,5,0.09,0.01,0.0,0,0.16
81,177,4767.6,47,0.09,0.01,0.0,0,0.5
81,178,886.1,75,0.66,4.32,0.04,0,2.89
81,179,2144.5,112,0.62,6.44,0.0,0,2.3
81,180,1682.2,91,0.83,2.55,0.001,0,0.98
81,181,1865.9,9,0.07,0.31,0.001,0,0.26
81,182,3358.7,1,0.01,0.01,0.0,0,0.04
81,183,3269.3,11,0.05,0.08,0.0,0,0.41
81,184,3376.1,19,0.11,0.02,0.0,0,0.24
81,185,3408.3,11,0.37,0.11,0.0,0,0.41
81,186,3539.6,18,0.12,0.04,0.0,0,0.2
81,187,3285.6,8,0.11,0.06,0.0,0,0.14
81,188,4036.1,4,0.04,0.0,0.0,0,0.07
81,189,2616.5,6,0.1,0.03,0.0,0,0.11
81,190,3363.4,3,0.04,0.01,0.0,0,0.07
81,191,3275.6,14,0.22,0.09,0.0,0,0.27
81,192,4140.9,6,0.03,0.01,0.0,0,0.17
81,193,3952.8,0,0.04,0.0,0.0,0,0.04
81,194,1753.3,7,0.16,1.14,0.001,0,0.54
81,195,840.5,31,0.61,5.76,0.046,0,1.09
81,196,4738.9,2,0.03,0.0,0.0,0,0.06
81,197,2941.9,21,0.41,0.07,0.0,0,0.42
81,198,2952.8,7,0.03,0.1,0.0,0,0.23
81,199,1123.2,11,0.07,0.76,0.018,0,0.17
82,83,4335.2,14,0.2,0.02,0.0,0,0.24
82,84,3909.8,6,0.02,0.02,0.0,0,0.11
82,85,949.7,204,2.76,9.66,0.019,0,3.01
82,86,2937.5,77,0.77,0.64,0.0,0,0.86
82,87,1496.2,174,1.53,11.34,0.005,0,2.24
82,88,746.3,54,0.44,11.48,0.029,0,1.26
82,89,4650.4,41,0.47,0.03,0.0,0,0.69
82,90,2892.3,50,0.22,0.29,0.0,0,0.78
82,91,2469.2,226,1.9,0.94,0.0,0,2.61
82,92,1691.1,15,0.54,1.64,0.002,0,0.72
82,93,2252.6,3,0.07,0.59,0.0,0,0.25
82,94,1592.0,21,0.71,3.12,0.003,0,1.06
82,95,3237.4,1,0.03,0.04,0.0,0,0.06
82,96,3510.5,17,0.3,0.16,0.0,0,0.33
82,97,4345.1,23,0.08,0.02,0.0,0,0.35
82,98,2423.8,9,0.22,0.77,0.0,0,0.36
82,99,3081.7,34,0.41,0.15,0.0,0,0.68
82,100,1090.8,107,0.53,2.36,0.022,0,1.21
82,101,2834.9,21,0.22,0.19,0.0,0,0.33
82,102,1131.3,46,1.22,7.24,0.013,0,1.57
82,103,3209.3,2,0.22,0.05,0.0,0,0.26
82,104,1844.4,162,1.35,2.79,0.0,0,2.24
82,105,3925.5,17,0.64,0.06,0.0,0,0.83
82,106,3100.9,530,1.68,1.03,0.0,0,5.35
82,107,3636.7,11,0.11,0.06,0.0,0,0.4
82,108,3502.1,28,0.82,0.22,0.0,0,0.85
82,109,2276.6,41,0.53,0.86,0.0,0,0.97
82,110,4384.3,0,0.03,0.0,0.0,0,0.04
82,111,2916.1,22,0.03,0.44,0.0,0,0.23
82,112,1508.3,166,0.64,4.03,0.002,0,2.09
82,113,3613.0,756,3.57,0.5,0.0,0,8.35
82,114,2728.3,9,0.18,0.18,0.0,0,0.8
82,115,1916.1,129,1.08,2.62,0.001,0,2.39
82,116,3785.7,5,0.19,0.03,0.0,0,0.31
82,117,2754.2,1,0.02,0.12,0.0,0,0.08
82,118,4403.2,31,1.21,0.03,0.0,0,2.08
82,119,3596.9,39,0.63,0.1,0.0,0,1.16
82,120,2390.4,33,0.57,1.08,0.0,0,0.9
82,121,2486.0,7,0.54,0.17,0.0,0,0.55
82,122,2091.0,291,1.23,9.83,0.001,0,4.04
82,123,2111.3,9,0.55,0.28,0.0,0,0.55
82,124,3536.5,36,0.54,0.16,0.0,0,1.72
82,125,3588.5,167,0.77,0.42,0.0,0,2.27
82,126,1893.9,7,0.33,0.94,0.0,0,0.37
82,127,338.7,665,3.01,21.87,0.028,1,7.13
82,128,505.0,257,7.2,33.91,0.035,0,7.68
82,129,2926.0,14,0.11,0.14,0.0,0,0.41
82,130,5409.0,6,0.04,0.0,0.0,0,0.07
82,131,428.3,499,2.02,26.0,0.201,2,9.68
82,132,2800.2,26,0.29,0.17,0.0,0,0.32
82,133,2636.0,136,3.14,0.97,0.0,0,6.38
82,134,3038.1,2,0.02,0.11,0.0,0,0.05
82,135,3378.5,114,2.13,0.25,0.0,0,2.5
82,136,2044.6,23,0.11,0.8,0.001,0,0.32
82,137,2695.7,8,0.3,0.38,0.0,0,0.61
82,138,2866.5,67,1.45,0.44,0.0,0,1.77
82,139,3891.8,4,0.05,0.02,0.0,0,0.09
82,140,2411.6,170,1.05,1.24,0.0,0,1.74
82,141,5012.9,25,0.28,0.01,0.0,0,0.49
82,142,1150.4,30,0.21,2.0,0.018,0,0.34
82,143,4355.5,16,0.15,0.02,0.0,0,0.28
82,144,2342.6,62,0.46,1.17,0.0,0,0.63
82,145,4002.5,34,0.25,0.08,0.0,0,0.77
82,146,4567.5,4,0.04,0.0,0.0,0,0.07
82,147,2190.8,18,0.04,0.35,0.0,0,0.19
82,148,4168.3,40,0.33,0.03,0.0,0,0.4
82,149,1259.1,90,0.85,9.18,0.006,0,2.92
82,150,2405.5,74,0.51,0.82,0.0,0,1.23
82,151,3750.4,20,0.36,0.1,0.0,0,0.75
82,152,426.7,338,0.74,27.15,0.155,0,6.49
82,153,3157.6,75,0.88,0.11,0.0,0,1.01
82,154,2863.1,22,0.87,0.24,0.0,0,0.9
82,155,1136.1,41,0.95,3.81,0.018,0,0.97
82,156,1925.4,1522,4.64,17.75,0.001,0,18.39
82,157,4301.5,9,0.2,0.03,0.0,0,0.97
82,158,2414.0,5,0.05,0.2,0.0,0,0.12
82,159,1125.0,91,1.14,20.62,0.005,0,2.81
82,160,1661.4,6,0.17,1.68,0.002,0,0.29
82,161,1734.2,153,2.82,8.28,0.002,0,6.42
82,162,2295.0,271,2.85,5.32,0.0,0,3.62
82,163,483.2,81,2.98,12.76,0.093,0,3.33
82,164,2930.3,65,0.81,0.84,0.0,0,1.53
82,165,1115.9,223,2.5,17.14,0.011,0,7.26
82,166,590.2,97,5.92,50.73,0.073,1,6.09
82,167,3547.1,147,1.45,0.44,0.0,0,1.74
82,168,2219.8,40,0.15,0.47,0.0,0,0.74
82,169,4064.3,19,0.05,0.01,0.0,0,0.28
82,170,1020.4,72,0.24,5.64,0.005,0,2.04
82,171,1714.4,23,0.77,2.26,0.0,0,1.38
82,172,4045.6,29,0.31,0.03,0.0,0,0.48
82,173,4160.2,29,0.38,0.02,0.0,0,0.47
82,174,1890.3,51,0.25,3.58,0.001,0,0.77
82,175,3427.5,10,0.21,0.15,0.0,0,0.74
82,176,3687.3,7,0.17,0.05,0.0,0,0.19
82,177,4418.1,235,2.68,0.07,0.0,0,2.94
82,178,483.4,525,5.07,21.14,0.18,0,5.35
82,179,1757.6,1493,16.09,41.82,0.001,0,18.99
82,180,1333.9,65,1.05,14.26,0.01,0,1.15
82,181,1666.5,11,0.07,2.02,0.002,0,0.34
82,182,2968.0,20,0.19,0.13,0.0,0,0.31
82,183,2887.0,89,0.42,0.58,0.0,0,1.19
82,184,3221.1,42,0.29,0.17,0.0,0,0.55
82,185,3292.9,50,0.41,0.35,0.0,0,0.61
82,186,3141.8,37,1.22,0.4,0.0,0,1.36
82,187,2944.3,7,0.15,0.25,0.0,0,0.51
82,188,3666.8,8,0.06,0.03,0.0,0,0.09
82,189,2272.0,10,0.02,0.26,0.0,0,0.13
82,190,3095.8,44,0.67,0.11,0.0,0,0.76
82,191,2875.7,69,0.82,0.5,0.0,0,1.74
82,192,3752.8,22,0.61,0.1,0.0,0,0.94
82,193,3654.7,1,0.06,0.01,0.0,0,0.06
82,194,1573.0,192,1.13,7.86,0.003,0,2.09
82,195,437.7,722,5.99,57.51,0.066,2,10.42
82,196,4374.0,17,0.17,0.01,0.0,0,0.18
82,197,2581.7,15,1.11,0.81,0.0,0,1.24
82,198,2655.4,38,0.07,0.92,0.0,0,0.65
82,199,995.3,20,0.16,2.18,0.007,0,0.91
83,84,1263.3,8,0.13,0.55,0.01,0,0.14
83,85,3540.7,4,0.01,0.0,0.0,0,0.04
83,86,2229.7,19,0.11,0.4,0.0,0,0.35
83,87,4335.5,8,0.09,0.0,0.0,0,0.1
83,88,3853.8,0,0.01,0.0,0.0,0,0.01
83,89,1160.8,48,0.08,3.13,0.01,0,0.61
83,90,1444.4,34,0.33,0.46,0.006,0,0.36
83,91,2375.5,31,0.37,0.29,0.0,0,0.48
83,92,3377.2,2,0.01,0.01,0.0,0,0.05
83,93,3262.3,2,0.02,0.02,0.0,0,0.06
83,94,4947.7,1,0.01,0.0,0.0,0,0.04
83,95,1428.4,2,0.05,0.14,0.003,0,0.05
83,96,1106.9,5,0.14,1.69,0.009,0,0.32
83,97,265.2,69,4.4,14.72,0.29,0,4.68
83,98,2808.9,9,0.11,0.07,0.0,0,0.12
83,99,1371.5,5,0.13,1.05,0.002,0,0.19
83,100,3516.4,1,0.02,0.0,0.0,0,0.02
83,101,2270.2,0,0.02,0.1,0.0,0,0.04
83,102,4727.0,2,0.02,0.0,0.0,0,0.03
83,103,1279.6,8,0.07,0.28,0.003,0,0.1
83,104,2584.7,3,0.07,0.04,0.0,0,0.1
83,105,1302.5,38,0.33,1.14,0.008,0,0.82
83,106,1250.2,181,2.69,5.0,0.013,0,2.8
83,107,3289.7,1,0.05,0.02,0.0,0,0.1
83,108,1573.4,10,0.37,1.07,0.002,0,0.57
83,109,3144.8,6,0.07,0.03,0.0,0,0.12
83,110,859.8,4,0.03,0.4,0.027,0,0.06
83,111,2020.8,4,0.03,0.27,0.001,0,0.06
83,112,2842.6,7,0.09,0.05,0.0,0,0.12
83,113,1866.8,63,1.28,3.22,0.001,0,1.69
83,114,2350.4,3,0.03,0.08,0.0,0,0.04
83,115,2880.4,9,0.11,0.05,0.0,0,0.13
83,116,1262.6,4,0.02,1.03,0.006,0,0.18
83,117,1629.1,5,0.05,0.27,0.001,0,0.06
83,118,1032.4,268,2.87,3.37,0.002,0,4.01
83,119,745.4,12,0.52,12.51,0.006,0,0.52
83,120,4007.0,2,0.06,0.01,0.0,0,0.07
83,121,2385.2,2,0.01,0.08,0.0,0,0.06
83,122,2726.5,17,0.1,0.14,0.0,0,0.28
83,123,2280.4,0,0.01,0.03,0.0,0,0.02
83,124,858.6,122,0.56,3.98,0.024,0,1.49
83,125,1986.8,20,1.34,2.41,0.0,0,1.64
83,126,2651.8,2,0.01,0.03,0.0,0,0.03
83,127,4613.4,4,0.05,0.0,0.0,0,0.05
83,128,4082.8,0,0.03,0.0,0.0,0,0.04
83,129,1411.6,5,0.08,0.3,0.003,0,0.16
83,130,1345.3,0,0.03,0.14,0.002,0,0.04
83,131,4763.2,6,0.07,0.0,0.0,0,0.08
83,132,2444.8,3,0.02,0.04,0.0,0,0.07
83,133,2339.7,16,0.1,0.32,0.0,0,0.18
83,134,1689.3,1,0.03,0.29,0.001,0,0.08
83,135,4937.4,10,0.32,0.0,0.0,0,0.33
83,136,3586.3,0,0.0,0.0,0.0,0,0.02
83,137,1899.7,3,0.03,0.23,0.0,0,0.08
83,138,1518.3,5,0.09,1.43,0.005,0,0.43
83,139,1273.4,15,0.09,0.19,0.001,0,0.23
83,140,1923.9,21,0.19,0.3,0.001,0,0.55
83,141,871.5,249,1.94,5.64,0.042,0,2.91
83,142,3258.1,0,0.01,0.0,0.0,0,0.02
83,143,282.3,143,0.92,14.98,0.328,0,1.6
83,144,2951.0,4,0.02,0.07,0.0,0,0.05
83,145,1109.2,11,0.3,2.73,0.014,0,0.66
83,146,248.0,46,0.55,2.39,0.214,0,0.72
83,147,2223.0,2,0.01,0.07,0.0,0,0.03
83,148,806.8,34,0.23,4.09,0.031,0,0.42
83,149,3120.5,6,0.06,0.05,0.0,0,0.16
83,150,1931.1,5,0.09,0.4,0.0,0,0.22
83,151,1316.0,40,0.53,1.1,0.01,0,0.87
83,152,4733.4,0,0.01,0.0,0.0,0,0.02
83,153,1194.4,18,0.03,1.6,0.014,0,0.3
83,154,5382.2,1,0.01,0.0,0.0,0,0.02
83,155,3220.1,0,0.03,0.01,0.0,0,0.05
83,156,3110.3,57,0.33,0.12,0.0,0,1.21
83,157,1082.8,22,0.1,2.24,0.003,0,0.48
83,158,4203.1,1,0.0,0.0,0.0,0,0.01
83,159,4301.6,5,0.06,0.01,0.0,0,0.13
83,160,2775.5,1,0.04,0.01,0.0,0,0.04
83,161,2623.6,8,0.04,0.19,0.0,0,0.17
83,162,2326.4,26,0.3,0.42,0.0,0,0.36
83,163,4279.1,0,0.0,0.0,0.0,0,0.02
83,164,1507.9,29,0.23,1.53,0.001,0,0.46
83,165,4208.3,5,0.04,0.0,0.0,0,0.08
83,166,4525.7,4,0.05,0.01,0.0,0,0.08
83,167,3539.3,50,0.26,0.05,0.0,0,0.77
83,168,2116.3,6,0.01,0.16,0.0,0,0.07
83,169,375.4,41,0.26,3.42,0.248,0,0.91
83,170,3439.3,0,0.01,0.01,0.0,0,0.02
83,171,2775.9,0,0.02,0.02,0.0,0,0.03
83,172,904.0,22,0.43,2.02,0.035,0,0.6
83,173,2246.0,6,0.04,0.2,0.0,0,0.07
83,174,2519.7,1,0.07,0.1,0.0,0,0.08
83,175,1358.0,31,0.11,1.64,0.004,0,0.44
83,176,707.2,6,0.24,3.55,0.062,0,0.45
83,177,941.8,218,1.54,8.79,0.014,0,3.66
83,178,4010.0,4,0.04,0.0,0.0,0,0.09
83,179,3788.8,76,0.16,0.05,0.0,0,0.78
83,180,3028.9,35,0.38,0.03,0.0,0,0.4
83,181,2846.4,0,0.03,0.03,0.0,0,0.03
83,182,3660.2,0,0.01,0.0,0.0,0,0.03
83,183,3871.9,0,0.03,0.01,0.0,0,0.04
83,184,1950.1,2,0.03,0.22,0.001,0,0.06
83,185,2240.4,12,0.1,0.43,0.0,0,0.23
83,186,2400.0,1,0.01,0.21,0.0,0,0.08
83,187,4572.0,2,0.04,0.0,0.0,0,0.04
83,188,1436.2,7,0.16,0.24,0.002,0,0.21
83,189,4361.7,0,0.0,0.0,0.0,0,0.01
83,190,1303.6,11,0.15,0.44,0.008,0,0.19
83,191,2579.3,21,0.14,0.19,0.0,0,0.39
83,192,1914.5,2,0.02,0.31,0.001,0,0.1
83,193,680.4,21,0.12,0.58,0.064,0,0.23
83,194,2981.1,6,0.03,0.05,0.0,0,0.08
83,195,4035.8,4,0.05,0.01,0.0,0,0.1
83,196,1275.2,11,0.05,0.31,0.007,0,0.19
83,197,1960.1,9,0.25,0.23,0.0,0,0.34
83,198,4941.6,2,0.02,0.0,0.0,0,0.03
83,199,3594.3,0,0.02,0.01,0.0,0,0.02
84,85,3338.9,1,0.02,0.01,0.0,0,0.05
84,86,1179.0,52,0.93,4.32,0.015,0,0.95
84,87,3483.5,2,0.05,0.02,0.0,0,0.05
84,88,3272.4,0,0.0,0.01,0.0,0,0.02
84,89,757.1,44,0.38,3.9,0.066,0,0.46
84,90,1379.4,10,0.12,1.07,0.008,0,0.28
84,91,2708.2,16,0.14,0.09,0.0,0,0.17
84,92,2551.5,3,0.02,0.05,0.0,0,0.05
84,93,2268.1,2,0.04,0.08,0.0,0,0.06
84,94,4104.8,1,0.0,0.0,0.0,0,0.02
84,95,2020.4,3,0.03,0.04,0.0,0,0.05
84,96,1824.8,10,0.03,0.53,0.001,0,0.11
84,97,1506.2,4,0.09,0.59,0.002,0,0.1
84,98,1829.8,9,0.1,0.18,0.001,0,0.15
84,99,1755.5,1,0.01,0.18,0.002,0,0.05
84,100,2899.2,0,0.01,0.01,0.0,0,0.01
84,101,2787.0,8,0.1,0.02,0.0,0,0.14
84,102,3987.3,2,0.03,0.0,0.0,0,0.05
84,103,840.0,62,0.41,0.94,0.003,0,1.09
84,104,2070.9,6,0.02,0.18,0.0,0,0.09
84,105,45.9,2601,13.16,14.94,0.278,0,30.12
84,106,1459.1,103,1.2,2.47,0.003,0,1.78
84,107,2035.9,2,0.06,0.18,0.001,0,0.13
84,108,451.4,19,0.18,5.93,0.207,0,0.87
84,109,2158.1,1,0.01,0.18,0.0,0,0.04
84,110,605.2,5,0.04,0.33,0.078,0,0.06
84,111,2543.7,3,0.06,0.08,0.0,0,0.06
84,112,2443.5,7,0.03,0.06,0.0,0,0.09
84,113,627.9,591,1.26,22.86,0.048,0,10.56
84,114,1362.7,9,0.11,0.7,0.006,0,0.13
84,115,2106.6,1,0.02,0.15,0.0,0,0.03
84,116,2194.0,4,0.05,0.11,0.0,0,0.05
84,117,1301.8,5,0.01,0.19,0.007,0,0.06
84,118,537.3,159,1.46,7.47,0.1,0,1.78
84,119,1234.3,33,0.33,0.9,0.005,0,0.36
84,120,2944.7,2,0.07,0.07,0.0,0,0.12
84,121,1514.6,5,0.02,0.11,0.004,0,0.06
84,122,1924.8,13,0.27,1.4,0.001,0,0.88
84,123,1838.4,3,0.01,0.09,0.001,0,0.05
84,124,1435.7,20,0.04,0.77,0.003,0,0.25
84,125,745.8,26,1.13,18.51,0.051,0,1.71
84,126,2023.2,5,0.04,0.06,0.0,0,0.05
84,127,4118.5,1,0.01,0.0,0.0,0,0.02
84,128,3809.4,8,0.04,0.01,0.0,0,0.12
84,129,1458.9,1,0.01,0.33,0.006,0,0.05
84,130,1590.3,2,0.03,0.14,0.002,0,0.03
84,131,4315.6,0,0.01,0.0,0.0,0,0.02
84,132,1398.0,1,0.01,0.29,0.003,0,0.02
84,133,2761.1,1,0.05,0.09,0.0,0,0.07
84,134,2210.6,2,0.01,0.09,0.0,0,0.03
84,135,3749.6,7,0.16,0.02,0.0,0,0.18
84,136,2620.5,0,0.0,0.03,0.0,0,0.02
84,137,2223.1,2,0.02,0.1,0.0,0,0.05
84,138,1708.8,12,0.28,0.77,0.002,0,0.35
84,139,19.1,4359,19.6,2.83,0.542,0,47.23
84,140,1776.0,49,0.09,0.33,0.002,0,0.54
84,141,1329.5,8,0.09,1.68,0.005,0,0.54
84,142,3043.9,1,0.02,0.01,0.0,0,0.03
84,143,1525.4,4,0.08,0.54,0.003,0,0.11
84,144,1973.5,4,0.02,0.23,0.001,0,0.08
84,145,166.3,453,9.49,16.7,0.314,1,12.47
84,146,1310.8,2,0.0,0.37,0.005,0,0.02
84,147,1748.2,1,0.01,0.04,0.001,0,0.02
84,148,490.2,49,0.2,6.96,0.03,0,0.95
84,149,2894.9,10,0.02,0.04,0.0,0,0.12
84,150,1723.8,7,0.09,0.43,0.002,0,0.12
84,151,159.8,1669,11.75,7.75,0.444,0,21.69
84,152,4335.5,1,0.01,0.0,0.0,0,0.02
84,153,1131.4,7,0.29,1.35,0.014,0,0.36
84,154,4301.1,0,0.02,0.0,0.0,0,0.07
84,155,2789.1,1,0.01,0.02,0.0,0,0.02
84,156,2256.6,60,0.97,0.5,0.0,0,1.39
84,157,419.8,256,2.83,4.41,0.06,0,2.92
84,158,3138.1,1,0.0,0.01,0.0,0,0.02
84,159,3548.3,7,0.03,0.02,0.0,0,0.13
84,160,2249.2,0,0.02,0.03,0.0,0,0.02
84,161,2223.5,5,0.19,0.27,0.0,0,0.24
84,162,2522.3,21,0.29,0.16,0.0,0,0.37
84,163,4005.8,0,0.01,0.0,0.0,0,0.01
84,164,1090.5,119,0.52,2.98,0.009,0,1.21
84,165,3460.2,4,0.03,0.02,0.0,0,0.08
84,166,3927.6,1,0.05,0.01,0.0,0,0.06
84,167,2294.5,14,0.11,0.79,0.0,0,0.22
84,168,1932.8,9,0.06,0.19,0.001,0,0.1
84,169,1411.5,3,0.02,0.21,0.003,0,0.04
84,170,2901.8,0,0.01,0.01,0.0,0,0.02
84,171,2735.9,0,0.01,0.02,0.0,0,0.02
84,172,1967.1,5,0.1,0.12,0.0,0,0.1
84,173,1018.7,16,0.31,1.76,0.017,0,0.33
84,174,2450.2,16,0.08,0.16,0.0,0,0.36
84,175,494.5,168,1.43,14.06,0.061,0,2.25
84,176,1394.9,11,0.13,0.58,0.006,0,0.2
84,177,591.7,67,0.31,14.81,0.076,0,1.35
84,178,3488.8,1,0.03,0.01,0.0,0,0.03
84,179,2887.0,17,1.07,0.46,0.0,0,1.07
84,180,2593.9,5,0.11,0.09,0.0,0,0.16
84,181,2809.3,4,0.06,0.03,0.0,0,0.07
84,182,2488.3,0,0.01,0.03,0.0,0,0.05
84,183,2715.1,4,0.06,0.13,0.0,0,0.1
84,184,2630.7,2,0.01,0.03,0.0,0,0.02
84,185,2965.9,2,0.1,0.05,0.0,0,0.11
84,186,1239.1,24,0.13,1.16,0.007,0,0.26
84,187,3426.2,4,0.04,0.01,0.0,0,0.11
84,188,266.8,273,3.46,3.68,0.249,0,3.54
84,189,3329.3,0,0.0,0.0,0.0,0,0.0
84,190,1625.3,4,0.05,0.28,0.002,0,0.11
84,191,1479.0,36,0.32,0.85,0.001,0,0.47
84,192,653.4,13,0.3,3.55,0.101,0,0.5
84,193,1129.9,7,0.02,0.19,0.004,0,0.1
84,194,2943.4,8,0.09,0.02,0.0,0,0.11
84,195,3525.5,1,0.03,0.02,0.0,0,0.05
84,196,465.0,13,0.31,0.88,0.106,0,0.42
84,197,1332.6,14,0.04,0.7,0.012,0,0.17
84,198,3863.9,2,0.05,0.01,0.0,0,0.05
84,199,3436.6,1,0.02,0.0,0.0,0,0.02
85,86,2583.1,5,0.07,0.23,0.0,0,0.09
85,87,2044.2,15,0.16,0.29,0.001,0,0.28
85,88,1061.6,15,0.23,0.63,0.008,0,0.28
85,89,4033.6,6,0.08,0.01,0.0,0,0.09
85,90,2133.9,15,0.16,0.19,0.0,0,0.27
85,91,1521.6,52,0.13,1.5,0.005,0,0.94
85,92,1738.1,2,0.04,0.17,0.001,0,0.07
85,93,2267.3,3,0.06,0.12,0.0,0,0.06
85,94,2358.5,6,0.08,0.12,0.0,0,0.16
85,95,2333.4,2,0.01,0.02,0.0,0,0.03
85,96,2625.7,7,0.03,0.07,0.0,0,0.11
85,97,3515.2,2,0.07,0.02,0.0,0,0.07
85,98,2250.4,5,0.02,0.18,0.001,0,0.08
85,99,2218.3,4,0.06,0.09,0.0,0,0.1
85,100,1130.8,7,0.11,0.32,0.012,0,0.25
85,101,1885.3,4,0.04,0.13,0.0,0,0.09
85,102,1920.1,1,0.06,0.13,0.0,0,0.08
85,103,2549.8,1,0.05,0.03,0.0,0,0.06
85,104,1340.6,28,0.06,1.4,0.005,0,0.29
85,105,3363.7,5,0.03,0.02,0.0,0,0.05
85,106,2290.6,25,0.3,0.65,0.0,0,0.38
85,107,3594.4,1,0.01,0.01,0.0,0,0.1
85,108,2988.9,1,0.04,0.07,0.0,0,0.05
85,109,2240.8,1,0.02,0.13,0.0,0,0.15
85,110,3728.6,0,0.01,0.0,0.0,0,0.01
85,111,1972.8,8,0.05,0.4,0.0,0,0.1
85,112,939.5,12,0.3,1.72,0.027,0,0.54
85,113,3183.8,16,0.64,0.32,0.0,0,0.66
85,114,2396.4,5,0.03,0.08,0.0,0,0.05
85,115,1696.9,6,0.19,0.58,0.002,0,0.34
85,116,2866.6,2,0.08,0.04,0.0,0,0.16
85,117,2070.5,1,0.02,0.11,0.0,0,0.04
85,118,3778.8,4,0.08,0.02,0.0,0,0.21
85,119,2795.4,12,0.07,0.12,0.0,0,0.22
85,120,2689.5,23,0.11,0.11,0.0,0,0.4
85,121,2129.3,8,0.04,0.07,0.001,0,0.09
85,122,1823.2,13,0.2,2.25,0.0,0,0.23
85,123,1508.6,1,0.01,0.25,0.002,0,0.02
85,124,2704.4,7,0.03,0.15,0.0,0,0.1
85,125,3190.9,24,0.09,0.21,0.0,0,0.45
85,126,1496.5,10,0.03,0.22,0.004,0,0.15
85,127,1287.1,16,0.2,0.58,0.005,0,0.29
85,128,552.4,65,1.09,7.58,0.028,0,1.14
85,129,2138.8,3,0.04,0.17,0.0,0,0.07
85,130,4719.7,0,0.0,0.0,0.0,0,0.01
85,131,1341.7,13,0.29,0.93,0.006,0,0.43
85,132,2512.3,1,0.01,0.03,0.0,0,0.02
85,133,1686.7,24,0.2,0.74,0.002,0,0.28
85,134,2117.7,3,0.03,0.04,0.001,0,0.04
85,135,3829.3,27,0.38,0.02,0.0,0,0.38
85,136,2203.3,3,0.08,0.13,0.0,0,0.13
85,137,1783.4,17,0.17,0.22,0.001,0,0.18
85,138,2028.9,10,0.05,0.52,0.0,0,0.18
85,139,3322.7,0,0.01,0.01,0.0,0,0.01
85,140,1647.6,1,0.02,0.6,0.001,0,0.18
85,141,4290.2,17,0.08,0.01,0.0,0,0.21
85,142,296.3,9,0.08,1.08,0.17,0,0.2
85,143,3523.5,1,0.02,0.01,0.0,0,0.05
85,144,2225.1,14,0.14,0.2,0.0,0,0.24
85,145,3399.7,2,0.04,0.03,0.0,0,0.06
85,146,3782.9,0,0.01,0.0,0.0,0,0.02
85,147,1602.3,9,0.03,0.13,0.003,0,0.11
85,148,3506.9,3,0.05,0.04,0.0,0,0.1
85,149,445.1,168,1.39,3.96,0.198,0,2.68
85,150,1667.9,27,0.12,0.86,0.003,0,0.42
85,151,3185.9,4,0.05,0.07,0.0,0,0.06
85,152,1258.1,14,0.14,0.59,0.004,0,0.2
85,153,2417.0,8,0.05,0.14,0.0,0,0.12
85,154,3519.5,5,0.03,0.01,0.0,0,0.09
85,155,728.6,4,0.1,1.1,0.025,0,0.19
85,156,1845.4,13,0.33,4.03,0.0,0,0.67
85,157,3690.9,29,0.47,0.02,0.0,0,0.52
85,158,2779.9,2,0.01,0.01,0.0,0,0.02
85,159,1721.4,6,0.1,0.8,0.001,0,0.29
85,160,1216.7,4,0.05,0.73,0.011,0,0.07
85,161,1135.1,33,0.28,3.63,0.009,0,0.48
85,162,1364.1,17,0.13,2.28,0.001,0,0.39
85,163,742.4,4,0.17,1.24,0.013,0,0.24
85,164,2272.0,4,0.26,0.39,0.0,0,0.29
85,165,1664.2,6,0.14,0.6,0.002,0,0.24
85,166,1433.1,20,0.36,1.4,0.004,0,0.45
85,167,3583.1,12,0.19,0.06,0.0,0,0.26
85,168,1459.8,18,0.12,0.53,0.003,0,0.25
85,169,3236.5,1,0.02,0.01,0.0,0,0.03
85,170,920.4,7,0.04,1.17,0.038,0,0.12
85,171,797.1,10,0.06,1.25,0.051,0,0.2
85,172,3151.0,3,0.01,0.02,0.0,0,0.11
85,173,3809.6,2,0.04,0.01,0.0,0,0.04
85,174,1023.6,117,0.26,2.55,0.019,0,1.2
85,175,2844.5,1,0.08,0.14,0.0,0,0.16
85,176,2858.6,13,0.08,0.07,0.0,0,0.23
85,177,3775.9,5,0.09,0.03,0.0,0,0.43
85,178,953.0,27,0.18,1.81,0.034,0,0.53
85,179,2022.7,41,0.87,3.27,0.0,0,1.29
85,180,858.6,12,0.63,3.67,0.033,0,1.12
85,181,739.0,17,0.09,1.89,0.061,0,0.22
85,182,3093.5,0,0.0,0.02,0.0,0,0.02
85,183,3088.1,9,0.1,0.06,0.0,0,0.16
85,184,2274.5,8,0.05,0.13,0.0,0,0.1
85,185,2344.2,9,0.2,0.35,0.0,0,0.36
85,186,2856.7,3,0.02,0.07,0.0,0,0.1
85,187,3356.1,7,0.02,0.02,0.0,0,0.11
85,188,3127.7,1,0.01,0.01,0.0,0,0.03
85,189,2712.6,0,0.03,0.01,0.0,0,0.03
85,190,2253.7,3,0.07,0.13,0.0,0,0.08
85,191,2641.5,20,0.22,0.11,0.0,0,0.28
85,192,3336.6,4,0.03,0.03,0.0,0,0.05
85,193,2869.2,1,0.0,0.02,0.0,0,0.02
85,194,631.0,131,1.61,3.81,0.085,0,1.9
85,195,937.4,7,0.41,3.58,0.034,0,0.7
85,196,3798.4,2,0.04,0.0,0.0,0,0.04
85,197,2031.5,7,0.03,0.3,0.001,0,0.11
85,198,3222.9,6,0.03,0.03,0.0,0,0.07
85,199,139.8,140,0.95,2.77,0.347,0,1.85
86,87,2314.2,9,0.3,0.52,0.0,0,0.43
86,88,2233.1,21,0.26,0.44,0.0,0,0.29
86,89,1916.0,82,0.83,1.25,0.001,0,1.2
86,90,1389.6,110,2.43,3.11,0.004,0,2.64
86,91,2544.2,9,0.2,0.65,0.0,0,0.32
86,92,1408.7,88,0.59,1.21,0.002,0,1.01
86,93,1089.8,19,0.17,3.52,0.01,0,1.03
86,94,2933.1,19,0.08,0.11,0.0,0,0.2
86,95,2276.7,10,0.04,0.09,0.0,0,0.12
86,96,2250.8,44,0.73,0.48,0.0,0,1.08
86,97,2410.4,56,0.75,0.45,0.0,0,0.8
86,98,652.9,244,0.9,9.41,0.023,0,3.35
86,99,1942.2,9,0.26,0.66,0.001,0,0.51
86,100,1860.6,7,0.03,0.28,0.0,0,0.13
86,101,2778.0,26,0.19,0.15,0.0,0,0.45
86,102,2844.6,23,0.17,0.09,0.0,0,0.43
86,103,1049.4,6,0.48,2.48,0.005,0,0.5
86,104,1247.1,27,0.76,2.24,0.005,0,1.01
86,105,1171.8,224,1.15,9.62,0.015,0,2.81
86,106,1660.8,286,1.25,11.83,0.003,0,7.57
86,107,1338.1,210,1.69,3.79,0.005,0,2.63
86,108,731.1,202,1.11,19.43,0.056,0,3.36
86,109,979.2,135,1.74,5.85,0.016,0,2.38
86,110,1776.9,9,0.07,0.11,0.001,0,0.19
86,111,2592.8,33,0.23,0.41,0.0,0,0.34
86,112,1645.9,28,0.62,2.39,0.003,0,0.83
86,113,693.5,2264,43.89,204.66,0.005,4,49.38
86,114,211.4,1856,15.9,22.01,0.351,1,19.8
86,115,1028.0,250,1.05,5.32,0.023,0,3.2
86,116,2689.1,41,0.34,0.24,0.0,0,0.44
86,117,1103.9,7,0.12,2.25,0.015,0,0.31
86,118,1714.8,56,0.2,7.99,0.002,0,1.65
86,119,1805.3,94,1.55,3.8,0.001,0,1.63
86,120,1792.1,20,0.96,3.62,0.002,0,1.59
86,121,460.2,128,2.79,6.19,0.048,0,3.16
86,122,848.1,1579,25.74,43.67,0.037,0,27.06
86,123,1172.2,6,0.1,1.0,0.007,0,0.43
86,124,1935.9,59,0.15,2.11,0.0,0,0.69
86,125,652.9,2951,13.48,102.35,0.036,2,34.73
86,126,1093.5,23,0.14,1.73,0.008,0,0.29
86,127,3092.4,8,0.05,0.05,0.0,0,0.13
86,128,2953.0,48,0.14,0.2,0.0,0,0.49
86,129,1517.9,30,0.06,1.87,0.002,0,0.38
86,130,2763.7,1,0.03,0.05,0.0,0,0.05
86,131,3310.4,8,0.03,0.08,0.0,0,0.23
86,132,222.0,594,3.49,15.98,0.022,1,6.2
86,133,2668.6,67,0.75,0.86,0.0,0,0.79
86,134,2346.2,4,0.1,0.11,0.0,0,0.2
86,135,2726.5,164,2.25,1.14,0.0,0,2.25
86,136,1441.5,35,0.11,0.92,0.006,0,0.58
86,137,2177.6,26,0.24,0.88,0.0,0,0.28
86,138,1750.3,164,1.16,3.97,0.001,0,1.93
86,139,1160.2,48,0.17,1.55,0.004,0,0.52
86,140,1456.8,102,0.78,2.4,0.004,0,1.28
86,141,2501.5,32,0.51,0.88,0.0,0,0.71
86,142,2314.1,4,0.06,0.13,0.0,0,0.21
86,143,2429.0,54,0.55,0.41,0.0,0,0.64
86,144,795.4,298,1.34,8.22,0.032,0,4.62
86,145,1329.0,173,1.7,9.98,0.01,0,2.2
86,146,2359.9,11,0.09,0.25,0.0,0,0.16
86,147,1084.2,12,0.19,0.98,0.004,0,0.24
86,148,1618.6,18,0.44,4.98,0.002,0,1.43
86,149,2176.9,11,0.22,1.16,0.0,0,0.71
86,150,1369.2,113,0.98,4.62,0.005,0,2.17
86,151,1037.9,22,0.63,10.1,0.013,0,1.57
86,152,3360.6,3,0.05,0.04,0.0,0,0.12
86,153,1357.7,13,0.37,6.49,0.002,0,1.08
86,154,3164.4,23,0.15,0.17,0.0,0,0.63
86,155,1906.6,28,0.18,0.49,0.001,0,0.29
86,156,1113.2,384,3.19,45.71,0.016,0,5.91
86,157,1595.9,61,0.53,4.35,0.002,0,0.64
86,158,1988.0,12,0.15,0.56,0.0,0,0.19
86,159,2408.4,36,0.33,1.35,0.0,0,0.7
86,160,1370.1,33,0.39,1.16,0.003,0,0.4
86,161,1474.9,15,1.05,11.72,0.004,0,1.42
86,162,2274.1,46,0.75,2.26,0.0,0,0.75
86,163,3135.7,6,0.1,0.06,0.0,0,0.11
86,164,1001.8,669,2.72,21.38,0.001,0,6.87
86,165,2324.3,15,0.35,1.34,0.0,0,0.35
86,166,2849.9,39,0.21,0.41,0.0,0,0.59
86,167,1499.5,548,2.19,13.05,0.004,0,9.35
86,168,1505.4,21,0.41,2.53,0.002,0,0.54
86,169,2209.4,27,0.17,0.32,0.0,0,0.44
86,170,1920.8,5,0.07,0.7,0.001,0,0.15
86,171,2217.0,1,0.05,0.17,0.0,0,0.08
86,172,2625.4,27,0.24,0.19,0.0,0,0.46
86,173,1236.7,100,0.53,6.21,0.001,0,1.29
86,174,1968.0,65,0.27,2.26,0.0,0,1.14
86,175,873.8,731,5.66,20.66,0.013,0,8.01
86,176,1992.7,18,0.15,1.07,0.0,0,0.25
86,177,1770.2,234,0.64,6.95,0.002,0,3.0
86,178,2476.2,26,0.28,0.29,0.0,0,0.62
86,179,1712.8,553,6.21,26.27,0.002,0,6.7
86,180,1736.3,116,1.23,2.98,0.001,0,1.34
86,181,2278.7,9,0.11,0.32,0.0,0,0.46
86,182,1452.7,5,0.05,1.18,0.005,0,0.2
86,183,1651.2,31,0.63,3.06,0.001,0,1.28
86,184,2805.6,6,0.06,0.15,0.0,0,0.18
86,185,3122.5,29,0.6,0.31,0.0,0,0.84
86,186,324.1,234,4.05,56.53,0.285,1,6.29
86,187,2343.9,40,0.28,0.43,0.0,0,0.53
86,188,914.1,88,0.33,5.0,0.027,0,1.08
86,189,2165.6,4,0.01,0.13,0.0,0,0.06
86,190,1824.3,11,0.03,0.89,0.001,0,0.25
86,191,355.9,1641,4.08,77.7,0.116,1,21.11
86,192,821.0,53,0.23,13.52,0.032,0,1.08
86,193,1757.9,9,0.06,0.46,0.002,0,0.12
86,194,2388.2,20,0.17,0.66,0.0,0,0.49
86,195,2517.9,16,0.17,0.68,0.0,0,0.36
86,196,1588.7,24,0.1,0.94,0.002,0,0.59
86,197,737.4,283,1.92,18.43,0.02,0,3.69
86,198,2723.9,15,0.05,0.2,0.0,0,0.18
86,199,2707.2,5,0.02,0.08,0.0,0,0.09
87,88,982.6,89,0.37,2.2,0.032,0,0.95
87,89,4229.4,14,0.06,0.01,0.0,0,0.24
87,90,3003.9,12,0.3,0.08,0.0,0,0.42
87,91,3257.0,33,0.25,0.09,0.0,0,0.45
87,92,959.7,12,0.17,3.0,0.031,0,0.47
87,93,1265.3,64,0.14,1.29,0.004,0,0.71
87,94,622.4,151,2.1,8.74,0.052,0,3.19
87,95,3690.2,1,0.01,0.0,0.0,0,0.02
87,96,3862.3,6,0.11,0.02,0.0,0,0.12
87,97,4441.2,1,0.02,0.01,0.0,0,0.05
87,98,1662.6,21,0.09,0.75,0.003,0,0.55
87,99,3420.2,8,0.13,0.02,0.0,0,0.14
87,100,1046.1,22,0.22,0.85,0.012,0,0.24
87,101,3634.4,3,0.11,0.03,0.0,0,0.12
87,102,629.9,47,0.41,6.13,0.007,0,1.28
87,103,3058.6,2,0.02,0.03,0.0,0,0.03
87,104,1855.5,9,0.07,1.16,0.001,0,0.25
87,105,3480.6,2,0.08,0.03,0.0,0,0.09
87,106,3294.7,42,0.96,0.17,0.0,0,0.97
87,107,2464.0,16,0.08,0.27,0.0,0,0.22
87,108,3032.2,11,0.14,0.16,0.0,0,0.15
87,109,1357.2,48,0.42,2.28,0.002,0,0.55
87,110,4065.8,0,0.0,0.0,0.0,0,0.03
87,111,3609.7,10,0.11,0.02,0.0,0,0.2
87,112,1813.0,29,0.1,1.2,0.001,0,0.36
87,113,2985.0,43,0.6,2.2,0.0,0,1.14
87,114,2121.4,17,0.18,0.32,0.0,0,0.21
87,115,1455.1,11,0.12,2.7,0.006,0,0.46
87,116,4249.1,2,0.05,0.0,0.0,0,0.11
87,117,2744.0,4,0.03,0.04,0.0,0,0.08
87,118,4020.8,6,0.1,0.03,0.0,0,0.29
87,119,3697.0,18,0.38,0.03,0.0,0,0.48
87,120,994.2,60,2.06,11.61,0.019,0,2.43
87,121,1991.1,11,0.11,0.24,0.001,0,0.12
87,122,1613.3,109,0.48,6.68,0.002,0,1.63
87,123,2153.5,4,0.01,0.11,0.001,0,0.06
87,124,3724.9,6,0.16,0.05,0.0,0,0.17
87,125,2913.3,37,0.44,0.47,0.0,0,0.64
87,126,1717.9,8,0.1,0.26,0.001,0,0.11
87,127,1372.7,19,0.15,1.39,0.004,0,0.2
87,128,1906.6,5,0.1,0.66,0.001,0,0.33
87,129,3095.1,7,0.08,0.03,0.0,0,0.16
87,130,5073.5,1,0.02,0.0,0.0,0,0.03
87,131,1602.7,21,0.05,1.27,0.004,0,0.34
87,132,2105.6,3,0.02,0.18,0.001,0,0.04
87,133,3439.3,13,0.03,0.05,0.0,0,0.14
87,134,3583.0,6,0.05,0.01,0.0,0,0.07
87,135,1882.4,45,0.24,2.07,0.001,0,1.69
87,136,918.9,2,0.09,1.73,0.02,0,0.21
87,137,3251.8,2,0.01,0.03,0.0,0,0.03
87,138,3168.1,13,0.14,0.11,0.0,0,0.23
87,139,3464.5,1,0.01,0.01,0.0,0,0.06
87,140,2644.6,21,0.18,0.15,0.0,0,0.28
87,141,4780.8,7,0.21,0.01,0.0,0,0.35
87,142,2029.6,6,0.02,0.11,0.001,0,0.06
87,143,4456.8,6,0.06,0.01,0.0,0,0.1
87,144,1524.0,6,0.33,1.87,0.004,0,0.67
87,145,3623.5,12,0.29,0.04,0.0,0,0.3
87,146,4521.2,0,0.01,0.0,0.0,0,0.02
87,147,2179.0,7,0.02,0.08,0.0,0,0.08
87,148,3884.6,15,0.1,0.02,0.0,0,0.17
87,149,2027.9,8,0.13,0.94,0.001,0,0.17
87,150,2588.1,4,0.36,0.33,0.0,0,0.4
87,151,3333.9,10,0.13,0.06,0.0,0,0.21
87,152,1749.4,14,0.18,0.36,0.001,0,0.2
87,153,3181.8,9,0.08,0.1,0.0,0,0.12
87,154,1479.2,16,0.21,2.29,0.001,0,0.24
87,155,1566.5,6,0.12,0.75,0.001,0,0.14
87,156,1240.4,733,2.99,10.85,0.01,0,10.57
87,157,3903.1,21,0.2,0.02,0.0,0,0.35
87,158,960.0,6,0.21,1.56,0.011,0,0.23
87,159,371.3,262,5.61,33.05,0.172,0,5.73
87,160,1694.8,1,0.08,0.42,0.002,0,0.11
87,161,1945.1,13,0.28,1.05,0.0,0,0.53
87,162,2990.8,33,0.31,0.26,0.0,0,0.4
87,163,1962.0,39,0.05,0.29,0.001,0,0.41
87,164,2832.1,35,0.28,0.22,0.0,0,0.42
87,165,393.0,190,1.19,18.73,0.129,1,4.21
87,166,987.0,207,1.24,6.16,0.016,0,2.33
87,167,2295.7,113,1.02,1.26,0.0,0,1.65
87,168,2498.8,4,0.12,0.19,0.0,0,0.28
87,169,4181.2,1,0.0,0.0,0.0,0,0.02
87,170,1248.5,20,0.09,1.84,0.004,0,0.22
87,171,2480.4,13,0.05,0.05,0.0,0,0.22
87,172,4381.1,4,0.03,0.0,0.0,0,0.05
87,173,3341.0,15,0.11,0.04,0.0,0,0.23
87,174,2483.4,28,0.21,0.24,0.0,0,0.32
87,175,3094.1,16,0.04,0.16,0.0,0,0.18
87,176,3848.0,3,0.07,0.01,0.0,0,0.09
87,177,4069.0,26,0.43,0.03,0.0,0,0.63
87,178,1140.2,28,0.1,2.2,0.011,0,0.31
87,179,606.1,723,9.43,108.5,0.106,4,16.89
87,180,1653.0,66,0.46,1.8,0.0,0,1.29
87,181,2476.1,6,0.06,0.08,0.0,0,0.27
87,182,1679.0,14,0.07,0.51,0.002,0,0.3
87,183,1529.8,75,0.24,1.36,0.002,0,1.0
87,184,3922.1,22,0.18,0.0,0.0,0,0.25
87,185,4110.1,1,0.04,0.01,0.0,0,0.07
87,186,2367.8,4,0.3,0.17,0.0,0,0.46
87,187,1453.5,11,0.42,2.07,0.006,0,0.46
87,188,3216.7,2,0.06,0.02,0.0,0,0.08
87,189,785.1,40,0.96,2.87,0.033,0,1.03
87,190,3372.3,0,0.02,0.03,0.0,0,0.03
87,191,2080.8,12,0.21,1.87,0.001,0,0.28
87,192,3083.8,10,0.13,0.08,0.0,0,0.14
87,193,3707.9,1,0.02,0.0,0.0,0,0.02
87,194,2461.2,5,0.11,0.5,0.0,0,0.31
87,195,1173.8,127,1.04,3.58,0.002,0,1.6
87,196,3902.8,8,0.02,0.01,0.0,0,0.15
87,197,2375.7,32,0.25,0.49,0.0,0,0.33
87,198,1188.3,35,0.66,2.71,0.015,0,0.96
87,199,2164.4,5,0.03,0.19,0.0,0,0.06
88,89,4025.7,2,0.02,0.0,0.0,0,0.03
88,90,2422.9,1,0.02,0.09,0.0,0,0.04
88,91,2364.2,26,0.11,0.22,0.0,0,0.34
88,92,944.9,14,0.15,0.99,0.026,0,0.24
88,93,1507.5,9,0.04,0.35,0.006,0,0.27
88,94,1354.7,15,0.12,0.61,0.002,0,0.17
88,95,2946.9,2,0.01,0.01,0.0,0,0.02
88,96,3173.2,6,0.05,0.03,0.0,0,0.09
88,97,3904.1,4,0.06,0.01,0.0,0,0.11
88,98,1687.7,18,0.15,0.61,0.001,0,0.19
88,99,2726.8,1,0.05,0.04,0.0,0,0.05
88,100,375.3,40,0.12,1.57,0.098,0,0.71
88,101,2745.8,4,0.03,0.03,0.0,0,0.05
88,102,968.8,25,0.06,1.03,0.032,0,0.32
88,103,2644.8,1,0.02,0.02,0.0,0,0.02
88,104,1272.9,17,0.05,1.03,0.007,0,0.2
88,105,3283.1,20,0.27,0.03,0.0,0,0.28
88,106,2675.8,23,0.33,0.49,0.0,0,0.54
88,107,2892.9,3,0.01,0.11,0.0,0,0.05
88,108,2845.1,5,0.06,0.05,0.0,0,0.08
88,109,1530.3,4,0.05,0.65,0.002,0,0.09
88,110,3787.4,0,0.0,0.0,0.0,0,0.01
88,111,2759.5,4,0.15,0.08,0.0,0,0.16
88,112,1045.8,21,0.1,3.29,0.022,0,0.41
88,113,2920.4,206,0.37,0.46,0.0,0,2.27
88,114,2021.9,18,0.24,0.25,0.001,0,0.27
88,115,1205.1,3,0.13,1.26,0.007,0,0.14
88,116,3512.5,8,0.04,0.02,0.0,0,0.1
88,117,2228.0,7,0.08,0.02,0.0,0,0.09
88,118,3786.6,3,0.05,0.02,0.0,0,0.12
88,119,3142.8,2,0.08,0.07,0.0,0,0.12
88,120,1718.5,36,0.25,2.02,0.002,0,0.45
88,121,1795.0,1,0.02,0.1,0.001,0,0.05
88,122,1386.4,94,0.36,3.61,0.002,0,0.95
88,123,1573.7,1,0.02,0.11,0.003,0,0.03
88,124,3120.6,5,0.05,0.04,0.0,0,0.1
88,125,2885.9,9,0.29,0.55,0.0,0,0.34
88,126,1256.5,4,0.01,0.74,0.007,0,0.06
88,127,859.4,5,0.15,1.28,0.024,0,0.16
88,128,996.9,32,0.32,2.27,0.013,0,0.47
88,129,2483.8,4,0.09,0.03,0.0,0,0.11
88,130,4819.8,0,0.01,0.0,0.0,0,0.01
88,131,1079.9,41,0.38,1.45,0.008,0,0.61
88,132,2080.4,2,0.04,0.07,0.0,0,0.04
88,133,2545.5,6,0.02,0.11,0.0,0,0.15
88,134,2794.4,1,0.01,0.02,0.0,0,0.04
88,135,2802.0,7,0.27,0.24,0.0,0,0.38
88,136,1317.5,1,0.09,0.44,0.001,0,0.1
88,137,2449.2,4,0.06,0.11,0.0,0,0.16
88,138,2486.2,8,0.17,0.19,0.0,0,0.32
88,139,3253.8,0,0.02,0.01,0.0,0,0.04
88,140,1979.0,3,0.01,0.42,0.0,0,0.04
88,141,4453.8,7,0.06,0.01,0.0,0,0.1
88,142,1067.2,6,0.07,0.17,0.018,0,0.09
88,143,3917.0,6,0.03,0.0,0.0,0,0.09
88,144,1600.4,20,0.57,0.59,0.003,0,0.61
88,145,3380.6,22,0.13,0.03,0.0,0,0.24
88,146,4071.2,0,0.01,0.0,0.0,0,0.01
88,147,1635.9,1,0.03,0.16,0.001,0,0.07
88,148,3579.3,9,0.06,0.01,0.0,0,0.1
88,149,1090.5,11,0.21,4.28,0.014,0,0.23
88,150,1948.3,40,0.41,0.23,0.001,0,0.45
88,151,3112.9,1,0.07,0.04,0.0,0,0.08
88,152,1147.8,41,0.14,0.76,0.005,0,0.55
88,153,2659.4,1,0.02,0.05,0.0,0,0.07
88,154,2459.2,18,0.25,0.1,0.0,0,0.25
88,155,698.7,9,0.46,2.22,0.026,0,0.6
88,156,1184.5,20,1.14,5.86,0.005,0,1.62
88,157,3678.6,4,0.02,0.01,0.0,0,0.05
88,158,1776.0,1,0.05,0.08,0.002,0,0.05
88,159,673.2,51,0.77,8.45,0.039,0,0.92
88,160,1081.0,6,0.05,0.74,0.011,0,0.08
88,161,1245.1,75,0.49,2.64,0.008,0,1.1
88,162,2123.2,16,0.12,0.24,0.0,0,0.32
88,163,1107.0,2,0.02,0.65,0.017,0,0.09
88,164,2376.3,53,0.21,0.31,0.0,0,0.58
88,165,607.1,76,0.82,4.74,0.095,0,1.06
88,166,673.7,86,0.2,12.04,0.024,0,1.57
88,167,2811.5,10,0.67,0.27,0.0,0,0.85
88,168,1800.4,13,0.12,0.22,0.001,0,0.15
88,169,3627.4,0,0.0,0.0,0.0,0,0.01
88,170,417.7,66,0.38,2.55,0.138,0,0.69
88,171,1568.9,8,0.1,0.23,0.001,0,0.13
88,172,3710.8,2,0.06,0.01,0.0,0,0.07
88,173,3439.0,2,0.02,0.02,0.0,0,0.06
88,174,1634.5,15,0.17,0.69,0.002,0,0.2
88,175,2807.8,22,0.15,0.07,0.0,0,0.3
88,176,3262.2,5,0.01,0.02,0.0,0,0.06
88,177,3812.0,10,0.02,0.04,0.0,0,0.15
88,178,263.0,38,0.41,4.6,0.19,0,2.6
88,179,1056.9,300,2.68,20.25,0.018,0,4.01
88,180,856.6,10,0.21,3.36,0.05,0,0.43
88,181,1551.3,1,0.04,0.36,0.005,0,0.05
88,182,2245.3,5,0.06,0.05,0.0,0,0.07
88,183,2184.3,17,0.1,0.15,0.0,0,0.21
88,184,3075.3,1,0.02,0.01,0.0,0,0.02
88,185,3223.5,7,0.07,0.05,0.0,0,0.25
88,186,2416.2,11,0.06,0.17,0.0,0,0.23
88,187,2339.5,2,0.03,0.12,0.0,0,0.13
88,188,3018.3,2,0.01,0.01,0.0,0,0.04
88,189,1678.0,0,0.02,0.12,0.001,0,0.05
88,190,2710.2,1,0.04,0.06,0.0,0,0.07
88,191,2143.6,7,0.47,0.78,0.001,0,0.48
88,192,3053.8,4,0.05,0.05,0.0,0,0.06
88,193,3181.8,3,0.04,0.0,0.0,0,0.07
88,194,1515.2,16,0.04,0.64,0.005,0,0.19
88,195,308.9,222,0.8,11.72,0.284,0,2.94
88,196,3731.2,0,0.03,0.0,0.0,0,0.06
88,197,1975.6,10,0.07,0.31,0.0,0,0.17
88,198,2164.1,20,0.1,0.14,0.0,0,0.21
88,199,1182.9,7,0.05,0.61,0.004,0,0.1
89,90,1961.6,13,0.15,0.88,0.0,0,0.49
89,91,3215.5,37,0.26,0.3,0.0,0,0.46
89,92,3305.1,9,0.06,0.02,0.0,0,0.11
89,93,2996.2,2,0.05,0.07,0.0,0,0.07
89,94,4849.0,13,0.11,0.0,0.0,0,0.14
89,95,2381.5,2,0.05,0.06,0.0,0,0.13
89,96,2109.2,19,0.5,0.54,0.0,0,0.58
89,97,1422.5,64,0.63,1.59,0.004,0,0.73
89,98,2568.9,4,0.06,0.2,0.0,0,0.08
89,99,2193.6,4,0.06,0.31,0.0,0,0.19
89,100,3653.4,3,0.04,0.0,0.0,0,0.06
89,101,3215.6,4,0.05,0.05,0.0,0,0.11
89,102,4742.3,1,0.05,0.0,0.0,0,0.07
89,103,1484.5,23,0.07,0.52,0.005,0,0.26
89,104,2806.5,4,0.15,0.17,0.0,0,0.18
89,105,753.0,76,0.61,7.83,0.055,0,1.89
89,106,1942.4,82,1.22,5.68,0.0,0,2.57
89,107,2536.0,17,0.47,0.32,0.0,0,0.48
89,108,1203.0,57,1.08,3.03,0.015,0,3.11
89,109,2890.1,4,0.05,0.1,0.0,0,0.13
89,110,358.0,129,0.67,1.84,0.157,0,2.5
89,111,2961.8,14,0.03,0.08,0.0,0,0.2
89,112,3166.0,15,0.19,0.08,0.0,0,0.21
89,113,1279.0,653,4.22,33.72,0.006,0,15.35
89,114,2108.9,20,0.12,0.48,0.0,0,0.34
89,115,2863.6,2,0.09,0.19,0.0,0,0.27
89,116,2375.1,11,0.37,0.7,0.0,0,0.55
89,117,1964.6,6,0.03,0.14,0.0,0,0.16
89,118,255.4,1554,16.89,77.25,0.274,2,25.7
89,119,1550.5,48,0.32,3.62,0.005,0,0.88
89,120,3637.3,26,0.06,0.06,0.0,0,0.32
89,121,2270.9,4,0.11,0.22,0.0,0,0.22
89,122,2681.8,317,2.47,0.86,0.0,0,3.31
89,123,2556.1,5,0.01,0.04,0.0,0,0.1
89,124,1748.0,141,0.31,1.59,0.003,0,1.61
89,125,1377.0,289,1.87,32.97,0.003,0,2.91
89,126,2772.7,6,0.14,0.04,0.0,0,0.2
89,127,4867.8,3,0.02,0.0,0.0,0,0.06
89,128,4524.5,1,0.03,0.0,0.0,0,0.09
89,129,2007.1,11,0.05,0.43,0.001,0,0.33
89,130,852.8,45,0.11,0.55,0.045,0,0.51
89,131,5060.9,4,0.12,0.0,0.0,0,0.17
89,132,2129.4,16,0.2,0.21,0.001,0,0.31
89,133,3232.4,13,0.02,0.09,0.0,0,0.16
89,134,2615.8,1,0.06,0.07,0.0,0,0.07
89,135,4336.4,32,0.49,0.03,0.0,0,0.5
89,136,3351.4,7,0.07,0.02,0.0,0,0.09
89,137,2716.1,22,0.11,0.15,0.0,0,0.23
89,138,2223.9,13,0.38,1.32,0.0,0,0.77
89,139,776.1,37,0.07,1.88,0.019,0,0.56
89,140,2415.4,11,0.37,0.36,0.0,0,0.65
89,141,721.0,338,8.58,31.97,0.067,0,8.83
89,142,3737.3,1,0.02,0.01,0.0,0,0.03
89,143,1437.9,64,0.38,3.26,0.004,0,0.77
89,144,2710.6,53,0.57,0.21,0.0,0,0.61
89,145,648.0,362,4.52,23.93,0.022,0,5.05
89,146,1055.9,20,0.22,1.27,0.02,0,0.25
89,147,2469.8,0,0.04,0.07,0.0,0,0.06
89,148,561.1,156,1.01,24.7,0.1,0,3.55
89,149,3588.5,9,0.29,0.05,0.0,0,0.36
89,150,2378.3,15,0.06,0.62,0.0,0,0.2
89,151,915.1,38,2.05,5.5,0.02,0,2.34
89,152,5074.7,10,0.06,0.0,0.0,0,0.11
89,153,1679.8,15,0.05,1.31,0.002,0,0.42
89,154,4967.4,2,0.03,0.0,0.0,0,0.17
89,155,3521.8,14,0.13,0.02,0.0,0,0.16
89,156,3009.5,174,1.05,0.58,0.0,0,2.21
89,157,349.0,118,0.9,14.91,0.072,0,3.45
89,158,3826.5,1,0.03,0.01,0.0,0,0.04
89,159,4303.4,27,0.3,0.01,0.0,0,0.3
89,160,2989.3,3,0.04,0.03,0.0,0,0.05
89,161,2942.1,34,0.14,0.29,0.0,0,0.77
89,162,3077.3,24,0.33,0.32,0.0,0,0.72
89,163,4722.5,2,0.04,0.0,0.0,0,0.07
89,164,1761.5,63,0.15,4.15,0.001,0,1.11
89,165,4215.8,37,0.21,0.01,0.0,0,0.42
89,166,4683.3,13,0.12,0.01,0.0,0,0.28
89,167,2815.7,29,0.37,0.78,0.0,0,1.88
89,168,2590.1,6,0.1,0.19,0.0,0,0.26
89,169,1474.8,14,0.14,0.78,0.002,0,0.26
89,170,3649.5,3,0.01,0.01,0.0,0,0.05
89,171,3376.6,5,0.08,0.02,0.0,0,0.13
89,172,2049.8,11,0.3,1.23,0.001,0,0.41
89,173,1317.8,40,1.0,3.56,0.002,0,1.3
89,174,3092.2,30,0.1,0.09,0.0,0,0.37
89,175,1223.3,89,1.55,11.34,0.006,0,2.28
89,176,1644.9,72,0.53,1.29,0.0,0,0.78
89,177,282.6,1780,19.46,83.61,0.273,3,63.31
89,178,4238.1,5,0.06,0.01,0.0,0,0.07
89,179,3628.9,87,1.6,0.35,0.0,0,1.65
89,180,3324.8,2,0.06,0.12,0.0,0,0.14
89,181,3450.9,1,0.03,0.01,0.0,0,0.09
89,182,3116.3,2,0.01,0.02,0.0,0,0.04
89,183,3351.7,6,0.28,0.06,0.0,0,0.32
89,184,2972.7,2,0.02,0.09,0.0,0,0.12
89,185,3292.0,12,0.1,0.09,0.0,0,0.76
89,186,1922.6,75,0.17,1.86,0.0,0,1.0
89,187,4059.1,4,0.17,0.02,0.0,0,0.25
89,188,1020.4,37,0.56,1.22,0.013,0,0.57
89,189,4029.8,1,0.03,0.0,0.0,0,0.03
89,190,2078.7,22,0.04,0.24,0.001,0,0.23
89,191,2187.5,49,1.49,0.89,0.0,0,2.18
89,192,1227.6,128,1.36,6.69,0.008,0,2.0
89,193,1436.5,7,0.08,0.58,0.005,0,0.14
89,194,3588.1,5,0.17,0.03,0.0,0,0.22
89,195,4273.9,7,0.16,0.01,0.0,0,0.19
89,196,336.8,82,0.86,12.09,0.187,0,2.03
89,197,2068.8,5,0.24,1.14,0.0,0,0.31
89,198,4536.6,4,0.12,0.01,0.0,0,0.16
89,199,4122.0,3,0.04,0.0,0.0,0,0.05
90,91,1337.1,46,0.42,3.55,0.008,0,1.57
90,92,2074.7,7,0.13,0.13,0.001,0,0.14
90,93,2128.1,5,0.02,0.43,0.001,0,0.09
90,94,3593.4,1,0.02,0.01,0.0,0,0.09
90,95,888.8,6,0.03,1.7,0.046,0,0.1
90,96,916.3,14,0.8,5.47,0.024,0,0.81
90,97,1481.3,45,0.42,4.37,0.005,0,0.61
90,98,1720.4,9,0.08,0.96,0.001,0,0.13
90,99,553.7,45,0.82,10.9,0.09,0,1.58
90,100,2101.1,4,0.05,0.09,0.001,0,0.08
90,101,1469.1,37,0.15,0.95,0.002,0,0.65
90,102,3328.4,3,0.03,0.02,0.0,0,0.09
90,103,549.3,29,0.32,3.9,0.105,0,1.28
90,104,1172.4,57,0.48,1.74,0.008,0,0.81
90,105,1417.5,7,0.21,1.58,0.005,0,0.3
90,106,305.3,1902,4.47,111.12,0.113,4,29.78
90,107,2722.3,8,0.05,0.11,0.0,0,0.22
90,108,1217.1,36,0.44,3.87,0.013,0,2.1
90,109,2015.6,4,0.08,0.5,0.001,0,0.16
90,110,1628.7,3,0.01,0.15,0.003,0,0.06
90,111,1250.2,72,0.19,1.67,0.012,0,1.02
90,112,1399.2,6,0.17,1.18,0.004,0,0.51
90,113,1553.1,1080,4.4,11.07,0.002,0,11.6
90,114,1380.6,4,0.15,1.44,0.006,0,0.17
90,115,1583.8,15,0.33,2.65,0.003,0,0.43
90,116,1349.7,31,0.06,1.04,0.009,0,0.47
90,117,305.5,133,1.56,4.05,0.044,0,1.94
90,118,1708.3,41,1.23,2.41,0.002,0,2.19
90,119,719.9,65,0.2,16.44,0.063,0,1.85
90,120,2892.6,30,0.12,0.15,0.0,0,0.36
90,121,1265.1,40,0.41,0.46,0.006,0,0.77
90,122,1471.2,67,0.24,5.88,0.005,0,0.9
90,123,864.2,10,0.09,1.14,0.03,0,0.12
90,124,721.0,194,2.39,5.14,0.016,0,2.8
90,125,1631.5,99,0.6,8.99,0.001,0,1.88
90,126,1286.0,5,0.13,1.11,0.005,0,0.16
90,127,3169.0,3,0.01,0.02,0.0,0,0.04
90,128,2662.4,18,0.13,0.13,0.0,0,0.28
90,129,128.4,747,6.64,11.12,0.369,0,8.21
90,130,2589.7,0,0.01,0.03,0.0,0,0.03
90,131,3320.1,8,0.07,0.04,0.0,0,0.22
90,132,1529.2,9,0.03,0.56,0.004,0,0.11
90,133,1409.1,43,0.28,2.22,0.008,0,0.82
90,134,967.3,12,0.22,1.23,0.02,0,0.41
90,135,3989.8,3,0.13,0.04,0.0,0,0.19
90,136,2389.9,9,0.07,0.09,0.0,0,0.1
90,137,872.3,35,0.63,2.17,0.026,0,0.68
90,138,376.0,425,4.06,28.91,0.2,1,4.31
90,139,1368.6,5,0.01,0.37,0.004,0,0.08
90,140,488.1,168,2.28,19.64,0.128,0,2.34
90,141,2156.3,32,0.8,1.7,0.0,0,1.3
90,142,1842.6,2,0.04,0.1,0.001,0,0.04
90,143,1494.2,7,0.24,1.83,0.002,0,0.33
90,144,1837.5,28,0.08,0.51,0.001,0,0.32
90,145,1380.9,40,0.25,2.13,0.003,0,0.7
90,146,1675.2,4,0.04,0.27,0.001,0,0.05
90,147,826.3,12,0.28,1.37,0.026,0,0.33
90,148,1408.3,10,0.07,2.7,0.005,0,0.66
90,149,1699.2,73,0.85,1.23,0.001,0,0.89
90,150,486.9,336,1.62,10.56,0.109,0,3.89
90,151,1260.1,28,0.14,6.19,0.005,0,0.37
90,152,3294.6,6,0.04,0.01,0.0,0,0.07
90,153,286.7,346,1.72,11.77,0.317,0,3.83
90,154,4225.7,6,0.05,0.01,0.0,0,0.18
90,155,1776.4,2,0.04,0.34,0.002,0,0.16
90,156,1852.3,186,1.39,6.89,0.001,0,1.93
90,157,1641.0,11,0.18,1.77,0.001,0,0.38
90,158,3079.5,1,0.02,0.02,0.0,0,0.03
90,159,2917.4,3,0.21,0.14,0.0,0,0.22
90,160,1357.3,9,0.09,0.63,0.001,0,0.15
90,161,1182.7,110,1.04,8.7,0.007,0,1.6
90,162,1143.1,56,2.05,4.86,0.011,0,2.72
90,163,2860.7,3,0.05,0.03,0.0,0,0.05
90,164,401.7,335,2.28,16.44,0.162,0,5.05
90,165,2824.2,18,0.02,0.14,0.0,0,0.2
90,166,3090.9,22,0.28,0.12,0.0,0,0.77
90,167,2888.4,25,1.09,0.76,0.0,0,2.16
90,168,679.8,6,0.06,3.52,0.052,0,0.42
90,169,1205.5,12,0.09,1.43,0.006,0,0.21
90,170,2005.9,9,0.02,0.2,0.001,0,0.17
90,171,1422.5,15,0.03,0.77,0.001,0,0.22
90,172,1392.9,4,0.05,1.53,0.002,0,0.17
90,173,2209.3,39,0.2,0.33,0.0,0,0.54
90,174,1142.3,33,0.22,1.75,0.016,0,0.55
90,175,948.1,38,0.64,9.18,0.024,0,0.97
90,176,849.4,26,0.22,3.37,0.051,0,0.55
90,177,1687.1,295,1.11,2.61,0.002,0,2.96
90,178,2568.6,2,0.04,0.1,0.0,0,0.08
90,179,2518.7,12,0.41,1.32,0.0,0,1.24
90,180,1586.6,14,0.49,1.16,0.003,0,0.74
90,181,1496.7,12,0.05,0.49,0.005,0,0.16
90,182,2764.2,2,0.01,0.04,0.0,0,0.04
90,183,2924.0,5,0.16,0.17,0.0,0,0.18
90,184,1427.4,10,0.17,1.05,0.005,0,0.31
90,185,1753.8,36,0.31,2.27,0.003,0,0.75
90,186,1694.1,43,0.15,1.31,0.002,0,1.34
90,187,3554.2,14,0.03,0.03,0.0,0,0.16
90,188,1264.8,3,0.03,1.21,0.001,0,0.19
90,189,3188.1,0,0.01,0.01,0.0,0,0.02
90,190,443.0,83,0.6,7.38,0.199,0,1.6
90,191,1712.3,82,0.28,1.54,0.001,0,0.84
90,192,1695.8,72,0.74,2.01,0.001,0,0.77
90,193,764.7,12,0.22,1.53,0.048,0,0.22
90,194,1634.6,34,0.31,1.09,0.002,0,0.6
90,195,2593.4,49,0.38,0.23,0.0,0,0.61
90,196,1788.8,6,0.02,0.46,0.001,0,0.08
90,197,742.7,37,1.01,5.19,0.049,0,1.27
90,198,3797.6,6,0.04,0.01,0.0,0,0.19
90,199,2204.3,10,0.02,0.1,0.0,0,0.12
91,92,2555.1,20,0.05,0.22,0.0,0,0.31
91,93,2878.2,3,0.02,0.11,0.0,0,0.12
91,94,3716.8,11,0.02,0.02,0.0,0,0.16
91,95,965.3,30,0.12,2.04,0.028,0,0.65
91,96,1294.3,30,0.95,4.94,0.004,0,1.85
91,97,2264.5,8,0.11,0.92,0.0,0,0.53
91,98,2607.2,70,0.57,0.27,0.0,0,0.97
91,99,1032.5,88,0.97,5.06,0.023,0,2.47
91,100,2210.8,12,0.19,0.23,0.0,0,0.23
91,101,381.6,73,0.61,21.64,0.229,1,2.64
91,102,3324.7,6,0.09,0.04,0.0,0,0.28
91,103,1886.3,6,0.03,0.57,0.001,0,0.18
91,104,1616.8,15,0.25,1.78,0.001,0,1.26
91,105,2748.1,13,0.07,0.4,0.0,0,0.36
91,106,1275.4,54,2.98,39.53,0.003,0,4.54
91,107,3856.1,6,0.06,0.03,0.0,0,0.4
91,108,2544.5,24,0.12,0.4,0.0,0,0.34
91,109,2793.4,42,0.1,0.14,0.0,0,0.46
91,110,2862.2,3,0.03,0.02,0.0,0,0.08
91,111,461.5,231,1.79,15.15,0.069,1,4.79
91,112,1470.2,80,0.53,5.74,0.005,0,1.28
91,113,2864.8,38,0.33,2.24,0.0,0,2.34
91,114,2452.8,17,0.23,0.36,0.0,0,0.62
91,115,2202.3,23,0.49,0.69,0.0,0,0.51
91,116,1410.1,50,0.99,3.03,0.006,0,1.11
91,117,1511.7,8,0.12,0.79,0.001,0,0.28
91,118,2973.3,94,0.3,1.24,0.0,0,1.11
91,119,1699.1,116,1.98,2.68,0.001,0,2.18
91,120,3553.0,42,0.23,0.09,0.0,0,0.5
91,121,2235.5,20,0.06,0.26,0.0,0,0.26
91,122,2200.4,25,0.45,2.24,0.0,0,1.88
91,123,1467.4,16,0.36,1.22,0.0,0,0.44
91,124,1531.6,55,0.64,6.14,0.002,0,1.17
91,125,2930.0,117,0.74,1.28,0.0,0,1.33
91,126,1844.7,10,0.14,0.61,0.001,0,0.22
91,127,2804.5,5,0.08,0.14,0.0,0,0.29
91,128,2049.0,132,1.1,1.56,0.001,0,1.8
91,129,1249.4,30,0.15,1.99,0.007,0,0.47
91,130,3698.4,2,0.01,0.01,0.0,0,0.04
91,131,2861.5,20,0.12,0.27,0.0,0,0.24
91,132,2608.5,34,0.08,0.13,0.0,0,0.46
91,133,182.4,2281,4.56,65.06,0.154,4,31.11
91,134,705.4,61,0.61,4.45,0.062,0,0.83
91,135,4739.1,43,0.13,0.02,0.0,0,1.11
91,136,3005.2,9,0.19,0.09,0.0,0,0.27
91,137,499.6,77,1.89,14.53,0.058,0,4.33
91,138,1003.2,261,4.57,21.68,0.005,0,5.57
91,139,2698.6,2,0.14,0.06,0.0,0,0.2
91,140,1088.2,220,1.91,10.34,0.023,0,3.25
91,141,3228.8,85,1.84,0.16,0.0,0,2.87
91,142,1344.7,28,0.09,0.97,0.01,0,0.3
91,143,2267.0,4,0.09,0.89,0.0,0,0.23
91,144,2670.7,29,0.42,0.32,0.0,0,0.5
91,145,2691.7,30,0.92,0.34,0.0,0,1.21
91,146,2621.7,5,0.19,0.12,0.0,0,0.19
91,147,1527.5,7,0.26,0.9,0.005,0,0.32
91,148,2655.2,64,0.9,0.55,0.0,0,1.49
91,149,1281.5,64,0.7,6.51,0.008,0,0.73
91,150,1175.2,89,0.12,12.03,0.014,0,1.2
91,151,2595.4,26,0.08,0.68,0.0,0,0.46
91,152,2767.3,12,0.06,0.18,0.0,0,0.14
91,153,1578.2,21,0.5,1.85,0.001,0,0.77
91,154,4696.5,26,0.4,0.01,0.0,0,0.44
91,155,1694.9,153,1.39,1.05,0.002,0,1.77
91,156,2472.5,56,0.54,2.26,0.0,0,2.75
91,157,2925.4,28,0.27,0.18,0.0,0,0.32
91,158,3705.2,10,0.15,0.01,0.0,0,0.16
91,159,3020.5,64,0.19,0.18,0.0,0,0.99
91,160,1686.5,24,0.12,0.53,0.002,0,0.33
91,161,1414.5,153,0.75,9.04,0.004,0,1.97
91,162,294.4,1047,72.22,142.67,0.049,2,104.55
91,163,2214.7,36,0.28,0.32,0.0,0,0.43
91,164,1699.3,236,2.66,7.21,0.002,0,2.79
91,165,2940.5,25,0.09,0.16,0.0,0,0.34
91,166,2901.7,6,0.16,0.38,0.0,0,0.64
91,167,3962.8,60,0.92,0.14,0.0,0,1.28
91,168,1058.5,207,1.17,4.11,0.017,0,2.58
91,169,2013.4,7,0.02,0.45,0.001,0,0.17
91,170,2013.9,4,0.1,0.46,0.001,0,0.13
91,171,796.4,32,0.19,3.86,0.028,0,0.58
91,172,1752.3,29,0.72,2.2,0.001,0,1.02
91,173,3531.0,15,0.11,0.08,0.0,0,0.18
91,174,787.6,405,4.86,17.03,0.018,0,5.9
91,175,2284.3,22,0.1,1.23,0.0,0,0.52
91,176,1674.1,38,0.41,2.27,0.002,0,0.65
91,177,2933.1,59,1.88,1.48,0.0,0,2.34
91,178,2369.3,4,0.08,0.24,0.0,0,0.27
91,179,2982.7,225,1.53,1.85,0.0,0,8.65
91,180,1609.2,58,0.34,5.5,0.003,0,0.86
91,181,823.3,48,0.44,5.14,0.025,0,0.49
91,182,3673.8,5,0.02,0.01,0.0,0,0.06
91,183,3768.6,43,0.29,0.04,0.0,0,0.47
91,184,753.2,115,3.16,6.1,0.018,0,3.65
91,185,859.4,293,3.8,12.35,0.044,0,4.91
91,186,2868.3,51,0.21,0.2,0.0,0,0.68
91,187,4263.1,19,0.33,0.02,0.0,0,0.34
91,188,2601.6,8,0.13,0.12,0.0,0,0.13
91,189,3729.0,3,0.01,0.01,0.0,0,0.04
91,190,1138.6,90,0.84,3.26,0.014,0,1.28
91,191,2790.9,58,0.85,0.36,0.0,0,1.07
91,192,3013.7,19,0.1,0.15,0.0,0,0.47
91,193,1805.7,3,0.09,0.25,0.002,0,0.22
91,194,897.9,101,0.67,14.58,0.013,0,2.16
91,195,2369.9,14,0.27,1.23,0.0,0,0.37
91,196,3091.6,12,0.05,0.06,0.0,0,0.15
91,197,1806.9,72,0.8,1.21,0.002,0,1.04
91,198,4322.2,45,0.08,0.01,0.0,0,0.52
91,199,1502.7,33,0.26,0.56,0.003,0,0.36
92,93,566.3,57,0.68,2.73,0.053,0,0.8
92,94,1578.2,3,0.05,0.45,0.001,0,0.07
92,95,2823.3,0,0.01,0.01,0.0,0,0.01
92,96,2961.2,6,0.02,0.07,0.0,0,0.09
92,97,3488.4,3,0.01,0.01,0.0,0,0.04
92,98,788.2,29,0.38,1.62,0.042,0,0.41
92,99,2529.8,6,0.06,0.08,0.0,0,0.08
92,100,644.0,34,0.1,0.84,0.103,0,0.42
92,101,2911.2,1,0.04,0.04,0.0,0,0.05
92,102,1438.3,4,0.08,0.37,0.003,0,0.11
92,103,2099.3,3,0.04,0.05,0.0,0,0.04
92,104,986.9,13,0.08,1.16,0.022,0,0.31
92,105,2552.4,32,0.22,0.09,0.0,0,0.34
92,106,2373.3,34,0.17,0.72,0.0,0,0.4
92,107,1951.9,8,0.11,0.22,0.001,0,0.15
92,108,2102.2,3,0.15,0.39,0.001,0,0.15
92,109,586.1,20,0.16,4.95,0.054,0,0.38
92,110,3121.9,0,0.0,0.0,0.0,0,0.01
92,111,2838.0,3,0.04,0.03,0.0,0,0.08
92,112,1098.9,50,0.36,1.29,0.012,0,0.56
92,113,2099.3,32,0.13,2.37,0.0,0,0.37
92,114,1203.6,12,0.04,0.77,0.01,0,0.19
92,115,498.9,27,0.5,8.28,0.159,0,1.19
92,116,3367.7,4,0.01,0.01,0.0,0,0.07
92,117,1801.3,3,0.01,0.06,0.002,0,0.07
92,118,3086.8,8,0.13,0.05,0.0,0,0.18
92,119,2751.5,16,0.14,0.11,0.0,0,0.18
92,120,1012.2,28,0.66,3.55,0.016,0,0.86
92,121,1041.8,2,0.05,0.62,0.003,0,0.07
92,122,653.8,123,2.21,11.25,0.043,0,3.61
92,123,1255.6,7,0.07,0.2,0.013,0,0.13
92,124,2792.3,5,0.01,0.07,0.0,0,0.1
92,125,2044.0,63,1.54,1.19,0.001,0,1.86
92,126,803.3,9,0.1,0.83,0.02,0,0.13
92,127,1765.3,0,0.01,0.12,0.001,0,0.07
92,128,1880.4,6,0.22,0.29,0.001,0,0.24
92,129,2174.8,1,0.06,0.06,0.0,0,0.07
92,130,4140.1,0,0.01,0.0,0.0,0,0.02
92,131,1999.7,1,0.02,0.14,0.0,0,0.03
92,132,1220.0,4,0.05,0.16,0.01,0,0.16
92,133,2731.2,4,0.01,0.08,0.0,0,0.08
92,134,2752.2,0,0.02,0.02,0.0,0,0.03
92,135,2200.3,7,0.1,0.84,0.0,0,0.24
92,136,477.8,34,0.24,1.38,0.148,0,0.46
92,137,2444.0,10,0.14,0.07,0.0,0,0.14
92,138,2278.0,9,0.07,0.2,0.0,0,0.16
92,139,2532.4,0,0.01,0.03,0.0,0,0.02
92,140,1764.0,28,0.26,0.29,0.001,0,0.29
92,141,3831.1,6,0.09,0.01,0.0,0,0.1
92,142,1585.7,1,0.06,0.14,0.004,0,0.07
92,143,3504.3,1,0.03,0.01,0.0,0,0.03
92,144,677.1,86,0.49,4.39,0.034,0,0.9
92,145,2684.6,11,0.14,0.12,0.0,0,0.23
92,146,3561.6,0,0.0,0.0,0.0,0,0.01
92,147,1263.1,4,0.02,0.2,0.005,0,0.07
92,148,2934.9,4,0.1,0.05,0.0,0,0.13
92,149,1515.4,5,0.08,0.64,0.002,0,0.14
92,150,1696.2,32,0.34,0.36,0.0,0,0.5
92,151,2397.9,4,0.01,0.16,0.0,0,0.08
92,152,2085.1,1,0.02,0.06,0.0,0,0.03
92,153,2234.5,9,0.11,0.18,0.0,0,0.13
92,154,2192.3,5,0.02,0.1,0.0,0,0.14
92,155,1039.5,5,0.09,0.84,0.03,0,0.1
92,156,296.3,1091,8.84,24.96,0.136,1,11.21
92,157,2970.8,4,0.08,0.05,0.0,0,0.08
92,158,1152.1,3,0.03,0.22,0.005,0,0.11
92,159,1000.5,100,0.91,2.95,0.015,0,1.14
92,160,873.1,10,0.11,1.29,0.047,0,0.12
92,161,1146.4,62,1.09,4.44,0.011,0,1.74
92,162,2266.5,8,0.05,0.36,0.0,0,0.14
92,163,2021.6,5,0.03,0.09,0.001,0,0.06
92,164,1877.3,46,0.2,0.77,0.001,0,0.91
92,165,915.6,48,0.44,2.11,0.021,0,0.54
92,166,1472.8,36,0.04,1.49,0.003,0,0.37
92,167,1887.7,59,1.15,1.94,0.001,0,1.38
92,168,1646.1,6,0.07,0.29,0.001,0,0.08
92,169,3232.4,0,0.01,0.01,0.0,0,0.03
92,170,825.9,5,0.06,0.72,0.047,0,0.07
92,171,1860.3,5,0.05,0.13,0.002,0,0.06
92,172,3464.9,3,0.05,0.01,0.0,0,0.05
92,173,2548.7,4,0.12,0.14,0.0,0,0.12
92,174,1770.0,34,0.1,0.35,0.002,0,0.47
92,175,2142.7,21,0.11,0.5,0.001,0,0.3
92,176,2908.8,2,0.01,0.03,0.0,0,0.04
92,177,3129.7,16,0.16,0.11,0.0,0,0.31
92,178,1207.9,14,0.04,0.52,0.008,0,0.16
92,179,451.9,1302,6.06,45.29,0.075,2,15.98
92,180,1009.5,39,0.47,1.98,0.016,0,1.06
92,181,1882.0,7,0.07,0.13,0.001,0,0.07
92,182,1359.4,5,0.06,0.28,0.005,0,0.15
92,183,1352.2,5,0.14,1.44,0.004,0,0.24
92,184,3137.4,2,0.02,0.02,0.0,0,0.03
92,185,3369.9,2,0.06,0.03,0.0,0,0.08
92,186,1529.7,9,0.23,0.59,0.002,0,0.48
92,187,1719.8,12,0.1,0.33,0.002,0,0.21
92,188,2285.6,6,0.04,0.05,0.0,0,0.07
92,189,1181.7,1,0.02,0.21,0.012,0,0.05
92,190,2467.4,1,0.04,0.04,0.0,0,0.07
92,191,1244.6,128,0.45,2.86,0.008,0,1.44
92,192,2215.8,13,0.09,0.19,0.0,0,0.26
92,193,2756.9,0,0.02,0.01,0.0,0,0.03
92,194,1917.1,2,0.02,0.34,0.0,0,0.08
92,195,1253.7,33,0.13,1.43,0.006,0,0.85
92,196,2986.2,1,0.01,0.01,0.0,0,0.03
92,197,1418.7,6,0.04,0.97,0.003,0,0.09
92,198,1788.2,0,0.04,0.38,0.0,0,0.05
92,199,1877.7,1,0.04,0.05,0.0,0,0.05
93,94,1869.6,2,0.01,0.3,0.001,0,0.03
93,95,2966.9,0,0.01,0.01,0.0,0,0.02
93,96,3044.1,6,0.04,0.04,0.0,0,0.08
93,97,3413.3,1,0.06,0.03,0.0,0,0.11
93,98,454.2,99,1.05,4.85,0.134,0,1.67
93,99,2646.3,2,0.0,0.09,0.0,0,0.04
93,100,1207.1,2,0.03,0.65,0.009,0,0.08
93,101,3205.9,1,0.02,0.02,0.0,0,0.04
93,102,1850.6,3,0.04,0.2,0.001,0,0.07
93,103,2001.0,1,0.09,0.12,0.0,0,0.09
93,104,1262.4,8,0.06,1.2,0.012,0,0.12
93,105,2259.4,14,0.06,0.25,0.0,0,0.26
93,106,2433.1,20,1.27,0.72,0.0,0,1.35
93,107,1386.1,11,0.33,0.85,0.005,0,0.45
93,108,1820.8,21,0.17,0.45,0.001,0,0.28
93,109,117.7,839,4.28,13.23,0.113,0,10.72
93,110,2866.6,0,0.0,0.01,0.0,0,0.01
93,111,3092.3,1,0.01,0.01,0.0,0,0.04
93,112,1508.7,20,0.16,0.97,0.002,0,0.26
93,113,1731.6,181,0.7,6.73,0.001,0,2.46
93,114,924.0,38,0.37,2.39,0.033,0,0.47
93,115,678.6,78,0.18,5.24,0.068,0,1.06
93,116,3474.0,4,0.03,0.01,0.0,0,0.05
93,117,1826.9,4,0.01,0.13,0.002,0,0.05
93,118,2802.6,8,0.25,0.16,0.0,0,0.63
93,119,2726.3,11,0.13,0.13,0.0,0,0.27
93,120,766.6,59,0.98,7.72,0.032,0,1.09
93,121,891.4,5,0.31,1.37,0.023,0,0.36
93,122,693.9,253,0.79,23.74,0.054,0,4.31
93,123,1444.4,8,0.01,0.24,0.004,0,0.1
93,124,2808.3,14,0.13,0.11,0.0,0,0.26
93,125,1653.6,234,0.66,5.23,0.001,0,2.47
93,126,1033.5,4,0.08,1.13,0.022,0,0.09
93,127,2306.2,5,0.05,0.06,0.0,0,0.08
93,128,2443.8,3,0.06,0.17,0.0,0,0.15
93,129,2245.8,5,0.06,0.07,0.0,0,0.11
93,130,3847.4,0,0.01,0.0,0.0,0,0.02
93,131,2544.2,2,0.03,0.05,0.0,0,0.05
93,132,870.1,5,0.13,0.61,0.022,0,0.15
93,133,3043.6,24,0.04,0.05,0.0,0,0.3
93,134,2946.1,1,0.02,0.02,0.0,0,0.05
93,135,1890.9,8,0.34,1.67,0.0,0,0.52
93,136,355.9,26,0.32,4.98,0.238,0,0.47
93,137,2675.9,1,0.04,0.04,0.0,0,0.09
93,138,2405.3,15,0.19,0.41,0.0,0,0.26
93,139,2249.4,8,0.09,0.08,0.0,0,0.1
93,140,1936.5,12,0.07,0.53,0.0,0,0.22
93,141,3590.9,3,0.31,0.05,0.0,0,0.35
93,142,2084.1,3,0.01,0.05,0.0,0,0.04
93,143,3430.8,6,0.01,0.02,0.0,0,0.07
93,144,311.2,139,0.65,17.93,0.2,0,2.66
93,145,2418.7,34,0.37,0.19,0.0,0,0.38
93,146,3415.9,0,0.0,0.0,0.0,0,0.01
93,147,1413.7,4,0.04,0.39,0.005,0,0.06
93,148,2704.4,11,0.01,0.18,0.0,0,0.12
93,149,1993.3,11,0.07,0.35,0.0,0,0.12
93,150,1854.4,6,0.21,0.7,0.0,0,0.22
93,151,2127.5,9,0.05,0.32,0.0,0,0.11
93,152,2638.7,4,0.04,0.06,0.0,0,0.05
93,153,2219.2,18,0.17,0.2,0.0,0,0.31
93,154,2128.7,16,0.19,0.22,0.001,0,0.22
93,155,1546.1,4,0.02,0.41,0.003,0,0.08
93,156,435.1,417,11.61,54.53,0.133,1,14.07
93,157,2683.3,24,0.36,0.09,0.0,0,0.39
93,158,957.9,34,0.41,0.91,0.029,0,0.41
93,159,1437.7,3,0.27,1.6,0.003,0,0.32
93,160,1226.0,13,0.05,0.5,0.008,0,0.13
93,161,1481.5,53,0.51,1.7,0.001,0,0.82
93,162,2583.9,3,0.07,0.28,0.0,0,0.15
93,163,2587.5,2,0.01,0.05,0.0,0,0.04
93,164,1838.2,101,0.7,1.54,0.0,0,1.07
93,165,1368.4,23,0.26,1.96,0.002,0,0.33
93,166,1987.5,9,0.04,0.68,0.001,0,0.31
93,167,1326.6,63,0.5,5.93,0.007,0,1.31
93,168,1868.9,3,0.07,0.3,0.0,0,0.12
93,169,3181.6,0,0.03,0.02,0.0,0,0.04
93,170,1375.6,7,0.08,0.48,0.006,0,0.08
93,171,2268.1,2,0.01,0.09,0.0,0,0.04
93,172,3504.7,2,0.04,0.01,0.0,0,0.05
93,173,2082.2,27,0.49,0.59,0.0,0,0.52
93,174,2122.2,11,0.11,0.3,0.0,0,0.15
93,175,1935.5,7,0.11,0.77,0.001,0,0.34
93,176,2901.6,7,0.03,0.04,0.0,0,0.11
93,177,2859.6,32,0.17,0.24,0.0,0,0.5
93,178,1770.3,7,0.15,0.32,0.002,0,0.29
93,179,661.7,1155,10.52,59.17,0.044,0,12.2
93,180,1471.1,10,0.58,1.73,0.005,0,0.99
93,181,2302.7,2,0.02,0.06,0.0,0,0.03
93,182,839.1,8,0.08,1.47,0.031,0,0.18
93,183,893.4,81,0.98,6.03,0.04,0,1.16
93,184,3370.1,6,0.02,0.01,0.0,0,0.09
93,185,3637.9,14,0.03,0.02,0.0,0,0.16
93,186,1104.2,47,0.57,2.72,0.019,0,0.63
93,187,1435.1,3,0.27,0.76,0.003,0,0.36
93,188,2003.8,2,0.02,0.2,0.001,0,0.03
93,189,1099.6,8,0.09,0.36,0.018,0,0.11
93,190,2559.3,6,0.1,0.06,0.0,0,0.13
93,191,819.4,47,1.32,6.78,0.026,0,2.83
93,192,1822.8,5,0.04,0.51,0.001,0,0.1
93,193,2707.3,3,0.04,0.03,0.0,0,0.05
93,194,2360.8,5,0.03,0.25,0.0,0,0.08
93,195,1816.3,37,0.25,0.64,0.002,0,0.39
93,196,2663.9,1,0.03,0.04,0.0,0,0.04
93,197,1394.1,11,0.06,0.99,0.003,0,0.13
93,198,1690.9,34,0.1,0.7,0.001,0,0.47
93,199,2407.0,3,0.06,0.03,0.0,0,0.07
94,95,4236.6,0,0.0,0.0,0.0,0,0.01
94,96,4428.8,1,0.03,0.0,0.0,0,0.07
94,97,5045.9,1,0.02,0.0,0.0,0,0.05
94,98,2280.5,8,0.07,0.17,0.0,0,0.18
94,99,3982.9,3,0.01,0.0,0.0,0,0.04
94,100,1546.6,0,0.0,0.11,0.003,0,0.02
94,101,4098.3,0,0.02,0.0,0.0,0,0.03
94,102,460.7,59,0.35,3.4,0.01,0,0.63
94,103,3673.5,3,0.03,0.0,0.0,0,0.04
94,104,2429.0,3,0.04,0.09,0.0,0,0.06
94,105,4101.3,1,0.07,0.0,0.0,0,0.08
94,106,3877.7,10,0.01,0.03,0.0,0,0.13
94,107,2967.3,2,0.03,0.04,0.0,0,0.07
94,108,3653.4,2,0.08,0.01,0.0,0,0.11
94,109,1967.5,8,0.05,0.29,0.001,0,0.11
94,110,4688.1,0,0.0,0.0,0.0,0,0.01
94,111,4101.6,3,0.03,0.0,0.0,0,0.04
94,112,2329.5,1,0.06,0.15,0.0,0,0.1
94,113,3598.2,17,1.09,0.16,0.0,0,1.45
94,114,2742.2,4,0.02,0.07,0.0,0,0.07
94,115,2069.2,7,0.07,0.4,0.0,0,0.09
94,116,4800.5,3,0.01,0.0,0.0,0,0.06
94,117,3343.7,0,0.03,0.01,0.0,0,0.04
94,118,4642.1,9,0.09,0.0,0.0,0,0.12
94,119,4296.0,6,0.06,0.01,0.0,0,0.07
94,120,1447.6,11,0.65,2.18,0.003,0,0.71
94,121,2613.2,2,0.01,0.03,0.0,0,0.04
94,122,2231.7,144,2.3,0.71,0.0,0,2.34
94,123,2733.6,0,0.01,0.01,0.0,0,0.01
94,124,4313.7,9,0.08,0.0,0.0,0,0.13
94,125,3522.9,80,0.51,0.13,0.0,0,0.92
94,126,2311.9,2,0.0,0.06,0.0,0,0.02
94,127,1346.9,24,0.13,0.35,0.004,0,0.25
94,128,2078.8,18,0.04,0.32,0.0,0,0.21
94,129,3678.5,1,0.03,0.01,0.0,0,0.05
94,130,5694.5,0,0.0,0.0,0.0,0,0.01
94,131,1525.5,26,0.14,0.83,0.003,0,0.32
94,132,2722.2,2,0.02,0.02,0.0,0,0.03
94,133,3898.5,1,0.02,0.01,0.0,0,0.07
94,134,4109.1,0,0.02,0.0,0.0,0,0.02
94,135,1998.7,20,0.23,0.99,0.0,0,0.53
94,136,1515.9,6,0.04,0.49,0.003,0,0.15
94,137,3769.3,1,0.03,0.01,0.0,0,0.06
94,138,3732.8,11,0.17,0.02,0.0,0,0.26
94,139,4085.8,1,0.01,0.0,0.0,0,0.01
94,140,3209.5,3,0.02,0.03,0.0,0,0.06
94,141,5403.1,23,0.25,0.0,0.0,0,0.3
94,142,2414.3,0,0.01,0.02,0.0,0,0.02
94,143,5061.1,1,0.03,0.0,0.0,0,0.04
94,144,2140.1,13,0.15,0.47,0.0,0,0.16
94,145,4245.5,2,0.07,0.01,0.0,0,0.11
94,146,5137.2,0,0.0,0.0,0.0,0,0.0
94,147,2767.2,0,0.01,0.02,0.0,0,0.01
94,148,4507.0,5,0.04,0.0,0.0,0,0.11
94,149,2445.0,17,0.21,0.1,0.0,0,0.36
94,150,3159.6,5,0.11,0.05,0.0,0,0.11
94,151,3955.7,2,0.04,0.0,0.0,0,0.08
94,152,1696.4,9,0.03,0.15,0.001,0,0.11
94,153,3783.6,4,0.03,0.01,0.0,0,0.05
94,154,1298.2,42,0.09,1.33,0.009,0,0.7
94,155,2030.4,4,0.03,0.17,0.0,0,0.11
94,156,1862.1,43,0.46,2.42,0.002,0,1.8
94,157,4524.3,2,0.06,0.0,0.0,0,0.08
94,158,1340.9,9,0.12,0.3,0.006,0,0.21
94,159,703.6,68,0.37,10.3,0.049,0,0.93
94,160,2256.2,5,0.01,0.07,0.0,0,0.05
94,161,2488.6,9,0.16,0.12,0.0,0,0.21
94,162,3469.0,13,0.19,0.04,0.0,0,0.3
94,163,2073.5,0,0.02,0.13,0.0,0,0.04
94,164,3441.3,14,0.24,0.05,0.0,0,0.24
94,165,791.3,95,0.85,5.59,0.025,0,0.98
94,166,1001.9,40,0.29,5.09,0.015,0,1.15
94,167,2765.9,78,0.61,0.28,0.0,0,0.83
94,168,3051.9,3,0.02,0.06,0.0,0,0.05
94,169,4782.2,0,0.01,0.0,0.0,0,0.01
94,170,1716.2,11,0.03,0.22,0.002,0,0.15
94,171,2922.8,2,0.04,0.03,0.0,0,0.06
94,172,4955.7,5,0.04,0.0,0.0,0,0.06
94,173,3926.1,2,0.05,0.01,0.0,0,0.06
94,174,2970.7,16,0.18,0.05,0.0,0,0.24
94,175,3716.2,20,0.17,0.01,0.0,0,0.23
94,176,4441.4,1,0.02,0.0,0.0,0,0.06
94,177,4690.9,14,0.19,0.0,0.0,0,0.22
94,178,1405.6,10,0.15,0.28,0.006,0,0.21
94,179,1220.5,360,7.23,16.84,0.005,0,8.18
94,180,2153.3,29,0.48,0.28,0.0,0,0.65
94,181,2906.0,1,0.05,0.02,0.0,0,0.05
94,182,2156.7,3,0.03,0.04,0.0,0,0.05
94,183,1968.1,5,0.26,0.55,0.001,0,0.26
94,184,4417.1,1,0.0,0.0,0.0,0,0.03
94,185,4576.2,1,0.06,0.0,0.0,0,0.06
94,186,2973.6,10,0.16,0.05,0.0,0,0.27
94,187,1670.9,10,0.02,0.38,0.003,0,0.15
94,188,3838.0,2,0.01,0.0,0.0,0,0.03
94,189,1108.7,3,0.01,0.47,0.003,0,0.05
94,190,3944.3,1,0.01,0.0,0.0,0,0.02
94,191,2688.8,16,0.12,0.22,0.0,0,0.18
94,192,3692.4,2,0.03,0.01,0.0,0,0.07
94,193,4311.7,0,0.01,0.0,0.0,0,0.02
94,194,2867.0,1,0.07,0.05,0.0,0,0.09
94,195,1422.1,18,0.07,1.52,0.006,0,0.4
94,196,4521.1,1,0.01,0.0,0.0,0,0.01
94,197,2987.9,4,0.11,0.05,0.0,0,0.15
94,198,1196.1,3,0.22,0.94,0.009,0,0.33
94,199,2457.7,1,0.05,0.03,0.0,0,0.09
95,96,329.4,52,0.4,3.56,0.075,0,0.77
95,97,1300.9,7,0.08,0.51,0.011,0,0.16
95,98,2584.1,0,0.01,0.03,0.0,0,0.01
95,99,335.1,30,0.47,2.73,0.258,0,0.56
95,100,2691.7,0,0.0,0.01,0.0,0,0.01
95,101,848.2,8,0.17,0.52,0.025,0,0.2
95,102,3907.6,0,0.0,0.0,0.0,0,0.02
95,103,1326.3,0,0.02,0.28,0.006,0,0.02
95,104,1844.8,0,0.0,0.08,0.001,0,0.03
95,105,2065.2,12,0.12,0.11,0.001,0,0.13
95,106,627.2,53,0.19,11.98,0.03,0,1.2
95,107,3604.3,0,0.01,0.0,0.0,0,0.02
95,108,2002.3,3,0.05,0.08,0.0,0,0.07
95,109,2859.3,0,0.01,0.02,0.0,0,0.01
95,110,2023.7,0,0.0,0.01,0.0,0,0.01
95,111,595.2,12,0.05,1.44,0.028,0,0.17
95,112,1912.4,2,0.01,0.09,0.0,0,0.06
95,113,2357.6,30,0.12,0.31,0.0,0,0.67
95,114,2267.9,1,0.02,0.06,0.0,0,0.04
95,115,2362.6,0,0.01,0.06,0.0,0,0.04
95,116,565.9,18,0.07,1.42,0.06,0,0.33
95,117,1187.6,1,0.09,0.12,0.007,0,0.12
95,118,2159.6,18,0.24,0.13,0.001,0,0.41
95,119,832.6,16,0.17,2.23,0.045,0,0.55
95,120,3720.2,1,0.01,0.01,0.0,0,0.04
95,121,2136.2,0,0.0,0.02,0.0,0,0.01
95,122,2283.3,3,0.03,0.31,0.0,0,0.04
95,123,1568.8,0,0.02,0.08,0.003,0,0.02
95,124,633.8,60,0.21,1.99,0.079,0,1.13
95,125,2451.5,32,0.38,0.43,0.0,0,0.43
95,126,2021.6,0,0.01,0.02,0.001,0,0.03
95,127,3555.5,0,0.01,0.0,0.0,0,0.01
95,128,2884.7,3,0.03,0.04,0.0,0,0.05
95,129,760.4,1,0.09,0.34,0.01,0,0.14
95,130,2768.4,0,0.0,0.0,0.0,0,0.0
95,131,3655.5,0,0.0,0.0,0.0,0,0.01
95,132,2417.5,0,0.01,0.01,0.0,0,0.02
95,133,912.4,30,0.61,1.37,0.024,0,0.64
95,134,262.6,20,0.32,1.91,0.115,0,0.37
95,135,4849.5,3,0.06,0.0,0.0,0,0.07
95,136,3194.9,0,0.01,0.01,0.0,0,0.01
95,137,551.5,21,0.2,0.93,0.088,0,0.37
95,138,561.8,120,1.2,4.7,0.093,0,1.25
95,139,2016.1,1,0.03,0.03,0.001,0,0.03
95,140,1059.4,18,0.19,0.91,0.022,0,0.25
95,141,2295.0,3,0.16,0.16,0.0,0,0.17
95,142,2089.7,0,0.0,0.01,0.001,0,0.0
95,143,1302.8,1,0.05,0.57,0.007,0,0.09
95,144,2691.4,2,0.03,0.03,0.0,0,0.03
95,145,1957.5,15,0.15,0.29,0.001,0,0.17
95,146,1670.9,1,0.01,0.05,0.001,0,0.02
95,147,1572.7,0,0.01,0.08,0.004,0,0.02
95,148,1839.2,6,0.06,0.22,0.0,0,0.14
95,149,1979.0,2,0.04,0.11,0.0,0,0.08
95,150,1130.0,15,0.27,0.81,0.008,0,0.29
95,151,1947.7,6,0.02,0.19,0.001,0,0.09
95,152,3587.8,0,0.01,0.0,0.0,0,0.01
95,153,969.6,38,0.25,0.61,0.029,0,0.4
95,154,5012.4,3,0.01,0.0,0.0,0,0.04
95,155,2249.6,0,0.02,0.03,0.0,0,0.02
95,156,2643.3,20,0.25,0.09,0.0,0,0.26
95,157,2136.8,3,0.05,0.17,0.0,0,0.07
95,158,3900.0,0,0.0,0.0,0.0,0,0.01
95,159,3536.1,5,0.03,0.01,0.0,0,0.08
95,160,1995.8,1,0.03,0.04,0.0,0,0.03
95,161,1749.2,5,0.1,0.44,0.001,0,0.12
95,162,987.7,36,0.5,1.36,0.023,0,0.71
95,163,3068.4,0,0.01,0.01,0.0,0,0.01
95,164,1277.9,10,0.25,0.82,0.008,0,0.32
95,165,3446.2,2,0.02,0.01,0.0,0,0.03
95,166,3571.1,3,0.02,0.01,0.0,0,0.06
95,167,3776.2,3,0.21,0.02,0.0,0,0.26
95,168,1191.6,3,0.08,0.23,0.011,0,0.1
95,169,1058.2,3,0.09,0.19,0.007,0,0.11
95,170,2541.6,1,0.02,0.01,0.0,0,0.02
95,171,1536.6,0,0.04,0.08,0.002,0,0.04
95,172,819.2,12,0.15,0.85,0.048,0,0.32
95,173,2975.9,3,0.03,0.01,0.0,0,0.03
95,174,1350.3,7,0.14,0.36,0.003,0,0.14
95,175,1708.2,13,0.12,0.28,0.001,0,0.21
95,176,751.6,13,0.08,1.25,0.053,0,0.2
95,177,2102.5,9,0.21,0.45,0.0,0,0.45
95,178,3026.3,1,0.02,0.01,0.0,0,0.03
95,179,3275.2,31,0.13,0.08,0.0,0,0.31
95,180,2096.3,5,0.12,0.14,0.001,0,0.15
95,181,1595.3,5,0.02,0.09,0.003,0,0.07
95,182,3643.6,0,0.0,0.0,0.0,0,0.01
95,183,3794.4,3,0.03,0.0,0.0,0,0.06
95,184,610.5,27,0.25,1.49,0.071,0,0.32
95,185,945.5,44,0.38,1.83,0.003,0,0.48
95,186,2576.1,1,0.04,0.04,0.0,0,0.05
95,187,4401.7,0,0.0,0.0,0.0,0,0.01
95,188,1995.6,5,0.03,0.04,0.001,0,0.06
95,189,3984.4,0,0.0,0.0,0.0,0,0.0
95,190,454.8,55,0.5,1.17,0.071,0,0.6
95,191,2601.0,4,0.03,0.05,0.0,0,0.06
95,192,2484.7,0,0.0,0.04,0.0,0,0.03
95,193,947.1,0,0.01,0.14,0.018,0,0.06
95,194,1714.1,6,0.05,0.21,0.001,0,0.09
95,195,3039.2,0,0.03,0.03,0.0,0,0.04
95,196,2323.4,1,0.04,0.02,0.0,0,0.05
95,197,1616.3,4,0.06,0.17,0.002,0,0.09
95,198,4596.8,0,0.0,0.0,0.0,0,0.02
95,199,2351.5,1,0.01,0.02,0.0,0,0.03
96,97,971.6,38,0.86,8.83,0.022,0,1.32
96,98,2634.9,21,0.16,0.09,0.0,0,0.54
96,99,447.5,43,0.28,8.92,0.109,0,1.72
96,100,2894.6,1,0.01,0.04,0.0,0,0.03
96,101,1163.2,18,0.19,3.12,0.008,0,0.26
96,102,4122.1,1,0.01,0.0,0.0,0,0.04
96,103,1232.7,18,0.07,1.46,0.005,0,0.22
96,104,2006.8,15,0.09,0.63,0.001,0,0.23
96,105,1870.5,57,0.09,1.13,0.001,0,0.58
96,106,612.4,1453,9.99,80.33,0.018,1,15.08
96,107,3549.2,5,0.04,0.03,0.0,0,0.19
96,108,1874.6,8,0.61,0.71,0.001,0,0.84
96,109,2931.8,18,0.08,0.05,0.0,0,0.21
96,110,1753.9,8,0.03,0.11,0.001,0,0.13
96,111,914.5,73,1.46,6.18,0.006,0,3.45
96,112,2128.5,29,0.18,0.74,0.0,0,0.37
96,113,2232.2,82,3.05,3.36,0.0,0,3.06
96,114,2273.3,18,0.09,0.34,0.0,0,0.39
96,115,2481.1,2,0.15,0.17,0.0,0,0.26
96,116,439.3,158,1.89,8.16,0.037,0,3.5
96,117,1220.0,3,0.14,0.9,0.007,0,0.19
96,118,1900.0,10,0.25,4.35,0.001,0,0.4
96,119,592.8,292,4.59,25.37,0.07,0,8.14
96,120,3807.8,5,0.11,0.03,0.0,0,0.35
96,121,2178.3,1,0.05,0.11,0.0,0,0.1
96,122,2380.4,52,1.17,1.19,0.0,0,1.6
96,123,1711.8,4,0.15,0.16,0.002,0,0.15
96,124,389.1,169,4.15,22.44,0.038,0,4.75
96,125,2335.3,170,1.45,3.53,0.0,0,1.79
96,126,2159.5,7,0.12,0.2,0.0,0,0.16
96,127,3821.6,7,0.03,0.01,0.0,0,0.08
96,128,3178.1,5,0.02,0.03,0.0,0,0.09
96,129,799.1,25,0.51,4.54,0.049,0,0.77
96,130,2450.9,5,0.01,0.03,0.0,0,0.07
96,131,3933.0,4,0.09,0.01,0.0,0,0.1
96,132,2414.8,3,0.03,0.06,0.0,0,0.07
96,133,1239.7,94,0.12,3.99,0.014,0,1.12
96,134,591.7,51,0.14,4.7,0.062,0,0.84
96,135,4903.2,22,0.09,0.01,0.0,0,0.24
96,136,3299.6,2,0.01,0.02,0.0,0,0.04
96,137,860.6,14,0.21,4.16,0.044,0,0.48
96,138,696.0,161,2.13,25.53,0.019,0,2.45
96,139,1823.1,9,0.09,0.22,0.001,0,0.11
96,140,1219.6,20,0.68,2.73,0.01,0,0.89
96,141,1977.0,74,0.7,2.94,0.001,0,0.96
96,142,2370.7,2,0.03,0.04,0.0,0,0.03
96,143,973.4,100,0.67,4.36,0.02,0,1.19
96,144,2753.6,24,0.1,0.11,0.0,0,0.31
96,145,1741.1,56,0.15,2.13,0.001,0,0.67
96,146,1346.6,23,0.2,0.45,0.002,0,0.31
96,147,1698.1,5,0.09,0.23,0.003,0,0.13
96,148,1584.4,72,0.57,1.65,0.003,0,0.79
96,149,2252.1,20,0.21,0.76,0.0,0,0.37
96,150,1274.2,9,0.09,3.14,0.01,0,0.73
96,151,1773.6,4,0.28,1.53,0.002,0,0.3
96,152,3873.1,4,0.02,0.01,0.0,0,0.06
96,153,894.6,93,1.28,3.53,0.008,0,1.9
96,154,5132.6,8,0.05,0.0,0.0,0,0.09
96,155,2482.7,8,0.04,0.07,0.0,0,0.11
96,156,2755.8,39,0.4,0.89,0.0,0,1.06
96,157,1889.7,34,0.1,1.42,0.001,0,0.39
96,158,3993.8,2,0.02,0.0,0.0,0,0.03
96,159,3734.9,24,0.07,0.03,0.0,0,0.28
96,160,2173.2,4,0.11,0.15,0.0,0,0.14
96,161,1945.6,3,0.17,1.07,0.001,0,0.21
96,162,1301.1,120,1.37,3.78,0.005,0,1.84
96,163,3365.3,6,0.02,0.01,0.0,0,0.06
96,164,1256.2,227,2.44,7.37,0.006,0,2.45
96,165,3643.3,8,0.04,0.03,0.0,0,0.15
96,166,3814.0,12,0.26,0.03,0.0,0,0.34
96,167,3741.7,131,1.5,0.13,0.0,0,1.79
96,168,1380.6,7,0.27,2.29,0.005,0,0.32
96,169,733.6,38,0.32,3.77,0.018,0,0.59
96,170,2760.6,5,0.06,0.05,0.0,0,0.07
96,171,1829.6,9,0.06,0.55,0.002,0,0.13
96,172,539.1,49,0.16,7.01,0.044,0,0.65
96,173,2815.8,10,0.12,0.17,0.0,0,0.2
96,174,1620.9,62,0.69,3.35,0.001,0,0.79
96,175,1579.0,64,0.89,4.32,0.003,0,1.15
96,176,464.5,412,1.1,7.97,0.138,0,6.31
96,177,1835.4,11,0.57,5.15,0.001,0,0.65
96,178,3271.7,1,0.04,0.03,0.0,0,0.08
96,179,3410.7,86,0.5,0.45,0.0,0,2.61
96,180,2316.8,13,0.25,0.75,0.0,0,0.51
96,181,1892.1,6,0.02,0.28,0.0,0,0.14
96,182,3666.2,1,0.03,0.01,0.0,0,0.05
96,183,3833.6,8,0.06,0.02,0.0,0,0.17
96,184,865.8,44,0.24,4.1,0.033,0,0.54
96,185,1183.1,222,0.52,6.24,0.015,0,2.7
96,186,2530.0,30,0.49,0.35,0.0,0,0.54
96,187,4470.2,30,0.31,0.0,0.0,0,0.34
96,188,1839.2,24,0.23,0.22,0.001,0,0.27
96,189,4096.6,0,0.01,0.0,0.0,0,0.02
96,190,493.9,117,1.42,10.64,0.16,0,1.9
96,191,2592.3,22,0.21,0.37,0.0,0,0.48
96,192,2346.4,17,0.21,0.41,0.0,0,0.45
96,193,703.2,35,0.63,2.41,0.037,0,0.72
96,194,2016.0,2,0.06,0.4,0.0,0,0.19
96,195,3287.7,15,0.19,0.05,0.0,0,0.24
96,196,2082.6,4,0.02,0.13,0.001,0,0.09
96,197,1657.1,21,0.11,0.96,0.001,0,0.49
96,198,4707.7,2,0.04,0.0,0.0,0,0.06
96,199,2652.0,1,0.02,0.04,0.0,0,0.03
97,98,2963.2,29,0.22,0.06,0.0,0,0.3
97,99,1305.5,12,0.26,2.31,0.005,0,0.43
97,100,3579.7,2,0.01,0.0,0.0,0,0.03
97,101,2121.5,1,0.04,0.17,0.001,0,0.1
97,102,4802.6,3,0.02,0.0,0.0,0,0.06
97,103,1413.0,7,0.09,0.68,0.005,0,0.09
97,104,2647.9,23,0.09,0.14,0.0,0,0.23
97,105,1547.1,11,0.19,1.4,0.004,0,0.31
97,106,1244.5,322,1.35,18.83,0.006,0,4.08
97,107,3518.3,17,0.12,0.03,0.0,0,0.2
97,108,1786.2,6,0.22,1.27,0.002,0,0.36
97,109,3295.6,7,0.06,0.04,0.0,0,0.14
97,110,1125.0,1,0.01,0.4,0.021,0,0.07
97,111,1879.1,11,0.26,0.65,0.001,0,0.27
97,112,2874.4,14,0.12,0.05,0.0,0,0.27
97,113,2095.3,115,1.58,9.09,0.001,0,2.31
97,114,2515.7,5,0.02,0.19,0.0,0,0.09
97,115,2989.5,20,0.27,0.11,0.0,0,0.31
97,116,1050.4,24,0.2,2.6,0.013,0,0.37
97,117,1704.0,3,0.04,0.29,0.002,0,0.16
97,118,1297.6,216,2.72,5.83,0.004,0,2.9
97,119,761.5,169,0.95,11.7,0.061,0,4.02
97,120,4167.7,19,0.19,0.01,0.0,0,0.23
97,121,2526.2,9,0.03,0.09,0.0,0,0.12
97,122,2844.8,45,0.3,0.48,0.0,0,0.79
97,123,2340.0,4,0.03,0.07,0.0,0,0.05
97,124,811.8,97,0.54,8.28,0.057,0,1.31
97,125,2214.9,76,2.0,4.91,0.0,0,2.71
97,126,2736.5,1,0.01,0.04,0.0,0,0.06
97,127,4635.2,0,0.03,0.0,0.0,0,0.05
97,128,4063.7,10,0.05,0.01,0.0,0,0.2
97,129,1426.1,5,0.09,1.15,0.008,0,0.13
97,130,1530.6,3,0.04,0.27,0.002,0,0.05
97,131,4773.1,4,0.05,0.0,0.0,0,0.13
97,132,2620.2,5,0.04,0.05,0.0,0,0.08
97,133,2210.1,7,0.13,0.75,0.0,0,0.29
97,134,1563.3,3,0.14,0.92,0.004,0,0.15
97,135,5132.0,11,0.31,0.0,0.0,0,0.36
97,136,3726.8,0,0.0,0.01,0.0,0,0.02
97,137,1810.6,73,0.21,0.54,0.002,0,0.79
97,138,1487.7,49,0.39,3.22,0.006,0,0.91
97,139,1515.1,19,0.24,0.39,0.006,0,0.27
97,140,1940.3,46,0.44,0.63,0.001,0,0.48
97,141,1064.8,435,3.07,10.32,0.018,0,5.15
97,142,3240.8,3,0.02,0.01,0.0,0,0.04
97,143,19.3,31752,45.45,20.65,0.542,3,374.64
97,144,3102.6,3,0.09,0.07,0.0,0,0.16
97,145,1357.4,33,0.19,5.34,0.009,0,0.38
97,146,421.2,134,1.08,2.68,0.093,0,1.54
97,147,2291.7,6,0.03,0.06,0.0,0,0.09
97,148,1064.6,37,1.02,7.65,0.021,0,1.14
97,149,3108.7,8,0.1,0.07,0.0,0,0.33
97,150,1959.8,18,0.21,0.73,0.001,0,0.41
97,151,1545.9,34,0.07,1.75,0.003,0,0.52
97,152,4732.8,2,0.02,0.0,0.0,0,0.03
97,153,1263.3,31,0.14,3.93,0.01,0,0.81
97,154,5540.5,1,0.1,0.0,0.0,0,0.11
97,155,3249.4,13,0.03,0.02,0.0,0,0.15
97,156,3231.9,57,0.85,0.2,0.0,0,1.26
97,157,1346.3,32,0.34,4.32,0.003,0,0.46
97,158,4363.2,3,0.01,0.0,0.0,0,0.04
97,159,4384.6,13,0.38,0.01,0.0,0,0.38
97,160,2835.6,4,0.03,0.03,0.0,0,0.05
97,161,2662.0,49,0.18,0.25,0.0,0,1.06
97,162,2247.6,11,0.54,0.96,0.0,0,0.71
97,163,4257.2,0,0.01,0.0,0.0,0,0.02
97,164,1611.3,174,1.25,3.98,0.002,0,1.97
97,165,4291.2,42,0.4,0.01,0.0,0,0.48
97,166,4571.2,14,0.09,0.01,0.0,0,0.16
97,167,3761.9,43,0.46,0.06,0.0,0,0.58
97,168,2129.7,17,0.07,0.44,0.0,0,0.2
97,169,280.8,238,1.2,4.31,0.172,0,3.14
97,170,3486.9,6,0.05,0.01,0.0,0,0.07
97,171,2733.6,8,0.02,0.06,0.0,0,0.13
97,172,671.0,22,0.53,8.71,0.04,0,1.74
97,173,2501.2,22,0.09,0.35,0.0,0,0.23
97,174,2491.8,15,0.16,0.18,0.0,0,0.23
97,175,1549.6,110,0.22,2.38,0.005,0,1.54
97,176,658.8,35,0.93,7.76,0.037,0,1.3
97,177,1207.0,29,0.29,16.64,0.013,0,1.91
97,178,4044.9,13,0.13,0.01,0.0,0,0.14
97,179,3911.9,70,0.26,0.16,0.0,0,1.67
97,180,3063.4,1,0.09,0.08,0.0,0,0.15
97,181,2801.5,2,0.02,0.05,0.0,0,0.07
97,182,3854.5,6,0.02,0.0,0.0,0,0.07
97,183,4060.3,22,0.07,0.01,0.0,0,0.25
97,184,1774.1,17,0.05,0.73,0.001,0,0.23
97,185,2046.6,16,0.55,1.59,0.001,0,0.56
97,186,2601.7,42,0.94,0.22,0.0,0,0.97
97,187,4753.7,3,0.07,0.0,0.0,0,0.09
97,188,1661.2,22,0.05,0.23,0.001,0,0.23
97,189,4512.0,0,0.01,0.0,0.0,0,0.02
97,190,1261.6,30,0.09,0.99,0.01,0,0.44
97,191,2764.2,28,0.31,0.29,0.0,0,0.32
97,192,2152.4,15,0.02,0.76,0.0,0,0.18
97,193,734.3,29,0.43,1.1,0.03,0,0.46
97,194,2932.9,14,0.11,0.14,0.0,0,0.21
97,195,4068.0,12,0.22,0.01,0.0,0,0.23
97,196,1539.7,0,0.02,0.71,0.001,0,0.08
97,197,2071.1,16,0.33,0.29,0.0,0,0.36
97,198,5101.1,12,0.14,0.0,0.0,0,0.17
97,199,3558.6,2,0.03,0.01,0.0,0,0.06
98,99,2255.8,8,0.08,0.18,0.0,0,0.19
98,100,1333.7,4,0.03,0.25,0.007,0,0.07
98,101,2907.5,5,0.09,0.03,0.0,0,0.1
98,102,2206.9,6,0.03,0.27,0.0,0,0.12
98,103,1552.8,17,0.04,0.3,0.002,0,0.19
98,104,1042.2,31,0.17,1.99,0.013,0,0.9
98,105,1823.9,25,0.18,0.64,0.0,0,0.56
98,106,2022.6,57,0.29,1.77,0.0,0,1.09
98,107,1354.3,24,0.12,1.69,0.007,0,0.48
98,108,1379.5,73,0.96,1.37,0.007,0,1.13
98,109,337.6,107,0.31,12.14,0.152,0,1.44
98,110,2423.3,0,0.0,0.03,0.0,0,0.02
98,111,2768.6,4,0.1,0.07,0.0,0,0.16
98,112,1377.5,59,0.21,1.32,0.002,0,0.79
98,113,1326.3,408,5.55,19.59,0.009,0,6.98
98,114,472.8,130,1.79,10.63,0.102,0,2.04
98,115,554.3,157,1.85,13.87,0.079,0,2.65
98,116,3070.1,10,0.22,0.05,0.0,0,0.25
98,117,1415.3,16,0.1,0.34,0.008,0,0.17
98,118,2366.5,36,0.19,0.29,0.0,0,1.13
98,119,2287.2,31,0.19,0.53,0.0,0,0.65
98,120,1206.1,156,0.73,2.94,0.009,0,1.9
98,121,457.6,94,0.74,3.94,0.026,0,1.49
98,122,444.7,708,8.1,41.91,0.185,1,12.39
98,123,1140.2,1,0.13,0.88,0.017,0,0.13
98,124,2379.3,23,0.22,0.32,0.0,0,0.39
98,125,1262.7,82,5.36,17.3,0.005,0,6.03
98,126,818.1,22,0.04,2.16,0.039,0,0.34
98,127,2535.0,6,0.06,0.14,0.0,0,0.1
98,128,2525.4,10,0.09,0.26,0.0,0,0.16
98,129,1842.9,25,0.05,0.28,0.0,0,0.32
98,130,3416.4,0,0.01,0.01,0.0,0,0.01
98,131,2764.0,6,0.07,0.11,0.0,0,0.1
98,132,443.6,71,0.91,1.91,0.039,0,0.95
98,133,2761.0,17,0.04,0.1,0.0,0,0.25
98,134,2589.1,3,0.03,0.06,0.0,0,0.05
98,135,2269.6,125,0.3,1.19,0.0,0,1.31
98,136,795.1,4,0.15,1.46,0.025,0,0.18
98,137,2345.9,8,0.03,0.22,0.0,0,0.11
98,138,2024.0,56,0.63,1.06,0.0,0,0.66
98,139,1810.9,12,0.03,0.2,0.002,0,0.16
98,140,1592.7,16,0.21,0.72,0.004,0,0.3
98,141,3146.0,63,0.6,0.13,0.0,0,0.67
98,142,2021.9,2,0.0,0.07,0.001,0,0.04
98,143,2980.9,9,0.14,0.07,0.0,0,0.19
98,144,145.2,2576,11.2,20.04,0.471,1,28.76
98,145,1976.4,30,0.08,0.9,0.001,0,0.38
98,146,2961.7,0,0.01,0.01,0.0,0,0.01
98,147,1087.4,6,0.03,0.63,0.008,0,0.11
98,148,2255.9,7,0.1,0.26,0.0,0,0.17
98,149,1906.7,16,0.15,0.85,0.0,0,0.19
98,150,1505.6,70,0.26,1.64,0.003,0,0.82
98,151,1685.1,19,0.29,1.4,0.002,0,0.39
98,152,2834.9,7,0.17,0.09,0.0,0,0.21
98,153,1787.1,7,0.1,0.89,0.002,0,0.13
98,154,2577.4,22,0.29,0.2,0.0,0,0.62
98,155,1525.9,8,0.16,0.42,0.005,0,0.21
98,156,507.1,1028,3.64,41.13,0.08,1,22.09
98,157,2247.8,27,0.67,0.33,0.0,0,0.89
98,158,1400.8,9,0.17,0.5,0.004,0,0.45
98,159,1775.0,36,0.06,1.06,0.002,0,0.43
98,160,1075.4,10,0.1,1.21,0.022,0,0.24
98,161,1284.3,57,0.09,6.17,0.007,0,0.68
98,162,2315.4,77,0.19,1.35,0.0,0,0.82
98,163,2691.3,3,0.03,0.05,0.0,0,0.1
98,164,1404.9,46,0.2,5.86,0.005,0,0.64
98,165,1694.6,9,0.05,0.88,0.002,0,0.52
98,166,2258.4,48,0.41,0.55,0.0,0,0.49
98,167,1390.3,217,2.11,11.75,0.005,0,2.29
98,168,1559.2,6,0.15,0.58,0.003,0,0.4
98,169,2735.5,10,0.04,0.05,0.0,0,0.13
98,170,1446.5,3,0.06,0.67,0.008,0,0.1
98,171,2089.6,7,0.07,0.11,0.0,0,0.1
98,172,3077.9,9,0.08,0.07,0.0,0,0.14
98,173,1762.8,18,0.27,0.59,0.0,0,0.27
98,174,1898.2,9,0.1,0.66,0.001,0,0.12
98,175,1482.4,35,0.35,2.27,0.005,0,0.63
98,176,2465.8,1,0.01,0.15,0.0,0,0.12
98,177,2419.8,17,0.06,0.91,0.0,0,0.39
98,178,1945.0,4,0.18,0.46,0.001,0,0.19
98,179,1060.1,408,4.3,38.33,0.018,0,5.93
98,180,1398.9,46,0.66,1.73,0.002,0,0.87
98,181,2136.4,1,0.04,0.14,0.0,0,0.1
98,182,1077.6,8,0.14,0.98,0.011,0,0.25
98,183,1211.0,41,0.54,2.31,0.01,0,0.85
98,184,3029.0,4,0.07,0.02,0.0,0,0.12
98,185,3315.4,10,0.07,0.04,0.0,0,0.13
98,186,741.7,102,0.51,9.73,0.007,0,1.1
98,187,1837.2,14,0.21,0.42,0.002,0,0.24
98,188,1563.7,4,0.02,0.3,0.003,0,0.06
98,189,1552.8,9,0.11,0.15,0.004,0,0.19
98,190,2159.6,14,0.06,0.27,0.0,0,0.2
98,191,458.8,582,7.64,24.45,0.082,0,8.45
98,192,1434.5,50,0.51,2.39,0.004,0,0.87
98,193,2263.3,3,0.06,0.1,0.0,0,0.07
98,194,2217.5,25,0.08,0.31,0.0,0,0.29
98,195,1989.4,17,0.2,0.5,0.001,0,0.39
98,196,2240.6,5,0.16,0.09,0.0,0,0.17
98,197,977.9,41,0.39,3.17,0.02,0,0.53
98,198,2138.0,22,0.25,0.34,0.001,0,0.26
98,199,2386.1,1,0.02,0.08,0.0,0,0.07
99,100,2447.3,3,0.02,0.04,0.0,0,0.04
99,101,1036.3,5,0.06,1.28,0.011,0,0.09
99,102,3674.6,2,0.02,0.01,0.0,0,0.02
99,103,1013.0,22,0.25,1.27,0.021,0,0.4
99,104,1565.2,22,0.21,0.5,0.004,0,0.31
99,105,1798.9,28,0.06,0.46,0.001,0,0.34
99,106,308.7,983,5.4,74.76,0.094,2,14.78
99,107,3271.6,9,0.11,0.02,0.0,0,0.15
99,108,1695.4,29,0.32,0.46,0.003,0,0.36
99,109,2537.1,1,0.07,0.07,0.0,0,0.08
99,110,1837.6,5,0.01,0.05,0.002,0,0.05
99,111,789.0,41,0.31,3.41,0.059,0,0.57
99,112,1681.6,2,0.03,0.57,0.002,0,0.19
99,113,2047.2,144,1.49,3.04,0.0,0,2.25
99,114,1933.0,21,0.1,0.32,0.001,0,0.4
99,115,2057.8,12,0.08,0.23,0.0,0,0.17
99,116,838.3,6,0.27,4.86,0.052,0,0.4
99,117,853.2,7,0.04,0.64,0.025,0,0.27
99,118,1957.4,11,0.19,0.72,0.001,0,0.2
99,119,667.1,27,0.74,6.75,0.053,0,1.81
99,120,3404.1,14,0.11,0.05,0.0,0,0.15
99,121,1805.4,10,0.05,0.18,0.002,0,0.17
99,122,1968.7,90,0.33,1.74,0.001,0,0.93
99,123,1275.5,1,0.03,0.33,0.008,0,0.05
99,124,513.1,78,2.95,10.29,0.041,0,3.25
99,125,2136.9,339,2.71,3.33,0.0,0,3.81
99,126,1726.6,11,0.1,0.15,0.003,0,0.14
99,127,3387.8,2,0.02,0.01,0.0,0,0.03
99,128,2769.5,10,0.25,0.06,0.0,0,0.35
99,129,425.3,10,0.64,5.63,0.107,0,0.88
99,130,2672.0,0,0.02,0.02,0.0,0,0.02
99,131,3506.7,3,0.06,0.02,0.0,0,0.07
99,132,2082.5,2,0.02,0.12,0.001,0,0.03
99,133,1038.7,60,0.61,2.32,0.015,0,0.71
99,134,457.4,33,0.04,2.64,0.123,0,0.38
99,135,4523.7,32,0.21,0.01,0.0,0,0.37
99,136,2885.1,1,0.03,0.01,0.0,0,0.05
99,137,537.5,45,0.51,3.34,0.14,0,0.81
99,138,252.5,142,8.59,23.46,0.123,2,13.21
99,139,1749.2,3,0.02,0.11,0.0,0,0.05
99,140,775.7,12,0.19,4.67,0.037,0,0.28
99,141,2205.7,14,0.61,0.81,0.0,0,0.93
99,142,1952.4,2,0.02,0.08,0.0,0,0.04
99,143,1312.2,11,0.53,2.73,0.006,0,0.64
99,144,2365.9,6,0.11,0.22,0.0,0,0.16
99,145,1711.2,17,0.06,0.92,0.002,0,0.31
99,146,1619.5,3,0.05,0.13,0.002,0,0.05
99,147,1269.1,2,0.14,0.27,0.01,0,0.19
99,148,1636.6,46,0.39,1.09,0.0,0,0.59
99,149,1827.5,39,0.2,0.5,0.001,0,0.4
99,150,835.2,78,0.27,3.97,0.022,0,1.04
99,151,1668.0,23,0.14,1.09,0.002,0,0.26
99,152,3453.7,0,0.02,0.01,0.0,0,0.02
99,153,657.6,72,1.05,5.89,0.04,0,1.22
99,154,4711.3,3,0.03,0.0,0.0,0,0.03
99,155,2038.1,5,0.02,0.13,0.0,0,0.07
99,156,2336.2,62,0.87,0.73,0.0,0,1.23
99,157,1919.5,12,0.27,0.8,0.001,0,0.29
99,158,3586.4,1,0.02,0.01,0.0,0,0.02
99,159,3288.0,12,0.16,0.06,0.0,0,0.23
99,160,1728.4,12,0.11,0.25,0.002,0,0.14
99,161,1498.3,34,0.24,1.18,0.003,0,0.37
99,162,955.0,119,0.51,10.45,0.018,0,1.25
99,163,2960.6,2,0.04,0.01,0.0,0,0.05
99,164,945.1,121,0.85,7.92,0.03,0,1.23
99,165,3196.6,3,0.05,0.04,0.0,0,0.16
99,166,3370.6,6,0.19,0.05,0.0,0,0.37
99,167,3441.5,55,0.29,0.08,0.0,0,0.63
99,168,933.3,51,0.65,1.4,0.012,0,0.93
99,169,1032.5,7,0.12,0.76,0.029,0,0.14
99,170,2313.6,1,0.01,0.11,0.0,0,0.02
99,171,1430.1,2,0.03,0.47,0.002,0,0.12
99,172,984.0,56,0.39,2.95,0.022,0,0.91
99,173,2679.6,61,0.14,0.19,0.0,0,1.04
99,174,1199.7,57,0.73,1.56,0.004,0,1.04
99,175,1405.2,30,0.78,2.22,0.005,0,0.85
99,176,664.8,154,0.77,4.08,0.051,0,2.75
99,177,1911.2,116,0.54,2.01,0.001,0,1.76
99,178,2829.4,1,0.08,0.06,0.0,0,0.1
99,179,2980.9,50,0.73,0.55,0.0,0,0.93
99,180,1870.3,24,0.06,0.5,0.001,0,0.36
99,181,1497.1,10,0.05,0.24,0.004,0,0.15
99,182,3311.1,0,0.03,0.01,0.0,0,0.04
99,183,3464.8,5,0.08,0.04,0.0,0,0.09
99,184,901.9,79,0.62,2.68,0.031,0,1.04
99,185,1236.6,46,0.31,3.28,0.008,0,0.5
99,186,2243.2,1,0.05,0.42,0.0,0,0.09
99,187,4079.7,1,0.01,0.0,0.0,0,0.04
99,188,1704.0,2,0.06,0.35,0.002,0,0.1
99,189,3678.8,1,0.02,0.0,0.0,0,0.02
99,190,132.7,204,2.19,12.96,0.421,1,3.4
99,191,2265.9,23,0.33,0.65,0.0,0,0.68
99,192,2179.5,3,0.03,0.16,0.001,0,0.07
99,193,773.1,21,0.11,0.55,0.041,0,0.28
99,194,1627.6,33,0.25,0.62,0.004,0,0.53
99,195,2846.5,1,0.08,0.07,0.0,0,0.1
99,196,2096.4,1,0.03,0.11,0.0,0,0.07
99,197,1284.2,43,0.26,1.74,0.009,0,0.48
99,198,4291.0,1,0.01,0.0,0.0,0,0.04
99,199,2255.9,6,0.04,0.04,0.0,0,0.07
100,101,2588.5,0,0.0,0.02,0.0,0,0.02
100,102,1231.2,4,0.02,0.32,0.007,0,0.05
100,103,2288.4,1,0.01,0.04,0.0,0,0.02
100,104,932.7,11,0.12,0.91,0.026,0,0.15
100,105,2909.4,1,0.04,0.02,0.0,0,0.06
100,106,2368.0,13,0.11,0.27,0.0,0,0.14
100,107,2588.1,0,0.02,0.04,0.0,0,0.04
100,108,2470.3,3,0.0,0.03,0.0,0,0.04
100,109,1211.6,7,0.07,0.27,0.014,0,0.12
100,110,3419.9,0,0.0,0.0,0.0,0,0.0
100,111,2569.4,2,0.03,0.04,0.0,0,0.03
100,112,783.1,10,0.13,0.53,0.064,0,0.17
100,113,2546.3,4,0.06,0.74,0.0,0,0.26
100,114,1649.7,3,0.03,0.16,0.001,0,0.04
100,115,832.9,71,0.79,0.78,0.053,0,0.88
100,116,3256.6,3,0.02,0.02,0.0,0,0.03
100,117,1887.3,0,0.01,0.02,0.0,0,0.02
100,118,3415.7,7,0.1,0.02,0.0,0,0.11
100,119,2819.0,7,0.1,0.03,0.0,0,0.1
100,120,1558.9,15,0.07,0.6,0.001,0,0.17
100,121,1420.0,3,0.01,0.16,0.001,0,0.04
100,122,1012.9,40,0.25,2.44,0.01,0,0.45
100,123,1239.8,0,0.01,0.12,0.004,0,0.04
100,124,2811.1,2,0.02,0.03,0.0,0,0.04
100,125,2513.5,4,0.14,0.23,0.0,0,0.16
100,126,890.2,12,0.11,0.26,0.013,0,0.21
100,127,1233.5,1,0.04,0.25,0.007,0,0.05
100,128,1236.8,9,0.06,0.3,0.007,0,0.23
100,129,2171.9,1,0.02,0.04,0.0,0,0.03
100,130,4452.3,0,0.0,0.0,0.0,0,0.0
100,131,1449.8,5,0.04,0.2,0.007,0,0.13
100,132,1713.1,0,0.03,0.05,0.002,0,0.04
100,133,2393.2,3,0.01,0.09,0.0,0,0.06
100,134,2563.0,0,0.01,0.01,0.0,0,0.02
100,135,2709.5,2,0.11,0.09,0.0,0,0.12
100,136,1083.3,5,0.04,0.31,0.011,0,0.11
100,137,2224.7,2,0.04,0.05,0.0,0,0.04
100,138,2200.1,6,0.04,0.15,0.0,0,0.12
100,139,2880.5,0,0.0,0.0,0.0,0,0.0
100,140,1681.1,2,0.08,0.18,0.001,0,0.11
100,141,4093.1,2,0.01,0.01,0.0,0,0.05
100,142,1033.7,4,0.04,0.12,0.012,0,0.06
100,143,3593.3,1,0.01,0.01,0.0,0,0.03
100,144,1258.0,7,0.23,0.47,0.013,0,0.25
100,145,3009.3,2,0.06,0.04,0.0,0,0.08
100,146,3728.3,0,0.01,0.0,0.0,0,0.01
100,147,1293.4,1,0.02,0.12,0.012,0,0.02
100,148,3213.7,1,0.06,0.02,0.0,0,0.1
100,149,1004.1,8,0.2,0.92,0.022,0,0.38
100,150,1640.2,7,0.08,0.16,0.002,0,0.1
100,151,2739.8,4,0.02,0.03,0.0,0,0.04
100,152,1506.6,6,0.06,0.13,0.006,0,0.08
100,153,2324.2,14,0.15,0.1,0.0,0,0.2
100,154,2502.0,7,0.01,0.04,0.0,0,0.08
100,155,525.2,8,0.09,0.92,0.141,0,0.12
100,156,840.8,191,2.05,8.09,0.01,0,2.13
100,157,3306.9,2,0.02,0.02,0.0,0,0.03
100,158,1654.3,0,0.01,0.07,0.0,0,0.02
100,159,844.5,15,0.25,1.66,0.044,0,0.36
100,160,744.2,6,0.03,0.39,0.028,0,0.07
100,161,949.0,19,0.19,2.13,0.025,0,0.21
100,162,1946.1,16,0.11,0.27,0.001,0,0.19
100,163,1382.4,1,0.01,0.1,0.001,0,0.04
100,164,2024.8,8,0.02,0.42,0.001,0,0.1
100,165,755.4,32,0.23,2.27,0.004,0,0.33
100,166,1033.8,25,0.06,1.19,0.022,0,0.28
100,167,2531.5,22,0.17,0.29,0.0,0,0.52
100,168,1514.1,2,0.03,0.33,0.003,0,0.08
100,169,3306.1,0,0.0,0.0,0.0,0,0.01
100,170,219.6,11,0.46,2.53,0.164,0,0.69
100,171,1438.0,2,0.02,0.15,0.003,0,0.03
100,172,3427.4,1,0.0,0.0,0.0,0,0.02
100,173,3073.2,3,0.06,0.02,0.0,0,0.07
100,174,1439.8,2,0.12,0.34,0.002,0,0.14
100,175,2437.8,1,0.03,0.08,0.0,0,0.05
100,176,2947.9,1,0.02,0.01,0.0,0,0.02
100,177,3442.7,11,0.15,0.01,0.0,0,0.29
100,178,617.2,9,0.1,1.83,0.025,0,0.29
100,179,893.6,52,1.59,5.2,0.04,0,1.73
100,180,611.2,41,0.61,2.38,0.023,0,2.57
100,181,1438.1,1,0.02,0.16,0.004,0,0.04
100,182,1997.1,0,0.01,0.04,0.001,0,0.02
100,183,1969.8,7,0.17,0.14,0.001,0,0.18
100,184,2883.3,0,0.01,0.02,0.0,0,0.02
100,185,3064.5,0,0.02,0.01,0.0,0,0.04
100,186,2052.5,7,0.1,0.15,0.0,0,0.11
100,187,2232.5,1,0.01,0.12,0.0,0,0.02
100,188,2644.1,0,0.01,0.02,0.0,0,0.02
100,189,1606.1,0,0.01,0.06,0.004,0,0.02
100,190,2418.0,2,0.01,0.03,0.0,0,0.04
100,191,1785.0,5,0.14,0.33,0.002,0,0.16
100,192,2680.7,1,0.02,0.04,0.0,0,0.02
100,193,2851.0,0,0.0,0.0,0.0,0,0.01
100,194,1435.6,7,0.07,0.39,0.007,0,0.1
100,195,660.1,21,0.34,1.15,0.059,0,0.46
100,196,3357.1,0,0.0,0.0,0.0,0,0.01
100,197,1611.7,6,0.03,0.21,0.002,0,0.13
100,198,2156.9,1,0.01,0.13,0.001,0,0.02
100,199,1267.8,1,0.03,0.09,0.012,0,0.06
101,102,3706.1,1,0.04,0.0,0.0,0,0.04
101,103,2004.2,2,0.01,0.17,0.001,0,0.05
101,104,1952.9,5,0.06,0.22,0.001,0,0.16
101,105,2829.6,7,0.09,0.07,0.0,0,0.13
101,106,1327.9,36,1.06,4.68,0.004,0,1.54
101,107,4108.9,3,0.01,0.01,0.0,0,0.04
101,108,2683.8,4,0.04,0.1,0.0,0,0.13
101,109,3115.6,0,0.01,0.02,0.0,0,0.05
101,110,2857.8,0,0.0,0.01,0.0,0,0.01
101,111,254.4,180,1.82,11.2,0.305,0,5.56
101,112,1838.2,2,0.05,0.31,0.001,0,0.09
101,113,3022.2,75,0.15,0.27,0.0,0,0.94
101,114,2709.0,3,0.02,0.06,0.0,0,0.12
101,115,2536.2,2,0.08,0.1,0.0,0,0.17
101,116,1163.8,5,0.25,1.93,0.011,0,0.48
101,117,1697.1,0,0.02,0.1,0.002,0,0.04
101,118,2985.7,12,0.15,0.11,0.0,0,0.21
101,119,1666.5,12,0.08,2.08,0.001,0,0.53
101,120,3899.8,7,0.17,0.01,0.0,0,0.29
101,121,2510.9,4,0.03,0.04,0.0,0,0.04
101,122,2518.5,49,0.1,0.38,0.0,0,0.63
101,123,1771.5,1,0.05,0.15,0.001,0,0.05
101,124,1475.4,11,0.21,1.36,0.005,0,0.26
101,125,3099.0,7,0.27,0.31,0.0,0,0.38
101,126,2175.8,2,0.04,0.05,0.0,0,0.05
101,127,3171.8,0,0.01,0.02,0.0,0,0.05
101,128,2399.9,5,0.08,0.11,0.0,0,0.12
101,129,1359.5,19,0.18,0.64,0.005,0,0.21
101,130,3613.7,1,0.0,0.0,0.0,0,0.01
101,131,3219.2,21,0.05,0.02,0.0,0,0.23
101,132,2865.6,7,0.06,0.01,0.0,0,0.11
101,133,201.7,1100,13.11,15.07,0.297,1,13.78
101,134,600.3,5,0.21,1.52,0.018,0,0.35
101,135,5081.3,11,0.13,0.0,0.0,0,0.15
101,136,3352.4,0,0.01,0.01,0.0,0,0.03
101,137,604.9,84,0.47,3.18,0.021,0,0.96
101,138,1098.8,36,1.16,5.22,0.011,0,1.28
101,139,2779.8,1,0.01,0.03,0.0,0,0.03
101,140,1334.7,35,0.19,0.91,0.004,0,0.51
101,141,3139.9,9,0.09,0.16,0.0,0,0.18
101,142,1721.7,0,0.02,0.12,0.0,0,0.03
101,143,2120.7,7,0.22,0.28,0.0,0,0.34
101,144,2981.8,6,0.04,0.05,0.0,0,0.08
101,145,2747.2,65,0.38,0.13,0.0,0,0.97
101,146,2508.9,1,0.02,0.02,0.0,0,0.03
101,147,1820.2,1,0.02,0.08,0.001,0,0.04
101,148,2664.2,19,0.24,0.13,0.0,0,0.27
101,149,1662.4,34,0.1,0.53,0.003,0,0.37
101,150,1424.1,6,0.06,2.11,0.003,0,0.17
101,151,2691.3,3,0.12,0.06,0.0,0,0.14
101,152,3117.9,0,0.01,0.01,0.0,0,0.03
101,153,1665.2,13,0.05,0.46,0.001,0,0.21
101,154,5067.1,2,0.01,0.0,0.0,0,0.07
101,155,2074.8,6,0.08,0.16,0.0,0,0.13
101,156,2811.7,23,0.24,0.19,0.0,0,0.37
101,157,2952.8,9,0.1,0.06,0.0,0,0.14
101,158,4057.2,1,0.01,0.0,0.0,0,0.02
101,159,3401.5,4,0.03,0.03,0.0,0,0.06
101,160,2038.7,15,0.06,0.08,0.001,0,0.17
101,161,1765.3,101,1.01,1.02,0.001,0,1.05
101,162,648.2,54,1.4,12.08,0.041,0,1.45
101,163,2557.5,2,0.03,0.04,0.0,0,0.04
101,164,1861.0,10,0.15,0.95,0.001,0,0.43
101,165,3321.1,8,0.03,0.03,0.0,0,0.11
101,166,3279.2,7,0.08,0.04,0.0,0,0.17
101,167,4234.7,2,0.17,0.02,0.0,0,0.24
101,168,1348.6,13,0.5,0.54,0.008,0,0.68
101,169,1896.4,11,0.02,0.22,0.0,0,0.13
101,170,2393.6,2,0.01,0.08,0.0,0,0.03
101,171,1177.9,5,0.05,0.86,0.011,0,0.08
101,172,1539.8,14,0.04,0.54,0.005,0,0.18
101,173,3676.2,10,0.06,0.01,0.0,0,0.11
101,174,1155.8,27,0.86,1.12,0.012,0,1.06
101,175,2405.5,28,0.16,0.28,0.0,0,0.32
101,176,1599.4,4,0.12,0.63,0.001,0,0.2
101,177,2934.3,15,0.06,0.12,0.0,0,0.2
101,178,2748.9,6,0.06,0.04,0.0,0,0.1
101,179,3345.1,46,0.42,0.23,0.0,0,0.64
101,180,1983.7,32,0.48,0.45,0.0,0,0.57
101,181,1202.8,17,0.05,0.44,0.009,0,0.27
101,182,3982.6,1,0.0,0.0,0.0,0,0.03
101,183,4090.2,7,0.02,0.01,0.0,0,0.09
101,184,422.6,67,0.25,5.35,0.13,0,1.31
101,185,477.9,335,1.8,14.63,0.147,0,3.61
101,186,3099.4,17,0.15,0.07,0.0,0,0.22
101,187,4608.3,2,0.04,0.0,0.0,0,0.05
101,188,2715.8,0,0.02,0.04,0.0,0,0.03
101,189,4089.8,0,0.01,0.0,0.0,0,0.01
101,190,1163.4,12,0.4,0.91,0.004,0,0.61
101,191,3050.8,16,0.18,0.05,0.0,0,0.21
101,192,3164.4,5,0.09,0.05,0.0,0,0.14
101,193,1779.7,1,0.02,0.19,0.001,0,0.02
101,194,1270.4,41,0.1,0.75,0.013,0,0.54
101,195,2748.8,2,0.05,0.06,0.0,0,0.1
101,196,3131.9,1,0.01,0.01,0.0,0,0.02
101,197,2046.1,12,0.04,0.34,0.0,0,0.22
101,198,4687.3,4,0.04,0.0,0.0,0,0.05
101,199,1855.6,4,0.04,0.12,0.002,0,0.05
102,103,3472.4,1,0.0,0.0,0.0,0,0.02
102,104,2156.2,3,0.04,0.12,0.0,0,0.11
102,105,3989.2,7,0.09,0.01,0.0,0,0.31
102,106,3598.7,20,0.32,0.11,0.0,0,0.45
102,107,3093.0,4,0.04,0.03,0.0,0,0.06
102,108,3539.2,13,0.03,0.01,0.0,0,0.16
102,109,1929.6,1,0.05,0.3,0.001,0,0.08
102,110,4549.2,0,0.0,0.0,0.0,0,0.01
102,111,3727.1,7,0.07,0.01,0.0,0,0.14
102,112,1996.5,3,0.16,0.42,0.0,0,0.23
102,113,3531.4,46,0.15,0.14,0.0,0,0.56
102,114,2641.3,2,0.07,0.05,0.0,0,0.08
102,115,1891.4,27,0.1,0.4,0.001,0,0.3
102,116,4473.5,0,0.01,0.0,0.0,0,0.04
102,117,3101.6,1,0.01,0.01,0.0,0,0.02
102,118,4520.9,3,0.06,0.0,0.0,0,0.07
102,119,4043.6,5,0.03,0.01,0.0,0,0.07
102,120,1616.8,9,0.12,2.15,0.002,0,0.23
102,121,2473.3,5,0.04,0.05,0.0,0,0.07
102,122,2068.3,25,0.19,1.07,0.0,0,0.26
102,123,2464.6,1,0.02,0.03,0.0,0,0.03
102,124,4041.4,10,0.11,0.01,0.0,0,0.18
102,125,3469.5,22,0.12,0.12,0.0,0,0.4
102,126,2075.7,0,0.04,0.05,0.0,0,0.04
102,127,896.6,6,0.15,1.81,0.015,0,0.37
102,128,1619.2,17,0.29,0.65,0.002,0,0.32
102,129,3402.1,9,0.09,0.01,0.0,0,0.11
102,130,5573.1,0,0.01,0.0,0.0,0,0.01
102,131,1091.4,46,0.49,3.01,0.024,0,0.54
102,132,2648.4,2,0.02,0.04,0.0,0,0.06
102,133,3504.9,10,0.09,0.02,0.0,0,0.16
102,134,3761.4,1,0.04,0.0,0.0,0,0.04
102,135,2369.2,28,0.33,0.63,0.0,0,0.36
102,136,1521.2,4,0.01,0.51,0.002,0,0.09
102,137,3416.9,7,0.04,0.02,0.0,0,0.07
102,138,3429.1,6,0.1,0.05,0.0,0,0.1
102,139,3968.2,1,0.04,0.0,0.0,0,0.05
102,140,2911.8,4,0.01,0.05,0.0,0,0.08
102,141,5249.0,9,0.24,0.0,0.0,0,0.25
102,142,1999.2,2,0.02,0.08,0.001,0,0.03
102,143,4816.7,4,0.05,0.0,0.0,0,0.05
102,144,2077.6,14,0.17,0.3,0.0,0,0.27
102,145,4116.8,7,0.02,0.01,0.0,0,0.08
102,146,4930.3,0,0.01,0.0,0.0,0,0.02
102,147,2511.0,4,0.02,0.04,0.0,0,0.06
102,148,4355.5,20,0.14,0.01,0.0,0,0.23
102,149,2044.1,1,0.1,0.26,0.0,0,0.11
102,150,2871.3,4,0.13,0.04,0.0,0,0.18
102,151,3832.4,11,0.12,0.01,0.0,0,0.13
102,152,1257.9,23,0.14,0.57,0.01,0,0.24
102,153,3541.7,3,0.03,0.02,0.0,0,0.04
102,154,1745.0,18,0.39,0.46,0.001,0,0.56
102,155,1665.7,17,0.05,0.29,0.003,0,0.25
102,156,1734.6,22,0.07,2.98,0.003,0,0.46
102,157,4405.9,7,0.1,0.0,0.0,0,0.11
102,158,1560.6,7,0.03,0.16,0.002,0,0.1
102,159,439.1,285,2.63,15.79,0.162,0,3.34
102,160,1971.7,0,0.0,0.15,0.001,0,0.03
102,161,2177.9,8,0.13,0.63,0.0,0,0.13
102,162,3090.0,2,0.2,0.1,0.0,0,0.2
102,163,1613.1,5,0.03,0.27,0.003,0,0.07
102,164,3222.2,28,0.23,0.06,0.0,0,0.49
102,165,528.6,113,0.75,7.66,0.1,0,1.15
102,166,541.3,520,3.6,9.09,0.137,0,5.33
102,167,2925.2,25,0.11,0.28,0.0,0,0.38
102,168,2742.1,13,0.06,0.08,0.0,0,0.14
102,169,4531.3,1,0.01,0.0,0.0,0,0.03
102,170,1366.0,10,0.08,0.32,0.008,0,0.18
102,171,2528.3,1,0.01,0.04,0.0,0,0.04
102,172,4656.6,4,0.02,0.0,0.0,0,0.05
102,173,3932.4,1,0.07,0.01,0.0,0,0.15
102,174,2603.3,8,0.14,0.1,0.0,0,0.15
102,175,3564.3,3,0.1,0.04,0.0,0,0.11
102,176,4176.8,2,0.02,0.0,0.0,0,0.04
102,177,4560.8,3,0.28,0.01,0.0,0,0.29
102,178,972.8,65,1.84,1.27,0.017,0,2.18
102,179,1193.3,238,2.79,21.61,0.006,0,2.87
102,180,1811.3,19,0.5,0.69,0.001,0,0.53
102,181,2505.2,0,0.01,0.03,0.0,0,0.04
102,182,2308.3,1,0.03,0.07,0.0,0,0.05
102,183,2153.4,8,0.09,0.3,0.0,0,0.19
102,184,4042.8,3,0.01,0.01,0.0,0,0.05
102,185,4182.7,3,0.07,0.01,0.0,0,0.13
102,186,2936.4,12,0.08,0.1,0.0,0,0.22
102,187,1991.0,2,0.07,0.43,0.001,0,0.07
102,188,3722.1,0,0.01,0.0,0.0,0,0.02
102,189,1356.1,1,0.06,0.17,0.008,0,0.08
102,190,3648.4,1,0.01,0.0,0.0,0,0.09
102,191,2647.6,11,0.14,0.19,0.0,0,0.35
102,192,3641.3,4,0.01,0.01,0.0,0,0.08
102,193,4070.6,0,0.01,0.0,0.0,0,0.02
102,194,2455.3,3,0.07,0.15,0.0,0,0.07
102,195,983.7,19,0.21,3.05,0.034,0,0.81
102,196,4424.4,3,0.01,0.0,0.0,0,0.04
102,197,2784.0,3,0.02,0.05,0.0,0,0.05
102,198,1590.6,12,0.1,0.76,0.002,0,0.33
102,199,2013.1,1,0.03,0.1,0.001,0,0.06
103,104,1378.1,10,0.07,0.59,0.008,0,0.12
103,105,875.7,21,0.16,2.92,0.048,0,0.52
103,106,704.6,153,0.63,19.92,0.047,0,1.69
103,107,2317.6,7,0.1,0.14,0.0,0,0.12
103,108,683.9,14,0.1,4.07,0.02,0,0.36
103,109,1883.3,5,0.08,0.17,0.001,0,0.09
103,110,1183.7,0,0.04,0.15,0.012,0,0.04
103,111,1774.4,18,0.11,0.12,0.002,0,0.19
103,112,1704.9,2,0.09,0.28,0.003,0,0.13
103,113,1034.2,173,0.53,16.02,0.013,0,2.45
103,114,1119.1,7,0.09,1.0,0.009,0,0.13
103,115,1604.4,12,0.04,1.02,0.004,0,0.18
103,116,1663.5,21,0.16,0.34,0.002,0,0.23
103,117,480.1,8,0.07,0.99,0.135,0,0.27
103,118,1229.4,6,0.08,2.52,0.006,0,0.36
103,119,756.2,177,2.46,7.3,0.008,0,2.46
103,120,2758.8,6,0.03,0.09,0.0,0,0.06
103,121,1113.3,3,0.04,1.03,0.003,0,0.07
103,122,1447.3,48,0.28,4.63,0.001,0,0.67
103,123,1098.1,0,0.05,0.19,0.018,0,0.06
103,124,892.0,30,0.62,4.16,0.009,0,0.74
103,125,1125.5,109,0.66,6.15,0.017,0,1.72
103,126,1402.7,4,0.07,0.3,0.005,0,0.16
103,127,3453.6,0,0.0,0.0,0.0,0,0.02
103,128,3048.4,1,0.04,0.03,0.0,0,0.06
103,129,646.0,54,0.18,1.64,0.033,0,0.61
103,130,2200.2,2,0.0,0.02,0.0,0,0.03
103,131,3629.8,1,0.04,0.01,0.0,0,0.05
103,132,1240.1,5,0.07,0.3,0.008,0,0.08
103,133,1955.0,16,0.13,0.25,0.001,0,0.3
103,134,1464.8,4,0.1,0.36,0.002,0,0.11
103,135,3766.4,8,0.07,0.03,0.0,0,0.11
103,136,2314.4,5,0.03,0.05,0.0,0,0.06
103,137,1416.2,15,0.12,0.52,0.005,0,0.28
103,138,905.9,16,0.7,3.46,0.017,0,1.54
103,139,827.7,1,0.03,0.37,0.036,0,0.12
103,140,942.0,18,0.33,2.78,0.034,0,0.33
103,141,1811.2,74,0.53,0.75,0.001,0,0.98
103,142,2253.5,1,0.02,0.02,0.0,0,0.03
103,143,1430.4,11,0.3,0.61,0.002,0,0.35
103,144,1690.8,5,0.17,0.56,0.0,0,0.18
103,145,863.7,39,0.32,2.93,0.033,0,0.71
103,146,1463.8,1,0.03,0.13,0.002,0,0.04
103,147,1020.6,1,0.11,0.27,0.017,0,0.13
103,148,963.7,14,0.12,2.64,0.022,0,0.42
103,149,2105.0,2,0.03,0.35,0.001,0,0.1
103,150,897.2,17,0.13,2.23,0.029,0,0.2
103,151,713.0,43,0.37,2.48,0.067,0,0.93
103,152,3627.8,0,0.01,0.0,0.0,0,0.02
103,153,356.9,76,0.37,5.76,0.227,0,0.8
103,154,4129.3,1,0.03,0.0,0.0,0,0.03
103,155,2073.3,7,0.02,0.1,0.001,0,0.08
103,156,1830.7,13,0.35,1.71,0.0,0,0.39
103,157,1145.4,6,0.09,1.66,0.017,0,0.19
103,158,2953.7,1,0.01,0.01,0.0,0,0.02
103,159,3040.8,7,0.16,0.06,0.0,0,0.2
103,160,1569.1,4,0.01,0.23,0.002,0,0.08
103,161,1478.6,20,0.2,0.79,0.004,0,0.3
103,162,1686.8,9,0.45,1.2,0.0,0,0.74
103,163,3247.1,0,0.02,0.0,0.0,0,0.02
103,164,280.8,661,4.61,13.83,0.334,0,7.37
103,165,2948.1,1,0.04,0.04,0.0,0,0.08
103,166,3317.5,2,0.06,0.02,0.0,0,0.08
103,167,2517.3,54,0.23,0.62,0.0,0,0.78
103,168,1108.9,22,0.06,0.65,0.01,0,0.28
103,169,1183.3,3,0.03,0.58,0.007,0,0.11
103,170,2242.9,2,0.03,0.09,0.0,0,0.04
103,171,1905.6,0,0.01,0.12,0.001,0,0.02
103,172,1576.3,9,0.09,0.67,0.001,0,0.13
103,173,1673.9,9,0.15,0.58,0.001,0,0.56
103,174,1619.8,6,0.02,0.71,0.001,0,0.11
103,175,401.6,134,0.79,13.62,0.083,0,2.45
103,176,943.3,9,0.1,1.48,0.022,0,0.23
103,177,1227.1,112,1.05,1.91,0.007,0,1.3
103,178,2830.1,1,0.02,0.03,0.0,0,0.05
103,179,2509.4,49,1.21,0.83,0.0,0,1.38
103,180,1875.4,16,0.09,0.3,0.0,0,0.2
103,181,1979.5,2,0.01,0.04,0.001,0,0.03
103,182,2498.7,0,0.0,0.02,0.0,0,0.01
103,183,2688.6,5,0.08,0.06,0.0,0,0.09
103,184,1914.9,6,0.08,0.14,0.0,0,0.08
103,185,2249.3,17,0.14,0.19,0.001,0,0.21
103,186,1305.5,17,0.04,0.86,0.006,0,0.18
103,187,3365.4,1,0.01,0.01,0.0,0,0.02
103,188,716.2,9,0.19,0.91,0.032,0,0.26
103,189,3099.1,0,0.01,0.0,0.0,0,0.02
103,190,881.1,31,0.26,1.16,0.044,0,0.33
103,191,1403.2,29,0.23,2.31,0.006,0,0.35
103,192,1167.9,33,0.28,1.95,0.016,0,0.34
103,193,715.7,8,0.06,0.8,0.045,0,0.13
103,194,2115.3,4,0.09,0.24,0.0,0,0.12
103,195,2861.4,4,0.03,0.04,0.0,0,0.1
103,196,1271.9,4,0.09,0.46,0.002,0,0.09
103,197,688.8,96,1.09,2.3,0.067,0,1.55
103,198,3690.5,1,0.01,0.01,0.0,0,0.02
103,199,2637.5,2,0.03,0.02,0.0,0,0.04
104,105,2089.0,5,0.15,0.58,0.001,0,0.2
104,106,1449.5,105,7.96,6.01,0.006,0,8.11
104,107,2380.6,15,0.04,0.16,0.0,0,0.24
104,108,1681.2,12,0.14,0.77,0.002,0,0.22
104,109,1181.9,3,0.1,2.41,0.009,0,0.25
104,110,2542.3,1,0.0,0.01,0.0,0,0.02
104,111,1860.3,1,0.06,0.47,0.001,0,0.09
104,112,401.1,282,3.96,11.59,0.147,0,4.19
104,113,1848.2,30,0.59,4.94,0.001,0,0.83
104,114,1070.3,8,0.29,1.89,0.017,0,0.5
104,115,585.5,210,3.74,8.74,0.012,0,5.21
104,116,2397.7,9,0.03,0.19,0.0,0,0.16
104,117,956.2,15,0.04,1.39,0.034,0,0.24
104,118,2558.8,43,0.26,0.37,0.0,0,0.5
104,119,1887.8,64,0.64,0.75,0.0,0,0.89
104,120,1949.0,5,0.06,0.98,0.001,0,0.36
104,121,803.3,8,0.07,1.78,0.024,0,0.17
104,122,604.2,151,3.1,32.08,0.036,0,4.2
104,123,308.3,30,0.72,3.2,0.114,0,0.9
104,124,1888.6,3,0.07,0.69,0.001,0,0.24
104,125,1851.2,28,2.13,3.82,0.0,0,2.53
104,126,231.3,112,1.8,3.37,0.151,0,1.83
104,127,2076.7,1,0.03,0.1,0.001,0,0.1
104,128,1753.8,12,0.13,0.69,0.0,0,0.13
104,129,1250.8,11,0.07,0.97,0.013,0,0.13
104,130,3570.6,0,0.01,0.0,0.0,0,0.01
104,131,2258.8,19,0.49,0.22,0.0,0,0.54
104,132,1199.9,17,0.04,0.54,0.009,0,0.21
104,133,1784.6,21,0.17,0.6,0.001,0,0.45
104,134,1765.4,8,0.05,0.23,0.003,0,0.18
104,135,3128.4,10,0.27,0.16,0.0,0,0.33
104,136,1403.0,6,0.09,0.49,0.002,0,0.1
104,137,1459.2,10,0.2,0.54,0.004,0,0.21
104,138,1312.9,25,0.56,3.07,0.004,0,2.1
104,139,2053.2,3,0.07,0.1,0.001,0,0.07
104,140,790.1,66,0.5,5.85,0.045,0,0.72
104,141,3189.2,9,0.04,0.14,0.0,0,0.25
104,142,1067.1,12,0.1,0.41,0.007,0,0.15
104,143,2661.7,21,0.09,0.12,0.0,0,0.39
104,144,1077.5,9,0.23,4.84,0.018,0,0.24
104,145,2158.7,29,0.22,0.61,0.0,0,0.49
104,146,2799.2,2,0.02,0.01,0.0,0,0.04
104,147,363.0,36,0.4,3.02,0.188,0,0.69
104,148,2328.2,1,0.14,0.34,0.0,0,0.19
104,149,930.1,36,0.13,4.8,0.018,0,0.69
104,150,732.8,59,1.08,7.57,0.046,0,1.45
104,151,1912.2,12,0.15,0.6,0.001,0,0.2
104,152,2268.2,2,0.04,0.14,0.0,0,0.04
104,153,1391.6,30,0.2,1.38,0.005,0,0.76
104,154,3178.8,1,0.06,0.03,0.0,0,0.14
104,155,718.5,21,0.3,3.09,0.063,0,0.48
104,156,858.8,204,2.51,20.72,0.019,0,3.02
104,157,2457.6,9,0.14,0.22,0.0,0,0.21
104,158,2111.8,8,0.02,0.1,0.0,0,0.17
104,159,1746.1,15,0.16,0.62,0.0,0,0.56
104,160,192.1,68,1.45,6.47,0.275,0,1.67
104,161,244.4,650,12.85,39.94,0.088,1,18.81
104,162,1322.7,25,0.65,3.47,0.008,0,0.8
104,163,1946.5,6,0.09,0.16,0.0,0,0.12
104,164,1105.4,18,0.21,4.87,0.02,0,0.79
104,165,1653.1,22,0.36,1.18,0.003,0,0.36
104,166,1946.6,55,0.32,0.67,0.001,0,0.69
104,167,2432.3,81,0.75,0.84,0.0,0,1.92
104,168,659.7,64,0.54,3.91,0.051,0,0.92
104,169,2375.3,3,0.1,0.07,0.0,0,0.16
104,170,865.4,29,0.04,0.83,0.007,0,0.35
104,171,1047.7,23,0.27,0.8,0.024,0,0.56
104,172,2528.2,12,0.03,0.06,0.0,0,0.16
104,173,2469.0,3,0.23,0.16,0.0,0,0.26
104,174,865.6,138,0.42,3.51,0.044,0,1.72
104,175,1584.4,16,1.08,1.54,0.001,0,1.68
104,176,2021.5,8,0.08,0.4,0.0,0,0.2
104,177,2574.2,21,0.39,0.4,0.0,0,0.45
104,178,1452.0,48,0.92,0.92,0.005,0,1.04
104,179,1437.1,13,0.72,8.56,0.005,0,1.25
104,180,525.0,88,0.53,10.3,0.152,0,2.75
104,181,1096.1,17,0.11,0.74,0.01,0,0.22
104,182,2073.4,10,0.04,0.08,0.0,0,0.11
104,183,2154.8,34,0.3,0.49,0.0,0,0.41
104,184,2154.6,13,0.02,0.17,0.0,0,0.21
104,185,2399.1,11,0.18,0.22,0.0,0,0.26
104,186,1534.9,10,0.47,1.74,0.003,0,0.7
104,187,2656.1,2,0.12,0.07,0.0,0,0.16
104,188,1836.1,15,0.15,0.15,0.001,0,0.2
104,189,2165.1,1,0.02,0.04,0.0,0,0.02
104,190,1517.7,3,0.01,0.73,0.001,0,0.09
104,191,1350.9,39,0.8,3.03,0.005,0,1.67
104,192,1999.6,35,0.24,0.62,0.0,0,0.35
104,193,1918.4,2,0.1,0.08,0.002,0,0.12
104,194,1184.2,10,0.42,3.26,0.017,0,0.46
104,195,1483.6,5,0.28,1.18,0.004,0,0.28
104,196,2535.8,4,0.13,0.06,0.0,0,0.13
104,197,738.8,32,0.72,4.28,0.041,0,1.57
104,198,2774.2,6,0.01,0.1,0.0,0,0.08
104,199,1461.7,7,0.05,0.42,0.005,0,0.08
105,106,1501.7,419,4.1,12.41,0.003,0,5.55
105,107,2001.3,16,0.09,1.04,0.0,0,0.34
105,108,450.1,230,3.1,18.89,0.047,0,3.34
105,109,2150.4,4,0.23,0.44,0.0,0,0.23
105,110,623.2,8,0.21,1.37,0.032,0,0.35
105,111,2586.8,24,0.17,0.16,0.0,0,0.33
105,112,2464.3,10,0.25,0.3,0.0,0,0.26
105,113,600.4,758,24.12,139.94,0.065,3,24.32
105,114,1359.2,48,0.47,1.45,0.009,0,0.71
105,115,2112.1,67,0.69,0.57,0.0,0,0.94
105,116,2240.0,14,0.17,0.24,0.0,0,0.24
105,117,1333.4,2,0.15,0.71,0.007,0,0.23
105,118,543.2,311,5.54,44.52,0.052,0,7.26
105,119,1280.2,61,0.46,3.81,0.003,0,1.57
105,120,2929.6,14,0.19,0.38,0.0,0,0.24
105,121,1518.2,36,0.05,0.39,0.006,0,0.42
105,122,1929.8,74,1.54,1.76,0.001,0,1.75
105,123,1860.9,10,0.09,0.2,0.001,0,0.11
105,124,1481.5,78,0.39,3.41,0.005,0,1.54
105,125,716.9,3554,13.33,72.49,0.057,1,46.12
105,126,2036.4,3,0.02,0.13,0.0,0,0.1
105,127,4131.1,8,0.03,0.01,0.0,0,0.18
105,128,3830.8,12,0.17,0.01,0.0,0,0.32
105,129,1498.7,2,0.15,1.32,0.002,0,0.15
105,130,1593.2,5,0.05,0.38,0.003,0,0.05
105,131,4329.7,3,0.08,0.01,0.0,0,0.19
105,132,1389.4,6,0.17,1.0,0.004,0,0.25
105,133,2802.4,15,0.14,0.24,0.0,0,0.18
105,134,2254.4,2,0.02,0.12,0.0,0,0.07
105,135,3723.1,50,0.51,0.13,0.0,0,0.56
105,136,2612.7,7,0.01,0.05,0.0,0,0.09
105,137,2264.1,14,0.06,0.21,0.0,0,0.15
105,138,1749.7,34,0.16,1.54,0.002,0,0.71
105,139,49.8,591,21.08,9.9,0.569,0,30.49
105,140,1808.8,13,0.11,1.67,0.002,0,0.29
105,141,1344.8,167,1.63,6.75,0.008,0,3.36
105,142,3069.1,3,0.03,0.02,0.0,0,0.06
105,143,1566.2,18,0.18,2.39,0.0,0,0.82
105,144,1967.1,8,0.23,0.95,0.001,0,0.34
105,145,197.6,1365,51.61,50.16,0.451,2,81.92
105,146,1344.8,4,0.19,0.92,0.005,0,0.23
105,147,1770.0,10,0.11,0.34,0.001,0,0.19
105,148,521.5,467,3.7,7.74,0.093,0,5.61
105,149,2920.1,16,0.23,0.14,0.0,0,0.24
105,150,1755.2,31,0.08,1.49,0.002,0,0.4
105,151,178.0,1860,3.44,36.94,0.238,2,26.02
105,152,4351.5,3,0.07,0.0,0.0,0,0.1
105,153,1172.3,45,0.26,5.86,0.009,0,0.7
105,154,4283.0,16,0.19,0.01,0.0,0,0.2
105,155,2807.4,2,0.04,0.09,0.0,0,0.04
105,156,2257.0,93,0.9,1.75,0.0,0,1.22
105,157,424.1,167,2.18,35.09,0.022,0,6.57
105,158,3122.4,3,0.09,0.01,0.0,0,0.11
105,159,3550.4,34,0.21,0.04,0.0,0,0.35
105,160,2265.8,4,0.02,0.15,0.0,0,0.07
105,161,2245.3,56,0.88,0.74,0.0,0,0.89
105,162,2560.0,57,0.3,0.76,0.0,0,0.63
105,163,4026.9,6,0.02,0.01,0.0,0,0.12
105,164,1122.0,253,2.48,8.69,0.006,0,4.89
105,165,3462.7,26,0.12,0.05,0.0,0,0.28
105,166,3936.2,13,0.07,0.02,0.0,0,0.19
105,167,2261.8,205,0.37,3.45,0.0,0,2.9
105,168,1963.5,53,0.56,0.45,0.001,0,0.6
105,169,1455.5,21,0.35,0.95,0.002,0,0.36
105,170,2915.5,1,0.05,0.03,0.0,0,0.06
105,171,2767.2,4,0.1,0.09,0.0,0,0.1
105,172,2012.2,13,0.18,0.5,0.0,0,0.63
105,173,973.7,45,0.37,4.0,0.006,0,1.47
105,174,2481.7,53,0.67,0.33,0.0,0,0.76
105,175,520.1,549,5.72,20.56,0.131,0,6.1
105,176,1440.8,41,0.61,3.64,0.006,0,0.65
105,177,603.7,379,6.25,43.22,0.089,0,13.22
105,178,3501.6,4,0.05,0.04,0.0,0,0.06
105,179,2882.5,58,0.82,0.92,0.0,0,2.06
105,180,2612.7,34,0.5,0.23,0.0,0,0.74
105,181,2840.5,12,0.08,0.04,0.0,0,0.16
105,182,2464.6,9,0.14,0.14,0.0,0,0.18
105,183,2692.6,30,0.2,0.38,0.0,0,0.48
105,184,2675.4,10,0.31,0.09,0.0,0,0.37
105,185,3010.7,26,0.17,0.18,0.0,0,0.3
105,186,1220.2,93,0.51,4.07,0.007,0,0.95
105,187,3403.8,4,0.03,0.03,0.0,0,0.06
105,188,267.6,387,3.07,11.74,0.252,0,7.66
105,189,3315.6,0,0.02,0.01,0.0,0,0.02
105,190,1668.5,35,0.22,1.08,0.002,0,0.65
105,191,1465.1,51,0.33,3.28,0.003,0,0.66
105,192,617.7,98,2.93,6.84,0.064,0,3.33
105,193,1175.8,4,0.08,1.03,0.006,0,0.17
105,194,2974.2,6,0.02,0.12,0.0,0,0.12
105,195,3538.6,2,0.09,0.05,0.0,0,0.25
105,196,449.0,73,1.6,10.86,0.113,0,1.66
105,197,1351.6,56,0.25,2.17,0.004,0,0.62
105,198,3846.4,6,0.04,0.03,0.0,0,0.07
105,199,3462.6,4,0.01,0.01,0.0,0,0.05
106,107,2981.0,119,3.79,0.58,0.0,0,3.97
106,108,1386.7,115,1.46,10.93,0.004,0,3.91
106,109,2320.4,116,0.78,1.23,0.0,0,1.34
106,110,1591.8,41,0.52,0.93,0.004,0,0.94
106,111,1086.9,329,4.0,14.48,0.013,0,7.59
106,112,1636.5,82,1.02,5.9,0.002,0,1.4
106,113,1738.7,718,7.72,47.3,0.001,0,16.53
106,114,1668.8,50,2.89,6.32,0.003,0,2.93
106,115,1885.2,285,2.48,6.27,0.001,0,3.07
106,116,1048.4,336,1.58,13.73,0.015,0,4.97
106,117,607.7,479,5.84,10.7,0.082,0,6.6
106,118,1698.3,319,0.75,18.53,0.002,0,4.22
106,119,504.9,2266,31.75,146.25,0.074,2,36.24
106,120,3197.8,106,1.47,0.83,0.0,0,2.33
106,121,1566.2,28,0.77,2.12,0.003,0,1.21
106,122,1775.8,88,1.51,15.5,0.001,0,4.14
106,123,1144.1,31,0.6,6.31,0.015,0,0.62
106,124,444.7,1773,14.44,98.79,0.058,1,30.11
106,125,1829.3,116,2.85,51.39,0.001,0,5.72
106,126,1578.8,6,0.21,2.28,0.001,0,0.33
106,127,3391.0,20,0.2,0.09,0.0,0,0.23
106,128,2833.2,28,0.23,0.71,0.0,0,1.09
106,129,199.6,1700,4.27,79.11,0.212,5,22.51
106,130,2485.8,16,0.09,0.28,0.0,0,0.17
106,131,3529.0,20,0.07,0.15,0.0,0,0.54
106,132,1813.7,47,0.47,0.96,0.001,0,0.69
106,133,1308.5,50,2.4,26.97,0.003,0,2.56
106,134,764.1,27,0.37,21.48,0.027,0,1.95
106,135,4291.2,143,1.93,0.1,0.0,0,3.33
106,136,2694.7,61,0.62,0.28,0.0,0,0.94
106,137,777.7,1309,6.26,13.43,0.009,0,13.33
106,138,287.0,2074,10.96,210.92,0.281,6,82.56
106,139,1451.9,62,0.46,2.92,0.003,0,0.74
106,140,699.1,539,3.35,39.86,0.042,0,11.54
106,141,2031.8,43,2.54,11.7,0.0,0,4.12
106,142,2008.5,49,0.11,0.66,0.0,0,0.93
106,143,1255.4,555,2.16,15.81,0.008,0,6.08
106,144,2141.4,136,2.81,3.56,0.0,0,2.83
106,145,1425.3,41,1.96,10.49,0.0,0,2.41
106,146,1492.9,15,0.32,2.48,0.004,0,0.59
106,147,1116.2,49,0.93,4.38,0.018,0,1.0
106,148,1381.4,103,2.1,22.36,0.008,0,4.45
106,149,1872.1,288,2.86,4.47,0.001,0,3.04
106,150,728.6,174,6.95,34.14,0.036,0,10.06
106,151,1365.3,378,1.94,21.51,0.006,0,5.46
106,152,3491.5,76,0.32,0.07,0.0,0,0.88
106,153,348.9,932,4.05,121.44,0.285,1,14.33
106,154,4530.2,49,1.22,0.03,0.0,0,1.39
106,155,2008.9,18,0.2,1.34,0.0,0,1.01
106,156,2155.7,1535,15.06,13.72,0.001,0,15.85
106,157,1650.4,40,1.31,8.69,0.002,0,1.61
106,158,3384.8,20,0.11,0.08,0.0,0,0.22
106,159,3194.8,23,0.37,0.6,0.0,0,0.9
106,160,1628.5,11,0.44,2.5,0.002,0,0.78
106,161,1430.7,335,5.88,16.76,0.003,0,7.81
106,162,1142.4,568,6.07,29.95,0.014,0,7.78
106,163,3029.2,5,0.16,0.26,0.0,0,0.53
106,164,659.1,445,4.06,140.31,0.05,1,27.37
106,165,3102.0,104,0.68,0.81,0.0,0,1.12
106,166,3336.9,80,0.22,0.46,0.0,0,1.02
106,167,3159.3,101,3.78,2.25,0.0,0,7.4
106,168,886.2,428,5.5,32.37,0.027,0,7.61
106,169,963.8,63,0.79,7.99,0.021,0,1.37
106,170,2258.2,44,0.55,0.58,0.0,0,0.88
106,171,1532.4,74,0.65,3.07,0.001,0,0.93
106,172,1091.6,248,5.19,13.49,0.003,0,6.39
106,173,2371.4,224,1.06,1.75,0.0,0,2.76
106,174,1270.5,325,3.38,14.74,0.009,0,4.5
106,175,1096.7,1564,8.77,36.52,0.012,0,21.67
106,176,589.4,336,4.21,40.33,0.107,0,8.22
106,177,1660.5,406,3.23,28.8,0.002,0,5.88
106,178,2805.5,33,0.18,0.54,0.0,0,0.42
106,179,2819.2,1253,6.2,8.43,0.0,0,19.1
106,180,1826.4,61,0.85,8.39,0.001,0,1.37
106,181,1604.3,53,0.31,3.38,0.002,0,0.75
106,182,3058.7,23,0.16,0.14,0.0,0,0.4
106,183,3222.9,63,0.7,0.57,0.0,0,2.26
106,184,1210.5,317,3.59,9.16,0.01,0,3.61
106,185,1545.3,82,0.62,17.64,0.0,0,4.96
106,186,1953.9,54,1.45,3.87,0.001,0,2.01
106,187,3857.9,31,0.53,0.08,0.0,0,0.63
106,188,1397.4,92,0.38,2.94,0.005,0,1.24
106,189,3492.8,21,0.1,0.04,0.0,0,0.32
106,190,176.6,2823,125.06,60.21,0.306,8,129.16
106,191,1994.2,850,3.72,4.33,0.001,0,9.84
106,192,1870.8,350,3.72,3.42,0.001,0,4.58
106,193,584.8,229,2.87,18.36,0.103,0,3.18
106,194,1740.8,133,0.89,4.56,0.003,0,1.41
106,195,2827.2,128,0.15,0.98,0.0,0,1.46
106,196,1819.6,79,0.41,1.8,0.001,0,1.14
106,197,1044.8,38,2.74,21.15,0.014,0,3.06
106,198,4102.7,25,0.36,0.04,0.0,0,0.48
106,199,2345.8,23,0.11,0.45,0.0,0,0.35
107,108,1743.2,27,0.37,1.22,0.0,0,0.4
107,109,1377.5,59,0.26,2.82,0.004,0,0.82
107,110,2584.7,2,0.02,0.02,0.0,0,0.02
107,111,3929.3,17,0.04,0.01,0.0,0,0.21
107,112,2731.1,13,0.15,0.12,0.0,0,0.3
107,113,1423.4,435,1.61,12.94,0.003,0,7.41
107,114,1403.6,51,0.2,2.64,0.007,0,0.8
107,115,1900.7,19,0.41,0.88,0.001,0,0.48
107,116,3981.1,12,0.03,0.01,0.0,0,0.13
107,117,2441.5,4,0.06,0.06,0.0,0,0.07
107,118,2448.9,20,0.58,0.74,0.0,0,0.8
107,119,3045.3,21,0.12,0.14,0.0,0,0.47
107,120,1520.6,105,1.29,2.54,0.005,0,1.34
107,121,1629.2,12,0.16,0.28,0.003,0,0.21
107,122,1797.3,50,0.57,3.04,0.001,0,0.86
107,123,2416.2,2,0.07,0.11,0.0,0,0.08
107,124,3204.5,26,0.22,0.04,0.0,0,0.31
107,125,1303.6,423,0.57,20.49,0.005,0,4.56
107,126,2165.0,6,0.05,0.15,0.0,0,0.07
107,127,3671.5,1,0.01,0.01,0.0,0,0.03
107,128,3821.2,15,0.12,0.02,0.0,0,0.21
107,129,2849.9,2,0.1,0.06,0.0,0,0.1
107,130,3330.9,1,0.0,0.01,0.0,0,0.03
107,131,3911.7,10,0.1,0.01,0.0,0,0.12
107,132,1247.6,13,0.45,1.12,0.008,0,0.73
107,133,3990.3,5,0.02,0.01,0.0,0,0.17
107,134,3683.4,2,0.03,0.01,0.0,0,0.05
107,135,1828.6,46,0.81,2.33,0.001,0,1.52
107,136,1618.9,9,0.28,0.42,0.004,0,0.33
107,137,3512.0,6,0.03,0.01,0.0,0,0.11
107,138,3087.2,18,0.12,0.14,0.0,0,0.47
107,139,2023.5,7,0.12,0.14,0.001,0,0.16
107,140,2777.8,25,0.08,0.14,0.0,0,0.33
107,141,3249.0,16,0.44,0.16,0.0,0,0.49
107,142,3374.4,0,0.02,0.01,0.0,0,0.02
107,143,3537.6,5,0.03,0.03,0.0,0,0.08
107,144,1369.4,37,0.7,1.92,0.003,0,0.7
107,145,2198.9,29,0.22,0.96,0.0,0,0.32
107,146,3346.1,0,0.01,0.01,0.0,0,0.02
107,147,2342.3,9,0.09,0.08,0.0,0,0.11
107,148,2522.1,3,0.17,0.45,0.0,0,0.18
107,149,3260.9,3,0.04,0.09,0.0,0,0.1
107,150,2688.7,16,0.07,0.28,0.0,0,0.17
107,151,1974.1,56,0.85,0.77,0.0,0,0.87
107,152,4015.2,2,0.01,0.0,0.0,0,0.04
107,153,2657.7,13,0.03,0.18,0.0,0,0.17
107,154,2596.9,2,0.03,0.18,0.0,0,0.24
107,155,2866.2,14,0.06,0.04,0.0,0,0.15
107,156,1764.1,88,2.48,9.89,0.002,0,2.57
107,157,2342.4,33,0.06,0.4,0.0,0,0.54
107,158,1651.2,6,0.08,0.25,0.002,0,0.11
107,159,2732.4,26,0.6,0.22,0.0,0,0.78
107,160,2428.9,3,0.01,0.07,0.0,0,0.06
107,161,2624.9,21,0.13,0.18,0.0,0,0.29
107,162,3575.7,26,0.07,0.11,0.0,0,0.27
107,163,3970.4,0,0.01,0.0,0.0,0,0.02
107,164,2326.6,33,0.29,0.45,0.0,0,0.34
107,165,2680.5,7,0.26,0.15,0.0,0,0.28
107,166,3330.8,64,0.18,0.11,0.0,0,0.78
107,167,285.3,3979,8.65,103.24,0.132,5,45.95
107,168,2800.4,1,0.05,0.09,0.0,0,0.14
107,169,3374.2,1,0.02,0.02,0.0,0,0.06
107,170,2742.3,4,0.05,0.05,0.0,0,0.06
107,171,3424.5,1,0.01,0.01,0.0,0,0.02
107,172,3864.3,11,0.06,0.01,0.0,0,0.12
107,173,1246.5,32,0.31,3.79,0.006,0,1.11
107,174,3210.3,25,0.09,0.08,0.0,0,0.29
107,175,2015.2,48,0.56,1.53,0.0,0,0.77
107,176,3233.1,2,0.01,0.03,0.0,0,0.08
107,177,2536.8,63,0.41,0.81,0.0,0,1.11
107,178,3155.4,2,0.04,0.05,0.0,0,0.12
107,179,1941.4,177,0.31,6.03,0.001,0,2.29
107,180,2750.2,2,0.16,0.22,0.0,0,0.25
107,181,3475.8,1,0.06,0.01,0.0,0,0.07
107,182,814.5,31,0.26,2.3,0.043,0,0.56
107,183,1029.1,16,0.83,4.63,0.024,0,1.04
107,184,4143.2,3,0.03,0.01,0.0,0,0.09
107,185,4460.5,5,0.2,0.01,0.0,0,0.24
107,186,1028.4,36,0.64,5.43,0.001,0,0.8
107,187,1644.5,67,0.23,1.16,0.002,0,0.82
107,188,1857.1,10,0.04,0.5,0.001,0,0.14
107,189,1890.5,0,0.02,0.09,0.001,0,0.02
107,190,3149.7,1,0.02,0.03,0.0,0,0.05
107,191,1065.9,20,0.57,5.96,0.017,0,0.91
107,192,1383.9,16,0.42,2.08,0.005,0,0.86
107,193,2975.0,3,0.06,0.02,0.0,0,0.06
107,194,3563.9,10,0.11,0.02,0.0,0,0.13
107,195,3201.4,33,0.28,0.07,0.0,0,0.43
107,196,2221.0,3,0.06,0.1,0.0,0,0.06
107,197,2062.8,27,0.3,0.33,0.0,0,0.35
107,198,2212.6,4,0.04,0.46,0.0,0,0.26
107,199,3731.8,0,0.02,0.01,0.0,0,0.03
108,109,1709.7,15,0.23,0.53,0.002,0,0.32
108,110,1045.8,6,0.1,0.79,0.012,0,0.19
108,111,2457.1,9,0.05,0.21,0.0,0,0.28
108,112,2068.9,4,0.07,0.44,0.0,0,0.39
108,113,357.7,4337,47.21,139.35,0.087,3,55.2
108,114,911.4,25,0.4,1.95,0.029,0,1.04
108,115,1665.1,6,0.37,0.86,0.003,0,0.42
108,116,2287.4,20,0.09,0.33,0.0,0,0.25
108,117,1048.3,13,0.22,1.17,0.02,0,0.33
108,118,988.7,117,4.3,18.05,0.029,0,4.4
108,119,1324.8,13,0.29,4.1,0.004,0,0.43
108,120,2511.7,32,0.26,0.43,0.0,0,0.35
108,121,1069.5,29,0.24,0.95,0.019,0,0.44
108,122,1482.2,177,0.47,7.7,0.005,0,3.04
108,123,1480.6,10,0.09,0.28,0.001,0,0.17
108,124,1502.5,6,0.43,2.85,0.005,0,0.57
108,125,463.0,161,2.53,56.66,0.054,6,13.51
108,126,1608.4,5,0.1,0.33,0.002,0,0.11
108,127,3697.3,1,0.02,0.01,0.0,0,0.04
108,128,3433.8,7,0.01,0.05,0.0,0,0.09
108,129,1324.4,25,0.28,1.48,0.011,0,0.4
108,130,2041.5,5,0.02,0.08,0.001,0,0.14
108,131,3900.5,16,0.07,0.01,0.0,0,0.25
108,132,951.9,11,0.02,1.35,0.018,0,0.12
108,133,2625.3,18,0.11,0.55,0.0,0,0.23
108,134,2148.6,1,0.01,0.24,0.0,0,0.07
108,135,3369.8,38,0.28,0.13,0.0,0,0.56
108,136,2171.8,6,0.05,0.22,0.001,0,0.1
108,137,2089.4,12,0.05,0.38,0.001,0,0.34
108,138,1585.1,58,0.37,2.87,0.002,0,0.67
108,139,432.4,85,0.59,4.69,0.145,0,1.12
108,140,1520.8,52,0.38,1.36,0.003,0,0.85
108,141,1770.6,251,0.48,1.54,0.001,0,3.04
108,142,2698.0,0,0.02,0.04,0.0,0,0.02
108,143,1805.5,40,0.19,1.13,0.001,0,0.53
108,144,1523.7,13,0.24,1.42,0.001,0,0.59
108,145,597.9,75,1.45,18.52,0.031,0,3.06
108,146,1670.8,9,0.01,0.23,0.003,0,0.1
108,147,1386.7,3,0.14,0.33,0.007,0,0.29
108,148,893.8,210,0.46,8.77,0.015,0,2.15
108,149,2550.4,5,0.12,0.33,0.0,0,0.13
108,150,1453.4,44,0.62,2.31,0.004,0,1.02
108,151,306.9,1271,5.99,15.9,0.199,0,16.89
108,152,3928.7,4,0.03,0.01,0.0,0,0.06
108,153,1037.8,11,0.15,3.46,0.021,0,0.41
108,154,3876.8,10,0.13,0.02,0.0,0,0.39
108,155,2397.4,7,0.1,0.12,0.0,0,0.12
108,156,1806.8,189,0.67,4.81,0.001,0,2.5
108,157,871.0,102,1.45,10.48,0.025,0,1.94
108,158,2706.4,1,0.05,0.04,0.0,0,0.05
108,159,3100.4,29,0.34,0.11,0.0,0,0.45
108,160,1850.3,5,0.01,0.31,0.0,0,0.14
108,161,1857.0,15,0.52,1.69,0.002,0,0.57
108,162,2322.9,27,0.33,0.88,0.0,0,0.63
108,163,3627.5,2,0.01,0.01,0.0,0,0.03
108,164,847.7,246,3.59,12.3,0.041,0,4.05
108,165,3012.9,3,0.12,0.12,0.0,0,0.14
108,166,3493.2,20,0.09,0.08,0.0,0,0.21
108,167,1977.9,151,0.78,3.44,0.0,0,1.91
108,168,1650.2,1,0.12,0.6,0.003,0,0.13
108,169,1631.1,12,0.09,0.61,0.002,0,0.2
108,170,2486.4,1,0.06,0.05,0.0,0,0.06
108,171,2449.9,1,0.02,0.06,0.0,0,0.11
108,172,2131.3,6,0.23,0.36,0.0,0,0.26
108,173,992.5,135,1.03,6.37,0.023,0,1.57
108,174,2169.0,21,0.24,0.47,0.0,0,0.39
108,175,296.1,541,3.2,46.06,0.193,0,7.81
108,176,1508.6,28,0.17,1.46,0.003,0,0.3
108,177,1040.3,825,2.21,28.29,0.005,0,9.91
108,178,3068.9,10,0.15,0.05,0.0,0,0.16
108,179,2435.8,232,1.08,1.83,0.0,0,4.48
108,180,2206.0,21,0.25,0.41,0.001,0,0.3
108,181,2521.1,9,0.06,0.07,0.0,0,0.16
108,182,2095.7,2,0.08,0.26,0.001,0,0.11
108,183,2314.8,14,0.08,0.38,0.0,0,0.21
108,184,2597.0,11,0.07,0.17,0.0,0,0.12
108,185,2932.0,11,0.15,0.12,0.0,0,0.19
108,186,832.7,41,0.76,5.64,0.034,0,1.86
108,187,3022.6,5,0.1,0.06,0.0,0,0.1
108,188,184.6,137,0.41,9.15,0.194,0,2.03
108,189,2891.4,2,0.03,0.01,0.0,0,0.03
108,190,1563.1,16,0.12,0.8,0.002,0,0.17
108,191,1046.6,25,1.19,5.4,0.021,0,1.7
108,192,484.1,244,0.31,8.72,0.092,0,2.75
108,193,1243.7,8,0.09,0.54,0.006,0,0.15
108,194,2649.9,35,0.25,0.18,0.0,0,0.4
108,195,3107.0,5,0.15,0.06,0.0,0,0.26
108,196,890.0,17,0.17,1.71,0.012,0,0.29
108,197,957.6,26,0.5,5.01,0.014,0,0.56
108,198,3437.6,1,0.05,0.03,0.0,0,0.08
108,199,3095.6,0,0.02,0.02,0.0,0,0.06
109,110,2755.1,2,0.03,0.01,0.0,0,0.03
109,111,2996.5,2,0.02,0.04,0.0,0,0.06
109,112,1449.9,8,0.3,1.29,0.004,0,0.31
109,113,1630.7,547,4.29,10.75,0.001,0,9.99
109,114,809.0,75,0.76,3.41,0.041,0,0.87
109,115,605.5,69,2.4,9.27,0.095,0,2.79
109,116,3362.8,10,0.12,0.02,0.0,0,0.14
109,117,1713.5,5,0.07,0.14,0.001,0,0.09
109,118,2693.6,40,1.58,0.32,0.0,0,2.69
109,119,2609.4,7,0.04,0.34,0.0,0,0.17
109,120,882.2,100,1.12,9.0,0.007,0,2.89
109,121,774.4,21,0.33,1.31,0.009,0,0.48
109,122,597.7,456,5.97,20.25,0.089,0,6.09
109,123,1348.6,1,0.06,0.56,0.006,0,0.09
109,124,2692.8,20,0.07,0.18,0.0,0,0.27
109,125,1556.4,199,1.06,9.74,0.004,0,4.86
109,126,951.1,8,0.03,1.16,0.024,0,0.27
109,127,2346.9,6,0.07,0.1,0.0,0,0.09
109,128,2443.7,2,0.02,0.12,0.0,0,0.16
109,129,2134.2,3,0.04,0.18,0.0,0,0.08
109,130,3740.3,2,0.01,0.01,0.0,0,0.03
109,131,2582.9,8,0.07,0.25,0.0,0,0.16
109,132,761.3,17,0.17,1.72,0.047,0,0.22
109,133,2956.5,31,0.36,0.07,0.0,0,0.62
109,134,2843.5,1,0.05,0.02,0.0,0,0.07
109,135,1993.5,61,0.87,2.94,0.001,0,1.41
109,136,462.3,68,0.97,2.44,0.092,0,1.02
109,137,2578.4,7,0.06,0.06,0.0,0,0.26
109,138,2297.5,33,0.29,0.33,0.0,0,0.51
109,139,2139.4,13,0.27,0.06,0.001,0,0.29
109,140,1835.0,34,0.05,1.09,0.001,0,0.45
109,141,3478.9,38,0.4,0.06,0.0,0,0.42
109,142,2045.4,0,0.03,0.08,0.0,0,0.03
109,143,3313.1,4,0.11,0.04,0.0,0,0.11
109,144,193.8,150,8.55,16.93,0.269,1,14.64
109,145,2307.5,13,0.3,0.31,0.0,0,0.38
109,146,3299.1,2,0.01,0.01,0.0,0,0.03
109,147,1313.7,1,0.01,0.39,0.006,0,0.09
109,148,2590.9,38,0.2,0.26,0.0,0,0.49
109,149,1948.2,3,0.14,0.66,0.001,0,0.28
109,150,1751.8,16,0.28,0.61,0.001,0,0.43
109,151,2016.2,10,0.11,0.59,0.0,0,0.2
109,152,2670.9,15,0.08,0.07,0.0,0,0.19
109,153,2103.2,8,0.08,0.51,0.0,0,0.17
109,154,2246.3,16,0.19,0.25,0.0,0,0.2
109,155,1514.5,6,0.08,0.37,0.001,0,0.1
109,156,395.4,744,9.77,37.64,0.244,1,20.02
109,157,2574.5,17,0.09,0.12,0.0,0,0.3
109,158,1074.4,14,0.1,0.73,0.015,0,0.18
109,159,1509.1,33,0.07,2.17,0.006,0,0.71
109,160,1159.9,18,0.07,0.76,0.016,0,0.23
109,161,1407.7,69,0.44,3.08,0.006,0,1.2
109,162,2499.1,35,0.31,0.4,0.0,0,0.44
109,163,2593.9,0,0.03,0.07,0.0,0,0.04
109,164,1721.9,14,0.71,1.7,0.001,0,0.97
109,165,1435.8,49,0.27,2.89,0.005,0,0.7
109,166,2039.8,52,0.25,0.88,0.0,0,0.84
109,167,1342.5,296,0.49,9.35,0.002,0,3.02
109,168,1773.8,12,0.12,0.62,0.001,0,0.15
109,169,3064.1,1,0.04,0.03,0.0,0,0.04
109,170,1366.4,6,0.08,0.46,0.003,0,0.12
109,171,2202.5,2,0.03,0.1,0.0,0,0.04
109,172,3389.7,1,0.09,0.03,0.0,0,0.15
109,173,2004.6,7,0.04,0.69,0.001,0,0.22
109,174,2045.9,20,0.13,0.49,0.0,0,0.21
109,175,1819.8,43,0.24,1.47,0.001,0,0.44
109,176,2785.2,12,0.02,0.05,0.0,0,0.16
109,177,2749.4,74,1.03,0.39,0.0,0,1.53
109,178,1793.2,29,0.06,0.34,0.002,0,0.3
109,179,751.1,2320,11.66,50.8,0.013,0,25.6
109,180,1425.9,157,1.07,2.76,0.003,0,1.84
109,181,2240.0,2,0.03,0.08,0.0,0,0.12
109,182,897.0,35,0.15,0.73,0.024,0,0.74
109,183,975.4,74,1.4,4.77,0.016,0,2.44
109,184,3271.0,7,0.19,0.02,0.0,0,0.21
109,185,3542.9,12,0.22,0.03,0.0,0,0.26
109,186,1011.3,25,0.28,4.34,0.008,0,0.58
109,187,1542.7,4,0.23,0.54,0.003,0,0.43
109,188,1893.2,1,0.04,0.15,0.001,0,0.09
109,189,1217.2,7,0.07,0.35,0.006,0,0.1
109,190,2448.5,9,0.06,0.09,0.0,0,0.11
109,191,723.7,397,2.64,7.41,0.066,0,5.57
109,192,1726.7,26,0.1,1.25,0.001,0,0.31
109,193,2589.9,2,0.0,0.02,0.0,0,0.04
109,194,2303.7,16,0.03,0.39,0.0,0,0.2
109,195,1839.0,84,0.87,0.96,0.002,0,1.12
109,196,2558.9,1,0.02,0.05,0.0,0,0.05
109,197,1279.6,34,0.44,1.9,0.009,0,0.44
109,198,1808.3,30,0.26,0.47,0.001,0,0.31
109,199,2380.0,0,0.01,0.11,0.0,0,0.03
110,111,2603.9,0,0.0,0.02,0.0,0,0.01
110,112,2885.5,3,0.02,0.01,0.0,0,0.05
110,113,1218.8,29,0.38,4.6,0.01,0,0.41
110,114,1952.2,1,0.01,0.08,0.001,0,0.05
110,115,2658.6,1,0.05,0.02,0.0,0,0.06
110,116,2032.5,2,0.02,0.05,0.001,0,0.03
110,117,1659.3,0,0.01,0.03,0.002,0,0.02
110,118,172.7,239,7.13,8.21,0.275,0,9.17
110,119,1192.5,4,0.06,0.57,0.016,0,0.1
110,120,3549.8,1,0.01,0.01,0.0,0,0.02
110,121,2080.1,0,0.0,0.02,0.0,0,0.01
110,122,2480.9,0,0.01,0.15,0.0,0,0.06
110,123,2276.1,0,0.0,0.01,0.0,0,0.0
110,124,1390.3,7,0.02,0.42,0.006,0,0.09
110,125,1331.9,25,0.24,1.6,0.001,0,0.45
110,126,2531.1,0,0.0,0.01,0.0,0,0.01
110,127,4616.5,0,0.0,0.0,0.0,0,0.0
110,128,4231.9,0,0.0,0.0,0.0,0,0.01
110,129,1666.1,0,0.02,0.1,0.0,0,0.04
110,130,1032.4,1,0.02,0.09,0.017,0,0.03
110,131,4801.0,0,0.01,0.0,0.0,0,0.01
110,132,1997.7,1,0.0,0.01,0.0,0,0.02
110,133,2876.1,1,0.04,0.01,0.0,0,0.04
110,134,2257.8,0,0.0,0.01,0.0,0,0.01
110,135,4337.9,4,0.05,0.0,0.0,0,0.07
110,136,3216.9,0,0.0,0.0,0.0,0,0.01
110,137,2362.6,0,0.01,0.03,0.0,0,0.01
110,138,1875.4,5,0.12,0.15,0.001,0,0.16
110,139,623.1,0,0.01,0.2,0.081,0,0.03
110,140,2094.6,3,0.0,0.08,0.001,0,0.04
110,141,725.3,97,0.78,3.0,0.029,0,1.03
110,142,3432.7,0,0.0,0.0,0.0,0,0.0
110,143,1142.1,2,0.05,0.41,0.01,0,0.07
110,144,2567.9,2,0.03,0.03,0.0,0,0.03
110,145,448.1,17,0.32,2.97,0.102,0,0.36
110,146,811.4,2,0.02,0.11,0.035,0,0.04
110,147,2194.0,0,0.0,0.01,0.0,0,0.0
110,148,222.0,24,0.16,4.57,0.282,0,0.53
110,149,3284.8,0,0.01,0.01,0.0,0,0.02
110,150,2063.7,2,0.01,0.06,0.0,0,0.05
110,151,739.0,31,0.26,1.32,0.051,0,0.33
110,152,4805.5,0,0.0,0.0,0.0,0,0.0
110,153,1343.7,1,0.0,0.32,0.004,0,0.03
110,154,4905.8,1,0.01,0.0,0.0,0,0.01
110,155,3249.7,0,0.0,0.0,0.0,0,0.02
110,156,2830.1,5,0.06,0.07,0.0,0,0.25
110,157,247.1,145,0.62,5.7,0.168,0,1.59
110,158,3743.3,0,0.0,0.0,0.0,0,0.0
110,159,4110.5,2,0.0,0.0,0.0,0,0.02
110,160,2729.7,0,0.01,0.0,0.0,0,0.01
110,161,2659.6,3,0.01,0.04,0.0,0,0.05
110,162,2730.7,4,0.01,0.03,0.0,0,0.1
110,163,4430.7,0,0.0,0.0,0.0,0,0.0
110,164,1464.4,6,0.15,0.37,0.005,0,0.21
110,165,4020.7,0,0.0,0.0,0.0,0,0.01
110,166,4453.6,2,0.02,0.0,0.0,0,0.03
110,167,2854.3,4,0.08,0.06,0.0,0,0.16
110,168,2274.7,2,0.01,0.01,0.0,0,0.03
110,169,1141.1,1,0.02,0.16,0.005,0,0.04
110,170,3398.8,0,0.0,0.0,0.0,0,0.0
110,171,3050.0,1,0.01,0.0,0.0,0,0.01
110,172,1721.6,0,0.03,0.09,0.002,0,0.05
110,173,1437.5,4,0.01,0.21,0.005,0,0.1
110,174,2767.4,1,0.01,0.01,0.0,0,0.02
110,175,986.5,11,0.16,1.0,0.034,0,0.43
110,176,1289.4,2,0.09,0.28,0.009,0,0.11
110,177,84.6,1493,10.88,11.71,0.667,2,18.06
110,178,3988.5,0,0.01,0.0,0.0,0,0.01
110,179,3475.0,15,0.03,0.04,0.0,0,0.2
110,180,3051.8,0,0.03,0.01,0.0,0,0.04
110,181,3124.2,0,0.0,0.0,0.0,0,0.01
110,182,3085.2,0,0.01,0.0,0.0,0,0.01
110,183,3314.4,1,0.01,0.01,0.0,0,0.02
110,184,2616.3,0,0.0,0.01,0.0,0,0.02
110,185,2937.0,1,0.01,0.02,0.0,0,0.04
110,186,1843.2,11,0.08,0.18,0.002,0,0.14
110,187,4025.7,0,0.0,0.0,0.0,0,0.01
110,188,863.9,5,0.02,0.25,0.024,0,0.05
110,189,3933.6,0,0.0,0.0,0.0,0,0.0
110,190,1724.2,1,0.03,0.05,0.002,0,0.03
110,191,2083.8,0,0.02,0.11,0.001,0,0.04
110,192,1211.8,5,0.03,0.27,0.004,0,0.1
110,193,1078.5,4,0.01,0.06,0.009,0,0.06
110,194,3261.9,0,0.01,0.01,0.0,0,0.03
110,195,4022.3,0,0.0,0.0,0.0,0,0.01
110,196,421.3,19,0.11,0.4,0.105,0,0.19
110,197,1813.4,1,0.04,0.17,0.001,0,0.05
110,198,4468.9,0,0.01,0.0,0.0,0,0.01
110,199,3811.6,0,0.0,0.0,0.0,0,0.0
111,112,1797.8,24,0.24,0.61,0.002,0,0.3
111,113,2800.4,136,0.18,0.99,0.0,0,1.81
111,114,2538.0,5,0.07,0.11,0.0,0,0.26
111,115,2434.4,9,0.23,0.3,0.0,0,0.27
111,116,959.3,15,0.29,3.73,0.033,0,0.45
111,117,1497.2,9,0.03,0.36,0.004,0,0.11
111,118,2732.8,32,0.07,0.35,0.0,0,0.34
111,119,1412.3,8,0.47,3.25,0.006,0,0.71
111,120,3807.4,4,0.06,0.04,0.0,0,0.12
111,121,2354.8,2,0.06,0.08,0.0,0,0.12
111,122,2399.4,4,0.08,0.44,0.0,0,0.39
111,123,1648.1,3,0.01,0.12,0.003,0,0.06
111,124,1221.0,11,0.35,2.46,0.012,0,0.56
111,125,2881.3,121,0.27,0.4,0.0,0,1.56
111,126,2074.2,3,0.01,0.12,0.0,0,0.06
111,127,3248.9,1,0.05,0.03,0.0,0,0.06
111,128,2506.4,5,0.06,0.2,0.0,0,0.08
111,129,1134.6,16,0.15,1.52,0.014,0,0.5
111,130,3362.9,0,0.01,0.01,0.0,0,0.02
111,131,3314.4,5,0.02,0.05,0.0,0,0.08
111,132,2694.1,3,0.03,0.03,0.0,0,0.04
111,133,343.5,136,6.08,14.36,0.31,0,6.24
111,134,346.1,121,0.22,4.28,0.115,0,1.28
111,135,4979.1,10,0.06,0.01,0.0,0,0.14
111,136,3262.8,0,0.02,0.02,0.0,0,0.07
111,137,423.5,168,1.95,6.85,0.124,0,3.06
111,138,875.0,44,0.92,7.56,0.037,0,2.74
111,139,2537.1,0,0.04,0.03,0.0,0,0.04
111,140,1177.6,36,0.32,4.05,0.004,0,0.67
111,141,2889.3,58,0.46,0.31,0.0,0,0.63
111,142,1777.5,3,0.02,0.13,0.0,0,0.05
111,143,1879.2,6,0.15,0.69,0.001,0,0.51
111,144,2852.3,15,0.05,0.1,0.0,0,0.33
111,145,2499.8,9,0.04,0.39,0.0,0,0.2
111,146,2261.1,2,0.02,0.05,0.0,0,0.04
111,147,1686.0,5,0.04,0.22,0.002,0,0.08
111,148,2411.3,8,0.03,0.38,0.0,0,0.23
111,149,1698.7,12,0.26,0.86,0.002,0,0.37
111,150,1266.1,44,0.12,2.01,0.01,0,0.59
111,151,2452.2,3,0.08,0.31,0.0,0,0.13
111,152,3224.1,0,0.07,0.01,0.0,0,0.07
111,153,1429.3,73,0.27,1.39,0.003,0,0.88
111,154,5016.2,4,0.06,0.0,0.0,0,0.06
111,155,2071.3,18,0.19,0.17,0.001,0,0.27
111,156,2714.4,111,0.52,0.47,0.0,0,1.28
111,157,2701.3,17,0.08,0.21,0.0,0,0.39
111,158,3972.0,1,0.02,0.0,0.0,0,0.02
111,159,3399.6,4,0.06,0.02,0.0,0,0.15
111,160,1966.9,0,0.05,0.17,0.001,0,0.05
111,161,1695.4,42,0.2,2.04,0.002,0,0.49
111,162,637.9,190,0.31,24.17,0.07,0,2.1
111,163,2674.5,10,0.16,0.06,0.0,0,0.19
111,164,1648.4,88,0.74,2.44,0.002,0,0.91
111,165,3315.6,5,0.07,0.03,0.0,0,0.09
111,166,3326.6,41,0.41,0.06,0.0,0,0.42
111,167,4067.5,23,0.18,0.05,0.0,0,0.28
111,168,1223.4,16,0.14,1.84,0.013,0,0.52
111,169,1648.1,8,0.13,0.53,0.002,0,0.24
111,170,2386.2,1,0.03,0.08,0.0,0,0.12
111,171,1214.9,15,0.04,0.88,0.006,0,0.18
111,172,1319.1,11,0.1,1.19,0.008,0,0.32
111,173,3448.3,16,0.1,0.03,0.0,0,0.24
111,174,1131.4,120,0.29,3.34,0.002,0,1.56
111,175,2174.4,5,0.51,0.63,0.001,0,0.56
111,176,1345.7,20,0.19,2.15,0.004,0,0.36
111,177,2680.7,49,0.45,0.36,0.0,0,0.94
111,178,2787.5,2,0.04,0.1,0.0,0,0.06
111,179,3280.8,143,1.93,0.24,0.0,0,2.02
111,180,1958.5,23,0.5,1.2,0.0,0,0.78
111,181,1253.8,9,0.08,0.75,0.003,0,0.12
111,182,3846.2,1,0.02,0.0,0.0,0,0.05
111,183,3966.1,4,0.02,0.01,0.0,0,0.1
111,184,315.8,62,1.46,11.11,0.181,0,2.06
111,185,547.1,267,2.24,11.34,0.065,0,3.24
111,186,2910.8,12,0.32,0.1,0.0,0,0.33
111,187,4511.5,0,0.02,0.0,0.0,0,0.03
111,188,2481.3,1,0.06,0.05,0.0,0,0.09
111,189,4019.7,1,0.02,0.0,0.0,0,0.02
111,190,918.4,44,0.33,2.09,0.02,0,0.47
111,191,2880.2,46,0.37,0.24,0.0,0,0.52
111,192,2939.8,10,0.03,0.04,0.0,0,0.13
111,193,1525.6,10,0.18,0.26,0.003,0,0.32
111,194,1343.5,8,0.13,1.64,0.007,0,0.17
111,195,2791.6,11,0.02,0.13,0.0,0,0.18
111,196,2881.7,2,0.03,0.03,0.0,0,0.04
111,197,1870.3,16,0.21,0.75,0.001,0,0.29
111,198,4624.4,4,0.08,0.0,0.0,0,0.13
111,199,1960.3,1,0.03,0.17,0.001,0,0.04
112,113,2247.5,126,2.83,2.74,0.0,0,4.19
112,114,1463.9,14,0.05,1.21,0.004,0,0.29
112,115,850.4,15,0.12,4.7,0.012,0,0.38
112,116,2478.1,7,0.04,0.26,0.0,0,0.09
112,117,1245.9,8,0.12,0.61,0.014,0,0.12
112,118,2914.7,34,0.29,0.3,0.0,0,0.4
112,119,2115.6,58,0.36,0.83,0.001,0,0.64
112,120,2109.6,19,0.19,1.09,0.0,0,0.31
112,121,1196.3,11,0.08,1.33,0.013,0,0.21
112,122,933.8,66,0.19,10.81,0.015,0,1.78
112,123,610.3,12,0.23,1.1,0.107,0,0.27
112,124,2080.8,19,0.21,0.85,0.0,0,0.91
112,125,2252.0,22,0.74,1.75,0.0,0,1.49
112,126,574.4,11,0.22,2.8,0.018,0,1.08
112,127,1771.9,4,0.06,0.42,0.002,0,0.18
112,128,1366.9,15,0.11,2.19,0.008,0,0.27
112,129,1448.7,15,0.46,0.79,0.007,0,0.92
112,130,3904.8,1,0.01,0.0,0.0,0,0.02
112,131,1932.8,4,0.18,0.5,0.001,0,0.28
112,132,1587.2,10,0.1,0.31,0.003,0,0.22
112,133,1650.0,7,0.1,0.99,0.0,0,0.2
112,134,1779.9,2,0.04,0.24,0.001,0,0.07
112,135,3298.6,21,0.27,0.18,0.0,0,0.42
112,136,1566.4,22,0.21,0.29,0.004,0,0.29
112,137,1442.5,28,0.18,0.99,0.003,0,0.32
112,138,1440.4,66,0.66,4.49,0.001,0,0.94
112,139,2426.4,6,0.05,0.09,0.0,0,0.09
112,140,937.5,79,0.27,4.42,0.011,0,1.33
112,141,3504.7,5,0.05,0.05,0.0,0,0.27
112,142,669.4,13,0.06,0.91,0.033,0,0.14
112,143,2886.4,4,0.14,0.14,0.0,0,0.26
112,144,1384.2,14,0.54,1.69,0.001,0,0.55
112,145,2521.1,28,0.3,0.34,0.0,0,0.3
112,146,3069.6,2,0.02,0.03,0.0,0,0.04
112,147,696.7,28,0.26,0.89,0.019,0,0.32
112,148,2667.2,66,0.46,0.18,0.0,0,0.69
112,149,538.1,132,1.32,7.49,0.029,0,2.14
112,150,915.0,13,0.97,6.98,0.03,0,1.1
112,151,2286.6,29,0.46,0.44,0.0,0,0.52
112,152,1923.6,2,0.08,0.24,0.001,0,0.12
112,153,1654.8,3,0.13,1.85,0.002,0,0.27
112,154,3228.9,2,0.15,0.05,0.0,0,0.2
112,155,377.6,191,3.94,4.29,0.163,0,4.65
112,156,1075.6,151,0.39,10.06,0.005,0,2.68
112,157,2818.2,7,0.15,0.2,0.0,0,0.16
112,158,2250.1,4,0.04,0.08,0.0,0,0.07
112,159,1626.7,77,0.27,1.79,0.001,0,1.07
112,160,302.2,15,0.76,7.07,0.16,0,1.02
112,161,226.4,171,3.71,33.14,0.105,0,13.08
112,162,1190.1,311,1.35,2.82,0.014,0,4.18
112,163,1562.5,12,0.19,0.7,0.002,0,0.22
112,164,1424.7,91,0.58,2.81,0.004,0,1.57
112,165,1538.2,13,0.15,1.53,0.001,0,0.32
112,166,1700.6,70,0.28,1.71,0.001,0,0.77
112,167,2758.6,49,0.43,0.51,0.0,0,0.94
112,168,755.3,25,0.19,3.59,0.062,0,0.68
112,169,2595.4,1,0.03,0.04,0.0,0,0.06
112,170,632.1,44,0.55,3.67,0.052,0,0.76
112,171,766.2,18,0.08,1.99,0.04,0,0.32
112,172,2665.5,7,0.08,0.09,0.0,0,0.12
112,173,2870.1,13,0.25,0.08,0.0,0,0.32
112,174,683.1,9,0.56,4.61,0.047,0,0.66
112,175,1951.6,55,0.27,1.33,0.001,0,0.85
112,176,2225.3,3,0.08,0.46,0.0,0,0.13
112,177,2923.4,73,0.68,0.35,0.0,0,0.9
112,178,1170.6,48,0.26,1.49,0.017,0,0.6
112,179,1514.5,203,2.49,5.99,0.005,0,3.7
112,180,190.1,2006,6.26,33.41,0.365,1,20.87
112,181,795.5,47,0.6,1.82,0.038,0,0.7
112,182,2345.0,8,0.11,0.06,0.0,0,0.16
112,183,2394.0,3,0.02,0.39,0.0,0,0.16
112,184,2109.3,3,0.03,0.26,0.0,0,0.2
112,185,2308.5,7,0.35,0.68,0.0,0,0.64
112,186,1927.3,13,0.04,1.03,0.001,0,0.18
112,187,2818.5,10,0.1,0.08,0.0,0,0.14
112,188,2217.5,0,0.08,0.17,0.0,0,0.09
112,189,2261.2,3,0.01,0.05,0.001,0,0.06
112,190,1664.8,7,0.11,0.64,0.001,0,0.16
112,191,1728.6,9,0.37,1.49,0.001,0,0.95
112,192,2399.4,9,0.14,0.24,0.0,0,0.15
112,193,2163.8,9,0.07,0.07,0.0,0,0.1
112,194,853.8,77,1.15,5.99,0.049,0,1.23
112,195,1194.4,63,1.18,2.18,0.007,0,1.23
112,196,2907.8,2,0.07,0.03,0.0,0,0.08
112,197,1114.7,29,0.16,1.41,0.019,0,0.41
112,198,2852.0,21,0.27,0.1,0.0,0,0.3
112,199,1061.4,9,0.03,0.79,0.021,0,0.11
113,114,903.9,647,8.06,36.77,0.042,0,9.42
113,115,1716.3,119,5.05,8.07,0.002,0,7.05
113,116,2643.4,156,0.69,1.77,0.0,0,1.84
113,117,1354.7,31,0.29,5.72,0.006,0,2.3
113,118,1115.9,513,8.67,155.45,0.009,0,17.51
113,119,1678.2,361,4.27,14.63,0.002,0,6.9
113,120,2358.5,424,3.58,4.0,0.0,0,7.98
113,121,1128.0,107,0.64,10.65,0.014,0,2.98
113,122,1534.1,75,6.0,76.74,0.005,0,6.24
113,123,1693.7,46,0.06,0.93,0.001,0,0.49
113,124,1858.8,419,5.57,7.3,0.001,0,6.09
113,125,120.0,320088,1972.28,987.21,0.102,81,3385.49
113,126,1734.7,79,0.83,3.18,0.001,0,1.5
113,127,3779.6,75,1.25,0.05,0.0,0,1.34
113,128,3594.2,99,1.08,0.18,0.0,0,1.36
113,129,1665.8,49,1.91,5.2,0.002,0,2.01
113,130,2131.3,16,0.12,0.79,0.0,0,0.66
113,131,3994.3,111,0.92,0.09,0.0,0,1.54
113,132,883.2,137,0.23,10.61,0.029,0,2.17
113,133,2954.7,328,3.15,0.96,0.0,0,4.13
113,134,2497.9,10,0.5,0.83,0.0,0,0.62
113,135,3122.7,177,1.7,1.62,0.0,0,10.57
113,136,2087.4,50,1.17,1.63,0.0,0,1.82
113,137,2422.9,25,0.75,1.2,0.0,0,0.86
113,138,1925.9,1034,3.84,14.5,0.001,0,11.41
113,139,613.2,103,3.5,20.56,0.022,0,4.79
113,140,1812.5,54,0.77,9.15,0.001,0,5.1
113,141,1931.6,685,1.78,23.41,0.0,0,10.37
113,142,2900.4,27,0.38,0.14,0.0,0,0.41
113,143,2114.6,94,2.27,3.14,0.0,0,2.27
113,144,1461.5,687,25.21,19.11,0.004,0,27.51
113,145,794.3,1174,5.83,88.89,0.04,0,22.22
113,146,1933.9,104,0.43,1.13,0.001,0,1.99
113,147,1598.9,34,0.32,3.93,0.002,0,0.86
113,148,1117.8,677,11.84,65.22,0.007,0,16.11
113,149,2755.9,67,1.23,1.14,0.0,0,2.61
113,150,1737.9,420,5.8,9.46,0.002,0,5.88
113,151,550.8,8432,30.91,115.03,0.056,2,85.34
113,152,4038.2,50,0.16,0.03,0.0,0,0.64
113,153,1390.4,58,3.74,30.09,0.004,0,3.95
113,154,3697.6,121,1.46,0.25,0.0,0,2.43
113,155,2546.5,41,0.73,0.4,0.0,0,0.81
113,156,1804.8,1122,3.21,36.01,0.0,0,31.77
113,157,998.0,872,10.31,55.01,0.017,0,24.51
113,158,2548.5,37,0.66,0.48,0.0,0,0.94
113,159,3096.9,120,1.8,0.7,0.0,0,2.6
113,160,1998.6,32,0.29,1.69,0.001,0,0.48
113,161,2050.1,908,11.67,9.39,0.001,0,12.83
113,162,2630.6,413,1.17,3.01,0.0,0,4.43
113,163,3782.7,9,0.02,0.05,0.0,0,0.21
113,164,1167.2,1288,8.14,90.54,0.006,0,17.14
113,165,3014.1,314,1.12,0.75,0.0,0,3.49
113,166,3543.0,131,1.66,0.58,0.0,0,2.68
113,167,1673.8,395,5.85,49.44,0.002,0,22.04
113,168,1922.4,24,1.02,4.21,0.001,0,1.39
113,169,1961.2,96,0.58,2.4,0.001,0,1.05
113,170,2592.9,37,0.76,0.42,0.0,0,0.85
113,171,2706.9,67,0.2,0.44,0.0,0,0.71
113,172,2477.6,709,5.81,3.05,0.0,0,8.38
113,173,670.1,2735,28.29,72.15,0.104,1,31.13
113,174,2433.0,334,1.54,2.65,0.0,0,3.62
113,175,653.8,718,17.35,188.86,0.023,1,32.17
113,176,1860.3,136,5.5,3.55,0.001,0,6.21
113,177,1189.5,428,21.1,150.93,0.006,0,35.22
113,178,3159.2,74,0.68,0.32,0.0,0,0.79
113,179,2379.4,1994,16.86,34.91,0.0,0,20.38
113,180,2364.1,222,3.15,6.48,0.0,0,4.34
113,181,2775.6,23,0.44,0.28,0.0,0,0.66
113,182,1866.5,205,1.07,2.49,0.001,0,2.87
113,183,2096.4,77,0.87,6.39,0.0,0,1.35
113,184,2949.1,32,0.35,1.17,0.0,0,0.83
113,185,3283.4,73,1.93,0.8,0.0,0,2.09
113,186,643.6,1141,34.47,82.17,0.099,1,34.76
113,187,2807.5,25,0.52,0.64,0.0,0,1.88
113,188,435.0,168,8.77,62.93,0.098,2,15.5
113,189,2750.8,15,0.4,0.18,0.0,0,0.51
113,190,1915.3,70,0.48,3.49,0.001,0,1.82
113,191,914.4,935,13.12,99.42,0.021,0,14.02
113,192,156.0,9235,20.47,170.42,0.455,21,189.7
113,193,1593.6,189,1.61,3.82,0.001,0,1.9
113,194,2899.0,37,0.23,0.95,0.0,0,0.46
113,195,3200.0,108,0.81,0.81,0.0,0,1.17
113,196,942.6,125,2.67,14.66,0.015,0,5.56
113,197,1175.3,354,3.85,41.41,0.013,0,8.03
113,198,3263.7,11,0.27,0.71,0.0,0,0.63
113,199,3298.8,39,0.06,0.1,0.0,0,0.52
114,115,816.9,25,0.49,2.5,0.015,0,0.63
114,116,2712.5,5,0.02,0.1,0.0,0,0.12
114,117,1080.6,4,0.05,0.45,0.007,0,0.13
114,118,1900.0,4,0.13,1.58,0.001,0,0.45
114,119,1870.4,25,0.45,0.77,0.001,0,0.49
114,120,1656.6,7,0.62,1.09,0.001,0,0.62
114,121,267.7,169,0.62,3.5,0.359,0,2.98
114,122,637.7,134,3.98,18.75,0.023,0,4.98
114,123,1032.8,9,0.08,0.68,0.02,0,0.1
114,124,1983.0,15,0.12,0.44,0.0,0,0.47
114,125,864.0,386,1.46,25.82,0.019,0,4.14
114,126,900.9,4,0.04,0.51,0.018,0,0.11
114,127,2881.2,6,0.07,0.03,0.0,0,0.1
114,128,2752.8,7,0.04,0.07,0.0,0,0.12
114,129,1508.5,2,0.04,0.49,0.001,0,0.06
114,130,2952.3,2,0.03,0.01,0.0,0,0.03
114,131,3099.5,3,0.04,0.03,0.0,0,0.06
114,132,156.6,137,0.23,2.66,0.34,0,2.1
114,133,2587.0,3,0.09,0.24,0.0,0,0.12
114,134,2313.4,1,0.05,0.1,0.0,0,0.07
114,135,2650.9,22,0.08,0.41,0.0,0,0.48
114,136,1267.8,27,0.06,1.21,0.007,0,0.35
114,137,2117.1,7,0.02,0.51,0.0,0,0.09
114,138,1723.4,44,0.32,1.23,0.002,0,0.64
114,139,1343.7,8,0.03,0.72,0.006,0,0.26
114,140,1375.4,71,0.68,1.2,0.001,0,0.86
114,141,2674.0,62,0.59,0.43,0.0,0,0.67
114,142,2133.3,0,0.0,0.06,0.0,0,0.03
114,143,2533.8,4,0.1,0.11,0.0,0,0.35
114,144,618.0,57,0.08,3.74,0.074,0,0.75
114,145,1506.3,76,0.26,2.64,0.006,0,0.96
114,146,2495.7,2,0.04,0.03,0.0,0,0.04
114,147,951.3,4,0.12,0.78,0.029,0,0.2
114,148,1783.2,11,0.32,0.76,0.002,0,0.4
114,149,1999.4,17,0.25,0.37,0.0,0,0.28
114,150,1286.1,50,0.25,2.63,0.013,0,0.56
114,151,1215.3,54,0.25,2.13,0.012,0,1.0
114,152,3150.9,2,0.02,0.02,0.0,0,0.03
114,153,1392.8,3,0.08,1.18,0.005,0,0.14
114,154,3031.8,8,0.1,0.08,0.0,0,0.12
114,155,1709.2,6,0.1,0.33,0.001,0,0.14
114,156,907.4,92,1.01,14.17,0.023,0,1.17
114,157,1782.0,12,0.05,0.65,0.001,0,0.3
114,158,1852.7,3,0.02,0.08,0.0,0,0.04
114,159,2204.0,9,0.23,0.34,0.0,0,0.51
114,160,1180.0,17,0.11,0.58,0.015,0,0.2
114,161,1305.5,126,1.2,2.85,0.011,0,1.27
114,162,2174.0,35,0.6,1.19,0.0,0,0.69
114,163,2933.7,2,0.01,0.03,0.0,0,0.02
114,164,1017.8,47,1.24,4.65,0.021,0,1.96
114,165,2119.0,3,0.13,0.36,0.0,0,0.13
114,166,2639.1,16,0.23,0.21,0.0,0,0.26
114,167,1529.6,389,3.49,4.97,0.004,0,4.23
114,168,1398.9,8,0.08,0.68,0.002,0,0.21
114,169,2299.4,8,0.07,0.07,0.0,0,0.09
114,170,1713.1,3,0.03,0.31,0.002,0,0.09
114,171,2070.8,1,0.1,0.09,0.0,0,0.11
114,172,2680.1,12,0.29,0.09,0.0,0,0.37
114,173,1439.2,28,0.48,2.33,0.005,0,0.64
114,174,1833.8,49,0.17,0.52,0.001,0,0.55
114,175,1011.9,75,0.91,6.02,0.018,0,1.11
114,176,2054.5,17,0.08,0.4,0.0,0,0.22
114,177,1950.7,32,0.25,1.17,0.001,0,1.08
114,178,2265.7,30,0.1,0.12,0.0,0,0.38
114,179,1524.5,146,3.31,18.1,0.005,0,7.4
114,180,1543.8,31,0.3,1.34,0.004,0,0.49
114,181,2129.5,1,0.04,0.1,0.001,0,0.05
114,182,1394.4,8,0.16,0.46,0.002,0,0.19
114,183,1573.4,40,0.33,1.24,0.005,0,0.49
114,184,2768.7,3,0.05,0.05,0.0,0,0.05
114,185,3076.5,17,0.33,0.09,0.0,0,0.39
114,186,464.7,213,1.12,13.32,0.054,0,2.64
114,187,2246.3,38,0.28,0.17,0.0,0,0.41
114,188,1096.0,4,0.13,0.55,0.014,0,0.35
114,189,2017.0,0,0.02,0.06,0.001,0,0.03
114,190,1822.8,6,0.09,0.25,0.001,0,0.19
114,191,342.3,147,1.24,27.55,0.142,0,5.8
114,192,1032.4,11,0.04,2.79,0.024,0,0.12
114,193,1834.9,1,0.01,0.15,0.001,0,0.03
114,194,2233.1,27,0.15,0.19,0.0,0,0.28
114,195,2307.5,18,0.08,0.15,0.0,0,0.31
114,196,1785.4,9,0.03,0.25,0.001,0,0.12
114,197,668.3,84,0.71,7.28,0.031,0,1.31
114,198,2591.2,9,0.09,0.11,0.0,0,0.11
114,199,2523.0,2,0.01,0.03,0.0,0,0.03
115,116,2895.8,8,0.05,0.07,0.0,0,0.1
115,117,1304.9,9,0.02,0.85,0.01,0,0.11
115,118,2635.6,37,0.12,0.64,0.0,0,0.71
115,119,2253.4,27,0.49,0.49,0.0,0,0.52
115,120,1374.5,123,0.92,6.32,0.001,0,2.03
115,121,597.7,34,1.29,3.45,0.048,0,1.3
115,122,183.7,12168,22.0,92.55,0.461,4,122.23
115,123,799.8,3,0.1,0.99,0.028,0,0.16
115,124,2298.2,55,0.45,0.36,0.0,0,0.67
115,125,1680.9,339,0.62,6.91,0.001,0,4.36
115,126,360.8,221,1.54,2.32,0.148,0,2.46
115,127,2064.5,9,0.3,0.27,0.001,0,0.34
115,128,1980.2,16,0.14,1.21,0.001,0,0.31
115,129,1688.1,13,0.11,0.56,0.003,0,0.15
115,130,3685.2,0,0.01,0.0,0.0,0,0.01
115,131,2282.7,8,0.06,0.31,0.0,0,0.29
115,132,884.5,65,0.4,1.73,0.011,0,0.74
115,133,2369.8,54,0.63,0.32,0.0,0,0.92
115,134,2313.5,6,0.06,0.14,0.0,0,0.09
115,135,2546.4,91,0.14,0.85,0.0,0,0.93
115,136,835.6,12,0.22,3.54,0.051,0,0.53
115,137,2024.7,28,0.2,0.37,0.001,0,0.38
115,138,1808.1,139,2.82,2.92,0.001,0,2.94
115,139,2087.6,17,0.09,0.17,0.0,0,0.33
115,140,1307.9,72,0.19,2.26,0.008,0,0.92
115,141,3358.1,47,0.61,0.17,0.0,0,0.74
115,142,1474.5,16,0.1,0.33,0.005,0,0.18
115,143,3005.4,6,0.16,0.07,0.0,0,0.18
115,144,536.9,204,3.1,13.32,0.075,0,3.96
115,145,2229.9,44,0.34,0.69,0.0,0,0.65
115,146,3068.0,3,0.03,0.02,0.0,0,0.04
115,147,790.1,22,0.3,1.24,0.036,0,0.36
115,148,2464.2,8,0.48,0.38,0.0,0,0.55
115,149,1365.5,115,0.86,2.38,0.001,0,1.52
115,150,1233.0,70,0.89,4.73,0.008,0,2.75
115,151,1949.3,19,0.43,0.71,0.0,0,0.75
115,152,2336.6,16,0.24,0.12,0.0,0,0.29
115,153,1736.2,72,0.43,1.77,0.003,0,0.98
115,154,2653.6,40,0.25,0.18,0.0,0,0.51
115,155,971.7,32,0.2,1.38,0.031,0,0.34
115,156,282.4,2752,37.51,105.47,0.138,1,41.92
115,157,2522.4,14,0.1,0.2,0.0,0,0.22
115,158,1545.3,7,0.1,0.37,0.003,0,0.13
115,159,1453.5,39,0.36,2.13,0.004,0,0.48
115,160,555.5,158,0.49,2.63,0.037,0,1.64
115,161,803.5,51,0.42,15.58,0.055,0,2.06
115,162,1908.2,77,0.97,1.83,0.001,0,1.16
115,163,2151.4,13,0.1,0.18,0.0,0,0.14
115,164,1378.6,12,1.03,4.35,0.006,0,1.23
115,165,1362.9,42,0.07,3.43,0.006,0,0.64
115,166,1832.5,51,0.61,1.36,0.0,0,0.72
115,167,1911.7,141,1.12,4.19,0.001,0,2.36
115,168,1215.3,14,0.34,2.13,0.016,0,0.79
115,169,2733.6,4,0.11,0.07,0.0,0,0.22
115,170,911.1,35,0.34,1.94,0.025,0,0.43
115,171,1597.2,1,0.07,0.46,0.003,0,0.08
115,172,2976.4,11,0.18,0.06,0.0,0,0.28
115,173,2244.1,21,0.27,0.42,0.0,0,0.28
115,174,1443.8,17,0.46,2.12,0.003,0,0.73
115,175,1673.0,61,0.17,1.61,0.002,0,1.08
115,176,2412.3,16,0.13,0.3,0.0,0,0.31
115,177,2672.1,52,0.63,0.37,0.0,0,1.0
115,178,1449.4,5,0.05,1.33,0.002,0,0.06
115,179,935.2,2383,21.44,75.78,0.029,0,28.71
115,180,849.9,248,2.5,8.02,0.046,0,3.2
115,181,1635.8,8,0.25,0.74,0.001,0,0.43
115,182,1502.4,6,0.03,0.44,0.003,0,0.11
115,183,1571.9,56,0.23,1.85,0.003,0,0.85
115,184,2721.4,15,0.09,0.11,0.0,0,0.26
115,185,2977.0,54,0.1,0.19,0.0,0,0.76
115,186,1228.6,5,0.18,4.32,0.011,0,0.32
115,187,2077.2,18,0.05,0.32,0.0,0,0.2
115,188,1844.6,5,0.06,0.33,0.001,0,0.19
115,189,1622.0,7,0.07,0.15,0.001,0,0.17
115,190,1987.6,23,0.13,0.48,0.001,0,0.37
115,191,974.7,352,3.47,8.22,0.009,0,4.04
115,192,1848.7,11,0.11,0.67,0.002,0,0.12
115,193,2258.0,7,0.02,0.08,0.0,0,0.09
115,194,1703.1,31,0.05,0.8,0.002,0,0.42
115,195,1491.7,52,0.32,3.31,0.003,0,0.76
115,196,2555.1,3,0.03,0.05,0.0,0,0.13
115,197,920.7,20,0.44,7.47,0.026,0,0.93
115,198,2234.4,54,0.41,0.38,0.0,0,0.57
115,199,1833.1,4,0.03,0.24,0.001,0,0.07
116,117,1654.8,1,0.03,0.38,0.002,0,0.05
116,118,2192.3,106,0.38,0.54,0.001,0,1.7
116,119,969.7,171,2.44,5.18,0.027,0,6.46
116,120,4235.6,21,0.18,0.01,0.0,0,0.35
116,121,2614.2,1,0.01,0.08,0.0,0,0.03
116,122,2803.2,21,0.2,0.25,0.0,0,0.4
116,123,2112.6,5,0.05,0.13,0.0,0,0.06
116,124,784.9,29,0.31,6.03,0.065,0,1.08
116,125,2750.1,27,0.53,0.64,0.0,0,0.58
116,126,2564.4,2,0.06,0.04,0.0,0,0.06
116,127,4108.0,1,0.03,0.0,0.0,0,0.04
116,128,3414.1,8,0.07,0.02,0.0,0,0.16
116,129,1228.8,16,0.07,1.4,0.007,0,0.16
116,130,2581.0,2,0.02,0.04,0.0,0,0.02
116,131,4199.5,7,0.07,0.0,0.0,0,0.13
116,132,2854.1,4,0.07,0.02,0.0,0,0.07
116,133,1301.8,10,0.7,1.37,0.005,0,0.76
116,134,749.0,52,0.23,1.56,0.071,0,0.56
116,135,5339.3,15,0.14,0.0,0.0,0,0.2
116,136,3721.2,2,0.01,0.0,0.0,0,0.03
116,137,1090.1,9,0.17,2.6,0.012,0,0.26
116,138,1089.8,61,0.24,3.08,0.003,0,0.63
116,139,2194.7,5,0.07,0.06,0.0,0,0.08
116,140,1608.0,26,0.17,2.09,0.004,0,0.35
116,141,2114.6,40,0.32,2.06,0.0,0,0.58
116,142,2635.4,1,0.02,0.02,0.0,0,0.02
116,143,1044.0,26,0.12,3.17,0.02,0,1.1
116,144,3186.7,2,0.07,0.08,0.0,0,0.08
116,145,2092.4,58,0.39,0.78,0.0,0,0.59
116,146,1469.1,2,0.18,0.44,0.003,0,0.19
116,147,2107.4,0,0.01,0.09,0.001,0,0.02
116,148,1892.1,13,0.28,0.78,0.001,0,0.29
116,149,2531.1,6,0.06,0.21,0.0,0,0.13
116,150,1671.8,50,0.06,0.97,0.001,0,0.53
116,151,2160.6,15,0.08,0.7,0.0,0,0.25
116,152,4124.5,3,0.04,0.0,0.0,0,0.05
116,153,1331.8,27,0.57,1.25,0.01,0,0.6
116,154,5549.4,1,0.03,0.0,0.0,0,0.09
116,155,2814.8,6,0.05,0.05,0.0,0,0.09
116,156,3173.6,36,0.41,0.32,0.0,0,1.1
116,157,2201.0,15,0.11,0.49,0.0,0,0.23
116,158,4419.8,2,0.02,0.0,0.0,0,0.05
116,159,4100.8,23,0.16,0.02,0.0,0,0.34
116,160,2554.4,0,0.02,0.07,0.0,0,0.03
116,161,2312.1,18,0.08,0.29,0.0,0,0.42
116,162,1503.8,156,0.36,3.03,0.004,0,1.78
116,163,3592.2,4,0.04,0.01,0.0,0,0.05
116,164,1695.5,49,0.61,2.05,0.001,0,1.05
116,165,4010.6,1,0.05,0.01,0.0,0,0.12
116,166,4133.5,18,0.06,0.01,0.0,0,0.22
116,167,4177.5,21,0.22,0.03,0.0,0,0.47
116,168,1751.2,19,0.28,0.52,0.001,0,0.28
116,169,905.5,7,0.06,1.79,0.011,0,0.21
116,170,3107.4,1,0.02,0.02,0.0,0,0.08
116,171,2074.5,5,0.09,0.18,0.001,0,0.14
116,172,394.8,151,1.54,10.15,0.118,0,1.84
116,173,3202.7,11,0.06,0.04,0.0,0,0.17
116,174,1906.9,15,0.06,0.74,0.001,0,0.32
116,175,1994.0,8,0.12,1.0,0.001,0,0.34
116,176,799.3,19,0.58,3.89,0.019,0,0.9
116,177,2116.7,16,0.84,1.07,0.001,0,0.96
116,178,3588.5,6,0.06,0.01,0.0,0,0.07
116,179,3818.9,105,0.95,0.09,0.0,0,1.3
116,180,2662.1,18,0.28,0.28,0.0,0,0.67
116,181,2128.3,1,0.01,0.17,0.001,0,0.05
116,182,4105.2,3,0.01,0.0,0.0,0,0.04
116,183,4271.3,23,0.25,0.01,0.0,0,0.35
116,184,764.8,32,0.23,5.7,0.013,0,0.63
116,185,1002.6,50,1.3,6.04,0.008,0,2.95
116,186,2965.4,16,0.13,0.12,0.0,0,0.18
116,187,4903.3,1,0.02,0.0,0.0,0,0.03
116,188,2237.0,2,0.03,0.1,0.0,0,0.04
116,189,4516.0,0,0.0,0.0,0.0,0,0.01
116,190,914.8,17,0.15,2.86,0.034,0,0.4
116,191,3031.4,19,0.19,0.13,0.0,0,0.28
116,192,2750.1,5,0.05,0.07,0.0,0,0.26
116,193,1066.5,16,0.07,1.16,0.012,0,0.18
116,194,2238.9,4,0.13,0.46,0.0,0,0.17
116,195,3600.4,1,0.04,0.02,0.0,0,0.05
116,196,2399.0,1,0.02,0.06,0.0,0,0.03
116,197,2092.2,25,0.07,0.47,0.0,0,0.3
116,198,5128.1,2,0.02,0.0,0.0,0,0.09
116,199,2873.5,4,0.03,0.03,0.0,0,0.06
117,118,1709.4,8,0.03,0.57,0.002,0,0.22
117,119,953.1,47,0.56,1.19,0.026,0,0.83
117,120,2592.5,5,0.08,0.06,0.0,0,0.1
117,121,959.7,1,0.04,0.39,0.024,0,0.06
117,122,1181.0,92,0.3,1.83,0.008,0,0.94
117,123,655.3,5,0.01,0.61,0.019,0,0.06
117,124,995.1,4,0.17,1.21,0.023,0,0.26
117,125,1418.3,20,0.45,5.15,0.006,0,0.99
117,126,1032.6,3,0.06,0.22,0.026,0,0.07
117,127,3011.5,0,0.01,0.01,0.0,0,0.01
117,128,2573.9,0,0.03,0.06,0.0,0,0.08
117,129,430.7,12,0.54,1.88,0.076,0,0.72
117,130,2665.3,0,0.0,0.01,0.0,0,0.01
117,131,3178.3,7,0.02,0.01,0.0,0,0.09
117,132,1231.4,3,0.06,0.21,0.003,0,0.06
117,133,1610.4,18,0.06,0.4,0.003,0,0.2
117,134,1242.3,6,0.02,0.23,0.01,0,0.08
117,135,3684.6,9,0.14,0.02,0.0,0,0.18
117,136,2096.5,3,0.02,0.05,0.001,0,0.04
117,137,1092.2,7,0.04,0.59,0.009,0,0.14
117,138,647.0,30,0.32,6.43,0.075,0,1.11
117,139,1287.8,1,0.01,0.18,0.008,0,0.02
117,140,477.8,7,0.24,3.06,0.062,0,0.52
117,141,2258.9,9,0.08,0.26,0.0,0,0.18
117,142,1774.4,1,0.01,0.05,0.002,0,0.03
117,143,1718.8,13,0.18,0.45,0.002,0,0.22
117,144,1533.8,4,0.13,0.59,0.004,0,0.21
117,145,1340.2,11,0.18,0.74,0.01,0,0.28
117,146,1843.3,0,0.01,0.04,0.002,0,0.05
117,147,593.9,1,0.05,0.92,0.029,0,0.14
117,148,1438.0,26,0.3,1.2,0.006,0,0.31
117,149,1626.1,5,0.15,0.5,0.002,0,0.26
117,150,422.0,97,1.1,4.41,0.138,0,1.97
117,151,1161.3,7,0.06,1.17,0.009,0,0.3
117,152,3168.2,1,0.02,0.01,0.0,0,0.03
117,153,440.8,30,0.42,3.49,0.215,0,0.73
117,154,3933.0,1,0.0,0.0,0.0,0,0.02
117,155,1620.5,7,0.03,0.19,0.002,0,0.08
117,156,1566.1,39,0.83,2.12,0.004,0,0.92
117,157,1625.1,1,0.03,0.42,0.001,0,0.09
117,158,2780.7,0,0.01,0.01,0.0,0,0.01
117,159,2681.0,5,0.07,0.13,0.0,0,0.21
117,160,1147.6,7,0.08,0.27,0.003,0,0.11
117,161,1020.2,16,0.03,1.97,0.021,0,0.18
117,162,1277.2,29,0.44,1.75,0.009,0,0.45
117,163,2772.9,0,0.01,0.01,0.0,0,0.02
117,164,211.4,859,7.01,10.8,0.236,0,15.07
117,165,2587.6,4,0.1,0.06,0.0,0,0.2
117,166,2901.2,4,0.14,0.08,0.0,0,0.15
117,167,2597.9,4,0.09,0.34,0.0,0,0.21
117,168,632.0,10,0.02,1.9,0.033,0,0.12
117,169,1438.5,0,0.03,0.25,0.004,0,0.05
117,170,1816.3,4,0.01,0.1,0.002,0,0.05
117,171,1434.1,5,0.07,0.11,0.003,0,0.11
117,172,1683.1,8,0.09,0.18,0.001,0,0.1
117,173,2023.3,2,0.03,0.17,0.0,0,0.05
117,174,1148.4,8,0.1,0.83,0.012,0,0.14
117,175,822.0,69,0.69,2.8,0.043,0,1.01
117,176,1107.5,7,0.14,0.95,0.017,0,0.16
117,177,1705.4,26,0.14,1.02,0.0,0,0.29
117,178,2395.6,1,0.01,0.05,0.0,0,0.02
117,179,2239.2,96,0.86,0.91,0.0,0,1.4
117,180,1424.0,29,0.22,1.19,0.005,0,0.67
117,181,1507.5,4,0.03,0.15,0.003,0,0.06
117,182,2459.7,0,0.01,0.03,0.0,0,0.01
117,183,2618.6,9,0.1,0.08,0.0,0,0.11
117,184,1701.8,9,0.1,0.29,0.002,0,0.16
117,185,2020.3,4,0.04,0.15,0.0,0,0.16
117,186,1416.8,50,0.1,0.61,0.005,0,0.54
117,187,3250.2,2,0.02,0.01,0.0,0,0.03
117,188,1135.6,5,0.06,0.23,0.006,0,0.08
117,189,2894.8,0,0.0,0.0,0.0,0,0.01
117,190,747.6,14,0.09,0.71,0.012,0,0.21
117,191,1415.9,44,0.91,0.76,0.004,0,1.01
117,192,1505.5,5,0.07,0.33,0.002,0,0.14
117,193,970.1,3,0.02,0.17,0.02,0,0.04
117,194,1642.0,4,0.06,0.26,0.003,0,0.12
117,195,2424.2,1,0.02,0.06,0.0,0,0.04
117,196,1746.4,0,0.01,0.11,0.001,0,0.03
117,197,437.4,92,0.48,2.96,0.084,0,1.26
117,198,3502.6,1,0.02,0.01,0.0,0,0.03
117,199,2157.4,0,0.01,0.05,0.0,0,0.01
118,119,1327.1,94,0.72,7.45,0.003,0,1.4
118,120,3467.0,22,0.9,0.1,0.0,0,0.98
118,121,2047.6,35,0.32,0.38,0.0,0,0.4
118,122,2455.2,61,0.66,1.36,0.0,0,2.35
118,123,2304.6,2,0.05,0.19,0.0,0,0.2
118,124,1528.6,172,0.69,3.99,0.004,0,3.31
118,125,1223.9,1101,10.83,50.43,0.005,0,14.49
118,126,2531.5,5,0.03,0.16,0.0,0,0.15
118,127,4624.9,3,0.06,0.0,0.0,0,0.21
118,128,4271.4,24,0.34,0.01,0.0,0,0.37
118,129,1756.5,20,0.32,1.44,0.001,0,0.81
118,130,1053.5,22,0.19,1.05,0.022,0,0.48
118,131,4815.5,39,0.37,0.0,0.0,0,0.44
118,132,1932.7,11,0.02,0.54,0.0,0,0.13
118,133,2995.5,25,0.62,0.19,0.0,0,0.89
118,134,2387.4,4,0.09,0.19,0.0,0,0.14
118,135,4220.2,452,3.6,0.08,0.0,0,4.82
118,136,3155.9,2,0.04,0.05,0.0,0,0.23
118,137,2474.4,22,0.23,0.29,0.0,0,0.32
118,138,1977.6,114,0.58,2.0,0.001,0,1.42
118,139,556.3,417,3.3,10.16,0.118,0,4.23
118,140,2160.2,197,0.74,1.13,0.001,0,2.14
118,141,817.0,399,2.13,57.8,0.045,0,7.57
118,142,3482.5,0,0.04,0.02,0.0,0,0.04
118,143,1314.7,92,0.23,6.36,0.003,0,1.06
118,144,2510.0,18,0.48,0.76,0.0,0,0.61
118,145,406.7,604,18.74,69.47,0.145,3,24.77
118,146,979.8,25,0.13,4.44,0.02,0,0.42
118,147,2219.1,34,0.07,0.19,0.0,0,0.42
118,148,321.5,2374,13.88,91.59,0.26,1,31.5
118,149,3333.8,13,0.04,0.1,0.0,0,0.31
118,150,2122.9,32,0.06,0.93,0.0,0,0.53
118,151,688.9,78,3.29,18.91,0.049,0,4.61
118,152,4826.7,9,0.04,0.0,0.0,0,0.11
118,153,1427.8,67,0.42,4.11,0.004,0,1.68
118,154,4813.1,2,0.08,0.01,0.0,0,0.2
118,155,3272.6,7,0.09,0.08,0.0,0,0.1
118,156,2792.4,175,3.52,0.99,0.0,0,3.73
118,157,119.6,10598,70.26,88.57,0.072,2,126.03
118,158,3658.8,20,0.2,0.01,0.0,0,0.2
118,159,4081.8,15,0.33,0.04,0.0,0,0.43
118,160,2743.0,13,0.12,0.12,0.0,0,0.29
118,161,2690.3,16,0.29,0.79,0.0,0,1.39
118,162,2828.9,55,0.57,0.62,0.0,0,0.91
118,163,4469.6,3,0.02,0.0,0.0,0,0.06
118,164,1506.9,59,1.54,5.64,0.002,0,2.0
118,165,3993.2,15,0.36,0.05,0.0,0,0.51
118,166,4447.6,18,0.38,0.03,0.0,0,0.58
118,167,2722.2,294,0.71,2.11,0.0,0,5.17
118,168,2334.7,28,0.13,0.39,0.0,0,0.37
118,169,1307.1,30,0.18,4.04,0.003,0,0.4
118,170,3406.2,8,0.07,0.04,0.0,0,0.14
118,171,3121.7,13,0.18,0.09,0.0,0,0.19
118,172,1888.4,54,0.54,1.62,0.0,0,0.7
118,173,1279.3,89,1.24,7.43,0.006,0,1.68
118,174,2837.2,10,0.15,0.37,0.0,0,0.4
118,175,979.5,330,4.12,21.81,0.009,0,9.97
118,176,1436.2,13,0.47,6.03,0.005,0,0.58
118,177,95.7,12920,209.26,270.88,0.333,18,390.5
118,178,3995.4,12,0.1,0.03,0.0,0,0.19
118,179,3424.3,359,1.01,0.4,0.0,0,7.08
118,180,3075.3,68,0.72,0.54,0.0,0,0.78
118,181,3196.0,12,0.13,0.07,0.0,0,0.14
118,182,2978.2,3,0.01,0.07,0.0,0,0.08
118,183,3210.2,8,0.59,0.2,0.0,0,0.61
118,184,2758.1,6,0.16,0.2,0.0,0,0.49
118,185,3082.2,81,0.84,0.27,0.0,0,1.08
118,186,1752.8,72,0.49,2.38,0.002,0,1.12
118,187,3920.8,25,0.08,0.03,0.0,0,0.34
118,188,804.1,13,0.27,6.33,0.022,0,1.26
118,189,3855.2,5,0.06,0.01,0.0,0,0.08
118,190,1839.5,33,0.09,1.23,0.002,0,0.74
118,191,2005.4,172,1.67,2.54,0.001,0,3.52
118,192,1091.3,178,1.76,5.37,0.01,0,3.04
118,193,1212.5,50,0.92,1.95,0.012,0,1.11
118,194,3333.1,31,0.36,0.11,0.0,0,0.46
118,195,4030.6,17,0.03,0.02,0.0,0,0.31
118,196,252.2,269,2.06,12.98,0.065,2,5.71
118,197,1822.5,21,0.2,1.52,0.001,0,1.76
118,198,4378.4,11,0.11,0.02,0.0,0,0.19
118,199,3866.8,1,0.04,0.01,0.0,0,0.07
119,120,3490.8,30,0.46,0.08,0.0,0,0.51
119,121,1835.2,4,0.08,0.59,0.001,0,0.19
119,122,2119.0,108,0.71,3.04,0.0,0,1.3
119,123,1579.6,7,0.09,0.61,0.004,0,0.17
119,124,205.3,993,2.43,80.35,0.354,2,14.38
119,125,1787.5,101,3.69,8.74,0.002,0,4.53
119,126,1984.1,9,0.12,0.42,0.001,0,0.18
119,127,3881.2,2,0.04,0.01,0.0,0,0.04
119,128,3337.6,1,0.02,0.08,0.0,0,0.14
119,129,671.0,77,0.63,9.22,0.072,0,1.2
119,130,2007.2,9,0.08,0.3,0.001,0,0.12
119,131,4025.2,19,0.19,0.03,0.0,0,0.24
119,132,1995.3,8,0.11,0.49,0.001,0,0.17
119,133,1695.0,24,0.74,3.08,0.001,0,0.79
119,134,1066.2,9,0.15,1.93,0.009,0,0.35
119,135,4520.5,60,0.44,0.02,0.0,0,0.84
119,136,3021.3,10,0.06,0.07,0.0,0,0.18
119,137,1204.4,46,0.64,3.15,0.004,0,1.14
119,138,778.2,438,4.95,19.65,0.016,0,5.18
119,139,1233.4,9,0.26,1.15,0.009,0,0.48
119,140,1186.0,26,0.35,10.92,0.007,0,0.63
119,141,1544.3,188,1.49,6.89,0.005,0,2.04
119,142,2512.9,1,0.01,0.05,0.0,0,0.04
119,143,774.6,117,1.41,23.24,0.069,0,2.45
119,144,2420.0,41,0.29,0.45,0.0,0,0.43
119,145,1148.4,333,2.34,11.82,0.013,0,4.3
119,146,988.1,33,0.13,2.66,0.017,0,0.98
119,147,1533.8,12,0.15,0.42,0.004,0,0.2
119,148,1007.0,347,4.83,11.3,0.028,0,5.48
119,149,2375.6,33,0.31,0.67,0.0,0,0.49
119,150,1200.7,80,1.45,7.55,0.007,0,1.97
119,151,1191.9,75,0.83,5.87,0.016,0,1.31
119,152,3991.6,4,0.05,0.01,0.0,0,0.1
119,153,517.4,41,1.65,14.02,0.132,0,2.01
119,154,4852.2,26,0.04,0.0,0.0,0,0.27
119,155,2491.7,16,0.04,0.19,0.0,0,0.23
119,156,2506.8,52,2.24,1.87,0.0,0,2.36
119,157,1306.9,88,1.29,8.87,0.006,0,3.36
119,158,3683.8,3,0.01,0.01,0.0,0,0.06
119,159,3628.2,21,0.31,0.07,0.0,0,0.43
119,160,2074.8,10,0.07,0.36,0.0,0,0.23
119,161,1901.5,101,0.47,1.85,0.001,0,1.49
119,162,1611.3,602,4.63,4.95,0.003,0,7.55
119,163,3533.7,7,0.07,0.01,0.0,0,0.08
119,164,890.1,358,0.87,22.25,0.007,0,6.03
119,165,3534.9,9,0.11,0.06,0.0,0,0.27
119,166,3810.4,9,0.26,0.07,0.0,0,0.28
119,167,3258.2,25,0.24,0.31,0.0,0,2.28
119,168,1377.3,91,1.11,2.72,0.003,0,1.29
119,169,487.8,291,2.15,7.18,0.162,0,4.27
119,170,2725.7,10,0.03,0.07,0.0,0,0.12
119,171,2034.4,6,0.03,0.22,0.001,0,0.13
119,172,823.3,149,1.61,6.85,0.034,0,2.42
119,173,2234.9,23,0.26,0.77,0.0,0,0.38
119,174,1775.1,36,0.07,2.32,0.002,0,0.57
119,175,1035.8,310,1.12,9.26,0.016,0,3.15
119,176,188.7,2003,7.07,31.74,0.118,1,22.35
119,177,1270.5,299,0.63,16.33,0.012,0,5.67
119,178,3286.1,9,0.2,0.03,0.0,0,0.27
119,179,3184.5,29,1.35,0.73,0.0,0,1.4
119,180,2304.0,20,0.86,1.35,0.0,0,0.92
119,181,2105.7,5,0.06,0.29,0.0,0,0.08
119,182,3254.7,7,0.02,0.03,0.0,0,0.09
119,183,3442.7,47,0.35,0.09,0.0,0,0.53
119,184,1433.6,10,0.15,2.08,0.005,0,0.56
119,185,1761.8,37,0.62,3.49,0.001,0,0.87
119,186,2051.3,14,0.08,1.34,0.0,0,0.61
119,187,4113.7,24,0.05,0.01,0.0,0,0.3
119,188,1267.4,16,0.38,1.72,0.003,0,0.77
119,189,3815.9,1,0.01,0.01,0.0,0,0.02
119,190,575.6,77,1.25,7.87,0.076,0,3.07
119,191,2159.4,85,0.21,1.23,0.0,0,0.94
119,192,1781.3,120,0.61,1.14,0.001,0,1.27
119,193,114.6,653,5.74,10.1,0.239,0,13.38
119,194,2241.4,11,0.18,0.73,0.0,0,0.27
119,195,3309.9,8,0.06,0.13,0.0,0,0.12
119,196,1496.6,32,0.36,1.12,0.006,0,0.42
119,197,1347.0,218,2.52,3.25,0.004,0,2.55
119,198,4416.3,4,0.04,0.01,0.0,0,0.14
119,199,2850.2,1,0.05,0.06,0.0,0,0.09
120,121,1655.7,4,0.02,1.12,0.001,0,0.21
120,122,1436.9,482,4.49,10.69,0.005,0,4.95
120,123,2172.0,28,0.38,0.09,0.0,0,0.4
120,124,3574.9,19,0.15,0.06,0.0,0,0.31
120,125,2261.5,327,1.57,3.04,0.0,0,3.38
120,126,1733.5,20,0.16,0.66,0.002,0,0.27
120,127,2330.3,12,0.33,0.18,0.0,0,0.38
120,128,2715.3,30,0.19,0.28,0.0,0,0.36
120,129,3008.9,9,0.13,0.07,0.0,0,0.14
120,130,4488.7,0,0.04,0.0,0.0,0,0.04
120,131,2567.8,10,0.05,0.21,0.0,0,0.23
120,132,1571.2,4,0.03,0.72,0.001,0,0.14
120,133,3726.1,40,0.17,0.09,0.0,0,0.49
120,134,3685.1,2,0.02,0.01,0.0,0,0.05
120,135,1189.1,255,0.47,23.51,0.011,0,2.94
120,136,547.9,58,1.27,6.36,0.112,0,1.8
120,137,3399.2,9,0.12,0.03,0.0,0,0.19
120,138,3159.9,51,0.23,0.1,0.0,0,0.56
120,139,2926.8,1,0.03,0.02,0.0,0,0.04
120,140,2676.1,54,0.5,0.36,0.0,0,0.58
120,141,4274.0,79,1.35,0.03,0.0,0,2.25
120,142,2573.6,17,0.04,0.04,0.0,0,0.17
120,143,4185.6,57,0.61,0.02,0.0,0,0.69
120,144,1070.8,116,1.76,12.66,0.02,0,2.82
120,145,3103.6,100,0.95,0.25,0.0,0,1.22
120,146,4149.0,10,0.01,0.0,0.0,0,0.1
120,147,2153.1,7,0.04,0.23,0.0,0,0.12
120,148,3405.3,12,0.2,0.12,0.0,0,0.28
120,149,2516.1,16,0.34,0.53,0.0,0,0.53
120,150,2597.4,62,0.31,0.16,0.0,0,0.87
120,151,2816.4,79,1.13,0.19,0.0,0,1.35
120,152,2701.4,4,0.12,0.1,0.0,0,0.16
120,153,2985.4,11,0.3,0.17,0.0,0,0.35
120,154,1375.3,235,0.46,4.34,0.006,0,2.47
120,155,2031.5,8,0.14,0.33,0.001,0,0.31
120,156,1093.2,227,3.12,24.76,0.017,0,11.03
120,157,3347.6,13,0.14,0.11,0.0,0,0.28
120,158,196.2,239,0.98,9.66,0.327,0,2.98
120,159,1323.6,77,1.46,6.74,0.005,0,1.47
120,160,1866.8,7,0.11,0.27,0.001,0,0.31
120,161,2138.6,129,1.88,1.45,0.0,0,2.0
120,162,3261.4,50,0.81,0.35,0.0,0,1.28
120,163,2814.8,5,0.03,0.07,0.0,0,0.06
120,164,2604.0,91,0.73,0.8,0.0,0,1.52
120,165,1299.3,29,0.54,3.35,0.006,0,1.98
120,166,1954.1,14,0.24,1.78,0.001,0,0.59
120,167,1321.5,647,3.22,21.39,0.004,0,7.13
120,168,2589.8,21,0.2,0.19,0.0,0,0.46
120,169,3941.7,8,0.1,0.01,0.0,0,0.11
120,170,1772.6,5,0.09,0.75,0.002,0,0.17
120,171,2872.5,2,0.22,0.05,0.0,0,0.24
120,172,4271.3,6,0.05,0.01,0.0,0,0.11
120,173,2557.5,53,0.72,0.26,0.0,0,0.79
120,174,2773.3,52,0.64,0.31,0.0,0,0.65
120,175,2661.8,36,0.32,0.29,0.0,0,0.38
120,176,3667.3,5,0.01,0.04,0.0,0,0.07
120,177,3533.1,20,0.97,0.2,0.0,0,1.91
120,178,1952.5,30,0.08,0.89,0.001,0,0.34
120,179,669.7,1964,14.24,118.38,0.063,1,27.41
120,180,2019.7,307,1.16,1.67,0.0,0,3.46
120,181,2893.9,10,0.01,0.04,0.0,0,0.11
120,182,709.1,46,0.26,4.65,0.066,0,1.11
120,183,536.6,346,1.95,18.61,0.109,0,5.81
120,184,4095.9,9,0.05,0.01,0.0,0,0.14
120,185,4348.0,18,0.12,0.01,0.0,0,0.2
120,186,1715.7,10,0.46,3.34,0.002,0,0.65
120,187,710.3,190,2.34,8.69,0.067,0,2.74
120,188,2688.7,5,0.03,0.06,0.0,0,0.17
120,189,398.9,51,0.8,5.12,0.232,0,1.47
120,190,3320.8,8,0.08,0.06,0.0,0,0.09
120,191,1466.3,90,0.61,5.25,0.006,0,1.36
120,192,2418.7,15,0.97,0.4,0.0,0,1.02
120,193,3469.1,4,0.02,0.02,0.0,0,0.06
120,194,2926.1,35,0.2,0.14,0.0,0,0.63
120,195,1995.4,155,0.63,1.2,0.001,0,2.31
120,196,3300.5,12,0.12,0.02,0.0,0,0.18
120,197,2160.6,39,0.47,0.67,0.0,0,0.49
120,198,934.6,69,1.16,9.26,0.002,0,1.46
120,199,2826.1,15,0.13,0.07,0.0,0,0.18
121,122,414.1,196,4.32,16.97,0.16,0,7.22
121,123,787.6,2,0.02,0.41,0.037,0,0.08
121,124,1922.7,9,0.19,0.32,0.001,0,0.23
121,125,1103.7,138,3.32,8.21,0.024,0,3.37
121,126,635.0,29,0.1,1.47,0.018,0,0.3
121,127,2653.5,0,0.0,0.02,0.0,0,0.01
121,128,2492.8,8,0.06,0.05,0.0,0,0.09
121,129,1388.8,5,0.06,0.35,0.005,0,0.09
121,130,3100.1,0,0.01,0.01,0.0,0,0.01
121,131,2866.5,3,0.03,0.04,0.0,0,0.04
121,132,400.4,16,0.24,0.99,0.192,0,0.28
121,133,2378.0,7,0.07,0.12,0.0,0,0.1
121,134,2154.7,6,0.05,0.05,0.0,0,0.07
121,135,2725.1,3,0.13,0.12,0.0,0,0.14
121,136,1201.8,16,0.18,0.44,0.008,0,0.24
121,137,1931.4,2,0.04,0.09,0.001,0,0.1
121,138,1578.9,124,0.38,0.93,0.002,0,1.28
121,139,1495.6,4,0.05,0.16,0.003,0,0.09
121,140,1178.7,4,0.11,0.8,0.008,0,0.28
121,141,2790.7,3,0.22,0.16,0.0,0,0.31
121,142,1865.7,0,0.0,0.02,0.002,0,0.01
121,143,2543.5,1,0.03,0.08,0.0,0,0.06
121,144,585.2,49,1.07,2.82,0.1,0,1.13
121,145,1643.9,7,0.11,0.58,0.003,0,0.28
121,146,2551.8,1,0.01,0.03,0.0,0,0.03
121,147,713.4,3,0.02,0.54,0.057,0,0.05
121,148,1894.3,6,0.07,0.38,0.001,0,0.09
121,149,1731.9,7,0.16,0.33,0.001,0,0.22
121,150,1089.6,30,0.17,1.3,0.016,0,0.35
121,151,1359.1,10,0.32,0.91,0.009,0,0.4
121,152,2910.7,0,0.0,0.02,0.0,0,0.01
121,153,1331.1,42,0.37,0.7,0.003,0,0.51
121,154,3019.6,1,0.03,0.04,0.0,0,0.06
121,155,1446.7,9,0.11,0.36,0.008,0,0.13
121,156,751.3,78,1.79,10.8,0.014,0,2.94
121,157,1932.7,12,0.17,0.22,0.001,0,0.24
121,158,1848.6,0,0.02,0.04,0.0,0,0.02
121,159,2034.3,25,0.43,0.36,0.001,0,0.55
121,160,913.4,12,0.02,0.6,0.026,0,0.14
121,161,1040.3,14,0.35,1.51,0.011,0,0.51
121,162,1950.8,4,0.02,0.49,0.001,0,0.09
121,163,2675.8,2,0.04,0.02,0.0,0,0.05
121,164,949.1,79,1.36,4.87,0.04,0,1.73
121,165,1945.8,13,0.1,0.22,0.001,0,0.14
121,166,2430.0,2,0.06,0.19,0.0,0,0.15
121,167,1727.7,40,0.19,2.55,0.002,0,0.67
121,168,1177.1,5,0.03,0.68,0.008,0,0.12
121,169,2291.0,4,0.02,0.04,0.0,0,0.06
121,170,1466.7,6,0.04,0.2,0.003,0,0.09
121,171,1814.6,0,0.01,0.08,0.001,0,0.04
121,172,2621.0,5,0.05,0.05,0.0,0,0.06
121,173,1696.9,11,0.12,0.3,0.003,0,0.45
121,174,1585.9,7,0.05,0.55,0.004,0,0.24
121,175,1103.0,5,0.33,2.42,0.016,0,0.52
121,176,2011.8,15,0.12,0.13,0.001,0,0.16
121,177,2088.6,62,0.25,0.32,0.0,0,0.82
121,178,2031.4,2,0.01,0.11,0.001,0,0.07
121,179,1414.7,89,1.09,4.2,0.004,0,2.06
121,180,1278.3,25,0.21,0.87,0.006,0,0.28
121,181,1871.5,3,0.02,0.08,0.002,0,0.04
121,182,1509.0,0,0.02,0.26,0.004,0,0.04
121,183,1659.8,21,0.06,0.55,0.0,0,0.3
121,184,2602.2,1,0.01,0.04,0.0,0,0.02
121,185,2899.0,7,0.1,0.06,0.0,0,0.15
121,186,731.7,70,0.37,4.41,0.019,0,1.4
121,187,2294.8,7,0.06,0.11,0.0,0,0.08
121,188,1250.6,4,0.12,0.44,0.006,0,0.14
121,189,1986.7,1,0.01,0.03,0.001,0,0.03
121,190,1705.9,3,0.04,0.15,0.0,0,0.05
121,191,567.2,289,2.9,4.35,0.018,0,3.56
121,192,1266.9,16,0.11,1.16,0.002,0,0.19
121,193,1816.0,0,0.01,0.05,0.002,0,0.02
121,194,1972.1,19,0.07,0.15,0.0,0,0.25
121,195,2072.0,12,0.2,0.17,0.001,0,0.2
121,196,1959.0,7,0.01,0.06,0.001,0,0.11
121,197,522.6,45,0.25,4.24,0.069,0,0.66
121,198,2582.3,3,0.07,0.05,0.0,0,0.09
121,199,2255.5,1,0.02,0.03,0.0,0,0.04
122,123,751.2,15,0.26,4.56,0.009,0,0.36
122,124,2175.8,105,1.39,1.44,0.0,0,1.84
122,125,1500.8,296,2.74,28.14,0.003,0,7.43
122,126,375.8,684,7.5,14.18,0.021,0,7.64
122,127,2245.8,27,0.04,0.35,0.0,0,0.34
122,128,2135.5,73,0.49,0.89,0.0,0,1.04
122,129,1582.1,35,0.23,2.23,0.003,0,1.0
122,130,3505.8,2,0.03,0.02,0.0,0,0.04
122,131,2462.4,14,0.42,0.94,0.0,0,1.34
122,132,715.8,18,1.12,6.08,0.07,0,1.14
122,133,2361.3,49,1.76,1.4,0.0,0,2.15
122,134,2253.8,13,0.06,0.48,0.0,0,0.16
122,135,2584.5,274,1.13,2.06,0.0,0,3.2
122,136,919.3,116,1.63,7.47,0.027,0,1.82
122,137,1982.2,15,0.17,1.02,0.001,0,0.31
122,138,1723.2,201,1.46,8.08,0.001,0,2.67
122,139,1905.8,2,0.16,0.48,0.002,0,0.22
122,140,1243.8,181,1.42,10.87,0.006,0,1.89
122,141,3184.0,381,2.45,0.8,0.0,0,4.21
122,142,1584.7,29,0.13,0.93,0.005,0,0.35
122,143,2861.1,16,0.62,0.38,0.0,0,0.62
122,144,474.2,304,8.74,49.28,0.026,0,8.93
122,145,2049.9,28,1.09,2.6,0.001,0,2.4
122,146,2908.4,10,0.07,0.08,0.0,0,0.11
122,147,720.4,128,1.73,5.03,0.082,0,2.06
122,148,2288.8,40,0.45,1.0,0.0,0,0.95
122,149,1465.8,51,0.8,4.95,0.005,0,2.28
122,150,1162.8,146,1.98,9.13,0.009,0,4.27
122,151,1768.0,17,0.22,2.62,0.001,0,1.27
122,152,2513.2,11,0.42,0.5,0.0,0,0.54
122,153,1602.1,193,0.65,3.18,0.001,0,2.87
122,154,2754.5,94,0.27,0.89,0.0,0,1.33
122,155,1108.0,28,0.32,3.2,0.006,0,0.47
122,156,387.9,1263,40.11,334.06,0.032,13,66.27
122,157,2341.4,145,2.63,1.12,0.0,0,4.25
122,158,1617.7,40,0.18,0.85,0.003,0,0.58
122,159,1629.6,113,1.81,7.18,0.002,0,2.95
122,160,631.6,19,1.26,14.76,0.082,0,1.81
122,161,843.3,351,4.31,26.08,0.031,0,8.45
122,162,1906.4,643,2.54,4.42,0.001,0,6.44
122,163,2311.1,2,0.14,0.43,0.0,0,0.22
122,164,1234.7,1150,3.79,16.22,0.006,0,12.15
122,165,1539.8,102,0.4,5.52,0.003,0,1.09
122,166,2016.2,38,0.33,4.5,0.0,0,1.82
122,167,1832.9,161,3.9,10.66,0.0,0,4.96
122,168,1176.3,127,1.88,12.01,0.007,0,2.85
122,169,2594.1,7,0.15,0.23,0.0,0,0.15
122,170,1078.8,40,0.1,2.04,0.012,0,0.5
122,171,1648.7,44,0.16,1.26,0.003,0,0.46
122,172,2862.5,28,0.25,0.57,0.0,0,0.43
122,173,2071.5,51,0.38,1.3,0.0,0,1.02
122,174,1467.8,60,5.1,6.54,0.002,0,5.32
122,175,1496.8,385,3.89,12.34,0.004,0,4.27
122,176,2283.5,44,0.23,1.1,0.0,0,0.47
122,177,2493.0,94,0.16,1.49,0.0,0,1.06
122,178,1628.2,25,0.18,2.62,0.003,0,0.59
122,179,1067.3,1093,18.36,130.45,0.006,1,42.99
122,180,965.9,47,3.0,20.68,0.012,0,3.69
122,181,1693.9,28,0.1,1.22,0.002,0,0.54
122,182,1475.1,93,2.01,1.95,0.004,0,2.02
122,183,1571.7,43,1.28,8.7,0.003,0,1.38
122,184,2676.2,18,0.2,0.27,0.0,0,0.23
122,185,2945.5,12,0.57,0.34,0.0,0,0.75
122,186,1062.9,523,1.28,11.92,0.012,0,5.28
122,187,2125.1,94,0.31,1.63,0.0,0,0.97
122,188,1662.2,31,0.23,0.88,0.0,0,0.54
122,189,1717.0,11,0.13,0.49,0.002,0,0.51
122,190,1889.5,74,0.51,1.17,0.001,0,0.83
122,191,822.6,722,10.93,38.17,0.015,0,14.73
122,192,1667.8,216,2.43,3.17,0.003,0,2.76
122,193,2117.1,27,0.15,0.25,0.0,0,0.38
122,194,1773.2,150,1.56,3.14,0.0,0,2.18
122,195,1669.9,15,0.21,3.29,0.003,0,0.64
122,196,2372.2,92,0.86,0.41,0.0,0,1.14
122,197,774.3,171,4.79,37.06,0.009,0,4.91
122,198,2327.5,129,1.49,0.59,0.0,0,1.67
122,199,1956.7,29,0.22,0.45,0.001,0,0.55
123,124,1581.5,4,0.11,0.44,0.003,0,0.14
123,125,1715.3,22,0.18,1.37,0.002,0,0.72
123,126,452.8,2,0.07,0.63,0.164,0,0.1
123,127,2359.7,3,0.02,0.04,0.0,0,0.04
123,128,1971.7,0,0.03,0.09,0.001,0,0.03
123,129,944.9,6,0.11,0.54,0.031,0,0.13
123,130,3297.9,0,0.01,0.0,0.0,0,0.01
123,131,2532.2,5,0.06,0.05,0.0,0,0.06
123,132,1181.5,2,0.03,0.16,0.009,0,0.04
123,133,1621.0,1,0.05,0.95,0.003,0,0.1
123,134,1513.9,1,0.0,0.11,0.004,0,0.02
123,135,3333.4,10,0.04,0.04,0.0,0,0.13
123,136,1635.4,4,0.03,0.05,0.003,0,0.06
123,137,1231.8,0,0.02,0.32,0.011,0,0.04
123,138,1023.2,36,0.48,1.75,0.009,0,0.56
123,139,1821.7,1,0.0,0.04,0.001,0,0.01
123,140,510.0,47,0.13,1.46,0.089,0,0.51
123,141,2905.0,2,0.06,0.05,0.0,0,0.14
123,142,1217.4,0,0.01,0.09,0.015,0,0.02
123,143,2353.7,0,0.06,0.05,0.0,0,0.07
123,144,1210.4,4,0.14,0.5,0.011,0,0.18
123,145,1911.9,9,0.11,0.47,0.0,0,0.15
123,146,2497.8,0,0.01,0.01,0.0,0,0.02
123,147,95.0,21,0.39,2.17,0.352,0,1.14
123,148,2058.5,10,0.12,0.11,0.001,0,0.14
123,149,1070.0,6,0.21,0.91,0.006,0,0.22
123,150,440.8,20,0.82,2.9,0.109,0,1.95
123,151,1682.9,4,0.07,0.18,0.001,0,0.11
123,152,2530.3,0,0.01,0.01,0.0,0,0.02
123,153,1086.3,10,0.1,0.8,0.018,0,0.15
123,154,3443.7,4,0.06,0.01,0.0,0,0.12
123,155,975.2,4,0.07,0.25,0.005,0,0.09
123,156,1082.2,42,0.87,4.38,0.016,0,1.25
123,157,2208.5,4,0.04,0.08,0.0,0,0.07
123,158,2344.8,0,0.01,0.02,0.0,0,0.01
123,159,2053.6,3,0.02,0.19,0.0,0,0.08
123,160,496.0,6,0.06,0.57,0.035,0,0.14
123,161,386.1,58,0.5,3.19,0.187,0,0.78
123,162,1176.7,30,0.07,2.05,0.011,0,0.37
123,163,2168.8,0,0.01,0.02,0.001,0,0.02
123,164,819.5,40,0.12,2.92,0.063,0,0.57
123,165,1960.5,10,0.18,0.11,0.001,0,0.28
123,166,2246.5,7,0.11,0.21,0.0,0,0.15
123,167,2503.3,38,0.36,0.29,0.0,0,0.94
123,168,425.2,53,0.23,1.3,0.163,0,0.63
123,169,2067.1,2,0.01,0.07,0.001,0,0.02
123,170,1161.1,5,0.07,0.27,0.011,0,0.14
123,171,1044.9,2,0.04,0.19,0.024,0,0.11
123,172,2227.6,1,0.0,0.1,0.0,0,0.02
123,173,2343.0,0,0.01,0.05,0.0,0,0.03
123,174,801.1,7,0.09,1.4,0.066,0,0.11
123,175,1344.9,14,0.09,0.6,0.001,0,0.16
123,176,1713.4,1,0.02,0.27,0.002,0,0.06
123,177,2313.3,20,0.14,0.19,0.0,0,0.32
123,178,1741.1,3,0.05,0.1,0.002,0,0.06
123,179,1707.2,264,0.79,3.19,0.001,0,4.55
123,180,777.4,78,0.67,4.05,0.041,0,0.82
123,181,1107.4,1,0.03,0.16,0.013,0,0.09
123,182,2211.8,0,0.01,0.02,0.0,0,0.01
123,183,2320.6,4,0.01,0.1,0.0,0,0.08
123,184,1927.2,4,0.01,0.09,0.001,0,0.06
123,185,2194.3,19,0.16,0.13,0.0,0,0.21
123,186,1486.0,13,0.05,0.55,0.002,0,0.22
123,187,2869.8,0,0.0,0.02,0.0,0,0.01
123,188,1620.1,2,0.01,0.06,0.002,0,0.03
123,189,2418.0,0,0.0,0.01,0.0,0,0.0
123,190,1219.7,13,0.06,0.27,0.012,0,0.22
123,191,1354.4,22,0.16,0.89,0.003,0,0.34
123,192,1849.0,0,0.03,0.14,0.001,0,0.06
123,193,1611.5,2,0.01,0.07,0.001,0,0.04
123,194,1220.6,6,0.06,0.86,0.008,0,0.08
123,195,1770.4,13,0.09,0.15,0.0,0,0.28
123,196,2301.6,1,0.01,0.03,0.0,0,0.02
123,197,524.4,27,0.07,2.83,0.061,0,0.35
123,198,3030.0,1,0.03,0.01,0.0,0,0.04
123,199,1615.3,1,0.03,0.09,0.003,0,0.03
124,125,1965.2,384,2.31,6.71,0.001,0,3.93
124,126,2006.9,4,0.09,0.32,0.001,0,0.24
124,127,3830.7,3,0.02,0.01,0.0,0,0.14
124,128,3252.1,12,0.14,0.09,0.0,0,0.27
124,129,639.3,60,0.52,7.12,0.033,0,2.14
124,130,2166.8,2,0.01,0.07,0.0,0,0.07
124,131,3964.1,23,0.24,0.01,0.0,0,0.38
124,132,2115.6,15,0.07,0.19,0.001,0,0.23
124,133,1515.0,82,0.29,3.29,0.004,0,0.86
124,134,875.9,28,0.15,3.25,0.022,0,0.59
124,135,4632.0,19,0.2,0.02,0.0,0,0.35
124,136,3089.2,4,0.12,0.04,0.0,0,0.12
124,137,1045.6,42,0.68,3.04,0.019,0,0.87
124,138,675.9,87,4.77,19.75,0.053,0,5.92
124,139,1434.2,15,0.25,0.73,0.002,0,0.32
124,140,1143.3,42,0.48,4.75,0.012,0,0.81
124,141,1697.7,353,2.69,6.75,0.0,0,3.98
124,142,2429.0,1,0.08,0.06,0.0,0,0.13
124,143,821.0,72,0.73,9.21,0.05,0,2.38
124,144,2507.0,7,0.09,0.22,0.0,0,0.33
124,145,1353.0,74,0.64,6.61,0.003,0,1.82
124,146,1106.6,9,0.16,1.15,0.016,0,0.33
124,147,1547.1,7,0.04,0.54,0.001,0,0.14
124,148,1209.5,94,2.77,6.43,0.009,0,3.72
124,149,2296.9,4,0.02,0.46,0.0,0,0.21
124,150,1173.0,39,1.93,5.91,0.013,0,2.87
124,151,1387.2,32,0.49,4.37,0.004,0,0.85
124,152,3921.7,6,0.05,0.01,0.0,0,0.14
124,153,592.9,245,1.55,11.58,0.098,0,2.89
124,154,4925.1,8,0.12,0.0,0.0,0,0.21
124,155,2452.3,8,0.09,0.17,0.0,0,0.2
124,156,2561.2,48,0.4,2.65,0.0,0,0.62
124,157,1511.0,52,0.73,4.77,0.004,0,1.42
124,158,3765.7,4,0.03,0.01,0.0,0,0.07
124,159,3634.7,38,0.13,0.06,0.0,0,0.61
124,160,2070.0,6,0.23,0.28,0.001,0,0.57
124,161,1875.5,71,0.44,1.77,0.001,0,1.1
124,162,1468.2,174,2.15,6.57,0.005,0,3.7
124,163,3446.1,3,0.07,0.02,0.0,0,0.12
124,164,974.7,125,0.42,17.51,0.012,0,1.48
124,165,3541.7,8,0.18,0.05,0.0,0,0.31
124,166,3781.3,26,0.38,0.05,0.0,0,0.45
124,167,3408.8,14,0.24,0.34,0.0,0,1.11
124,168,1328.6,68,1.64,2.83,0.009,0,2.0
124,169,532.2,45,0.53,5.38,0.131,0,2.09
124,170,2703.0,3,0.03,0.08,0.0,0,0.04
124,171,1927.0,19,0.17,0.34,0.001,0,0.26
124,172,699.0,186,1.73,7.0,0.064,0,2.17
124,173,2430.1,23,0.21,0.44,0.0,0,0.26
124,174,1680.7,25,0.26,1.36,0.001,0,0.34
124,175,1209.1,90,0.99,5.86,0.012,0,2.42
124,176,154.6,1768,16.33,26.68,0.386,2,23.76
124,177,1469.5,65,1.07,7.19,0.005,0,2.12
124,178,3248.9,3,0.07,0.05,0.0,0,0.07
124,179,3233.2,238,2.12,0.56,0.0,0,3.31
124,180,2270.8,34,0.06,0.79,0.0,0,0.35
124,181,1996.2,16,0.33,0.2,0.001,0,0.33
124,182,3375.6,2,0.03,0.01,0.0,0,0.07
124,183,3555.7,26,0.08,0.09,0.0,0,0.27
124,184,1230.0,53,0.19,1.77,0.007,0,1.45
124,185,1557.2,29,0.89,3.46,0.002,0,0.99
124,186,2197.5,28,0.2,0.67,0.0,0,0.34
124,187,4214.4,10,0.08,0.01,0.0,0,0.18
124,188,1456.9,52,0.13,0.76,0.005,0,0.57
124,189,3887.0,1,0.0,0.0,0.0,0,0.02
124,190,451.4,103,1.97,7.91,0.186,0,2.49
124,191,2286.1,10,0.35,1.02,0.0,0,0.58
124,192,1967.7,4,0.04,1.6,0.001,0,0.26
124,193,318.6,46,1.42,4.04,0.26,0,1.75
124,194,2129.3,7,0.34,0.62,0.001,0,0.37
124,195,3270.2,7,0.06,0.09,0.0,0,0.12
124,196,1701.4,6,0.05,0.62,0.003,0,0.07
124,197,1415.8,100,0.52,3.01,0.002,0,1.12
124,198,4492.7,10,0.09,0.01,0.0,0,0.12
124,199,2750.3,8,0.06,0.03,0.0,0,0.12
125,126,1724.3,51,0.39,3.11,0.001,0,0.62
125,127,3745.2,12,0.09,0.05,0.0,0,0.33
125,128,3587.3,9,0.3,0.18,0.0,0,0.42
125,129,1747.4,81,1.09,2.89,0.002,0,2.47
125,130,2227.3,11,0.26,0.33,0.0,0,0.43
125,131,3963.2,24,1.32,0.07,0.0,0,2.12
125,132,824.0,110,0.62,8.8,0.015,0,1.53
125,133,3025.4,54,1.43,0.82,0.0,0,3.79
125,134,2584.6,52,0.61,0.66,0.0,0,0.81
125,135,3007.0,847,4.38,2.31,0.0,0,8.55
125,136,2008.7,113,0.68,2.22,0.001,0,1.57
125,137,2497.2,139,2.22,0.82,0.0,0,2.26
125,138,2006.4,114,0.47,8.76,0.0,0,2.3
125,139,731.5,72,0.42,14.17,0.051,0,1.88
125,140,1866.1,526,7.13,3.89,0.001,0,8.11
125,141,2040.6,563,0.61,13.56,0.0,0,5.8
125,142,2911.3,42,0.3,0.12,0.0,0,0.7
125,143,2234.2,72,0.97,2.03,0.0,0,1.23
125,144,1393.6,279,2.96,13.47,0.005,0,3.09
125,145,912.0,523,9.45,79.86,0.009,0,12.98
125,146,2053.3,25,0.33,1.1,0.001,0,0.63
125,147,1620.9,32,0.78,3.45,0.002,0,1.12
125,148,1236.0,613,1.45,32.71,0.007,0,13.89
125,149,2768.6,28,0.89,0.98,0.0,0,1.22
125,150,1788.6,476,1.5,6.39,0.001,0,6.62
125,151,670.8,934,3.05,49.49,0.085,2,16.32
125,152,4012.3,47,0.64,0.03,0.0,0,1.2
125,153,1482.4,283,4.51,12.17,0.003,0,4.89
125,154,3592.9,61,0.38,0.21,0.0,0,2.11
125,155,2538.9,45,0.66,0.63,0.0,0,0.71
125,156,1751.7,2256,3.78,35.88,0.001,0,31.31
125,157,1106.9,171,2.74,26.55,0.009,0,9.4
125,158,2449.9,18,0.11,0.74,0.0,0,0.41
125,159,3037.4,166,0.77,0.96,0.0,0,2.58
125,160,1993.7,43,0.74,1.14,0.0,0,0.97
125,161,2061.2,212,3.38,5.8,0.001,0,3.71
125,162,2689.2,240,2.16,3.0,0.0,0,4.73
125,163,3773.5,16,0.09,0.06,0.0,0,0.18
125,164,1238.9,1197,3.9,52.06,0.007,0,14.54
125,165,2956.2,194,0.51,0.85,0.0,0,2.29
125,166,3498.5,55,1.48,0.47,0.0,0,3.61
125,167,1553.8,136,1.24,61.27,0.002,0,8.02
125,168,1966.5,50,0.9,2.74,0.001,0,2.16
125,169,2078.5,46,0.39,2.55,0.0,0,2.04
125,170,2570.1,39,0.39,0.53,0.0,0,1.23
125,171,2740.9,102,1.35,0.25,0.0,0,1.59
125,172,2591.0,262,2.35,0.97,0.0,0,2.75
125,173,628.4,1469,7.22,60.64,0.017,1,20.53
125,174,2471.1,295,3.6,1.61,0.0,0,4.62
125,175,756.6,2048,15.7,80.8,0.057,1,21.91
125,176,1970.9,90,0.71,3.34,0.0,0,1.36
125,177,1299.9,581,1.23,41.35,0.008,0,7.71
125,178,3128.9,12,0.09,0.29,0.0,0,0.75
125,179,2307.1,869,6.33,12.06,0.0,0,19.44
125,180,2360.5,209,1.72,2.61,0.0,0,3.6
125,181,2808.4,5,0.11,0.28,0.0,0,0.47
125,182,1754.9,26,0.12,1.95,0.001,0,0.79
125,183,1986.3,495,2.28,5.62,0.001,0,5.46
125,184,3038.3,57,0.94,0.49,0.0,0,0.98
125,185,3371.5,26,0.78,0.68,0.0,0,0.79
125,186,553.5,215,12.75,116.27,0.082,5,13.73
125,187,2697.1,30,0.77,1.2,0.0,0,0.91
125,188,554.0,707,1.47,25.06,0.097,1,9.22
125,189,2655.7,13,0.1,0.11,0.0,0,0.25
125,190,2005.7,110,0.61,1.29,0.001,0,1.4
125,191,834.2,484,6.91,71.42,0.044,0,39.02
125,192,171.9,8301,12.85,165.03,0.291,9,110.77
125,193,1705.1,124,1.1,2.0,0.001,0,1.49
125,194,2929.1,59,0.3,0.88,0.0,0,1.71
125,195,3170.5,38,0.66,0.38,0.0,0,0.82
125,196,1040.3,243,2.03,3.93,0.016,0,3.36
125,197,1205.1,756,4.25,14.55,0.007,0,8.29
125,198,3160.5,116,1.47,0.37,0.0,0,2.25
125,199,3308.9,32,0.33,0.18,0.0,0,0.42
126,127,2095.6,0,0.02,0.09,0.0,0,0.04
126,128,1863.2,2,0.11,0.23,0.002,0,0.11
126,129,1379.3,11,0.1,0.21,0.008,0,0.12
126,130,3563.4,0,0.0,0.0,0.0,0,0.01
126,131,2293.6,1,0.03,0.07,0.0,0,0.06
126,132,1016.6,1,0.03,0.3,0.023,0,0.04
126,133,2010.7,22,0.07,0.35,0.001,0,0.22
126,134,1960.8,1,0.04,0.05,0.001,0,0.04
126,135,2907.2,11,0.04,0.12,0.0,0,0.13
126,136,1191.1,21,0.06,0.38,0.007,0,0.23
126,137,1666.2,4,0.03,0.24,0.003,0,0.07
126,138,1474.7,15,0.11,0.56,0.003,0,0.22
126,139,2004.8,1,0.02,0.04,0.001,0,0.05
126,140,962.4,7,0.2,0.83,0.007,0,0.36
126,141,3203.3,5,0.04,0.05,0.0,0,0.21
126,142,1239.9,0,0.02,0.14,0.008,0,0.02
126,143,2751.3,5,0.05,0.05,0.0,0,0.06
126,144,847.4,8,0.1,1.86,0.047,0,0.4
126,145,2126.1,13,0.27,0.25,0.0,0,0.29
126,146,2855.0,0,0.01,0.01,0.0,0,0.01
126,147,463.0,11,0.15,0.93,0.187,0,0.16
126,148,2323.7,4,0.06,0.09,0.0,0,0.13
126,149,1112.3,20,0.1,1.61,0.011,0,0.3
126,150,893.1,24,0.3,1.09,0.024,0,0.33
126,151,1863.4,3,0.02,0.21,0.001,0,0.12
126,152,2320.5,2,0.02,0.06,0.0,0,0.03
126,153,1473.2,15,0.06,0.57,0.002,0,0.22
126,154,2991.1,4,0.02,0.03,0.0,0,0.04
126,155,814.9,7,0.18,0.67,0.025,0,0.24
126,156,640.3,230,2.35,18.52,0.008,0,2.67
126,157,2424.7,2,0.07,0.08,0.0,0,0.13
126,158,1901.3,1,0.02,0.03,0.001,0,0.03
126,159,1650.3,28,0.07,0.69,0.002,0,0.39
126,160,279.9,21,0.36,1.8,0.221,0,0.51
126,161,467.5,127,1.64,8.04,0.156,0,1.89
126,162,1550.4,28,0.3,0.94,0.005,0,0.43
126,163,2049.4,8,0.06,0.04,0.001,0,0.08
126,164,1146.8,49,0.19,2.03,0.012,0,0.72
126,165,1557.0,13,0.22,0.81,0.002,0,0.33
126,166,1923.8,15,0.19,0.37,0.001,0,0.41
126,167,2208.0,54,0.3,0.65,0.0,0,2.06
126,168,857.9,4,0.12,1.63,0.023,0,0.14
126,169,2470.7,3,0.03,0.03,0.0,0,0.05
126,170,879.1,3,0.05,0.7,0.043,0,0.12
126,171,1272.9,1,0.08,0.33,0.008,0,0.08
126,172,2668.6,1,0.04,0.05,0.0,0,0.04
126,173,2328.9,6,0.01,0.09,0.0,0,0.06
126,174,1096.8,25,0.05,0.82,0.008,0,0.27
126,175,1552.1,14,0.07,1.36,0.003,0,0.16
126,176,2131.0,1,0.07,0.14,0.001,0,0.09
126,177,2555.6,11,0.08,0.22,0.0,0,0.14
126,178,1465.8,5,0.05,0.36,0.004,0,0.06
126,179,1254.7,214,1.44,6.48,0.001,0,3.62
126,180,643.3,17,0.36,4.53,0.08,0,0.66
126,181,1318.5,1,0.06,0.28,0.008,0,0.06
126,182,1842.1,3,0.02,0.1,0.002,0,0.05
126,183,1924.9,14,0.09,0.26,0.001,0,0.16
126,184,2363.0,5,0.05,0.05,0.0,0,0.1
126,185,2616.3,12,0.15,0.07,0.0,0,0.17
126,186,1360.2,5,0.02,0.79,0.008,0,0.22
126,187,2437.6,6,0.07,0.04,0.0,0,0.09
126,188,1775.0,3,0.03,0.06,0.002,0,0.04
126,189,1967.2,0,0.0,0.02,0.001,0,0.01
126,190,1666.0,2,0.04,0.26,0.002,0,0.04
126,191,1154.4,5,0.1,2.51,0.01,0,0.24
126,192,1881.1,1,0.06,0.27,0.001,0,0.1
126,193,2002.3,1,0.04,0.05,0.001,0,0.04
126,194,1400.2,14,0.16,0.53,0.003,0,0.25
126,195,1502.3,1,0.14,0.47,0.005,0,0.15
126,196,2485.4,1,0.01,0.02,0.0,0,0.02
126,197,721.6,11,0.29,1.6,0.051,0,0.43
126,198,2578.8,1,0.0,0.07,0.0,0,0.03
126,199,1624.8,2,0.02,0.08,0.002,0,0.06
127,128,829.2,81,0.43,2.34,0.038,0,0.99
127,129,3210.7,2,0.05,0.01,0.0,0,0.11
127,130,5646.6,0,0.0,0.0,0.0,0,0.0
127,131,240.9,300,2.81,7.95,0.329,0,4.01
127,132,2937.1,0,0.02,0.01,0.0,0,0.02
127,133,2972.5,15,0.13,0.05,0.0,0,0.16
127,134,3362.3,1,0.02,0.01,0.0,0,0.04
127,135,3232.6,34,0.27,0.06,0.0,0,0.37
127,136,2055.0,0,0.03,0.12,0.001,0,0.03
127,137,3018.1,1,0.01,0.02,0.0,0,0.03
127,138,3166.1,11,0.15,0.11,0.0,0,0.15
127,139,4100.1,1,0.0,0.0,0.0,0,0.02
127,140,2695.6,6,0.04,0.04,0.0,0,0.07
127,141,5263.9,5,0.03,0.0,0.0,0,0.1
127,142,1476.6,4,0.04,0.15,0.004,0,0.07
127,143,4646.2,2,0.01,0.0,0.0,0,0.04
127,144,2438.2,1,0.01,0.09,0.0,0,0.06
127,145,4220.6,4,0.02,0.01,0.0,0,0.04
127,146,4841.4,1,0.01,0.0,0.0,0,0.02
127,147,2433.3,1,0.02,0.03,0.0,0,0.04
127,148,4404.0,2,0.02,0.0,0.0,0,0.08
127,149,1577.1,6,0.05,1.03,0.002,0,0.26
127,150,2682.7,9,0.02,0.1,0.0,0,0.11
127,151,3958.8,2,0.05,0.0,0.0,0,0.07
127,152,376.8,68,0.5,3.99,0.129,0,0.87
127,153,3426.6,3,0.07,0.02,0.0,0,0.11
127,154,2640.9,2,0.03,0.08,0.0,0,0.1
127,155,1394.3,1,0.02,0.68,0.006,0,0.03
127,156,2028.2,34,0.46,1.72,0.0,0,0.84
127,157,4519.5,2,0.02,0.0,0.0,0,0.05
127,158,2325.8,1,0.01,0.04,0.0,0,0.02
127,159,1011.9,78,0.23,4.74,0.006,0,0.91
127,160,1887.4,1,0.01,0.09,0.0,0,0.05
127,161,1994.2,18,0.17,0.39,0.001,0,0.29
127,162,2624.2,8,0.06,0.25,0.0,0,0.12
127,163,761.8,3,0.04,1.35,0.058,0,0.27
127,164,3177.8,4,0.2,0.08,0.0,0,0.36
127,165,1031.1,30,0.17,2.41,0.027,0,0.53
127,166,386.9,426,3.47,14.69,0.144,0,5.29
127,167,3555.6,14,0.16,0.08,0.0,0,0.39
127,168,2505.5,9,0.04,0.09,0.0,0,0.1
127,169,4354.7,0,0.01,0.0,0.0,0,0.04
127,170,1218.8,17,0.14,0.83,0.011,0,0.2
127,171,2042.2,2,0.03,0.1,0.001,0,0.03
127,172,4358.7,2,0.01,0.0,0.0,0,0.07
127,173,4293.3,0,0.02,0.0,0.0,0,0.04
127,174,2205.6,29,0.3,0.14,0.0,0,0.36
127,175,3645.6,4,0.05,0.02,0.0,0,0.06
127,176,3979.7,0,0.01,0.0,0.0,0,0.02
127,177,4645.5,9,0.03,0.01,0.0,0,0.23
127,178,629.8,20,0.19,3.36,0.016,0,0.37
127,179,1743.2,33,2.2,6.46,0.001,0,2.32
127,180,1588.5,13,0.18,1.06,0.0,0,0.27
127,181,1996.9,8,0.08,0.07,0.001,0,0.09
127,182,2956.7,3,0.04,0.01,0.0,0,0.04
127,183,2849.3,5,0.02,0.04,0.0,0,0.1
127,184,3555.4,0,0.01,0.01,0.0,0,0.03
127,185,3631.0,9,0.12,0.01,0.0,0,0.29
127,186,3269.7,2,0.04,0.02,0.0,0,0.11
127,187,2822.5,5,0.08,0.05,0.0,0,0.09
127,188,3868.0,0,0.01,0.0,0.0,0,0.02
127,189,2157.6,0,0.01,0.04,0.0,0,0.01
127,190,3395.4,1,0.03,0.01,0.0,0,0.04
127,191,2993.2,19,0.11,0.1,0.0,0,0.21
127,192,3913.2,1,0.05,0.01,0.0,0,0.07
127,193,3933.6,0,0.01,0.0,0.0,0,0.01
127,194,1907.2,41,0.24,0.36,0.001,0,0.48
127,195,594.4,22,2.02,6.34,0.079,0,2.05
127,196,4579.9,0,0.0,0.0,0.0,0,0.01
127,197,2804.1,6,0.04,0.08,0.0,0,0.08
127,198,2475.4,2,0.07,0.07,0.0,0,0.09
127,199,1333.8,9,0.06,0.17,0.002,0,0.1
128,129,2675.3,6,0.07,0.1,0.0,0,0.1
128,130,5236.6,0,0.0,0.0,0.0,0,0.02
128,131,825.1,11,0.96,4.22,0.03,0,1.06
128,132,2849.3,2,0.02,0.03,0.0,0,0.05
128,133,2205.7,16,0.1,0.35,0.0,0,0.25
128,134,2665.9,8,0.12,0.09,0.0,0,0.15
128,135,3776.0,16,0.49,0.03,0.0,0,0.64
128,136,2299.0,7,0.07,0.1,0.0,0,0.08
128,137,2334.1,4,0.07,0.14,0.0,0,0.11
128,138,2576.2,38,0.2,0.33,0.0,0,0.85
128,139,3792.5,0,0.02,0.0,0.0,0,0.05
128,140,2174.3,15,0.23,0.41,0.0,0,0.46
128,141,4815.9,13,0.12,0.0,0.0,0,0.23
128,142,824.7,19,0.14,0.83,0.02,0,0.24
128,143,4072.3,5,0.07,0.01,0.0,0,0.08
128,144,2470.7,3,0.12,0.27,0.0,0,0.14
128,145,3882.7,5,0.21,0.02,0.0,0,0.28
128,146,4323.3,2,0.0,0.0,0.0,0,0.03
128,147,2061.3,5,0.08,0.07,0.0,0,0.09
128,148,4011.2,10,0.08,0.01,0.0,0,0.11
128,149,964.0,128,1.37,5.2,0.008,0,1.72
128,150,2186.2,5,0.15,0.31,0.0,0,0.22
128,151,3653.0,7,0.03,0.02,0.0,0,0.13
128,152,718.5,9,0.28,2.99,0.065,0,0.49
128,153,2941.7,20,0.2,0.12,0.0,0,0.24
128,154,3327.7,3,0.1,0.04,0.0,0,0.22
128,155,1048.5,3,0.16,0.99,0.012,0,0.35
128,156,2060.6,241,2.06,2.54,0.001,0,2.5
128,157,4178.2,4,0.01,0.01,0.0,0,0.05
128,158,2767.7,3,0.03,0.04,0.0,0,0.05
128,159,1544.0,44,0.33,3.81,0.003,0,0.58
128,160,1595.7,3,0.03,0.25,0.002,0,0.11
128,161,1586.1,12,0.09,3.04,0.002,0,0.59
128,162,1910.3,27,0.67,1.53,0.001,0,0.67
128,163,199.0,49,1.4,6.34,0.203,0,3.08
128,164,2768.0,28,0.4,0.21,0.0,0,0.57
128,165,1514.1,14,0.09,1.74,0.003,0,0.81
128,166,1083.7,75,1.18,4.79,0.024,0,1.74
128,167,3768.2,22,0.83,0.14,0.0,0,0.95
128,168,1983.3,20,0.15,0.17,0.001,0,0.3
128,169,3784.3,6,0.05,0.0,0.0,0,0.07
128,170,1082.5,13,0.14,1.72,0.009,0,0.2
128,171,1349.1,15,0.14,0.71,0.006,0,0.2
128,172,3702.8,10,0.11,0.02,0.0,0,0.13
128,173,4189.7,12,0.12,0.01,0.0,0,0.21
128,174,1572.2,7,0.26,1.22,0.001,0,0.32
128,175,3316.5,25,0.07,0.06,0.0,0,0.37
128,176,3406.1,2,0.04,0.03,0.0,0,0.06
128,177,4274.7,17,0.06,0.02,0.0,0,0.27
128,178,774.5,49,0.52,3.06,0.017,0,0.53
128,179,2053.0,129,0.93,4.28,0.001,0,4.01
128,180,1231.2,9,0.1,3.63,0.01,0,0.39
128,181,1289.5,13,0.14,0.4,0.007,0,0.31
128,182,3224.1,5,0.05,0.01,0.0,0,0.06
128,183,3176.2,28,0.1,0.1,0.0,0,0.42
128,184,2801.2,12,0.14,0.08,0.0,0,0.21
128,185,2843.9,7,0.09,0.13,0.0,0,0.18
128,186,3197.2,11,0.65,0.05,0.0,0,0.69
128,187,3323.1,14,0.07,0.02,0.0,0,0.2
128,188,3584.3,1,0.01,0.0,0.0,0,0.03
128,189,2654.2,1,0.03,0.03,0.0,0,0.04
128,190,2802.2,7,0.09,0.08,0.0,0,0.14
128,191,2954.2,8,0.21,0.16,0.0,0,0.22
128,192,3742.6,3,0.07,0.02,0.0,0,0.09
128,193,3407.8,4,0.01,0.01,0.0,0,0.05
128,194,1175.2,72,0.45,4.41,0.002,0,0.84
128,195,736.4,138,1.75,5.61,0.028,0,3.14
128,196,4273.1,1,0.02,0.0,0.0,0,0.03
128,197,2481.5,47,0.19,0.26,0.0,0,0.49
128,198,3089.7,14,0.22,0.05,0.0,0,0.24
128,199,546.2,63,0.5,3.14,0.068,0,0.7
129,130,2601.9,0,0.01,0.01,0.0,0,0.01
129,131,3354.2,6,0.04,0.01,0.0,0,0.12
129,132,1657.4,12,0.19,0.21,0.002,0,0.24
129,133,1310.0,22,0.5,1.7,0.007,0,0.74
129,134,843.4,26,0.07,1.11,0.032,0,0.43
129,135,4112.5,10,0.05,0.03,0.0,0,0.15
129,136,2501.4,3,0.03,0.02,0.0,0,0.1
129,137,770.8,13,0.14,1.61,0.053,0,0.33
129,138,260.7,332,3.3,16.08,0.05,0,4.41
129,139,1449.3,1,0.06,0.27,0.001,0,0.06
129,140,515.1,16,0.29,5.62,0.049,0,0.41
129,141,2158.4,8,0.18,0.86,0.001,0,0.27
129,142,1851.7,0,0.01,0.04,0.0,0,0.02
129,143,1437.9,8,0.26,0.86,0.001,0,0.53
129,144,1958.0,25,0.16,0.31,0.0,0,0.34
129,145,1447.9,48,0.41,1.56,0.002,0,0.59
129,146,1649.0,3,0.02,0.07,0.001,0,0.04
129,147,916.6,9,0.05,0.73,0.032,0,0.11
129,148,1448.5,5,0.17,1.26,0.007,0,0.24
129,149,1711.6,8,0.17,0.64,0.001,0,0.2
129,150,535.5,24,0.23,8.23,0.122,0,1.47
129,151,1347.6,17,0.35,1.05,0.01,0,0.61
129,152,3322.0,1,0.05,0.01,0.0,0,0.05
129,153,332.3,24,0.57,10.19,0.165,0,1.48
129,154,4335.8,6,0.02,0.0,0.0,0,0.07
129,155,1823.3,8,0.11,0.11,0.002,0,0.19
129,156,1960.0,36,0.38,2.17,0.0,0,0.42
129,157,1696.4,34,0.33,0.94,0.002,0,0.68
129,158,3194.7,0,0.0,0.01,0.0,0,0.01
129,159,2996.6,2,0.08,0.05,0.0,0,0.08
129,160,1430.9,2,0.06,0.18,0.001,0,0.1
129,161,1239.0,33,0.1,3.62,0.005,0,0.47
129,162,1075.1,100,0.54,4.56,0.013,0,1.06
129,163,2872.6,3,0.04,0.02,0.0,0,0.04
129,164,526.4,104,0.51,10.92,0.065,0,4.51
129,165,2903.7,9,0.08,0.07,0.0,0,0.11
129,166,3147.5,3,0.07,0.05,0.0,0,0.2
129,167,3016.8,93,0.99,0.28,0.0,0,1.08
129,168,706.3,17,0.31,1.95,0.033,0,0.33
129,169,1146.7,13,0.03,0.99,0.016,0,0.15
129,170,2066.1,9,0.05,0.08,0.0,0,0.11
129,171,1402.6,2,0.02,0.32,0.007,0,0.04
129,172,1290.2,14,0.12,0.81,0.005,0,0.22
129,173,2316.7,10,0.07,0.25,0.0,0,0.12
129,174,1129.5,58,0.5,2.01,0.016,0,0.66
129,175,1047.6,77,1.64,4.36,0.017,0,1.67
129,176,778.4,50,0.11,3.72,0.049,0,0.58
129,177,1728.8,45,0.29,2.09,0.001,0,0.5
129,178,2619.0,5,0.05,0.06,0.0,0,0.08
129,179,2621.4,28,0.31,0.59,0.0,0,1.51
129,180,1638.0,8,0.19,0.91,0.001,0,0.34
129,181,1476.0,10,0.06,0.31,0.002,0,0.12
129,182,2890.4,1,0.0,0.01,0.0,0,0.02
129,183,3048.4,14,0.09,0.04,0.0,0,0.2
129,184,1302.7,3,0.12,0.81,0.004,0,0.24
129,185,1630.9,32,0.21,0.63,0.003,0,0.42
129,186,1821.6,12,0.12,0.58,0.0,0,0.16
129,187,3674.6,2,0.02,0.01,0.0,0,0.03
129,188,1361.2,1,0.02,0.48,0.004,0,0.09
129,189,3299.0,0,0.0,0.0,0.0,0,0.02
129,190,317.2,79,2.44,5.39,0.201,0,2.8
129,191,1840.6,10,0.31,0.78,0.002,0,0.43
129,192,1805.9,11,0.23,0.49,0.001,0,0.24
129,193,733.0,35,0.18,0.78,0.036,0,0.39
129,194,1613.8,15,0.16,0.73,0.001,0,0.16
129,195,2641.9,12,0.11,0.1,0.0,0,0.13
129,196,1852.7,2,0.04,0.12,0.001,0,0.07
129,197,866.3,34,0.35,3.62,0.025,0,0.44
129,198,3909.6,1,0.01,0.01,0.0,0,0.03
129,199,2201.7,1,0.0,0.03,0.001,0,0.02
130,131,5828.1,0,0.0,0.0,0.0,0,0.01
130,132,2979.1,0,0.0,0.0,0.0,0,0.01
130,133,3675.4,3,0.02,0.01,0.0,0,0.04
130,134,3026.8,0,0.0,0.01,0.0,0,0.0
130,135,5151.2,4,0.02,0.0,0.0,0,0.06
130,136,4202.1,0,0.0,0.0,0.0,0,0.01
130,137,3209.2,1,0.0,0.0,0.0,0,0.02
130,138,2771.6,4,0.04,0.04,0.0,0,0.08
130,139,1609.3,1,0.01,0.11,0.004,0,0.02
130,140,3072.8,2,0.02,0.02,0.0,0,0.03
130,141,473.9,56,1.38,7.92,0.141,0,1.88
130,142,4425.8,0,0.0,0.0,0.0,0,0.0
130,143,1537.0,2,0.15,0.22,0.004,0,0.17
130,144,3559.1,2,0.01,0.01,0.0,0,0.05
130,145,1456.3,10,0.09,0.59,0.004,0,0.17
130,146,1115.8,0,0.04,0.13,0.011,0,0.04
130,147,3218.5,0,0.0,0.0,0.0,0,0.0
130,148,1242.6,13,0.17,0.48,0.006,0,0.19
130,149,4279.7,0,0.0,0.0,0.0,0,0.01
130,150,3052.8,1,0.03,0.01,0.0,0,0.03
130,151,1742.2,6,0.1,0.16,0.002,0,0.1
130,152,5827.9,0,0.0,0.0,0.0,0,0.01
130,153,2304.3,3,0.01,0.06,0.0,0,0.05
130,154,5811.5,1,0.01,0.0,0.0,0,0.02
130,155,4273.1,1,0.01,0.0,0.0,0,0.02
130,156,3845.9,8,0.12,0.02,0.0,0,0.13
130,157,1170.5,9,0.1,0.47,0.008,0,0.13
130,158,4677.2,0,0.0,0.0,0.0,0,0.0
130,159,5134.1,2,0.03,0.0,0.0,0,0.05
130,160,3759.2,0,0.01,0.0,0.0,0,0.01
130,161,3678.4,2,0.03,0.01,0.0,0,0.03
130,162,3617.7,3,0.02,0.02,0.0,0,0.04
130,163,5435.6,0,0.01,0.0,0.0,0,0.01
130,164,2480.1,8,0.1,0.09,0.0,0,0.16
130,165,5045.1,0,0.0,0.0,0.0,0,0.01
130,166,5486.0,0,0.02,0.0,0.0,0,0.05
130,167,3615.0,7,0.08,0.03,0.0,0,0.14
130,168,3259.9,1,0.0,0.01,0.0,0,0.02
130,169,1720.7,2,0.03,0.09,0.001,0,0.04
130,170,4429.7,0,0.01,0.0,0.0,0,0.01
130,171,4004.4,0,0.01,0.0,0.0,0,0.01
130,172,2196.4,1,0.01,0.03,0.0,0,0.02
130,173,2086.4,2,0.02,0.14,0.0,0,0.12
130,174,3729.2,1,0.0,0.0,0.0,0,0.02
130,175,2017.0,1,0.08,0.17,0.001,0,0.09
130,176,2026.5,1,0.02,0.15,0.001,0,0.03
130,177,1013.2,72,0.71,1.64,0.01,0,1.23
130,178,5019.3,0,0.01,0.0,0.0,0,0.02
130,179,4475.6,21,0.13,0.01,0.0,0,0.25
130,180,4075.2,1,0.02,0.0,0.0,0,0.04
130,181,4077.9,0,0.01,0.0,0.0,0,0.01
130,182,3953.6,0,0.0,0.0,0.0,0,0.01
130,183,4190.6,2,0.01,0.0,0.0,0,0.02
130,184,3293.4,0,0.01,0.01,0.0,0,0.01
130,185,3575.7,0,0.01,0.01,0.0,0,0.02
130,186,2775.0,4,0.03,0.03,0.0,0,0.04
130,187,4894.1,0,0.01,0.0,0.0,0,0.03
130,188,1857.1,0,0.01,0.08,0.0,0,0.01
130,189,4881.9,0,0.0,0.0,0.0,0,0.0
130,190,2582.0,0,0.01,0.01,0.0,0,0.01
130,191,3040.2,4,0.07,0.04,0.0,0,0.1
130,192,2073.6,0,0.04,0.05,0.0,0,0.04
130,193,1908.5,0,0.0,0.04,0.0,0,0.01
130,194,4215.6,1,0.0,0.0,0.0,0,0.02
130,195,5052.6,0,0.01,0.0,0.0,0,0.02
130,196,1188.8,2,0.06,0.13,0.011,0,0.06
130,197,2845.1,2,0.05,0.03,0.0,0,0.05
130,198,5383.1,1,0.01,0.0,0.0,0,0.02
130,199,4793.6,0,0.0,0.0,0.0,0,0.01
131,132,3160.3,12,0.11,0.02,0.0,0,0.13
131,133,3023.0,5,0.1,0.11,0.0,0,0.21
131,134,3450.8,1,0.02,0.01,0.0,0,0.05
131,135,3449.2,8,0.1,0.1,0.0,0,0.43
131,136,2295.7,3,0.01,0.13,0.0,0,0.06
131,137,3110.7,7,0.09,0.05,0.0,0,0.1
131,138,3293.4,3,0.05,0.06,0.0,0,0.08
131,139,4297.4,2,0.03,0.0,0.0,0,0.04
131,140,2839.9,4,0.05,0.13,0.0,0,0.27
131,141,5436.2,8,0.04,0.0,0.0,0,0.18
131,142,1565.8,4,0.09,0.15,0.004,0,0.15
131,143,4783.4,4,0.22,0.0,0.0,0,0.28
131,144,2670.2,11,0.1,0.13,0.0,0,0.12
131,145,4412.9,4,0.16,0.01,0.0,0,0.17
131,146,4995.3,2,0.01,0.0,0.0,0,0.04
131,147,2609.8,3,0.03,0.03,0.0,0,0.05
131,148,4586.3,7,0.05,0.0,0.0,0,0.11
131,149,1680.9,64,0.67,0.99,0.001,0,0.69
131,150,2833.3,7,0.05,0.09,0.0,0,0.14
131,151,4155.9,4,0.07,0.0,0.0,0,0.1
131,152,173.8,152,1.72,7.31,0.392,0,6.89
131,153,3584.4,14,0.17,0.03,0.0,0,0.18
131,154,2823.7,3,0.15,0.12,0.0,0,0.18
131,155,1558.2,14,0.07,0.63,0.004,0,0.24
131,156,2258.1,107,0.65,1.66,0.0,0,1.1
131,157,4712.0,13,0.05,0.0,0.0,0,0.2
131,158,2559.2,1,0.01,0.06,0.0,0,0.04
131,159,1246.6,56,0.21,2.21,0.004,0,0.85
131,160,2072.7,3,0.05,0.17,0.0,0,0.08
131,161,2158.1,29,0.17,0.73,0.0,0,0.48
131,162,2702.1,4,0.12,0.42,0.0,0,0.25
131,163,703.9,40,0.39,2.33,0.046,0,0.65
131,164,3351.7,13,0.18,0.08,0.0,0,0.37
131,165,1269.4,82,1.01,3.18,0.005,0,1.24
131,166,616.4,130,1.42,25.71,0.071,0,5.15
131,167,3796.5,21,0.72,0.08,0.0,0,1.19
131,168,2648.0,9,0.09,0.08,0.0,0,0.18
131,169,4492.2,0,0.01,0.0,0.0,0,0.03
131,170,1414.5,13,0.13,1.01,0.005,0,0.21
131,171,2125.2,6,0.1,0.09,0.0,0,0.12
131,172,4466.7,4,0.04,0.0,0.0,0,0.1
131,173,4518.7,7,0.04,0.0,0.0,0,0.24
131,174,2312.1,3,0.11,0.24,0.0,0,0.25
131,175,3837.6,11,0.2,0.02,0.0,0,0.25
131,176,4115.1,8,0.02,0.01,0.0,0,0.13
131,177,4832.8,25,0.77,0.01,0.0,0,0.82
131,178,835.2,78,0.46,2.19,0.043,0,0.9
131,179,1984.1,50,1.74,5.17,0.001,0,3.53
131,180,1755.5,52,0.2,1.87,0.002,0,1.73
131,181,2073.5,4,0.02,0.29,0.001,0,0.11
131,182,3197.4,0,0.03,0.01,0.0,0,0.05
131,183,3088.6,1,0.07,0.08,0.0,0,0.08
131,184,3614.7,1,0.03,0.02,0.0,0,0.08
131,185,3667.6,14,0.12,0.03,0.0,0,0.22
131,186,3495.6,7,0.05,0.02,0.0,0,0.29
131,187,3047.3,12,0.08,0.09,0.0,0,0.16
131,188,4068.6,2,0.02,0.0,0.0,0,0.02
131,189,2386.0,4,0.1,0.04,0.0,0,0.14
131,190,3522.6,0,0.03,0.01,0.0,0,0.03
131,191,3221.4,9,0.28,0.13,0.0,0,0.34
131,192,4130.1,8,0.08,0.01,0.0,0,0.13
131,193,4082.8,1,0.02,0.0,0.0,0,0.02
131,194,1972.2,7,0.17,0.55,0.001,0,0.25
131,195,795.0,42,0.69,7.4,0.018,0,1.27
131,196,4778.7,0,0.0,0.0,0.0,0,0.01
131,197,2993.0,2,0.07,0.11,0.0,0,0.09
131,198,2680.9,11,0.07,0.16,0.0,0,0.15
131,199,1364.0,10,0.08,0.59,0.004,0,0.15
132,133,2743.4,5,0.13,0.1,0.0,0,0.22
132,134,2467.2,3,0.03,0.03,0.0,0,0.06
132,135,2526.5,11,0.05,0.33,0.0,0,0.27
132,136,1223.4,8,0.02,0.58,0.003,0,0.09
132,137,2273.4,5,0.06,0.05,0.0,0,0.06
132,138,1875.9,6,0.06,0.33,0.0,0,0.11
132,139,1379.4,1,0.01,0.16,0.006,0,0.05
132,140,1532.0,4,0.14,0.48,0.003,0,0.15
132,141,2722.6,19,0.13,0.14,0.0,0,0.2
132,142,2255.6,1,0.01,0.01,0.001,0,0.02
132,143,2638.6,1,0.02,0.04,0.0,0,0.03
132,144,582.1,16,0.22,2.35,0.099,0,0.33
132,145,1549.6,16,0.21,0.54,0.002,0,0.37
132,146,2579.1,2,0.02,0.01,0.0,0,0.04
132,147,1102.2,0,0.01,0.22,0.014,0,0.02
132,148,1840.6,26,0.11,0.25,0.001,0,0.29
132,149,2124.8,5,0.16,0.2,0.0,0,0.16
132,150,1442.6,22,0.14,0.83,0.006,0,0.23
132,151,1258.8,42,0.45,0.99,0.003,0,0.68
132,152,3219.4,3,0.04,0.01,0.0,0,0.07
132,153,1528.7,1,0.03,0.42,0.003,0,0.09
132,154,2944.4,2,0.09,0.02,0.0,0,0.12
132,155,1812.9,5,0.07,0.1,0.001,0,0.12
132,156,928.2,161,2.87,6.26,0.022,0,3.17
132,157,1813.4,2,0.05,0.26,0.0,0,0.09
132,158,1767.2,2,0.04,0.05,0.001,0,0.05
132,159,2214.8,6,0.07,0.2,0.0,0,0.08
132,160,1296.4,10,0.02,0.26,0.006,0,0.11
132,161,1439.2,26,0.18,1.13,0.008,0,0.39
132,162,2328.9,12,0.04,0.17,0.0,0,0.13
132,163,3026.3,0,0.01,0.01,0.0,0,0.02
132,164,1158.6,9,0.15,1.66,0.011,0,0.22
132,165,2132.8,2,0.04,0.16,0.0,0,0.14
132,166,2678.7,13,0.02,0.13,0.0,0,0.14
132,167,1373.8,31,0.24,3.77,0.006,0,0.58
132,168,1553.7,6,0.07,0.2,0.005,0,0.07
132,169,2412.6,2,0.07,0.03,0.0,0,0.07
132,170,1793.5,2,0.03,0.05,0.0,0,0.04
132,171,2214.5,1,0.02,0.05,0.0,0,0.04
132,172,2810.4,2,0.02,0.02,0.0,0,0.04
132,173,1360.3,12,0.25,0.66,0.001,0,0.28
132,174,1982.1,11,0.17,0.22,0.001,0,0.2
132,175,1091.9,14,0.1,2.06,0.025,0,0.35
132,176,2181.1,1,0.03,0.07,0.001,0,0.04
132,177,1989.6,6,0.02,0.51,0.001,0,0.13
132,178,2330.3,3,0.03,0.05,0.0,0,0.04
132,179,1501.7,66,0.89,5.99,0.006,0,0.97
132,180,1655.4,9,0.1,0.55,0.001,0,0.12
132,181,2271.7,0,0.01,0.04,0.0,0,0.01
132,182,1260.4,1,0.02,0.12,0.004,0,0.02
132,183,1448.9,27,0.26,1.3,0.006,0,0.31
132,184,2923.3,2,0.04,0.02,0.0,0,0.04
132,185,3232.1,1,0.02,0.01,0.0,0,0.03
132,186,348.0,194,0.97,4.96,0.075,0,2.06
132,187,2133.8,6,0.06,0.07,0.0,0,0.08
132,188,1134.2,12,0.07,0.18,0.017,0,0.13
132,189,1943.6,1,0.03,0.02,0.001,0,0.03
132,190,1970.4,1,0.02,0.07,0.001,0,0.04
132,191,186.2,374,5.1,11.76,0.106,0,5.66
132,192,995.8,24,0.14,1.43,0.013,0,0.43
132,193,1954.2,1,0.02,0.05,0.001,0,0.02
132,194,2372.5,4,0.05,0.07,0.0,0,0.09
132,195,2373.2,2,0.02,0.11,0.0,0,0.08
132,196,1799.4,2,0.02,0.09,0.002,0,0.02
132,197,824.0,9,0.12,2.66,0.045,0,0.24
132,198,2503.8,7,0.06,0.07,0.0,0,0.08
132,199,2641.3,1,0.03,0.01,0.0,0,0.04
133,134,650.5,63,0.07,3.46,0.063,0,0.64
133,135,4910.7,44,0.29,0.01,0.0,0,0.84
133,136,3178.2,8,0.05,0.06,0.0,0,0.09
133,137,539.4,38,1.68,9.07,0.102,0,1.78
133,138,1053.6,223,3.04,9.42,0.01,0,3.16
133,139,2752.7,3,0.03,0.04,0.0,0,0.05
133,140,1213.3,63,0.78,2.58,0.014,0,0.97
133,141,3203.0,82,0.44,0.11,0.0,0,0.92
133,142,1520.1,7,0.07,0.34,0.001,0,0.1
133,143,2211.0,47,0.12,0.73,0.0,0,0.63
133,144,2829.1,4,0.12,0.15,0.0,0,0.22
133,145,2733.6,17,0.29,0.29,0.0,0,0.94
133,146,2583.0,4,0.02,0.06,0.0,0,0.07
133,147,1676.1,5,0.12,0.43,0.003,0,0.41
133,148,2675.0,2,0.04,0.3,0.0,0,0.22
133,149,1461.0,55,0.46,3.61,0.005,0,0.58
133,150,1302.1,17,0.39,4.21,0.009,0,0.57
133,151,2656.1,22,0.16,0.18,0.0,0,0.47
133,152,2924.2,16,0.12,0.07,0.0,0,0.28
133,153,1630.4,30,0.32,1.97,0.001,0,0.44
133,154,4877.5,10,0.09,0.0,0.0,0,0.11
133,155,1877.3,3,0.03,0.48,0.002,0,0.18
133,156,2642.2,156,2.84,0.98,0.0,0,2.93
133,157,2954.6,12,0.06,0.14,0.0,0,0.25
133,158,3880.2,0,0.02,0.0,0.0,0,0.02
133,159,3202.7,83,0.18,0.06,0.0,0,0.99
133,160,1860.8,7,0.26,0.32,0.001,0,0.27
133,161,1588.0,6,0.32,4.54,0.003,0,0.38
133,162,465.0,1297,11.32,41.3,0.125,1,17.24
133,163,2366.4,7,0.12,0.11,0.0,0,0.12
133,164,1787.7,5,0.19,2.59,0.001,0,0.44
133,165,3122.8,5,0.19,0.09,0.0,0,0.56
133,166,3077.6,16,0.38,0.23,0.0,0,0.39
133,167,4105.4,35,0.19,0.11,0.0,0,0.42
133,168,1204.2,67,0.69,3.7,0.003,0,0.82
133,169,1970.6,4,0.04,0.41,0.0,0,0.16
133,170,2196.3,11,0.1,0.35,0.0,0,0.13
133,171,976.9,19,0.19,2.54,0.021,0,0.37
133,172,1662.2,40,0.33,0.86,0.003,0,0.53
133,173,3616.4,4,0.25,0.03,0.0,0,0.35
133,174,967.0,47,0.58,6.83,0.02,0,1.93
133,175,2356.0,150,0.71,0.58,0.0,0,1.61
133,176,1649.7,61,0.74,0.9,0.002,0,0.77
133,177,2949.9,52,0.27,0.35,0.0,0,0.89
133,178,2547.2,7,0.09,0.19,0.0,0,0.16
133,179,3161.1,176,1.76,0.95,0.0,0,3.04
133,180,1790.9,8,0.16,2.71,0.002,0,0.68
133,181,1001.2,14,0.15,1.53,0.009,0,0.34
133,182,3831.9,9,0.04,0.0,0.0,0,0.11
133,183,3931.9,12,0.18,0.02,0.0,0,0.32
133,184,599.4,232,2.43,8.63,0.09,0,2.97
133,185,678.1,481,1.97,18.25,0.035,0,6.17
133,186,2991.9,40,0.3,0.13,0.0,0,0.63
133,187,4435.7,4,0.07,0.0,0.0,0,0.08
133,188,2670.9,5,0.11,0.07,0.0,0,0.22
133,189,3907.0,1,0.0,0.0,0.0,0,0.03
133,190,1156.7,8,0.17,1.98,0.007,0,0.5
133,191,2927.3,27,0.43,0.27,0.0,0,0.75
133,192,3100.9,11,0.12,0.13,0.0,0,0.14
133,193,1805.4,6,0.05,0.36,0.001,0,0.11
133,194,1069.3,46,0.69,6.67,0.007,0,0.89
133,195,2547.1,47,0.68,0.42,0.0,0,0.82
133,196,3127.3,7,0.04,0.04,0.0,0,0.08
133,197,1932.0,14,0.34,1.06,0.001,0,0.37
133,198,4501.6,4,0.16,0.01,0.0,0,0.18
133,199,1660.4,1,0.08,0.35,0.004,0,0.11
134,135,4836.7,2,0.02,0.0,0.0,0,0.11
134,136,3149.1,3,0.02,0.01,0.0,0,0.04
134,137,347.1,82,0.63,2.63,0.238,0,0.94
134,138,596.4,144,1.77,3.48,0.107,0,2.5
134,139,2204.7,1,0.01,0.05,0.0,0,0.02
134,140,1010.1,3,0.1,1.23,0.019,0,0.26
134,141,2553.9,20,0.07,0.16,0.0,0,0.25
134,142,1887.7,2,0.01,0.05,0.001,0,0.02
134,143,1565.0,3,0.07,0.71,0.003,0,0.12
134,144,2685.7,3,0.04,0.06,0.0,0,0.08
134,145,2161.0,2,0.04,0.24,0.001,0,0.11
134,146,1932.6,2,0.04,0.05,0.001,0,0.04
134,147,1533.6,2,0.03,0.2,0.004,0,0.03
134,148,2066.0,9,0.02,0.18,0.0,0,0.12
134,149,1786.6,17,0.29,0.23,0.002,0,0.3
134,150,1091.8,36,0.06,0.96,0.013,0,0.47
134,151,2125.2,1,0.04,0.15,0.001,0,0.11
134,152,3375.6,0,0.0,0.0,0.0,0,0.01
134,153,1112.1,27,0.18,1.52,0.017,0,0.32
134,154,4944.2,1,0.01,0.0,0.0,0,0.02
134,155,2096.0,1,0.01,0.06,0.0,0,0.05
134,156,2596.0,14,0.21,0.25,0.0,0,0.24
134,157,2357.4,5,0.09,0.13,0.0,0,0.1
134,158,3858.7,0,0.01,0.0,0.0,0,0.01
134,159,3405.8,5,0.08,0.01,0.0,0,0.08
134,160,1899.3,1,0.01,0.1,0.001,0,0.03
134,161,1639.0,28,0.45,0.64,0.0,0,0.52
134,162,756.5,42,0.22,5.65,0.034,0,1.47
134,163,2845.4,1,0.01,0.01,0.0,0,0.02
134,164,1368.9,22,0.1,2.08,0.004,0,0.25
134,165,3317.9,2,0.01,0.02,0.0,0,0.06
134,166,3399.9,5,0.02,0.02,0.0,0,0.09
134,167,3838.5,4,0.04,0.03,0.0,0,0.33
134,168,1106.2,18,0.05,0.86,0.008,0,0.34
134,169,1320.3,0,0.03,0.35,0.009,0,0.05
134,170,2399.0,3,0.02,0.02,0.0,0,0.05
134,171,1325.7,5,0.05,0.21,0.003,0,0.06
134,172,1056.7,11,0.34,1.8,0.011,0,0.36
134,173,3135.3,5,0.01,0.02,0.0,0,0.07
134,174,1169.3,27,0.41,1.09,0.012,0,0.52
134,175,1860.4,2,0.13,0.3,0.001,0,0.23
134,176,1003.9,2,0.04,1.94,0.014,0,0.1
134,177,2334.7,12,0.12,0.28,0.0,0,0.48
134,178,2855.1,5,0.04,0.02,0.0,0,0.1
134,179,3202.5,29,0.14,0.15,0.0,0,0.62
134,180,1956.7,18,0.19,0.18,0.0,0,0.23
134,181,1379.2,0,0.01,0.35,0.008,0,0.06
134,182,3661.8,0,0.01,0.0,0.0,0,0.01
134,183,3798.4,2,0.02,0.01,0.0,0,0.05
134,184,460.4,27,0.25,3.19,0.088,0,0.61
134,185,787.9,96,1.41,2.49,0.041,0,1.61
134,186,2656.9,1,0.03,0.04,0.0,0,0.06
134,187,4378.9,2,0.02,0.0,0.0,0,0.03
134,188,2161.1,5,0.08,0.05,0.0,0,0.08
134,189,3927.2,0,0.0,0.0,0.0,0,0.0
134,190,589.8,56,0.37,2.32,0.096,0,0.72
134,191,2653.0,14,0.13,0.1,0.0,0,0.2
134,192,2632.7,11,0.05,0.09,0.0,0,0.12
134,193,1179.5,0,0.04,0.33,0.008,0,0.09
134,194,1491.0,1,0.02,0.55,0.004,0,0.09
134,195,2864.9,12,0.11,0.06,0.0,0,0.17
134,196,2539.1,3,0.03,0.02,0.0,0,0.05
134,197,1647.7,2,0.03,0.32,0.002,0,0.17
134,198,4537.9,1,0.01,0.0,0.0,0,0.02
134,199,2126.8,0,0.0,0.03,0.0,0,0.02
135,136,1735.5,54,0.28,1.52,0.001,0,0.8
135,137,4565.1,18,0.16,0.01,0.0,0,0.24
135,138,4287.9,69,0.7,0.05,0.0,0,1.14
135,139,3734.1,19,0.1,0.02,0.0,0,0.33
135,140,3827.4,4,0.21,0.04,0.0,0,0.32
135,141,5034.6,28,0.93,0.01,0.0,0,1.18
135,142,3739.6,1,0.05,0.01,0.0,0,0.1
135,143,5150.8,41,0.46,0.0,0.0,0,0.52
135,144,2158.1,138,3.78,1.95,0.0,0,3.81
135,145,3915.8,12,0.74,0.11,0.0,0,0.88
135,146,5039.7,1,0.03,0.0,0.0,0,0.05
135,147,3304.7,5,0.04,0.03,0.0,0,0.09
135,148,4237.6,74,0.51,0.03,0.0,0,0.85
135,149,3691.8,50,0.22,0.08,0.0,0,0.57
135,150,3744.8,13,0.14,0.05,0.0,0,0.45
135,151,3652.1,5,0.04,0.07,0.0,0,0.16
135,152,3607.5,12,0.5,0.04,0.0,0,0.56
135,153,4039.8,41,0.56,0.05,0.0,0,0.59
135,154,959.1,164,1.14,15.82,0.01,0,2.15
135,155,3204.6,35,0.35,0.08,0.0,0,0.44
135,156,2269.6,584,6.38,9.05,0.0,0,7.22
135,157,4106.7,21,0.2,0.05,0.0,0,0.7
135,158,1058.6,44,0.27,4.19,0.008,0,0.82
135,159,2253.5,167,1.51,2.64,0.0,0,2.61
135,160,3054.2,23,0.35,0.08,0.0,0,0.37
135,161,3324.9,15,0.3,0.22,0.0,0,0.88
135,162,4446.5,117,0.46,0.07,0.0,0,1.3
135,163,3842.4,14,0.03,0.02,0.0,0,0.27
135,164,3659.9,150,0.86,0.18,0.0,0,1.6
135,165,2268.4,39,0.29,2.41,0.0,0,0.55
135,166,2847.0,42,0.28,0.82,0.0,0,0.8
135,167,1543.4,134,1.42,52.19,0.001,0,4.06
135,168,3756.4,14,0.03,0.05,0.0,0,0.26
135,169,4935.9,10,0.09,0.0,0.0,0,0.14
135,170,2928.1,6,0.06,0.06,0.0,0,0.09
135,171,4060.4,1,0.04,0.02,0.0,0,0.08
135,172,5330.2,2,0.08,0.0,0.0,0,0.11
135,173,3073.2,49,0.42,0.22,0.0,0,0.7
135,174,3961.6,32,0.35,0.05,0.0,0,0.51
135,175,3583.3,136,1.41,0.1,0.0,0,1.81
135,176,4705.2,5,0.08,0.01,0.0,0,0.33
135,177,4301.5,28,0.97,0.06,0.0,0,1.67
135,178,3001.9,34,0.3,0.15,0.0,0,0.81
135,179,1820.5,1113,6.53,22.32,0.002,0,17.4
135,180,3204.6,137,0.91,0.34,0.0,0,1.51
135,181,4080.4,27,0.14,0.01,0.0,0,0.37
135,182,1277.7,8,0.12,2.49,0.007,0,0.53
135,183,1077.8,270,0.52,13.22,0.009,0,5.01
135,184,5260.3,9,0.07,0.0,0.0,0,0.21
135,185,5522.9,38,0.4,0.0,0.0,0,0.41
135,186,2538.3,191,0.37,1.13,0.0,0,2.13
135,187,481.1,198,9.59,68.94,0.163,1,13.68
135,188,3524.5,31,0.23,0.04,0.0,0,0.36
135,189,1124.1,27,0.12,2.44,0.004,0,0.52
135,190,4429.1,13,0.07,0.01,0.0,0,0.19
135,191,2370.8,119,0.8,2.72,0.0,0,1.99
135,192,3129.2,40,0.49,0.24,0.0,0,0.86
135,193,4480.7,15,0.1,0.0,0.0,0,0.18
135,194,4108.3,5,0.19,0.02,0.0,0,0.4
135,195,3039.6,113,1.34,0.3,0.0,0,1.49
135,196,4009.7,14,0.21,0.03,0.0,0,0.25
135,197,3247.2,5,0.16,0.18,0.0,0,0.33
135,198,808.9,321,5.6,23.88,0.054,0,5.88
135,199,3961.8,4,0.03,0.01,0.0,0,0.12
136,137,2857.2,3,0.04,0.03,0.0,0,0.05
136,138,2637.5,2,0.14,0.11,0.0,0,0.15
136,139,2601.7,1,0.02,0.01,0.0,0,0.05
136,140,2143.0,0,0.04,0.21,0.0,0,0.05
136,141,3940.4,1,0.06,0.02,0.0,0,0.08
136,142,2061.5,1,0.02,0.04,0.001,0,0.02
136,143,3743.9,6,0.02,0.01,0.0,0,0.08
136,144,649.9,26,0.17,5.24,0.035,0,0.74
136,145,2769.5,2,0.07,0.1,0.0,0,0.13
136,146,3747.9,0,0.0,0.0,0.0,0,0.01
136,147,1622.7,5,0.04,0.25,0.004,0,0.06
136,148,3051.0,3,0.06,0.05,0.0,0,0.12
136,149,1993.1,1,0.07,0.19,0.001,0,0.1
136,150,2066.9,7,0.14,0.23,0.001,0,0.14
136,151,2478.2,6,0.02,0.1,0.0,0,0.09
136,152,2405.5,5,0.02,0.06,0.0,0,0.06
136,153,2507.6,8,0.11,0.05,0.0,0,0.16
136,154,1836.5,13,0.1,0.31,0.001,0,0.14
136,155,1515.5,4,0.02,0.17,0.001,0,0.08
136,156,553.2,550,4.06,23.88,0.108,0,6.84
136,157,3036.8,6,0.04,0.03,0.0,0,0.06
136,158,710.2,20,0.19,0.43,0.081,0,0.23
136,159,1126.4,7,0.72,1.17,0.011,0,0.74
136,160,1319.1,4,0.02,0.2,0.006,0,0.05
136,161,1590.7,49,0.77,1.37,0.003,0,0.77
136,162,2713.5,19,0.13,0.19,0.0,0,0.19
136,163,2422.9,0,0.02,0.03,0.0,0,0.03
136,164,2131.4,14,0.11,0.35,0.001,0,0.23
136,165,1067.0,16,0.26,1.03,0.005,0,0.52
136,166,1712.1,34,0.41,1.01,0.001,0,0.41
136,167,1504.8,44,0.6,2.63,0.002,0,0.88
136,168,2048.8,3,0.12,0.16,0.0,0,0.12
136,169,3487.0,1,0.01,0.0,0.0,0,0.02
136,170,1283.9,2,0.04,0.49,0.01,0,0.06
136,171,2331.4,9,0.09,0.02,0.0,0,0.15
136,172,3779.5,2,0.01,0.0,0.0,0,0.03
136,173,2422.1,2,0.02,0.17,0.0,0,0.14
136,174,2226.1,1,0.07,0.11,0.0,0,0.07
136,175,2275.2,3,0.11,0.35,0.0,0,0.12
136,176,3191.3,6,0.03,0.01,0.0,0,0.09
136,177,3211.7,4,0.21,0.05,0.0,0,0.29
136,178,1573.4,1,0.02,0.67,0.001,0,0.05
136,179,330.3,392,1.78,44.92,0.124,1,10.87
136,180,1486.0,11,0.16,0.68,0.003,0,0.28
136,181,2355.5,0,0.01,0.04,0.0,0,0.02
136,182,927.8,4,0.01,0.26,0.007,0,0.05
136,183,886.7,28,0.54,1.73,0.022,0,0.65
136,184,3553.9,10,0.06,0.0,0.0,0,0.1
136,185,3802.1,1,0.01,0.01,0.0,0,0.03
136,186,1458.0,12,0.07,1.33,0.007,0,0.12
136,187,1258.0,27,0.28,0.82,0.01,0,0.3
136,188,2355.4,1,0.01,0.05,0.0,0,0.05
136,189,798.4,3,0.05,0.39,0.011,0,0.06
136,190,2808.3,6,0.07,0.03,0.0,0,0.07
136,191,1174.7,37,0.61,1.52,0.008,0,0.7
136,192,2177.5,5,0.02,0.15,0.001,0,0.09
136,193,3010.3,1,0.02,0.0,0.0,0,0.04
136,194,2393.7,0,0.04,0.09,0.0,0,0.05
136,195,1618.9,17,0.14,0.42,0.002,0,0.21
136,196,3019.4,2,0.01,0.01,0.0,0,0.03
136,197,1675.8,5,0.02,0.45,0.002,0,0.11
136,198,1408.2,13,0.09,0.42,0.006,0,0.22
136,199,2342.3,0,0.0,0.03,0.0,0,0.02
137,138,514.6,68,0.42,16.52,0.088,0,3.9
137,139,2214.4,1,0.0,0.04,0.001,0,0.03
137,140,754.2,24,0.28,4.64,0.056,0,0.63
137,141,2742.1,28,0.29,0.19,0.0,0,0.43
137,142,1545.7,1,0.03,0.13,0.003,0,0.04
137,143,1815.1,15,0.07,0.36,0.001,0,0.19
137,144,2431.4,19,0.03,0.13,0.0,0,0.22
137,145,2199.5,3,0.11,0.68,0.0,0,0.12
137,146,2147.5,2,0.02,0.08,0.0,0,0.05
137,147,1265.7,2,0.0,0.35,0.007,0,0.03
137,148,2155.9,20,0.19,0.73,0.0,0,0.24
137,149,1441.4,46,0.14,1.12,0.0,0,0.58
137,150,842.6,89,1.57,2.86,0.035,0,1.69
137,151,2116.9,12,0.05,0.23,0.0,0,0.25
137,152,3039.4,3,0.05,0.02,0.0,0,0.09
137,153,1091.9,16,0.28,3.53,0.022,0,0.53
137,154,4631.8,4,0.03,0.0,0.0,0,0.05
137,155,1751.2,6,0.08,0.3,0.001,0,0.08
137,156,2306.1,34,0.72,0.84,0.0,0,0.78
137,157,2428.1,33,0.26,0.2,0.0,0,0.43
137,158,3567.3,0,0.0,0.0,0.0,0,0.01
137,159,3065.7,1,0.1,0.09,0.0,0,0.15
137,160,1580.0,3,0.03,0.21,0.001,0,0.08
137,161,1313.7,60,0.25,2.57,0.007,0,0.81
137,162,440.5,279,3.68,16.67,0.095,0,6.61
137,163,2517.0,11,0.08,0.03,0.0,0,0.14
137,164,1258.4,30,0.15,3.14,0.009,0,1.0
137,165,2978.6,6,0.27,0.05,0.0,0,0.29
137,166,3052.8,9,0.02,0.07,0.0,0,0.1
137,167,3646.1,8,0.14,0.1,0.0,0,0.18
137,168,809.6,43,0.37,1.97,0.032,0,0.51
137,169,1547.7,7,0.1,0.32,0.003,0,0.25
137,170,2056.4,3,0.04,0.12,0.0,0,0.05
137,171,987.5,50,0.18,0.71,0.016,0,0.52
137,172,1370.7,14,0.06,1.56,0.005,0,0.28
137,173,3081.4,5,0.12,0.04,0.0,0,0.12
137,174,822.3,105,0.83,6.36,0.036,0,1.2
137,175,1817.5,15,0.11,0.72,0.001,0,0.31
137,176,1193.2,32,0.52,1.56,0.01,0,0.53
137,177,2433.6,26,0.08,0.69,0.0,0,0.39
137,178,2508.0,6,0.05,0.13,0.0,0,0.07
137,179,2891.3,45,0.83,0.79,0.0,0,1.17
137,180,1616.1,11,0.11,1.26,0.001,0,0.14
137,181,1044.6,23,0.2,1.35,0.012,0,0.27
137,182,3423.5,3,0.02,0.01,0.0,0,0.05
137,183,3545.7,4,0.07,0.02,0.0,0,0.08
137,184,696.8,197,1.99,3.02,0.029,0,2.62
137,185,969.6,72,0.65,4.23,0.013,0,1.19
137,186,2497.7,19,0.04,0.14,0.0,0,0.22
137,187,4100.3,4,0.05,0.0,0.0,0,0.09
137,188,2131.9,9,0.1,0.12,0.0,0,0.13
137,189,3624.1,0,0.01,0.0,0.0,0,0.02
137,190,639.3,56,0.17,4.44,0.015,0,0.76
137,191,2459.3,8,0.03,0.27,0.0,0,0.12
137,192,2567.2,3,0.05,0.1,0.0,0,0.13
137,193,1309.1,6,0.01,0.34,0.004,0,0.1
137,194,1162.6,50,0.47,1.92,0.004,0,0.59
137,195,2517.9,10,0.07,0.17,0.0,0,0.15
137,196,2596.7,2,0.02,0.05,0.0,0,0.03
137,197,1450.4,7,0.26,1.55,0.004,0,0.27
137,198,4232.2,2,0.06,0.0,0.0,0,0.09
137,199,1800.0,5,0.03,0.1,0.0,0,0.11
138,139,1700.0,24,0.14,0.37,0.001,0,0.25
138,140,523.9,578,5.57,14.5,0.084,0,6.19
138,141,2315.6,210,1.23,0.87,0.0,0,2.78
138,142,1753.2,4,0.04,0.34,0.001,0,0.09
138,143,1496.6,77,0.57,2.44,0.004,0,1.49
138,144,2129.9,19,0.35,0.71,0.0,0,1.0
138,145,1688.6,160,0.42,4.41,0.002,0,1.77
138,146,1763.8,19,0.08,0.35,0.002,0,0.23
138,147,1018.5,50,0.61,1.28,0.021,0,0.73
138,148,1662.9,51,0.4,1.99,0.001,0,0.88
138,149,1621.8,99,1.17,2.02,0.001,0,1.22
138,150,582.7,265,3.26,34.8,0.066,0,3.41
138,151,1602.5,84,0.5,2.1,0.003,0,1.48
138,152,3247.7,11,0.02,0.03,0.0,0,0.17
138,153,577.4,258,4.52,10.53,0.105,0,4.72
138,154,4461.2,20,0.23,0.01,0.0,0,0.34
138,155,1802.5,4,0.09,0.98,0.0,0,0.22
138,156,2087.4,161,0.49,5.13,0.001,0,4.31
138,157,1925.1,61,0.61,3.69,0.0,0,1.58
138,158,3340.7,0,0.02,0.02,0.0,0,0.05
138,159,3039.2,11,0.64,0.2,0.0,0,0.64
138,160,1477.4,7,0.12,1.07,0.003,0,0.19
138,161,1251.4,285,0.53,6.14,0.01,0,3.26
138,162,856.3,267,3.65,27.63,0.021,0,4.75
138,163,2770.4,25,0.22,0.06,0.0,0,0.27
138,164,776.8,193,2.58,23.07,0.048,0,4.09
138,165,2947.5,104,0.2,0.16,0.0,0,1.33
138,166,3135.7,27,0.33,0.19,0.0,0,0.74
138,167,3244.7,135,0.99,0.38,0.0,0,1.58
138,168,687.3,361,2.6,10.14,0.051,0,5.17
138,169,1208.1,26,0.26,4.21,0.008,0,0.33
138,170,2071.3,4,0.04,0.3,0.0,0,0.11
138,171,1257.6,35,0.32,1.96,0.002,0,0.44
138,172,1227.5,104,1.34,3.17,0.001,0,2.33
138,173,2577.5,43,0.76,0.33,0.0,0,0.87
138,174,1005.3,120,4.91,4.28,0.015,0,5.64
138,175,1307.5,23,0.43,7.33,0.005,0,0.51
138,176,829.8,59,1.05,9.14,0.012,0,1.78
138,177,1942.7,46,2.69,5.04,0.001,0,4.44
138,178,2597.0,13,0.32,0.28,0.0,0,0.41
138,179,2729.2,125,2.21,2.5,0.0,0,2.78
138,180,1629.9,252,0.76,3.03,0.002,0,2.56
138,181,1328.3,73,0.92,1.68,0.005,0,1.39
138,182,3087.7,3,0.03,0.04,0.0,0,0.09
138,183,3234.8,23,0.28,0.13,0.0,0,0.56
138,184,1056.6,19,0.42,3.73,0.014,0,0.72
138,185,1379.8,34,0.49,10.92,0.003,0,1.07
138,186,2060.6,33,0.33,1.33,0.0,0,0.46
138,187,3840.0,11,0.2,0.03,0.0,0,0.24
138,188,1619.9,5,0.15,1.02,0.002,0,0.29
138,189,3429.8,1,0.02,0.01,0.0,0,0.03
138,190,229.4,354,3.32,13.25,0.139,0,6.69
138,191,2061.2,31,0.18,2.87,0.0,0,0.71
138,192,2066.6,26,0.05,0.71,0.0,0,0.45
138,193,866.4,28,0.61,3.71,0.037,0,0.69
138,194,1463.6,181,0.21,1.31,0.005,0,2.05
138,195,2615.7,39,0.12,0.35,0.0,0,0.43
138,196,2088.9,11,0.17,0.27,0.001,0,0.34
138,197,1062.7,76,0.69,12.16,0.022,0,1.08
138,198,4042.2,6,0.1,0.01,0.0,0,0.21
138,199,2077.5,15,0.06,0.26,0.001,0,0.17
139,140,1762.5,3,0.02,0.29,0.002,0,0.04
139,141,1347.6,61,1.03,1.09,0.005,0,1.1
139,142,3027.8,0,0.01,0.0,0.0,0,0.01
139,143,1534.3,10,0.12,0.39,0.003,0,0.16
139,144,1954.7,12,0.05,0.18,0.001,0,0.15
139,145,181.8,479,5.24,10.4,0.276,0,7.36
139,146,1323.8,0,0.02,0.1,0.007,0,0.03
139,147,1731.3,0,0.01,0.03,0.001,0,0.01
139,148,504.6,150,0.86,4.32,0.097,0,1.85
139,149,2878.8,10,0.09,0.04,0.0,0,0.13
139,150,1709.7,3,0.08,0.32,0.001,0,0.15
139,151,141.5,219,3.74,8.0,0.212,0,6.87
139,152,4317.5,1,0.01,0.0,0.0,0,0.01
139,153,1122.6,3,0.06,0.83,0.015,0,0.25
139,154,4283.7,5,0.06,0.0,0.0,0,0.07
139,155,2771.6,2,0.03,0.01,0.0,0,0.04
139,156,2237.5,7,0.15,1.04,0.0,0,0.31
139,157,438.8,74,0.94,4.8,0.097,0,1.5
139,158,3120.2,0,0.0,0.0,0.0,0,0.02
139,159,3529.2,4,0.07,0.01,0.0,0,0.07
139,160,2231.3,1,0.01,0.02,0.0,0,0.02
139,161,2206.5,14,0.2,0.12,0.0,0,0.24
139,162,2511.3,6,0.1,0.25,0.0,0,0.17
139,163,3988.8,0,0.0,0.0,0.0,0,0.01
139,164,1076.4,17,0.23,1.97,0.012,0,0.3
139,165,3441.1,2,0.02,0.01,0.0,0,0.06
139,166,3908.8,1,0.03,0.01,0.0,0,0.05
139,167,2281.4,6,0.1,0.72,0.0,0,0.44
139,168,1918.5,2,0.03,0.09,0.001,0,0.04
139,169,1417.1,2,0.02,0.18,0.003,0,0.03
139,170,2883.6,0,0.01,0.01,0.0,0,0.01
139,171,2721.8,1,0.0,0.01,0.0,0,0.01
139,172,1970.8,2,0.01,0.11,0.001,0,0.05
139,173,1015.1,32,0.16,1.22,0.015,0,0.64
139,174,2436.2,1,0.01,0.04,0.0,0,0.06
139,175,478.3,80,1.22,5.08,0.089,0,2.37
139,176,1395.4,52,0.09,0.38,0.003,0,0.54
139,177,610.3,72,0.97,8.31,0.044,0,1.99
139,178,3470.5,1,0.02,0.01,0.0,0,0.02
139,179,2868.0,27,0.27,0.23,0.0,0,0.44
139,180,2576.4,6,0.03,0.08,0.0,0,0.18
139,181,2795.2,0,0.01,0.01,0.0,0,0.02
139,182,2472.1,1,0.01,0.02,0.0,0,0.02
139,183,2698.6,1,0.03,0.07,0.0,0,0.05
139,184,2626.2,3,0.03,0.04,0.0,0,0.04
139,185,2961.6,2,0.12,0.03,0.0,0,0.16
139,186,1221.9,8,0.11,0.59,0.002,0,0.15
139,187,3409.6,0,0.01,0.01,0.0,0,0.03
139,188,247.8,17,0.19,1.93,0.107,0,0.84
139,189,3311.1,1,0.01,0.0,0.0,0,0.01
139,190,1618.7,2,0.01,0.32,0.004,0,0.06
139,191,1461.0,11,0.03,0.57,0.003,0,0.3
139,192,642.0,108,1.13,2.31,0.055,0,1.25
139,193,1129.7,1,0.01,0.19,0.002,0,0.03
139,194,2929.2,5,0.06,0.02,0.0,0,0.07
139,195,3507.1,0,0.01,0.01,0.0,0,0.02
139,196,482.6,10,0.1,1.11,0.137,0,0.24
139,197,1315.1,4,0.16,0.56,0.006,0,0.18
139,198,3846.3,0,0.02,0.0,0.0,0,0.02
139,199,3420.7,0,0.01,0.0,0.0,0,0.01
140,141,2643.3,56,0.21,0.41,0.0,0,0.7
140,142,1355.3,11,0.2,0.51,0.005,0,0.29
140,143,1951.8,10,0.09,0.53,0.001,0,0.29
140,144,1681.8,8,0.18,1.39,0.001,0,0.59
140,145,1805.5,55,0.38,1.71,0.001,0,0.67
140,146,2158.6,6,0.01,0.13,0.0,0,0.11
140,147,523.6,32,0.27,4.55,0.133,0,0.56
140,148,1872.7,22,0.08,1.49,0.001,0,0.36
140,149,1211.3,36,0.56,4.03,0.005,0,0.75
140,150,89.5,11479,33.15,27.44,0.061,7,146.68
140,151,1638.0,82,0.26,0.73,0.003,0,0.9
140,152,2810.1,8,0.04,0.1,0.0,0,0.13
140,153,769.4,43,0.16,12.11,0.035,0,0.49
140,154,3953.6,18,0.15,0.01,0.0,0,0.2
140,155,1310.0,86,0.81,0.72,0.003,0,0.98
140,156,1589.9,111,1.68,4.92,0.005,0,2.13
140,157,2082.9,34,0.43,0.93,0.001,0,0.49
140,158,2851.4,4,0.03,0.02,0.0,0,0.05
140,159,2517.4,10,0.07,0.33,0.0,0,0.22
140,160,953.6,2,0.13,1.19,0.009,0,0.18
140,161,735.6,128,1.48,9.23,0.006,0,1.61
140,162,827.3,261,3.96,19.17,0.048,0,4.5
140,163,2372.7,0,0.06,0.12,0.0,0,0.06
140,164,688.4,682,3.39,21.61,0.024,0,7.51
140,165,2425.4,25,0.32,0.47,0.0,0,0.33
140,166,2638.0,4,0.03,0.24,0.0,0,0.23
140,167,2900.1,106,1.45,0.56,0.0,0,1.46
140,168,192.5,80,1.72,13.68,0.158,0,4.43
140,169,1660.4,9,0.25,0.35,0.001,0,0.25
140,170,1561.9,4,0.04,0.75,0.002,0,0.16
140,171,963.8,27,0.41,1.42,0.01,0,0.42
140,172,1747.6,13,0.17,1.06,0.002,0,0.22
140,173,2482.6,3,0.21,0.36,0.0,0,0.26
140,174,678.2,101,0.7,13.54,0.043,0,1.16
140,175,1299.7,71,0.87,5.39,0.003,0,0.88
140,176,1288.3,22,0.61,2.29,0.009,0,0.64
140,177,2147.7,109,1.13,0.78,0.0,0,1.43
140,178,2106.4,6,0.14,0.33,0.001,0,0.25
140,179,2215.8,148,1.55,4.36,0.0,0,3.16
140,180,1127.5,45,0.39,5.85,0.013,0,0.94
140,181,1037.9,13,0.04,1.22,0.004,0,0.15
140,182,2670.0,6,0.03,0.02,0.0,0,0.11
140,183,2796.3,3,0.17,0.21,0.0,0,0.26
140,184,1438.1,25,0.18,1.56,0.004,0,0.38
140,185,1723.7,30,0.16,1.26,0.002,0,0.59
140,186,1780.7,19,0.23,1.03,0.002,0,0.47
140,187,3368.8,8,0.04,0.02,0.0,0,0.13
140,188,1613.2,15,0.05,0.73,0.001,0,0.25
140,189,2927.8,2,0.02,0.01,0.0,0,0.03
140,190,737.0,82,0.68,1.94,0.003,0,1.77
140,191,1716.8,103,0.15,2.76,0.001,0,1.04
140,192,1966.1,5,0.18,0.63,0.001,0,0.43
140,193,1243.8,5,0.05,0.48,0.013,0,0.13
140,194,1174.2,8,0.25,4.13,0.012,0,0.56
140,195,2128.5,4,0.04,0.57,0.001,0,0.11
140,196,2213.9,2,0.08,0.16,0.0,0,0.14
140,197,719.5,84,0.33,8.37,0.034,0,0.88
140,198,3540.0,2,0.0,0.03,0.0,0,0.04
140,199,1721.6,17,0.08,0.22,0.001,0,0.21
141,142,3998.5,1,0.04,0.0,0.0,0,0.05
141,143,1072.5,340,2.15,10.05,0.01,0,4.85
141,144,3290.8,62,0.32,0.14,0.0,0,0.87
141,145,1173.2,161,0.28,12.19,0.009,0,2.38
141,146,645.8,66,0.72,3.58,0.062,0,0.89
141,147,2830.6,2,0.12,0.1,0.0,0,0.14
141,148,896.3,246,0.4,17.46,0.044,0,3.03
141,149,3854.3,91,0.49,0.05,0.0,0,1.16
141,150,2629.9,43,0.43,0.83,0.0,0,0.73
141,151,1463.8,333,5.41,5.18,0.006,0,7.55
141,152,5426.9,1,0.04,0.0,0.0,0,0.09
141,153,1874.4,25,0.22,2.3,0.001,0,1.53
141,154,5626.7,4,0.04,0.0,0.0,0,0.32
141,155,3878.0,1,0.13,0.03,0.0,0,0.17
141,156,3542.0,247,0.73,0.45,0.0,0,3.11
141,157,933.8,429,1.22,22.75,0.041,0,7.0
141,158,4467.2,7,0.08,0.0,0.0,0,0.1
141,159,4811.6,8,0.42,0.01,0.0,0,0.47
141,160,3380.2,21,0.27,0.03,0.0,0,0.32
141,161,3278.7,36,0.07,0.17,0.0,0,0.57
141,162,3155.5,33,0.29,0.81,0.0,0,0.61
141,163,5014.6,13,0.06,0.0,0.0,0,0.14
141,164,2086.1,260,0.56,2.76,0.001,0,2.72
141,165,4720.6,26,0.09,0.01,0.0,0,0.27
141,166,5125.3,46,0.7,0.01,0.0,0,0.76
141,167,3526.4,337,0.81,0.47,0.0,0,3.73
141,168,2833.2,39,0.47,0.22,0.0,0,0.59
141,169,1246.9,54,0.36,2.39,0.015,0,0.76
141,170,4054.0,7,0.08,0.01,0.0,0,0.09
141,171,3559.1,8,0.13,0.03,0.0,0,0.2
141,172,1734.5,76,1.06,1.85,0.002,0,1.3
141,173,2038.7,94,0.52,2.71,0.001,0,1.05
141,174,3287.9,48,0.46,0.15,0.0,0,0.81
141,175,1688.4,102,1.13,10.24,0.002,0,1.22
141,176,1555.3,214,1.98,5.09,0.003,0,2.35
141,177,742.8,983,17.54,37.43,0.057,1,18.97
141,178,4641.2,3,0.11,0.01,0.0,0,0.26
141,179,4194.1,213,1.79,0.38,0.0,0,2.54
141,180,3680.8,63,0.32,0.12,0.0,0,0.65
141,181,3632.0,1,0.03,0.03,0.0,0,0.11
141,182,3795.1,4,0.03,0.01,0.0,0,0.06
141,183,4026.9,57,0.64,0.04,0.0,0,0.94
141,184,2820.6,8,0.05,0.16,0.0,0,0.24
141,185,3105.6,24,0.46,0.22,0.0,0,0.73
141,186,2564.1,37,0.37,0.83,0.0,0,0.99
141,187,4737.7,17,0.06,0.01,0.0,0,0.21
141,188,1589.1,38,0.27,1.88,0.004,0,0.58
141,189,4658.6,1,0.04,0.0,0.0,0,0.07
141,190,2119.9,60,0.7,0.93,0.0,0,0.73
141,191,2808.5,32,0.6,1.11,0.0,0,1.02
141,192,1907.2,49,1.12,2.51,0.001,0,1.86
141,193,1449.5,8,0.04,1.71,0.002,0,0.34
141,194,3769.3,26,0.4,0.08,0.0,0,0.46
141,195,4672.3,6,0.17,0.01,0.0,0,0.32
141,196,1028.5,32,0.31,4.46,0.001,0,0.39
141,197,2481.7,26,0.2,0.58,0.0,0,0.49
141,198,5190.7,4,0.14,0.0,0.0,0,0.19
141,199,4358.5,4,0.08,0.0,0.0,0,0.09
142,143,3249.7,2,0.05,0.01,0.0,0,0.05
142,144,2010.1,5,0.04,0.1,0.0,0,0.07
142,145,3103.7,1,0.03,0.01,0.0,0,0.08
142,146,3498.9,0,0.0,0.0,0.0,0,0.01
142,147,1311.7,0,0.01,0.13,0.003,0,0.02
142,148,3211.0,3,0.01,0.01,0.0,0,0.05
142,149,149.1,394,4.85,4.12,0.209,0,9.01
142,150,1373.2,4,0.01,0.55,0.001,0,0.05
142,151,2891.3,3,0.03,0.02,0.0,0,0.03
142,152,1502.5,2,0.03,0.13,0.001,0,0.03
142,153,2124.5,2,0.03,0.07,0.0,0,0.04
142,154,3507.6,1,0.01,0.01,0.0,0,0.02
142,155,546.2,11,0.21,0.81,0.132,0,0.24
142,156,1652.5,4,0.17,1.11,0.001,0,0.25
142,157,3394.7,5,0.06,0.01,0.0,0,0.07
142,158,2681.9,0,0.0,0.01,0.0,0,0.01
142,159,1740.3,6,0.03,0.2,0.002,0,0.1
142,160,961.3,1,0.01,0.16,0.037,0,0.01
142,161,850.5,30,0.25,2.75,0.047,0,0.97
142,162,1148.1,9,0.05,1.28,0.014,0,0.32
142,163,1021.2,7,0.04,0.22,0.023,0,0.13
142,164,1975.7,2,0.07,0.32,0.001,0,0.14
142,165,1671.0,1,0.1,0.38,0.0,0,0.11
142,166,1557.5,9,0.09,0.34,0.001,0,0.16
142,167,3381.0,2,0.1,0.03,0.0,0,0.1
142,168,1166.2,1,0.03,0.27,0.005,0,0.05
142,169,2961.1,1,0.01,0.0,0.0,0,0.02
142,170,814.1,3,0.03,0.27,0.042,0,0.05
142,171,565.7,7,0.06,0.64,0.096,0,0.12
142,172,2902.2,0,0.02,0.01,0.0,0,0.02
142,173,3533.2,0,0.01,0.01,0.0,0,0.03
142,174,752.8,24,0.35,2.01,0.061,0,0.37
142,175,2549.5,1,0.01,0.09,0.0,0,0.05
142,176,2582.7,3,0.03,0.03,0.0,0,0.04
142,177,3479.7,4,0.03,0.01,0.0,0,0.05
142,178,1031.1,5,0.05,0.24,0.013,0,0.07
142,179,1919.4,86,0.11,1.56,0.001,0,0.91
142,180,624.6,19,0.18,3.08,0.075,0,0.62
142,181,524.0,4,0.08,0.4,0.15,0,0.18
142,182,2920.5,0,0.01,0.01,0.0,0,0.01
142,183,2935.5,0,0.05,0.03,0.0,0,0.06
142,184,2087.8,1,0.02,0.06,0.001,0,0.02
142,185,2193.8,5,0.05,0.22,0.0,0,0.07
142,186,2596.6,3,0.02,0.03,0.0,0,0.04
142,187,3260.8,1,0.01,0.01,0.0,0,0.03
142,188,2834.7,0,0.01,0.01,0.0,0,0.02
142,189,2639.8,0,0.0,0.01,0.0,0,0.0
142,190,1980.1,1,0.01,0.07,0.001,0,0.02
142,191,2393.3,2,0.07,0.12,0.0,0,0.07
142,192,3054.2,1,0.04,0.01,0.0,0,0.05
142,193,2583.7,0,0.0,0.01,0.0,0,0.0
142,194,456.5,9,0.15,2.16,0.151,0,0.32
142,195,1028.5,11,0.08,0.95,0.017,0,0.18
142,196,3502.8,0,0.01,0.0,0.0,0,0.01
142,197,1741.4,6,0.07,0.21,0.0,0,0.1
142,198,3182.2,0,0.01,0.02,0.0,0,0.03
142,199,398.6,1,0.01,0.49,0.173,0,0.09
143,144,3120.2,19,0.04,0.09,0.0,0,0.26
143,145,1376.4,32,0.31,4.04,0.008,0,0.83
143,146,430.5,27,0.16,3.68,0.072,0,0.92
143,147,2305.9,8,0.08,0.07,0.0,0,0.1
143,148,1083.0,43,0.72,5.4,0.023,0,0.94
143,149,3118.0,6,0.05,0.08,0.0,0,0.12
143,150,1972.0,8,0.21,0.79,0.001,0,0.34
143,151,1565.2,37,0.19,1.7,0.001,0,0.4
143,152,4742.5,2,0.02,0.0,0.0,0,0.06
143,153,1278.1,81,1.03,1.78,0.013,0,1.04
143,154,5558.3,1,0.02,0.0,0.0,0,0.07
143,155,3261.2,2,0.01,0.02,0.0,0,0.05
143,156,3248.3,11,0.56,0.29,0.0,0,0.93
143,157,1364.1,98,1.08,1.99,0.009,0,1.28
143,158,4381.0,1,0.02,0.0,0.0,0,0.03
143,159,4399.1,14,0.06,0.01,0.0,0,0.21
143,160,2849.2,7,0.01,0.03,0.0,0,0.08
143,161,2674.5,16,0.04,0.34,0.0,0,0.2
143,162,2252.5,73,0.65,1.08,0.0,0,1.23
143,163,4265.6,4,0.03,0.0,0.0,0,0.05
143,164,1627.4,82,1.11,2.75,0.003,0,1.61
143,165,4305.7,9,0.17,0.01,0.0,0,0.3
143,166,4583.7,14,0.04,0.01,0.0,0,0.34
143,167,3781.2,73,0.64,0.18,0.0,0,2.04
143,168,2140.9,9,0.04,0.37,0.0,0,0.1
143,169,291.6,287,0.69,8.73,0.131,0,4.07
143,170,3499.7,2,0.01,0.01,0.0,0,0.03
143,171,2741.0,2,0.02,0.06,0.0,0,0.03
143,172,662.3,94,1.68,4.36,0.091,0,2.24
143,173,2520.0,20,0.2,0.36,0.0,0,0.37
143,174,2500.2,32,0.24,0.25,0.0,0,0.4
143,175,1568.5,37,0.38,2.42,0.002,0,0.48
143,176,668.5,131,1.34,7.46,0.02,0,1.35
143,177,1223.8,114,0.34,10.23,0.015,0,1.66
143,178,4056.9,10,0.15,0.0,0.0,0,0.16
143,179,3928.3,39,0.53,0.33,0.0,0,1.15
143,180,3075.5,59,0.28,0.13,0.0,0,0.61
143,181,2808.7,6,0.03,0.03,0.0,0,0.09
143,182,3873.3,1,0.01,0.0,0.0,0,0.04
143,183,4079.0,8,0.06,0.01,0.0,0,0.12
143,184,1771.0,7,0.05,0.61,0.002,0,0.12
143,185,2041.5,51,0.12,1.4,0.0,0,0.81
143,186,2620.7,5,0.07,0.4,0.0,0,0.23
143,187,4772.1,4,0.05,0.0,0.0,0,0.05
143,188,1680.5,3,0.12,0.4,0.001,0,0.12
143,189,4529.4,0,0.0,0.0,0.0,0,0.01
143,190,1270.0,7,0.1,1.99,0.007,0,0.38
143,191,2782.9,7,0.04,0.32,0.0,0,0.25
143,192,2171.7,9,0.06,0.42,0.0,0,0.11
143,193,749.4,17,0.2,0.94,0.046,0,0.54
143,194,2939.8,7,0.18,0.08,0.0,0,0.23
143,195,4079.8,38,0.4,0.01,0.0,0,0.45
143,196,1557.2,10,0.09,0.68,0.001,0,0.14
143,197,2087.3,11,0.21,0.56,0.0,0,0.33
143,198,5118.8,1,0.04,0.0,0.0,0,0.07
143,199,3566.2,0,0.03,0.0,0.0,0,0.04
144,145,2120.9,41,0.71,0.54,0.001,0,0.72
144,146,3105.5,1,0.03,0.03,0.0,0,0.05
144,147,1166.4,9,0.08,0.51,0.001,0,0.13
144,148,2401.1,11,0.15,0.47,0.0,0,0.67
144,149,1902.4,20,0.13,1.57,0.001,0,0.38
144,150,1596.4,67,0.58,1.24,0.002,0,1.33
144,151,1829.5,6,0.3,1.16,0.001,0,0.38
144,152,2747.8,26,0.04,0.04,0.0,0,0.28
144,153,1916.1,15,0.1,0.46,0.001,0,0.29
144,154,2438.5,6,0.17,0.26,0.0,0,0.23
144,155,1496.8,8,0.07,0.55,0.002,0,0.12
144,156,417.5,1232,10.28,57.25,0.089,3,13.18
144,157,2391.1,32,0.36,0.5,0.0,0,0.44
144,158,1264.3,6,0.09,0.99,0.004,0,0.39
144,159,1648.9,10,0.72,1.58,0.001,0,0.79
144,160,1085.0,9,0.27,1.48,0.02,0,0.42
144,161,1313.9,18,0.39,7.39,0.003,0,0.46
144,162,2377.2,84,0.46,0.97,0.0,0,1.04
144,163,2630.5,1,0.02,0.05,0.0,0,0.06
144,164,1534.2,21,0.43,4.09,0.004,0,1.29
144,165,1570.7,32,0.06,1.59,0.001,0,0.49
144,166,2149.8,48,0.34,0.93,0.001,0,0.63
144,167,1375.1,206,3.67,11.66,0.006,0,4.59
144,168,1634.3,8,0.1,1.08,0.002,0,0.13
144,169,2872.4,7,0.01,0.04,0.0,0,0.1
144,170,1388.2,16,0.05,0.92,0.008,0,0.2
144,171,2117.9,2,0.06,0.17,0.0,0,0.07
144,172,3204.8,19,0.11,0.05,0.0,0,0.23
144,173,1873.5,24,0.46,1.44,0.001,0,0.57
144,174,1942.0,20,0.41,0.76,0.001,0,0.77
144,175,1627.3,90,1.57,2.39,0.001,0,2.0
144,176,2597.0,31,0.23,0.18,0.0,0,0.49
144,177,2563.9,127,0.38,0.61,0.0,0,1.4
144,178,1860.8,19,0.16,0.71,0.002,0,0.22
144,179,919.7,242,4.13,51.3,0.015,0,4.49
144,180,1385.5,96,0.86,4.43,0.006,0,1.35
144,181,2160.6,8,0.07,0.17,0.001,0,0.12
144,182,1003.1,3,0.11,2.03,0.017,0,0.26
144,183,1114.6,75,0.36,4.8,0.013,0,2.14
144,184,3119.9,20,0.06,0.03,0.0,0,0.26
144,185,3399.4,41,0.16,0.07,0.0,0,0.55
144,186,860.5,41,0.56,8.43,0.008,0,1.02
144,187,1716.7,23,0.34,1.94,0.003,0,0.38
144,188,1707.7,9,0.11,0.45,0.002,0,0.2
144,189,1410.8,15,0.16,0.3,0.003,0,0.31
144,190,2273.7,5,0.01,0.17,0.0,0,0.07
144,191,572.3,219,1.04,24.37,0.07,0,5.82
144,192,1565.1,17,0.68,1.95,0.005,0,0.71
144,193,2398.8,5,0.03,0.09,0.0,0,0.1
144,194,2234.0,25,0.06,0.47,0.0,0,0.38
144,195,1905.9,21,0.06,1.23,0.001,0,0.26
144,196,2381.3,6,0.05,0.14,0.0,0,0.1
144,197,1097.6,34,0.45,3.37,0.013,0,0.69
144,198,1999.9,13,0.07,0.42,0.001,0,0.18
144,199,2362.6,11,0.16,0.07,0.0,0,0.18
145,146,1147.1,20,0.32,2.01,0.001,0,0.35
145,147,1824.4,4,0.09,0.36,0.001,0,0.13
145,148,324.3,626,1.03,34.29,0.186,0,9.09
145,149,2954.7,45,0.14,0.11,0.0,0,0.47
145,150,1760.3,68,0.23,1.26,0.001,0,0.9
145,151,291.3,1909,18.65,32.39,0.33,0,28.86
145,152,4426.9,7,0.03,0.0,0.0,0,0.1
145,153,1115.9,185,1.62,5.92,0.008,0,2.75
145,154,4462.8,4,0.18,0.01,0.0,0,0.2
145,155,2874.7,7,0.02,0.09,0.0,0,0.17
145,156,2391.2,126,0.44,2.31,0.0,0,3.52
145,157,299.1,1183,5.39,46.64,0.274,3,12.54
145,158,3297.5,3,0.01,0.02,0.0,0,0.04
145,159,3677.8,31,0.31,0.12,0.0,0,0.33
145,160,2341.3,4,0.02,0.21,0.0,0,0.12
145,161,2298.1,67,0.33,1.11,0.0,0,0.83
145,162,2521.2,45,0.83,1.59,0.0,0,1.56
145,163,4080.3,4,0.06,0.01,0.0,0,0.08
145,164,1132.0,282,2.91,6.86,0.009,0,2.93
145,165,3588.8,15,0.21,0.06,0.0,0,0.32
145,166,4041.0,39,0.25,0.02,0.0,0,0.49
145,167,2459.1,146,2.61,3.65,0.0,0,2.79
145,168,1971.6,38,1.33,0.44,0.001,0,1.44
145,169,1279.9,7,0.24,1.71,0.007,0,0.64
145,170,3002.0,6,0.08,0.05,0.0,0,0.17
145,171,2769.3,11,0.06,0.16,0.0,0,0.13
145,172,1845.9,24,0.19,0.72,0.002,0,0.58
145,173,1149.3,228,2.26,6.11,0.003,0,2.71
145,174,2483.4,19,0.14,0.65,0.0,0,0.2
145,175,575.3,478,8.33,25.88,0.076,0,13.16
145,176,1297.1,203,0.44,3.58,0.003,0,2.9
145,177,445.5,325,6.68,91.44,0.017,5,11.45
145,178,3590.9,15,0.11,0.03,0.0,0,0.17
145,179,3030.3,119,0.78,1.44,0.0,0,1.93
145,180,2678.0,52,0.31,0.36,0.0,0,0.53
145,181,2843.2,5,0.12,0.07,0.0,0,0.15
145,182,2653.8,5,0.07,0.08,0.0,0,0.11
145,183,2880.1,40,0.06,0.15,0.0,0,0.51
145,184,2567.4,24,0.13,0.21,0.0,0,0.29
145,185,2900.5,61,0.64,0.24,0.0,0,0.9
145,186,1402.2,78,0.69,4.04,0.004,0,0.86
145,187,3591.0,9,0.1,0.03,0.0,0,0.11
145,188,415.9,27,0.4,6.52,0.065,0,1.5
145,189,3486.2,4,0.03,0.01,0.0,0,0.05
145,190,1584.1,26,0.26,1.16,0.001,0,0.56
145,191,1637.3,115,0.27,4.71,0.001,0,1.3
145,192,815.2,113,0.15,8.81,0.033,0,1.21
145,193,1038.9,28,0.27,1.44,0.004,0,0.29
145,194,2979.0,61,0.19,0.2,0.0,0,0.63
145,195,3626.4,35,0.42,0.05,0.0,0,0.67
145,196,409.1,217,1.67,8.45,0.03,0,2.27
145,197,1420.8,61,0.96,3.99,0.006,0,1.13
145,198,4025.0,17,0.12,0.02,0.0,0,0.18
145,199,3492.5,8,0.09,0.01,0.0,0,0.1
146,147,2436.4,1,0.01,0.01,0.0,0,0.02
146,148,824.8,3,0.18,2.31,0.011,0,0.26
146,149,3360.1,1,0.01,0.01,0.0,0,0.05
146,150,2162.0,1,0.02,0.2,0.0,0,0.03
146,151,1390.2,5,0.05,0.73,0.004,0,0.05
146,152,4968.7,1,0.0,0.0,0.0,0,0.01
146,153,1415.8,4,0.07,0.51,0.005,0,0.18
146,154,5523.3,1,0.01,0.0,0.0,0,0.02
146,155,3447.2,0,0.0,0.0,0.0,0,0.01
146,156,3288.2,9,0.1,0.04,0.0,0,0.26
146,157,1054.2,13,0.13,1.02,0.01,0,0.16
146,158,4345.2,0,0.0,0.0,0.0,0,0.01
146,159,4501.5,2,0.01,0.0,0.0,0,0.04
146,160,2990.8,0,0.01,0.01,0.0,0,0.01
146,161,2848.6,2,0.02,0.05,0.0,0,0.04
146,162,2574.4,2,0.02,0.09,0.0,0,0.05
146,163,4520.0,0,0.0,0.0,0.0,0,0.01
146,164,1708.2,3,0.06,0.64,0.001,0,0.18
146,165,4408.5,1,0.01,0.0,0.0,0,0.03
146,166,4744.3,0,0.0,0.0,0.0,0,0.01
146,167,3605.1,3,0.11,0.04,0.0,0,0.14
146,168,2351.2,0,0.01,0.04,0.0,0,0.03
146,169,613.1,5,0.13,1.45,0.104,0,0.26
146,170,3658.7,1,0.01,0.0,0.0,0,0.02
146,171,3021.3,2,0.0,0.0,0.0,0,0.02
146,172,1092.2,10,0.17,0.89,0.014,0,0.18
146,173,2243.6,2,0.02,0.13,0.0,0,0.03
146,174,2763.2,3,0.05,0.02,0.0,0,0.06
146,175,1487.3,5,0.17,1.15,0.0,0,0.45
146,176,955.2,16,0.44,0.75,0.011,0,0.79
146,177,884.3,65,0.93,7.38,0.03,0,1.05
146,178,4233.7,1,0.02,0.0,0.0,0,0.02
146,179,3963.5,3,0.03,0.03,0.0,0,0.24
146,180,3254.4,2,0.03,0.02,0.0,0,0.05
146,181,3092.2,0,0.01,0.0,0.0,0,0.01
146,182,3766.5,0,0.02,0.0,0.0,0,0.02
146,183,3984.7,0,0.0,0.0,0.0,0,0.03
146,184,2178.6,1,0.03,0.11,0.0,0,0.05
146,185,2460.3,2,0.13,0.07,0.0,0,0.14
146,186,2503.4,8,0.15,0.08,0.0,0,0.15
146,187,4690.7,0,0.0,0.0,0.0,0,0.01
146,188,1516.5,3,0.01,0.15,0.004,0,0.04
146,189,4512.5,0,0.0,0.0,0.0,0,0.01
146,190,1550.7,1,0.04,0.18,0.001,0,0.04
146,191,2702.2,15,0.15,0.03,0.0,0,0.26
146,192,1962.3,21,0.22,0.16,0.0,0,0.23
146,193,916.0,7,0.05,0.33,0.008,0,0.09
146,194,3227.2,0,0.02,0.01,0.0,0,0.02
146,195,4260.5,0,0.0,0.0,0.0,0,0.01
146,196,1231.6,1,0.04,0.2,0.012,0,0.07
146,197,2151.6,4,0.05,0.09,0.0,0,0.09
146,198,5082.6,0,0.0,0.0,0.0,0,0.01
146,199,3838.3,0,0.01,0.0,0.0,0,0.01
147,148,1977.5,11,0.09,0.17,0.001,0,0.17
147,149,1164.5,6,0.04,0.7,0.009,0,0.08
147,150,444.5,74,0.44,5.21,0.144,0,0.79
147,151,1592.1,6,0.02,0.4,0.005,0,0.12
147,152,2611.4,1,0.01,0.01,0.0,0,0.04
147,153,1031.6,35,0.42,1.31,0.019,0,0.47
147,154,3442.7,4,0.03,0.01,0.0,0,0.06
147,155,1055.7,7,0.1,0.25,0.021,0,0.38
147,156,1070.6,87,0.34,5.85,0.008,0,1.25
147,157,2121.7,2,0.05,0.14,0.001,0,0.07
147,158,2329.7,2,0.01,0.02,0.0,0,0.03
147,159,2094.5,1,0.05,0.22,0.001,0,0.08
147,160,554.9,11,0.13,0.5,0.071,0,0.2
147,161,475.3,47,0.31,6.73,0.138,0,1.06
147,162,1239.7,18,0.13,2.36,0.012,0,0.4
147,163,2257.9,1,0.0,0.03,0.0,0,0.03
147,164,744.8,28,0.14,2.56,0.041,0,0.37
147,165,2001.1,1,0.02,0.12,0.0,0,0.11
147,166,2309.5,2,0.05,0.14,0.0,0,0.08
147,167,2436.8,22,0.2,0.29,0.0,0,0.33
147,168,472.4,13,0.23,1.96,0.115,0,0.23
147,169,2021.6,3,0.01,0.07,0.0,0,0.04
147,170,1227.1,2,0.02,0.12,0.002,0,0.06
147,171,1134.5,4,0.03,0.28,0.009,0,0.07
147,172,2205.6,2,0.05,0.06,0.0,0,0.06
147,173,2248.8,3,0.04,0.06,0.0,0,0.09
147,174,884.8,28,0.32,1.27,0.041,0,0.58
147,175,1255.4,20,0.14,1.1,0.009,0,0.22
147,176,1674.4,13,0.05,0.18,0.001,0,0.17
147,177,2229.6,12,0.21,0.2,0.0,0,0.54
147,178,1811.4,4,0.06,0.16,0.001,0,0.06
147,179,1713.0,45,0.35,1.96,0.003,0,2.01
147,180,857.8,7,0.2,2.35,0.032,0,0.21
147,181,1198.0,1,0.06,0.24,0.007,0,0.1
147,182,2163.4,0,0.01,0.02,0.0,0,0.01
147,183,2280.2,2,0.01,0.06,0.0,0,0.1
147,184,1957.3,2,0.02,0.07,0.001,0,0.03
147,185,2233.0,4,0.06,0.12,0.0,0,0.07
147,186,1400.4,12,0.13,0.96,0.007,0,0.32
147,187,2845.2,1,0.0,0.02,0.0,0,0.02
147,188,1527.5,1,0.04,0.04,0.003,0,0.05
147,189,2412.0,0,0.01,0.02,0.0,0,0.01
147,190,1204.3,2,0.08,0.21,0.009,0,0.14
147,191,1278.0,24,0.08,1.14,0.007,0,0.4
147,192,1754.2,4,0.06,0.31,0.003,0,0.1
147,193,1559.9,1,0.04,0.05,0.003,0,0.06
147,194,1312.8,14,0.19,0.39,0.012,0,0.25
147,195,1841.9,5,0.08,0.44,0.001,0,0.09
147,196,2212.0,2,0.01,0.02,0.0,0,0.03
147,197,429.8,50,0.63,3.19,0.086,0,0.89
147,198,3024.5,1,0.01,0.01,0.0,0,0.05
147,199,1709.7,1,0.01,0.05,0.002,0,0.02
148,149,3063.1,6,0.1,0.11,0.0,0,0.25
148,150,1841.7,28,0.29,0.98,0.001,0,0.77
148,151,592.2,59,1.64,10.28,0.033,0,2.92
148,152,4588.6,1,0.03,0.0,0.0,0,0.04
148,153,1124.0,94,0.19,3.76,0.015,0,1.17
148,154,4770.3,4,0.09,0.0,0.0,0,0.13
148,155,3033.0,8,0.08,0.04,0.0,0,0.12
148,156,2645.6,159,1.59,0.89,0.0,0,3.42
148,157,309.0,1345,6.79,19.61,0.098,1,22.51
148,158,3600.2,2,0.01,0.01,0.0,0,0.04
148,159,3917.6,27,0.23,0.02,0.0,0,0.33
148,160,2516.6,2,0.05,0.1,0.0,0,0.08
148,161,2441.2,49,0.4,0.57,0.0,0,0.55
148,162,2516.7,53,0.19,0.79,0.0,0,0.6
148,163,4210.0,3,0.06,0.01,0.0,0,0.08
148,164,1244.5,542,3.77,4.48,0.002,0,5.73
148,165,3827.0,3,0.04,0.04,0.0,0,0.09
148,166,4247.4,20,0.39,0.01,0.0,0,0.44
148,167,2783.2,40,0.65,1.42,0.0,0,0.9
148,168,2052.6,11,0.09,0.61,0.001,0,0.14
148,169,1027.7,8,0.17,1.29,0.009,0,0.32
148,170,3187.3,5,0.02,0.03,0.0,0,0.1
148,171,2828.8,5,0.03,0.06,0.0,0,0.12
148,172,1607.5,35,0.25,0.88,0.001,0,0.41
148,173,1439.4,26,0.2,2.24,0.006,0,0.81
148,174,2545.9,16,0.08,0.33,0.0,0,0.35
148,175,792.3,43,2.46,13.08,0.057,0,2.53
148,176,1122.3,72,1.07,3.19,0.016,0,1.16
148,177,280.4,3998,18.88,70.76,0.302,3,47.71
148,178,3776.8,3,0.08,0.01,0.0,0,0.08
148,179,3299.4,82,1.32,0.36,0.0,0,1.99
148,180,2835.0,18,0.42,0.24,0.0,0,0.56
148,181,2903.0,1,0.01,0.04,0.0,0,0.03
148,182,2972.6,4,0.05,0.02,0.0,0,0.06
148,183,3197.1,4,0.19,0.15,0.0,0,0.23
148,184,2439.5,10,0.17,0.26,0.0,0,0.2
148,185,2765.1,33,0.24,0.27,0.0,0,0.44
148,186,1715.9,32,0.58,2.67,0.001,0,1.16
148,187,3907.4,7,0.12,0.01,0.0,0,0.16
148,188,721.1,24,0.24,2.82,0.074,0,0.55
148,189,3783.4,2,0.03,0.01,0.0,0,0.05
148,190,1519.6,21,0.08,0.7,0.004,0,0.28
148,191,1940.4,90,0.37,1.46,0.001,0,1.01
148,192,1138.2,78,0.52,5.63,0.016,0,1.07
148,193,892.4,22,0.26,1.91,0.035,0,0.42
148,194,3040.7,20,0.17,0.13,0.0,0,0.24
148,195,3810.0,9,0.2,0.02,0.0,0,0.28
148,196,507.2,83,0.78,4.22,0.084,0,1.47
148,197,1603.8,159,0.28,1.56,0.003,0,1.86
148,198,4331.3,3,0.03,0.01,0.0,0,0.17
148,199,3589.6,6,0.1,0.01,0.0,0,0.12
149,150,1226.9,53,0.53,2.92,0.008,0,0.96
149,151,2742.4,21,0.21,0.19,0.0,0,0.45
149,152,1626.8,14,0.04,0.61,0.003,0,0.17
149,153,1979.9,14,0.13,1.07,0.0,0,0.25
149,154,3499.8,13,0.16,0.03,0.0,0,0.2
149,155,487.8,105,0.19,3.15,0.046,0,1.09
149,156,1559.1,193,3.64,7.92,0.004,0,4.87
149,157,3245.8,34,0.08,0.07,0.0,0,0.47
149,158,2633.3,2,0.15,0.05,0.0,0,0.16
149,159,1758.1,12,0.46,2.63,0.001,0,0.61
149,160,836.6,27,0.28,2.43,0.013,0,0.29
149,161,707.4,270,0.77,19.12,0.078,0,4.05
149,162,1062.5,87,1.57,9.21,0.01,0,2.44
149,163,1161.8,11,0.32,1.06,0.005,0,0.45
149,164,1827.0,29,0.41,1.85,0.001,0,0.47
149,165,1683.6,5,0.07,0.91,0.002,0,0.32
149,166,1628.0,31,0.6,2.34,0.002,0,0.79
149,167,3276.6,105,0.65,0.37,0.0,0,1.24
149,168,1021.2,24,0.2,2.31,0.01,0,0.4
149,169,2828.4,2,0.02,0.04,0.0,0,0.03
149,170,787.4,13,0.19,2.27,0.025,0,0.57
149,171,486.2,51,0.44,2.94,0.169,0,0.81
149,172,2786.6,29,0.22,0.15,0.0,0,0.39
149,173,3391.7,16,0.21,0.03,0.0,0,0.5
149,174,631.3,121,0.87,8.24,0.051,0,1.26
149,175,2400.5,29,0.08,0.49,0.0,0,0.72
149,176,2450.0,12,0.04,0.21,0.0,0,0.13
149,177,3331.4,89,0.37,0.15,0.0,0,0.95
149,178,1089.7,14,0.12,2.18,0.007,0,0.5
149,179,1872.7,230,0.64,7.93,0.001,0,5.47
149,180,522.6,177,4.34,31.78,0.033,0,7.86
149,181,461.6,27,1.07,3.75,0.189,0,2.03
149,182,2832.0,1,0.03,0.05,0.0,0,0.05
149,183,2857.6,24,0.25,0.11,0.0,0,0.3
149,184,2012.3,3,0.15,0.28,0.0,0,0.18
149,185,2138.6,68,0.66,0.93,0.0,0,0.82
149,186,2463.5,9,0.15,0.22,0.0,0,0.17
149,187,3211.5,9,0.02,0.05,0.0,0,0.09
149,188,2686.2,12,0.07,0.05,0.0,0,0.15
149,189,2604.3,4,0.04,0.04,0.0,0,0.05
149,190,1849.9,17,0.1,0.52,0.002,0,0.19
149,191,2266.7,97,0.43,0.35,0.0,0,1.14
149,192,2910.0,20,0.44,0.08,0.0,0,0.44
149,193,2444.4,0,0.02,0.05,0.0,0,0.08
149,194,433.5,59,2.77,9.71,0.077,0,3.64
149,195,1093.0,87,0.91,5.23,0.007,0,1.65
149,196,3353.7,5,0.03,0.02,0.0,0,0.06
149,197,1594.2,15,0.04,0.93,0.002,0,0.36
149,198,3160.9,4,0.03,0.04,0.0,0,0.05
149,199,545.3,73,0.52,3.4,0.042,0,0.77
150,151,1582.4,12,0.39,1.02,0.001,0,0.6
150,152,2809.1,11,0.08,0.06,0.0,0,0.13
150,153,757.0,10,0.38,11.41,0.062,0,0.96
150,154,3882.8,15,0.12,0.03,0.0,0,0.17
150,155,1291.2,5,0.11,0.76,0.013,0,0.28
150,156,1514.4,77,1.51,8.36,0.006,0,3.38
150,157,2042.1,29,0.29,0.92,0.001,0,0.51
150,158,2774.2,3,0.01,0.03,0.0,0,0.06
150,159,2471.3,22,0.3,0.29,0.0,0,0.62
150,160,904.4,8,0.28,1.64,0.022,0,0.48
150,161,703.5,242,1.82,17.55,0.087,0,2.61
150,162,910.6,638,1.98,14.44,0.04,0,7.02
150,163,2385.0,25,0.24,0.12,0.0,0,0.27
150,164,633.3,268,3.19,26.68,0.047,0,5.9
150,165,2378.8,30,0.37,0.31,0.0,0,0.43
150,166,2612.2,6,0.28,0.42,0.0,0,0.29
150,167,2810.6,49,0.8,0.86,0.0,0,0.91
150,168,211.8,368,5.62,15.12,0.088,0,9.66
150,169,1681.2,4,0.08,0.61,0.001,0,0.22
150,170,1530.7,21,0.32,0.43,0.003,0,0.35
150,171,1012.1,4,0.06,2.11,0.021,0,0.16
150,172,1796.2,13,0.12,0.88,0.002,0,0.15
150,173,2407.7,5,0.28,0.28,0.0,0,0.52
150,174,726.5,10,0.19,11.56,0.072,0,0.83
150,175,1241.7,70,0.32,3.24,0.008,0,0.86
150,176,1313.9,36,0.32,3.03,0.01,0,0.41
150,177,2114.1,158,2.19,3.37,0.0,0,2.94
150,178,2085.5,10,0.13,0.29,0.001,0,0.42
150,179,2147.8,47,0.52,5.17,0.0,0,2.98
150,180,1103.6,120,0.71,3.1,0.013,0,1.69
150,181,1085.5,20,0.05,1.25,0.01,0,0.2
150,182,2582.7,8,0.02,0.05,0.0,0,0.11
150,183,2710.7,15,0.28,0.12,0.0,0,0.36
150,184,1524.0,24,0.43,0.85,0.005,0,0.48
150,185,1811.8,45,0.47,1.26,0.001,0,0.79
150,186,1693.2,118,0.58,2.81,0.003,0,1.69
150,187,3287.8,4,0.07,0.04,0.0,0,0.1
150,188,1552.2,6,0.35,0.27,0.004,0,0.38
150,189,2854.6,2,0.01,0.02,0.0,0,0.05
150,190,785.0,78,1.34,3.59,0.046,0,1.36
150,191,1627.4,53,0.99,1.84,0.001,0,1.46
150,192,1892.2,15,0.17,0.96,0.001,0,0.55
150,193,1251.0,3,0.08,0.59,0.011,0,0.15
150,194,1220.1,31,1.79,2.8,0.01,0,1.97
150,195,2109.2,20,0.18,0.95,0.0,0,0.51
150,196,2167.4,13,0.02,0.27,0.0,0,0.15
150,197,631.8,49,0.29,9.62,0.103,0,1.79
150,198,3467.0,14,0.07,0.03,0.0,0,0.21
150,199,1747.9,2,0.03,0.18,0.0,0,0.06
151,152,4176.1,1,0.01,0.0,0.0,0,0.04
151,153,1027.1,105,1.5,3.4,0.027,0,1.55
151,154,4179.0,4,0.15,0.01,0.0,0,0.19
151,155,2630.6,3,0.04,0.1,0.0,0,0.23
151,156,2103.7,382,2.48,2.12,0.001,0,7.37
151,157,573.6,150,1.71,16.05,0.075,0,2.15
151,158,3010.8,6,0.04,0.02,0.0,0,0.08
151,159,3393.3,17,0.1,0.05,0.0,0,0.3
151,160,2090.0,6,0.1,0.21,0.0,0,0.12
151,161,2067.3,16,0.24,0.82,0.001,0,0.58
151,162,2399.8,65,0.63,0.78,0.0,0,1.47
151,163,3849.1,3,0.07,0.01,0.0,0,0.08
151,164,950.0,360,2.75,8.29,0.031,0,5.73
151,165,3304.9,17,0.14,0.06,0.0,0,0.49
151,166,3768.6,17,0.24,0.03,0.0,0,0.27
151,167,2223.7,125,2.83,3.28,0.0,0,3.15
151,168,1789.8,7,0.12,0.97,0.001,0,0.24
151,169,1423.2,4,0.09,1.0,0.005,0,0.16
151,170,2742.1,3,0.03,0.09,0.0,0,0.08
151,171,2594.0,13,0.13,0.08,0.0,0,0.14
151,172,1959.5,16,0.27,0.64,0.0,0,0.34
151,173,1043.2,76,0.36,6.64,0.003,0,1.01
151,174,2308.8,19,0.11,0.25,0.0,0,0.36
151,175,343.3,622,9.5,29.47,0.056,1,9.73
151,176,1363.3,20,0.15,2.38,0.009,0,0.41
151,177,735.5,277,1.24,33.25,0.029,0,5.23
151,178,3329.1,7,0.02,0.02,0.0,0,0.17
151,179,2739.6,323,2.84,1.8,0.0,0,3.52
151,180,2435.7,15,0.44,0.29,0.0,0,0.69
151,181,2667.0,4,0.05,0.07,0.0,0,0.05
151,182,2383.2,7,0.04,0.14,0.0,0,0.08
151,183,2606.2,12,0.17,0.19,0.0,0,0.22
151,184,2555.7,35,0.26,0.15,0.0,0,0.44
151,185,2891.9,87,0.31,0.13,0.0,0,0.88
151,186,1124.1,136,0.92,5.89,0.007,0,1.66
151,187,3316.0,8,0.12,0.03,0.0,0,0.18
151,188,128.9,825,10.61,6.0,0.325,0,11.93
151,189,3197.4,1,0.06,0.01,0.0,0,0.09
151,190,1536.1,59,0.58,0.75,0.006,0,0.61
151,191,1350.3,145,2.52,4.74,0.004,0,2.81
151,192,612.7,149,2.68,15.4,0.06,0,4.23
151,193,1094.7,1,0.07,1.16,0.007,0,0.08
151,194,2800.3,15,0.19,0.08,0.0,0,0.2
151,195,3365.7,10,0.05,0.07,0.0,0,0.15
151,196,623.9,28,0.18,4.57,0.094,0,0.76
151,197,1174.4,77,0.83,2.37,0.013,0,0.92
151,198,3740.4,4,0.02,0.03,0.0,0,0.1
151,199,3285.1,1,0.01,0.01,0.0,0,0.06
152,153,3564.4,2,0.02,0.02,0.0,0,0.08
152,154,2994.5,2,0.07,0.05,0.0,0,0.15
152,155,1555.8,24,0.07,0.28,0.003,0,0.26
152,156,2332.2,66,0.51,0.74,0.0,0,0.82
152,157,4725.8,0,0.01,0.0,0.0,0,0.03
152,158,2700.9,0,0.02,0.02,0.0,0,0.02
152,159,1387.0,45,0.31,1.35,0.007,0,0.63
152,160,2086.5,2,0.02,0.05,0.001,0,0.03
152,161,2150.0,11,0.41,0.51,0.0,0,0.41
152,162,2622.1,8,0.24,0.15,0.0,0,0.31
152,163,571.1,1,0.11,1.24,0.019,0,0.17
152,164,3348.0,2,0.11,0.03,0.0,0,0.15
152,165,1402.4,25,0.25,0.74,0.008,0,0.3
152,166,763.5,62,0.29,10.37,0.02,0,0.82
152,167,3909.7,18,0.25,0.03,0.0,0,0.46
152,168,2617.6,2,0.05,0.03,0.0,0,0.06
152,169,4452.2,1,0.0,0.0,0.0,0,0.02
152,170,1446.4,4,0.03,0.25,0.002,0,0.06
152,171,2052.0,2,0.02,0.05,0.001,0,0.03
152,172,4403.2,1,0.03,0.0,0.0,0,0.04
152,173,4579.6,0,0.03,0.0,0.0,0,0.04
152,174,2254.6,8,0.09,0.17,0.0,0,0.19
152,175,3852.2,0,0.04,0.01,0.0,0,0.04
152,176,4074.1,8,0.03,0.0,0.0,0,0.1
152,177,4840.4,13,0.14,0.0,0.0,0,0.19
152,178,890.4,12,0.11,1.35,0.01,0,0.14
152,179,2101.2,64,0.7,2.34,0.0,0,0.7
152,180,1753.6,29,0.32,0.68,0.001,0,0.55
152,181,1996.4,3,0.01,0.08,0.0,0,0.06
152,182,3316.8,1,0.01,0.0,0.0,0,0.03
152,183,3216.5,15,0.1,0.02,0.0,0,0.16
152,184,3519.7,5,0.04,0.01,0.0,0,0.05
152,185,3558.8,14,0.06,0.02,0.0,0,0.27
152,186,3559.0,3,0.04,0.01,0.0,0,0.06
152,187,3199.2,5,0.03,0.02,0.0,0,0.06
152,188,4093.1,0,0.01,0.0,0.0,0,0.02
152,189,2534.3,1,0.03,0.02,0.0,0,0.04
152,190,3476.2,3,0.03,0.01,0.0,0,0.06
152,191,3289.6,9,0.07,0.03,0.0,0,0.12
152,192,4177.3,1,0.02,0.0,0.0,0,0.03
152,193,4053.7,0,0.01,0.0,0.0,0,0.01
152,194,1887.9,13,0.04,0.38,0.001,0,0.15
152,195,846.7,48,0.09,2.84,0.041,0,0.59
152,196,4799.9,1,0.01,0.0,0.0,0,0.02
152,197,3006.3,4,0.01,0.03,0.0,0,0.08
152,198,2844.9,1,0.01,0.03,0.0,0,0.07
152,199,1264.6,2,0.04,0.18,0.006,0,0.1
153,154,4341.1,9,0.06,0.01,0.0,0,0.12
153,155,2032.3,25,0.38,0.33,0.001,0,0.4
153,156,1989.8,66,0.38,2.72,0.001,0,1.74
153,157,1365.2,42,0.25,1.75,0.005,0,1.27
153,158,3177.0,0,0.01,0.02,0.0,0,0.04
153,159,3121.7,8,0.17,0.09,0.0,0,0.2
153,160,1581.8,8,0.08,0.36,0.001,0,0.28
153,161,1432.9,84,0.74,4.87,0.001,0,1.62
153,162,1407.2,38,1.47,10.97,0.004,0,2.53
153,163,3140.4,1,0.05,0.02,0.0,0,0.08
153,164,382.2,474,5.69,40.07,0.125,1,10.6
153,165,3028.3,4,0.05,0.09,0.0,0,0.12
153,166,3331.3,14,0.16,0.03,0.0,0,0.24
153,167,2847.2,17,0.35,0.74,0.0,0,0.97
153,168,958.8,38,0.65,1.96,0.021,0,0.66
153,169,999.4,14,0.09,2.45,0.01,0,0.2
153,170,2245.0,17,0.15,0.12,0.0,0,0.23
153,171,1709.0,5,0.1,0.61,0.001,0,0.11
153,172,1291.8,5,0.42,3.39,0.004,0,0.43
153,173,2023.2,31,0.38,0.67,0.001,0,0.49
153,174,1429.0,35,0.29,1.98,0.003,0,0.52
153,175,748.2,431,4.43,16.48,0.038,0,5.23
153,176,683.8,63,0.59,6.11,0.035,0,1.64
153,177,1403.5,26,2.35,5.87,0.005,0,2.39
153,178,2817.9,5,0.11,0.06,0.0,0,0.18
153,179,2667.2,99,1.28,1.45,0.0,0,1.53
153,180,1838.8,21,0.92,1.41,0.001,0,1.01
153,181,1783.1,7,0.05,0.36,0.002,0,0.13
153,182,2786.9,6,0.06,0.05,0.0,0,0.07
153,183,2964.1,19,0.04,0.16,0.0,0,0.22
153,184,1559.2,10,0.25,0.93,0.003,0,0.28
153,185,1894.2,17,0.25,1.82,0.0,0,0.31
153,186,1635.9,45,0.22,2.29,0.003,0,0.72
153,187,3621.6,7,0.04,0.02,0.0,0,0.11
153,188,1052.0,10,0.3,1.4,0.014,0,0.48
153,189,3303.8,0,0.02,0.01,0.0,0,0.02
153,190,525.3,42,0.31,5.82,0.149,0,0.84
153,191,1702.8,25,0.06,1.87,0.0,0,0.52
153,192,1521.9,7,0.24,1.76,0.003,0,0.57
153,193,529.4,23,0.3,2.35,0.072,0,0.54
153,194,1921.1,37,0.52,1.35,0.001,0,0.56
153,195,2844.7,12,0.06,0.11,0.0,0,0.13
153,196,1520.4,23,0.21,0.52,0.002,0,0.3
153,197,831.9,144,0.32,5.58,0.019,0,2.12
153,198,3906.8,4,0.05,0.01,0.0,0,0.07
153,199,2489.3,2,0.02,0.06,0.0,0,0.05
154,155,3027.2,3,0.02,0.04,0.0,0,0.05
154,156,2376.8,166,1.71,1.05,0.0,0,2.59
154,157,4694.6,13,0.1,0.01,0.0,0,0.23
154,158,1179.1,10,0.08,0.7,0.009,0,0.2
154,159,1803.5,35,0.55,1.56,0.001,0,0.59
154,160,3052.3,3,0.02,0.03,0.0,0,0.03
154,161,3321.7,46,0.2,0.14,0.0,0,0.58
154,162,4419.0,7,0.31,0.02,0.0,0,0.37
154,163,3346.1,1,0.01,0.02,0.0,0,0.07
154,164,3962.4,10,0.15,0.03,0.0,0,0.3
154,165,1855.6,46,0.58,0.95,0.002,0,0.69
154,166,2280.2,30,0.68,0.8,0.0,0,0.72
154,167,2324.7,107,1.02,3.05,0.0,0,1.12
154,168,3838.3,9,0.09,0.01,0.0,0,0.12
154,169,5310.3,1,0.01,0.0,0.0,0,0.03
154,170,2714.0,0,0.04,0.05,0.0,0,0.05
154,171,3938.6,3,0.06,0.01,0.0,0,0.07
154,172,5616.0,4,0.02,0.0,0.0,0,0.06
154,173,3793.3,6,0.04,0.02,0.0,0,0.11
154,174,3911.4,17,0.07,0.02,0.0,0,0.23
154,175,4036.1,3,0.06,0.03,0.0,0,0.37
154,176,5024.8,4,0.01,0.0,0.0,0,0.07
154,177,4883.9,49,0.61,0.01,0.0,0,0.66
154,178,2591.3,5,0.11,0.13,0.0,0,0.15
154,179,1741.7,274,3.05,11.98,0.001,0,9.85
154,180,3088.8,11,0.1,0.14,0.0,0,0.26
154,181,3940.0,1,0.02,0.01,0.0,0,0.03
154,182,1864.8,5,0.06,0.25,0.001,0,0.07
154,183,1626.1,56,0.24,1.98,0.004,0,0.64
154,184,5321.0,4,0.08,0.0,0.0,0,0.09
154,185,5536.6,18,0.09,0.0,0.0,0,0.22
154,186,3062.8,4,0.06,0.12,0.0,0,0.17
154,187,952.6,19,0.23,5.59,0.018,0,0.63
154,188,4050.4,2,0.0,0.01,0.0,0,0.03
154,189,1038.2,3,0.05,0.92,0.015,0,0.15
154,190,4639.8,4,0.03,0.0,0.0,0,0.05
154,191,2830.4,43,0.15,0.2,0.0,0,0.5
154,192,3739.9,5,0.01,0.02,0.0,0,0.08
154,193,4835.6,1,0.02,0.0,0.0,0,0.02
154,194,3933.3,2,0.02,0.02,0.0,0,0.07
154,195,2618.8,6,0.07,0.35,0.0,0,0.21
154,196,4631.4,4,0.03,0.0,0.0,0,0.05
154,197,3510.2,7,0.11,0.02,0.0,0,0.12
154,198,440.8,172,1.53,12.21,0.014,0,4.37
154,199,3636.2,1,0.04,0.0,0.0,0,0.07
155,156,1119.4,175,1.68,2.68,0.006,0,2.7
155,157,3173.1,1,0.04,0.04,0.0,0,0.08
155,158,2146.0,1,0.02,0.04,0.0,0,0.04
155,159,1329.3,16,0.42,1.12,0.001,0,0.42
155,160,549.2,3,0.18,1.16,0.064,0,0.22
155,161,600.7,43,0.18,5.23,0.099,0,0.59
155,162,1439.2,17,0.42,0.83,0.005,0,0.75
155,163,1236.3,10,0.09,0.28,0.007,0,0.28
155,164,1794.3,13,0.09,0.86,0.0,0,0.24
155,165,1247.0,21,0.42,0.97,0.004,0,0.44
155,166,1333.2,28,0.12,2.8,0.007,0,0.49
155,167,2856.0,29,0.34,0.24,0.0,0,0.37
155,168,1123.8,8,0.04,0.79,0.01,0,0.11
155,169,2969.9,1,0.02,0.02,0.0,0,0.02
155,170,319.1,12,0.23,3.8,0.109,0,0.51
155,171,914.1,8,0.04,0.38,0.031,0,0.2
155,172,3021.4,3,0.02,0.02,0.0,0,0.04
155,173,3143.0,2,0.07,0.02,0.0,0,0.12
155,174,941.1,23,0.25,3.74,0.005,0,0.55
155,175,2301.4,2,0.02,0.22,0.0,0,0.17
155,176,2598.2,17,0.15,0.07,0.0,0,0.19
155,177,3284.9,16,0.09,0.06,0.0,0,0.18
155,178,796.7,39,0.25,2.0,0.041,0,0.51
155,179,1385.0,141,1.69,7.44,0.005,0,2.96
155,180,197.9,470,3.59,10.6,0.183,1,4.71
155,181,912.8,2,0.06,0.84,0.043,0,0.07
155,182,2379.2,1,0.03,0.05,0.0,0,0.03
155,183,2389.7,6,0.41,0.12,0.0,0,0.54
155,184,2386.8,3,0.01,0.06,0.0,0,0.06
155,185,2552.3,18,0.14,0.12,0.0,0,0.32
155,186,2160.4,18,0.12,0.45,0.0,0,0.23
155,187,2724.4,3,0.06,0.02,0.0,0,0.08
155,188,2554.2,1,0.01,0.02,0.0,0,0.02
155,189,2117.4,0,0.01,0.03,0.0,0,0.02
155,190,2029.3,4,0.01,0.17,0.001,0,0.1
155,191,1930.4,15,0.25,0.74,0.001,0,0.68
155,192,2694.4,1,0.01,0.06,0.0,0,0.08
155,193,2541.0,0,0.0,0.02,0.0,0,0.01
155,194,914.0,23,0.07,1.85,0.022,0,0.32
155,195,818.6,31,0.2,3.54,0.015,0,0.48
155,196,3254.1,0,0.0,0.01,0.0,0,0.01
155,197,1456.7,16,0.24,0.36,0.004,0,0.29
155,198,2679.1,3,0.01,0.05,0.0,0,0.04
155,199,866.8,5,0.05,1.13,0.019,0,0.12
156,157,2676.1,195,1.05,0.63,0.0,0,2.58
156,158,1262.9,81,1.25,1.89,0.009,0,1.54
156,159,1296.8,47,0.93,17.91,0.01,0,3.39
156,160,799.4,30,1.43,12.75,0.025,0,2.04
156,161,1062.8,517,3.29,29.77,0.022,0,5.84
156,162,2179.0,326,0.7,4.46,0.001,0,5.04
156,163,2216.9,43,0.87,0.5,0.0,0,1.51
156,164,1622.4,628,3.36,13.11,0.003,0,6.45
156,165,1211.6,125,2.37,19.31,0.003,0,3.29
156,166,1753.5,119,0.65,6.52,0.002,0,6.38
156,167,1737.8,1312,8.85,28.69,0.001,0,15.81
156,168,1497.0,78,0.76,5.23,0.004,0,3.03
156,169,2982.0,49,0.54,0.2,0.0,0,0.59
156,170,979.1,98,1.32,4.29,0.015,0,1.95
156,171,1837.9,61,0.54,1.65,0.002,0,1.21
156,172,3245.0,55,0.52,0.32,0.0,0,0.56
156,173,2269.3,109,1.19,1.9,0.0,0,2.37
156,174,1704.1,315,1.32,5.66,0.003,0,4.47
156,175,1854.2,171,4.51,5.77,0.001,0,6.04
156,176,2670.5,79,1.01,0.65,0.0,0,1.56
156,177,2836.5,973,4.69,2.52,0.0,0,10.36
156,178,1444.0,73,0.9,5.07,0.002,0,2.06
156,179,680.0,6062,28.49,424.18,0.031,13,65.14
156,180,1036.6,607,2.51,32.85,0.007,0,6.83
156,181,1870.7,20,0.21,2.23,0.001,0,0.79
156,182,1274.1,94,0.59,4.33,0.005,0,1.09
156,183,1319.4,535,0.99,20.25,0.01,0,5.97
156,184,3002.9,41,0.21,0.28,0.0,0,0.71
156,185,3255.9,158,3.39,0.4,0.0,0,4.51
156,186,1246.5,423,4.97,16.46,0.001,0,5.26
156,187,1798.0,177,1.76,4.27,0.001,0,2.02
156,188,1990.5,51,0.61,0.59,0.0,0,0.85
156,189,1342.6,39,0.48,2.06,0.007,0,0.49
156,190,2263.0,47,0.31,0.91,0.0,0,0.72
156,191,965.8,143,11.22,57.97,0.029,0,13.74
156,192,1923.3,47,1.28,6.12,0.001,0,1.76
156,193,2504.9,11,0.08,0.28,0.0,0,0.23
156,194,1926.4,165,0.51,3.6,0.0,0,1.73
156,195,1489.0,30,0.41,9.39,0.002,0,0.99
156,196,2690.0,76,0.37,0.3,0.0,0,0.95
156,197,1162.1,241,2.06,24.52,0.014,0,3.21
156,198,1954.9,45,0.62,5.41,0.001,0,1.7
156,199,1984.6,18,0.15,0.86,0.0,0,0.25
157,158,3539.6,0,0.04,0.01,0.0,0,0.04
157,159,3966.8,7,0.11,0.02,0.0,0,0.25
157,160,2640.4,5,0.02,0.07,0.0,0,0.08
157,161,2594.6,30,0.34,0.45,0.0,0,0.41
157,162,2771.2,20,0.14,0.25,0.0,0,0.24
157,163,4376.0,3,0.05,0.0,0.0,0,0.07
157,164,1419.6,95,0.28,3.81,0.002,0,1.83
157,165,3878.4,5,0.06,0.03,0.0,0,0.16
157,166,4337.8,25,0.17,0.02,0.0,0,0.26
157,167,2614.0,28,0.34,1.2,0.0,0,0.56
157,168,2253.9,12,0.13,0.39,0.0,0,0.44
157,169,1331.4,7,0.07,1.25,0.011,0,0.17
157,170,3301.0,9,0.08,0.02,0.0,0,0.14
157,171,3046.3,3,0.02,0.04,0.0,0,0.09
157,172,1912.6,5,0.35,0.58,0.0,0,0.45
157,173,1191.1,38,0.82,5.9,0.009,0,0.93
157,174,2761.0,6,0.11,0.17,0.0,0,0.25
157,175,874.4,117,0.66,13.18,0.041,0,1.62
157,176,1429.0,67,0.15,1.69,0.007,0,1.2
157,177,195.2,835,25.23,220.1,0.39,3,37.72
157,178,3889.8,4,0.03,0.01,0.0,0,0.11
157,179,3306.0,275,0.84,0.89,0.0,0,4.47
157,180,2976.3,48,0.31,0.18,0.0,0,0.71
157,181,3120.4,3,0.01,0.02,0.0,0,0.09
157,182,2861.7,11,0.13,0.07,0.0,0,0.15
157,183,3093.2,11,0.04,0.2,0.0,0,0.29
157,184,2740.5,40,0.22,0.06,0.0,0,0.53
157,185,3068.1,30,0.4,0.19,0.0,0,0.62
157,186,1633.7,56,0.13,1.79,0.004,0,1.03
157,187,3804.0,14,0.12,0.01,0.0,0,0.25
157,188,686.5,93,0.84,4.49,0.055,0,1.77
157,189,3735.6,4,0.02,0.01,0.0,0,0.05
157,190,1798.1,31,0.07,0.78,0.0,0,0.32
157,191,1885.8,44,0.97,1.56,0.001,0,1.0
157,192,977.5,93,1.42,6.66,0.028,0,2.1
157,193,1192.7,24,0.07,1.6,0.005,0,0.29
157,194,3257.1,13,0.12,0.06,0.0,0,0.15
157,195,3925.4,5,0.09,0.03,0.0,0,0.1
157,196,199.0,707,6.74,6.68,0.373,0,8.79
157,197,1719.8,23,0.17,1.5,0.002,0,0.47
157,198,4259.7,5,0.05,0.01,0.0,0,0.07
157,199,3781.4,0,0.02,0.01,0.0,0,0.02
158,159,1314.0,4,0.04,1.14,0.002,0,0.17
158,160,2019.4,0,0.0,0.04,0.0,0,0.01
158,161,2292.5,5,0.04,0.08,0.0,0,0.33
158,162,3415.2,2,0.03,0.02,0.0,0,0.14
158,163,2854.7,1,0.02,0.01,0.0,0,0.03
158,164,2796.1,9,0.06,0.05,0.0,0,0.1
158,165,1303.5,8,0.02,0.66,0.003,0,0.15
158,166,1942.8,15,0.11,0.37,0.0,0,0.24
158,167,1431.6,37,0.26,3.23,0.005,0,0.5
158,168,2759.1,0,0.0,0.02,0.0,0,0.01
158,169,4136.2,0,0.01,0.0,0.0,0,0.01
158,170,1872.0,2,0.03,0.07,0.0,0,0.05
158,171,3007.6,1,0.0,0.01,0.0,0,0.03
158,172,4461.2,1,0.01,0.0,0.0,0,0.02
158,173,2728.4,5,0.03,0.04,0.0,0,0.06
158,174,2921.6,12,0.03,0.03,0.0,0,0.13
158,175,2858.0,4,0.05,0.06,0.0,0,0.13
158,176,3859.5,1,0.03,0.0,0.0,0,0.04
158,177,3725.7,4,0.04,0.01,0.0,0,0.15
158,178,1996.4,0,0.03,0.07,0.001,0,0.09
158,179,762.5,33,0.75,19.64,0.022,0,2.12
158,180,2149.0,6,0.05,0.14,0.001,0,0.09
158,181,3025.5,0,0.01,0.0,0.0,0,0.01
158,182,837.6,3,0.07,0.31,0.027,0,0.07
158,183,630.6,71,1.0,3.28,0.05,0,1.31
158,184,4264.0,0,0.01,0.0,0.0,0,0.02
158,185,4510.0,2,0.01,0.0,0.0,0,0.04
158,186,1906.5,1,0.06,0.23,0.001,0,0.17
158,187,578.9,13,0.05,1.75,0.108,0,0.35
158,188,2882.9,1,0.01,0.01,0.0,0,0.02
158,189,239.5,26,0.4,0.63,0.07,0,0.55
158,190,3505.3,2,0.02,0.0,0.0,0,0.06
158,191,1660.5,32,0.42,0.66,0.003,0,0.58
158,192,2605.3,5,0.03,0.03,0.0,0,0.09
158,193,3663.1,0,0.0,0.0,0.0,0,0.01
158,194,3050.7,3,0.04,0.02,0.0,0,0.05
158,195,2037.4,1,0.02,0.11,0.0,0,0.04
158,196,3489.7,0,0.01,0.0,0.0,0,0.01
158,197,2350.5,0,0.02,0.08,0.0,0,0.05
158,198,738.6,8,0.06,1.53,0.057,0,0.34
158,199,2914.3,0,0.0,0.0,0.0,0,0.01
159,160,1567.1,5,0.08,0.47,0.004,0,0.23
159,161,1790.6,137,0.39,3.0,0.001,0,2.22
159,162,2768.5,81,1.1,0.74,0.0,0,1.14
159,163,1592.7,3,0.07,1.99,0.002,0,0.23
159,164,2794.6,58,0.28,0.5,0.0,0,0.77
159,165,93.4,3445,50.09,27.46,0.273,3,76.19
159,166,631.0,839,2.71,20.86,0.013,0,13.49
159,167,2587.8,79,2.55,0.84,0.0,0,3.46
159,168,2355.3,16,0.12,0.3,0.0,0,0.2
159,169,4115.9,3,0.03,0.0,0.0,0,0.05
159,170,1013.4,25,0.25,1.42,0.014,0,0.67
159,171,2229.6,2,0.03,0.18,0.0,0,0.04
159,172,4265.0,4,0.05,0.01,0.0,0,0.05
159,173,3513.6,16,0.07,0.04,0.0,0,0.28
159,174,2268.3,44,0.29,0.59,0.0,0,0.64
159,175,3126.0,27,0.78,0.27,0.0,0,0.82
159,176,3766.8,5,0.21,0.03,0.0,0,0.28
159,177,4121.8,49,0.34,0.04,0.0,0,0.9
159,178,788.8,168,1.26,5.46,0.022,0,2.06
159,179,796.5,2256,30.89,133.66,0.044,1,31.97
159,180,1449.7,60,0.21,3.4,0.005,0,0.64
159,181,2216.6,7,0.06,0.23,0.0,0,0.19
159,182,1976.8,9,0.06,0.33,0.001,0,0.11
159,183,1850.6,34,0.79,1.65,0.002,0,1.08
159,184,3714.8,1,0.04,0.02,0.0,0,0.1
159,185,3879.4,9,0.14,0.05,0.0,0,0.2
159,186,2509.3,4,0.19,0.41,0.0,0,0.2
159,187,1823.3,13,0.19,1.24,0.001,0,0.45
159,188,3283.2,12,0.09,0.02,0.0,0,0.13
159,189,1152.7,35,0.13,1.19,0.02,0,0.42
159,190,3253.9,5,0.02,0.03,0.0,0,0.14
159,191,2220.7,44,1.6,1.33,0.0,0,2.37
159,192,3209.3,31,0.07,0.14,0.0,0,0.38
159,193,3651.1,0,0.01,0.02,0.0,0,0.01
159,194,2186.3,4,0.16,0.81,0.0,0,0.29
159,195,818.4,66,1.36,9.71,0.019,0,1.36
159,196,3986.1,4,0.07,0.01,0.0,0,0.07
159,197,2352.0,63,0.51,0.38,0.0,0,0.87
159,198,1545.7,80,0.79,3.95,0.004,0,0.9
159,199,1834.6,2,0.09,0.36,0.001,0,0.19
160,161,273.5,136,0.4,16.25,0.194,0,1.7
160,162,1395.9,15,0.17,2.3,0.002,0,0.64
160,163,1785.1,2,0.01,0.08,0.0,0,0.02
160,164,1297.2,22,0.22,1.47,0.004,0,0.27
160,165,1474.6,34,0.09,0.75,0.003,0,0.39
160,166,1754.5,4,0.06,0.62,0.002,0,0.1
160,167,2458.2,15,0.14,0.55,0.0,0,0.18
160,168,804.2,12,0.3,1.05,0.048,0,0.41
160,169,2562.0,3,0.04,0.04,0.0,0,0.06
160,170,673.9,8,0.26,0.96,0.054,0,0.29
160,171,1042.8,5,0.04,0.25,0.013,0,0.09
160,172,2699.7,3,0.02,0.04,0.0,0,0.06
160,173,2603.3,2,0.04,0.1,0.0,0,0.07
160,174,908.0,38,0.41,1.4,0.02,0,0.51
160,175,1766.2,12,0.12,0.43,0.001,0,0.22
160,176,2205.1,5,0.04,0.08,0.0,0,0.18
160,177,2760.3,9,0.15,0.13,0.0,0,0.36
160,178,1261.4,3,0.06,0.54,0.01,0,0.06
160,179,1314.0,282,1.64,5.67,0.005,0,5.31
160,180,367.1,118,1.05,10.26,0.149,0,2.7
160,181,1080.3,17,0.21,0.56,0.017,0,0.29
160,182,2056.9,0,0.02,0.04,0.001,0,0.02
160,183,2117.3,2,0.06,0.2,0.0,0,0.09
160,184,2269.2,1,0.04,0.06,0.0,0,0.04
160,185,2496.9,7,0.07,0.26,0.0,0,0.09
160,186,1640.1,8,0.08,0.45,0.001,0,0.1
160,187,2577.1,1,0.02,0.05,0.0,0,0.02
160,188,2009.8,0,0.03,0.06,0.001,0,0.03
160,189,2054.1,3,0.01,0.04,0.0,0,0.04
160,190,1688.3,7,0.08,0.14,0.002,0,0.1
160,191,1432.0,26,0.13,0.96,0.002,0,0.33
160,192,2147.3,2,0.02,0.13,0.0,0,0.05
160,193,2107.6,1,0.01,0.04,0.001,0,0.02
160,194,1149.2,32,0.13,0.53,0.004,0,0.39
160,195,1293.7,3,0.06,0.7,0.002,0,0.17
160,196,2713.9,1,0.02,0.01,0.0,0,0.02
160,197,920.6,77,0.14,2.1,0.032,0,0.77
160,198,2657.5,3,0.01,0.05,0.0,0,0.05
160,199,1344.9,3,0.02,0.21,0.01,0,0.05
161,162,1123.1,286,2.18,22.02,0.008,0,3.37
161,163,1782.9,17,0.21,0.69,0.001,0,0.3
161,164,1198.3,32,2.12,11.46,0.011,0,3.21
161,165,1699.7,9,0.88,2.79,0.003,0,0.92
161,166,1909.2,53,0.29,1.91,0.0,0,0.85
161,167,2674.6,125,1.28,1.52,0.0,0,1.53
161,168,565.1,342,2.08,12.2,0.109,0,3.75
161,169,2384.1,12,0.07,0.07,0.0,0,0.24
161,170,827.5,31,0.24,4.39,0.026,0,0.45
161,171,805.5,117,1.09,3.37,0.039,0,1.51
161,172,2478.9,49,0.06,0.21,0.0,0,0.51
161,173,2684.4,27,0.38,0.32,0.0,0,0.39
161,174,641.6,126,0.3,13.73,0.059,0,1.69
161,175,1730.4,78,0.43,3.47,0.001,0,1.07
161,176,2017.3,33,0.29,0.87,0.001,0,0.53
161,177,2698.0,228,0.34,0.71,0.0,0,2.46
161,178,1386.5,40,0.67,2.13,0.005,0,0.9
161,179,1585.7,227,3.65,34.69,0.002,0,7.71
161,180,405.9,476,6.25,44.41,0.176,1,6.86
161,181,852.4,19,0.22,4.43,0.045,0,1.07
161,182,2303.2,7,0.02,0.2,0.0,0,0.18
161,183,2374.8,48,0.24,0.79,0.0,0,0.65
161,184,1999.4,13,0.1,0.5,0.001,0,0.18
161,185,2223.8,52,1.22,1.14,0.0,0,1.28
161,186,1770.1,51,0.71,2.6,0.001,0,0.8
161,187,2848.6,27,0.19,0.08,0.0,0,0.32
161,188,2001.5,46,0.51,0.31,0.0,0,0.53
161,189,2327.0,2,0.02,0.08,0.0,0,0.04
161,190,1471.0,36,0.36,1.31,0.004,0,0.39
161,191,1593.3,131,0.9,6.54,0.0,0,3.51
161,192,2203.7,11,0.63,0.87,0.0,0,0.89
161,193,1946.1,8,0.16,0.23,0.001,0,0.19
161,194,940.0,214,1.35,6.58,0.024,0,2.35
161,195,1412.3,92,1.5,3.32,0.005,0,1.5
161,196,2687.1,7,0.04,0.08,0.0,0,0.15
161,197,899.8,127,1.64,9.98,0.019,0,1.93
161,198,2929.5,7,0.02,0.19,0.0,0,0.13
161,199,1248.8,15,0.21,1.24,0.008,0,0.37
162,163,2089.0,31,0.44,0.58,0.0,0,0.54
162,164,1475.5,117,1.8,10.83,0.004,0,3.05
162,165,2685.9,71,1.81,0.65,0.0,0,2.19
162,166,2690.3,36,0.42,1.02,0.0,0,0.52
162,167,3676.5,58,0.8,0.29,0.0,0,2.34
162,168,775.3,71,3.87,19.14,0.012,0,4.57
162,169,1981.3,15,0.29,1.15,0.001,0,0.35
162,170,1756.4,12,0.21,1.13,0.001,0,0.22
162,171,582.5,360,0.99,7.81,0.019,0,4.36
162,172,1805.5,40,0.2,1.79,0.001,0,0.42
162,173,3300.0,102,0.52,0.17,0.0,0,1.03
162,174,508.4,120,2.1,37.18,0.052,0,9.47
162,175,2076.4,150,0.68,2.81,0.0,0,1.7
162,176,1619.3,53,0.31,2.12,0.002,0,0.66
162,177,2796.9,200,2.16,1.94,0.0,0,2.52
162,178,2150.1,14,0.29,0.72,0.001,0,0.5
162,179,2697.9,378,9.71,5.76,0.0,0,9.89
162,180,1338.3,143,3.22,18.31,0.005,0,3.81
162,181,628.8,17,0.27,10.1,0.092,0,1.08
162,182,3380.3,6,0.03,0.03,0.0,0,0.09
162,183,3474.3,28,0.23,0.08,0.0,0,0.39
162,184,953.1,68,0.98,7.51,0.032,0,1.09
162,185,1119.9,289,3.19,11.4,0.008,0,7.56
162,186,2598.1,45,0.18,1.0,0.0,0,1.61
162,187,3971.1,2,0.08,0.04,0.0,0,0.21
162,188,2394.6,18,0.2,0.41,0.0,0,0.3
162,189,3443.2,8,0.09,0.02,0.0,0,0.13
162,190,1035.8,85,0.9,5.33,0.02,0,1.42
162,191,2509.8,161,2.56,0.8,0.0,0,2.6
162,192,2782.3,19,0.41,0.32,0.0,0,0.47
162,193,1709.4,7,0.02,0.59,0.003,0,0.16
162,194,735.1,141,3.76,21.74,0.036,0,4.41
162,195,2154.9,25,0.51,1.21,0.0,0,0.59
162,196,2927.2,1,0.05,0.06,0.0,0,0.17
162,197,1538.7,32,0.9,5.0,0.003,0,1.54
162,198,4039.5,19,0.36,0.02,0.0,0,0.44
162,199,1370.3,6,0.07,1.29,0.007,0,0.25
163,164,2966.7,22,0.26,0.06,0.0,0,0.35
163,165,1574.0,14,0.15,0.51,0.003,0,0.18
163,166,1071.8,99,1.12,2.17,0.013,0,1.92
163,167,3906.9,7,0.17,0.03,0.0,0,0.18
163,168,2181.8,8,0.03,0.06,0.0,0,0.09
163,169,3978.2,0,0.0,0.0,0.0,0,0.01
163,170,1244.9,7,0.04,0.37,0.003,0,0.08
163,171,1535.7,3,0.05,0.12,0.002,0,0.11
163,172,3887.2,0,0.03,0.0,0.0,0,0.06
163,173,4372.1,4,0.01,0.0,0.0,0,0.05
163,174,1765.4,9,0.03,0.59,0.0,0,0.1
163,175,3513.2,5,0.06,0.02,0.0,0,0.08
163,176,3600.2,2,0.04,0.0,0.0,0,0.04
163,177,4473.3,4,0.08,0.01,0.0,0,0.15
163,178,862.3,30,0.17,2.02,0.023,0,0.36
163,179,2161.3,174,0.27,3.03,0.001,0,2.28
163,180,1422.6,16,0.04,1.34,0.008,0,0.41
163,181,1473.9,2,0.04,0.16,0.006,0,0.06
163,182,3350.5,0,0.0,0.0,0.0,0,0.01
163,183,3290.8,5,0.05,0.04,0.0,0,0.1
163,184,2964.3,2,0.02,0.03,0.0,0,0.04
163,185,2992.3,16,0.28,0.04,0.0,0,0.28
163,186,3373.9,2,0.03,0.02,0.0,0,0.07
163,187,3399.0,0,0.04,0.01,0.0,0,0.04
163,188,3779.3,0,0.0,0.0,0.0,0,0.01
163,189,2727.1,0,0.0,0.01,0.0,0,0.01
163,190,2995.7,3,0.03,0.02,0.0,0,0.03
163,191,3126.1,3,0.03,0.06,0.0,0,0.06
163,192,3930.2,4,0.02,0.01,0.0,0,0.04
163,193,3604.9,0,0.01,0.0,0.0,0,0.01
163,194,1355.0,4,0.02,0.99,0.01,0,0.13
163,195,819.5,46,0.35,2.61,0.012,0,0.55
163,196,4469.8,0,0.01,0.0,0.0,0,0.02
163,197,2676.7,4,0.02,0.09,0.0,0,0.05
163,198,3132.3,4,0.04,0.02,0.0,0,0.06
163,199,718.7,17,0.2,0.57,0.051,0,0.33
164,165,2701.5,14,0.21,0.7,0.0,0,0.34
164,166,3049.8,18,0.18,0.46,0.0,0,0.31
164,167,2500.6,334,0.72,4.55,0.0,0,3.39
164,168,842.6,39,0.31,12.84,0.041,0,0.73
164,169,1359.7,64,0.57,1.7,0.005,0,0.84
164,170,1970.8,23,0.27,0.59,0.0,0,0.27
164,171,1645.4,12,0.3,1.2,0.002,0,0.31
164,172,1673.7,57,0.52,1.79,0.001,0,0.87
164,173,1831.8,102,0.98,3.12,0.0,0,1.04
164,174,1359.8,131,0.37,4.54,0.002,0,1.96
164,175,611.5,155,1.9,28.13,0.043,1,2.38
164,176,1063.4,28,0.81,4.47,0.009,0,1.72
164,177,1506.9,205,3.94,11.22,0.006,0,5.51
164,178,2556.2,101,0.37,0.31,0.0,0,1.11
164,179,2302.0,1161,8.91,9.28,0.0,0,14.73
164,180,1596.6,49,0.33,4.03,0.003,0,1.3
164,181,1718.7,8,0.36,0.64,0.002,0,0.44
164,182,2412.0,6,0.08,0.28,0.0,0,0.1
164,183,2585.3,26,0.3,0.33,0.0,0,0.38
164,184,1828.8,13,0.18,1.4,0.001,0,0.54
164,185,2155.6,62,0.33,2.27,0.0,0,1.17
164,186,1298.3,44,1.13,7.55,0.007,0,2.06
164,187,3239.7,43,0.19,0.08,0.0,0,0.5
164,188,926.6,30,0.58,3.63,0.026,0,0.73
164,189,2925.9,2,0.01,0.05,0.0,0,0.04
164,190,823.8,97,0.43,7.27,0.056,0,1.0
164,191,1337.1,73,1.97,18.73,0.011,0,2.23
164,192,1314.7,75,0.96,7.75,0.01,0,1.18
164,193,882.5,98,0.21,3.68,0.015,0,1.3
164,194,1853.0,118,0.37,1.42,0.0,0,1.72
164,195,2586.8,16,0.09,0.57,0.0,0,0.47
164,196,1536.9,15,0.17,0.62,0.002,0,0.29
164,197,460.4,590,9.46,19.57,0.025,0,11.26
164,198,3527.1,17,0.13,0.04,0.0,0,0.18
164,199,2361.8,7,0.03,0.16,0.0,0,0.2
165,166,660.1,434,1.56,15.62,0.047,0,4.7
165,167,2543.6,92,0.52,1.4,0.0,0,2.25
165,168,2264.1,10,0.04,0.23,0.0,0,0.2
165,169,4022.5,2,0.04,0.01,0.0,0,0.06
165,170,929.7,5,0.24,2.47,0.025,0,0.51
165,171,2151.6,19,0.11,0.27,0.0,0,0.21
165,172,4173.0,7,0.03,0.01,0.0,0,0.27
165,173,3439.1,4,0.29,0.08,0.0,0,0.29
165,174,2184.2,19,0.05,0.77,0.0,0,0.29
165,175,3035.7,17,0.14,0.1,0.0,0,0.25
165,176,3673.6,12,0.05,0.03,0.0,0,0.2
165,177,4032.5,78,0.32,0.05,0.0,0,0.86
165,178,747.5,193,1.43,4.66,0.043,0,3.41
165,179,739.5,2738,19.32,85.76,0.057,0,28.48
165,180,1362.8,235,0.44,3.84,0.005,0,2.64
165,181,2140.4,7,0.1,0.23,0.0,0,0.18
165,182,1936.3,9,0.06,0.27,0.001,0,0.35
165,183,1819.6,23,0.31,1.72,0.001,0,0.6
165,184,3630.6,4,0.05,0.02,0.0,0,0.07
165,185,3798.8,36,0.17,0.05,0.0,0,0.43
165,186,2431.2,41,0.39,0.82,0.0,0,0.72
165,187,1828.7,9,0.06,0.64,0.001,0,0.26
165,188,3195.4,4,0.05,0.02,0.0,0,0.05
165,189,1156.2,26,0.61,0.61,0.008,0,0.75
165,190,3161.8,1,0.05,0.03,0.0,0,0.07
165,191,2143.0,17,0.55,1.13,0.0,0,0.66
165,192,3128.1,6,0.11,0.09,0.0,0,0.48
165,193,3557.7,1,0.04,0.01,0.0,0,0.07
165,194,2113.7,18,0.12,0.48,0.0,0,0.34
165,195,780.8,66,0.52,8.85,0.046,0,2.74
165,196,3899.5,2,0.03,0.01,0.0,0,0.06
165,197,2259.3,16,0.54,0.42,0.0,0,0.6
165,198,1580.4,5,0.36,1.27,0.003,0,0.54
165,199,1780.8,22,0.12,0.34,0.0,0,0.24
166,167,3201.5,40,0.97,0.53,0.0,0,1.4
166,168,2454.9,23,0.13,0.4,0.0,0,0.48
166,169,4293.3,4,0.02,0.0,0.0,0,0.07
166,170,1086.4,12,0.15,1.9,0.004,0,0.67
166,171,2112.5,7,0.18,0.25,0.001,0,0.22
166,172,4353.1,3,0.04,0.01,0.0,0,0.1
166,173,4020.9,12,0.1,0.02,0.0,0,0.15
166,174,2230.6,47,0.51,0.9,0.0,0,1.34
166,175,3470.7,5,0.32,0.14,0.0,0,0.51
166,176,3925.2,10,0.23,0.02,0.0,0,0.29
166,177,4475.9,138,0.7,0.02,0.0,0,1.6
166,178,545.1,178,1.49,23.82,0.099,0,2.25
166,179,1391.0,520,8.4,46.21,0.005,0,10.65
166,180,1510.6,43,0.34,5.41,0.003,0,0.97
166,181,2078.9,6,0.05,0.24,0.0,0,0.11
166,182,2595.9,1,0.01,0.15,0.0,0,0.05
166,183,2478.5,32,0.39,0.59,0.0,0,1.08
166,184,3639.8,6,0.05,0.05,0.0,0,0.12
166,185,3750.4,20,0.18,0.08,0.0,0,0.28
166,186,2999.6,31,0.33,0.26,0.0,0,0.39
166,187,2435.7,15,0.45,0.2,0.0,0,0.77
166,188,3669.8,4,0.15,0.01,0.0,0,0.2
166,189,1771.4,55,0.13,0.22,0.0,0,0.57
166,190,3362.3,17,0.2,0.03,0.0,0,0.24
166,191,2716.4,12,0.19,0.33,0.0,0,0.24
166,192,3669.0,20,0.11,0.03,0.0,0,0.23
166,193,3852.0,5,0.06,0.01,0.0,0,0.07
166,194,2010.9,9,0.26,1.4,0.0,0,0.46
166,195,535.9,240,1.49,39.08,0.084,0,4.73
166,196,4382.5,5,0.01,0.0,0.0,0,0.07
166,197,2644.9,76,0.9,0.38,0.0,0,0.9
166,198,2095.8,19,0.3,0.77,0.0,0,0.84
166,199,1511.6,27,0.25,0.94,0.004,0,0.29
167,168,2904.4,53,0.61,0.38,0.0,0,0.67
167,169,3606.8,3,0.11,0.06,0.0,0,0.11
167,170,2701.9,8,0.24,0.44,0.0,0,0.26
167,171,3479.9,69,0.11,0.05,0.0,0,0.93
167,172,4080.6,61,0.12,0.02,0.0,0,0.64
167,173,1531.4,77,1.48,6.88,0.002,0,3.31
167,174,3283.0,81,0.56,0.19,0.0,0,1.05
167,175,2238.7,213,1.39,4.46,0.001,0,2.71
167,176,3446.7,7,0.31,0.12,0.0,0,0.58
167,177,2808.9,224,2.1,2.59,0.0,0,3.04
167,178,3071.4,17,0.37,0.21,0.0,0,0.42
167,179,1812.8,910,24.15,37.94,0.001,0,30.29
167,180,2757.5,92,2.76,1.37,0.0,0,3.19
167,181,3526.5,3,0.05,0.05,0.0,0,0.11
167,182,617.0,161,4.38,8.02,0.043,0,4.58
167,183,801.1,163,2.7,38.21,0.047,1,6.77
167,184,4295.8,9,0.03,0.02,0.0,0,0.23
167,185,4605.9,51,1.12,0.02,0.0,0,1.42
167,186,1212.3,884,4.15,11.71,0.008,0,11.94
167,187,1372.5,210,0.33,7.47,0.005,0,2.42
167,188,2103.2,56,0.52,0.93,0.001,0,1.29
167,189,1670.3,149,1.19,1.53,0.001,0,1.65
167,190,3323.7,46,0.1,0.07,0.0,0,0.53
167,191,1187.6,85,2.86,27.3,0.007,0,8.09
167,192,1646.8,190,1.1,7.89,0.002,0,3.05
167,193,3193.6,14,0.24,0.06,0.0,0,0.3
167,194,3605.4,33,0.3,0.14,0.0,0,0.51
167,195,3117.2,105,1.36,0.68,0.0,0,2.05
167,196,2497.9,11,0.07,0.55,0.0,0,0.5
167,197,2197.7,84,0.62,2.55,0.001,0,1.07
167,198,1950.6,74,1.1,2.89,0.001,0,1.26
167,199,3722.1,17,0.04,0.05,0.0,0,0.31
168,169,1849.3,7,0.11,0.54,0.002,0,0.12
168,170,1384.6,6,0.02,0.57,0.006,0,0.12
168,171,804.4,20,0.08,2.32,0.019,0,0.39
168,172,1914.6,1,0.06,0.27,0.001,0,0.06
168,173,2590.4,7,0.15,0.13,0.0,0,0.15
168,174,520.2,231,0.67,9.61,0.059,0,2.54
168,175,1447.9,34,0.19,3.14,0.004,0,0.59
168,176,1475.6,24,0.11,1.24,0.006,0,0.43
168,177,2325.5,21,0.11,0.68,0.0,0,0.38
168,178,1920.4,14,0.14,0.19,0.0,0,0.17
168,179,2096.7,41,0.81,2.9,0.001,0,1.78
168,180,945.4,16,0.87,7.36,0.021,0,0.93
168,181,877.3,9,0.2,1.28,0.047,0,0.34
168,182,2634.1,1,0.01,0.02,0.0,0,0.03
168,183,2745.6,24,0.26,0.13,0.0,0,0.37
168,184,1506.2,27,0.19,0.58,0.003,0,0.27
168,185,1769.3,74,0.18,1.43,0.001,0,1.05
168,186,1828.6,12,0.19,0.77,0.001,0,0.26
168,187,3290.8,2,0.01,0.02,0.0,0,0.03
168,188,1755.8,20,0.24,0.14,0.001,0,0.25
168,189,2821.7,1,0.0,0.01,0.0,0,0.03
168,190,909.8,43,0.3,1.49,0.009,0,0.59
168,191,1734.5,23,0.19,0.63,0.002,0,0.5
168,192,2077.7,2,0.1,0.25,0.0,0,0.21
168,193,1436.2,1,0.09,0.38,0.004,0,0.12
168,194,1010.7,133,0.75,4.94,0.027,0,1.63
168,195,1941.5,9,0.06,0.64,0.001,0,0.3
168,196,2378.3,2,0.02,0.07,0.0,0,0.03
168,197,777.8,51,0.38,7.34,0.029,0,0.53
168,198,3432.0,1,0.05,0.03,0.0,0,0.07
168,199,1537.5,6,0.14,0.25,0.002,0,0.16
169,170,3209.9,1,0.01,0.0,0.0,0,0.02
169,171,2457.3,1,0.01,0.03,0.0,0,0.03
169,172,581.7,38,0.54,3.91,0.083,0,1.69
169,173,2427.5,6,0.08,0.16,0.0,0,0.13
169,174,2212.9,13,0.12,0.2,0.0,0,0.15
169,175,1371.3,41,0.31,1.18,0.002,0,0.47
169,176,378.4,303,1.43,2.98,0.252,0,3.88
169,177,1225.6,62,0.99,4.12,0.005,0,1.17
169,178,3765.8,0,0.01,0.01,0.0,0,0.02
169,179,3661.2,34,0.13,0.14,0.0,0,0.56
169,180,2784.6,15,0.16,0.16,0.0,0,0.16
169,181,2525.8,1,0.01,0.02,0.0,0,0.03
169,182,3661.1,0,0.01,0.0,0.0,0,0.01
169,183,3859.9,5,0.07,0.01,0.0,0,0.09
169,184,1575.2,2,0.05,0.54,0.004,0,0.08
169,185,1868.8,16,0.1,0.38,0.001,0,0.25
169,186,2423.0,2,0.03,0.18,0.0,0,0.15
169,187,4544.8,2,0.01,0.0,0.0,0,0.03
169,188,1527.4,7,0.06,0.15,0.004,0,0.08
169,189,4277.4,0,0.0,0.0,0.0,0,0.01
169,190,983.0,3,0.12,0.68,0.008,0,0.24
169,191,2565.2,5,0.14,0.1,0.0,0,0.16
169,192,2035.8,1,0.05,0.18,0.001,0,0.1
169,193,477.3,21,0.14,1.12,0.089,0,0.24
169,194,2658.0,1,0.08,0.06,0.0,0,0.11
169,195,3788.5,2,0.05,0.01,0.0,0,0.1
169,196,1530.3,0,0.02,0.19,0.004,0,0.04
169,197,1819.9,7,0.19,0.36,0.001,0,0.3
169,198,4872.3,6,0.06,0.0,0.0,0,0.06
169,199,3281.5,3,0.02,0.0,0.0,0,0.05
170,171,1232.0,2,0.02,0.2,0.007,0,0.04
170,172,3297.3,1,0.02,0.01,0.0,0,0.02
170,173,3150.1,4,0.02,0.01,0.0,0,0.06
170,174,1254.9,16,0.19,1.39,0.004,0,0.26
170,175,2427.0,14,0.15,0.2,0.0,0,0.26
170,176,2844.5,2,0.09,0.03,0.0,0,0.11
170,177,3427.0,22,0.18,0.04,0.0,0,0.38
170,178,589.7,18,0.07,2.83,0.109,0,0.34
170,179,1110.3,131,4.37,10.53,0.013,0,4.98
170,180,445.4,109,0.81,7.37,0.136,0,1.78
170,181,1228.1,1,0.04,0.51,0.004,0,0.05
170,182,2185.3,1,0.01,0.03,0.0,0,0.04
170,183,2169.9,1,0.02,0.19,0.001,0,0.09
170,184,2701.4,1,0.01,0.03,0.0,0,0.03
170,185,2870.9,3,0.09,0.07,0.0,0,0.12
170,186,2139.2,1,0.02,0.17,0.0,0,0.12
170,187,2450.6,1,0.1,0.04,0.0,0,0.12
170,188,2654.0,1,0.02,0.03,0.0,0,0.05
170,189,1825.7,0,0.02,0.03,0.001,0,0.02
170,190,2294.3,2,0.04,0.07,0.0,0,0.07
170,191,1884.3,16,0.05,0.49,0.001,0,0.43
170,192,2733.5,7,0.01,0.03,0.0,0,0.08
170,193,2765.9,1,0.03,0.01,0.0,0,0.04
170,194,1220.1,11,0.25,0.72,0.003,0,0.28
170,195,624.4,21,0.24,2.77,0.101,0,1.01
170,196,3364.5,0,0.0,0.0,0.0,0,0.01
170,197,1585.7,2,0.02,0.63,0.003,0,0.04
170,198,2374.1,1,0.05,0.08,0.0,0,0.05
170,199,1058.9,1,0.01,0.46,0.005,0,0.05
171,172,2353.9,7,0.07,0.07,0.0,0,0.1
171,173,3368.9,3,0.04,0.02,0.0,0,0.06
171,174,285.9,138,0.69,5.27,0.106,0,2.4
171,175,2252.3,20,0.15,0.31,0.0,0,0.28
171,176,2081.6,5,0.06,0.18,0.001,0,0.08
171,177,3106.0,29,0.32,0.09,0.0,0,0.39
171,178,1575.7,2,0.06,0.31,0.002,0,0.15
171,179,2260.1,43,0.44,2.57,0.0,0,1.31
171,180,861.7,97,1.03,2.63,0.027,0,1.03
171,181,74.3,323,0.8,3.91,0.374,0,3.41
171,182,3099.5,1,0.03,0.01,0.0,0,0.03
171,183,3157.3,1,0.05,0.03,0.0,0,0.07
171,184,1527.4,0,0.06,0.46,0.006,0,0.06
171,185,1655.0,15,0.15,0.78,0.002,0,0.39
171,186,2529.0,4,0.1,0.07,0.0,0,0.11
171,187,3579.6,3,0.01,0.01,0.0,0,0.06
171,188,2559.7,0,0.02,0.03,0.0,0,0.02
171,189,3004.5,1,0.0,0.01,0.0,0,0.01
171,190,1475.8,3,0.03,0.25,0.003,0,0.06
171,191,2379.0,1,0.07,0.25,0.0,0,0.1
171,192,2862.9,5,0.02,0.04,0.0,0,0.07
171,193,2117.0,0,0.02,0.04,0.0,0,0.02
171,194,212.1,685,3.76,6.14,0.375,0,7.07
171,195,1578.3,20,0.11,0.71,0.003,0,0.21
171,196,3177.4,3,0.03,0.01,0.0,0,0.04
171,197,1535.9,5,0.28,0.71,0.005,0,0.29
171,198,3581.5,0,0.02,0.01,0.0,0,0.03
171,199,825.9,7,0.08,0.41,0.047,0,0.15
172,173,2985.8,11,0.03,0.12,0.0,0,0.14
172,174,2155.3,50,0.1,0.3,0.001,0,0.59
172,175,1849.9,31,1.22,0.82,0.0,0,1.24
172,176,634.7,143,1.3,6.03,0.088,0,2.46
172,177,1806.1,74,1.75,3.87,0.001,0,1.96
172,178,3810.8,7,0.06,0.01,0.0,0,0.08
172,179,3910.8,41,0.71,0.11,0.0,0,1.06
172,180,2854.3,12,0.18,0.15,0.0,0,0.25
172,181,2413.7,6,0.06,0.03,0.0,0,0.11
172,182,4070.8,0,0.03,0.0,0.0,0,0.03
172,183,4253.4,1,0.06,0.01,0.0,0,0.08
172,184,1153.9,17,0.1,2.89,0.014,0,0.28
172,185,1396.7,10,0.5,2.64,0.004,0,0.66
172,186,2874.6,16,0.05,0.07,0.0,0,0.2
172,187,4913.3,0,0.03,0.0,0.0,0,0.05
172,188,2052.1,2,0.05,0.17,0.001,0,0.06
172,189,4577.8,0,0.01,0.0,0.0,0,0.01
172,190,1011.5,9,0.27,1.5,0.014,0,0.35
172,191,2978.1,6,0.29,0.08,0.0,0,0.31
172,192,2567.4,6,0.11,0.2,0.0,0,0.19
172,193,889.5,20,0.54,0.82,0.028,0,0.61
172,194,2533.3,3,0.06,0.12,0.0,0,0.12
172,195,3826.8,4,0.13,0.02,0.0,0,0.23
172,196,2111.5,15,0.06,0.15,0.0,0,0.24
172,197,2110.8,21,0.07,0.39,0.001,0,0.25
172,198,5185.5,9,0.03,0.0,0.0,0,0.12
172,199,3170.7,0,0.0,0.01,0.0,0,0.01
173,174,3097.9,13,0.08,0.07,0.0,0,0.31
173,175,1275.1,102,1.31,4.52,0.006,0,1.44
173,176,2404.2,13,0.07,0.2,0.0,0,0.18
173,177,1373.8,133,1.86,8.1,0.001,0,4.18
173,178,3690.2,5,0.03,0.01,0.0,0,0.1
173,179,2742.8,79,0.81,2.17,0.0,0,2.43
173,180,2970.3,16,0.29,0.16,0.0,0,0.41
173,181,3436.6,4,0.01,0.02,0.0,0,0.05
173,182,1932.8,20,0.04,0.17,0.001,0,0.27
173,183,2171.0,15,0.05,0.48,0.0,0,0.25
173,184,3578.3,5,0.09,0.03,0.0,0,0.2
173,185,3914.4,4,0.27,0.03,0.0,0,0.32
173,186,1023.7,49,0.59,5.58,0.028,0,0.7
173,187,2851.4,17,0.03,0.05,0.0,0,0.24
173,188,980.8,39,0.14,2.1,0.031,0,0.42
173,189,2955.5,3,0.02,0.01,0.0,0,0.05
173,190,2546.8,9,0.1,0.12,0.0,0,0.15
173,191,1304.5,69,1.04,5.09,0.006,0,1.2
173,192,517.8,80,1.31,16.08,0.138,0,1.93
173,193,2136.2,2,0.15,0.12,0.001,0,0.18
173,194,3557.5,18,0.07,0.03,0.0,0,0.23
173,195,3733.3,7,0.08,0.03,0.0,0,0.17
173,196,1031.9,6,0.16,0.76,0.028,0,0.25
173,197,1833.3,9,0.03,0.86,0.001,0,0.19
173,198,3383.0,1,0.09,0.06,0.0,0,0.16
173,199,3929.9,1,0.04,0.0,0.0,0,0.05
174,175,1967.5,64,0.64,1.28,0.001,0,0.7
174,176,1834.9,16,0.08,0.76,0.002,0,0.41
174,177,2822.5,6,0.29,0.85,0.0,0,0.62
174,178,1685.8,13,0.08,0.73,0.003,0,0.6
174,179,2195.2,245,2.91,3.92,0.0,0,3.07
174,180,830.5,135,1.3,10.98,0.021,0,1.72
174,181,359.8,73,1.59,4.95,0.195,0,3.2
174,182,2938.9,1,0.01,0.02,0.0,0,0.06
174,183,3015.7,2,0.02,0.05,0.0,0,0.17
174,184,1446.5,27,0.31,1.21,0.007,0,0.38
174,185,1628.3,83,0.3,1.65,0.002,0,0.84
174,186,2285.2,17,0.17,0.51,0.0,0,0.18
174,187,3483.6,5,0.08,0.03,0.0,0,0.12
174,188,2275.9,3,0.1,0.2,0.0,0,0.11
174,189,2941.6,0,0.03,0.02,0.0,0,0.03
174,190,1230.2,27,0.2,1.51,0.009,0,0.32
174,191,2153.1,58,0.42,0.52,0.0,0,1.3
174,192,2588.8,16,0.13,0.1,0.0,0,0.34
174,193,1852.7,9,0.05,0.22,0.001,0,0.1
174,194,496.1,52,1.82,8.7,0.133,0,2.51
174,195,1695.7,14,0.19,1.24,0.002,0,0.29
174,196,2891.5,0,0.03,0.03,0.0,0,0.06
174,197,1268.4,22,0.07,1.21,0.009,0,0.25
174,198,3534.7,4,0.02,0.03,0.0,0,0.09
174,199,1075.3,19,0.32,1.2,0.022,0,0.43
175,176,1221.7,37,0.12,5.83,0.004,0,1.18
175,177,1005.2,284,0.82,39.87,0.027,0,6.25
175,178,3016.1,8,0.05,0.07,0.0,0,0.11
175,179,2512.9,436,5.17,3.14,0.0,0,6.07
175,180,2105.2,63,0.36,0.79,0.001,0,0.93
175,181,2325.2,8,0.1,0.31,0.0,0,0.18
175,182,2305.6,10,0.13,0.14,0.0,0,0.2
175,183,2514.6,34,0.28,0.5,0.0,0,0.52
175,184,2305.7,15,0.08,0.59,0.0,0,0.55
175,185,2641.2,47,0.93,0.51,0.0,0,1.05
175,186,1053.6,86,1.99,11.52,0.025,0,2.88
175,187,3214.1,8,0.23,0.07,0.0,0,0.42
175,188,318.3,191,2.13,11.46,0.133,0,3.61
175,189,3028.0,4,0.06,0.03,0.0,0,0.11
175,190,1272.6,81,0.79,1.38,0.012,0,0.98
175,191,1221.4,109,2.89,10.37,0.008,0,5.14
175,192,776.5,31,0.49,16.45,0.005,0,2.44
175,193,960.4,10,0.14,1.48,0.017,0,0.42
175,194,2458.0,77,0.21,0.34,0.0,0,1.1
175,195,3051.4,54,0.43,0.19,0.0,0,0.65
175,196,956.7,21,0.09,4.36,0.003,0,0.4
175,197,845.9,111,2.7,7.38,0.016,0,2.77
175,198,3595.3,4,0.09,0.05,0.0,0,0.19
175,199,2942.6,5,0.09,0.05,0.0,0,0.11
176,177,1370.9,72,1.08,7.57,0.008,0,1.51
176,178,3394.7,1,0.08,0.01,0.0,0,0.11
176,179,3346.0,78,1.1,0.37,0.0,0,1.18
176,180,2415.0,3,0.08,0.33,0.0,0,0.23
176,181,2150.8,1,0.05,0.19,0.0,0,0.08
176,182,3441.0,2,0.02,0.01,0.0,0,0.03
176,183,3627.5,7,0.05,0.03,0.0,0,0.12
176,184,1328.4,28,0.28,1.32,0.004,0,0.38
176,185,1647.5,18,0.17,2.02,0.003,0,1.12
176,186,2239.9,21,0.09,0.33,0.0,0,0.22
176,187,4295.6,0,0.02,0.0,0.0,0,0.05
176,188,1444.4,4,0.03,0.63,0.004,0,0.08
176,189,3987.5,1,0.01,0.0,0.0,0,0.02
176,190,606.0,43,0.15,4.4,0.077,0,0.56
176,191,2346.4,4,0.12,0.6,0.0,0,0.27
176,192,1959.7,9,0.06,0.42,0.001,0,0.21
176,193,268.8,58,0.58,2.45,0.112,0,0.64
176,194,2283.8,16,0.18,0.31,0.0,0,0.22
176,195,3416.6,4,0.16,0.03,0.0,0,0.2
176,196,1623.7,9,0.01,0.47,0.002,0,0.1
176,197,1515.5,4,0.08,1.33,0.004,0,0.37
176,198,4590.2,8,0.06,0.0,0.0,0,0.09
176,199,2904.9,0,0.01,0.02,0.0,0,0.03
177,178,4016.7,13,0.06,0.02,0.0,0,0.53
177,179,3475.1,318,3.27,0.71,0.0,0,4.88
177,180,3087.2,12,0.5,0.55,0.0,0,0.73
177,181,3180.2,29,0.06,0.06,0.0,0,0.37
177,182,3054.8,8,0.1,0.05,0.0,0,0.14
177,183,3285.7,4,0.04,0.25,0.0,0,0.34
177,184,2696.8,60,0.58,0.59,0.0,0,1.05
177,185,3018.4,47,0.2,0.43,0.0,0,0.58
177,186,1821.5,158,0.78,7.8,0.001,0,2.89
177,187,3996.7,8,0.1,0.03,0.0,0,0.27
177,188,856.3,137,0.83,5.41,0.047,0,1.67
177,189,3919.3,4,0.01,0.01,0.0,0,0.07
177,190,1796.1,12,0.26,1.3,0.002,0,0.42
177,191,2068.8,125,1.18,2.92,0.001,0,1.53
177,192,1172.5,58,2.97,13.66,0.008,0,2.99
177,193,1156.2,75,0.76,2.97,0.006,0,0.77
177,194,3317.8,10,0.07,0.17,0.0,0,0.43
177,195,4051.1,44,0.31,0.04,0.0,0,0.6
177,196,347.9,116,1.31,20.17,0.163,0,5.38
177,197,1841.4,110,2.09,2.2,0.002,0,3.13
177,198,4448.2,14,0.34,0.01,0.0,0,0.49
177,199,3861.0,15,0.07,0.01,0.0,0,0.33
178,179,1300.7,271,2.35,8.6,0.007,0,4.51
178,180,982.1,48,0.63,4.13,0.032,0,0.73
178,181,1546.2,2,0.01,0.51,0.003,0,0.04
178,182,2500.3,1,0.02,0.03,0.0,0,0.05
178,183,2431.6,12,0.05,0.27,0.0,0,0.29
178,184,3101.6,5,0.04,0.03,0.0,0,0.07
178,185,3223.1,2,0.07,0.06,0.0,0,0.2
178,186,2668.9,26,0.08,0.13,0.0,0,0.3
178,187,2548.8,27,0.27,0.22,0.0,0,0.3
178,188,3238.9,0,0.01,0.02,0.0,0,0.02
178,189,1879.8,8,0.09,0.12,0.0,0,0.1
178,190,2824.6,7,0.03,0.04,0.0,0,0.08
178,191,2399.2,4,0.15,0.28,0.0,0,0.24
178,192,3295.4,4,0.05,0.03,0.0,0,0.07
178,193,3332.6,1,0.02,0.01,0.0,0,0.03
178,194,1487.6,20,0.2,0.71,0.006,0,0.48
178,195,46.0,5730,104.11,41.16,0.419,1,119.92
178,196,3950.5,0,0.01,0.0,0.0,0,0.01
178,197,2175.4,4,0.04,0.24,0.0,0,0.26
178,198,2328.0,26,0.22,0.22,0.0,0,0.31
178,199,1056.0,9,0.11,0.43,0.024,0,0.19
179,180,1398.5,453,6.38,32.87,0.004,0,7.91
179,181,2274.0,62,0.39,1.02,0.0,0,0.84
179,182,1215.7,93,2.21,10.21,0.017,0,2.25
179,183,1131.2,1752,10.05,27.93,0.007,0,20.9
179,184,3582.8,61,1.86,0.27,0.0,0,1.91
179,185,3808.4,37,0.62,0.27,0.0,0,1.49
179,186,1762.1,556,4.25,13.93,0.002,0,5.99
179,187,1341.4,181,2.24,16.11,0.007,0,4.53
179,188,2620.4,34,0.32,0.92,0.0,0,0.89
179,189,746.8,94,1.32,12.69,0.038,0,4.47
179,190,2916.8,62,0.81,0.65,0.0,0,1.04
179,191,1474.8,336,10.8,33.62,0.004,0,12.08
179,192,2477.6,81,0.4,2.7,0.0,0,1.52
179,193,3184.3,25,0.1,0.12,0.0,0,0.3
179,194,2293.4,164,0.55,3.95,0.0,0,2.74
179,195,1345.0,473,1.62,41.71,0.0,0,7.26
179,196,3300.6,52,0.26,0.11,0.0,0,0.77
179,197,1841.6,495,0.97,7.43,0.0,0,6.14
179,198,1343.8,707,4.22,16.21,0.005,0,7.24
179,199,2158.5,13,0.22,1.32,0.0,0,0.23
180,181,876.6,23,0.36,2.79,0.038,0,0.36
180,182,2310.0,1,0.07,0.08,0.0,0,0.08
180,183,2340.0,21,0.37,0.34,0.0,0,0.78
180,184,2272.2,17,0.31,0.34,0.0,0,0.41
180,185,2458.0,83,0.4,1.19,0.0,0,0.85
180,186,2001.1,21,0.69,1.22,0.001,0,1.03
180,187,2723.5,10,0.04,0.13,0.0,0,0.12
180,188,2360.9,9,0.06,0.06,0.0,0,0.13
180,189,2142.9,18,0.11,0.12,0.001,0,0.21
180,190,1854.7,4,0.15,0.99,0.001,0,0.25
180,191,1782.9,44,0.39,2.58,0.001,0,0.51
180,192,2513.5,15,0.09,0.26,0.0,0,0.31
180,193,2350.8,4,0.19,0.12,0.0,0,0.2
180,194,907.7,9,0.15,11.69,0.038,0,0.71
180,195,1006.9,110,0.41,5.86,0.007,0,1.44
180,196,3058.8,11,0.02,0.03,0.0,0,0.16
180,197,1261.4,24,0.09,4.31,0.004,0,0.63
180,198,2722.9,20,0.26,0.12,0.0,0,0.65
180,199,991.0,26,0.23,2.29,0.011,0,0.37
181,182,3136.7,0,0.01,0.01,0.0,0,0.02
181,183,3189.5,2,0.04,0.04,0.0,0,0.1
181,184,1563.9,4,0.09,0.31,0.003,0,0.09
181,185,1678.1,46,0.4,0.5,0.003,0,0.6
181,186,2589.1,1,0.09,0.13,0.0,0,0.1
181,187,3599.4,3,0.08,0.01,0.0,0,0.12
181,188,2632.0,0,0.04,0.02,0.0,0,0.04
181,189,3016.4,0,0.01,0.0,0.0,0,0.01
181,190,1545.3,19,0.19,0.43,0.003,0,0.21
181,191,2434.3,24,0.08,0.19,0.0,0,0.33
181,192,2931.6,5,0.06,0.04,0.0,0,0.1
181,193,2189.0,1,0.0,0.04,0.001,0,0.02
181,194,138.0,214,4.43,9.46,0.425,0,7.9
181,195,1546.7,9,0.1,0.52,0.004,0,0.14
181,196,3251.3,1,0.01,0.01,0.0,0,0.02
181,197,1603.3,4,0.12,0.4,0.004,0,0.14
181,198,3588.4,0,0.02,0.01,0.0,0,0.03
181,199,760.5,11,0.01,0.58,0.022,0,0.14
182,183,238.8,386,4.46,6.75,0.297,0,5.64
182,184,4105.1,0,0.0,0.0,0.0,0,0.01
182,185,4393.0,3,0.04,0.0,0.0,0,0.07
182,186,1263.1,9,0.02,0.88,0.006,0,0.12
182,187,943.2,9,0.05,1.09,0.036,0,0.12
182,188,2254.8,1,0.01,0.03,0.0,0,0.04
182,189,1076.7,3,0.03,0.22,0.007,0,0.08
182,190,3207.1,1,0.0,0.01,0.0,0,0.02
182,191,1096.9,16,0.2,1.71,0.025,0,0.31
182,192,1891.1,6,0.24,0.3,0.001,0,0.24
182,193,3210.3,0,0.01,0.0,0.0,0,0.01
182,194,3198.2,5,0.05,0.02,0.0,0,0.06
182,195,2545.6,9,0.11,0.07,0.0,0,0.16
182,196,2782.6,0,0.0,0.02,0.0,0,0.01
182,197,2027.2,5,0.08,0.09,0.0,0,0.12
182,198,1450.3,2,0.02,0.26,0.004,0,0.12
182,199,3233.3,0,0.0,0.0,0.0,0,0.01
183,184,4234.4,3,0.05,0.01,0.0,0,0.06
183,185,4513.1,4,0.09,0.01,0.0,0,0.2
183,186,1482.8,89,1.27,3.03,0.002,0,2.19
183,187,711.3,31,1.14,10.11,0.01,0,1.69
183,188,2477.5,12,0.14,0.16,0.0,0,0.2
183,189,869.2,16,0.22,1.69,0.021,0,0.23
183,190,3365.6,4,0.01,0.03,0.0,0,0.08
183,191,1296.3,31,0.19,5.87,0.008,0,1.19
183,192,2125.3,55,0.43,0.62,0.0,0,0.58
183,193,3403.1,1,0.02,0.01,0.0,0,0.04
183,194,3241.4,4,0.11,0.04,0.0,0,0.16
183,195,2476.0,25,0.11,0.29,0.0,0,0.49
183,196,3017.4,5,0.02,0.02,0.0,0,0.1
183,197,2182.2,10,0.27,0.54,0.0,0,0.43
183,198,1212.1,91,0.82,3.99,0.002,0,0.97
183,199,3227.4,3,0.06,0.03,0.0,0,0.08
184,185,336.3,395,2.85,18.71,0.306,0,6.13
184,186,3117.1,11,0.03,0.05,0.0,0,0.16
184,187,4796.6,2,0.02,0.0,0.0,0,0.05
184,188,2599.7,7,0.01,0.04,0.0,0,0.08
184,189,4318.5,1,0.0,0.0,0.0,0,0.02
184,190,1034.0,112,0.87,1.6,0.021,0,1.16
184,191,3109.3,8,0.18,0.09,0.0,0,0.19
184,192,3080.9,2,0.03,0.09,0.0,0,0.1
184,193,1547.9,7,0.03,0.21,0.003,0,0.15
184,194,1648.3,44,0.26,0.86,0.002,0,0.49
184,195,3105.3,22,0.41,0.05,0.0,0,0.43
184,196,2929.4,0,0.02,0.02,0.0,0,0.06
184,197,2101.4,25,0.17,0.21,0.001,0,0.27
184,198,4925.3,1,0.04,0.0,0.0,0,0.07
184,199,2255.1,1,0.02,0.04,0.0,0,0.04
185,186,3437.1,11,0.2,0.1,0.0,0,0.25
185,187,5053.8,3,0.06,0.0,0.0,0,0.08
185,188,2936.0,7,0.05,0.05,0.0,0,0.16
185,189,4550.9,2,0.02,0.0,0.0,0,0.04
185,190,1369.0,23,0.27,2.68,0.002,0,0.34
185,191,3418.3,16,0.11,0.14,0.0,0,0.29
185,192,3416.1,11,0.14,0.03,0.0,0,0.2
185,193,1875.7,3,0.01,0.29,0.001,0,0.06
185,194,1739.6,38,0.63,1.18,0.001,0,0.67
185,195,3222.0,46,0.37,0.1,0.0,0,0.71
185,196,3258.4,5,0.01,0.02,0.0,0,0.06
185,197,2408.3,12,0.11,0.45,0.0,0,0.18
185,198,5152.0,9,0.04,0.0,0.0,0,0.11
185,199,2304.6,7,0.15,0.12,0.0,0,0.16
186,187,2192.0,22,0.32,0.45,0.001,0,0.44
186,188,995.2,49,0.75,1.35,0.015,0,0.83
186,189,2107.2,17,0.07,0.07,0.001,0,0.25
186,190,2121.7,6,0.04,0.24,0.0,0,0.1
186,191,288.8,240,1.95,51.81,0.214,1,3.56
186,192,720.1,184,3.07,12.64,0.074,0,3.32
186,193,1992.1,11,0.07,0.24,0.001,0,0.12
186,194,2695.1,36,0.32,0.27,0.0,0,0.57
186,195,2712.4,41,0.46,0.15,0.0,0,0.55
186,196,1586.2,7,0.05,0.76,0.004,0,0.14
186,197,1061.4,78,0.99,5.43,0.021,0,1.09
186,198,2626.6,35,0.35,0.14,0.0,0,0.37
186,199,2984.7,4,0.02,0.03,0.0,0,0.07
187,188,3187.2,6,0.06,0.01,0.0,0,0.08
187,189,672.4,5,0.29,0.89,0.023,0,0.33
187,190,3989.8,3,0.05,0.0,0.0,0,0.08
187,191,1992.7,5,0.37,0.92,0.001,0,0.39
187,192,2834.3,2,0.09,0.12,0.0,0,0.13
187,193,4081.0,0,0.01,0.0,0.0,0,0.01
187,194,3627.3,7,0.01,0.02,0.0,0,0.11
187,195,2588.1,39,0.38,0.23,0.0,0,0.55
187,196,3725.7,3,0.02,0.0,0.0,0,0.07
187,197,2813.4,9,0.14,0.09,0.0,0,0.29
187,198,599.3,143,0.41,7.25,0.029,0,1.6
187,199,3489.6,1,0.01,0.01,0.0,0,0.04
188,189,3070.5,1,0.01,0.01,0.0,0,0.02
188,190,1571.4,2,0.05,0.25,0.0,0,0.1
188,191,1222.4,21,0.21,1.18,0.007,0,0.46
188,192,515.8,91,0.94,4.42,0.053,0,1.09
188,193,1175.9,4,0.03,0.27,0.01,0,0.1
188,194,2763.4,1,0.01,0.04,0.0,0,0.04
188,195,3276.3,4,0.06,0.01,0.0,0,0.07
188,196,713.0,10,0.11,0.6,0.044,0,0.11
188,197,1102.9,18,0.06,1.68,0.011,0,0.25
188,198,3612.0,3,0.03,0.01,0.0,0,0.04
188,199,3230.6,2,0.01,0.0,0.0,0,0.03
189,190,3604.6,0,0.0,0.0,0.0,0,0.01
189,191,1850.5,5,0.03,0.29,0.0,0,0.06
189,192,2814.4,1,0.03,0.02,0.0,0,0.08
189,193,3801.6,0,0.01,0.0,0.0,0,0.01
189,194,3030.4,1,0.04,0.02,0.0,0,0.05
189,195,1918.3,2,0.01,0.14,0.001,0,0.03
189,196,3693.3,1,0.0,0.0,0.0,0,0.01
189,197,2472.5,1,0.01,0.06,0.0,0,0.02
189,198,612.5,2,0.04,1.53,0.082,0,0.09
189,199,2843.2,1,0.01,0.0,0.0,0,0.02
190,191,2152.6,1,0.1,0.52,0.0,0,0.14
190,192,2047.1,20,0.04,0.32,0.001,0,0.28
190,193,674.6,19,0.04,0.92,0.083,0,0.2
190,194,1679.0,42,0.18,0.39,0.002,0,0.48
190,195,2843.7,24,0.19,0.06,0.0,0,0.3
190,196,1972.5,6,0.04,0.09,0.001,0,0.06
190,197,1183.4,2,0.09,1.28,0.014,0,0.21
190,198,4216.1,5,0.01,0.0,0.0,0,0.08
190,199,2298.9,2,0.03,0.04,0.0,0,0.05
191,192,1003.6,34,0.41,10.73,0.02,0,1.18
191,193,2113.4,4,0.05,0.35,0.0,0,0.08
191,194,2531.2,8,0.05,0.52,0.0,0,0.33
191,195,2443.3,56,0.56,0.54,0.0,0,0.66
191,196,1852.7,13,0.16,0.66,0.002,0,0.27
191,197,1010.1,39,2.1,8.75,0.022,0,2.67
191,198,2391.0,35,0.47,0.58,0.0,0,0.5
191,199,2773.2,3,0.14,0.05,0.0,0,0.15
192,193,1691.3,3,0.02,0.2,0.003,0,0.1
192,194,3055.0,3,0.03,0.09,0.0,0,0.13
192,195,3336.7,29,0.26,0.05,0.0,0,0.37
192,196,892.3,3,0.16,1.81,0.027,0,0.33
192,197,1331.2,19,0.27,2.2,0.011,0,0.38
192,198,3309.9,25,0.05,0.05,0.0,0,0.31
192,199,3452.4,0,0.02,0.01,0.0,0,0.03
193,194,2325.5,1,0.06,0.08,0.0,0,0.06
193,195,3357.7,2,0.02,0.01,0.0,0,0.03
193,196,1382.9,0,0.01,0.14,0.003,0,0.02
193,197,1342.8,5,0.03,0.41,0.006,0,0.07
193,198,4398.2,2,0.01,0.0,0.0,0,0.05
193,199,2927.9,0,0.0,0.01,0.0,0,0.01
194,195,1484.3,23,0.33,2.35,0.002,0,1.55
194,196,3386.8,2,0.01,0.02,0.0,0,0.04
194,197,1724.7,7,0.22,0.87,0.002,0,0.22
194,198,3592.2,8,0.11,0.02,0.0,0,0.13
194,199,637.4,37,0.38,1.82,0.022,0,0.69
195,196,3987.5,5,0.08,0.01,0.0,0,0.1
195,197,2209.7,41,0.13,0.67,0.0,0,0.68
195,198,2360.6,16,0.19,0.2,0.0,0,0.27
195,199,1036.2,3,0.17,0.68,0.019,0,0.3
196,197,1797.5,5,0.05,0.27,0.001,0,0.07
196,198,4200.2,2,0.09,0.0,0.0,0,0.09
196,199,3893.7,0,0.01,0.0,0.0,0,0.02
197,198,3077.0,1,0.05,0.03,0.0,0,0.05
197,199,2139.5,17,0.12,0.16,0.0,0,0.24
198,199,3346.7,0,0.01,0.01,0.0,0,0.02
